1.62178776786551,-0.314532941589666,1.44097623227995,62.8961666666667,1,1
1.60229621064626,-0.294499316995559,1.43244225392385,62.9295333333333,1,1
1.585423206339,-0.272860416958224,1.42622959187575,62.9629,1,1
1.56882000153293,-0.252664191920401,1.42070660732176,62.9962666666667,1,1
1.55496776880663,-0.235104839689879,1.41835194845056,63.0296333333333,1,1
2.06610024160294,0.233510555185447,1.33933712844868,64.6979666666667,2,2
2.08711865139015,0.22925823442298,1.3343191092347,64.7313333333333,2,2
2.10809472116109,0.226006173646869,1.32887173986069,64.7647,2,2
12.65499459788,-3.40607355361079,1.66364550052666,69.2692,3,3
5.41358982562012,4.8511476092099,0.863089933099965,73.0396333333333,4,4
5.39755318577142,4.86118054510217,0.861125321996848,73.073,4,4
3.47738042858011,5.60260974172556,0.836349178918037,75.5421333333333,5,5
3.47455444426617,5.66566264392828,0.840388446982835,75.5755,5,5
2.40002213568995,5.46925856195248,1.05382427619849,77.0102666666667,6,6
2.34620245023969,5.3919033704203,1.05267403654333,77.0436333333333,6,6
2.31996548779848,5.42099035300949,1.0597649322812,77.077,6,6
0.623015352657394,0.488875041548722,0.733467957753443,79.4460333333333,7,7
0.604324181456195,4.90478070100566,1.44865732802242,79.4794,8,8
0.585270343210929,4.96355305910566,1.46663279996416,79.5127666666667,8,8
0.564747783204069,4.9978859423356,1.48339513382864,79.5461333333333,8,8
6.66153257200826,-11.8478469974656,2.50916647977646,79.7129666666667,9,9
5.91987662043603,-11.3222695761955,2.31904929830453,81.5147666666667,10,10
1.98552479883587,2.63788992009687,1.61932573681,81.7149666666667,11,11
2.0117264749989,2.57255875015387,1.62377843925593,81.7483333333333,11,11
2.03466142089035,2.50313163963735,1.6266184248157,81.7817,11,11
3.40384010944008,-14.4358224348739,2.82347278744672,82.0152666666667,12,12
4.74444467021795,-10.1515685811375,2.27287365312897,83.3165666666667,13,13
4.82926373249376,-10.3519968854917,2.31682344443727,83.3499333333333,13,13
2.45617046901711,0.166214409505885,1.7817510159213,83.3165666666667,14,14
2.44327584741104,0.00855766211456488,1.78152344757624,83.4166666666667,16,14
1.00523864497774,-0.519786162643326,0.854436328016714,83.3833,15,15
1.73242377905891,-1.62787554867746,1.53472695313873,84.9181666666667,17,16
1.72044386579924,-1.67775880105769,1.54492366297227,84.9515333333333,17,16
1.68285057754602,-1.70838685019385,1.53949425721352,84.9849,17,16
1.6462493912786,-1.73999646200329,1.53475837746046,85.0182666666667,17,16
1.60086497808045,-1.75377717938782,1.5223016779358,85.0516333333333,17,16
5.28226440741555,-8.73276912773819,2.42851595143674,85.1517333333333,18,17
5.30669382590524,-8.71078691567283,2.428331868279,85.1851,18,17
1.19847159040596,-0.569004275382991,0.745779053025177,85.2184666666667,19,18
-0.239445515942358,1.60677524954468,0.846389425165871,85.9525333333333,20,19
-0.245797426902819,1.61100934809864,0.847132077425204,85.9859,20,19
-0.253176511444532,1.61605078610053,0.848842355598041,86.0192666666667,20,19
-0.255057502424284,1.61460977306035,0.84871003878368,86.0526333333333,20,19
-0.285134511663367,1.63915218022466,0.857527490810353,86.1527333333333,21,19
-0.292640554610198,1.63630010890336,0.860239916228825,86.1861,21,19
-0.302010606211841,1.63759096320151,0.86326381102398,86.2194666666667,21,19
-0.306531772208126,1.63187721693711,0.866559827757109,86.2528333333333,21,19
-0.319009866855416,1.63476679451056,0.870722874946741,86.2862,21,19
-0.329703082634279,1.62244483878538,0.878401121490375,86.3529333333333,22,19
-0.012421570192539,-2.31205131781835,1.61161022678373,86.5865,23,20
-0.039167666037407,-2.2987476614718,1.60551019357746,86.6198666666667,23,20
-0.0767101140362729,-2.31813036776409,1.61711250752416,86.6532333333333,23,20
-0.117174642914613,-2.35010422903507,1.63360373028246,86.6866,23,20
-0.152487194512974,-2.37466126319609,1.64776994338605,86.7199666666667,23,20
-1.85315262128957,-3.22002372021196,2.06059750458008,88.4216666666667,24,21
-1.89701500914424,-3.24027000624457,2.0729636403832,88.4550333333333,24,21
-1.93165597686582,-3.25177182529392,2.07742744609758,88.4884,24,21
6.46038402500295,-9.03803554169708,1.67336435750779,88.9555333333333,25,22
6.43094809465039,-9.06216996710009,1.66134734209838,88.9889,25,22
-0.712837547664614,1.33806226927448,0.66718863792926,89.7563333333333,26,23
-0.720701559504605,1.33707198075421,0.672799632719779,89.7897,26,23
-0.723793797799461,1.33231559841695,0.679010410706755,89.8230666666667,26,23
-0.731487839684542,1.32953638642185,0.683300338194153,89.8564333333333,26,23
-0.736314217695375,1.32448151580286,0.688297424431523,89.8898,26,23
-0.743438914760345,1.32178828006918,0.692983724096813,89.9231666666667,26,23
-0.747172991357286,1.3170330551712,0.69648643448723,89.9565333333333,26,23
-0.751972887337278,1.3139035155038,0.699881465246747,89.9899,26,23
-3.70410398215348,-4.2337184390224,2.13091553424369,90.2568333333333,27,24
3.98620162078044,-9.47293214162804,2.14379682625125,90.9909,28,25
3.94129719649243,-9.47560635463882,2.14044004683506,91.0242666666667,28,25
-4.91495004061258,-4.31527742679177,2.21775545592564,92.0252666666667,29,26
9.93470616918131,-3.47211119459664,2.13676055863763,92.2588333333333,30,27
-1.48031169710063,1.01217254813014,1.11434972468211,93.4934,31,28
-1.48297152394377,1.00875605920335,1.11207966406284,93.5267666666667,31,28
-1.47634018132022,1.00032508961556,1.10855700890304,93.5601333333333,31,28
-8.24428855598615,-3.86713484207221,1.28837387544067,95.8958,32,29
-2.97190328676423,-8.01430961406946,2.19358423925411,96.0292666666667,33,30
-3.03564903373687,-8.06058178982008,2.19180508855848,96.0626333333333,33,30
-9.39376153301779,-3.33356346066588,1.52408495166964,97.6976,34,31
-9.47109726686809,-3.32835619550429,1.5354207418901,97.7309666666667,34,31
-4.99167454813838,6.43360674456204,1.56940523868574,113.3132,35,32
-4.91746929526262,6.42630916061353,1.57790525195738,113.346566666667,35,32
-14.5220095931263,-4.04839482971335,1.82663826434419,116.683233333333,36,33
2.95583755002515,6.27016714384758,1.77085119652807,117.450666666667,37,34
3.14723675475896,6.56457743632521,1.83035911715011,117.484033333333,38,34
3.21191726182927,6.5087447435916,1.8248281958766,117.5174,38,34
-3.91400793644249,4.11202964139861,1.42876773309682,122.255466666667,39,35
6.47047890859695,6.78537804779213,0.310309729762642,123.189733333333,40,36
6.49341978469085,6.81962421988237,0.312004798021976,123.2231,40,36
3.48946263786628,4.183730955428,0.821800489415541,129.963166666667,41,37
3.46182642290792,4.18148257072602,0.830239618354561,129.996533333333,41,37
3.43534343183816,4.17819502024877,0.837013544448328,130.0299,41,37
2.03194727794286,3.9589353688225,1.06613693226097,131.865066666667,42,38
2.0022821226157,3.9418481833535,1.06917002020145,131.898433333333,42,38
1.99097665455027,3.97088189153022,1.07602741205636,131.9318,42,38
1.13468361848658,3.54848573448687,0.918177532914692,133.766966666667,43,39
1.10208515719869,3.46953435517407,0.909723847803341,133.800333333333,43,39
1.09056133690132,3.5219104830778,0.912508392905841,133.8337,43,39
0.232199574671896,5.40710489358928,1.06186266290537,135.702233333333,44,40
0.189020204819946,5.58346510047851,1.08264820132086,135.7356,44,40
0.157047873883836,5.5990321078046,1.08925292351776,135.768966666667,44,40
-0.929330079082067,5.31816255826888,1.32150284503631,137.670866666667,45,41
-0.971285766928145,5.34035648467268,1.33308744604,137.704233333333,45,41
-1.00979467443808,5.33573724062796,1.34588134570717,137.7376,45,41
-3.02575925423666,3.44806301006307,1.39355802666503,139.606133333333,46,42
-3.07732943122103,3.439100554707,1.40486532230729,139.6395,46,42
-3.08203908996736,3.39330845351243,1.40725182701228,139.672866666667,46,42
5.60862740788154,-13.8450027565147,1.93788640031188,144.8447,47,43
5.60816833014045,-13.9057089359484,1.94067954438421,144.978166666667,48,43
5.52125603439091,-13.6769611944925,1.92336761028178,145.011533333333,48,43
-6.94668455223138,4.80746024367941,1.09875112193837,149.983166666667,49,44
-7.03187687576851,4.88151046858384,1.09822241182861,150.016533333333,49,44
9.64842330350382,-12.2668960582541,1.83779123024218,153.153,50,45
-3.77500429776214,7.64838578244714,0.979305907948396,154.821333333333,51,46
-3.71684356595535,7.63135020516975,0.977492331175932,154.8547,51,46
0.0960483109761712,6.16621801187923,1.1002763642087,157.6575,52,47
0.149688572401185,6.04131692726478,1.09486384766923,157.690866666667,52,47
-8.71479657966418,6.51756800997846,2.01536300225069,159.492666666667,53,48
3.19474328396534,7.00751786815471,1.18755157235037,159.526033333333,54,49
3.32307128872942,7.10091620367309,1.20725548532179,159.5594,54,49
3.35617302320164,6.95388053732113,1.20823869701283,159.592766666667,54,49
3.35850220163586,6.74526604780513,1.20426315566377,159.626133333333,54,49
5.9812200771974,-1.81043941443719,1.55442277122141,163.3632,55,50
2.43153346875968,0.121301593741375,0.922127128554008,164.7646,56,51
-2.03677890486996,-10.8739012358198,2.62109032232794,165.632133333333,57,52
-2.04909521894448,-11.2277148766986,2.6849662872366,165.6655,58,52
-1.84357666955275,-10.6123643584333,2.56835486133182,165.698866666667,59,52
3.38649665234695,-8.91667791918433,2.03498808236424,170.5704,60,53
3.38140217618295,-8.87143030078284,2.02024309552159,170.603766666667,60,53
3.34304491339705,-8.71065832882293,1.98675531450093,170.637133333333,60,53
17.6426917495003,-6.93984960476247,2.11015121137451,172.205366666667,61,54
2.94057906046201,-6.3792795986355,1.96631668807223,173.406566666667,62,55
2.9063289596414,-6.2908796643295,1.96161689142124,173.439933333333,62,55
2.89581648725354,-6.25025149810793,1.96667872587869,173.4733,62,55
1.12837493986587,-0.956865327203199,0.832996795361558,173.506666666667,63,56
2.38571389382818,-3.20630363401784,1.45359600456786,176.176,64,57
2.37475833351453,-3.15628094982774,1.45637897155375,176.209366666667,64,57
2.37146139201702,-3.1200747200667,1.46576597532651,176.242733333333,64,57
2.37096139589951,-3.09256639417093,1.4774948418286,176.2761,64,57
2.36573931221254,-3.0572785715105,1.48866972275486,176.309466666667,64,57
14.1777059542055,-7.11769533609532,2.67271322140568,177.043533333333,65,58
3.17322519767002,-1.76879022857224,1.77243628694801,178.311466666667,66,59
3.19973391569319,-1.75576420515385,1.76035020792069,178.344833333333,66,59
3.21872364392332,-1.74074168355009,1.74671199272771,178.3782,66,59
2.55947847706913,-1.8750817315655,1.06186714900015,178.845333333333,69,59
2.55532205689077,-1.87976721290442,1.06390433907938,178.8787,69,59
2.55435571268102,-1.88645664878633,1.06698976210467,178.912066666667,69,59
2.54597684637491,-1.88564387656277,1.06905608630429,178.945433333333,69,59
13.139201278951,-6.71816663579463,2.31087779351498,178.6785,67,60
1.6903220494983,-0.0357883696417062,0.676392889062054,178.711866666667,68,61
1.69184142021043,-0.0348259670501154,0.676744383016767,178.745233333333,68,61
12.849543607571,-5.82391912367672,2.25292109836739,180.346833333333,70,62
2.17279864064828,-1.04018323407113,1.10880555567897,183.183,71,63
11.178392728078,-2.90269378867486,1.51531858156764,185.118266666667,72,64
11.159978046719,-2.88396495678615,1.52364787691096,185.151633333333,72,64
7.78655207301215,-0.510881761386649,1.66651400654944,188.221366666667,73,65
-9.48545259226378,4.80952909815784,1.43887594287997,191.925066666667,74,66
-9.4036606257107,4.80037383680071,1.42286328753384,191.958433333333,74,66
-6.30106434412413,9.29530306101664,0.96946481622775,204.938066666667,75,67
-6.14797777301365,9.17826872718395,0.962528699714974,204.971433333333,75,67
-7.01726318280934,5.0094889083428,1.97147212903713,217.684133333333,76,68
1.20692265203446,2.00792248165204,0.748636179559897,227.0268,77,69
1.19599135635801,1.99849512863703,0.745089764648512,227.060166666667,77,69
1.18288109947274,1.98822195148421,0.739750668664036,227.093533333333,77,69
1.17701796321304,1.99827908413804,0.73613445972897,227.1269,77,69
1.17345470498764,2.0126120839279,0.733090646920152,227.160266666667,77,69
1.16827806719943,2.01817419997121,0.729033324104334,227.193633333333,77,69
1.17791065359104,2.07016697539826,0.723623142165639,227.260366666667,78,69
1.18402058516926,2.09236846846807,0.7223552559855,227.293733333333,78,69
1.18983317374598,2.10581856303348,0.720487273368499,227.3271,78,69
1.19586505106583,2.12065508206586,0.719594005086991,227.360466666667,78,69
9.00364228200253,10.1719357733683,0.285384340340174,229.562666666667,79,70
7.98028065641222,10.6238576281806,0.787495260725964,231.698133333333,80,71
6.80585334355459,8.23262022115396,1.050652560118,233.800233333333,81,72
-7.18301155599292,5.60101548480821,2.05360598303003,233.967066666667,82,73
-4.83226944802414,3.76923513624681,1.65508184489906,234.000433333333,83,74
-13.7077084671988,10.5930014078575,3.66434166074274,248.0478,84,75
-13.6064170487979,10.4298018939996,3.65760113410346,248.081166666667,84,75
3.98789416979686,-1.53993608016306,1.02734721984555,251.517933333333,85,76
3.9880461979558,-1.57747074566307,1.04177435747912,251.5513,85,76
3.96158703777676,-1.60497395147933,1.05166760859597,251.584666666667,85,76
2.45585624303967,-3.60841337683823,1.79985176610542,253.253,86,77
2.41822217483747,-3.64886919951062,1.81581320960097,253.286366666667,86,77
2.36873502787589,-3.67033037792619,1.82647303021631,253.319733333333,86,77
1.09144025539163,-4.71772020313857,2.18567339576758,255.121533333333,87,78
1.0790212871865,-4.78436777519,2.20836896940246,255.1549,87,78
1.0605562317434,-4.77746974457035,2.20698189772105,255.188266666667,87,78
1.04552520647559,-4.80074075270195,2.21251152204182,255.221633333333,87,78
3.48336352042313,-7.17018301343884,1.31448494005063,256.1559,88,79
3.4398482853606,-7.02324764871004,1.29342991669012,256.189266666667,88,79
3.48755349465067,-7.10031667481869,1.29345322828452,256.222633333333,88,79
0.352067448230485,-3.66883646970481,1.82895636415507,256.9567,89,80
0.338703959237919,-3.66177320549971,1.82915341961741,256.990066666667,89,80
3.92129262883843,-5.77753933774102,1.29334706331043,258.725133333333,90,81
3.92986074845247,-5.77176899228894,1.3054917008974,258.7585,90,81
3.93454429506717,-5.758333165527,1.31371113901921,258.791866666667,90,81
3.94082405713146,-5.74066251680792,1.32265837285409,258.825233333333,90,81
-0.487517969937017,-5.25132869402283,2.57558910063286,258.7585,91,82
-0.506096799184735,-5.26087642726525,2.58010364302409,258.791866666667,91,82
-0.522441815662949,-5.25544167042202,2.57878658823816,258.825233333333,91,82
-0.530373407968863,-5.21442555883786,2.56196462180036,258.8586,91,82
-1.71186521051754,-5.03555393092991,2.629495965893,260.627033333333,92,83
-1.71846730061672,-5.00304429056204,2.61474676594277,260.6604,92,83
-1.70891873014044,-4.93912996402346,2.58662021459235,260.693766666667,92,83
4.8499343652226,-4.32865961741146,1.30948699429155,261.261,93,84
4.88730536212198,-4.33696379235692,1.31893572900689,261.294366666667,93,84
4.90836438113546,-4.33796362675063,1.3245657824274,261.327733333333,93,84
4.92657488494759,-4.33502245353172,1.32862860629175,261.3611,93,84
-2.63815622804199,-4.37413813359797,2.40519058728225,262.328733333333,94,85
-2.64902950567495,-4.35904681102493,2.39982132584798,262.3621,94,85
-2.66717467100162,-4.35337724303094,2.39833435701268,262.395466666667,94,85
6.69775554347074,-3.93977116809738,1.39998024678737,263.830233333333,95,86
6.73152180756431,-3.95205379367551,1.41325103068001,263.8636,95,86
-3.29885021682511,-4.03261335844059,2.27798629145303,264.030433333333,96,87
-3.25612662704891,-3.98090483549307,2.25131212100111,264.0638,96,87
-3.26091662699596,-3.97293424178413,2.2446135528091,264.097166666667,96,87
-2.99795183268229,-3.28811031743362,1.89672100246428,265.7655,97,88
-2.98886334511129,-3.2700267964125,1.89404806121479,265.798866666667,97,88
-2.99015537499668,-3.25585437681944,1.89411023334948,265.832233333333,97,88
8.13422002991441,-2.45936341613815,1.72731470767501,266.5663,98,89
8.13927832227401,-2.4479770999025,1.73516916382683,266.599666666667,98,89
8.11410174064273,-2.42437671713283,1.74499773261032,266.633033333333,98,89
-2.27942428883527,-2.82333018981662,1.69656069721198,267.3671,99,90
-2.27035602829444,-2.81704564514578,1.68953809146007,267.400466666667,99,90
-2.2409905779117,-2.79787703824688,1.67384243673026,267.433833333333,99,90
-2.2272789233969,-2.78840993866428,1.66332842759894,267.4672,99,90
-1.94393196113986,-2.03639759760948,1.51923183165103,269.002066666667,100,91
-1.92782696852959,-2.0041630188786,1.51479958637071,269.035433333333,100,91
-1.91954915173017,-1.97309000337887,1.5124147003728,269.0688,100,91
6.22804227085601,-0.291297338244611,1.49292198731399,270.336733333333,101,92
6.20237354612624,-0.28192252012955,1.49446281365215,270.3701,101,92
6.18249634561814,-0.271198197825522,1.49537932617929,270.403466666667,101,92
6.16812518916492,-0.265677428653873,1.49385970463162,270.436833333333,101,92
-1.74248776373117,-0.971883759433263,1.40853172871248,270.703766666667,102,93
-1.73078216855765,-0.946844292228192,1.39907583588783,270.737133333333,102,93
-1.72929247160945,-0.923639618486721,1.39245508923915,270.7705,102,93
-1.72590081086358,-0.901647786894019,1.38543705894439,270.803866666667,102,93
-1.7161192263982,0.0592902117977364,1.57846997695072,272.238633333333,103,94
-1.71015775820649,0.0762331083857589,1.5843978486492,272.272,103,94
-1.72088892929799,0.0956494384864875,1.5979163136905,272.305366666667,103,94
-1.72954035791008,0.112185607256897,1.61100964250279,272.338733333333,103,94
-1.92215852511472,0.66038564510281,1.62515176900769,273.940333333333,104,95
-1.92465278864655,0.673126898051566,1.62478235074135,273.9737,104,95
-1.92679358512126,0.686175774047301,1.62470570983466,274.007066666667,104,95
-1.93052637377901,0.698514286567593,1.62445162951151,274.040433333333,104,95
-1.6433835039491,1.36498365610168,1.52810370647996,275.5753,105,96
-1.63500409033591,1.38153990152407,1.52270144664086,275.608666666667,105,96
-1.6395770470768,1.40600074040944,1.52282329866185,275.642033333333,105,96
-1.63875614684434,2.5843567878284,1.285061886078,277.143533333333,106,97
-1.63561295347241,2.61949031155731,1.2850226439943,277.1769,106,97
-1.88201871538491,3.87551706941065,1.47862015153826,280.246633333333,107,98
0.0367375566106479,2.61845710953909,1.92639084934618,282.282,108,99
0.0719065166556256,2.58057554052068,1.94511557398918,282.315366666667,108,99
0.116350656004275,2.51658006365468,1.95815092258125,282.348733333333,108,99
0.160484906087346,2.4425607127488,1.96402109117239,282.3821,108,99
11.8917237004615,-5.25415627037534,1.61687282635477,283.716766666667,109,100
2.49623422716104,-0.380797598347266,1.6442095670743,284.0838,110,101
2.5370541597981,-0.39567647729398,1.64103349514722,284.117166666667,110,101
2.57614623372313,-0.409413475476711,1.63396848117864,284.150533333333,110,101
2.61483127574501,-0.421945110092384,1.62738062652771,284.1839,110,101
3.48353892298762,-0.842860813007014,1.44589325573033,285.4852,111,102
3.49162313302399,-0.851382138970918,1.4429064547819,285.518566666667,111,102
3.50207637116271,-0.861913155092653,1.43928869384015,285.551933333333,111,102
3.49999416917536,-0.869650312431502,1.43340241372563,285.5853,111,102
9.93646044664178,-6.04446850136251,1.84274452612203,285.9857,112,103
9.85012707741505,-6.03290247089411,1.83844926820394,286.019066666667,112,103
3.70619588322518,-1.07876537901995,1.403573859956,286.9867,113,104
3.70866644278155,-1.06914395283834,1.40400512377404,287.020066666667,113,104
3.71968033741248,-1.06143502317038,1.40705886661389,287.053433333333,113,104
3.72739147577802,-1.05326172051829,1.41034709754159,287.0868,113,104
4.10737125716587,-0.597740706530333,1.59886107594476,288.655033333333,114,105
4.12476374020153,-0.590125276559415,1.60344345360157,288.6884,114,105
4.13927547045787,-0.579976684963812,1.6053396373174,288.721766666667,114,105
5.00838202530492,4.36503354403857,0.881283526534746,289.622666666667,115,106
5.014150678624,4.35833172433654,0.878094824824216,289.656033333333,115,106
5.88170833824402,-7.40045753154783,1.92870168824512,290.29,116,107
5.84866158621906,-7.39060691481954,1.92328069590957,290.323366666667,116,107
5.83204534217789,-7.40867256684919,1.92336854023613,290.356733333333,116,107
3.95517429802206,-0.405680376465806,1.37175044641741,290.356733333333,117,108
3.95290043703675,-0.411528686692313,1.373161296559,290.3901,117,108
3.95127915125668,-0.417306774015722,1.37533602107613,290.423466666667,117,108
3.94336035804032,-0.423825413725528,1.37574653192585,290.456833333333,117,108
4.58653520034243,-6.46711097897841,1.50203815012049,292.325366666667,118,109
4.56404347222593,-6.47597431820898,1.50980606833716,292.358733333333,118,109
2.8285514065712,-6.6150535632159,1.39003438097937,294.560933333333,119,110
2.75022672419218,-6.45566774584627,1.38173090324898,294.5943,119,110
2.75734824317395,-6.53761532229302,1.4049036901734,294.627666666667,119,110
3.64824578024384,0.187817254313169,1.21816076597963,295.9957,120,111
3.64872933414567,0.191553588695079,1.21945116784835,296.029066666667,120,111
3.650707493681,0.194614692125846,1.21890535450355,296.062433333333,120,111
3.06903242612185,-5.14594869984587,1.353420225325,296.6964,121,112
3.06032045739024,-5.11549491013511,1.35806864614244,296.729766666667,121,112
3.06087779310693,-5.10548914402073,1.36491634794371,296.763133333333,121,112
3.51641442865155,0.403821815671924,1.1624338461535,297.6974,122,113
3.51060673013456,0.409416653583089,1.1622103875176,297.730766666667,122,113
3.51379374656513,0.415942413242327,1.16409412824396,297.764133333333,122,113
3.51669625774749,0.424066341271383,1.16708235845615,297.7975,122,113
2.25851866367178,-5.06254970254454,1.84711815583397,299.032066666667,123,114
2.21975036063406,-5.00708340166999,1.83845515960919,299.065433333333,123,114
2.20195185277212,-5.01305638014226,1.84798719845552,299.0988,123,114
3.93949783877757,0.892597413705835,1.17694965431331,301.167533333333,124,115
3.96271137749103,0.887591157699744,1.17614892359086,301.2009,124,115
3.98365861793737,0.881039242927049,1.17425879958174,301.234266666667,124,115
4.00657145030661,0.875099121758737,1.17170619000429,301.267633333333,124,115
-0.0640633238590194,-3.6965993902518,1.32340250540433,301.301,125,116
-0.0967491646602704,-3.70944202549604,1.33482828019773,301.334366666667,125,116
-0.14000699323723,-3.78544908578569,1.36101308936777,301.367733333333,125,116
-14.8023906107868,-5.94758093889343,1.70498407733312,303.0027,126,117
-2.1915514103501,-3.55652661661031,1.48599229890107,303.636666666667,127,118
-2.21503009624654,-3.52989228827575,1.48366826045794,303.670033333333,127,118
-2.27343305818494,-3.5483222181768,1.49811582774736,303.7034,127,118
0.698846860512718,-0.649965225720981,0.743601051452538,310.943966666667,128,119
4.49749701487263,-13.877389197102,2.4754681905571,312.845866666667,129,120
5.24376782225557,-14.1964099644251,2.52380918007806,314.6143,130,121
-6.460788040935,-10.9287936405007,1.99705042758178,314.681033333333,131,122
-9.01941366962289,3.9666356353494,2.63865091402238,315.648666666667,132,123
-8.99222336455557,3.97468846359122,2.64198611042217,315.682033333333,132,123
-6.29417041278924,4.44656609394285,1.86628437990068,317.650666666667,133,124
-6.28497392744011,4.46759010311947,1.8619475352347,317.684033333333,133,124
6.51623318001252,-11.0051091490874,1.97488572187306,318.284633333333,134,125
-5.33999908024295,5.17755652350655,1.16061187829796,319.585933333333,135,126
-5.31377877757764,5.17314435074921,1.15295194317894,319.6193,135,126
7.28974545041988,-10.7160759950343,2.42742238337783,320.053066666667,136,127
7.30374657634669,-10.713963687105,2.4296682840644,320.086433333333,136,127
7.87348341699933,-10.463975937038,2.40381999499834,321.954966666667,137,128
-4.72796452520691,-0.252654801491054,0.664133381299032,322.755766666667,138,129
-4.76702694186944,-0.248722152842684,0.651491305080516,322.789133333333,138,129
-4.76763713660376,-0.244793900464839,0.642130390527096,322.8225,138,129
-4.90250026347447,-0.273851732185836,0.650946983262783,323.2229,139,129
-3.46353533498208,7.08465516148833,1.03361596103526,323.6233,140,130
-3.47029231753163,7.15300675170672,1.04441402320331,323.656666666667,140,130
9.01269608199306,-7.19664539697001,2.18875814671424,327.794133333333,141,131
8.96860840660231,-7.14376012246381,2.18831289520691,327.8275,141,131
9.69019675412127,-6.25482297877281,2.19351778510162,329.896233333333,142,132
4.37113017588189,8.8806370668397,1.04518735300177,331.264266666667,143,133
4.62772035606723,9.29990090982245,1.07525164069606,331.297633333333,144,133
13.7676454087547,-9.09733318457436,2.41116358635339,333.866866666667,145,134
13.7882402930535,-9.17011552310606,2.4244823955385,333.900233333333,145,134
-7.97007457950594,-7.17926038156995,1.79244686849664,335.201533333333,146,135
-8.01058338824277,-7.15674388122869,1.80496604585221,335.268266666667,147,135
11.323310922881,-3.20474609344059,1.68630531016791,335.501833333333,148,136
-3.4375059044889,3.93946023524571,1.20893333282668,339.205533333333,149,137
-3.43779049009875,3.93426046530624,1.20362633543231,339.2389,149,137
-3.44285120815594,3.93860537005833,1.19686045095782,339.272266666667,149,137
-1.47691606791913,-7.45392983210574,2.27292130164473,341.1408,150,138
-1.41201955742536,-7.24449677734937,2.24032494644887,341.174166666667,150,138
-1.4193814129115,-7.2993090134313,2.26527489708864,341.207533333333,150,138
-0.956008194126046,-6.01071388065156,2.2063951647785,343.0427,151,139
-0.949739215697912,-6.05691570400344,2.22090060101545,343.076066666667,151,139
-0.929796936620484,-6.05613276653597,2.22264798156339,343.109433333333,151,139
-0.888363127495724,-5.99047978296019,2.20835804296903,343.1428,151,139
0.638468111410531,-4.10441296213753,1.66233169502147,345.078066666667,152,140
1.93903190136371,-2.59037151417795,1.64638370121189,346.879866666667,153,141
1.97055288765753,-2.5485212052476,1.64131766973614,346.913233333333,153,141
2.02240914404693,-2.53555829166168,1.65034414549539,346.9466,153,141
2.06664992747124,-2.51265274076466,1.65350038062709,346.979966666667,153,141
2.14749716212356,-2.55588091725896,1.68364324266552,347.013333333333,153,141
3.97806525790767,0.384598240961732,0.186676090066486,349.215533333333,154,142
4.51869426803999,-0.15412581886001,1.30621807342125,363.6633,155,143
4.50840815565004,-0.162815166683242,1.3121744079667,363.696666666667,155,143
4.52047494611498,-0.174031382371388,1.31925858196428,363.730033333333,155,143
-6.40816533612877,-0.926361240517373,0.859622467387053,364.2639,156,144
-6.41677416259662,-0.925067340350238,0.86097174960088,364.297266666667,156,144
-6.41828738059815,-0.925951727280235,0.864363875116909,364.330633333333,156,144
-6.47511677015815,-0.93377594526968,0.868664310216655,364.364,156,144
-6.46264020958551,-0.933864148399652,0.871809277485041,364.397366666667,156,144
-6.51330279698704,-0.94216934147907,0.877283090284277,364.430733333333,156,144
-6.50280408530412,-0.941111431479392,0.885515393912054,364.4641,156,144
4.38858225127788,-0.982955364701926,1.14894671094669,365.732033333333,157,145
4.38622177595737,-1.00600106448909,1.15355365328596,365.7654,157,145
4.36848227603094,-1.02929901725019,1.15471328863068,365.798766666667,157,145
3.91934460708815,-1.87323570664512,1.48914229659204,367.700666666667,158,146
3.90895923943382,-1.87735200498637,1.48947349353975,367.734033333333,158,146
3.90808936761814,-1.88712813742992,1.49106898786615,367.7674,158,146
3.90329310234786,-1.89567351882963,1.49021135667585,367.800766666667,158,146
3.15718024984336,-1.47058860226273,1.41479121287959,369.5692,159,147
3.14639716798154,-1.4625851411753,1.41010727811397,369.602566666667,159,147
3.14121793394951,-1.45694468415941,1.40711010388904,369.635933333333,159,147
3.13238265054785,-1.4511974144024,1.4033991428187,369.6693,159,147
1.60313067163345,-0.230757561267149,0.791651500509019,369.702666666667,160,148
1.97336997402523,-1.14702121653075,1.51974923300518,373.4731,161,149
1.95445860203232,-1.15820707402248,1.52480314333237,373.506466666667,161,149
1.92250541550167,-1.16758862926352,1.5251192840785,373.539833333333,161,149
1.89136680853259,-1.1785372122083,1.5259706392323,373.5732,161,149
1.85527297169625,-1.18643676502006,1.52413868625329,373.606566666667,161,149
0.758198780583097,-0.731868841020344,1.5303594879794,375.308266666667,162,150
0.7385282833277,-0.718422891450153,1.52834575892304,375.341633333333,162,150
0.720728591651379,-0.703688143208152,1.52741324700403,375.375,162,150
0.706139847453465,-0.689799187766504,1.5282495141247,375.408366666667,162,150
0.692509580870289,-0.677345423530985,1.53080084316414,375.441733333333,162,150
-0.161397077599794,-0.158593611551729,1.16721208806527,377.110066666667,163,151
-0.176467689367455,-0.130221965385772,1.15368678101873,377.143433333333,163,151
-0.199876058258858,-0.0964529208827111,1.1433037240754,377.1768,163,151
-0.223914706207189,-0.0645822252112038,1.13606364553786,377.210166666667,163,151
-0.958809143927966,0.813856856023098,1.01151669711792,378.945233333333,164,152
-0.97612851183757,0.818938770135468,1.01138838786986,378.9786,164,152
-12.2506373754492,7.37600055523029,2.84155416752364,379.145433333333,165,153
-12.0233267581716,8.99889221691002,2.8092405317158,379.2789,166,154
3.87564322472619,-5.4330007572987,1.37788325063698,380.713666666667,167,155
3.8842598429501,-5.42702059192883,1.37080662554086,380.747033333333,167,155
3.88380275518355,-5.40710709131015,1.3618330562357,380.7804,167,155
3.88645940974288,-5.3932699598426,1.3567226443747,380.813766666667,167,155
3.88218604093608,-5.36518730413367,1.34870814778096,380.847133333333,167,155
3.95926861452162,-5.43245994811645,1.35170882689045,380.947233333333,169,155
3.90199887511673,-5.29063956206051,1.34722636087835,381.147433333333,170,155
-1.95135101408484,1.18123596041814,1.26353955753675,380.713666666667,168,156
-1.97022163108911,1.16958688156289,1.26701824828029,380.747033333333,168,156
4.54274156695865,-12.5543646201906,2.11385619401828,382.415366666667,171,157
-2.82733848428796,1.30949623317543,1.46332627896246,382.415366666667,172,158
-2.8401961272553,1.31006283831308,1.47188487597878,382.448733333333,172,158
4.2411417115411,-11.6588799625255,1.84481782185241,384.117066666667,173,159
-3.19146484987584,1.48836395463115,1.83114217630263,384.117066666667,174,160
3.55469923349983,-9.48772634347283,1.82787373001722,387.387,175,161
3.65895247826671,-9.18958788907482,1.83804942656864,389.1888,176,162
3.69895536944528,-9.33096495306199,1.86494727948567,389.222166666667,176,162
3.06880460746369,-7.50704178530365,2.11829060735323,390.923866666667,177,163
3.07593273503037,-7.49275565497374,2.13369100478949,390.957233333333,177,163
3.07832554133628,-7.4556009631371,2.14941924499121,390.9906,177,163
3.67427642844194,-7.42577361352606,2.11630268316774,392.625566666667,178,164
3.69290627986385,-7.46225734916979,2.10795045948519,392.658933333333,178,164
-9.96663229503503,6.92413384152024,1.55164886382406,394.560833333333,179,165
-6.46895402355769,5.36195836469946,1.39298349629364,396.6963,180,166
-6.45294628595039,5.36028838863634,1.40344553954215,396.729666666667,180,166
-5.3128351989428,6.19010345427953,0.887230939852694,403.636566666667,181,167
-5.49508177475862,11.3005254228739,1.11293688533099,413.446366666667,182,168
-8.49863391767303,5.71728270936693,1.68256991921533,415.882133333333,183,169
0.743543828750052,0.0501387712564839,-0.372557910530811,423.3229,184,170
7.91846970821281,10.5584078527407,1.35528195324516,431.0306,185,171
7.89581007542062,10.5525096926759,1.3734889812976,431.063966666667,185,171
3.83779297560847,7.55576536794147,1.38959905212834,433.8334,186,172
3.76171699480203,7.46906170150244,1.39032525600442,433.866766666667,186,172
4.06308059786333,-6.68976751714999,0.835056238505451,435.101333333333,187,173
4.03470825599094,-6.62971152024702,0.837145183840977,435.1347,187,173
-1.40952830229689,7.34115566570552,1.59290454967553,437.3369,188,174
-1.46885573306344,7.38594457647869,1.60101508047174,437.370266666667,188,174
-9.63061870091721,-9.30856987847518,1.43945471836942,450.116333333333,189,175
-12.7802815911652,-2.24586569141208,1.46070012720199,458.8584,190,176
-5.55260909444277,8.4899329794193,1.30677917128926,474.307166666667,191,177
-0.479052632312296,7.44805793771851,0.770333776481281,476.3759,192,178
-0.445274075503559,7.69570317854412,0.773687924776288,476.409266666667,192,178
3.27922595787769,-0.152974832236776,1.40088316869993,496.496,193,179
3.29646177859862,-0.151777366909959,1.40529037342164,496.529366666667,193,179
3.31175250411376,-0.150263388644476,1.40494999337271,496.562733333333,193,179
3.32242415138585,-0.145111245117744,1.40368848668032,496.5961,193,179
3.33962437007409,-0.139757895912384,1.40367829631951,496.629466666667,193,179
3.35669200376364,-0.134054796598385,1.40448979086515,496.662833333333,193,179
2.79046814874113,-0.0992417528436605,1.70781820482054,498.6982,194,180
2.78896809619925,-0.108582499949251,1.7102838676577,498.731566666667,194,180
2.78830488050784,-0.118176914423301,1.71376666816249,498.764933333333,194,180
2.79488845603317,-0.128601862257504,1.71868235838786,498.7983,194,180
2.80116039685589,-0.136058504980499,1.72262333663986,498.831666666667,194,180
2.81759605366254,-0.14286116535989,1.72751754138254,498.865033333333,194,180
2.83767331495942,-0.152370227505791,1.73470509674104,498.8984,194,180
2.85520347515886,-0.161841477575942,1.74008841429031,498.931766666667,194,180
-0.191357371803176,0.154874733414331,1.79663103094225,505.338166666667,195,181
-0.163296636729351,0.181343105829389,1.78798685006787,505.371533333333,195,181
-0.131954477724039,0.203055139338271,1.7768095463329,505.4049,195,181
-0.103626087832037,0.226533935093871,1.76988609348707,505.438266666667,195,181
-0.0772619354969176,0.249549660574974,1.76641440899271,505.471633333333,195,181
-0.0508170475260357,0.270105536581944,1.76038418361756,505.505,195,181
0.35153999348403,1.28877148714912,1.44408636544829,507.240066666667,196,182
0.345286602397217,1.3095292137682,1.43219278781346,507.273433333333,196,182
0.332825233072902,1.33432023285825,1.41606255165252,507.3068,196,182
0.315943586783412,1.35876567274119,1.40259406362281,507.340166666667,196,182
0.295707287148837,1.3816460560481,1.38793629173028,507.373533333333,196,182
0.275275669825842,1.40679781316698,1.37781472354976,507.4069,196,182
2.5315644394323,1.49445035399787,1.57339045327021,509.2087,197,183
2.58811055769102,1.48519790835389,1.58131544167427,509.242066666667,197,183
2.64801600068836,1.47607522293234,1.58897515812217,509.275433333333,197,183
2.70390014763858,1.46533919643985,1.59410193782226,509.3088,197,183
3.71176110964497,2.22096928412483,2.11240271975867,510.776933333333,198,184
3.70682268248098,2.22326560410239,2.10955957854751,510.8103,198,184
3.71489853264568,2.23256807122041,2.11337892948075,510.843666666667,198,184
3.72293428249383,2.23810939014142,2.11428624761194,510.877033333333,198,184
3.73011473631826,2.23884381927662,2.11373468839262,510.9104,198,184
5.19489448975583,0.423506572108055,1.47409962431837,516.682833333333,199,185
5.18432540799967,0.401980830469671,1.48269560769107,516.7162,199,185
5.16795768538901,0.37556828837928,1.48937506094036,516.749566666667,199,185
5.14560821020889,0.35085611313587,1.49209516829015,516.782933333333,199,185
5.13366881828245,0.328631251776704,1.49406619807798,516.8163,199,185
4.007754853711,-6.63443754750943,0.752700936712848,517.6171,200,186
4.43217512447841,0.171852006502093,1.54233268789772,518.1176,201,187
4.40729595109962,0.159843422368035,1.54976825089313,518.150966666667,201,187
4.38206286247779,0.148465605669791,1.55950695147913,518.184333333333,201,187
4.35845296566735,0.139848421293472,1.56766608422182,518.2177,201,187
4.33953270743513,0.132549660977163,1.57581416264783,518.251066666667,201,187
3.81964449579175,0.439999088138628,1.71179212321968,519.519,202,188
3.81898747597567,0.447416215380211,1.71611974846634,519.552366666667,202,188
3.82014862266016,0.455392978962839,1.71949964799204,519.585733333333,202,188
3.81782632247585,0.46411730258607,1.72089968449273,519.6191,202,188
3.86446451233,1.40898695436894,1.35471014659831,521.1206,203,189
3.87568816131111,1.44313023297063,1.34919008683649,521.153966666667,203,189
3.88935373523291,1.48959885361921,1.3432525622158,521.187333333333,203,189
3.92603639155353,1.54625772200774,1.34325466623259,521.2207,203,189
3.93265417727224,1.58762687659341,1.33940593079205,521.254066666667,203,189
5.55441531221057,3.64988091971634,1.29547359896322,522.788933333333,204,190
15.6811458438219,-7.40092946571971,1.78918382665927,523.356166666667,205,191
-3.33119387338461,2.71761556696536,1.32744708136864,534.000133333333,206,192
4.13247651494232,-6.85095841977838,0.810738448016903,535.501633333333,207,193
4.14422056122153,-6.86693154530435,0.811036305620536,535.535,207,193
4.16847275532346,-6.88273987290531,0.833922162207241,542.108233333333,208,194
4.13236704751634,-6.81260561787732,0.833170081066297,542.1416,208,194
3.40644509951313,4.24107417327209,1.30889474153624,544.076866666667,209,195
3.38715657984395,4.21868441780579,1.31499663599493,544.110233333333,209,195
3.38795780863428,4.22549356101369,1.32647585264788,544.1436,209,195
3.37401705459185,4.21249566055276,1.33407198843139,544.176966666667,209,195
3.36939363407949,4.21088691343544,1.33966614567356,544.210333333333,209,195
3.36828221723111,4.21360994486451,1.34748285735931,544.2437,209,195
4.0913807181704,-7.00268464568182,1.10371326170993,545.6451,210,196
4.07710612192938,-6.96336642891639,1.11678296519974,545.678466666667,210,196
4.12944561194507,-7.05869128318841,1.13664005515782,545.711833333333,210,196
2.76214059683735,4.83904738305375,1.142665268851,546.178966666667,211,197
2.74563960542599,4.82186188996207,1.14323157134103,546.212333333333,211,197
2.72506668510304,4.79908805144861,1.14491975064453,546.2457,211,197
2.70780268855743,4.77505871851606,1.1484446405389,546.279066666667,211,197
2.71427084168351,4.80447684779257,1.15525102877075,546.312433333333,211,197
3.80464406755429,-7.52417372150391,1.65199748053282,547.013133333333,212,198
3.81168081607151,-7.56447578927286,1.67072680014382,547.0465,212,198
3.77197838877687,-7.50492767848184,1.67587793400261,547.079866666667,212,198
3.73717807766786,-7.46345607311026,1.67920708283958,547.113233333333,212,198
4.83107947302267,0.919772151034592,1.20925938107296,548.114233333333,213,199
4.80914967000506,0.911553793063767,1.2193051479113,548.1476,213,199
4.78239138566888,0.902210071352021,1.23001917320664,548.180966666667,213,199
4.75780192049469,0.894376828086553,1.24058979651688,548.214333333333,213,199
3.07183771934717,-7.74537819868149,1.80880617259306,548.4479,214,200
3.04477810460585,-7.71318848398884,1.80818070735183,548.481266666667,214,200
3.04924227593921,-7.77420649999658,1.82064371771951,548.514633333333,214,200
3.00174072172487,-7.67045149230728,1.81052279384499,548.548,214,200
2.56789673857678,-7.50743650699742,1.91513334218108,549.882666666667,215,201
2.55434526022482,-7.50554332946303,1.91413450884218,549.916033333333,215,201
2.5626854845506,-7.5986126358492,1.92652425236379,549.9494,215,201
2.52685951906244,-7.53599007934971,1.91121517074465,549.982766666667,215,201
2.00531555896657,-6.80957566638279,1.59560613365972,551.4509,216,202
1.999660883452,-6.79961967150022,1.59776736677613,551.484266666667,216,202
2.00427709981136,-6.8321163959804,1.60753577647844,551.517633333333,216,202
1.21375953647559,-5.9797278985293,1.89286434044824,552.919033333333,217,203
1.19658904600227,-5.99857705893678,1.90976225598545,552.9524,217,203
1.16562452458761,-5.91562382482925,1.91035150010267,552.985766666667,217,203
1.1380281045242,-5.84506451060239,1.91186902650039,553.019133333333,217,203
1.12144976495924,-5.90606320150811,1.94647457367167,553.0525,217,203
2.38200954472337,-0.587824511920423,1.12652416559518,552.919033333333,218,204
2.37919104669316,-0.639513345876127,1.13636434485775,552.9524,218,204
2.37105776518131,-0.690928177664158,1.1437187121424,552.985766666667,218,204
2.36416996362115,-0.738585406417087,1.15044957899388,553.019133333333,218,204
2.35652799971052,-0.777810917602368,1.15298852303131,553.0525,218,204
2.0486077763406,-1.72920413993968,1.17789223849963,554.387166666667,219,205
2.05481012819493,-1.78228306165651,1.18482323207917,554.420533333333,219,205
2.05269393756687,-1.83874864912057,1.19006355024989,554.4539,219,205
2.05829304715196,-1.90168477510642,1.19740155862481,554.487266666667,219,205
2.06256482700358,-1.95950317579062,1.20430201469878,554.520633333333,219,205
0.769451605394954,-5.32743902046415,2.70393186419627,554.587366666667,220,206
0.774876180565366,-5.32691094343093,2.71699715381601,554.620733333333,220,206
0.780516431695213,-5.33293949275043,2.72879641966041,554.6541,220,206
0.786788708718027,-5.32749545014297,2.73412308340105,554.687466666667,220,206
-3.26948786509365,2.62658632133471,1.32474262427328,554.987766666667,221,207
-15.135822403831,5.53044486903724,2.00530771737038,555.7552,222,208
1.92021010671545,-3.49521806528241,1.29186918427344,555.821933333333,223,209
1.91322977039047,-3.51832440770508,1.30557241424434,555.8553,223,209
1.89993452111874,-3.52350159736402,1.31698512493333,555.888666666667,223,209
1.8940775635744,-3.53022875102611,1.32685786940886,555.922033333333,223,209
1.61290032816131,-4.69316030848344,2.47434436851193,556.722833333333,224,210
1.63973848737096,-4.69216568272491,2.46188950901957,556.7562,224,210
1.66418942601892,-4.70293065167049,2.45225497202894,556.789566666667,224,210
1.68835345163097,-4.72444156701492,2.44712797640703,556.822933333333,224,210
1.66388167453111,-4.58636937886078,1.67565831925476,558.0575,225,211
1.65460110233286,-4.57193477060557,1.67148342981302,558.090866666667,225,211
1.66371891409523,-4.61942779785614,1.68062395956372,558.124233333333,225,211
3.00432886925299,-5.46720293921249,2.09773778778621,558.324433333333,226,212
3.03924747745269,-5.49326977550589,2.09132299549882,558.3578,226,212
3.05778887476111,-5.48994131745827,2.07688708919548,558.391166666667,226,212
-11.0634165787645,6.40231860000178,1.67439480506601,559.191966666667,227,213
-10.8642379901753,6.31865984281336,1.66690020905873,559.225333333333,227,213
1.1809426426812,-6.04775897643147,1.91403224214698,559.525633333333,228,214
1.14780755816482,-6.04873557884616,1.91184434839948,559.559,228,214
2.74857789931603,-5.91903113345663,1.32384224054216,560.1596,229,215
2.74700045444348,-5.96703069909884,1.32416393980311,560.192966666667,229,215
2.71202367402198,-5.94261348867969,1.31405905044031,560.226333333333,229,215
2.70096854670616,-5.9812528365134,1.30916139599644,560.2597,229,215
-7.69120629628886,6.36572026940002,1.57616461387765,560.927033333333,230,216
-7.58760155531233,6.338173795761,1.56979381090283,560.9604,230,216
-7.51690505174284,6.33870895828436,1.56917066735903,560.993766666667,230,216
-7.43452311916889,6.3227923104012,1.56696766553556,561.027133333333,230,216
0.979671487089192,-5.39964014366823,1.90216169175623,561.0605,231,217
1.00775361885578,-5.3685033814516,1.90176108433879,561.093866666667,231,217
1.05043399620958,-5.43107097167995,1.91963552807754,561.127233333333,231,217
1.08831500019102,-5.43544881377332,1.92424270847506,561.1606,231,217
2.12466887561989,-5.27844348986493,1.2376114148313,562.695466666667,232,218
2.14047736288614,-5.27550084213586,1.24698144022282,562.728833333333,232,218
2.13221996338177,-5.20710436684506,1.2523313151743,562.7622,232,218
2.16586554685345,-5.27194562724276,1.27208501722254,562.795566666667,232,218
-3.7276101936016,5.60878429206204,1.46743409417649,562.695466666667,233,219
-3.61318558984555,5.54173110705627,1.46037667363074,562.728833333333,233,219
-3.52332367447224,5.52217478621469,1.46033648121338,562.7622,233,219
-3.39167390348445,5.43965951619589,1.45421379948616,562.795566666667,233,219
6.01562139743539,-8.57608172033907,1.65076185808672,564.0635,234,220
6.08529163032357,-8.67104772722033,1.65755860294253,564.096866666667,234,220
0.024580991101928,4.74887284465903,1.51060608074195,564.330433333333,235,221
0.0767602426733102,4.77574741771775,1.51530082442659,564.3638,235,221
0.13513912346195,4.75814855309321,1.50951690282939,564.397166666667,235,221
0.183886924098714,4.76879111267226,1.51056331876986,564.430533333333,235,221
2.53196370342789,-4.90205657909384,1.63602170082343,564.4639,236,222
2.53842867223783,-4.88462938580168,1.63990644208862,564.497266666667,236,222
2.54414952766009,-4.87232982265939,1.64317346270164,564.530633333333,236,222
6.39075369168793,-8.5621111017772,1.68824528722884,565.531633333333,237,223
6.36007003650145,-8.48713331476365,1.67342776980592,565.565,237,223
2.66760471717249,-4.20363309751937,1.6627294930122,566.0655,238,224
2.67499427758806,-4.22364766433432,1.67240462700954,566.098866666667,238,224
2.65738639694808,-4.20622403102382,1.67386090283869,566.132233333333,238,224
2.64692900672034,-4.19535025427058,1.67749386852435,566.1656,238,224
2.64409353665786,-4.20037575671535,1.68359913296857,566.198966666667,238,224
3.45995838226359,4.65386692262393,1.62034750970528,566.098866666667,239,225
3.54136476770522,4.60017806057252,1.61808775864388,566.132233333333,239,225
3.65293922349604,4.58025923939364,1.62271387740432,566.1656,239,225
3.72386645270644,4.51692773031606,1.61880563375418,566.198966666667,239,225
6.35891086593151,-7.67428048796974,1.42740288975123,567.033133333333,240,226
6.3631449918387,-7.63645024521686,1.43226189081576,567.0665,240,226
6.41076354918902,-7.64442668983956,1.44719261911058,567.099866666667,240,226
4.39249095155373,0.738314512720126,1.13435701661868,567.600366666667,241,227
4.38183745356214,0.741162024959142,1.14142791935928,567.633733333333,241,227
4.36730157991788,0.744519938560715,1.14670885474898,567.6671,241,227
2.81715108743798,-3.52371300598041,1.72854168173792,567.6671,242,228
2.81519373270508,-3.50497841546839,1.72979274462316,567.700466666667,242,228
2.81682995694934,-3.49702946548811,1.7332341806431,567.733833333333,242,228
2.81076332097364,-3.47924827390391,1.73608144947514,567.7672,242,228
5.6224550936845,0.871450081925722,1.6018065298177,567.733833333333,243,229
5.69115214261766,0.817558354011896,1.61935956840079,567.7672,243,229
5.66489372697292,0.72896748389528,1.62088230137123,567.800566666667,243,229
5.69543479846821,0.651129706562562,1.63501275398247,567.833933333333,243,229
5.65740734434634,0.573527888980606,1.63545541801572,567.8673,243,229
2.85074153396402,-3.01291588730932,1.75414975799037,569.201966666667,244,230
2.86133800930684,-3.01163727533227,1.75735534173672,569.235333333333,244,230
2.87135996631383,-3.01172576497493,1.7596921076074,569.2687,244,230
2.87492687861448,-3.00933493057394,1.76001562456305,569.302066666667,244,230
5.47533289419922,-3.28428879458758,2.04249095952704,569.535633333333,245,231
5.48427190434769,-3.34691397781672,2.04769397080492,569.569,245,231
5.5041570403127,-3.42584820653419,2.05641589895121,569.602366666667,245,231
5.51338650685407,-3.49436675312479,2.06323942352489,569.635733333333,245,231
3.09102044364892,-2.65710975490043,1.74325415032207,570.7702,246,232
3.10560344829601,-2.65290036254219,1.74573202875797,570.803566666667,246,232
3.11573437767647,-2.64476540481813,1.74938201663501,570.836933333333,246,232
3.1185681376784,-2.63492442498625,1.75141448744062,570.8703,246,232
3.13343592018259,-2.63283081895379,1.75434948754507,570.903666666667,246,232
8.24528657881358,-5.54934961807929,1.80564927900942,571.837933333333,247,233
3.4617766105687,4.31604659603006,0.601280531868403,572.3718,248,234
3.43985354681005,4.30488775409537,0.604646273664203,572.405166666667,248,234
3.46691512087848,4.36131461839751,0.608637765770307,572.438533333333,248,234
3.74973980963619,-2.18813972612089,1.66549606507887,572.538633333333,249,235
3.78271283906889,-2.18811477476072,1.67126049473465,572.572,249,235
3.82640317362747,-2.19114139870604,1.67892425066168,572.605366666667,249,235
3.85677228455069,-2.18876024404592,1.6841525635187,572.638733333333,249,235
5.58122725191125,-3.27585505145533,1.82944106688762,574.040133333333,250,236
5.62251638798687,-3.31787259137941,1.83003806139421,574.0735,250,236
5.67233677187727,-3.37220960910655,1.82919382473891,574.106866666667,250,236
3.15039565605223,5.09017011941076,0.908697119302928,574.4739,251,237
3.13780270794453,5.10257786444488,0.912781977133903,574.507266666667,251,237
3.10474810712001,5.08078198223249,0.915056436765558,574.540633333333,251,237
5.77118346400993,-4.1526198313046,1.20686575994318,577.310066666667,252,238
5.78549895555532,-4.15522046719698,1.21546521375977,577.343433333333,252,238
5.74450011856721,-4.12007584833813,1.21853020027046,577.3768,252,238
12.629074139509,9.74994418412377,2.57301640652071,577.410166666667,253,239
9.79666283493958,-11.6353690003546,3.29541467523786,578.344433333333,254,240
6.13763382337716,-3.78623663393447,1.25420794153562,579.011766666667,255,241
6.18881189155055,-3.7960854632976,1.25536290993778,579.045133333333,255,241
6.1966582311602,-3.78601801488164,1.25448520551175,579.0785,255,241
0.572384811857451,6.73613916057661,1.45047363679747,579.545633333333,256,242
0.552982396756881,6.70241512069064,1.45997148285149,579.579,256,242
-3.8957185904036,8.06401560723087,1.19998569128821,586.7862,257,243
-7.34262497119517,5.82020027899916,1.16445870871616,588.8883,258,244
-7.56469536099389,5.89512104554423,1.17711965993242,588.921666666667,258,244
-0.43027646364138,2.98932453113952,1.92291622839809,599.7992,259,245
-0.369962909629,2.94661880318177,1.93003402989926,599.832566666667,259,245
-0.2903906954294,2.90176461365417,1.94631998243887,599.865933333333,259,245
-0.208884588952215,2.8548297463219,1.96012513976461,599.8993,259,245
-0.132433298094399,2.81030431990084,1.97085890379363,599.932666666667,259,245
4.22760595935253,-1.11426316410823,1.73557922819779,602.2016,260,246
4.26669979099211,-1.19029287004617,1.74139600037665,602.234966666667,260,246
4.28664467898674,-1.2599614800706,1.74333322778487,602.268333333333,260,246
5.65319699782954,-1.80751614527726,1.33939778941407,604.537266666667,261,247
5.65739131401456,-1.77723983939389,1.33771512608751,604.570633333333,261,247
5.65582788241454,-1.73970567361609,1.335346228835,604.604,261,247
5.23114372270136,-1.66844563779143,1.39698211947669,606.7061,262,248
5.23864730542946,-1.66390888144572,1.39190075440265,606.739466666667,262,248
5.25519123617195,-1.66348396681417,1.38977109517887,606.772833333333,262,248
13.3701762809748,-8.76342975833142,2.6621915335223,614.2136,263,249
13.1359766842548,-8.6406122568383,2.64568593911494,614.246966666667,263,249
11.8235084320839,-9.53926072342401,2.97565711215184,615.8152,264,250
10.059069072904,-10.1277348359723,2.94632923504298,617.383433333333,265,251
8.45132772833245,-10.6757443601369,2.88412923612444,618.9183,266,252
8.39116285827708,-10.6623684522976,2.88607758125275,618.951666666667,266,252
6.93026089306871,-11.1329993955443,2.93650260864763,620.486533333333,267,253
-8.06378104434154,-14.0240971649034,2.67831919544995,620.8202,268,254
5.88748909187786,-10.5996484310731,2.68498168393656,622.154866666667,269,255
5.92744093470364,-10.6313128341211,2.67602630459782,622.188233333333,269,255
5.91882039209373,-10.5498805753411,2.64801092800353,622.2216,269,255
-7.6181598222703,-11.939759176991,2.4643972653896,622.855566666667,270,256
5.96923241961918,-1.17318138857651,0.980531479321024,623.689733333333,271,257
5.96432243449235,-1.17708420094517,0.988694356285325,623.7231,271,257
5.94489158103363,-1.17631921683301,0.992317390460007,623.756466666667,271,257
5.95194557086912,-1.17748612393057,0.995228378441269,623.789833333333,271,257
7.03064097309975,-9.02233811461799,2.30593111380668,623.789833333333,272,258
7.0658847057453,-9.05429851382991,2.30868016781352,623.8232,272,258
7.08972620902996,-9.05761173085528,2.31531768131113,623.856566666667,272,258
7.03010181580971,-8.95302615191132,2.30251082429589,623.889933333333,272,258
3.53590387662727,5.69642724759619,0.974753678617573,624.390433333333,273,259
3.55190436032154,5.73446962393554,0.974520465019123,624.4238,273,259
3.53999839855861,5.71286538276756,0.973455834888405,624.457166666667,273,259
3.57179983015655,5.77798950064099,0.979622411870786,624.490533333333,273,259
3.55661453389597,5.74175051661794,0.978195013439077,624.5239,273,259
3.57652735087733,5.76798274350425,0.98134430808529,624.557266666667,273,259
3.57134821763762,5.73854745036301,0.976223786379109,624.590633333333,273,259
3.57287679174379,5.72455367864839,0.973118495148603,624.624,273,259
3.62771677582461,5.79543783395301,0.974283705803315,624.690733333333,274,259
3.60433588720068,5.73319911404429,0.969462802250062,624.7241,274,259
3.61291308061098,5.73865738151752,0.96772801072643,624.757466666667,274,259
-8.84973428103474,-8.52430737674441,2.13297944893767,626.692733333333,275,260
-8.76273036840916,-8.40831931355992,2.13565500863338,626.7261,275,260
-11.4104480513438,-13.5481259388258,2.92087676199159,628.494533333333,276,261
-10.4406765596915,-11.3073589745151,2.71227010080139,630.496533333333,277,262
-10.575400351168,-11.4093157544167,2.73043202097978,630.5299,277,262
-10.9194527821786,-9.61799727793629,2.33972401816615,632.598633333333,278,263
-11.0179808711069,-9.6484510491133,2.35226662587283,632.632,278,263
-10.830803788037,-9.43815593441414,2.32778776828472,632.665366666667,278,263
12.0500170372009,-7.63225681129653,2.26792153041376,634.066766666667,279,264
11.9546832398906,-7.53284430506369,2.25061149307216,634.100133333333,279,264
-5.66876121817019,-3.10250258495138,1.30510711748657,634.7341,280,265
-5.66146304346244,-3.07338921397865,1.2997106092976,634.767466666667,280,265
-5.66771542848033,-3.05521700611348,1.29611645744706,634.800833333333,280,265
13.6072119030471,-5.93218872078083,2.23955329782729,635.7351,281,266
-4.23239552281255,-1.63504609485964,1.39206575430373,636.669366666667,282,267
1.75120722299211,8.52395721816017,1.11661417962719,637.403433333333,283,268
1.74618144008151,8.27709596454959,1.10923038837282,637.4368,283,268
4.11681780006963,8.10890318951055,1.73708995640244,639.271966666667,284,269
4.14130348249676,8.0820296582893,1.75068376034004,639.305333333333,284,269
4.10717868470367,7.90612435140704,1.74898947980731,639.3387,284,269
4.18415498360249,7.97868934621127,1.78046017749603,639.372066666667,284,269
4.22649367570941,7.97506754139272,1.80329873943648,639.405433333333,284,269
-0.0325230976926698,0.233650409106146,1.35977526457563,640.506533333333,285,270
-4.42891010909996e-05,0.247192395758406,1.35637644860383,640.5399,285,270
0.0455288641595705,0.269805133757875,1.35562035974384,640.573266666667,285,270
0.0919051336979664,0.286543102541338,1.3498812675112,640.606633333333,285,270
0.137367741368428,0.301696774340091,1.3426376058307,640.64,285,270
0.171343922486714,0.316250255790244,1.3433396481344,640.673366666667,285,270
3.40575972346712,3.78256101849088,1.9425617062303,640.8402,286,271
3.39007706917174,3.69970630153126,1.94688456162911,640.873566666667,286,271
3.36566629469623,3.60380626812167,1.9476682483163,640.906933333333,286,271
3.35305134712404,3.52091902393275,1.95606649667071,640.9403,286,271
3.33057118269001,3.42693517867689,1.95690981254169,640.973666666667,286,271
3.31419615262896,3.34714529873806,1.95872019095975,641.007033333333,286,271
2.19498317538149,1.05751142026274,1.98783575210556,642.2416,287,272
2.18402216822908,1.0205438299175,1.99811345942464,642.274966666667,287,272
2.16773635528549,0.97432076753899,2.0028659675238,642.308333333333,287,272
2.15653510644643,0.932139215476269,2.00814696222266,642.3417,287,272
2.14691812385843,0.890384879058494,2.01199747895889,642.375066666667,287,272
2.13946124641014,0.84916930006706,2.0135260916443,642.408433333333,287,272
2.13366062887245,0.810405471522412,2.01483875905654,642.4418,287,272
1.99710806366881,0.748175654702883,1.39556316699179,642.3417,288,273
2.03955851211325,0.738914841219698,1.40326250965981,642.375066666667,288,273
2.08987120736157,0.725389112745731,1.41048963516488,642.408433333333,288,273
2.12861738473516,0.709968238402364,1.41333259276619,642.4418,288,273
-7.73941929614939,-12.7502517806101,2.66430541750755,642.8422,289,274
-7.64904021713082,-12.6187317030433,2.64229647914328,642.875566666667,289,274
2.25319722109617,-0.257233524469569,1.63320516016061,643.9433,290,275
2.25168204304114,-0.276584702171248,1.63044266552658,643.976666666667,290,275
2.24358238184957,-0.298269217073653,1.62389758098143,644.010033333333,290,275
2.23746449811553,-0.318601185424694,1.61734096773306,644.0434,290,275
2.22900437786924,-0.336429138761468,1.60907427705291,644.076766666667,290,275
2.22272686895476,-0.353927687530525,1.60155183587396,644.110133333333,290,275
2.22347053155692,-0.37017798591939,1.5985102391418,644.1435,290,275
-7.761820902763,-11.1659494182258,2.19023067744967,644.677366666667,291,276
-7.9702578724384,-11.3612222291031,2.21935866660522,644.710733333333,291,276
2.2528419099726,-0.241242985421187,1.3985870085385,645.8452,292,277
2.25152729377767,-0.231617427158419,1.39897581010274,645.878566666667,292,277
2.25027060675812,-0.220112019108209,1.39967545414948,645.911933333333,292,277
2.24955047740715,-0.209494687475373,1.39943563240315,645.9453,292,277
2.25181449822929,-0.200103558257442,1.39872206861598,645.978666666667,292,277
2.25065568987391,-0.191930971455908,1.39586723340936,646.012033333333,292,277
2.68209928708894,-0.268221077123637,1.01112318215928,647.813833333333,293,278
2.68203723228954,-0.271742937172454,1.01219383523153,647.8472,293,278
2.67925508158211,-0.277017547130673,1.01176418102683,647.880566666667,293,278
2.67661600959563,-0.283403106576813,1.01005667688793,647.913933333333,293,278
2.67548940496767,-0.290445870542299,1.00733026413908,647.9473,293,278
2.92499496276582,-0.0421499999906965,1.0595791650985,649.782466666667,294,279
2.92378821943752,-0.043714706663623,1.06293156274309,649.815833333333,294,279
2.92531616474904,-0.0459724180225581,1.06628215287155,649.8492,294,279
2.92512540727911,-0.0481173428805833,1.06739135108514,649.882566666667,294,279
2.91908474366429,-0.0511653343560406,1.0675042024111,649.915933333333,294,279
2.91564606135644,-0.0548140889519165,1.06982960748987,649.9493,294,279
2.77984276549741,0.181694560948428,1.10461820569157,651.651,295,280
2.78909117359272,0.18580816196075,1.11296933347758,651.684366666667,295,280
2.79859170632967,0.191017805690985,1.120216736091,651.717733333333,295,280
2.80959827164574,0.196481109499072,1.12791182582703,651.7511,295,280
2.82321824408435,0.20021512540461,1.1355706537819,651.784466666667,295,280
-13.4318025605092,-5.05565913566941,2.40046516251,652.385066666667,296,281
3.36745820994438,0.307150024988331,1.04993421263705,654.086766666667,297,282
3.37108046663386,0.301169754343004,1.04590932469456,654.120133333333,297,282
3.37727174046102,0.294082636614787,1.03933486315643,654.1535,297,282
3.38137552792625,0.285484807183303,1.03127546604403,654.186866666667,297,282
4.05151460624521,0.73027472929241,1.0818161752821,659.7591,298,283
4.0587967921176,0.731191792847935,1.08822873193846,659.792466666667,298,283
4.06753416067648,0.73065808602853,1.09296242896144,659.825833333333,298,283
4.07589612342626,0.72576859759851,1.09658708692251,659.8592,298,283
4.07509043284668,0.718756192623686,1.09750035822843,659.892566666667,298,283
4.08186213169163,0.711001510792397,1.09612632761372,659.925933333333,298,283
4.09088635462399,0.705323910474991,1.09305367213743,659.9593,298,283
-16.0461958255917,4.57705638795418,2.15940951852885,667.400066666667,299,284
-16.0874158458521,4.59311620191196,2.17987239863382,667.433433333333,299,284
-6.83381564382283,-1.56752040623828,3.27026881902838,671.604266666667,300,285
-6.80865578741322,-1.6390274682042,3.27421739215386,671.637633333333,300,285
-6.72724269092095,-1.72613205220274,3.26072031013013,671.671,300,285
-6.73258281220851,-1.82305846816233,3.2787001133888,671.704366666667,300,285
-2.77923470397762,-4.9161696537444,2.6869310102725,673.639633333333,301,286
-2.71772142973154,-4.9429331651805,2.67458458045551,673.673,301,286
-2.62591373905799,-4.92281854306509,2.64405965058865,673.706366666667,301,286
-0.251435876815092,-3.81764828428292,2.53763269896408,675.675,302,287
-0.223491247810427,-3.79735917886729,2.53293105404777,675.708366666667,302,287
-0.190517828007616,-3.76123447506311,2.52169008891108,675.741733333333,302,287
-0.154481855032698,-3.72322941707105,2.51176123557212,675.7751,302,287
-0.122440710522916,-3.68151462706785,2.49760924110509,675.808466666667,302,287
1.47493883823487,-2.20865198231269,2.73049722877623,677.9773,303,288
1.52304364736085,-2.20333472441135,2.72414829092271,678.010666666667,303,288
1.57919490516782,-2.20039195591401,2.71839070570055,678.044033333333,303,288
1.63688858675147,-2.20326202692004,2.71861992988683,678.0774,303,288
1.68720929561546,-2.19913165640504,2.71177586363251,678.110766666667,303,288
9.00006315252466,9.16715957372301,0.237352535155848,689.722366666667,304,289
8.96598522168759,9.1901303943582,0.207714344641365,689.7891,305,289
7.09127373829153,8.59755092180223,1.89160864319175,696.4958,306,290
7.05084947565396,8.53655712855773,1.89001725042179,696.529166666667,306,290
7.12709971018355,8.62528504891209,1.90951657296267,696.562533333333,306,290
7.11781316613392,8.59745674965792,1.9110045419319,696.5959,306,290
13.1129406836402,-3.69114322791692,1.88635987744153,716.982933333333,307,291
13.2141936107657,-3.76934845377461,1.9055168893251,717.0163,307,291
11.8505078162045,-4.75114991521552,1.72324325889534,718.5178,308,292
11.8561924900448,-4.78303542508654,1.72594915227313,718.551166666667,308,292
10.127096994212,-6.35832526190959,1.90635464322024,720.152766666667,309,293
10.1242482765365,-6.45765494057336,1.91291003945207,720.186133333333,309,293
7.08032487125263,-8.99058077644426,2.38596720423661,723.0223,310,294
7.10729581488667,-9.06332745033671,2.40311259470019,723.055666666667,310,294
7.20197146046845,-9.67032249515679,2.38977793695755,724.590533333333,311,295
18.4512664561544,1.18530332902371,3.1798535371123,728.561166666667,312,296
18.746374512661,1.13040953277116,3.22348225308749,728.594533333333,313,296
18.6755879158062,1.05321113998003,3.21622856925445,728.6279,313,296
8.80477195425831,-11.5223569370858,2.43362629440055,733.6329,314,297
8.63643247274632,-11.357227922449,2.41064662309419,733.666266666667,314,297
7.00927025181015,-12.2855290593865,2.66640739388868,735.1344,315,298
5.42816776194353,-12.4262952597369,2.53795519648304,736.602533333333,316,299
5.35049976573257,-12.2941386799037,2.51111428711854,736.6359,316,299
4.30129203337751,-11.1827121526339,2.24800007676941,738.003933333333,317,300
4.19888790848065,-10.930644769473,2.22386874066713,738.0373,317,300
4.23187287002325,-11.1080759649852,2.26798529684937,738.070666666667,317,300
7.5182013358552,12.3313706581862,0.485730294824696,738.8381,318,301
3.31926490048537,-10.4003180576452,2.31440552121765,739.472066666667,319,302
3.27041406836793,-10.3810459304899,2.31429981057361,739.505433333333,319,302
1.88926326354389,-8.72589779768246,2.21098382398398,740.9402,320,303
1.86122548984256,-8.66834663577934,2.19744054392206,740.973566666667,320,303
1.54325837096481,-7.9726030315581,1.95998108369752,742.475066666667,321,304
1.56984425090989,-7.99170572436423,1.95518415883622,742.508433333333,321,304
8.61937680593109,-3.97610936908452,1.83283401889421,743.743,322,305
2.43109109969032,-7.9313059809212,1.8511619122923,743.9432,323,306
2.4443376018445,-7.9233398384924,1.85357951365083,743.976566666667,323,306
2.46938678124234,-7.95531137568731,1.86109921580275,744.009933333333,323,306
2.94181663777931,-7.59362621571793,1.86904597342013,745.411333333333,324,307
2.95132073673155,-7.54780458027318,1.86205688072825,745.4447,324,307
3.61344994065861,-6.61880047908939,1.55926209750053,746.879466666667,325,308
3.61440656047409,-6.56581446191667,1.54850674421979,746.912833333333,325,308
3.62193910899736,-6.51892368097686,1.53703687751699,746.9462,325,308
3.62961199255,-6.46587025234272,1.52847806174095,746.979566666667,325,308
-1.96444771725287,11.4567356144698,0.651509283120212,746.979566666667,326,309
-1.98325378117259,11.336922682473,0.658792909504252,747.012933333333,326,309
-2.059182167315,11.4541629783991,0.669548032777225,747.0463,326,309
-2.11122746581167,11.45599969307,0.676495459673853,747.079666666667,326,309
-2.13763501475779,11.3059775546552,0.684302929558093,747.113033333333,326,309
2.37221864763147,-4.30790765620593,1.42033205254668,749.8491,327,310
2.34805185046256,-4.2995389679362,1.42053940770508,749.882466666667,327,310
2.31846160989287,-4.27647806334527,1.41900489636195,749.915833333333,327,310
2.29153049721462,-4.27026481589531,1.42218120600191,749.9492,327,310
1.16201046318551,-3.11007885197691,1.64141637777922,751.283866666667,328,311
1.14447599600971,-3.10915964988356,1.65840652028877,751.317233333333,328,311
1.12343834642908,-3.10715979856889,1.67794432307038,751.3506,328,311
1.10383239984511,-3.10961670518312,1.69758095241035,751.383966666667,328,311
1.08526158152367,-3.11464909951822,1.71709497392196,751.417333333333,328,311
-0.158286597856536,-2.89540544563188,1.73979868010186,752.8521,329,312
-0.199412872485979,-2.8738379542074,1.7324953516553,752.885466666667,329,312
-0.253872309742053,-2.89193214344324,1.74329638042479,752.918833333333,329,312
-0.303346206290176,-2.90068055311095,1.75131332686441,752.9522,329,312
-0.789633857216501,-2.68530033921245,1.75846423315205,754.3536,330,313
-0.770380095964933,-2.67109965044004,1.75260192148318,754.386966666667,330,313
-0.746870912389835,-2.65478909591146,1.75073068220558,754.420333333333,330,313
-0.715771195689994,-2.62380968108198,1.74295044990706,754.4537,330,313
-0.685013165275763,-2.59114443660635,1.73347147043662,754.487066666667,330,313
1.31694421718476,-0.668299818530547,1.29425005503498,757.123033333333,331,314
1.33030509628729,-0.650987386393668,1.28736612974655,757.1564,331,314
1.3479164841369,-0.629309620484569,1.27885309044461,757.189766666667,331,314
1.36228108722856,-0.608630624084532,1.27244320971895,757.223133333333,331,314
1.37336551163859,-0.588847363287352,1.26639470086943,757.2565,331,314
1.38337231758209,-0.573304127730064,1.2628610896827,757.289866666667,331,314
1.60795404842225,0.549160758033851,0.993817001154602,758.591166666667,332,315
1.60061086892397,0.577602916221387,0.993162688610986,758.624533333333,332,315
1.600900801312,0.617441869786709,0.996835099080697,758.6579,332,315
1.58964919972112,0.636876331467405,0.994292112288801,758.691266666667,332,315
1.65297503327097,1.31845759657764,1.21458379307038,760.092666666667,333,316
1.66223477782717,1.33790351552828,1.21754684632757,760.126033333333,333,316
1.66832448566973,1.35857870016304,1.21995740242717,760.1594,333,316
1.27226783071477,3.11341158031913,0.97950842780205,763.1624,334,317
1.2540735017724,3.09931123680947,0.980103827234061,763.195766666667,334,317
0.660886191322682,3.16871347648699,1.02199303426144,764.597166666667,335,318
-1.20780106952869,4.73612987628385,1.06966356133903,766.599166666667,336,319
-1.27319849809425,4.7978646507755,1.08480826739841,766.632533333333,336,319
-14.8312391489329,-5.73038748320135,1.9462856383402,766.732633333333,337,320
-15.0995859861665,-5.79365675731982,1.98545662871506,766.766,337,320
-2.78773588714204,4.80613237250898,1.23522601099323,768.033933333333,338,321
-14.6146283157973,-3.73902146619436,1.79326921033558,769.702266666667,339,322
-2.51054998655074,-3.70626999434447,2.30366911975029,778.844733333333,340,323
-2.44892975560847,-3.72870088885756,2.30234206909522,778.8781,340,323
-2.38726340337743,-3.75599390597481,2.30534829503068,778.911466666667,340,323
-2.31678747059874,-3.7677118404468,2.30080523355798,778.944833333333,340,323
-2.26011189945051,-3.7935585060074,2.30212046784739,778.9782,340,323
-12.4943482246985,-2.97029117973847,1.72669126287521,779.512066666667,341,324
5.08043412541021,6.49287836335377,0.732409312151324,781.847733333333,342,325
4.95179892388506,6.34800609205668,0.731176432805463,781.8811,342,325
4.95099260149428,6.38597625315478,0.727535825153194,781.914466666667,342,325
4.94308094605736,6.42982725681927,0.724566821885774,781.947833333333,342,325
4.83658379676908,6.44010555771899,0.749938234231284,782.0813,343,325
4.80016991617639,6.40470784694128,0.755251820818009,782.114666666667,343,325
4.85788783844731,6.51593588221851,0.769361775815468,782.148033333333,343,325
-9.28689216350012,-3.61167010270903,1.31860948493081,782.715266666667,344,326
-9.23211383397014,-3.66796572662718,1.33101462642954,782.748633333333,344,326
3.03711508400772,-4.63369504905726,1.52326212201738,783.349233333333,345,327
3.02797042041817,-4.62277306786228,1.51947196914891,783.3826,345,327
3.02108409999433,-4.61542381744257,1.51626029530103,783.415966666667,345,327
3.0244669594452,-4.62192107752845,1.51665384377177,783.449333333333,345,327
3.02285407020297,-4.6176953928459,1.51220590623442,783.4827,345,327
-6.67972670404988,-5.49301137178687,1.69226218032686,784.1834,346,328
-6.59459624862152,-5.49192472569499,1.69001350343583,784.216766666667,346,328
-4.95900697376192,-7.46670254301174,1.73774120306651,785.6849,347,329
3.32471409654213,-3.48695040466918,1.80838301540893,785.8851,348,330
3.33251267511803,-3.48507343226275,1.81385496829947,785.918466666667,348,330
3.34537712255503,-3.48687110716746,1.82202940614935,785.951833333333,348,330
3.35790424237307,-3.49258448804836,1.82886003315547,785.9852,348,330
3.3613667596349,-3.48432549525595,1.83357735160938,786.018566666667,348,330
4.40487718304637,-1.79015953879613,1.8395105909442,788.921466666667,349,331
4.42302047721122,-1.77630817178328,1.83590140363195,788.954833333333,349,331
4.44745458534532,-1.76129643702456,1.83350720478358,788.9882,349,331
4.48118877715641,-1.75016545675375,1.83528013320415,789.021566666667,349,331
4.50228521265582,-1.73419333935056,1.83347939970738,789.054933333333,349,331
4.5382222074436,-1.72679232697551,1.83681911276207,789.0883,349,331
4.2722559808754,0.150640338366393,1.29757610085227,795.161033333333,350,332
4.26168756640598,0.166295405770925,1.29841099696315,795.1944,350,332
4.25472349494128,0.18484560178073,1.29885644960193,795.227766666667,350,332
4.25184725111901,0.199700239162396,1.30204697227143,795.261133333333,350,332
4.24319241466154,0.213964181365498,1.30177936342727,795.2945,350,332
4.24376682568744,0.226709637276781,1.3020727210909,795.327866666667,350,332
6.53258984072354,0.00218059198046472,1.40269295187534,807.339866666667,351,333
6.55224713866389,-0.00629426326560112,1.40439727337103,807.373233333333,351,333
6.53498065927286,-0.0173161991348529,1.40060810233579,807.4066,351,333
6.56189017348257,-0.0263065261072617,1.40384510292207,807.439966666667,351,333
10.3491992972179,14.120708646225,1.17898611706044,808.974833333333,352,334
-2.55030033163099,-12.4149676164015,2.74435255127145,811.844366666667,353,335
4.51300887346312,7.58558916078496,1.38151502368122,813.679533333333,354,336
4.49525091172889,7.5831259911034,1.39239082438706,813.7129,354,336
4.42852187496558,7.50302834504811,1.39479381806117,813.746266666667,354,336
4.31474805912425,7.32614036006752,1.38785089936844,813.779633333333,354,336
2.63321515930252,5.95005324137873,1.59829022493214,815.381233333333,355,337
2.60641484304852,5.92634633992676,1.59410157276239,815.4146,355,337
2.58352240192214,5.91814080142194,1.59341251157166,815.447966666667,355,337
0.855761591259093,4.32741700944375,1.23745172645619,817.449966666667,356,338
0.832157925817509,4.30326771933287,1.22988388766481,817.483333333333,356,338
0.809611923444972,4.40942494946967,1.24106373363804,817.5167,356,338
-1.47312539148117,-9.75587314710297,2.33021338424286,821.5207,357,339
4.35790773490145,6.21883134537143,0.873083752585832,838.003833333333,358,340
4.14490993774468,0.039319694978556,0.252753012427179,838.170666666667,359,341
4.15719154268733,0.0391039539181895,0.251511416857348,838.204033333333,359,341
0.0403225484916891,-0.263564144611977,0.769671499606409,842.0412,360,342
-10.449425906861,7.93177157193257,1.57934791783635,842.074566666667,361,343
-10.379746120919,7.91518321714264,1.58499479455933,842.107933333333,361,343
-7.4253136011379,8.00281467303661,1.69083236057443,844.176666666667,362,344
-7.28567245996864,7.92718907489553,1.66367784473564,844.210033333333,362,344
-7.22592092795128,7.93112713548439,1.6501623883392,844.2434,362,344
8.40877060640514,9.30375382288422,1.44046155960428,844.376866666667,363,345
8.40484616678639,9.36496956154344,1.44007857146441,844.410233333333,363,345
8.22207732710093,9.20877079653182,1.42587458088261,844.4436,363,345
-5.33804147378008,8.63838845038048,0.948208229215455,846.078566666667,364,346
-5.4095388313066,8.79637959903303,0.941844703516771,846.111933333333,364,346
6.23252473804954,9.30988067175777,1.57066501656151,846.278766666667,365,347
6.22191348961323,9.3452249033315,1.57598912960204,846.312133333333,365,347
6.15695921654329,9.29798871701147,1.57256960986201,846.3455,365,347
-2.85774200103653,-0.390572222795814,1.59600379619826,846.3455,366,348
-2.89905209598559,-0.432953441479801,1.60582157493148,846.378866666667,366,348
-2.94097736086897,-0.47425289510522,1.61942568165687,846.412233333333,366,348
-2.97444601935544,-0.510451041253309,1.6290564320889,846.4456,366,348
-3.01618202917779,-0.544920614935187,1.64110847318154,846.478966666667,366,348
-3.05079223315116,-0.574503214077914,1.65167998174937,846.512333333333,366,348
-3.08414274867882,-0.607262309152803,1.66277014857207,846.5457,366,348
-3.11896144860313,-0.642888641171197,1.67823169297182,846.579066666667,366,348
-3.17121711700335,-0.67923481900825,1.69782544127877,846.612433333333,366,348
-3.18857004649729,-0.70679138552455,1.71090894109469,846.6458,366,348
4.70825935755602,9.37255395429442,1.7971712098583,848.4476,367,349
4.67352383615345,9.34384750722666,1.80140323862925,848.480966666667,367,349
4.682709408436,9.43137128869464,1.8245866095567,848.514333333333,367,349
-1.74185626960719,-2.65473477872682,1.08760635150048,851.6508,368,350
-1.73918168756532,-2.66295562226839,1.05892024520565,851.7509,369,350
-1.72880518363109,-2.65738025934193,1.05403500285295,851.784266666667,369,350
-1.70244018872943,-2.64208876542239,1.05153705725517,851.851,370,350
0.171989713985034,-0.564146577175852,0.73806459090116,852.3515,371,351
-4.79725242407476,12.1472531080745,0.679228495277952,855.187666666667,372,352
-4.61400609845309,-13.1345826074249,1.71372446484359,856.188666666667,373,353
-4.60750157029944,-13.0970522766912,1.71087851741185,856.222033333333,373,353
-1.09254480039026,11.5279783139164,0.337775768449917,856.856,374,354
-0.993765828338804,11.3137295102329,0.339803103586898,856.889366666667,374,354
3.67539191929505,10.4472241356274,0.608173104182669,862.094566666667,375,355
0.173467339225281,-0.243096043640712,1.60227951938794,862.127933333333,376,356
0.198184825965444,-0.222238998488377,1.62183258741028,862.194666666667,377,356
0.284732419244622,-0.174520716613495,1.66101408194072,862.3615,378,356
16.3731855784964,-7.18855890148954,2.66196272997505,862.4616,379,357
-4.63561142655858,-13.1892473975388,1.71555202124564,862.628433333333,380,358
-4.63561142655858,-13.1892473975388,1.71555202124564,862.6618,380,358
13.7085135759708,-8.96525664583933,2.48105948631121,864.1633,381,359
10.9371975581964,-10.4576295431163,2.88115823147402,866.0652,382,360
10.9002786895285,-10.4684524992746,2.88649121657496,866.098566666667,382,360
-4.8621580124796,-9.68401623856993,2.68084976083535,870.536333333333,383,361
-4.7815525425486,-9.49758696750005,2.65141046573161,870.5697,383,361
-4.81817167582487,-9.51678886047985,2.66473081269074,870.603066666667,383,361
-4.6512475477703,-7.07299738041972,2.41984502425708,873.305766666667,384,362
-4.61173557167922,-7.0249601714872,2.4221138752943,873.339133333333,384,362
-4.61479935011016,-7.04163657766399,2.43853128942726,873.3725,384,362
-4.52754286652173,-6.93414451481924,2.42660124831539,873.405866666667,384,362
6.49733568680915,-1.59120560071326,1.06798626231675,873.405866666667,385,363
6.49920771346849,-1.59565686298629,1.07124278772191,873.439233333333,385,363
6.49885943252382,-1.5994580699807,1.07581903547342,873.4726,385,363
-2.33500862975743,-5.53018172189706,2.04225019302694,875.2744,386,364
-2.29626278291997,-5.51742517793164,2.03678821782525,875.307766666667,386,364
-2.2511410227352,-5.49576905143728,2.02883988288619,875.341133333333,386,364
-2.20452405569975,-5.47990045707516,2.02458620141851,875.3745,386,364
-2.15895806506591,-5.46179927135807,2.02271200460952,875.407866666667,386,364
-0.0691938906951375,-4.30857937171297,1.58002238432944,877.343133333333,387,365
-0.0345450511523423,-4.27231824442618,1.57451941156369,877.3765,387,365
0.000746946938871895,-4.20847219257466,1.5660697238315,877.409866666667,387,365
0.0288562861029518,-4.16368085349746,1.5650124192991,877.443233333333,387,365
0.0543254267857141,-4.14047048125781,1.56861609715513,877.4766,387,365
3.76668435136318,-4.36203381569915,2.53983735996674,878.2774,388,366
3.74048161713933,-4.36108508391503,2.53272995664206,878.310766666667,388,366
3.70576981427074,-4.35598097619617,2.52331785423316,878.344133333333,388,366
3.6782256738215,-4.35311658834258,2.5140543835337,878.3775,388,366
2.14825913974627,-3.78955064839078,1.6769767751925,879.612066666667,389,367
2.19809540543627,-3.77490967435662,1.67652533137298,879.645433333333,389,367
2.25199565178894,-3.76884114110973,1.68364039519478,879.6788,389,367
2.28322096577877,-3.70403787435711,1.67494977732358,879.712166666667,389,367
2.34377515086168,-3.7411571957294,1.69443727768068,879.745533333333,389,367
2.72583820037529,-3.64246161061538,2.13302597739571,879.845633333333,390,367
2.7021985250525,-3.62386298346444,2.12511867511349,879.879,390,367
2.68345126644089,-3.62930811445608,2.12374574990493,879.912366666667,390,367
2.65877140196709,-3.62661244339765,2.11866927281159,879.945733333333,390,367
2.62135363577273,-3.6121410392735,2.10523238688562,879.9791,390,367
-0.397500679185574,7.34708320335358,0.454850558083492,879.945733333333,391,368
-7.67699710881228,10.4529798952127,1.23306228536038,892.057833333333,392,369
-7.87820539861236,10.553119636625,1.2464795647802,892.0912,392,369
4.10363859004951,6.27789421350301,1.52107861499128,892.558333333333,393,370
-3.3644317902965,-12.6727916433228,2.68178061387942,895.561333333333,394,371
-8.27350724789058,6.91182657031841,1.3856533230127,895.661433333333,395,372
-8.21513300573083,6.93063024410185,1.37143287627664,895.6948,395,372
-8.10378469318267,6.92891141846486,1.34901307308765,895.728166666667,395,372
-2.54175486238176,-12.0716572239573,2.69755497012066,897.129566666667,396,373
10.3343317214089,-4.98777483799899,1.88700937914897,897.5967,397,374
10.2952051265047,-5.01480441828467,1.89208388486928,897.630066666667,397,374
-5.88917175978112,8.34705237138741,0.913150642687933,897.6968,398,375
-5.89831884603197,8.42718917698105,0.900530998074289,897.730166666667,398,375
-5.8885705865687,8.49665063284134,0.885366139454058,897.763533333333,398,375
5.0287918122514,4.37346579016426,0.871027885108938,898.230666666667,399,376
11.0228492641051,-6.48689919748725,1.34313321118274,898.4976,400,377
3.25316488855677,4.65013123114477,0.969768672437266,898.631066666667,401,378
3.26448403893633,4.65476136227718,0.981045582756182,898.664433333333,401,378
3.25833041246978,4.62932873969275,0.989566958212699,898.6978,401,378
3.25334540604125,4.61459818591933,0.996226580559971,898.731166666667,401,378
3.23737798398302,4.57575875717502,1.01552186177306,898.864633333333,403,378
3.25839862741689,4.61759650750131,1.01878587442741,898.931366666667,404,378
3.23172566009349,4.5752445503214,1.01985120841811,898.964733333333,404,378
3.19710273080689,4.55800992959467,1.03433906906494,899.131566666667,405,378
-3.48819665320984,-12.5657080736339,2.93873268546572,898.664433333333,402,379
-3.78688396831176,9.12493092625583,1.01125180205815,899.665433333333,406,380
-3.69330597701981,9.0026533454989,1.00710653296192,899.6988,406,380
-3.67141921989061,9.02716651448781,1.00922987343162,899.732166666667,406,380
-1.5335159446813,8.98233584500558,0.914264455524617,901.8009,407,381
-1.48582804610033,8.95068183374072,0.910037988239855,901.834266666667,407,381
-1.45384396106011,9.04497761827575,0.915167718592344,901.867633333333,407,381
0.9442556926835,-10.621264436575,2.86344422524385,903.168933333333,408,382
0.963802977697155,-10.3647870807553,2.80615063964981,903.2023,408,382
1.3891674958581,-6.85692763460678,1.69823310745756,904.069833333333,409,383
1.3810671027156,-6.79806068042702,1.6891376267771,904.1032,409,383
1.39300145870477,-6.91446331421869,1.71040968817834,904.136566666667,409,383
1.40324338463678,-6.966416463268,1.7217066727507,904.169933333333,409,383
1.40437829533197,-7.02650737362955,1.73134858624376,904.2033,409,383
1.37577364422352,-6.75446712895137,1.69583430297923,904.236666666667,409,383
1.39479826208681,-6.97722004060578,1.72877214998461,904.270033333333,409,383
1.39397910209131,-6.97264307753119,1.73126915088404,904.3034,409,383
1.38131668397418,-6.848961465207,1.71166866566379,904.336766666667,409,383
1.40408443245839,-7.02126276664966,1.74015813563036,904.370133333333,409,383
1.36646407797276,-6.7338300984872,1.69588141035926,904.4035,409,383
1.37585470873406,-6.79474126259406,1.70442017456022,904.436866666667,409,383
1.42006892785784,-7.12387852061332,1.75668899415873,904.470233333333,410,383
3.67753881991549,7.33860827520186,1.03975988299776,905.938366666667,411,384
3.75847541021468,7.40396378305225,1.04334653370911,905.971733333333,411,384
3.85443972945456,7.48356713127498,1.04633439240868,906.0051,411,384
3.89509436535056,7.44495157819925,1.045053093377,906.038466666667,411,384
6.44170680162509,-6.74571802287703,1.31769744618292,907.172933333333,412,385
6.44728506572854,-6.75268850169008,1.31357677472175,907.2063,412,385
6.39361188772287,-6.68506327255621,1.30915091861848,907.239666666667,412,385
6.47348511278638,-6.71637804758272,1.31235007855552,907.373133333333,413,385
-0.985605498059961,-7.98206872919181,1.93119845291786,909.441866666667,414,386
-0.943451152038742,-7.66735646892319,1.88288408104269,909.475233333333,415,386
-1.07193599954558,-8.19424657722166,1.97686518934438,909.5086,416,386
-1.06098463408892,-8.06673882571938,1.95605845614518,909.541966666667,416,386
-1.15689202702533,-8.23651428712289,2.00133509062333,909.642066666667,417,386
-1.15584227457946,-8.12352434031985,1.98770952498238,909.675433333333,417,386
-1.1879186434705,-8.19862052399759,2.00744850306886,909.7088,417,386
-1.20466421733463,-8.14304811881504,1.9996773479481,909.742166666667,417,386
-1.29918169499636,-8.39088953330481,2.05506301267109,909.8089,418,386
-1.35981065696591,-8.4330581424779,2.07016351876759,909.875633333333,419,386
-1.38179301338195,-8.43909368311506,2.07327225145642,909.909,419,386
6.82981332162034,7.58771844607057,0.627382011457411,910.0091,420,387
2.77178357877415,-13.6808420813336,2.40022406195621,912.3114,421,388
2.22000425668812,-6.43796433441703,1.41927918403887,915.180933333333,422,389
2.19112249736884,-6.33213726862528,1.4012301107168,915.2143,422,389
2.18882207251148,-6.34394071489725,1.39900259360557,915.247666666667,422,389
2.18868964158946,-6.36575659305223,1.39759562580042,915.281033333333,422,389
2.18102238554089,-6.3542007583075,1.39244574501433,915.3144,422,389
2.1656390860078,-6.31669197086084,1.38483479135215,915.347766666667,422,389
2.19101347825841,-6.40915621015521,1.39373440820425,915.381133333333,422,389
2.15846345861964,-6.28938293178761,1.37666538395643,915.4145,422,389
2.16305418292201,-6.31057203416953,1.37807993306933,915.447866666667,422,389
2.13803993991931,-6.22585304595201,1.36688535842999,915.481233333333,422,389
2.17459232148153,-6.3859632035612,1.38683880828032,915.5146,422,389
2.13927818242983,-6.27687940227577,1.37906491317565,915.6147,423,389
2.12533119119724,-6.24107618306766,1.37710411770349,915.648066666667,423,389
-1.65335479563048,-11.0995103434862,2.83262226993998,917.049466666667,424,390
-1.72644810677003,-11.2812697415118,2.87357353974949,917.082833333333,424,390
-3.4062022626517,-10.8034366141653,3.05176736487171,918.651066666667,425,391
-3.36171742271359,-10.545810934132,2.99725548931543,918.684433333333,425,391
-6.14114530791588,-7.49262200120977,2.91425793031103,921.8209,426,392
-6.19788282036787,-7.49605972958378,2.92053658793929,921.854266666667,426,392
-6.21334506800284,-7.44148527421633,2.91963111015845,921.887633333333,426,392
3.75919685475052,8.15124473410244,1.13199792786986,921.954366666667,427,393
3.87585116618773,8.31980043654127,1.13879870670901,921.987733333333,427,393
3.86256224158868,8.14885482225971,1.12885895832148,922.0211,427,393
3.94761736166886,8.24347545215628,1.13397373272435,922.054466666667,427,393
3.9673440942626,8.18293038851167,1.13632602729835,922.087833333333,427,393
4.00851640796277,8.18755949214115,1.14077397211005,922.1212,427,393
4.0650476276172,8.24805477747854,1.15383783229994,922.154566666667,427,393
4.15774823707804,8.31708613572036,1.17520806682075,922.2213,428,393
-1.11117469171083,-8.6016240929341,2.34317747430647,922.8219,429,394
-1.13223608835205,-8.66213164643111,2.35504520277246,922.855266666667,429,394
-1.0977875567815,-8.47314123742166,2.31645304200919,922.888633333333,429,394
-1.1088165824283,-8.51565733902433,2.32156154449088,922.922,429,394
-1.15379905392833,-8.73387981523461,2.36088075838873,922.955366666667,429,394
-1.15016213108871,-8.69507129776759,2.35032082934477,922.988733333333,429,394
-1.20778248018694,-8.95312678869563,2.39050111286007,923.0221,429,394
-1.17114713086486,-8.77350383233027,2.35174486947143,923.055466666667,429,394
-5.95175330780469,-5.68813986063432,2.61062213110204,923.4225,430,395
-5.97344073241186,-5.67201802593936,2.61118724178464,923.455866666667,430,395
-5.93731355427647,-5.59657207065846,2.59785433078144,923.489233333333,430,395
5.90972043128279,6.32326620415041,0.947811393510655,927.259666666667,431,396
5.91242214046917,6.30673025967014,0.940715643249003,927.293033333333,431,396
6.02963951779846,6.41492555060453,0.944289035672581,927.3264,431,396
-3.0087618053735,10.7640698629426,2.17644306566859,930.462866666667,432,397
-8.92465915810266,5.49629702639606,2.25183335401432,935.4345,433,398
-9.01424038291621,5.47124645264956,2.25881091175827,935.467866666667,433,398
-4.78457416265832,-2.22078287981154,1.64395348308644,958.691066666667,434,399
-4.77801065100426,-2.20772243987011,1.65353274084214,958.724433333333,434,399
-4.73610199054069,-2.18483652967518,1.65821784482101,958.7578,434,399
-3.99390319933573,-1.0498815351882,1.79048971406093,960.2593,435,400
-3.98512650771301,-1.01955340503511,1.79082762171018,960.292666666667,435,400
-3.98678677320494,-0.99438545226485,1.79507699416581,960.326033333333,435,400
-3.98248780009441,-0.968676255736042,1.79790381882665,960.3594,435,400
-3.75717578999225,0.341476211755459,1.84151275421702,961.827533333333,436,401
-3.74847124427805,0.372444552236543,1.84393486824988,961.8609,436,401
-3.73884259376446,0.404924760792392,1.8463858420649,961.894266666667,436,401
-3.74633099389141,0.439553677524978,1.85734614770198,961.927633333333,436,401
-3.21283701969193,2.20453213014226,1.85005414555548,963.429133333333,437,402
-3.18149651329707,2.22883522368707,1.84592758737746,963.4625,437,402
-3.15122699906692,2.25906665267146,1.84505056179523,963.495866666667,437,402
-3.15160772631743,2.30392757020454,1.85294843532329,963.529233333333,437,402
-2.08524482590718,3.87556812253915,1.92653405816441,964.997366666667,438,403
-2.04804942154794,3.89249558733413,1.92411574994428,965.030733333333,438,403
-2.02872158249137,3.93917646604124,1.93387069600291,965.0641,438,403
-1.98515870567663,3.95395950886717,1.93316588031235,965.097466666667,438,403
-1.06826535573464,5.57012518025881,1.9808171176497,966.699066666667,439,404
-1.03338362401139,5.56511562181644,1.97328716114155,966.732433333333,439,404
1.60353449592279,5.09368445434368,1.81971253837154,968.400766666667,440,405
1.66484830874014,5.08589690184493,1.81751233406349,968.434133333333,440,405
1.72721878465324,5.09111427337464,1.81911685359597,968.4675,440,405
12.2743425296058,-7.14047204875091,1.27127025606979,968.6677,441,406
4.35815144476977,5.53614177728392,1.4481065804389,969.8689,442,407
4.47059004742272,5.618602363075,1.45404370966297,969.902266666667,442,407
-6.83789272876887,-12.7231303448519,2.54199313206982,972.538233333333,443,408
-6.73587715477226,-12.5777842796495,2.51963598657077,972.5716,443,408
-6.62743523714057,-12.6233549502106,2.53355919950536,972.7718,444,408
11.2985205473826,-8.49616186956898,1.66678210353831,973.806166666667,445,409
11.2600114152219,-8.4774105297314,1.65906059641016,973.839533333333,445,409
11.2322606476131,-8.46782457959194,1.66816677034405,973.8729,445,409
11.3085449485371,-8.53303567608416,1.67276456534059,973.906266666667,445,409
11.3317817429242,-8.60044643037312,1.6765466654765,974.139833333333,446,409
-3.36356917535399,-8.6605467653137,2.50221651213953,977.7768,447,410
-3.36875933938814,-8.68197155849113,2.51094005025434,977.810166666667,447,410
-3.33474320282088,-8.62508066796957,2.500957293122,977.843533333333,447,410
-3.2672324072564,-8.4962847291074,2.48147332693756,977.8769,447,410
-3.34148793708542,-8.67598572064082,2.52311820848959,977.910266666667,447,410
-3.24737698453873,-8.49879300166686,2.49006974019419,977.977,448,410
-3.26786589289516,-8.57718708905328,2.50898492434099,978.010366666667,448,410
-3.22786301702195,-8.5218724232067,2.50354179737352,978.043733333333,448,410
-3.18630574637081,-8.44292590200975,2.48916727477797,978.0771,448,410
-3.1715305605745,-8.44241604795477,2.48775835876114,978.110466666667,448,410
17.0399000024191,-7.00727752553813,2.44537674048642,979.144833333333,449,411
1.33799848701351,1.96468694315078,1.53086641405606,989.6887,450,412
1.35728403686624,1.96661502349148,1.53099276240721,989.722066666667,450,412
1.37668560432443,1.97240418467678,1.5351408663931,989.755433333333,450,412
1.39189423367074,1.96862140543483,1.53499126752582,989.7888,450,412
1.41291252383948,1.97528865806184,1.54224631931897,989.822166666667,450,412
1.42359619327607,1.96402418985237,1.5400617974759,989.855533333333,450,412
1.44240494484238,1.9675539808252,1.54691775182589,989.8889,450,412
6.56053361523152,9.85906902549041,1.18516196224729,999.431766666667,451,413
6.49950054162182,9.79654099985524,1.18706742392223,999.465133333333,451,413
5.90816375574305,6.13409106526416,1.46028605019364,1001.93426666667,452,414
5.88149519049365,6.0536946145914,1.46676918190644,1001.96763333333,452,414
5.85068654513582,5.97224698835786,1.4659391649143,1002.001,452,414
-4.30399849190795,9.51141000527176,1.37480315321554,1014.1131,453,415
-4.29607617560122,9.3931347502494,1.37136746059777,1014.14646666667,453,415
-4.3821421360791,9.46061115231774,1.38355835283848,1014.17983333333,453,415
-4.45222797829807,9.48759004026586,1.39366803000736,1014.2132,453,415
-16.0604607556268,4.77141193614358,2.02900917637726,1029.96226666667,454,416
-15.87421704263,4.75277087923219,2.01115058178235,1029.99563333333,454,416
-13.8541813958204,7.29151436484159,1.7513464765364,1032.06436666667,455,417
-10.1932590373687,8.16669545802583,1.30455350332673,1034.46676666667,456,418
-10.0259501119349,8.07735665679959,1.29376288293828,1034.50013333333,456,418
-10.0227651853129,8.10803919323824,1.29402322824468,1034.5335,456,418
-4.99122478263545,7.59267392001095,0.739580148767748,1036.80243333333,457,419
-4.95383847262018,7.63538373932284,0.718167088940982,1036.8358,457,419
-4.86601763120527,7.60818206966228,0.695399245272645,1036.86916666667,457,419
3.91744681581455,6.35494663866479,0.878471931272791,1040.50613333333,458,420
3.89790664701205,6.32536674258302,0.884162646107852,1040.5395,458,420
8.67199603953081,-3.19295610015317,1.96954702941808,1041.50713333333,459,421
2.03683580278195,4.1631216900338,0.821911604098147,1042.57486666667,460,422
2.01734252962946,4.14347351290133,0.827571069629121,1042.60823333333,460,422
1.88408273977576,3.9571128388368,0.845115213273328,1042.7417,461,422
1.75933160342773,3.80735145864436,0.855900278890573,1042.87516666667,462,422
1.732876448229,3.77552466470156,0.860803292851176,1042.90853333333,462,422
1.52648747473224,3.53198068341917,0.882946023559686,1043.20883333333,463,422
1.42645446634735,3.48720328417982,0.879276151281083,1043.37566666667,464,422
1.32698435083343,3.37393216974173,0.869031434861313,1043.50913333333,465,422
1.30752701041646,3.34169432250233,0.867073296235481,1043.5425,465,422
1.21435447080967,3.27894218129638,0.861455357832573,1043.67596666667,466,422
0.66476313891288,2.05228617543322,1.27276607564695,1045.1441,467,423
0.659869032436706,2.0107384148877,1.28443030033558,1045.17746666667,467,423
0.591141397784988,1.54715867870065,1.34056045341195,1045.4444,468,423
0.583296715311499,1.51472159841128,1.3444687004833,1045.47776666667,468,423
0.572629408859225,1.47331938199165,1.34799052154735,1045.51113333333,468,423
0.168945647624594,-2.01828650834818,1.4588649655634,1047.9469,469,424
0.180311534597181,-2.0670806962731,1.47131018964195,1047.98026666667,469,424
0.741628454538506,-4.46397130845073,2.13703921729247,1049.58186666667,470,425
0.769971217191606,-4.46793029613536,2.13989157119744,1049.61523333333,470,425
4.87452052103124,7.19132691727669,1.54171605106608,1054.72033333333,471,426
4.85768085139419,7.10830493553074,1.54595477189612,1054.7537,471,426
4.8508094412496,7.04092183793649,1.55320545679788,1054.78706666667,471,426
4.85420698177744,6.98929683733221,1.56592813514034,1054.82043333333,471,426
8.38497285736575,-6.37201976954875,1.60599400178998,1055.8548,472,427
8.07589286425481,4.38880962970433,2.01827584891707,1056.52213333333,473,428
8.14393452776073,4.3945713483041,2.03720151307127,1056.6556,474,428
3.96738080310839,3.64035726712903,1.61734888583139,1056.6556,475,429
3.96905667192851,3.61860894792172,1.61825384672073,1056.68896666667,475,429
3.95136670660862,3.56874604395733,1.61147104679849,1056.72233333333,475,429
3.93677540129987,3.52334330392735,1.60463710283021,1056.7557,475,429
3.91997622912644,3.47261297401926,1.59949109211219,1056.78906666667,475,429
2.58669944754086,0.30630605045193,1.54492119558626,1059.058,476,430
2.55316462074019,0.269797907511867,1.54496743664354,1059.09136666667,476,430
2.51628102039736,0.231339308967507,1.54482232426651,1059.12473333333,476,430
2.47696429505047,0.193920733481938,1.54399244881524,1059.1581,476,430
2.44330762711253,0.162774952548536,1.54467027927482,1059.19146666667,476,430
-0.578159701908344,-3.4151314357897,1.99561887001098,1063.09536666667,477,431
-0.607623323164505,-3.44966375106195,1.99908525597063,1063.12873333333,477,431
-0.645532127293613,-3.50154722049955,2.00669893023013,1063.1621,477,431
-0.674904308959073,-3.53384030869587,2.00896261734177,1063.19546666667,477,431
8.78015833840807,9.67174116626788,1.6654885031369,1065.29756666667,478,432
8.68705488557058,9.56422654715732,1.65537231991371,1065.33093333333,478,432
8.62353897550212,9.51644813997706,1.64984735195679,1065.3643,478,432
8.59476883401837,9.50162309712094,1.64592937650343,1065.39766666667,478,432
8.49581260739239,9.40799393172388,1.63862767959289,1065.43103333333,478,432
8.50144629003682,9.44551010088248,1.64113869381839,1065.4644,478,432
8.37813921079676,9.35815085269333,1.64128642689545,1065.53113333333,479,432
8.40802315216046,9.4248153229187,1.66147341294229,1065.5645,479,432
8.36823383473361,9.40660472835852,1.66738356066469,1065.59786666667,479,432
8.31403401968353,9.37365794463091,1.67333021967218,1065.63123333333,479,432
8.12199537823171,9.19990838218279,1.67992295501851,1065.69796666667,480,432
0.447398487699967,-0.647433088443094,0.74067140875522,1079.94553333333,481,433
0.45336119375053,-0.649866053148385,0.741379314618838,1081.3803,482,434
-10.9371601537821,5.50683807816973,2.39681941430177,1097.76333333333,483,435
-10.7517351939556,5.48956702380809,2.36870781308939,1097.7967,483,435
-10.601517416101,5.49652254056648,2.34958828956248,1097.83006666667,483,435
-5.87529624203459,7.17401864454365,2.09242435195817,1099.93216666667,484,436
-5.78741818157751,7.19016167701443,2.08239115834526,1099.96553333333,484,436
-5.6180960712498,7.12352846326596,2.05537162662702,1099.9989,484,436
0.688083212656598,4.86801904996776,1.45223446349833,1102.33456666667,485,437
0.731204472421871,4.63603866789613,1.42085226509714,1102.36793333333,485,437
6.24269630251427,5.58452821545235,1.77629819443538,1104.57013333333,486,438
6.24168392666344,5.49295466896308,1.76531771336895,1104.6035,486,438
6.34078923702314,5.48978791303241,1.77140785693328,1104.63686666667,486,438
8.71064236240655,-5.11264812813467,1.94065152592948,1109.67523333333,487,439
8.7015613373482,-5.04249836970028,1.9387853287466,1109.7086,487,439
9.2821682784946,-3.28193644384266,1.85036726956655,1111.27683333333,488,440
9.3151177559347,-3.24378276073848,1.84445611641428,1111.3102,488,440
5.25095358132106,8.02010199383864,0.831007715113621,1133.26546666667,489,441
3.3143580929905,6.76140704674251,1.02731559679107,1135.00053333333,490,442
3.2560707274238,6.69020894562502,1.01970721100156,1135.0339,490,442
-0.713175454000238,6.5297853637895,1.20298475647863,1138.2371,491,443
-0.725385421364262,6.37696681147138,1.19154986414491,1138.27046666667,491,443
-2.00466664280854,5.53255337526651,1.26861417936855,1139.87206666667,492,444
-2.02653616341626,5.50182042643843,1.28056188225898,1139.90543333333,492,444
-2.02991486401205,5.42120391315377,1.2907797818707,1139.9388,492,444
-2.94696961924512,3.15273189856988,1.62380362500957,1141.47366666667,493,445
-2.98246732657222,3.12658968430291,1.63321320766995,1141.50703333333,493,445
-3.00401909533354,3.08039126459724,1.63858306040492,1141.5404,493,445
-3.26585206651786,3.53259958202081,1.80638924711925,1143.142,494,446
1.28087457081445,0.123534071618405,2.68858303501983,1147.67986666667,495,447
-3.28772880868773,5.87101297249385,1.69571065673386,1148.28046666667,496,448
-3.31630423417653,5.82949666204986,1.69611377256054,1148.31383333333,496,448
12.4494061381642,-10.0258588214127,1.74325566839528,1148.61413333333,497,449
12.3938494437226,-10.0047417902096,1.74665661073102,1148.6475,497,449
-4.40255930904212,4.07118227205321,1.4711361467494,1149.81533333333,498,450
-5.04160736981861,2.12066471102823,1.61274220917722,1151.48366666667,499,451
-5.07544681536027,2.0898133016797,1.61955253466244,1151.51703333333,499,451
10.7391174679052,14.0457057954404,0.604164431638487,1154.2531,500,452
10.8812746832502,14.2987422044154,0.601693372015944,1154.28646666667,500,452
10.6612244179898,14.0504875052005,0.607674502114937,1154.31983333333,501,452
10.9933571908562,-14.3159450291904,3.63047504696077,1155.02053333333,502,453
10.9099493872993,-14.2375622355994,3.62412388656666,1155.0539,502,453
10.5957921398873,-13.8769687227886,3.56561116354165,1155.08726666667,503,453
9.02389079953768,-15.6663206424631,4.08097564338596,1157.78996666667,504,454
9.20481645955404,-16.2476264572545,4.23842373829414,1157.99016666667,505,454
8.19142772749972,11.8189895861924,1.15506658760385,1158.2571,506,455
8.09321150026367,11.5877015906389,1.16249838014799,1158.29046666667,506,455
8.09649630968475,11.5134599944557,1.17671688239272,1158.32383333333,506,455
8.08965198748591,11.4157139575647,1.19414117307878,1158.3572,506,455
8.11388060140061,11.3789289869005,1.21277405672925,1158.39056666667,506,455
5.48922932593286,-15.3631203376926,3.55009422596451,1162.19436666667,507,456
5.50401200984864,-15.4689290516415,3.57603306792509,1162.22773333333,507,456
5.43028163921319,-15.3308246656303,3.55915268511812,1162.2611,507,456
5.36559849036412,-15.1968162775503,3.54415902493268,1162.29446666667,507,456
5.32468990679789,-15.1806096260882,3.54227972053168,1162.32783333333,507,456
5.32963075687447,-15.325442276993,3.59035296628128,1162.39456666667,508,456
16.3074287673861,-10.4453508887775,2.34587624100954,1164.39656666667,509,457
3.5683962100485,-11.3072366600845,2.65218309904844,1167.59976666667,510,458
3.56198306244949,-11.2796724231804,2.64954660363452,1167.63313333333,510,458
3.57739737619734,-11.3660648964711,2.6702285475046,1167.6665,510,458
3.57842042831295,-11.3910481414119,2.68023963819713,1167.69986666667,510,458
3.53412692604251,-11.2733977529887,2.66600029882795,1167.73323333333,510,458
3.47183323179833,-11.0932281117666,2.64126631295806,1167.7666,510,458
3.49981395930161,-11.2305816118578,2.67132326589341,1167.79996666667,510,458
3.50988588883823,-11.3263222831231,2.69922096899929,1167.83333333333,510,458
3.52821101988109,-11.4396992760097,2.72715538646444,1167.8667,510,458
3.51707608831429,-11.4416383893159,2.73738786391852,1167.90006666667,510,458
3.44242229373841,-11.1942682614823,2.70428426858842,1167.93343333333,510,458
-6.47803973908239,4.40405200452353,1.53563896433269,1170.30246666667,511,459
-6.4715077512909,4.39400642920614,1.53270630231037,1170.33583333333,511,459
-6.44086542637358,4.37444917688191,1.52498968257694,1170.3692,511,459
-6.47553139640336,4.38901133467471,1.52356047171519,1170.40256666667,511,459
-6.4889984004567,4.38674622741576,1.52127698894007,1170.43593333333,511,459
-6.47067280422063,4.36238363260339,1.51323605279408,1170.4693,511,459
-6.48259049350226,4.35403513587346,1.51044431307923,1170.50266666667,511,459
-6.46374933908033,4.33155513379614,1.50277863443283,1170.53603333333,511,459
-6.47380694077196,4.30520395009716,1.49665633495986,1170.63613333333,512,459
3.98665541702758,-8.7219371395326,2.23217350959625,1173.60576666667,513,460
3.9585259328745,-8.71212143567876,2.22618326289555,1173.63913333333,513,460
9.88414629550925,-14.9766140192768,3.06427091527992,1174.00616666667,514,461
6.2045434914985,-16.2589403993765,3.24662020377899,1178.34383333333,515,462
4.04926971252803,-15.3838001771481,2.98344256858836,1180.74623333333,516,463
-1.88887048739198,8.70444916694095,0.408371714360694,1189.82196666667,517,464
-1.91753690828037,8.78312192316903,0.401938467542623,1189.85533333333,517,464
-1.95310418378437,8.88952257605414,0.396492580547619,1189.8887,517,464
-2.00136391062817,8.69445287051107,0.40877592167416,1190.12226666667,518,464
-1.9895660613044,8.59632778145239,0.419198820581319,1190.15563333333,518,464
-2.01204092169638,8.62422436801435,0.428681095579795,1190.189,518,464
-1.99782101193782,8.54752275701911,0.438845820451992,1190.22236666667,518,464
2.30822372868896,7.83155044249331,0.973186754319352,1200.2991,519,465
2.3165976623541,7.9310218811849,0.975852255995548,1200.33246666667,519,465
2.29645225793864,7.8726908341832,0.97411958689168,1200.36583333333,519,465
2.29760594484665,7.90926581260637,0.974053525691947,1200.3992,519,465
2.27059774801252,7.83113566241134,0.973185866170268,1200.43256666667,519,465
2.29417022575308,7.95703273728379,0.985255400735727,1200.46593333333,519,465
2.29228543493534,7.95474814580217,0.990062282170295,1200.4993,519,465
2.29297152010015,7.97234812024393,0.99492742637534,1200.53266666667,519,465
2.35800655962286,8.2511335426241,1.01473056508201,1200.56603333333,519,465
-14.0371918056022,-8.09323132082256,2.27639705497412,1204.53666666667,520,466
-1.9778412881633,1.01630496109633,1.2140874285136,1206.4052,521,467
9.05307828702524,2.26918080719834,1.75781779545724,1207.97343333333,522,468
-9.84331861659123,-10.8984732006622,2.44529691286329,1215.74786666667,523,469
-9.86878105399312,-10.8642481329542,2.43874180902573,1215.78123333333,523,469
3.66555654010208,14.0108469819705,1.08996559312907,1218.9177,524,470
7.07036265426405,-4.19316087268882,1.69168588815572,1227.4262,525,471
7.0637580452314,-4.15950319814639,1.70089694325858,1227.45956666667,525,471
7.05040916782703,-4.11518771243594,1.70896365067722,1227.49293333333,525,471
7.01760515038365,-4.00859946795471,1.72863005302084,1227.55966666667,526,471
7.03994404869338,-3.98103477153401,1.74761968224853,1227.59303333333,526,471
7.04001350468258,-3.88362703138076,1.77168771013132,1227.65976666667,527,471
7.57553488521546,2.20756432346969,1.67291760934815,1232.6314,528,472
7.62960976847358,2.27520915925714,1.68046401291076,1232.66476666667,528,472
7.63238335299251,2.59026787368555,1.7360513301601,1232.86496666667,529,472
7.60480015118694,2.62281810611266,1.74696432023373,1232.89833333333,529,472
7.62425344355537,2.67293763395168,1.76062237512192,1232.9317,529,472
7.60959510566271,2.70342863833538,1.77110926145481,1232.96506666667,529,472
7.56513972891025,2.71383587620539,1.77219979474296,1232.99843333333,529,472
7.59954363442202,2.76502328966579,1.78706917965018,1233.0318,529,472
7.58112291318682,2.78646520915726,1.79593543965201,1233.06516666667,529,472
7.56570191262579,2.80766841492026,1.79505150202487,1233.09853333333,529,472
17.6850506867559,-3.98839543267919,2.26354352178336,1239.5383,530,473
-8.11022539748413,4.41067660710228,1.90638060077461,1240.87296666667,531,474
-8.01665211943573,4.41612183620227,1.88683650125967,1240.90633333333,531,474
-7.96926543066163,4.4535030038533,1.87298362160213,1240.9397,531,474
-6.16897447106436,6.72342402503094,1.59917781368718,1242.97506666667,532,475
-6.0348571511828,6.6579081128337,1.58983076270885,1243.00843333333,532,475
-5.9424887087678,6.64142785056535,1.58530778355383,1243.0418,532,475
2.58090862627838,8.70805269923443,1.07435583416663,1251.91733333333,533,476
2.76203727731455,9.13636461453905,1.10866345517382,1251.9507,534,476
4.19454174823659,-7.51794188126688,1.84741996902392,1259.0578,535,477
4.19462991099149,-7.51427856921586,1.83926286936097,1259.09116666667,535,477
-4.77162199074035,-3.0032858758708,2.45329210321143,1259.42483333333,536,478
-4.81262148620748,-3.02387039097522,2.46159840640834,1259.4582,536,478
-9.15972617539098,-10.618858637596,3.22139533836124,1265.69776666667,537,479
-8.96251365146631,-10.5300332246159,3.20676688705549,1265.73113333333,537,479
-8.92664062706862,-10.6427172763954,3.24034674740806,1265.7645,537,479
-8.8269279846161,-10.6571758000568,3.24410776919676,1265.79786666667,537,479
-8.65299661448132,-10.6127060868154,3.23716831358052,1265.83123333333,537,479
-8.72284084044405,-10.8221024468489,3.28650956730609,1265.8646,537,479
10.6497776836192,13.8457183059767,0.114388677851254,1266.9657,538,480
11.8754341841856,-13.577134760321,2.39943801117104,1269.03443333333,539,481
-7.28122630247263,9.95176500701886,2.51595867072209,1278.1769,540,482
-7.29816392348176,10.0911710065571,2.54553019807701,1278.21026666667,540,482
-1.12877390618068,10.838357032155,2.18225803929158,1280.1789,541,483
-1.03646230189319,10.8908841984503,2.19065982307535,1280.21226666667,541,483
7.65531353820536,3.594860786977,2.23291277454528,1287.41946666667,542,484
7.67286113974719,3.59869637924944,2.23078054986368,1287.45283333333,542,484
7.71229958532314,3.61368093288698,2.23575825044522,1287.4862,542,484
7.671080574812,3.58526748396507,2.22365284072321,1287.51956666667,542,484
7.70031205181348,3.58790389061606,2.22704954471817,1287.55293333333,542,484
7.67963483902668,3.56085751178214,2.2199186326908,1287.5863,542,484
7.70931490916204,3.55522286228221,2.21700176748068,1287.61966666667,542,484
7.75166520159822,3.55314805978076,2.22172230941362,1287.65303333333,542,484
7.72304631059646,3.51119083671568,2.20812920484416,1287.6864,542,484
7.72145249755882,3.48749001417005,2.19530036854874,1287.71976666667,542,484
7.7580579652385,3.4774102755431,2.19137420784351,1287.75313333333,542,484
7.74964522445125,3.44882546031245,2.17627824203626,1287.7865,542,484
7.76629725547082,3.43472038117211,2.16652166590789,1287.81986666667,542,484
7.7601288820706,3.41292121606009,2.1509522481821,1287.85323333333,542,484
7.73787911657263,3.38531663496908,2.13112986189659,1287.8866,542,484
7.77040746102693,3.38404085470788,2.13104247982321,1287.91996666667,542,484
7.80196367678632,3.37729878229016,2.11698600100091,1287.9867,543,484
7.83795773413858,3.38197473232736,2.11546381941547,1288.02006666667,543,484
7.86644606628153,3.38462061433959,2.1039726315252,1288.05343333333,543,484
7.83884190793441,3.36588730038412,2.08862559962636,1288.0868,543,484
7.9160245228401,3.40141497371865,2.09057849590104,1288.12016666667,543,484
7.94696456455214,3.40907286602586,2.08274546195904,1288.15353333333,543,484
0.739746276202785,4.23189301715725,1.2055711574192,1309.37473333333,544,485
0.760354686791535,3.79430404352091,1.1488909285333,1309.4081,545,485
0.774782596024703,3.29100981037504,1.08475481967731,1309.44146666667,546,485
7.55189349483773,10.6933004836679,2.40166442849577,1311.27663333333,547,486
1.45422514560051,0.329030181123453,0.695941257972891,1314.9136,548,487
17.0656133352717,3.0860117140052,4.37477906759058,1319.0177,549,488
16.8427646272601,2.99709346326501,4.33254332081148,1319.05106666667,549,488
14.8466548775005,0.464318789650465,3.9976118113525,1320.98633333333,550,489
14.9059235934773,0.404608967472389,4.00698000387474,1321.0197,550,489
14.8346809908901,0.34774797041465,3.99006208263205,1321.05306666667,550,489
6.52452171612028,-0.169291022030674,1.41622834050712,1323.08843333333,551,490
6.46198383298302,-0.15095881715927,1.40147799180269,1323.1218,551,490
10.0174240031116,0.205894570538523,2.33700699111175,1324.28963333333,552,491
9.99174369463455,0.226604355202571,2.33181947389934,1324.323,552,491
9.95092129177317,0.242001779987805,2.31861431213041,1324.35636666667,552,491
7.42045665135709,3.84369599998425,1.89319322718105,1333.09843333333,553,492
7.46295737045552,3.86353598774104,1.91328569671948,1333.1318,553,492
7.50667114410287,3.87863582352126,1.92988673910093,1333.16516666667,553,492
-5.37421284374527,-2.30540598062182,1.95739829249908,1333.86586666667,554,493
-5.32529511630844,-2.35627903355911,1.96882614405459,1333.89923333333,554,493
-5.24729245715871,-2.40978494535252,1.97488153615074,1333.9326,554,493
-5.13868183039259,-2.44171563339555,1.970465993543,1333.96596666667,554,493
10.2363138416869,4.61405480946441,2.12455237999759,1335.10043333333,555,494
-2.30092312659024,-4.21862373065687,1.99042123167179,1335.26726666667,556,495
-2.28601645392182,-4.24309881171401,1.99618233386949,1335.30063333333,556,495
-2.26284737849093,-4.26118717394397,1.99946193093609,1335.334,556,495
-2.21946884108981,-4.25325473247695,1.99349660528958,1335.36736666667,556,495
-1.91209446736077,-3.8676383523468,1.74517106529329,1336.76876666667,557,496
-1.92481774604098,-3.86332616069229,1.75305943829656,1336.80213333333,557,496
-1.93269815893601,-3.85057308600831,1.75869984438373,1336.8355,557,496
-1.91485391814063,-3.80246482980189,1.75250416030526,1336.86886666667,557,496
-2.14073437556772,-3.04755963416748,1.7604226270502,1338.27026666667,558,497
-2.12956346039125,-3.01451881954505,1.7525649290765,1338.30363333333,558,497
-2.14180875489527,-2.99821711233272,1.75881777940836,1338.337,558,497
-2.14476162966714,-2.97573637904493,1.76289609819284,1338.37036666667,558,497
-2.69623437054789,-3.02055468984504,1.90312483789282,1339.87186666667,559,498
-2.7374621459976,-3.06199472315159,1.90512002775927,1339.90523333333,559,498
-2.77641720864326,-3.10055592246791,1.90656564927059,1339.9386,559,498
5.4126969846653,7.66705132211939,0.241920399158877,1349.41473333333,560,499
5.4292950721748,7.71065933040621,0.240694395266026,1349.4481,560,499
5.38441419719514,7.64864863379415,0.24970772663124,1349.48146666667,560,499
5.31335416890633,7.5707900379561,0.263519529475484,1349.58156666667,561,499
5.38920701896299,7.69371101416818,0.263304884116865,1349.61493333333,561,499
5.37266754799789,7.67731458142767,0.279247692723903,1349.68166666667,562,499
-4.36460502433579,2.77114177947983,2.28696848601732,1353.0517,563,500
4.7615638607453,7.84642115137023,0.416366253917498,1354.08606666667,564,501
4.77448082963382,7.84224209672386,0.435012267121584,1354.18616666667,565,501
4.74546749651646,7.7789655564247,0.442339771930192,1354.21953333333,565,501
4.79801319928795,7.86954585392421,0.44150737078229,1354.2529,565,501
4.790363871453,7.86523984607738,0.445080120075797,1354.28626666667,565,501
4.76192341728348,7.813602024716,0.444636296664693,1354.31963333333,565,501
4.76105977154467,7.84428634825394,0.447202331442698,1354.38636666667,566,501
4.69065989659882,7.73435561876662,0.45643223737439,1354.4531,567,501
4.7528360773175,7.86849309595131,0.453100736670743,1354.48646666667,567,501
4.64804256322679,7.68531085250189,0.461012595731377,1354.51983333333,567,501
4.69237252402195,7.77141605870285,0.459273908571083,1354.5532,567,501
4.70069178642976,7.80378137135933,0.45792017483548,1354.58656666667,567,501
4.65954879637169,7.73066676911702,0.459734495912054,1354.61993333333,567,501
0.546037816504926,-1.45457020813133,1.75477852463577,1364.19616666667,568,502
5.18657092083361,-1.83023109346329,1.5836903021154,1371.60356666667,569,503
5.16831753064247,-1.8649406803161,1.5870909512683,1371.63693333333,569,503
5.15679732031655,-1.90786836708514,1.59412602055087,1371.6703,569,503
5.1198516805584,-1.93891379886402,1.59592860709853,1371.70366666667,569,503
5.09878897344209,-1.97402494048607,1.60088821446226,1371.73703333333,569,503
5.07873014563618,-2.00479807167198,1.60535576790444,1371.7704,569,503
5.03982484155468,-2.0268574645039,1.60628365509655,1371.80376666667,569,503
5.06961520785203,-2.07705400311832,1.62298976921562,1371.83713333333,569,503
1.77807286997137,-6.29844432660205,1.80218752518998,1379.1778,570,504
1.77102976235393,-6.29934972633667,1.80845851536613,1379.21116666667,570,504
1.77560721877147,-6.36225957860942,1.82575380354324,1379.24453333333,570,504
1.7595299206454,-6.30837463444583,1.82119346820054,1379.2779,570,504
1.78429172470574,-6.44144181835527,1.85253563351797,1379.31126666667,570,504
-0.316001024740808,-7.02682654260521,2.07118731208763,1382.24753333333,571,505
-0.338082115196246,-7.01870120287628,2.07037196428702,1382.2809,571,505
-0.355367350095074,-7.00090828862949,2.06892933532531,1382.31426666667,571,505
-1.59871171884192,-7.77576198694506,2.58167953365193,1384.91686666667,572,506
-1.65391038690599,-7.90461917611254,2.61298173631143,1384.95023333333,572,506
-1.6464087515835,-7.81790635679727,2.59382068223645,1384.9836,572,506
4.88977150042028,5.80905828074472,0.389673703991307,1474.70656666667,573,507
4.90659403032764,5.82822339181305,0.396018841396081,1474.73993333333,573,507
4.87840971500986,5.78592497048832,0.397780657543304,1474.7733,573,507
4.90061355743128,5.82057774313673,0.404528838999557,1474.80666666667,573,507
4.90258243826697,5.81767471395186,0.408835709277383,1474.84003333333,573,507
4.93305773183789,5.85375328553646,0.413568135045808,1474.8734,573,507
4.99620926963271,5.93364969356096,0.416883443393305,1474.90676666667,573,507
4.93852445897333,5.84194989749795,0.423958440094738,1474.94013333333,573,507
4.94510040257407,5.84753354427044,0.426965457590928,1474.9735,573,507
5.00041886438083,5.90903953156143,0.430072032227244,1475.00686666667,573,507
-9.95003721475942,4.6269490478332,2.49353066142,1501.03286666667,574,508
-9.77964917045899,4.57386899774662,2.47814691953118,1501.06623333333,574,508
-9.76948633135042,4.58958115130194,2.48804877972066,1501.0996,574,508
-5.22793854357333,4.00541644429394,2.4747382057335,1503.46863333333,575,509
-5.18214223622058,4.00797670836388,2.47925478896104,1503.502,575,509
-5.11255984896039,3.99779749737259,2.48115457602879,1503.53536666667,575,509
-5.03754447221551,3.97894943080748,2.47766630738073,1503.56873333333,575,509
-4.94566579339314,3.94746071057012,2.46884997282212,1503.6021,575,509
-1.19278737195901,3.83822258972625,2.03892282379129,1505.83766666667,576,510
-1.16671790231039,3.8549226279977,2.02783012495961,1505.87103333333,576,510
-1.1340660499494,3.86389063581103,2.01548857884233,1505.9044,576,510
-1.11338204465621,3.89340176769589,2.01142063984422,1505.93776666667,576,510
-1.06624111267723,3.86584440596181,1.98615704292521,1505.97113333333,576,510
-12.5908419097567,-2.41131801912405,2.88444097322556,1509.37453333333,577,511
3.93661447019681,7.00729959310375,0.733730891089146,1510.64246666667,578,512
4.01717602738876,7.07354037238302,0.73805761591441,1510.67583333333,578,512
4.09122545109398,7.14336336073609,0.749703432075427,1510.7092,578,512
-4.13826074462121,2.18725072942416,1.13118017509601,1520.7192,579,513
-6.24142476938476,-11.7921141480865,2.13179172563831,1603.63536666667,580,514
-6.18039551901531,-11.6755637838181,2.12144661928503,1603.66873333333,580,514
-7.67086442346571,-9.08070908393819,1.9079186358103,1611.17623333333,581,515
-5.18094801732337,3.676132573632,1.07281816831369,1612.1105,582,516
-10.1447668302511,-7.59836962822406,1.09944871847904,1617.48253333333,583,517
-4.92166746785631,-2.90617254733967,1.21596666373701,1633.5319,584,518
-4.93172623473276,-2.88269097435238,1.22322208937504,1633.56526666667,584,518
-4.94321410337179,-2.85689644296554,1.23291036044831,1633.59863333333,584,518
-4.97120837435886,-2.84159455149198,1.24575059156463,1633.632,584,518
15.7454114469883,-6.12683556390658,1.86471607603158,1638.60363333333,585,519
-0.518808363498923,0.190898014920124,0.760255554347196,1660.5589,586,520
-5.19233963017348,3.68246926265298,1.07597827695365,1664.32933333333,587,521
-5.17258435576391,3.66597797388128,1.07665986021781,1664.3627,587,521
-10.5989146878591,-12.5369322692199,2.58111459951955,1666.3647,588,522
-1.24755104571622,-0.0976741702698272,0.929900568680463,1668.40006666667,589,523
-7.03686444702124,1.92634348669545,3.70394794522147,1668.40006666667,590,524
-4.86291098457987,3.94413740615562,1.45740988234123,1679.01066666667,591,525
-4.84787603855316,3.93811501523919,1.471104705439,1679.04403333333,591,525
-4.83462918672553,3.92894911659059,1.49120959638097,1679.0774,591,525
-2.97853749186528,3.64714665542948,1.73827033493033,1680.61226666667,592,526
-2.93381352426125,3.64368759296139,1.73659027872812,1680.64563333333,592,526
-2.89579266082636,3.65743478004531,1.74052608779132,1680.679,592,526
-2.8659797635552,3.67588712204113,1.74535612091252,1680.71236666667,592,526
-2.83466798152022,3.687052372644,1.75059408573838,1680.74573333333,592,526
-1.6968263151329,9.17779450811137,1.03261675524129,1681.1795,593,527
-0.437567643105128,3.93305796719836,1.43118340385461,1682.41406666667,594,528
-0.394723498080118,3.93202272397531,1.42705194961756,1682.44743333333,594,528
-0.349973926537886,3.94035766622655,1.42521609487239,1682.4808,594,528
-0.308959730658807,3.94927496470653,1.42414841559834,1682.51416666667,594,528
6.38781370613419,1.0641567321145,1.38257493643519,1690.52216666667,595,529
4.23341811966948,0.982526007836065,1.06216135282579,1690.5889,596,530
8.07616699462115,-2.37659736084684,1.92283453115149,1701.36633333333,597,531
8.16818384829317,-2.50992659029114,1.95688500974468,1701.3997,597,531
8.0898684635698,-2.59862415331611,1.96519889369781,1701.43306666667,597,531
8.09631765133334,-2.71239453295696,1.9894145995286,1701.46643333333,597,531
8.0848400198916,-2.82102242974626,2.01336951761801,1701.4998,597,531
8.03455080781167,-2.91710219319535,2.02680195813082,1701.53316666667,597,531
8.00798450013352,-3.01483776029036,2.04889140274929,1701.56653333333,597,531
7.93525930467801,-3.10169739010897,2.059026448402,1701.5999,597,531
7.96694451575788,-3.21112950631602,2.08847499979975,1701.63326666667,597,531
7.88591484420276,-3.28047185598319,2.09968585329327,1701.66663333333,597,531
7.82589607778607,-3.35361016249276,2.11128774753899,1701.7,597,531
7.84092717994185,-3.46450452908337,2.14072857846463,1701.73336666667,597,531
7.64563670809988,-3.68079518432333,2.15999535304047,1701.83346666667,598,531
0.406331769115597,-0.911052309901388,1.83534274976746,1756.755,599,532
3.74612287852363,-11.5966764692604,1.99464219381632,1759.758,600,533
3.77086395806703,-11.6171056841149,2.00454285866821,1759.79136666667,600,533
4.12444349687561,-10.1505124718535,2.17056703053429,1761.92683333333,601,534
4.06870988128048,-9.96837775065503,2.15206775148803,1761.9602,601,534
5.19272265403235,-8.26334671338894,1.42295875848773,1764.22913333333,602,535
5.20803744759204,-8.23430749368334,1.42405053682701,1764.2625,602,535
6.01852063961957,-5.55482483550065,1.89690253087756,1766.33123333333,603,536
6.02439139822999,-5.51626632615288,1.90090323005296,1766.3646,603,536
6.03702882595444,-5.48440930846928,1.9082988660162,1766.39796666667,603,536
6.03698828325442,-5.43796092465697,1.91103823256107,1766.43133333333,603,536
-0.664909699582033,0.133100778820548,0.812045830253633,1791.15603333333,604,537
3.53298452796227,-6.50306732943698,1.39997200956364,1822.28713333333,605,538
3.60871992700615,-6.5226178114303,1.42881810143054,1822.5207,607,538
-1.20657536678134,-0.0858418140425071,0.941459461305077,1822.28713333333,606,539
2.44218234773787,-0.886998805896959,1.28722331268418,1839.0372,608,540
2.42543288073656,-0.867986998417665,1.27344936157482,1839.07056666667,608,540
2.41511920472796,-0.8497338641269,1.26229778554719,1839.10393333333,608,540
2.39913711447937,-0.829093708569614,1.24807866080333,1839.1373,608,540
2.3943125658833,-0.810441647216592,1.23504477359788,1839.17066666667,608,540
2.37903465926471,-0.786917680533296,1.21881712321472,1839.20403333333,608,540
2.38081237663779,-0.766557573132322,1.20583431298261,1839.2374,608,540
2.29857661877252,-0.481058650496705,1.03335616590898,1839.60443333333,609,540
2.28346421591722,-0.458639472992792,1.02239176892093,1839.6378,609,540
2.2676443915546,-0.436043541125962,1.01372045443611,1839.67116666667,609,540
2.23487560574278,-0.356121311383546,0.988663822763775,1839.77126666667,610,540
2.19427897404132,-0.270673537190256,0.982913183736233,1839.87136666667,611,540
2.17662018814862,-0.232061057140663,0.993364782177208,1839.9381,612,540
2.13471781463866,-0.188062663773015,1.02645117934274,1840.07156666667,613,540
2.11855689600467,-0.181956932868035,1.03310961185537,1840.10493333333,613,540
2.10667369418459,-0.179047542585256,1.03993350868891,1840.1383,613,540
2.09340073435677,-0.17712387681253,1.045543652067,1840.17166666667,613,540
2.08721702289218,-0.174276437846822,1.0488786779694,1840.20503333333,613,540
2.08111777796544,-0.172984514815094,1.0521184347461,1840.2384,613,540
2.07874907661027,-0.172194622386975,1.05856807782036,1840.30513333333,614,540
-1.65861451509718,0.714066736328487,1.21453423856745,1853.28476666667,615,541
-1.65163031943429,0.709425493635981,1.21125806712969,1853.31813333333,615,541
-1.6489786239688,0.703379652350795,1.20563690663698,1853.38486666667,616,541
-0.587048718705179,0.164997670024247,0.785894437884245,1857.92273333333,617,542
-0.679924467814596,0.130960927830302,0.793137692902971,1857.9561,617,542
-8.26729777850915,2.04906888001707,2.60198543105504,1857.9561,618,543
-2.71147640532625,5.92578020626068,0.551291880578538,1874.23903333333,619,544
-2.75094326808458,6.0091484257087,0.552258480853916,1874.2724,619,544
-2.69461607934044,5.92877124285368,0.552728412723452,1874.30576666667,619,544
-2.69753147416425,5.95352600287441,0.549405663941177,1874.33913333333,619,544
6.63575607305805,3.77610027504419,1.51033963810677,1876.6748,620,545
6.59531767998421,3.79235912146529,1.51147069967016,1876.70816666667,620,545
6.53660927485209,3.7999036090391,1.513876463631,1876.74153333333,620,545
6.48486001765206,3.80403999861528,1.51950803758927,1876.7749,620,545
6.45782337572981,3.82083837923443,1.52790887045182,1876.80826666667,620,545
6.45501306408561,3.85984196384786,1.53993524414203,1876.84163333333,620,545
6.37819480942914,3.84380269214232,1.53769638084346,1876.875,620,545
6.34942306592391,3.86255356522491,1.54213041026256,1876.90836666667,620,545
6.30996591684702,3.8741804734066,1.54557889884376,1876.94173333333,620,545
6.26974732889528,3.88505348357765,1.54753662062223,1876.9751,620,545
6.2363799253267,3.89972531525701,1.55109636404409,1877.00846666667,620,545
6.228144385664,3.92423578676379,1.55462818332816,1877.04183333333,620,545
2.46004600679035,3.53008389825218,1.29503215364511,1879.6778,621,546
2.41656169397954,3.50399897631938,1.28884193468714,1879.71116666667,621,546
2.37612148690159,3.49043004546893,1.28209420968693,1879.74453333333,621,546
2.33646915083825,3.48363196367668,1.27378321601013,1879.7779,621,546
2.28398265881358,3.45098036325659,1.26306765352305,1879.81126666667,621,546
2.24617963409179,3.43994455860796,1.25478077433621,1879.84463333333,621,546
2.23353787264826,3.46747297213977,1.25196837863819,1879.878,621,546
-0.815874690741256,2.95826003258778,1.33927758340937,1882.0802,622,547
-0.873294665150898,2.97025354274001,1.35166062213841,1882.11356666667,622,547
-0.924313941503778,2.94161806130877,1.35671970692632,1882.14693333333,622,547
-0.986726928455402,2.9183744328141,1.36383117443621,1882.1803,622,547
-1.05608786717896,2.89754708035195,1.37263651233848,1882.21366666667,622,547
-1.09834618768321,2.83996839041557,1.37427875374859,1882.24703333333,622,547
-1.15418554898399,2.81449377381653,1.38665428115409,1882.2804,622,547
-1.19743634716762,2.76422479860005,1.39385934115866,1882.31376666667,622,547
-1.25284575407431,2.73272337147451,1.40556721576804,1882.34713333333,622,547
-1.30320292103561,2.69318229981108,1.41377250872816,1882.3805,622,547
-1.34304701746112,2.63378254851375,1.41747296273277,1882.41386666667,622,547
-1.38189580412896,2.5796125587252,1.4227566821089,1882.44723333333,622,547
-1.43222739930656,2.55109172244088,1.43432059606205,1882.4806,622,547
-1.48617618122896,2.53061226069157,1.44645223225705,1882.51396666667,622,547
2.05721443054865,6.86706222762734,0.630293808829765,1884.4826,623,548
2.05636772626605,6.82284870570215,0.636588408558887,1884.51596666667,623,548
2.03247368128823,6.71535788317815,0.638427559267843,1884.54933333333,623,548
-4.67306978500963,-0.944097327354877,2.25799078440503,1884.74953333333,624,549
-4.73392214756269,-1.03797787772146,2.2828940785291,1884.7829,624,549
-4.75284432906014,-1.12070878468544,2.29568762221787,1884.81626666667,624,549
-4.81876080845289,-1.22517029864296,2.32156991239046,1884.84963333333,624,549
9.22917840263914,-0.374928005126804,1.92391112735355,1887.2854,625,550
9.19618033787301,-0.42947080636354,1.93220142810419,1887.31876666667,625,550
9.20440007447005,-0.483334796395612,1.94634889587477,1887.35213333333,625,550
7.35398212890152,-3.38325079864759,2.10337199264475,1888.85363333333,626,551
7.42311353527261,-3.51378260981509,2.13125700537289,1888.887,626,551
7.33053127181225,-3.55819796185965,2.12261220252747,1888.92036666667,626,551
-9.10843599091969,-13.2612385291059,2.4455069187302,1890.32176666667,627,552
-9.09764479039963,-13.2022399618376,2.4572516692075,1890.35513333333,627,552
-9.13698469542318,-13.2281447675939,2.48171400415339,1890.3885,627,552
-9.31357236041995,-13.4381001879283,2.53666775085287,1890.42186666667,627,552
6.83779658454877,-8.63502646395462,2.68164610926145,1890.3885,628,553
-9.47850012815875,-12.6969536610402,3.23748917214061,1892.65743333333,629,554
-9.93824639422914,-11.103288517965,2.84347166564562,1895.42686666667,630,555
-10.0298727040389,-11.1871081905244,2.86215340336422,1895.46023333333,630,555
-10.0393406805857,-11.1836896078754,2.85836383256862,1895.4936,630,555
7.92915479505216,9.20858832896283,0.562522246429682,1895.894,631,556
7.84469222481734,9.12725596107843,0.570056861713786,1895.92736666667,631,556
-5.16552408771425,-12.9362715954304,3.01018458845042,1956.955,632,557
-5.22573614935882,-13.1375806384261,3.05727419826589,1956.98836666667,632,557
-3.39848257142164,-11.7887239606614,3.09462390709466,1958.6567,633,558
-3.38182944567564,-11.9083213202295,3.1209229846942,1958.69006666667,633,558
-0.400017083762062,-8.71438779527127,2.70034756091324,1960.29166666667,634,559
-0.366578977125616,-8.78175037085318,2.71757632124683,1960.32503333333,634,559
-0.324609974758824,-8.7733369596299,2.71634097005638,1960.3584,634,559
1.68729811502313,-8.54950034346438,2.83682399046937,1961.8599,635,560
1.69007280150607,-8.20743914460652,2.74690468133395,1961.89326666667,636,560
1.74729559514751,-8.23836805106035,2.75437196466004,1961.92663333333,636,560
1.79744979260917,-8.26025382912392,2.76111728794647,1961.96,636,560
3.41406706046592,-8.47697922137817,2.82694235632744,1963.4615,637,561
3.4370807395397,-8.48079435732905,2.82912041706812,1963.49486666667,637,561
3.41765724239306,-8.35323972825369,2.79841670316607,1963.52823333333,637,561
3.48318166499789,-8.47947158297525,2.84031041251177,1963.5616,637,561
4.18606311200548,-6.96196661799365,2.82862520451791,1965.3634,638,562
4.12631838968331,-6.75003337095778,2.76812107911599,1965.39676666667,638,562
4.22081665315446,-6.85062112640096,2.80687978865005,1965.43013333333,638,562
4.22133282503034,-6.77687809945491,2.78621417920196,1965.4635,638,562
-1.29590471865033,-0.115715643404412,0.946974118676462,1966.5646,639,563
-7.16936520575526,3.67856639787178,2.99682963759253,1966.83153333333,640,564
-5.03209468640244,0.212986120567014,3.50280043259774,1966.965,641,565
8.18828135968733,-3.54421448801493,2.8323764206326,1969.13383333333,642,566
8.29981022941177,-3.54405149090877,2.84478801151729,1969.1672,642,566
8.34114910574656,-3.516802306179,2.84606523086324,1969.20056666667,642,566
8.29375413143075,-3.45473644048774,2.8217794475235,1969.23393333333,642,566
10.1545395128229,-2.20554932886557,3.01644563715137,1970.969,643,567
10.1869386864664,-2.18575463218167,3.0051786808593,1971.00236666667,643,567
10.1832909117684,-2.15667124028594,2.98426864455772,1971.03573333333,643,567
10.2204370181545,-2.13705852927986,2.97669141608807,1971.0691,643,567
9.31919226191751,-0.639029529382649,2.94038528631853,1973.2713,644,568
9.26284912875814,-0.647655821602356,2.94662965827594,1973.30466666667,644,568
9.2314097578062,-0.663368500398031,2.9589865339947,1973.33803333333,644,568
9.16210064655154,-0.673018409381549,2.95922824395909,1973.3714,644,568
6.97383129225071,-1.39005684709594,2.76658943930776,1975.20656666667,645,569
6.95244697459009,-1.41405315470657,2.75846073587532,1975.23993333333,645,569
6.93262536306882,-1.44118552284405,2.75152692426879,1975.2733,645,569
6.86860817737528,-1.46065136926457,2.73072390810254,1975.30666666667,645,569
6.82455641278706,-1.4818434566947,2.7172148274131,1975.34003333333,645,569
1.3563477523935,0.335161637717989,0.743062734746262,1975.3734,646,570
-0.788556584282878,0.0402071094099473,0.760729138708518,1975.974,647,571
1.885947688339,2.55960171419241,0.519404164637097,1976.34103333333,648,572
-0.129725314167559,1.72886599149362,0.55203980542319,1979.3774,649,573
-0.208695450484585,0.603182217450996,0.613358368321162,1980.14483333333,650,574
0.194781705290021,0.607746169223996,0.616617425762326,1980.21156666667,651,574
-0.209377667483926,0.603143540207711,0.613098740373229,1980.31166666667,652,574
-0.178687068909981,0.556252498587249,0.623142060195889,1980.3784,653,574
-2.34940401463122,2.00087087684303,0.788441623778257,1982.54723333333,654,575
5.49221922811553,-9.59475106730197,2.76809031378418,1983.91526666667,655,576
5.46375160171819,-9.49415328172202,2.75524972709863,1983.94863333333,655,576
11.7601163995412,-11.7053793630081,2.83729187254101,1993.8919,656,577
3.77728988550464,6.47511026787734,1.12581660848191,1998.76343333333,657,578
3.80145361860777,6.43726666613447,1.12994432450768,1998.7968,657,578
3.83005899787774,6.40273507780424,1.13359377431819,1998.83016666667,657,578
3.86534239161928,6.38512675085129,1.13972116684762,1998.86353333333,657,578
3.87221641834517,6.31991172475437,1.13963016268554,1998.8969,657,578
3.87787684514081,6.26273836413933,1.14056938929211,1998.93026666667,657,578
3.93565130450526,6.30827319363384,1.14963736668975,1998.96363333333,657,578
3.97113597088489,6.30949870052283,1.15239154523952,1998.997,657,578
3.98373347325258,6.26665679130205,1.14898700805433,1999.03036666667,657,578
4.0193332858987,6.274740486162,1.14974509417381,1999.06373333333,657,578
10.4500354938828,-13.7977848879349,3.98613004541864,2002.16683333333,658,579
-10.1455337131539,3.40725162421157,2.73480152245325,2004.83616666667,659,580
-10.1808653671549,3.41323711425957,2.75247293331993,2004.86953333333,659,580
-10.109933498154,3.39406377011938,2.74104958195916,2004.9029,659,580
-10.111770487549,3.38281726968079,2.75128879900239,2004.93626666667,659,580
-10.0420643897167,3.35806567915731,2.74767250439486,2004.96963333333,659,580
-9.89260621755708,3.28361586989218,2.73985674505067,2005.1031,660,580
-15.891761043605,-7.48373988238361,4.81067500204666,2018.98363333333,661,581
-1.52588365086287,0.402541347762577,0.877537057429122,2019.95126666667,662,582
-3.13834851070027,8.18784572103494,1.20012417272066,2024.35566666667,663,583
-3.14041515395909,8.13563523120813,1.21090030505466,2024.38903333333,663,583
-3.21517410342176,8.23757803726343,1.23482884411627,2024.4224,663,583
-3.1770540616612,8.09372778101723,1.23851084184274,2024.45576666667,663,583
-3.19005507661568,8.05963233716192,1.24796027840871,2024.48913333333,663,583
-3.18497464689571,7.99106650382986,1.25644059700632,2024.5225,663,583
-3.18170171505671,7.93153416366923,1.26389727975694,2024.55586666667,663,583
-3.2018733223032,7.92410999533399,1.2774367682103,2024.58923333333,663,583
-3.21151617412973,7.88694071526101,1.28266849375169,2024.6226,663,583
-3.18064840915963,7.7894785510275,1.28278038681983,2024.65596666667,663,583
-3.23190565868286,7.66138150820706,1.30508373377334,2024.85616666667,664,583
-1.52967551735865,10.1106139682697,0.555006304714925,2034.4324,665,584
-1.54698516059231,10.1101856881574,0.554673960049147,2034.46576666667,665,584
-1.57449205074098,10.1848911805405,0.55806993078311,2034.49913333333,665,584
-5.97735852271122,8.52992634283352,0.608340488462675,2050.88216666667,666,585
-13.0604129802825,3.38321752744245,0.956518580725304,2070.00126666667,667,586
-12.9574941928843,3.35526955882522,0.941405452423519,2070.03463333333,667,586
-7.12319286733207,0.215419397864377,2.76351680347092,2078.9769,668,587
8.39867013813162,2.14188659323915,0.380407589040475,2086.7847,669,588
8.40758706210002,2.13625123389749,0.379536498520922,2090.15473333333,670,589
8.38464167919359,2.14392083530372,0.406966337816418,2100.36493333333,671,590
8.40049400612805,2.14683713775557,0.403687004296998,2100.3983,671,590
-3.48883938745468,0.780819944379867,1.77531875548893,2123.48803333333,672,591
14.5079242735104,-12.3010341860952,3.1943386053279,2135.16636666667,673,592
9.41539212110197,-6.13923430047591,0.994117664828428,2140.138,674,593
9.42731120751189,-6.14658294985736,0.994561739079436,2140.17136666667,674,593
9.44510986373586,-6.16312607074033,0.99612246779546,2140.20473333333,674,593
9.42706640592061,-6.14641362157852,0.994907646418535,2140.2381,674,593
9.46497477784273,-6.16993405685201,0.993113107326683,2140.3382,675,593
-4.7889247394362,-0.229247843649273,2.94428575212696,2147.11163333333,676,594
6.47741477665773,-6.30966637348775,2.01681796715711,2148.88006666667,677,595
6.43071582095838,-6.28722323199313,2.00581475690661,2148.91343333333,677,595
6.44382154816941,-6.33104962070254,2.0116902423793,2148.9468,677,595
6.4482575470079,-6.36135625093967,2.01855836372942,2148.98016666667,677,595
6.37954473560591,-6.32285841080223,2.00319128092288,2149.01353333333,677,595
6.38249283984712,-6.34778979417968,2.01155302244826,2149.0469,677,595
6.32666615011924,-6.30862909531998,1.99640326131603,2149.08026666667,677,595
2.0455199980671,-10.1300016332526,1.95613873314607,2169.3672,678,596
-5.26474098840991,4.90306446788022,0.842894769449168,2194.55903333333,679,597
6.10753204784222,11.7384421073415,0.569921280752245,2201.3992,680,598
-5.82306344486999,0.377460305594467,3.21862984949008,2206.4042,681,599
-3.60743675761223,0.657373010065553,1.77370282852505,2206.53766666667,682,600
6.01612947032483,7.62467129451639,0.741690893952641,2216.68113333333,683,601
2.67265454375252,9.2715208188758,1.44521174519129,2228.79323333333,684,602
-5.84701006020213,9.95031332319489,2.0924510152946,2242.4402,685,603
-5.84973240017438,9.90476899176955,2.11622623530524,2242.47356666667,685,603
-5.81642797884758,9.80350444564374,2.13460801201252,2242.50693333333,685,603
-4.67823982483581,4.87536896945775,2.85334159671721,2244.40883333333,686,604
-4.70186874192901,4.84599058400633,2.88224995178125,2244.4422,686,604
-4.68397813889537,4.76702526775016,2.89513154135794,2244.47556666667,686,604
-4.66642322577425,4.68751701463698,2.90931109270339,2244.50893333333,686,604
-4.61757994188876,4.58039316064157,2.91162575537358,2244.5423,686,604
-5.34089029336509,1.06918188669495,2.14717120471169,2245.6434,687,605
-2.05466247193612,1.25346096491199,1.60333252927884,2247.87896666667,688,606
-2.03670748256077,1.31251404337351,1.58528852131134,2247.9457,689,606
-1.65317582298302,2.44698662454194,1.00729846166857,2250.01443333333,690,607
-1.64825359532205,2.46851746139528,1.0014454616647,2250.0478,690,607
-1.6420424567405,2.49038375871276,0.995681540531002,2250.08116666667,690,607
-1.63154085935729,2.50909967836622,0.991184938903344,2250.11453333333,690,607
-7.53922323397074,-13.5903896490776,2.71415944278642,2250.8486,691,608
-0.899430503480447,3.80632760591868,1.20504353968754,2252.48356666667,692,609
-0.883084898579478,3.82850298942566,1.20700072818276,2252.51693333333,692,609
-0.872487479138537,3.86615105411083,1.21155338459797,2252.5503,692,609
-0.847228900317265,3.86628552380677,1.2088727596144,2252.58366666667,692,609
0.0724691124420024,5.0868855080629,1.29550775764621,2254.6524,693,610
0.0927439248453928,5.08199329942038,1.30132984205922,2254.68576666667,693,610
0.108756535498711,5.13316858189922,1.3157340951004,2254.71913333333,693,610
-4.90610930119446,-9.23656349984877,1.79932063490378,2255.253,694,611
-4.89773414832304,-9.23972702485589,1.81748620463002,2255.28636666667,694,611
-4.81525608737253,-9.13847538859881,1.81368035159424,2255.31973333333,694,611
-4.75531160568362,-9.05492785422678,1.81920252978133,2255.3531,694,611
-4.87875670571604,-9.27689884518688,1.8631055352159,2255.38646666667,694,611
4.21919441609714,5.01030278442768,0.960037798062769,2258.48956666667,695,612
4.25850298570998,4.99754836384111,0.956674585996801,2258.52293333333,695,612
4.34377574841678,5.03982587065244,0.956751498042676,2258.5563,695,612
4.80682795173593,4.78820988378344,1.41103974670652,2271.1689,696,613
4.83033623719051,4.78405462967635,1.41077267598781,2271.20226666667,696,613
4.84575349255512,4.76695262112897,1.28164471031429,2274.80586666667,697,614
4.84688338593339,4.792869415834,1.28060696775997,2274.83923333333,697,614
4.82655744569758,4.79514295683065,1.27454511358118,2274.8726,697,614
4.81127132651338,4.80336245681489,1.26820207049628,2274.90596666667,697,614
4.83328223189408,4.84485420706955,1.26877889467144,2274.93933333333,697,614
4.81591323031816,4.84468886859504,1.2658599470569,2274.9727,697,614
4.83493566543157,4.88654526494278,1.27018338031115,2275.00606666667,697,614
4.83010759821627,4.91989642512605,1.25920283326837,2275.10616666667,698,614
6.64325781133462,0.818199798315009,1.72982436170083,2277.70876666667,699,615
6.61313395052334,0.79311565737953,1.71650166579945,2277.74213333333,699,615
6.56264208368527,0.765081935491338,1.70097143874887,2277.7755,699,615
6.51444986154191,0.740206025297181,1.68373142160752,2277.80886666667,699,615
4.58319354456725,7.14708396240375,1.16448087603076,2278.64303333333,700,616
3.80456454622571,-0.658741415747889,1.78059476529509,2279.81086666667,701,617
3.7738004360959,-0.688862514364224,1.79108726454403,2279.84423333333,701,617
3.71763606203575,-0.719606609588527,1.79436922512989,2279.8776,701,617
3.672037711372,-0.75027490710774,1.8019191738132,2279.91096666667,701,617
3.61967028292718,-0.776233513988713,1.80458805952397,2279.94433333333,701,617
1.2434532288479,-2.64564540772354,2.01875007020804,2281.91296666667,702,618
1.20390049736339,-2.67364454380349,2.02712771595509,2281.94633333333,702,618
1.16282856515397,-2.70278406145009,2.03555955697422,2281.9797,702,618
1.12431205605304,-2.73218175682244,2.04618908988288,2282.01306666667,702,618
1.08591883161898,-2.75049709841469,2.05155721161631,2282.04643333333,702,618
-1.35545013611348,-4.01316477239961,2.07443195576578,2284.0818,703,619
-1.38287981045078,-4.00320017522169,2.06341003509872,2284.11516666667,703,619
-1.44250933443876,-4.03772258302886,2.06607756166554,2284.14853333333,703,619
-1.48328851066965,-4.04664076298607,2.06184778413195,2284.1819,703,619
-1.53865924541451,-4.09463200318056,2.07260055396035,2284.21526666667,703,619
-4.29259192354897,-5.37527713699399,2.41007806909794,2286.35073333333,704,620
-4.31071717823942,-5.36632649821139,2.40466056120369,2286.3841,704,620
-4.37594005127204,-5.40087580497345,2.41671062645071,2286.41746666667,704,620
-12.0269832201541,-4.24225277095355,1.98785078515871,2298.06243333333,705,621
-12.0576920137508,-4.20949830774261,1.98428621641205,2298.0958,705,621
3.42558782382605,-0.134591477444752,1.52454389261134,2309.24026666667,706,622
-7.47811625143812,8.14117279028267,1.51707382360354,2322.28663333333,707,623
-7.52421674815197,8.23627468948339,1.53573532666801,2322.32,707,623
-7.43592381902211,8.20183685347939,1.53824631768586,2322.35336666667,707,623
-3.75828190684065,7.89360901020788,1.50479587979294,2324.78913333333,708,624
-3.66972281357745,7.80910699815307,1.4848545674126,2324.8225,708,624
-3.71809672586176,7.97079636910697,1.49626833695709,2324.85586666667,708,624
4.10672954871634,0.664813673741256,1.79539381770625,2325.8235,709,625
4.07252536512328,0.647431049189304,1.80206246333688,2325.85686666667,709,625
3.99891093845532,0.610083266490524,1.80042474794676,2325.89023333333,709,625
3.99589634730769,0.601580701368686,1.81553222484166,2325.9236,709,625
-1.68396826689197,7.98505021309808,1.80863787409207,2326.95796666667,710,626
-1.65088752704773,8.00135271751863,1.81589638907322,2326.99133333333,710,626
-1.63082088559394,8.06292148676661,1.8340368846635,2327.0247,710,626
2.08252152231835,-0.585161658053983,1.82559145720848,2327.65866666667,711,627
2.05073003039266,-0.611013515554068,1.83034219133904,2327.69203333333,711,627
2.01486987147049,-0.636955048592107,1.83285851213927,2327.7254,711,627
1.97929162049795,-0.662755052447153,1.8321758221995,2327.75876666667,711,627
1.95196176925207,-0.683893696103553,1.83150427954139,2327.79213333333,711,627
0.190663447094716,-1.67431523463486,1.78455405451144,2329.49383333333,712,628
0.159709413064044,-1.6813016752119,1.78168122356536,2329.5272,712,628
0.120081603869809,-1.6915757659847,1.78082806119269,2329.56056666667,712,628
0.0850914699310829,-1.69940515134833,1.78036649389862,2329.59393333333,712,628
0.0528739362010446,-1.70873261795388,1.78246415044357,2329.6273,712,628
-2.19829660144134,-2.22406556314044,1.95638523103666,2331.49583333333,713,629
-2.21728467617542,-2.21926363252891,1.95163329763215,2331.5292,713,629
-2.26104703763775,-2.22899504720592,1.95868201390876,2331.56256666667,713,629
-2.28811848864017,-2.229156816624,1.96139037957558,2331.59593333333,713,629
-6.11739877065463,-2.75070673661716,2.08132216389345,2335.46646666667,714,630
-6.19828797482065,-2.77797651624402,2.09858066402766,2335.49983333333,714,630
-8.45808413382725,-3.53510560792779,2.0692018568109,2337.46846666667,715,631
8.81691874901733,8.01682981345055,1.6653437846802,2338.50283333333,716,632
8.88980704013852,8.02775436780735,1.67719487252605,2338.5362,716,632
8.83308177892924,7.90599816125767,1.67373715636831,2338.56956666667,716,632
7.01862851129508,-0.022943064225686,1.50395793172581,2342.97396666667,717,633
7.06620536734392,-0.0608691010072248,1.51445724360867,2343.00733333333,717,633
7.08476034190536,-0.105999937979331,1.52172307790571,2343.0407,717,633
2.85534680554952,11.6539866830155,2.29851806972378,2382.44673333333,718,634
2.87204494853531,11.5352952986575,2.3126512052196,2382.4801,718,634
2.85149795616758,11.2770415725918,2.30268379256363,2382.51346666667,718,634
6.517690725427,4.37029770391045,2.55354166121009,2385.95023333333,719,635
12.7573189911289,-5.10480662824211,2.02599241830064,2451.5491,720,636
5.97457638793881,-8.96512044751594,2.45328120369639,2456.38726666667,721,637
11.4822897053879,-5.98621744250119,2.26098416509006,2462.79366666667,722,638
11.5030222145557,-6.06271476662215,2.27189545811606,2462.82703333333,722,638
11.4686806826506,-6.115458200839,2.27742068461728,2462.8604,722,638
11.4010719752829,-6.15411865908558,2.27735248010483,2462.89376666667,722,638
11.2741783746159,-6.14302088136199,2.26614799540144,2462.92713333333,722,638
11.2271926039423,-6.28567707482141,2.28207635679538,2463.02723333333,723,638
11.1456820340883,-6.35988487249144,2.27154485648409,2463.09396666667,724,638
-14.3164636243669,-2.82586574186674,2.08759615096362,2465.79666666667,725,639
6.79045875719782,-11.2973556739079,2.82933758388103,2466.29716666667,726,640
6.91562528291073,-11.62712122855,2.88955970461501,2466.33053333333,727,640
6.8806266364393,-11.805527658309,2.91478496712433,2466.39726666667,728,640
6.54253308318045,-11.3847168744485,2.83413716815875,2466.464,729,640
2.01318873485173,-10.0144581433735,2.52901746529611,2469.83403333333,730,641
1.98655022540522,-10.0405059134529,2.53881694021985,2469.8674,730,641
1.9352201382305,-9.90017801258909,2.5235105190029,2469.90076666667,730,641
1.96788133820093,-10.3046784079436,2.60931974449767,2469.93413333333,731,641
1.8813616566506,-9.86458334568038,2.53507805270007,2469.9675,732,641
1.8833269943104,-10.0226115688069,2.57344884045009,2470.00086666667,732,641
1.81461730548021,-10.2094698057896,2.63010343639478,2470.1677,733,641
1.7552247578751,-10.177954210455,2.63603379513519,2470.2678,734,641
-0.522534571197805,-7.37981662921057,2.33682023920481,2473.63783333333,735,642
-0.553534874208041,-7.44829125498484,2.36057325027937,2473.6712,735,642
-0.571999472042895,-7.45958349086245,2.3722118921442,2473.70456666667,735,642
-0.605219004772856,-7.56350093028556,2.40174363347437,2473.73793333333,735,642
-0.614271568379332,-7.54058649621108,2.40359797976703,2473.7713,735,642
-0.651194335191132,-7.6974546236414,2.44543896052421,2473.80466666667,735,642
-0.631609615407807,-7.55249345430142,2.4167599402972,2473.83803333333,735,642
-0.659269736707078,-7.65990173094818,2.44787377040944,2473.8714,735,642
-0.631365457660552,-7.45400569724597,2.40011304783414,2473.90476666667,735,642
-0.686261396239592,-7.72261361372516,2.46694934640091,2473.93813333333,735,642
-0.726656359888577,-7.92191531713192,2.51785191258871,2473.9715,735,642
-0.694883839865441,-7.70150906112398,2.46705512349135,2474.00486666667,735,642
-3.10743993891431,-5.50389357054753,2.28924293452915,2477.475,736,643
-3.11219084716192,-5.47914917873336,2.29605058655216,2477.50836666667,736,643
-3.1122762296837,-5.45390773180826,2.30121099408035,2477.54173333333,736,643
-3.13701478199976,-5.46299977062541,2.31493556434909,2477.5751,736,643
-3.14052362389544,-5.44880812282514,2.3193770186593,2477.60846666667,736,643
-3.1237962916082,-5.40683118312713,2.31515213085214,2477.64183333333,736,643
-3.15420335965545,-5.43210687550411,2.32840749821731,2477.6752,736,643
-3.14662993315031,-5.40225687208756,2.3215368056274,2477.70856666667,736,643
-3.15466956745342,-5.39677934768224,2.32399941944838,2477.74193333333,736,643
-3.16635061258168,-5.39690411029589,2.32638270873155,2477.7753,736,643
-3.15622497391761,-5.37017677478059,2.32129269914889,2477.80866666667,736,643
-3.1652753185044,-5.36423723520242,2.32132015027986,2477.84203333333,736,643
-3.18919818637163,-5.38391293102465,2.33226503154116,2477.94213333333,737,643
-3.17563251665682,-5.35904313924909,2.32716055088958,2477.9755,737,643
-4.42378397958021,1.88983502204235,1.62361568581055,2485.44963333333,738,644
-4.39446307224668,1.88791316074069,1.61798167545189,2485.483,738,644
-3.28548002615998,4.81651820360868,1.47103135780867,2488.91976666667,739,645
-3.24878940178295,4.81424619906643,1.46684643023018,2488.95313333333,739,645
-3.26019527011212,4.87013859353793,1.47128992571967,2488.9865,739,645
-3.25262604093291,4.90359684836062,1.47451676448679,2489.01986666667,739,645
-3.23542402174934,4.91449807664854,1.47509595754573,2489.05323333333,739,645
-3.25225282201902,4.96209093125504,1.48288020585653,2489.0866,739,645
-3.22220797178202,4.95670378654213,1.48080811365417,2489.11996666667,739,645
-3.22822115911302,4.98710382459736,1.4846857689208,2489.15333333333,739,645
-3.21068258147092,5.00724286395812,1.48398972157704,2489.22006666667,740,645
0.337301658844983,7.35614702182975,1.55123941938847,2493.15733333333,741,646
0.37899274056595,7.20957356714293,1.53372684451899,2493.1907,741,646
5.10739263340557,5.84264044627929,1.78966205176892,2504.56873333333,742,647
5.09375563279855,5.77821347301848,1.7812701765018,2504.6021,742,647
5.15374986168049,5.79775298500499,1.78727056113107,2504.63546666667,742,647
5.23006174313352,5.84803118990249,1.801372950921,2504.66883333333,742,647
5.2597692457209,5.77653209936881,1.7923532193952,2504.76893333333,744,647
5.23845218678082,5.71497706951611,1.78005324470285,2504.8023,744,647
5.29138680936999,5.71687338545819,1.77846123122881,2504.86903333333,745,647
4.38030966714468,5.30417779269141,1.22538402386792,2504.6021,743,648
4.326170328827,5.29110936148152,1.21993384652144,2504.63546666667,743,648
4.28781233377294,5.30185516425471,1.21557098938753,2504.66883333333,743,648
1.37657428793305,5.28386531887139,1.28608005013395,2507.07123333333,746,649
1.33707277064043,5.26884413807232,1.28938574542677,2507.1046,746,649
1.29311833404461,5.25894455937738,1.29244090660882,2507.13796666667,746,649
1.25629485387795,5.32410777333401,1.30738143535427,2507.17133333333,746,649
5.63947966647926,7.16264467229711,1.24831645371326,2508.13896666667,747,650
5.54457300176515,7.04187309596847,1.2393462968767,2508.17233333333,747,650
5.61022016547199,7.13551033143023,1.25054766249021,2508.2057,747,650
5.58956895442769,7.12140916823532,1.25329399581132,2508.27243333333,748,650
5.57526618172185,7.10705581867529,1.25185184202867,2508.3058,748,650
-0.83204846746983,4.92114302509736,1.34387842425,2509.3068,749,651
-0.855881808576901,4.94480775745477,1.33749868674625,2509.34016666667,749,651
-0.871483247021227,4.9321417368343,1.32434485480327,2509.37353333333,749,651
-1.17993921966721,6.30806016433908,1.49728223562319,2515.24606666667,750,652
-1.22385881083148,6.31694169312427,1.50141992655225,2515.27943333333,750,652
-1.28496820480742,6.37486733514835,1.51182393035506,2515.3128,750,652
-1.30953263082909,6.32562356019119,1.50897888271142,2515.34616666667,750,652
-1.35432234779732,6.35044875711199,1.5176127064492,2515.37953333333,750,652
-1.42809506521758,6.45847803730394,1.53491781879329,2515.4129,750,652
-1.43482169254488,6.38332495912281,1.52641399113007,2515.44626666667,750,652
-1.48593151111272,6.4410602879565,1.53641720072261,2515.47963333333,750,652
-1.49165219428534,6.36208221455524,1.52678793916586,2515.513,750,652
-1.53286437720097,6.40316855767075,1.53309798779009,2515.54636666667,750,652
-1.5474465227383,6.37113190240725,1.52947081100514,2515.57973333333,750,652
5.30069621249202,-0.872030780617864,1.50523735898935,2533.49763333333,751,653
5.33363486198728,-0.862537322290495,1.50889568178249,2533.531,751,653
5.34351058587222,-0.848105012060769,1.50996020561261,2533.56436666667,751,653
5.34654732592262,-0.83210154126571,1.50947846267166,2533.59773333333,751,653
1.60400576981403,0.120742914780671,0.602900455777671,2536.40053333333,752,654
0.258697927864385,1.3037044831893,0.490381095844254,2536.40053333333,753,655
-11.501793240693,-5.47481022266117,1.73524483059602,2536.8343,754,656
-11.3361932065934,-5.40308273028609,1.71810041653047,2536.86766666667,754,656
-10.6055953266809,-2.87279827871899,1.53316095386805,2542.20633333333,755,657
-10.6183539525319,-2.86582203115177,1.53132790350398,2542.2397,755,657
-10.5756442970649,-2.83925238583243,1.53251780302073,2542.27306666667,755,657
-10.5329878460617,-2.81358147503995,1.52447414848605,2542.3398,756,657
16.1992612870748,-1.47306651294729,3.11372764035173,2554.68546666667,757,658
9.91330255459142,0.0569804781126422,3.05360948390736,2557.8553,758,659
9.81133527617572,0.0661200286947695,3.04283869827856,2557.88866666667,758,659
9.7871984596536,0.0829648632194654,3.05413378546074,2557.92203333333,758,659
9.74330094310063,0.0978593197390872,3.0581419563757,2557.9554,758,659
9.73178628828769,0.115994616353543,3.06725416948686,2557.98876666667,758,659
9.6081862059817,0.124029555949723,3.04931182014423,2558.02213333333,758,659
9.57062283371727,0.138974918042123,3.04763857763808,2558.0555,758,659
9.46256435847254,0.151824089114381,3.03500152466686,2558.08886666667,758,659
9.45725560257741,0.171092851580025,3.03930767534921,2558.12223333333,758,659
9.39445095304845,0.185330655030197,3.03176590148483,2558.1556,758,659
9.32232290257064,0.202257720372951,3.02414608168161,2558.18896666667,758,659
9.2469748210518,0.212300737738262,3.01381395573507,2558.22233333333,758,659
9.23536532938764,0.2306286631423,3.02144954388428,2558.2557,758,659
9.11467263698714,0.25761665995459,3.00183379043392,2558.32243333333,759,659
2.26760420562806,2.96436895669206,1.49679940285506,2559.82393333333,760,660
2.3001870730278,2.98395777284843,1.49602087921488,2559.8573,760,660
2.33998508034199,3.0085261872535,1.49581374207783,2559.89066666667,760,660
2.37108435140788,3.02518487585421,1.49357651201016,2559.92403333333,760,660
2.41270619366559,3.05796306369481,1.49653071494674,2559.9574,760,660
2.43719693609891,3.07319861097064,1.49581458544724,2559.99076666667,760,660
2.46907813599753,3.1017252498099,1.49656541120961,2560.02413333333,760,660
2.51192184635828,3.14742471507332,1.50547740734887,2560.0575,760,660
2.53563524789806,3.16762131233229,1.50592397273232,2560.09086666667,760,660
2.57688241299706,3.21061074191335,1.51102586414871,2560.1576,761,660
3.42016261984568,9.09323823181174,0.763901038958446,2568.63273333333,762,661
3.37274032669222,9.12375387745045,0.758612306202202,2568.6661,762,661
3.2674076156931,8.94506365014732,0.752331701665497,2568.69946666667,762,661
-0.248106518495269,7.78804157229833,1.3617120848994,2568.63273333333,763,662
-0.255873259996289,7.83316244983025,1.36079272205281,2568.6661,763,662
-0.270871017584315,7.9877360865568,1.36610578487498,2568.69946666667,763,662
-0.244752860954302,7.74425614408578,1.33904058399256,2568.73283333333,763,662
-0.258377374980275,7.91614118101835,1.3460195739162,2568.7662,763,662
-0.258716914733496,7.8378889374273,1.33550526848092,2568.79956666667,763,662
-0.268030711602552,7.94612561275183,1.33793568398235,2568.83293333333,763,662
-0.258455650795979,7.89578238601505,1.32719520463904,2568.8663,763,662
-0.277926707501966,8.05283596841609,1.33385867461267,2568.89966666667,763,662
-0.266544014482191,7.94882503474629,1.31417583864014,2568.9664,764,662
-0.264778427130885,7.94801171962841,1.29571195301207,2569.0665,765,662
-0.288874561044369,8.11402058114924,1.30933106035163,2569.09986666667,765,662
-0.903059368459242,10.4657941790713,0.996150820991041,2571.73583333333,766,663
-0.94273800777119,10.581603538941,1.01510081569499,2571.7692,766,663
-0.976333701313428,10.6411216997284,1.02637892624382,2571.80256666667,766,663
-0.961682743691929,10.3725192963939,1.02798921840796,2571.83593333333,766,663
-1.01139877074742,10.0067826235508,1.06231695882771,2572.00276666667,767,663
-2.64467170678152,-0.975842691971026,1.59782621933419,2574.73883333333,768,664
-2.99363146896192,-3.16451496687483,1.75745929163429,2587.05113333333,769,665
-3.01692927704556,-3.20402318642509,1.77150710921676,2587.0845,769,665
-3.02340125952027,-3.22979026410704,1.77749131017667,2587.11786666667,769,665
-3.02578648072794,-3.25215887067988,1.78287257425969,2587.15123333333,769,665
-3.04761375269582,-3.28814317125506,1.79297107539665,2587.1846,769,665
-3.04979478650586,-3.30669936550515,1.79712384006993,2587.21796666667,769,665
-3.05480346757823,-3.32889705717108,1.80283881145207,2587.25133333333,769,665
-3.06850961970111,-3.35889367724779,1.81069864295017,2587.2847,769,665
-3.07371993198587,-3.38081691116786,1.8133564825137,2587.31806666667,769,665
-3.07557637640896,-3.40139253009573,1.81543581201734,2587.35143333333,769,665
-3.09446364763942,-3.44655238669672,1.82436039353753,2587.41816666667,770,665
-3.09632072599016,-3.48016515114146,1.8264402466116,2587.4849,771,665
-3.09953855344096,-3.49625271501742,1.83133179975147,2587.51826666667,771,665
-3.96495407523293,-0.758880585986469,1.97837665881978,2602.46653333333,772,666
6.17424884237894,4.75015786881755,1.67217823365687,2607.23796666667,773,667
6.13524261753952,4.74854631659409,1.67147706626342,2607.27133333333,773,667
6.11925901909545,4.76653082730844,1.6775976768268,2607.3047,773,667
5.42198750903735,7.5973005897703,1.21127122877418,2611.7091,774,668
5.35264511539005,7.45786251802016,1.20270286318148,2611.74246666667,774,668
-11.6133515255465,7.76198358008215,1.64201754819351,2623.75446666667,775,669
-10.407792545264,8.85313671745001,1.77711532932666,2625.95666666667,776,670
-10.2875563398337,8.79507976490038,1.7666135959348,2625.99003333333,776,670
-8.42513207657333,9.31698549431925,1.37400309872385,2628.1255,777,671
-8.47630450725136,9.40688829696573,1.39057733788408,2628.15886666667,777,671
-5.68702423773055,9.25786638300783,1.32651157103407,2630.36106666667,778,672
-5.73441976323716,9.39094892286592,1.32881296759816,2630.39443333333,778,672
-5.63049124275603,9.29789956447157,1.31114455674928,2630.4278,778,672
-3.68777032289506,10.2138519431792,1.06544093893046,2632.56326666667,779,673
-1.80103553852642,10.5098498936865,1.11851678491229,2634.69873333333,780,674
-1.81468963935064,10.7037434279731,1.12963906127531,2634.7321,780,674
-1.81682959699443,10.8872694731415,1.13925533992317,2634.76546666667,780,674
1.59161283507741,7.7272957671512,1.13462847162015,2639.37006666667,781,675
1.65316359712721,8.07430251142722,1.16318354682031,2639.40343333333,782,675
3.63792044907041,8.25309786643495,1.22929711285564,2641.87256666667,783,676
3.64835987180775,8.18708060679246,1.22565164773554,2641.90593333333,783,676
3.72029130476263,8.29901384650181,1.23457898567238,2641.9393,783,676
5.82936807295918,7.90788198258505,1.09724375950297,2645.07576666667,784,677
5.86705131303044,7.96434823235839,1.09809465635091,2645.10913333333,784,677
5.7999124704327,7.86387659998474,1.09153702088591,2645.1425,784,677
5.86294453617279,7.963316420025,1.09067732711997,2645.17586666667,784,677
5.80417478351151,7.90845476608162,1.0649646984486,2645.30933333333,785,677
3.34713422172105,10.7104694746885,0.801983886726085,2663.9613,786,678
3.47116234804458,11.3268433465387,0.80237446261971,2663.99466666667,787,678
0.743695626609231,3.74599436500022,1.01199271796416,2667.09776666667,788,679
0.743798940994332,3.95466540401921,1.038635554185,2667.13113333333,788,679
0.737559379273534,3.89416240631595,1.0394063783487,2667.1645,788,679
0.737213061295208,4.04472772800782,1.06118717924823,2667.19786666667,788,679
0.73563245161866,4.17160071059434,1.08122277462497,2667.23123333333,788,679
0.732235895819274,4.19593375754269,1.09085395306397,2667.2646,788,679
0.725778168001275,4.08801821078064,1.0836661768931,2667.29796666667,788,679
0.723868820998297,4.1594187992782,1.09619369686345,2667.33133333333,788,679
0.715734291218575,4.13859037042484,1.10277253895909,2667.39806666667,789,679
-5.45437401561694,-1.61486671343176,2.22757722977914,2675.5729,790,680
-16.5001997556359,-5.15894475125513,2.18631610581095,2695.12576666667,791,681
-12.8322992598577,-2.4193110312421,1.8521222105807,2699.66363333333,792,682
-12.6965518372207,-2.37442925857638,1.84617348949482,2699.697,792,682
1.2895469281195,-0.818001342608329,2.89710361411434,2725.58953333333,793,683
0.240576327299417,-0.103077958446278,2.55217072511717,2725.58953333333,794,684
2.00818297848967,8.20770415271877,1.10803942519569,2730.8281,795,685
1.98452696733187,7.98361204773756,1.11008786009047,2730.86146666667,795,685
2.04796597216059,8.26800801616956,1.14479332034092,2730.89483333333,795,685
2.02215570010714,8.05422287348464,1.14390451353256,2730.9282,795,685
2.0537486206077,8.16035433114987,1.16621680347763,2730.96156666667,795,685
2.05102200823418,8.01940642264178,1.18385387694295,2731.0283,796,685
2.10778285488512,8.25736590717373,1.21530502145184,2731.06166666667,796,685
2.08941924008261,8.1249257280874,1.21787355838488,2731.09503333333,796,685
2.0917630094363,8.10468660113167,1.22828485696293,2731.1284,796,685
2.06501955080807,7.90799156406519,1.22849966911472,2731.16176666667,796,685
2.03345837908941,7.71845905412806,1.22403993605142,2731.19513333333,796,685
5.4466755380339,2.94992168935193,2.39565713448156,2737.90183333333,797,686
5.48576363897008,2.96590291185859,2.39611947047466,2737.9352,797,686
5.50157406608025,2.96902430905409,2.38320887649325,2737.96856666667,797,686
7.6892312075512,3.55167881894869,1.68659058497201,2740.67126666667,798,687
7.77626585295601,3.59742852535626,1.66259553553416,2740.9382,799,687
-6.46239449264459,-0.106059317502417,2.54492769157842,2747.2445,800,688
-3.81696269292921,0.443332984194413,1.89950262604186,2759.18976666667,801,689
-10.767047438604,-0.0450722439505524,3.6177060619139,2776.774,802,690
7.13570323909106,-0.591103584325331,1.57206082257414,2777.9752,803,691
7.13673643625602,-0.574133632373521,1.57314120029828,2778.00856666667,803,691
5.55576282086583,-3.45062349118168,2.07794051775023,2781.54543333333,804,692
5.55720578677481,-3.47127393606246,2.09256606812961,2781.5788,804,692
5.53299815656335,-3.47538819600641,2.10381345123844,2781.61216666667,804,692
5.51100995394723,-3.47595388636107,2.11351264893328,2781.64553333333,804,692
5.5041891972531,-3.48321806392375,2.12763274800852,2781.6789,804,692
5.47269667561931,-3.46800449824963,2.1337624334224,2781.71226666667,804,692
5.44227587593753,-3.45328997236043,2.13598864898057,2781.74563333333,804,692
5.42745861445006,-3.4440041123955,2.14176130963961,2781.779,804,692
5.42774359651483,-3.44435954686337,2.15027319141156,2781.81236666667,804,692
5.40153594721082,-3.42359681014421,2.14914731583002,2781.84573333333,804,692
5.40324746576877,-3.4234699348217,2.15582296397639,2781.8791,804,692
5.38593111858449,-3.40891431740046,2.15541657236571,2781.91246666667,804,692
5.39555447364522,-3.41115047197042,2.16526622496528,2781.94583333333,804,692
5.38542641187067,-3.39590292193317,2.1627785465032,2781.9792,804,692
3.50656153366857,-5.4449603817853,2.11078093102856,2785.3826,805,693
3.52600388394812,-5.51332659411771,2.1290547670648,2785.41596666667,805,693
3.50068514333407,-5.50581768603393,2.12925653027419,2785.44933333333,805,693
3.50230764785708,-5.54076509560428,2.13935171273197,2785.4827,805,693
3.49004468042871,-5.54456861890526,2.14187792269357,2785.51606666667,805,693
3.44553655709801,-5.4861098532464,2.13125230763896,2785.54943333333,805,693
3.45274969306645,-5.51421257783725,2.1435084876362,2785.5828,805,693
3.43498662946748,-5.48706102733288,2.14287166079151,2785.61616666667,805,693
3.42905633464927,-5.4501609081178,2.16999567137892,2785.783,806,693
2.87152771722512,-7.62220064142597,2.16626727871962,2789.3866,807,694
-11.1021036287638,4.10085575853363,4.4343216570561,2814.87873333333,808,695
-6.5884474600941,1.60362123873877,2.88151266680683,2814.97883333333,809,696
-6.04312348371399,1.9706316061343,2.76967150313578,2815.07893333333,810,696
-2.73871414435536,-0.202003244670973,1.55085573713769,2834.69853333333,811,697
-6.19791914147144,1.37089198546116,2.895918565138,2860.22403333333,812,698
-6.08107531560411,1.75835110590344,2.77347567657872,2860.29076666667,814,698
-3.00316992411156,1.58515963625397,1.71286691318546,2860.2574,813,699
-11.2477434955725,3.5831089015997,4.51823792408018,2860.3575,815,700
6.79256547820193,4.72030420049251,-0.0703434096476745,2867.99846666667,816,701
-2.91954836639687,-1.40740876698031,2.53928433551825,2883.0802,817,702
-2.7178573581925,0.459741781901801,1.91344175787199,2883.0802,818,703
-2.71401195138884,0.401318439977626,1.88624406758588,2883.2804,822,703
-7.17667484330201,-1.90540313060062,3.7607046968395,2883.11356666667,819,704
-0.0621013788568059,-0.101434218993049,1.19777918646562,2883.11356666667,820,705
-1.13840082932907,0.875684054655482,3.17360080611055,2883.11356666667,821,706
-6.48337584917642,-2.16914288560393,1.52919633917061,2916.94736666667,823,707
-6.32719901734217,0.333371005033849,2.4229820533472,2926.89063333333,824,708
-8.46631267323771,2.26992501448895,3.53183901982246,2958.1552,825,709
-4.76302378456563,0.902160095074751,2.33124862321373,2958.2553,826,710
-2.65392008041596,0.397233547768507,1.65732579096116,2991.1882,827,711
-5.7632695061963,0.947535742041094,2.52707930208091,2995.6927,828,712
-1.06231113343778,0.315951804184963,2.11391835661871,2995.72606666667,829,713
-2.10959702905761,0.65927381115589,1.60204788990378,2995.72606666667,830,714
-7.24013006678249,-6.36785601614174,2.51875782355727,3013.27693333333,831,715
-7.17250120723724,-6.28667266960857,2.50911238582573,3013.3103,831,715
-7.18231365576149,-6.27447628543841,2.51843884424909,3013.34366666667,831,715
-7.0826875393568,-6.18030839575009,2.50013308535334,3013.37703333333,831,715
-7.083675994919,-6.16217472211571,2.50724254046167,3013.4104,831,715
-7.03177491320012,-6.11117519481888,2.49952146085268,3013.44376666667,831,715
-7.0064181746325,-6.07403217449177,2.50211556040769,3013.47713333333,831,715
-7.05923903490754,-6.10752511304192,2.51977520619082,3013.5105,831,715
-6.97633725935221,-6.02709243935024,2.50824672877745,3013.54386666667,831,715
-6.89880633710214,-5.95212488977052,2.49204888412128,3013.57723333333,831,715
-6.84121302817548,-5.89476871338612,2.48212936515202,3013.6106,831,715
-6.85361161933081,-5.88984446767172,2.48712416443641,3013.64396666667,831,715
-5.03791142540504,1.06127803737919,2.50178590309975,3016.94726666667,832,716
5.09262227474614,4.1219991591767,1.21521106858773,3021.68533333333,833,717
5.15077614848253,4.12669318958777,1.20533086730729,3021.7187,833,717
-9.25720523745539,4.36991510692829,4.09224764467444,3031.6286,834,718
10.4832327977622,-2.9520176854711,1.65994585996015,3032.9299,835,719
5.20496428496901,1.92709310475395,1.54076192010798,3043.57386666667,836,720
5.22090713699024,1.98753542797583,1.53173119775791,3043.60723333333,836,720
5.24188066988517,2.04600265093502,1.52555699455436,3043.6406,836,720
5.2531002507245,2.09856098712142,1.51617081184737,3043.67396666667,836,720
5.28075559706837,2.15511353265266,1.51210494305415,3043.70733333333,836,720
5.29991050635724,2.20548802256187,1.50835190729241,3043.7407,836,720
5.33105860016498,2.26226993751855,1.50366351062959,3043.77406666667,836,720
5.33631121512756,2.30407645810212,1.49692622029619,3043.80743333333,836,720
5.38192054198724,2.3627160377106,1.49839169033526,3043.8408,836,720
5.37961450568456,2.39938901890753,1.48856179930456,3043.87416666667,836,720
5.38587103399655,2.43868408705005,1.48265088401031,3043.90753333333,836,720
5.40296974744869,2.48391952863368,1.47650980123262,3043.9409,836,720
5.44295710839159,2.53562139748875,1.47947719457957,3043.97426666667,836,720
7.87450339109077,11.0566071874331,0.920728977335385,3054.3513,837,721
7.80323928345187,10.954886450189,0.919661124575367,3054.38466666667,837,721
-14.5486264525932,-7.31606425251622,2.71666960238837,3073.2702,838,722
7.79497819625521,13.4751196835164,1.02456052928338,3092.22246666667,839,723
7.8286827163372,13.5819930338062,1.03216554251698,3092.25583333333,839,723
7.83374843980751,13.6360436372771,1.03604669892358,3092.2892,839,723
7.75105196240011,13.5363685291673,1.03801760520831,3092.32256666667,839,723
7.64029828103259,13.451504650945,1.0445335839531,3092.42266666667,840,723
3.64472578329422,9.86685581242318,0.810898012515856,3096.92716666667,841,724
3.65045780496882,9.95778365265736,0.818789918916036,3096.96053333333,841,724
3.61416991017158,9.89350458545039,0.818474520070402,3096.9939,841,724
3.557439067996,9.77043100333238,0.820067969809025,3097.02726666667,841,724
3.61812992606042,10.0298401575551,0.825216005913499,3097.06063333333,841,724
3.5711929480851,9.94187253124521,0.823140673607387,3097.094,841,724
3.51793874945116,9.79699375432757,0.821114810613398,3097.12736666667,841,724
3.53387094260277,9.93626312455257,0.825222216796558,3097.16073333333,841,724
3.46630681258876,9.75001336557986,0.817909343662078,3097.1941,841,724
3.67691252788615,10.5117150370999,0.838666000259534,3097.22746666667,842,724
3.22372275929128,7.87624212070484,1.03560028482374,3100.9979,843,725
3.20333834861897,7.82401924295192,1.03862470002451,3101.03126666667,843,725
3.20647670968245,7.83647232043403,1.04201099400299,3101.06463333333,843,725
3.16113391518866,7.71997227246824,1.03985718637292,3101.098,843,725
3.17351320519974,7.77588287976008,1.0436116276964,3101.13136666667,843,725
3.12067727605882,7.62762375585748,1.03987014390422,3101.16473333333,843,725
3.14539829595215,7.71484693572619,1.04593088834203,3101.1981,843,725
3.12030709749361,7.6587628365291,1.04568958127774,3101.23146666667,843,725
3.09938698127596,7.61110677942125,1.04219360115287,3101.26483333333,843,725
3.07567762976909,7.56075032090473,1.04288005493865,3101.2982,843,725
3.06430388680465,7.54568355638574,1.04168766349475,3101.33156666667,843,725
3.08286544818753,7.61293865849135,1.05070977254958,3101.36493333333,843,725
3.06988317740109,7.58886345766465,1.05246280910626,3101.3983,843,725
3.04934722474176,7.5458616817111,1.05137103319146,3101.43166666667,843,725
-2.68983565627694,4.93296465366355,1.17854554771645,3109.23946666667,844,726
-2.69702057718996,4.95612009687486,1.18499940096083,3109.27283333333,844,726
-2.67483483549871,4.93837585013267,1.18577247251776,3109.3062,844,726
-2.71163417715743,5.00309233296784,1.19807725104137,3109.33956666667,844,726
-2.71017073062663,5.01683592862165,1.21174726960831,3109.4063,845,726
-2.72678651603454,5.04872706929462,1.21977161721192,3109.43966666667,845,726
-2.73801270470446,5.06604550947637,1.2391045691193,3109.5064,846,726
-2.76013626462199,5.09551001393508,1.24767540488379,3109.53976666667,846,726
-2.76423709768714,5.09978642260119,1.26311661692753,3109.6065,847,726
-7.21425518255371,-0.456823118533117,3.8366711675298,3110.47403333333,848,727
-7.12040951795147,2.45827380065446,1.28705688786109,3127.59113333333,849,728
-7.13344049484243,2.50346064236171,1.29571386299166,3127.6245,849,728
-7.04970300448796,2.52273308776628,1.29998325133063,3127.65786666667,849,728
-8.50001530890141,-2.82113794601556,1.70814834391307,3147.47766666667,850,729
4.70030352238361,-0.815674511615349,0.823530768025485,3151.58176666667,851,730
11.9190505226271,13.8622686789047,-0.0821887846874492,3163.59376666667,852,731
-6.07407570966291,-2.94409290413926,1.09067016871666,3206.97043333333,853,732
11.73366030502,12.4381603723079,0.859881081986936,3221.08453333333,854,733
-8.7775810001851,-4.59739096326345,1.91016397663566,3222.05216666667,855,734
4.50796288583268,11.0631236532241,0.180083575648926,3256.4532,856,735
4.24021793665853,10.3001617937407,0.230772348086687,3256.7535,858,735
5.37014908876742,13.4901881148031,0.0676491370739066,3256.72013333333,857,736
-0.846606803835711,4.25835282979631,1.46473766171873,3270.93433333333,859,737
-0.861489594791243,4.26634075244589,1.46225843607242,3270.9677,859,737
-0.88026923612317,4.28030297582304,1.46095374301639,3271.00106666667,859,737
-0.889931385471017,4.27312263900933,1.45543840290402,3271.03443333333,859,737
-0.898669911592704,4.26675005722653,1.44997642212822,3271.0678,859,737
-0.912601355249265,4.27918555425012,1.45134146815681,3271.10116666667,859,737
-0.919675168455368,4.27431380198857,1.44760298346887,3271.13453333333,859,737
-0.935103016840085,4.28636017641312,1.44730500102575,3271.1679,859,737
-0.947945343571444,4.30042212615568,1.44949320055263,3271.20126666667,859,737
-0.956152546693688,4.30474101844533,1.44998721199345,3271.23463333333,859,737
-0.958085397994867,4.29400339912389,1.44451580358474,3271.268,859,737
-0.984424706926403,4.35025209260147,1.45244731569252,3271.30136666667,859,737
-0.981061539431993,4.32408797554925,1.44555833080689,3271.33473333333,859,737
-11.498798638966,6.2300788986191,1.90894102722035,3282.94633333333,860,738
-6.42456909053888,-2.9196221853418,3.70346179014646,3287.95133333333,861,739
-18.0792901900849,-3.66323661110385,7.71219620175749,3313.54356666667,862,740
