-3.41431535767611,0.626274761157321,0.345000954830994,154.3542,1,1
3.62124437278011,5.0081649417683,0.528620214554482,154.6545,2,2
3.77525712863771,4.72671577394368,0.50032826692488,155.188366666667,4,2
2.54739908361102,0.93953949503666,0.343213717717461,154.6545,3,3
2.5046710458923,1.18340937122641,0.294712717746798,155.188366666667,5,3
7.44249852205445,5.35250842201705,0.783778994924841,157.490666666667,6,4
-3.85606244661712,-5.42858852868682,12.4019638808504,157.690866666667,7,5
-3.85250947392503,-5.42342083795407,12.3918348662265,157.724233333333,7,5
-2.15237210485198,-0.856733311061609,0.27411432155467,158.2581,8,6
-1.87427169162559,-0.972539932360205,0.284090349609746,158.791966666667,9,6
-1.73423836908907,-0.888751940058454,0.298692518170904,159.3592,13,6
-1.67311476151014,-0.819955728630103,0.261412367171326,159.893066666667,19,6
-1.66832554722545,-0.815749524596291,0.260752688590809,159.926433333333,19,6
-1.51185958200672,-0.80494722037296,0.329587092140326,160.4603,24,6
-1.31618573032116,-0.742395563404172,0.299837072413265,160.994166666667,29,6
-1.30691063172315,-0.73610036447918,0.298329403662091,161.027533333333,29,6
-1.10646633079117,-0.865407118143905,0.312601821505214,161.5614,32,6
1.23039456874078,-1.27487454263707,13.8407212695703,159.192366666667,10,7
1.23059829134488,-1.26991027808463,13.8229678183656,159.225733333333,10,7
1.22792751778342,-1.26329404671176,13.7997223008918,159.2591,10,7
1.22850667820061,-1.26208324481085,13.7951066079229,159.292466666667,10,7
1.22892345824047,-1.25960673812392,13.817567910432,159.325833333333,10,7
1.23043359435998,-1.26138103527292,13.8161022494396,159.3592,10,7
1.23176209269346,-1.26718654622553,13.8442979726097,159.392566666667,10,7
1.23049161709219,-1.26953543047965,13.8576415828075,159.425933333333,10,7
1.23009986214935,-1.26672637146567,13.8326353066617,159.4593,10,7
1.22908415407961,-1.26086702897117,13.7904670478145,159.492666666667,10,7
1.2311231385241,-1.27261680658978,13.8750406237194,159.526033333333,10,7
1.23054453535425,-1.27385471517444,13.8797867010645,159.5594,10,7
1.23232113189723,-1.2698407146553,13.8586293708309,159.592766666667,10,7
1.23447720920778,-1.28759133830316,13.9287000277569,159.626133333333,10,7
1.23474905812494,-1.28740414658182,13.9279102356161,159.6595,10,7
1.23520097997184,-1.29288221119778,13.9478297148716,159.692866666667,10,7
1.23708010603123,-1.29114760767305,13.9314576898172,159.726233333333,10,7
1.23681364804661,-1.29315903092517,13.948738569864,159.7596,10,7
1.23618121861465,-1.29213648045376,13.9452199548305,159.792966666667,10,7
1.23798166815448,-1.2929257470597,13.9437919198136,159.826333333333,10,7
1.23643611229844,-1.28374413485097,13.91070404804,159.8597,10,7
1.23489967337711,-1.27188447034182,13.8718978073988,159.893066666667,10,7
1.23939810265016,-1.28293500942572,13.9107913847644,159.926433333333,10,7
1.23805719934207,-1.27751731636244,13.8914218919425,159.9598,10,7
1.23662622235451,-1.26816949267452,13.857674291983,159.993166666667,10,7
1.24998889508701,-1.30951794610474,14.0053596374554,160.193366666667,21,7
1.25180627000547,-1.31011692926383,14.0133092298493,160.226733333333,21,7
1.29603014793351,-2.15748291709749,0.41214038805579,159.225733333333,11,8
1.41185823824988,-2.1013538124822,0.307548824532191,159.792966666667,18,8
1.19667462033404,-0.549916766091611,10.2716545352374,159.2591,12,9
1.20177445277392,-0.552042902520273,10.2793838329513,159.5594,15,9
1.20062317026828,-0.576497367655867,10.3449282319534,159.626133333333,16,9
1.19860577024931,-0.571366642653144,10.3257192764298,159.6595,16,9
1.19791932722326,-0.570766711503028,10.322368677469,159.692866666667,16,9
1.45842612446575,-0.341759903035049,9.89949637798137,159.726233333333,17,9
1.45960160351692,-0.34294243566349,9.9043275599861,159.9598,20,9
1.20690206068601,-0.575755766932896,10.3527361788481,160.193366666667,22,9
2.20875399935163,-2.25939534436289,15.9410552444279,159.4593,14,10
6.58747063753735,5.55497639313403,1.30824169691113,160.393566666667,23,11
6.60745293885704,5.56672514142049,1.31055549639396,160.426933333333,23,11
6.56165594888302,5.53678406065733,1.30676537406781,160.4603,23,11
-0.859224386014081,-3.40885551697916,3.42622350322109,160.527033333333,25,12
-0.857941098606214,-3.40849788821561,3.42785953723835,160.5604,25,12
-0.858529787606341,-3.4111077213801,3.43111751099631,160.593766666667,25,12
-0.852871341861295,-3.40720121058363,3.42978762353401,160.627133333333,25,12
-0.846709121943937,-3.40331000300439,3.43070000745196,160.6605,25,12
-4.06008368264419,-5.57042277769561,12.4135867838869,160.8607,26,13
-3.9966075175991,-5.48574233496684,12.2626031376385,160.894066666667,26,13
1.59283887011055,-1.67030978721227,0.252233365077082,160.8607,27,14
1.58451706716683,-1.41867839665894,0.295566470808062,161.394566666667,31,14
1.57533266446451,-1.18595088235601,0.323412312177411,161.9618,33,14
1.59940341409147,-0.952280442883844,0.289942305551181,162.529033333333,36,14
1.57177300547166,-0.6748020419462,0.335939786346985,163.029533333333,41,14
1.57301581187352,-0.673955596340691,0.337265186551199,163.0629,41,14
1.46085868416934,-0.425670812615343,0.380780172969592,163.5634,47,14
1.45891335184906,-0.424236836763053,0.380174400770867,163.596766666667,47,14
1.19422268143618,-0.180053969605878,0.34694722529897,164.130633333333,48,14
1.00371501372224,0.185945104728585,0.303844687380576,164.6645,49,14
1.00179513009969,0.19276806938945,0.302394843686232,164.697866666667,49,14
0.886986078945159,0.553831893298977,0.325854430123349,165.231733333333,52,14
0.886410174704159,0.560834020859283,0.326193593611084,165.2651,52,14
0.86735447109614,0.866343369177123,0.341962199104981,165.798966666667,56,14
0.868106413309194,0.871794840356735,0.341311851889849,165.832333333333,56,14
0.957494508779434,1.15585383817311,0.323803756517941,166.3662,59,14
1.10562635762205,1.52966192614213,0.346270101469325,166.900066666667,62,14
1.16733423502794,1.73385992608625,0.317585977858334,167.4673,66,14
1.13370018309416,1.8340070626754,0.26782772441705,168.034533333333,71,14
0.927755195171988,2.29501474794409,0.38534171784551,168.5684,74,14
5.15074836452085,1.74339391918024,5.42500962587983,160.894066666667,28,15
-4.74718136715947,0.770666152719618,0.500534931438913,161.394566666667,30,16
2.74232555222078,-0.574621284433433,0.744075281064173,162.495666666667,34,17
2.74302914513801,-0.575747867064078,0.745017553342269,163.029533333333,42,17
3.69865268517024,0.507787967149155,0.349999706063309,162.495666666667,35,18
3.70189170152809,0.507970582530435,0.350825742947777,163.029533333333,43,18
-0.763075555830392,-1.2542791534119,0.336274466792577,162.629133333333,37,19
-0.762180438238132,-1.25964889219511,0.335766095128658,162.6625,37,19
-0.650623923694816,-2.87240781030359,3.34466021952499,162.8627,38,20
-0.649593142858351,-2.8673171863006,3.34345673515754,162.896066666667,38,20
-0.644665760026036,-2.85561529430001,3.34226982096141,162.929433333333,38,20
-0.645709106402597,-2.85544667601445,3.34551697703702,162.9628,38,20
-0.638716792341032,-2.83021615101567,3.33296836749424,162.996166666667,38,20
5.49874302527861,6.18309000352799,1.57587712657955,163.029533333333,39,21
5.53752868941592,6.23126751943491,1.586737796295,163.0629,39,21
-4.43610578164799,0.919451027111255,0.483309674850256,163.029533333333,40,22
2.13494774977186,-1.03992436472807,14.1409394188673,163.196366666667,44,23
2.12399699446429,-1.02393701009829,14.0464950319009,163.229733333333,44,23
2.15445074919015,-1.00166371390864,13.9151456666953,163.2631,44,23
2.15450570616355,-1.00517786159219,13.9277997482298,163.3632,45,23
2.04429648005826,-0.746264542527682,12.0607034368449,163.496666666667,46,24
2.03957999292855,-0.73940727768239,12.0143746896637,163.530033333333,46,24
2.74081686956775,-0.573767339277687,0.744250978555616,164.6645,50,25
2.73896056295649,-0.57500509348957,0.744309441600722,165.198366666667,51,25
2.74429006867781,-0.577928022025761,0.744524611179572,165.231733333333,51,25
2.74019996993279,-0.57342188018174,0.742779794719824,165.7656,54,25
-2.45944358140175,4.12191778935724,2.57873986007774,165.5654,53,26
-2.45451834154596,4.10301025496561,2.5758693447421,165.598766666667,53,26
-2.45739150101953,4.08450550464231,2.5777698880177,165.632133333333,53,26
-2.46523209750717,4.07418481850589,2.58180562727705,165.6655,53,26
-0.411741100710577,-2.56736518126369,3.0491299302569,165.798966666667,55,27
-0.408254462995714,-2.5653776779124,3.04842625489183,165.832333333333,55,27
-0.407848478838021,-2.57857539388964,3.05728214478518,165.8657,55,27
-0.400218324778054,-2.56520963378335,3.04674790899023,165.899066666667,55,27
-3.68834469788867,0.431511481920655,0.435649627550086,165.899066666667,57,28
-3.34451263759603,0.42562433488079,0.404530016968287,166.4663,60,28
4.74878775913602,1.74075987321988,0.196840144930462,166.299466666667,58,29
5.37287659995229,2.35245487293988,4.04467772798631,166.6665,61,30
5.36725322614556,2.35017233969849,4.04273284414975,166.699866666667,61,30
2.21352987628726,-2.26628765777376,15.9699341442433,167.100266666667,63,31
2.20584184483686,-2.2445817862961,15.88660440504,167.133633333333,63,31
2.21060742048655,-2.2514515117736,15.9154004373799,167.200366666667,64,31
2.20584184483686,-2.2445817862961,15.88660440504,167.233733333333,64,31
4.62632181738499,1.88999330837607,0.278973956347027,167.433933333333,65,32
4.51077669967443,1.88127275885709,0.321051135896108,167.9678,70,32
4.32682469669029,1.9575039001558,0.313027237535292,168.535033333333,73,32
4.32394761743804,1.95881434529902,0.31399082259636,168.5684,73,32
4.15827135603338,2.04786758085709,0.3605948710962,169.102266666667,77,32
3.96528843210071,2.04161524506504,0.40360206661899,169.6695,80,32
3.73314945017207,2.07601361513452,0.435600268998806,170.236733333333,84,32
3.48977106021312,2.02143818623906,0.433788357978811,170.803966666667,86,32
3.22848016327254,2.06132671327853,0.401229382857869,171.3712,89,32
3.02021325567756,2.04444908695696,0.359663967223064,171.938433333333,93,32
2.86717748718653,2.01989479910178,0.363469301505452,172.539033333333,99,32
2.86643494850398,2.01999796854343,0.362979649480766,172.5724,99,32
6.13168941300069,-1.37412969277684,0.906035886438902,167.534033333333,67,33
-3.02088065152756,0.279219947098567,0.346011878949269,167.5674,68,34
-2.8445634241163,0.143642629126882,0.404759485393218,168.134633333333,72,34
-2.66119169787142,0.034124701812438,0.466298328348129,168.6685,75,34
-2.44624019255779,-0.066624737811472,0.507580158704551,169.235733333333,79,34
0.0687819389727644,-2.25982368405493,3.08739342795323,167.901066666667,69,35
0.0730817508896026,-2.25792894080898,3.08659113801034,167.934433333333,69,35
0.0776251834135844,-2.25244448959252,3.08724124659995,167.9678,69,35
0.0816504006941878,-2.24925684608854,3.08593895271817,168.001166666667,69,35
0.0820229408493309,-2.2642657576707,3.10269559539167,168.034533333333,69,35
-11.0101543203888,5.14409712383149,2.73108653247892,169.0689,76,36
-2.09390009278406,6.30747357253262,0.364840290110697,169.135633333333,78,37
4.48711765863812,-0.139369044435178,0.599966453583982,169.702866666667,81,38
-1.61846511366093,6.2678270567679,0.535838587649334,170.203366666667,82,39
0.521967747779964,2.26732429072592,0.418698704497092,170.203366666667,83,40
0.833228165750729,2.17877855521674,1.39770120943538,170.236733333333,85,41
0.835300007714156,2.17847050998861,1.3979770043712,170.2701,85,41
-1.96311033482471,-0.523949533020286,0.348773644532825,170.904066666667,87,42
-2.80749587679351,-0.693945409467311,0.439682513389362,171.4713,90,42
-1.76149307761391,-0.472249643522368,0.313250968647655,171.4713,91,42
-2.8383103416289,-0.771744243536903,0.529532289513857,172.005166666667,95,42
-1.64326789115337,-0.501160189064464,0.319118689142457,172.005166666667,96,42
-2.85722803475427,-0.84198491631656,0.492426503330248,172.539033333333,101,42
-1.56433157342131,-0.591173022344188,0.362790950470872,172.539033333333,102,42
-2.83873006477377,-0.924283626136226,0.449161545810474,173.106266666667,107,42
-1.37577380320489,-0.657480615231373,0.351675695134241,173.106266666667,108,42
4.23684174731116,-0.179263780484686,0.631969104026754,171.2711,88,43
4.09476096878328,-0.133189010866622,0.626291514253738,171.838333333333,92,43
4.00178157132492,-0.0535426253726462,0.58904901744397,172.405566666667,97,43
3.96601508906141,0.163571807372058,0.479405113615384,172.9728,106,43
-5.26068367613486,0.417634882971402,3.61949810931527,172.005166666667,94,44
-5.267216948508,0.417302633351976,3.61887029520941,172.038533333333,94,44
-5.26059184600367,0.417648162553191,3.61322478356109,172.0719,94,44
-4.93775275966215,4.26753611884267,0.726021677685294,172.505666666667,98,45
4.90948145479578,2.53961756737823,2.50106029718886,172.539033333333,100,46
4.91224316572875,2.54106825027379,2.50320602047771,172.5724,100,46
4.90941364682711,2.54074682222027,2.50303497798939,172.605766666667,100,46
4.90450564930151,2.54249242709054,2.50030439905277,172.639133333333,100,46
5.16050940949061,6.31693666559109,0.348776480870076,172.705866666667,103,47
3.43215021227253,7.51045617170177,4.13782925918571,172.7726,104,48
1.91231582636674,-1.89039583906134,8.30902723503094,172.939433333333,105,49
2.5277828597958,2.23792351100335,0.418599487053078,173.6735,109,50
4.59313314136798,5.93256325958931,0.384989254124826,173.806966666667,110,51
4.28829767714572,5.67041885817163,0.367208190749315,174.3742,112,51
4.0500419135487,5.33011204213051,0.375965650578754,174.941433333333,116,51
4.00217222466613,4.97391059294947,0.35283118532204,175.4753,121,51
3.99288504592514,4.96199852446923,0.355238979971532,175.508666666667,121,51
-0.999837159905189,-0.69059144765882,0.270045636558363,174.207366666667,111,52
-0.849812484036427,-0.605697159244425,0.315154922808468,174.7746,115,52
-0.601218747058576,-0.42917579692628,0.331489430237351,175.308466666667,118,52
-0.369696246185168,-0.16891195534492,0.316338311143113,175.8757,124,52
-0.245320748929742,-0.0592906839314878,0.367281405185271,176.409566666667,125,52
-0.237869328699924,-0.0546819995849658,0.370224755222343,176.442933333333,125,52
-0.0670655727846975,-0.0829798446946873,0.430785705483254,176.9768,131,52
2.73679692203384,-0.571573484293903,0.743128268506292,174.707866666667,113,53
2.73452217443911,-0.570328091222483,0.743037595349531,175.2751,117,53
2.736370271777,-0.571294315311495,0.741660336982937,175.842333333333,123,53
2.73679692203384,-0.571573484293903,0.743128268506292,176.409566666667,126,53
2.73672296067595,-0.571514933888392,0.743723430822519,176.943433333333,130,53
2.73828470409252,-0.572358115634084,0.742219795270333,177.510666666667,134,53
2.73451429679963,-0.56805249696222,0.742940970474187,178.044533333333,136,53
2.73593889559575,-0.570322309178959,0.743836841657628,178.611766666667,139,53
3.68080911343363,0.421081207439675,0.282056561446196,174.741233333333,114,54
3.46075131567653,0.373277562455438,0.231838084760354,175.308466666667,119,54
-5.19297499036907,0.124616338367697,3.59257812249714,175.441933333333,120,55
-5.19009711681959,0.120041791975016,3.59797007515933,175.4753,120,55
-5.17813917017493,0.116340307266886,3.6005562684857,175.508666666667,120,55
3.97610111556113,2.94548453473752,1.75816870426315,175.6755,122,56
3.97599182570136,2.94333019584315,1.75871749547264,175.708866666667,122,56
3.96864173276221,2.93954901727356,1.75691116086215,175.742233333333,122,56
3.95722526072652,2.93631356603641,1.75402058324254,175.7756,122,56
3.07552870206547,0.327518740400152,0.234778478622288,176.409566666667,127,57
2.96916958309572,0.401836513631932,0.237351054974972,176.9768,132,57
4.02707894582514,4.38297444920812,0.432704512218968,176.609766666667,128,58
4.08053155065465,4.01457670065712,0.492056075005277,177.143633333333,133,58
4.10857510740699,3.68191146019881,0.472331030733965,177.6775,135,58
1.2480058487631,-3.83884401487071,1.64020483890392,176.609766666667,129,59
1.24321587883133,-3.82036694274515,1.63412693738564,176.643133333333,129,59
1.24168664027343,-3.82588765440737,1.63277445711302,176.6765,129,59
1.24004000167885,-3.81852507573479,1.62866484297118,176.709866666667,129,59
2.81839174620188,0.60511481496027,0.236972996657858,178.044533333333,137,60
2.77899976085334,0.698126467507807,0.215652460215149,178.611766666667,140,60
2.77249666853694,0.838436001846607,0.206880171298553,179.145633333333,145,60
0.0283034718545241,8.59054592885114,0.134471185992927,178.545033333333,138,61
0.0939343844682204,8.19023911603085,0.108526786077171,179.112266666667,143,61
-3.81448007944957,-0.838370608599327,0.411195224478637,178.645133333333,141,62
4.17449163855557,3.07671223331809,0.374720736569809,178.7786,142,63
0.769729046927607,-0.0954586469487232,0.338430898447068,179.145633333333,144,64
0.977425933796321,-0.00141802004116853,0.306239215141417,179.712866666667,148,64
1.08685042765242,0.0391649163772995,0.329089360877631,180.246733333333,151,64
1.27490040058508,0.018906488450419,0.336128770582788,180.813966666667,155,64
1.47892017966125,0.131461352921756,0.344818419039453,181.347833333333,157,64
1.70554787581486,0.244796955645503,0.343650195426005,181.915066666667,160,64
1.82960200023031,0.304017428856823,0.35636635149491,182.4823,163,64
1.88610257719581,0.546799914540037,0.335761004865525,183.016166666667,164,64
1.73459619169805,0.740983659755089,0.37766652260036,183.5834,168,64
1.56209894538858,0.854162534638057,0.444903823973363,184.117266666667,171,64
1.5585343267903,0.857552912161792,0.445541299816429,184.150633333333,171,64
1.4031180581119,0.989178258934762,0.422978533222371,184.6845,173,64
1.20115880659995,1.02115405682546,0.358516196946275,185.218366666667,176,64
0.952014314092455,1.03303346375298,0.357905529621108,185.752233333333,178,64
0.704113887919435,1.15550603261982,0.360599011221279,186.2861,180,64
0.49887923208945,1.24745903030739,0.377406711937002,186.853333333333,183,64
0.258934123055015,1.1711239835659,0.453755745509469,187.3872,186,64
-0.0871417451738429,1.11734181866894,0.47170278492781,187.921066666667,188,64
7.96825153190274,0.40116836515726,4.96789008086471,179.3792,146,65
7.97507564640566,0.412058908770899,4.99219807124175,179.412566666667,146,65
7.94464108219012,0.425833870998236,4.99824255250089,179.445933333333,146,65
1.55098517191282,-3.5840779430646,0.942293678471976,179.546033333333,147,66
1.5451066428076,-3.56002965028463,0.93840392667747,179.5794,147,66
1.54514503062456,-3.55878142377885,0.937571037014906,179.612766666667,147,66
1.54511144168343,-3.56043648336031,0.935272128943747,179.646133333333,147,66
-3.56479090268084,-0.806176728961917,0.400953561242344,179.746233333333,149,67
-3.39470914844817,-0.816078043483848,0.41642212700673,180.2801,153,67
4.46534406076053,2.66703169304074,0.327177141067055,179.8797,150,68
1.13786173290894,2.16872117979647,0.535062520615889,180.246733333333,152,69
3.71145962883537,3.49014630155423,0.383773152435854,180.446933333333,154,70
2.26876618881352,3.38860033698598,0.346301147952288,181.347833333333,156,71
2.45426310651187,3.19894241777133,0.244475041113149,181.915066666667,159,71
-4.66401714576077,-1.01189798162707,5.1222555383489,181.514666666667,158,72
6.36351130708654,-3.9359134591476,3.15665158536677,182.115266666667,161,73
-0.768812250155027,7.6900727724327,0.277547705955724,182.3822,162,74
-2.28883818928357,-1.08049968009286,0.54651546881188,183.049533333333,165,75
-1.99754366967653,-1.17066740844682,0.544973483377035,183.5834,167,75
1.62363780860191,-5.7626715336568,0.444722202127511,183.349833333333,166,76
2.73540233607505,-0.569440532618778,0.743214056882899,183.5834,169,77
-0.815797769415708,6.71306604939257,0.17313443104966,184.050533333333,170,78
-0.723372569877021,6.53474737468212,0.259647174801558,184.651133333333,172,78
-0.631473550041341,6.37825583504594,0.273326238645507,185.185,174,78
-0.627851772873244,6.13429578553223,0.272244452546576,185.718866666667,177,78
-0.655877179941998,5.82822685483494,0.327466562547373,186.2861,179,78
-0.799054787039735,5.57512308921687,0.365681410426816,186.819966666667,182,78
-0.981373347804581,5.37687920859759,0.367654776075625,187.3872,185,78
-1.12833733770731,5.11923586344155,0.370507381894709,187.921066666667,187,78
-1.11934626465695,5.09549275230566,0.372699861482461,187.954433333333,187,78
-1.34798695795203,4.79742493469682,0.381643143789818,188.4883,189,78
-1.52704002242818,-1.83351371992627,0.377029625703994,185.218366666667,175,79
-1.15824789154326,-2.1169747307498,0.287223973383305,186.319466666667,181,80
3.81789233423783,7.80932151260007,0.178696678739035,186.8867,184,81
-0.678727929276659,0.862438473298186,0.375962030421736,189.022166666667,190,82
-0.667610681999989,0.843522425153163,0.368829110446809,189.5894,192,82
-0.693979436470347,0.941055423688632,0.386871089567836,190.123266666667,193,82
-0.698219909398297,0.913342376816149,0.33500470183875,190.6905,194,82
-1.81362682595368,4.21198125054316,0.385387625674396,189.5894,191,83
-0.890924165732817,0.661019858254963,0.362084509422929,191.7916,195,84
-4.36072176150343,0.3603638628424,0.457431292126052,193.426566666667,196,85
-3.9551364769951,0.498120977822762,0.463236222428886,194.527666666667,197,86
2.58772443729351,0.325268964060689,13.8743833758599,347.347,198,87
2.58403213289329,0.328407069365178,13.8308766917825,347.380366666667,198,87
2.58738322058408,0.326597980135546,13.8546271492466,347.413733333333,198,87
2.58408638322481,0.327991163834055,13.8379604993915,347.4471,198,87
2.58350237643931,0.328790958107213,13.8318654193891,347.5472,201,87
2.58404478121684,0.327820788804078,13.8418355715434,347.580566666667,201,87
2.58793905671354,0.325241502930524,13.8716502890034,347.613933333333,201,87
2.5883919397724,0.324649519893685,13.875846987522,347.6473,201,87
2.58940756649165,0.322592204659069,13.8987857738628,347.680666666667,201,87
15.4074952790002,10.0744844528975,3.08536179628291,347.380366666667,199,88
15.4538359014446,10.0979408711373,3.10002711957116,347.413733333333,199,88
15.5656290044792,10.1635232013117,3.12063301742637,347.4471,199,88
3.70396391619648,0.177753275259401,17.5627606796883,347.480466666667,200,89
3.67011111611313,0.254268677826814,0.395557220416408,363.029333333333,202,90
2.94401985719388,-4.72449423203304,0.767752908854129,363.0627,203,91
1.53633419581734,1.2330325772217,6.56909013004687,363.2629,204,92
1.53647693477,1.23364213342922,6.56832952094005,363.296266666667,204,92
1.66228033654231,1.20596201918032,6.50762340032712,363.329633333333,204,92
1.61897458183138,1.26716960086703,6.20800175740237,363.629933333333,208,92
1.72784771999641,0.99118803855318,7.76906460487326,363.363,205,93
1.73014364202624,0.989769640275644,7.77871339725288,363.396366666667,205,93
1.64930798330914,0.780324254678906,8.85997745811264,363.429733333333,206,94
1.89719561453177,-3.5982256875304,0.439394263529623,363.596566666667,207,95
2.4264289119155,1.40592897833083,13.3765443348435,363.930233333333,209,96
2.42551616391222,1.40360652514402,13.361046965631,363.9636,209,96
2.42684522062065,1.40771860462267,13.3781645608671,363.996966666667,209,96
2.42917147727702,1.40644771994184,13.3797623780874,364.030333333333,209,96
2.42313614200719,1.40540599405354,13.347512029539,364.0637,209,96
2.42044334063018,1.40604481195538,13.3327231759118,364.097066666667,209,96
2.41472694530024,1.4049336733449,13.2625384068669,364.130433333333,209,96
1.20827426736078,-1.60528901478768,0.413423770638551,369.602566666667,210,97
4.70135066332982,-0.854879196742637,0.430596784274332,369.602566666667,211,98
-1.69748843359773,-3.53014906099479,0.308445175694065,371.7714,212,99
2.81353442391848,-6.42715417097889,0.514022652380433,371.7714,213,100
4.4219869049005,-0.861255896039007,0.53436427492923,371.7714,214,101
4.70571763878542,2.34005106914445,0.372187951991074,371.804766666667,215,102
0.985604151965773,-1.12380238016707,0.331508477687271,371.804766666667,216,103
5.81334535917933,4.25627942663602,0.319953138851289,444.8444,217,104
5.57257857311686,4.1018958034152,0.279301034989707,445.411633333333,224,104
2.45627760181826,3.16604538123247,0.464201413875652,444.877766666667,218,105
2.30645146126839,2.94048584996216,0.504357041277196,445.445,226,105
2.19408663219211,2.71935743508512,0.599094867084424,445.978866666667,229,105
2.11135272300125,2.4009163200753,0.63683446457984,446.512733333333,232,105
2.10928617484314,2.39376999159251,0.637086051169278,446.5461,232,105
2.07580826121682,2.0903556456625,0.602214464451335,447.079966666667,235,105
4.31281807091108,1.45522677401611,0.255773043920868,444.911133333333,219,106
4.20791880635215,1.4462282400461,0.222792126447472,445.445,225,106
4.01458638980789,1.42349534136953,0.260171532360248,445.978866666667,228,106
3.93262142422895,1.27139523172482,0.330009661762076,446.512733333333,234,106
2.68494669682377,2.03128552641434,13.3759436259241,445.0446,220,107
2.03908631845682,1.74339962814321,10.6264806880555,445.077966666667,221,108
-5.08091554868155,5.08820964215933,9.85101642937965,445.1447,222,109
-0.226006274303508,1.91894247658937,0.446101012118429,445.211433333333,223,110
-0.363944008567932,1.91778502502379,0.403658496850019,445.7453,227,110
2.41976015408198,1.47270065733378,13.4632303258294,446.112333333333,230,111
2.41319088025948,1.47007258242922,13.4212858093337,446.179066666667,231,111
2.41482028262232,1.46856008376339,13.4196729550595,446.212433333333,231,111
2.41871832795812,1.46737916532241,13.4425696447011,446.2458,231,111
5.48131179154612,3.5911369002796,0.302522385137559,446.512733333333,233,112
5.51039543047139,3.28337659140332,0.308173217594872,447.079966666667,236,112
5.49657802749394,3.13147327891915,0.324887049762517,449.2488,237,113
5.2740080157972,3.00666046857563,0.367387387803909,449.782666666667,240,113
5.06328521808838,2.73208205759541,0.390313172609573,450.316533333333,243,113
4.97861748715084,2.34580287995509,0.376721119981452,450.883766666667,246,113
1.82103344429505,1.56736524313357,0.541041052700221,449.2488,238,114
1.81916035577425,1.56751775871596,0.541029356057455,449.282166666667,238,114
1.60683293111141,1.56878802520042,0.476518599357137,449.782666666667,241,114
1.60065962877131,1.56945755433606,0.474878241625139,449.816033333333,241,114
1.27557159457384,1.7004019905198,0.439448089320596,450.316533333333,244,114
1.27187210165786,1.70357119582619,0.439878561496943,450.3499,244,114
1.01035252854615,1.79523568998804,0.447700541012214,450.883766666667,247,114
1.00493420992556,1.7934820803789,0.447876993788296,450.917133333333,247,114
3.34847883864353,1.0083496762739,0.293648571794493,449.2488,239,115
3.26308829118842,0.924044911558489,0.307825691026116,449.782666666667,242,115
3.2642657171954,0.922449198013665,0.308307191834116,449.816033333333,242,115
3.11461791884566,0.754485743081927,0.300737790010876,450.3499,245,115
2.97846174379394,0.571903338754419,0.304052966420598,450.883766666667,248,115
2.82053245061016,0.257607760717673,0.338717143854344,451.417633333333,250,115
2.69170092444735,-0.0266523492453121,0.365209921698962,451.984866666667,253,115
2.6220644619389,-0.223193476786475,0.326958950298533,452.518733333333,257,115
2.4894079162792,-0.507399850311628,0.272718435861214,453.085966666667,261,115
2.29183153749732,-0.78902428149652,0.314612681330947,453.619833333333,263,115
-5.54420924204206,0.711823441122055,2.13552603193084,451.083966666667,249,116
-5.52751280330314,0.69377056038832,2.13868519256734,451.117333333333,249,116
-5.54816962610595,0.676489722581175,2.15149077670278,451.1507,249,116
0.67356022820606,0.62204384087027,0.422093251163676,451.451,251,117
-3.51985429582541,1.78378027897181,0.940731741174593,451.7513,252,118
0.538418849554198,1.8465490474599,0.565004808197542,452.018233333333,254,119
0.42457620569668,2.14181155805125,0.585344961797823,452.585466666667,258,119
2.29915081372529,2.02128448219828,0.610854840085683,452.2518,255,120
5.20464157008632,1.56988970835011,0.545282976191535,452.518733333333,256,121
6.66827596445964,5.79649301262296,0.281728225034775,452.785666666667,259,122
6.27530143608188,5.65139323767755,0.228208956836739,453.3529,262,122
-3.54655233499736,2.27399559996947,0.815263635096343,452.8524,260,123
4.66293921381047,-2.90888372212028,0.407768319657811,453.619833333333,264,124
4.18828370622118,1.75684801550424,0.836952773889365,455.521733333333,265,125
3.90946577519151,1.86341360956681,0.683494236459181,456.088966666667,268,125
3.61112664368104,2.00309503460367,0.577219885385969,456.622833333333,271,125
1.36394212902044,-1.27075132787353,0.321327312728595,455.788666666667,266,126
1.11836214093113,-1.26101051727731,0.314640889430896,456.322533333333,270,126
0.892097549242356,-1.16071161027314,0.297349410936422,456.8564,273,126
4.44377138986737,-2.66125360080451,0.321827480017924,455.788666666667,267,127
5.27884902325716,5.69456605646757,0.200386713782367,456.088966666667,269,128
-3.43903837702631,-0.0532779264078163,0.606809010468284,456.7563,272,129
3.7914783567824,-1.73955376718649,0.421808676629473,456.8564,274,130
2.6168722984242,2.31219209514313,0.509702734688167,458.291166666667,275,131
2.61372805819236,2.31291728689885,0.509965890947684,458.324533333333,275,131
2.45468794839307,2.46851127497377,0.517792874023602,458.891766666667,281,131
2.24122947048812,2.6492862804307,0.508064759602525,459.425633333333,287,131
2.20030479523062,3.16752706317292,0.529074790332447,459.992866666667,291,131
4.14625434815898,4.79339977420383,0.356751437358323,458.291166666667,276,132
3.81428766808866,4.60245683153883,0.37488262569178,458.8584,280,132
3.65244739771179,4.32519387263628,0.390918388358768,459.425633333333,288,132
-3.45544499601703,-0.0559328966003235,0.610411663899296,458.424633333333,277,133
-3.43444939917174,-0.0457594314656284,0.609572053005781,458.9585,284,133
-5.41118837366907,-4.97498943645824,0.441938151343257,458.424633333333,278,134
3.43567957059981,-1.11975513973722,0.332978909493565,458.491366666667,279,135
14.6133542741185,0.593409444479984,8.69220817649301,458.925133333333,282,136
14.3397541507108,0.622411528286636,8.54619452881188,458.9585,283,136
14.6029403429225,0.567894966409799,8.71629887937535,458.991866666667,285,136
14.70741050219,0.54578066184255,8.80859189141329,459.025233333333,285,136
5.43157022809276,-4.00212918601387,0.200103557783696,459.025233333333,286,137
-0.0841306587632249,-0.923563717786766,0.262163675800713,459.5591,289,138
2.53445401181903,-0.0652329704894735,0.514225009750298,459.5591,290,139
2.06079329429559,1.72270593940422,0.392032654758017,478.644833333333,292,140
1.93934608252473,1.83550223525443,0.374607466120148,479.212066666667,295,140
1.85831017087412,1.9189805229865,0.371977749529624,479.745933333333,299,140
1.81268174633578,2.13253155886451,0.344360040073662,480.2798,300,140
1.13694233389564,-1.03451609101725,0.397952089665614,478.6782,293,141
1.12763813867838,-0.86064849853243,0.320911119229918,479.212066666667,294,141
1.1378369776793,-0.624064471096682,0.285779648097202,479.745933333333,298,141
1.28859521730238,-0.426931676647023,0.364510464616923,480.2798,303,141
1.2897613555228,-0.419975268587311,0.367574811851393,480.313166666667,303,141
1.52878911627318,-0.16831558794567,0.382271446078559,480.847033333333,305,141
-9.28588834191345,0.161116585026221,12.8048950837367,479.412266666667,296,142
-9.28588834191345,0.161116585026221,12.8048950837367,479.445633333333,296,142
-9.28588834191345,0.161116585026221,12.8048950837367,479.479,296,142
-9.28588834191345,0.161116585026221,12.8048950837367,479.512366666667,296,142
-9.28837388201289,0.161410776140539,12.8015865344312,479.545733333333,296,142
-9.28837388201289,0.161410776140539,12.8015865344312,479.5791,296,142
-9.29045826943901,0.169094277767233,12.8090629294664,479.612466666667,296,142
-9.2620221696235,0.171054539358652,12.7833599193914,479.645833333333,296,142
-9.24220348816995,0.174714452735765,12.7504650925123,479.6792,296,142
-9.22023804376739,0.175553810236148,12.7248815574778,479.712566666667,296,142
-9.26728822388446,0.1732123597391,12.7874577822261,479.745933333333,296,142
-9.26728822388446,0.1732123597391,12.7874577822261,479.7793,296,142
-9.28311978385509,0.171713357417709,12.7932820079523,479.812666666667,296,142
-9.28311978385509,0.171713357417709,12.7932820079523,479.846033333333,296,142
-9.25406325879678,0.174493329288299,12.761165418913,479.8794,296,142
-9.26728822388446,0.1732123597391,12.7874577822261,479.912766666667,296,142
-9.29045826943901,0.169094277767233,12.8090629294664,479.946133333333,296,142
-9.24550898963088,0.179080385452431,12.7539881743937,479.9795,296,142
-9.24550898963088,0.179080385452431,12.7539881743937,480.012866666667,296,142
-9.24550898963088,0.179080385452431,12.7539881743937,480.046233333333,296,142
-9.24029758965084,0.179567347419597,12.7432888297057,480.0796,296,142
-9.25763606132853,0.179269518181554,12.7580584237672,480.112966666667,296,142
-9.24550898963088,0.179080385452431,12.7539881743937,480.146333333333,296,142
-9.23307822727272,0.180252713326901,12.7287025167363,480.1797,296,142
-9.23307822727272,0.180252713326901,12.7287025167363,480.213066666667,296,142
-1.89106637870081,-1.98914691301111,0.204626446736401,479.745933333333,297,143
-1.75943295389309,-1.93949767324342,0.21913387042267,480.2798,302,143
-1.62757402016056,-1.84564336330327,0.233216262645562,480.813666666667,304,143
-2.52137362612153,4.36547800106329,0.419406003017636,480.2798,301,144
-1.29724156013257,-1.53036635486152,0.187484378917847,482.448633333333,306,145
-1.11236893749272,-1.45165592904665,0.239314109555702,482.9825,309,145
-1.11299937650458,-1.45260268869437,0.239821976421867,483.015866666667,309,145
-0.899428976669961,-1.36650649437115,0.297643846619327,483.549733333333,311,145
-4.00632163500413,2.3241717735827,9.01860493941627,482.8824,307,146
-3.99969306705481,2.32456797997471,9.0049095736838,482.915766666667,307,146
-2.04613839000206,2.28659819169729,0.759777305592005,482.9825,308,147
-1.82807436773029,1.89173515109071,0.776882301998525,483.549733333333,310,147
-0.518727112655999,1.63752227274456,0.386061903262102,486.7863,312,148
-0.40859816299258,1.8202804235296,0.314677218596341,487.320166666667,315,148
-0.454078582989829,-0.450261172706718,0.234493244159337,486.7863,313,149
-0.507458920156609,-0.337159563754946,0.237116129260545,487.320166666667,316,149
-0.507286367246078,-0.333147502479019,0.237135716283363,487.353533333333,316,149
3.79001432777709,-3.47381317890826,0.444627940920478,486.7863,314,150
3.7546369608779,-3.29564462834834,0.489593927458996,487.353533333333,317,150
1.74797363700657,0.783013851271642,0.535959774505042,490.623466666667,318,151
4.76689761961435,1.73476357157483,0.304002762205565,491.157333333333,319,152
-1.19481363054951,0.634659690901478,0.260115933522501,491.157333333333,320,153
-1.3172960323639,0.805668664962882,0.257928887044806,491.6912,321,153
-1.40682433390684,1.03858451375842,0.292160618417797,492.225066666667,322,153
-1.4054302980023,1.04073020014124,0.29166775370529,492.258433333333,322,153
-1.25423985122724,1.262268273272,0.285120103007839,492.7923,324,153
4.4616518406382,1.66785365096028,0.374390450860966,492.258433333333,323,154
3.67056120501614,-2.01499174379925,0.195894199634352,493.326166666667,325,155
3.94870824249057,-1.93585961783831,0.145430711746921,493.326166666667,326,156
4.15049902172921,1.82277421220363,0.287385666871956,493.8934,327,157
-1.03123471332491,1.57274146725112,0.256772702643989,493.8934,328,158
-0.875554721406493,1.62247428364808,0.252451885677483,494.427266666667,330,158
-0.66882169913486,1.65246964615372,0.229507043249928,494.961133333333,334,158
-0.479456574932486,1.70123330375633,0.192981723640408,495.495,336,158
-0.360428790212733,1.73987296620843,0.178484075120768,496.028866666667,339,158
-0.359175625539107,1.73950743583324,0.179517130712332,496.062233333333,339,158
-0.283306732834816,1.75261069472387,0.197482057261179,496.562733333333,341,158
-0.172955850786307,1.89694783672455,0.183020961773178,497.129966666667,344,158
-0.153790311397625,2.00814168621131,0.183223336589887,497.663833333333,347,158
-0.226967812358968,2.16396745605523,0.238662691443414,498.1977,349,158
-0.570277511467209,3.50409060056699,0.266114957956843,494.427266666667,329,159
-0.18297034496652,3.4719199758836,0.297692361889899,494.961133333333,333,159
3.54321818723005,-1.77809292200482,0.252484152469136,494.427266666667,331,160
-7.29410587808409,-6.89066871046437,1.96686001375355,494.760933333333,332,161
4.23131222592775,0.110583775160577,0.571077292942138,494.961133333333,335,162
3.35669646298992,-1.5276268871784,0.279563262684983,495.495,337,163
3.61792353801429,2.31597818822287,0.346678971677095,495.528366666667,338,164
3.41249663435709,2.49552878789434,0.341277131360671,496.062233333333,340,164
3.08797376467554,-1.33075835576957,0.290925736906658,496.5961,342,165
2.93777859299928,-1.26162936622213,0.295875279351655,497.129966666667,345,165
2.798685771078,-1.1696945011801,0.252661496407694,497.663833333333,348,165
3.05342827616104,2.6779598348197,0.373934512694756,497.129966666667,343,166
2.94007702220557,2.66773674156877,0.32433664041336,497.663833333333,346,166
-3.7683897945821,2.02465837670262,0.413642578269203,498.3979,350,167
2.24595455798735,-0.613564006170298,0.258819253531122,500.933766666667,351,168
2.22360737167332,-0.546064429847953,0.22972660927918,501.467633333333,353,168
2.09792815052953,-0.509318605421388,0.210122076525633,502.034866666667,361,168
-2.8080607044782,1.8572746983188,0.357107163434736,501.033866666667,352,169
-2.65110054383842,1.9453879552819,0.360737278952282,501.567733333333,354,169
-8.63346637141079,-0.0634898420510273,12.5292646395615,501.6011,355,170
-8.56121867995166,-0.0592700208092644,12.4292460416985,501.634466666667,355,170
-8.58260341241074,-0.0594738563461861,12.4478974331168,501.667833333333,355,170
-8.10450131911829,-0.0330786982542413,11.7225375665101,501.7012,356,170
-8.09308681573532,-0.03215162832344,11.7147813185521,501.734566666667,356,170
-8.05757534788233,-0.0224107123050747,11.6696354440083,501.767933333333,356,170
-8.60860232311023,-0.0607157992944065,12.4858270595665,501.8013,357,170
-7.90072618485022,0.0033467626615955,11.2266994051682,501.8013,358,170
-7.85693474413574,0.00869478001224733,11.1813583764269,501.834666666667,358,170
-7.85693474413574,0.00869478001224733,11.1813583764269,501.868033333333,358,170
-7.76454032349377,0.0247818621830477,11.0769581489085,501.9014,358,170
-8.48462585784685,-0.0372555054139885,12.3228876225557,501.9014,359,170
-7.72487668572458,0.0301509273049059,11.037272023656,501.934766666667,358,170
-8.47316779346318,-0.0367814061376416,12.3056743440549,501.934766666667,359,170
-7.72487668572458,0.0301509273049059,11.037272023656,501.968133333333,358,170
-7.73832268985226,0.0223833476639688,11.0548408815263,502.0015,358,170
-1.73367347569966,7.2227130563314,0.100574819275,502.034866666667,360,171
5.12796456857305,4.74431201807578,0.200074061070459,519.485633333333,362,172
5.13219632546142,4.53528337097231,0.158602562842314,520.0195,366,172
2.75145033125425,1.93891796657598,0.239855809501026,519.9194,363,173
2.57698486602653,-2.5195914423509,0.175656314962233,519.9194,364,174
4.34870910028139,-0.26915995949853,1.03653818865733,519.9194,365,175
-6.52334950156487,-5.52307879750376,-0.703715337729649,522.588733333333,367,176
2.37702990751175,1.31395087198873,0.367014637971393,522.6221,368,177
5.16296046497209,1.89898010000974,0.601311632623675,522.7222,369,178
4.90852937194486,2.1031831215616,0.619330046673266,523.289433333333,370,178
4.56876481860284,2.25533343844027,0.581642193082586,523.8233,373,178
4.19155276115785,2.34717825665935,0.54045326530314,524.357166666667,378,178
3.78393981675035,2.2112894342627,0.427463955555453,524.891033333333,380,178
3.77512145169791,2.2079465820853,0.426444182769476,524.9244,380,178
3.40651851964648,2.13857653933889,0.411219303409834,525.4249,383,178
3.39651526752171,2.1380823940285,0.412436005415462,525.458266666667,383,178
3.0426118679959,2.14270389716712,0.349715566933337,525.992133333333,387,178
-1.78932221840748,0.734365897526843,0.266703965894712,523.656466666667,371,179
-4.21010602270905,-3.10339215986642,0.47042361074951,523.656466666667,372,180
-4.02532920707771,-2.88947088734747,0.393184408941366,524.190333333333,375,180
1.88175224884824,-1.93672962217134,19.1656471790999,524.090233333333,374,181
1.87013338714718,-1.94369331121807,19.1918893481572,524.190333333333,377,181
1.88495233920437,-1.98085224051124,19.3479904983279,524.2237,377,181
1.85019166562775,-1.93900192136272,19.1520212339781,524.257066666667,377,181
-1.05287504415696,-0.183786550954038,0.302955083632197,524.190333333333,376,182
-0.894658028918692,0.155550895326667,0.329981126383567,524.7242,379,182
-0.73794738254283,0.409000059074242,0.268452547770005,525.258066666667,381,182
-0.622536122818064,0.645248333061963,0.249818129114963,525.791933333333,384,182
-0.495303787306413,0.877847034985701,0.264830981753291,526.359166666667,391,182
-0.328374821865763,1.02869599111047,0.262302081329692,526.893033333333,395,182
-0.160382222347997,1.09682864740878,0.19647513288502,527.4269,399,182
-0.0232464273098242,1.15197553615327,0.209852757741601,527.960766666667,405,182
0.124007422001497,1.19665841359923,0.159990421513779,528.494633333333,410,182
0.127552673978404,1.197588018499,0.15989970394873,528.528,410,182
-3.50769877194253,-2.20141073182017,0.351179906234256,525.291433333333,382,183
-3.15834189706893,-1.88022508040346,0.432072097673184,525.8253,385,183
-2.7966382971745,-1.6121262242597,0.514008053624006,526.359166666667,390,183
-2.3540413752473,-1.22522976564423,0.557021448678384,526.893033333333,394,183
-2.06362000641206,-0.627946596493746,0.526457283897407,527.4269,398,183
-1.97310509923236,0.0448966930467662,0.462717902288405,527.960766666667,404,183
-1.93516901978704,0.740491453207475,0.461779390351382,528.494633333333,409,183
-1.93825717958114,0.753858503964876,0.46202847011603,528.528,409,183
8.7181607290247,-0.159348731853783,1.73042288598501,525.9254,386,184
8.74822059396604,-0.162164113405998,1.72899518953587,525.958766666667,386,184
8.73604710352247,-0.151434209155115,1.71719188346216,525.992133333333,386,184
5.43278003095707,2.91965235266593,0.112451114555795,526.0255,388,185
5.31864070622902,2.82685734137229,0.136094152172397,526.559366666667,392,185
5.21276717818625,2.66726500332079,0.127954401951977,527.1266,397,185
5.15264452165517,2.51891781548499,0.168906933146109,527.660466666667,402,185
5.10776387753632,2.35575857509642,0.172259561919593,528.194333333333,408,185
5.03800832191131,2.19191369935338,0.126179407972872,528.761566666667,413,185
2.33214337601724,0.296523809378519,0.330735401849699,526.3258,389,186
2.21195743642336,0.109570417508578,0.31868488884272,526.893033333333,396,186
2.02152898924464,0.0497929311443954,0.301412240533121,527.4269,400,186
1.84711589788052,-0.0393048032855376,0.221955690567312,527.960766666667,406,186
1.71902126654491,-0.0606191278036701,0.221453626010188,528.494633333333,411,186
5.57381510588769,4.64781498476465,0.239489035409783,526.559366666667,393,187
2.6101838481446,2.50962611060685,0.341186509093497,527.593733333333,401,188
2.47870088768858,2.71805449277691,0.334223099838614,528.1276,407,188
2.47489698709396,2.71988817447627,0.335113425266576,528.160966666667,407,188
2.2106794068851,2.75766527926636,0.384119875052138,528.661466666667,412,188
2.20296189312838,2.75883720326734,0.385549360199799,528.694833333333,412,188
9.25032822696065,10.7453683427442,2.38971784443113,527.7272,403,189
9.16977465911763,10.6691496918666,2.37994575325165,527.760566666667,403,189
-1.05790273068422,-1.37928896783304,0.516766252590382,552.685466666667,414,190
0.118683324022249,2.6378109676845,0.914829417410764,552.985766666667,415,191
5.30872288762768,2.6871158423365,0.12856395664059,555.121233333333,416,192
5.0979474767256,2.57715630737744,0.168375403960194,555.688466666667,419,192
1.31149373362862,1.29693841830389,5.05862754254634,555.221333333333,417,193
1.31115055124255,1.29593481519491,5.06161986503776,555.2547,417,193
-1.39041333137929,-0.0873054357216337,0.521429986429695,555.4549,418,194
-2.1163957941643,-3.2702146525831,0.30479307926515,676.308966666667,420,195
-2.02230697303567,-2.96025547563546,0.334346294590168,676.8762,422,195
1.2514239011323,1.7865791947281,0.296200401584018,676.308966666667,421,196
1.39333352579057,1.62317220074033,0.327245287706351,676.8762,423,196
1.54186326161603,1.5207291988824,0.313458711646999,677.410066666667,424,196
1.47243063560695,0.893550507729275,0.532219235082778,677.9773,427,196
1.8611738302796,1.50440042421126,0.317149684630156,677.9773,428,196
1.72430077144557,0.323983673090404,0.476848749381638,678.544533333333,431,196
11.2026371866642,-5.89794767449589,7.06774452410744,677.610266666667,425,197
-1.53520384498813,-2.26394648574105,0.360568213029845,677.9773,426,198
-1.78510667009234,-1.82847137299996,0.4477447383154,678.544533333333,430,198
-2.04367281545122,-1.38080432603954,0.455400752461471,679.111766666667,432,198
1.78195984092894,5.30130097239643,0.270751215846248,678.544533333333,429,199
2.44643416500051,-0.317149238496531,0.261668341654998,681.313966666667,433,200
-3.15495947592837,0.196013103069165,0.426246374828581,681.8812,434,201
2.03186992324795,-0.431966664206095,0.225861149163918,682.415066666667,435,202
-3.33590144984961,0.799815739844481,0.414300170296132,683.015666666667,436,203
-3.25473320225748,0.987189915529133,0.384656403509093,683.549533333333,437,203
-3.2026964055519,1.08166412979653,0.354016300896732,684.116766666667,439,203
-3.09218808548046,1.18066403870498,0.335162507315787,684.684,443,203
0.129177639582535,6.51250090214545,0.237589479395143,684.116766666667,438,204
0.267042652143627,6.38914263624195,0.213161103409176,684.684,442,204
0.383789821537408,6.07013011064272,0.230692214940672,685.217866666667,445,204
0.478942629013601,5.93610835160588,0.201736398153581,685.7851,448,204
0.465231881878798,5.8529556834188,0.117821329364976,686.318966666667,451,204
0.511423443908468,5.73109533879044,0.114706279829538,686.8862,454,204
0.602869036850345,5.61840077924885,0.161230965770081,687.453433333333,458,204
3.28447265930574,-1.54254209418223,0.311461386863452,684.617266666667,440,205
3.22337336911505,-1.27346973158496,0.328680264904096,685.1845,444,205
1.45946669008219,-0.510645396534742,0.288250341699482,684.650633333333,441,206
-4.5600802749239,0.735120697297668,0.486188006435113,685.217866666667,446,207
-4.23225821497935,0.683037942637799,0.451772070209479,685.7851,450,207
1.22760852630128,-0.438751067348007,0.28488360656079,685.751733333333,447,208
1.07122790068239,-0.470361124410072,0.340551405760715,686.318966666667,453,208
-2.75785093978852,1.38821908895278,0.348517793830873,685.7851,449,209
-2.54049981146303,1.44810885272958,0.354581402462156,686.318966666667,452,209
-2.33530767664458,1.486131518297,0.35935366528513,686.8862,455,209
-2.16081710493101,1.52351697580593,0.341430915895909,687.420066666667,457,209
-1.65977491323613,1.36319119882985,0.471288372746443,687.453433333333,459,209
-1.97571346834069,1.55740620038747,0.354776394540515,687.9873,461,209
4.69931470735825,1.36316200736637,0.289561629052692,687.3867,456,210
-5.90340862989899,6.15696204116549,9.83489489162868,687.9873,460,211
-5.88807743252504,6.14313072688175,9.81368246366531,688.020666666667,460,211
-3.55739368607223,0.93061695484488,0.456541327711627,687.9873,462,212
0.670954506829455,5.02915404883179,0.192206615800764,689.121766666667,463,213
-4.26559558272948,0.671656587166254,0.492619084927683,689.121766666667,464,214
-3.95659759751078,0.619883193942682,0.481131502435875,689.655633333333,466,214
-3.78454241208938,0.670321563545149,0.516642943491815,690.222866666667,470,214
-3.20858026093391,1.74172390485145,0.534858958058295,690.7901,477,214
-3.63305685184097,0.719168143907496,0.442904545783725,690.7901,478,214
-3.46914586828957,0.803243177476389,0.364384957501891,691.357333333333,483,214
-3.42369841205352,0.85711573896893,0.295990905866155,691.8912,486,214
-3.30996811528902,1.00233929257445,0.259072793804152,692.458433333333,490,214
-2.03489079343067,1.47709175172585,0.287454399172954,689.655633333333,465,215
-1.92006774302463,1.3658624318881,0.332389133872287,690.222866666667,471,215
-1.6807325340978,1.29594572852345,0.30851297316123,690.756733333333,474,215
-1.67673473817212,1.29526012041596,0.308250908881168,690.7901,474,215
-1.43161193442204,1.24818123618642,0.274466194685228,691.323966666667,482,215
-1.16716444859867,1.35708398358268,0.255791239900611,691.8912,487,215
-0.911980109598219,1.52690008792519,0.267983089632453,692.425066666667,488,215
-0.65539869220943,1.57256710146222,0.308022415477474,692.958933333333,491,215
-0.652719355201777,1.57281712029157,0.308566279718899,692.9923,491,215
-0.40893667204845,1.56844690440279,0.317028557882144,693.526166666667,495,215
-0.172544991053273,1.70195652568389,0.302960114118917,694.060033333333,498,215
-0.17007136594727,1.70606747251932,0.302278300453959,694.0934,498,215
-0.00629631508540474,1.88848943234258,0.308766284488023,694.627266666667,504,215
3.64641867577869,-0.160436662434943,0.368100447489029,690.156133333333,467,216
3.62794244073043,-0.0643519312178237,0.364140758731329,690.723366666667,472,216
3.5789865889488,0.0377877884398734,0.376314979909018,691.2906,480,216
3.50629433175504,0.176743314544623,0.35542996920681,691.824466666667,484,216
3.39497735309837,0.290677069540654,0.32220564209862,692.425066666667,489,216
3.35849898667507,0.410131087947986,0.357274569865485,692.958933333333,492,216
3.39481912033606,0.0683903687403471,0.681371867085183,693.4928,494,216
3.25071879159,0.51538941674282,0.350180898559551,693.526166666667,496,216
3.15992872002798,0.68800257876733,0.322049072354565,694.0934,500,216
3.38883510286741,0.0707652711692569,0.680804430912629,694.627266666667,505,216
3.05111082138774,0.816341966447191,0.281846549646856,694.627266666667,506,216
2.95542556686493,0.892006028297669,0.258623179231876,695.1945,510,216
2.86140277236273,1.04454722605091,0.227418541934376,695.761733333333,515,216
2.84237244161507,1.11894720016984,0.275515588847083,696.2956,519,216
2.84113567829765,1.12059617990256,0.276537810436582,696.328966666667,519,216
2.829787968929,1.18959664549037,0.29813826448237,696.862833333333,521,216
2.83089156304195,1.30066116677131,0.287221644783567,697.430066666667,523,216
2.86795627355549,1.43151735639875,0.269843410760297,697.963933333333,528,216
2.93208845384287,1.513884430578,0.257567182178183,698.531166666667,532,216
0.509335772685198,4.79771149038406,0.261539309745878,690.222866666667,468,217
0.533101795255626,4.61696565449625,0.29911560835985,690.7901,475,217
0.612929491109897,4.41268315972816,0.311829318831233,691.323966666667,481,217
-1.22897102120598,7.66990711205582,0.140678309080338,690.222866666667,469,218
-1.05318220134374,7.50929885929414,0.136373302954446,690.756733333333,473,218
-2.10156060267011,5.48908990430085,0.221883864716892,690.7901,476,219
-4.10429068612324,4.92405998278602,9.2545047455199,690.9903,479,220
-4.08325009316913,4.89507948049045,9.19950646916736,691.023666666667,479,220
-1.74953268084668,5.23810445398249,0.195529898913333,691.8912,485,221
5.83311580283693,5.52527659267777,0.297280580738235,693.459433333333,493,222
5.83311580283693,5.52527659267777,0.297280580738235,693.4928,493,222
3.04215852393223,-4.15591408902755,3.21048442329447,693.626266666667,497,223
3.04215852393223,-4.15591408902755,3.21048442329447,693.659633333333,497,223
1.4662029399058,3.7171406908649,0.2060782653968,694.0934,499,224
1.58738424392164,3.5463359799028,0.243615245485679,694.627266666667,503,224
1.59032291764207,3.54689142153814,0.243570234720657,694.660633333333,503,224
1.69998249553663,3.42344340018191,0.241037976859234,695.1945,509,224
-4.12493463689114,0.839873370362223,0.328038036089083,694.126766666667,501,225
-3.95767300650004,0.883750196420469,0.28762038672888,694.694,508,225
-3.76364442850339,1.03699543859777,0.322673169379638,695.227866666667,512,225
-3.4347704023088,1.72226869174434,0.34968964127037,695.7951,516,225
-3.63419551937494,1.0450343133171,0.400866015542267,695.7951,517,225
-3.40934299013068,1.0180827273393,0.469379049167635,696.362333333333,520,225
5.76607757352722,5.16791839745475,0.188988292072331,694.5939,502,226
-1.61877991120987,4.55397198381031,0.248438478500044,694.660633333333,507,227
-1.53536375509382,4.37588600606674,0.218759639476204,695.227866666667,511,227
-1.34925458391808,4.26292594489052,0.157799407055417,695.761733333333,514,227
-1.34342605416344,4.259683944832,0.157289450580938,695.7951,514,227
-4.47499935426236,-1.44721477176693,0.559245861366073,695.2946,513,228
-4.15635862207886,-1.0970671422908,0.495069773419194,695.828466666667,518,228
-3.4966265106167,-0.912852733471475,0.499029776793418,696.929566666667,522,229
-3.06106819152617,0.76785135447733,0.376780492199318,697.463433333333,524,229
-3.34141521780736,-0.698496644502093,0.620903865764149,697.463433333333,525,229
-2.70859901455381,0.683929158317802,0.333175748213574,698.030666666667,529,229
-3.09453370536678,-0.47795987461026,0.641751421648968,698.030666666667,530,229
-2.31335371123114,0.520292111607346,0.27555175599408,698.5979,534,229
-2.90065050328108,-0.214224510725076,0.528624843383637,698.5979,535,229
-1.90633280880503,0.427465032669575,0.245094438980535,699.165133333333,539,229
-1.54374040410277,0.361433431254092,0.282150496917511,699.699,542,229
-2.85911291047526,-4.25494037794307,0.390163829226009,697.463433333333,526,230
-2.80829827305315,-3.9025746814777,0.358795692709049,698.030666666667,531,230
-2.66212999047816,-3.54512753587129,0.335038058149161,698.5979,536,230
2.56156303539473,7.9682206026966,0.363516977000638,697.930566666667,527,231
-6.20566941487436,0.198660079164206,0.477830043573654,698.5979,533,232
-5.74832303848054,0.230856347136323,0.476549722306627,699.165133333333,538,232
-5.39061314067288,0.269205499751899,0.548980767577759,699.732366666667,544,232
2.62573289281359,7.04652185117585,0.276679091990091,699.065033333333,537,233
2.69920854258022,6.63583812118686,0.191459041752153,699.632266666667,541,233
2.59887848655432,6.28768489131764,0.18834484489831,700.1995,546,233
2.30884246702628,6.05265510767351,0.214062614889922,700.766733333333,550,233
2.03273399014033,5.94462741296861,0.188413741957311,701.3006,553,233
6.75859776893609,3.92428770085436,0.147254174631548,699.632266666667,540,234
6.65199842568815,3.79666968316972,0.107930645437919,700.1995,545,234
-2.3778230624369,-3.01053502636713,0.215407184697276,699.699,543,235
-2.07446336214391,-2.87335404011667,0.223802595649513,700.266233333333,548,235
1.65680632965775,4.31900017642168,0.416661006866511,700.1995,547,236
1.65157576839688,3.90773877631482,0.391621026247586,700.733366666667,549,236
1.64689508415353,3.89323559708109,0.393211099848918,700.766733333333,549,236
1.58753321174603,3.49067653575224,0.363479045189489,701.3006,552,236
1.58529115700794,3.48312185434732,0.36391378116756,701.333966666667,552,236
1.55120793857964,3.21029629135613,0.333977699457298,701.867833333333,558,236
1.47430378865645,2.96905835476186,0.404181156896333,702.435066666667,561,236
1.34299283374767,2.80570797960602,0.479976746052947,703.0023,563,236
1.2073791520795,2.66887821107324,0.42688196482504,703.569533333333,566,236
0.87518168286658,2.35940981385204,0.488862818699542,704.1034,567,236
-1.07411366188601,4.70719478090153,0.256815234334056,704.1034,568,236
0.933796004330953,2.28504106622839,0.488350521363383,704.136766666667,567,236
-0.783410511610468,4.38082768665181,0.309828885093653,704.670633333333,572,236
0.739809304000161,2.44516381250767,0.326104441040396,704.670633333333,573,236
-0.677338827633382,4.02675170686727,0.379573867103267,705.237866666667,579,236
0.524707685985451,2.45433265352311,0.360136341708974,705.237866666667,581,236
0.294972692221508,2.30192750978836,0.403968859062052,705.771733333333,583,236
0.292858911680651,2.30020688662228,0.405443601584226,705.8051,583,236
-0.648877666534109,3.67557361181899,0.377228176562292,705.8051,585,236
-0.442421265139212,3.43885771952071,0.396946314060025,706.338966666667,588,236
-0.435068118760943,3.43307206225829,0.397674913528034,706.372333333333,588,236
0.0470983195127633,2.37667384791361,0.40750605341636,706.372333333333,592,236
-0.277688242312207,2.38665085531511,0.277197217732192,706.9062,593,236
-0.094120146978464,3.28458721236108,0.340784092693256,706.939566666667,595,236
0.178174952369613,3.05493377300979,0.285604746757981,707.473433333333,598,236
-0.585317177980277,2.39876858759861,0.347225358777432,707.473433333333,600,236
0.182431467453792,3.04813969985929,0.285720288137001,707.5068,598,236
0.493576295341688,2.8072072203978,0.330767727927925,708.040666666667,603,236
-0.852118735473117,2.37380816334897,0.366444438260033,708.040666666667,604,236
-4.81081014495534,0.574541147290584,0.584727867854791,700.833466666667,551,237
-4.45212055531614,0.672040585617874,0.641502389185733,701.4007,555,237
-4.07903126629973,0.778729950696823,0.615857731460107,701.934566666667,559,237
-3.67413391433929,0.909037518653088,0.49579271101705,702.5018,562,237
-1.31303449304339,-2.57795519928955,0.289162473034767,701.367333333333,554,238
-5.46861497507143,-2.04028950625338,0.421682900828738,701.4007,556,239
-5.14957174361013,-1.88133519850227,0.414864247138324,701.967933333333,560,239
6.3140379737738,3.24179785417782,0.241919700791923,701.867833333333,557,240
-2.90581063291475,-0.0884083544418985,0.518194325017921,703.069033333333,564,241
-2.2343594895003,5.20798566228766,0.377198991133955,703.536166666667,565,242
-2.18610423688976,5.10119927540516,0.421628631270809,704.1034,569,242
-2.18614959006526,4.94773260539876,0.484915202972379,704.670633333333,574,242
-2.22626313304604,4.70960961325762,0.388759035461555,705.237866666667,580,242
-2.24682819599521,4.4981334889621,0.446409666639744,705.8051,586,242
-2.32635604429455,4.35381687940434,0.432281129080548,706.372333333333,591,242
6.8838564682337,2.12310193086338,0.242068503548838,704.136766666667,570,243
-3.35255559706767,1.49664485112737,0.44513140932826,704.170133333333,571,244
-3.16328809296969,1.72479273957101,0.551587660187207,704.704,576,244
1.08940713609654,-1.99082855132427,0.277815391471377,704.670633333333,575,245
1.31296939465048,-1.73206720982019,0.294460206497448,705.237866666667,582,245
1.38797394320114,-1.48347880706593,0.280430884807765,705.771733333333,584,245
1.38760007194758,-1.47922016211958,0.281695432037969,705.8051,584,245
1.43439898784705,-1.47141549136848,0.387347246856347,706.338966666667,590,245
1.45104564679395,-1.43922677497495,0.41966860354219,706.9062,594,245
1.65012426088082,-1.28423919430115,0.379108090922963,707.473433333333,602,245
1.99945489892824,-1.15152429703838,0.384556238504774,708.040666666667,606,245
6.82615568272012,1.88086613250426,0.199459463652791,705.237866666667,577,246
6.36335829822348,2.38958371621484,0.223916368090817,705.237866666667,578,247
0.732040905911217,2.69941406177154,6.49534769549204,706.238866666667,587,248
0.734126408656899,2.69748636595571,6.49343874218662,706.272233333333,587,248
0.738395915406095,2.68767577098623,6.49575584033222,706.338966666667,589,248
6.03819404063424,1.38734273554286,0.214804466949534,707.473433333333,596,249
6.79295163208436,2.32472785703049,0.247497588785455,707.473433333333,597,250
-6.45392252480757,4.24518415972519,0.359724441951134,707.473433333333,599,251
-4.24910549612402,-1.48804482559139,0.498311233104139,707.473433333333,601,252
-4.08344919955858,-1.22423481610734,0.529044592021889,708.040666666667,605,252
2.12423098801717,2.5713316904879,0.340363752076591,743.8431,607,253
2.01881109497416,2.3929771297969,0.279978544113721,744.410333333333,611,253
3.75069407419296,3.50271021583934,0.301657120864286,743.8431,608,254
-0.0988321555432717,1.69868171806616,0.310565979525838,743.8431,609,255
-0.0969472011583076,1.69536329633164,0.31038901067801,743.876466666667,609,255
-0.081752549741544,1.39059942882718,0.318177132463156,744.410333333333,613,255
-3.162127230623,1.98443136311715,0.469734698856414,743.9432,610,256
7.10099127161548,4.6351394549682,0.307184751972096,744.410333333333,612,257
3.52258211125965,0.089696555136731,0.334143566680297,744.410333333333,614,258
2.13106061436135,1.79243956831963,0.341981239641951,747.179766666667,615,259
-4.37692715326492,4.12090940615016,0.268057992298176,747.313233333333,616,260
-3.81323324640029,3.84074863837454,0.238955290286173,747.880466666667,617,260
1.92036159286412,-1.45277608811012,17.5991043578576,748.314233333333,618,261
1.90199591851247,-1.49241809233111,17.9824823453235,748.380966666667,619,261
1.8985777309416,-1.51009580627753,18.0651328648546,748.414333333333,619,261
1.91220527447237,-1.53478913758378,18.1736678005191,748.514433333333,620,261
2.19453245654554,-1.42759606652723,17.6694805196792,748.714633333333,621,261
-1.5418179125241,3.05807236205069,0.357781817448195,749.5488,622,262
-1.27831289555098,2.92682771071859,0.343452992139395,750.082666666667,623,262
-1.27400802043766,2.92436718158591,0.343958683426913,750.116033333333,623,262
-1.12675585286989,2.78023101234794,0.38500198596112,750.6499,625,262
-0.957372620142514,2.71690385531684,0.401276445779177,751.217133333333,627,262
-0.724595383046346,2.62313799003537,0.418053211307393,751.751,630,262
-0.505778114166448,2.4490100899239,0.447348153753549,752.284866666667,633,262
-0.502192614051527,2.44616077984883,0.44842409840564,752.318233333333,633,262
-0.340276435983979,2.28681832022052,0.463163162563695,752.8521,639,262
-0.16471943586838,2.11386533097521,0.408064599824658,753.419333333333,643,262
0.0408077267303352,1.99992814334047,0.325783918273018,753.986566666667,647,262
0.253274787269933,1.97869401740533,0.28437372721334,754.520433333333,651,262
0.256261997312208,1.97787311804977,0.284133105958308,754.5538,651,262
0.388695849132999,1.95154080957015,0.292741841272598,755.087666666667,655,262
-3.58890111443622,1.98009986600818,0.481115223482287,750.116033333333,624,263
3.4409940494268,-1.26842491382328,0.410250502990313,751.1504,626,264
-4.75293818076169,2.05311163793285,0.4906018184297,751.2505,628,265
-5.1039794541125,2.33026928338733,0.450388110115601,751.784366666667,631,265
-4.55056278265601,2.19005071467557,0.393106209733719,751.817733333333,632,265
-4.29787402110574,2.3123288619902,0.426556674408986,752.3516,635,265
-5.07055776936663,2.23438352385027,0.449728055532903,752.3516,636,265
-4.07958562896195,2.29600423449859,0.473995569666479,752.918833333333,641,265
-3.83700285838824,2.19681542350796,0.505510860951671,753.486066666667,645,265
-4.9799478076827,2.07558997438299,0.453405891348336,753.486066666667,646,265
-3.6248014478486,2.18320684499278,0.465739048955534,754.0533,649,265
-3.34445795006227,2.17460381158906,0.462555080129061,754.587166666667,653,265
-3.0159635480295,2.14513544767158,0.529359792888004,755.1544,659,265
-2.79474944587316,1.93114683058905,0.500612151532523,755.721633333333,661,265
-2.67500592229299,1.76275759748617,0.410485710136036,756.2555,665,265
-2.36444682816916,1.7129741007724,0.367782950332567,756.789366666667,669,265
4.20671556091334,0.620718664965031,0.347798767987022,751.684266666667,629,266
3.02227486299324,-1.09785073262211,0.374786063080161,752.284866666667,634,267
2.42570168536991,-1.16918909049726,0.366992918224724,752.8521,640,267
1.84692280077997,-1.40765363138779,0.403091528865515,753.419333333333,644,267
1.35487385181686,-0.88069390308103,11.678503783959,752.485066666667,637,268
1.35870351762098,-0.882229048264515,11.6972884427222,752.518433333333,637,268
1.35393747735549,-0.865800272269248,11.628048881989,752.5518,637,268
1.35536731183083,-0.878349629523621,11.7387434960684,752.718633333333,638,268
1.35560689634738,-0.877194239628493,11.7356493724832,752.752,638,268
1.15856518758078,-0.896807512940099,11.5580658760999,752.918833333333,642,268
-1.57466843976349,5.89875293371028,0.428715652699811,754.019933333333,648,269
-1.38841591745373,5.6799457932409,0.432727362871635,754.587166666667,652,269
-1.17805833649043,5.40439960666247,0.417103483137681,755.1544,657,269
-1.00819761282937,5.1292523206688,0.472251604047855,755.688266666667,660,269
-0.822067837822733,4.80704889920639,0.507435191224404,756.2555,664,269
-0.672096758494095,4.45489012347057,0.506441476361361,756.789366666667,668,269
-0.54673741073577,4.08583299544874,0.433858140519073,757.3566,674,269
-0.422952466583631,3.73081855797449,0.344853554642244,757.890466666667,676,269
-1.06821204140165,3.37730136707262,0.238101262726152,757.890466666667,677,269
-0.419703002678033,3.72889474268806,0.344968868758451,757.923833333333,676,269
-0.239544976528751,3.51896487888743,0.273777100369116,758.4577,682,269
-0.136148979656579,3.3973430034511,0.205991162143733,759.024933333333,687,269
3.47600397496743,1.67167796308919,0.450512426978033,754.520433333333,650,270
-4.71621683589727,2.00119034085972,0.478900118181369,754.587166666667,654,271
-4.54511250976426,2.13436047057915,0.495553025115929,755.1544,658,271
1.72036118582367,-1.26542278184887,16.159894626503,755.121033333333,656,272
3.83633562657084,0.373959779338724,0.412796068441485,756.188766666667,662,273
3.77020897229707,0.511207470966046,0.422653385720945,756.756,667,273
3.71481143026006,0.600009631886766,0.446209511879469,757.323233333333,673,273
3.38335695797944,0.0709293253348416,0.679510527407295,757.923833333333,680,273
0.798487647979815,1.9451720013402,0.301068468774768,756.222133333333,663,274
1.04087937536751,2.02629284061576,0.309260029081021,756.789366666667,670,274
-4.16733200200174,2.26192519102787,0.483153784159801,756.288866666667,666,275
-3.96430064118236,2.15354370748213,0.47714316203241,756.822733333333,671,275
-3.70044095364509,1.97787419016651,0.537288072363678,757.389966666667,675,275
-3.4296608285091,1.81375213450676,0.578927892664764,757.923833333333,679,275
-3.2662856609561,1.71548436331372,0.555316918302071,758.4577,684,275
-3.14317732867187,1.59969241412694,0.458006403372796,759.024933333333,688,275
-2.95292949642092,1.49691886077594,0.390473062499753,759.592166666667,692,275
10.0723024209063,0.629592903083561,0.0430804264578429,757.323233333333,672,276
-1.9503779317874,2.11888207152981,0.330610739956902,757.923833333333,678,277
-1.80498570480889,2.08237937913344,0.33892008486556,758.4577,683,277
-1.70908284949887,1.93812507349158,0.262961357641445,758.991566666667,685,277
-1.70628910162663,1.93650818636269,0.263337069253203,759.024933333333,685,277
-1.63290961719744,1.72162762549812,0.211051859620995,759.5588,691,277
-1.62929271853418,1.50283655197277,0.171998810840705,760.126033333333,695,277
-1.47126351702341,1.39119795422655,0.174023472960783,760.6599,697,277
-1.46864434979233,1.39071829908957,0.173417192156666,760.693266666667,697,277
-1.35235867284055,1.29491907253371,0.167439599488434,761.227133333333,699,277
-1.347892983264,1.29335808961297,0.167881798158756,761.2605,699,277
-1.27865327746796,1.18498551298752,0.225348343540445,761.794366666667,703,277
-1.17882000930484,1.05554055777119,0.264711622750254,762.3616,707,277
-1.17370218679293,1.05265099253423,0.266049793093855,762.394966666667,707,277
6.42709130788957,1.90849198422122,0.356852311356574,758.424333333333,681,278
4.89559774751194,-2.20960170823081,0.444367355618615,758.991566666667,686,279
5.79277609217698,1.45564761303384,0.295852577562194,759.5588,689,280
5.70441383893256,1.82395335024741,0.333584436141698,759.5588,690,280
5.5247223781126,1.8721546609056,0.280222297370308,760.126033333333,693,280
5.32072224140902,1.89803492222074,0.284792830383446,760.6599,696,280
5.12603723454594,2.0297353495705,0.254609610992811,761.227133333333,698,280
3.35933321559656,2.7351870439303,0.222544624809656,760.126033333333,694,281
5.34380176939539,-1.46143806708703,0.388575643332639,761.227133333333,700,282
5.35190045280086,4.37120772687779,0.314460017224316,761.794366666667,701,283
-2.26738084392103,0.863478956818552,0.298739337101127,761.794366666667,702,284
-2.28660850183018,0.497851313904634,0.311085305059934,762.3616,706,284
-2.26435298611899,0.1678922769679,0.296353900850349,762.928833333333,712,284
4.92670848793037,2.24048178223926,0.180654150150867,762.3616,704,285
4.76144421433151,2.27334929535194,0.189827043431286,762.928833333333,711,285
4.69694044439961,2.46843114129555,0.197410606146726,763.496066666667,715,285
4.51383004199296,3.37362933097857,0.278698378735701,763.496066666667,716,285
4.50603106485012,2.47481654158596,0.263336908977164,764.0633,719,285
4.1661968434723,3.09406051302271,0.35944302047865,764.0633,720,285
4.29208135464118,2.40563281139577,0.274824765702537,764.630533333333,724,285
3.79550626247806,2.66307697527896,0.419296007902719,764.630533333333,725,285
4.00016172353238,2.44593872538978,0.266337196214086,765.197766666667,731,285
3.66157603782159,2.53395759435037,0.248708228831269,765.765,735,285
3.38409851734924,2.61910074886885,0.292516200397002,766.298866666667,736,285
3.11142162668537,2.57959916315728,0.292227326485281,766.8661,738,285
2.80319192976146,2.53712972626196,0.243702159546736,767.433333333333,741,285
4.1830257214123,3.26318276450233,0.112412559331434,762.3616,705,286
1.42750369368832,0.899176038471382,6.80849434398419,762.394966666667,708,287
1.43162306903449,0.897114483651978,6.82958515200707,762.528433333333,710,287
-2.38908402208424,5.57448947879024,0.395992665830933,762.428333333333,709,288
-1.19956942693769,4.58818808893744,0.362342509999776,762.9622,713,289
5.05090003390091,-1.09018303264708,0.528414517456789,763.4627,714,290
-1.10454229542621,0.75902161397888,0.226351500449033,763.496066666667,717,291
-0.987632510882791,0.448401145489738,0.287254121470462,764.0633,723,291
-0.818753634581831,0.308574538327724,0.322527249838223,764.630533333333,728,291
-0.709275711889315,0.331357565161966,0.260411735680524,765.1644,730,291
-0.707855847267139,0.333228840635508,0.259436028833164,765.197766666667,730,291
-0.563364060310443,0.190401627078721,0.278483514330809,765.731633333333,732,291
-0.582818750881404,-0.0773435690184712,0.289749879629247,766.298866666667,737,291
-0.505701776967453,-0.270151659019969,0.268539577125054,766.8661,740,291
-0.384045648555888,-0.438133126995481,0.284530457728254,767.433333333333,743,291
-0.179765844901907,-0.586405052891988,0.336794125287645,768.000566666667,748,291
-14.9541268071836,1.23654479512803,3.15506631468686,763.729633333333,718,292
0.428760953565461,3.91598335401069,0.302687912842163,764.0633,721,293
0.619228335742533,3.8772096358125,0.296589233316677,764.630533333333,726,293
-0.89931176634348,4.58253054064429,0.309787415672669,764.0633,722,294
-0.75199692121363,4.42710159769995,0.409772861026515,764.630533333333,727,294
-0.521499089618857,4.36315626470653,0.456375252181926,765.1644,729,294
-0.517231855707113,4.36377405304024,0.455495696940701,765.197766666667,729,294
4.51367932054364,-1.16915028754122,0.593927456727514,765.731633333333,733,295
5.75998433590267,-1.29722539296254,0.272904402854175,765.731633333333,734,296
0.127590262144681,4.50073618447291,0.297130264244598,766.8661,739,297
1.20380112556694,2.55472248748146,0.382130906929498,767.433333333333,742,298
1.36056342706506,2.32189515850108,0.396026053730462,767.9672,744,298
1.36212796628257,2.31694262176045,0.397256070306116,768.000566666667,744,298
1.50813337000003,2.09197653408932,0.368725287823108,768.534433333333,749,298
1.67581731305411,1.8981889295672,0.345280456290681,769.101666666667,751,298
1.86371815474894,1.75186600801033,0.335840709169871,769.6689,752,298
0.41828375407879,4.39866855216687,0.298780101651192,767.9672,745,299
4.41958860353722,-1.51860367343385,0.626160089378549,767.9672,746,300
-4.59033562552451,-1.52805639156291,0.428656908103892,768.000566666667,747,301
-0.895453578890488,1.14233693746277,0.569468939945626,769.101666666667,750,302
-4.58788582397391,-1.14402667764186,0.518792416472383,770.236133333333,753,303
-4.5291399125198,-0.992639645012194,0.402242838736993,770.803366666667,754,303
-4.38214974405507,-0.855533939336478,0.481147878547675,771.3706,756,303
-4.30116675427678,-0.886730335662472,0.591547596823476,771.937833333333,757,303
4.09832307747595,-4.18240615200179,0.222098628281379,770.803366666667,755,304
0.958678088954719,-0.668664745204074,0.32224544876812,771.937833333333,758,305
1.20370488876549,-0.554492659989786,0.293724849111086,772.4717,759,305
1.20520748344488,-0.546202361684426,0.294866465861632,772.505066666667,759,305
1.4213935883199,-0.360083565156143,0.289827940492321,773.038933333333,760,305
1.43107562443474,-0.0686801059608496,0.251258030294788,773.606166666667,762,305
1.43013411076398,-0.0644274550103509,0.251480974365764,773.639533333333,762,305
1.44815885490108,0.148494517907216,0.2627908468338,774.1734,765,305
1.5352363959685,0.367215675516078,0.278123518988567,774.740633333333,767,305
1.63037649405022,0.588830814423533,0.31450961279873,775.307866666667,768,305
1.78133201406548,0.645478970459878,0.256509049546283,775.8751,770,305
2.02794320965187,0.603530462977702,0.313897863353026,776.442333333333,772,305
2.23413001473867,0.677604398589356,0.385808162428056,777.009566666667,774,305
2.39176515748277,0.888172947450724,0.285994431990499,777.5768,776,305
2.33601308267301,1.0880816492378,0.294581875833546,778.110666666667,778,305
2.33424785687663,1.09031009636352,0.295485761487575,778.144033333333,778,305
2.16708180562009,1.25053041531336,0.363358305098082,778.6779,781,305
2.03111506338418,1.4082730640084,0.375349021338022,779.245133333333,784,305
1.95362777779066,1.65349075490647,0.36078020654783,779.812366666667,786,305
1.7888402845695,1.86423298352486,0.348155375749659,780.3796,789,305
1.696028581962,1.98377294013643,0.29785151527547,780.913466666667,791,305
1.69244870511957,1.98512557051127,0.297818295588236,780.946833333333,791,305
1.52632883516553,2.09484451270174,0.330523292980594,781.4807,794,305
1.4448008494592,2.25358828783134,0.330433628471838,782.047933333333,796,305
-3.98192646989519,-0.931244336428901,0.474962993745227,773.606166666667,761,306
-3.83680217468979,-0.92128453169163,0.440012952215991,774.1734,764,306
-3.63330710868119,-0.856372690149116,0.411587024047017,774.740633333333,766,306
-4.50088044541278,3.99019189945964,0.476317727409357,773.639533333333,763,307
-3.34316976330202,-0.691949764585948,0.424115196824611,775.841733333333,769,308
-3.28344554349062,-0.550322503671508,0.414745989611657,776.408966666667,771,308
2.70011608679959,-3.71230873904776,0.279334163290858,777.009566666667,773,309
-3.23597065977434,-0.244922505436657,0.430149197305809,777.543433333333,775,310
-3.10286988273872,-0.163037576080057,0.436526608610905,778.110666666667,777,310
-3.13072209897135,0.0135759537854521,0.438379911206575,778.6779,780,310
-0.843061434803108,6.9261630642037,0.208055664833795,778.6779,779,311
-0.627059412373865,6.78323804544664,0.193367505546834,779.245133333333,782,311
-1.30213513079408,1.30399120602426,0.573763219853366,779.245133333333,783,312
-4.19453544021093,2.11889659726183,0.584465321614519,779.779,785,313
-4.19435473183587,2.11885357892773,0.582413059077446,779.812366666667,785,313
-3.93749575288997,2.07843019912299,0.626752095331644,780.3796,787,313
-3.74131402531682,2.20160182004389,0.621669098223192,780.913466666667,790,313
-3.46741876017077,2.34837637296737,0.602525839996403,781.4807,793,313
-3.20044953691773,2.20829813741168,0.595258126621129,782.047933333333,797,313
-2.85745469593001,2.04206659476068,0.505730598542126,782.615166666667,800,313
-2.53247221031594,1.9946629961842,0.361284337137914,783.1824,802,313
4.23360661465696,0.167920482597447,0.450412788889911,780.3796,788,314
4.2096119384593,0.173973768766228,0.444995115760477,780.946833333333,792,314
1.17676789495152,-2.24855612452526,0.269054752496869,781.514066666667,795,315
1.36841601069836,-2.18117684927163,0.285904306536722,782.0813,799,315
5.80258725755571,2.21244422262728,0.230157450426326,782.0813,798,316
5.80450164312698,2.45250228557869,0.217641158882774,783.1824,801,317
5.53270198003054,2.17601885098595,0.264478458373256,783.749633333333,803,317
5.33460409785007,2.16833907636613,0.262376398953412,784.2835,805,317
5.03317500116251,2.11298633876045,0.253755803446401,784.850733333333,806,317
5.51403308719631,2.50020325491177,0.370447392902813,784.850733333333,807,317
4.84499224277562,2.12671133270157,0.222885499908181,785.417966666667,809,317
5.40109541600837,2.56877466990156,0.363289217409423,785.417966666667,810,317
4.82559030805279,2.09477575160093,0.203472224228137,785.9852,811,317
5.3071286220504,2.61967212580621,0.299443187311704,785.9852,812,317
4.8283717325398,2.21116301678701,0.203993495079517,786.552433333333,813,317
5.80185255472967,4.33400927567856,0.201731966697359,783.749633333333,804,318
5.60537581680663,4.3120325855519,0.188934111277683,784.850733333333,808,319
2.7560636854163,-1.5867658432561,0.363757880906026,786.5858,814,320
4.66636392539039,2.30767998265544,0.280254912577007,787.653533333333,815,321
5.10169949754052,2.89836198427159,0.189857874364269,787.653533333333,816,321
4.51055099057769,2.42602884490178,0.292402930658851,788.220766666667,819,321
4.4105501336381,2.5888463955507,0.275190287250354,788.788,822,321
2.14337338412353,3.49080699578659,0.261828357326342,787.653533333333,817,322
1.95422472734881,3.49281057909839,0.260298336326709,788.220766666667,820,322
1.77500382075815,3.45563397791387,0.308028315995421,788.788,823,322
1.70231675684527,3.3040639025592,0.342286057347654,789.355233333333,824,322
1.51185866805787,3.21604134536005,0.254849991343035,789.8891,827,322
1.50780611453619,3.21648790138801,0.252652716420078,789.922466666667,827,322
1.17460963437192,3.15255185151671,0.236115569330954,790.456333333333,830,322
1.08947477584052,3.02654110029731,0.269184234323718,791.023566666667,833,322
-0.975536453620615,6.2203407216159,0.335378824119045,787.653533333333,818,323
-1.14740931336411,5.94775460144681,0.366459702874408,788.220766666667,821,323
4.10119562111326,2.64058650525293,0.250678679132525,789.8891,825,324
4.66974406329258,3.17716149444158,0.208705481498025,789.8891,826,325
5.45497652873526,3.48338675123736,0.0686554709177192,790.456333333333,829,325
2.88708003659345,2.51440853151997,0.420907170043834,790.456333333333,828,326
3.69771303857712,2.49377864635424,0.212490072910947,791.023566666667,832,326
3.51807530253942,2.41931716189803,0.275794354721956,791.5908,835,326
3.50872984752525,2.42711143408659,0.249293039755078,792.158033333333,838,326
3.36966745317485,2.34415615406504,0.274286285092894,792.6919,841,326
3.37036727598827,2.34324414803582,0.27424047901133,792.725266666667,841,326
4.41410465288106,3.35971969415732,0.168688138648939,790.9902,831,327
4.29806412620881,3.33626960444788,0.234435204424774,791.557433333333,834,327
4.27112514119025,3.33551706401972,0.270882565940983,792.124666666667,836,327
4.02593841420619,4.55563556169497,0.253391703394326,792.124666666667,837,328
0.683659754383622,3.01962051545193,0.258286829697153,792.158033333333,839,329
0.425870234946563,2.93726352041357,0.318762686846261,792.6919,843,329
0.263453974100162,2.90693905486332,0.376605089638405,793.259133333333,848,329
0.0141261024669199,2.76066580972387,0.397065343296574,793.826366666667,853,329
-0.288632960710399,2.67399721658007,0.412406661958677,794.3936,857,329
-0.662836339882741,2.60415385814273,0.254599504210153,794.927466666667,860,329
3.04372090643237,-1.95414217633576,0.270982603081721,792.158033333333,840,330
2.45189230466943,-2.70048101752709,0.242773468808455,792.725266666667,845,330
3.03323573820817,-1.72634912884461,0.283045426466338,792.725266666667,846,330
2.95169816322314,-1.48288081970217,0.285566559782139,793.259133333333,850,330
2.94644012025602,-1.47832562526192,0.284999209900982,793.2925,850,330
2.87570453459161,-1.30149321173757,0.305052087400958,793.826366666667,855,330
2.83939687871548,-1.15716478048232,0.284065944266075,794.3936,858,330
2.92276706355502,-1.12952876594767,0.328923328198469,794.927466666667,861,330
2.81462275453969,-0.995239494645927,0.284400010498408,795.4947,866,330
2.69532061005156,-0.808377377914855,0.29310237772205,796.061933333333,870,330
2.49889984969367,-0.589354760594041,0.33073537733915,796.5958,873,330
2.49555030747778,-0.586780107175076,0.331067544573799,796.629166666667,873,330
2.34995749626427,-0.304533381542401,0.324364664154634,797.163033333333,876,330
2.29544668802758,-0.0314643627461867,0.341884886127737,797.730266666667,882,330
2.1342299632741,0.113969337478493,0.404781004864512,798.2975,889,330
1.93595010594234,0.230085815020741,0.40427502366068,798.864733333333,896,330
1.74769624147365,0.288082054766776,0.293342182524378,799.431966666667,904,330
1.60564079494022,0.293153597975484,0.266158240433795,799.965833333333,907,330
1.60329262893118,0.294227338311994,0.2665598830799,799.9992,907,330
1.40662502280317,0.368114683964911,0.255811375986109,800.533066666667,916,330
1.14178707915803,0.534273001915686,0.255903473222876,801.1003,924,330
1.08865750691559,0.753250139468484,0.30335164341385,801.667533333333,932,330
0.569380556050085,2.40720981886922,0.344836256039766,802.234766666667,937,330
1.04343548595488,0.921038966028808,0.230488842738778,802.234766666667,940,330
0.349570700409417,2.38493653363182,0.225727621789474,802.768633333333,942,330
0.829601996122148,1.06910656348079,0.2348077528745,802.768633333333,943,330
0.826505029366723,1.07162317468662,0.235766139048916,802.802,943,330
0.342620930111972,2.71958938155854,0.376003901333633,802.802,947,330
0.123146406048434,2.34575099653513,0.254689252578767,803.335866666667,950,330
0.682522413969794,1.23300863525153,0.26422964318691,803.335866666667,951,330
-0.140666265705079,2.33299415684364,0.215989056499625,803.9031,953,330
0.46794839742506,1.38510583040974,0.31053541248208,803.9031,954,330
0.276393921093019,1.51967245697395,0.442275912825779,804.470333333333,957,330
0.0276229082251033,1.63389779207043,0.419449128816453,805.0042,959,330
-0.157484454980946,1.67091043204471,0.352747561802069,805.571433333333,962,330
11.68206087804,9.29137101876328,-0.547564174970079,792.6919,842,331
-4.92928709388694,2.3268070152333,0.420466334406824,792.6919,844,332
-4.60941686915612,2.38740202868874,0.407431131855688,793.259133333333,849,332
-4.16694677158087,2.39414287261481,0.444646790096591,793.826366666667,854,332
3.80155002183695,4.23242280576029,0.2920610171269,793.259133333333,847,333
3.67715939707493,4.09328275705245,0.333273997696377,793.826366666667,852,333
3.44516803165686,3.98489641041954,0.312675826124541,794.3936,856,333
2.584797900385,2.43932936908006,0.367785928497202,794.927466666667,859,333
2.82122331526262,2.45325736493111,0.280900934065608,794.960833333333,859,333
3.24952745332839,3.86264457071663,0.289801397880665,794.960833333333,862,333
2.73547913759513,2.57161140319895,0.271228612340783,795.4947,863,333
3.10261720751085,3.76355007104731,0.277434016822952,795.4947,864,333
2.73548403284581,2.57363964626457,0.270958458654147,795.528066666667,863,333
2.63703141464761,2.58118363295936,0.267886643989491,796.061933333333,867,333
2.97833372366884,3.58972495034016,0.32642864681549,796.061933333333,868,333
2.63672462265585,2.58163992952601,0.268170728366913,796.0953,867,333
2.80756964940294,3.50759087652761,0.390139772831708,796.629166666667,875,333
2.48795558349208,2.76671312534731,0.315076177110062,797.1964,878,333
2.50768371705322,3.39497096485261,0.382157575548083,797.1964,879,333
3.07524005446309,3.52195439977983,0.220905914064692,797.730266666667,880,333
2.4848862675511,2.72441378348841,0.33771867485556,797.763633333333,884,333
2.15165163221958,3.23507995687037,0.365497490384023,797.763633333333,885,333
1.90057596006804,2.96713793127906,0.334805234574674,798.2975,886,333
1.89720050159516,2.96308370809005,0.334827040312647,798.330866666667,886,333
1.64899474068758,2.66540678171873,0.272812569467973,798.864733333333,891,333
2.85835909520743,3.85083094612243,0.232240594498866,798.864733333333,892,333
1.45672341133588,2.57718246426596,0.281000164888657,799.3986,898,333
1.45675659877019,2.57985352317686,0.280688550297658,799.431966666667,898,333
2.4220827461439,3.17935199325183,0.273377267536274,799.431966666667,900,333
2.6920398129192,3.96378691716671,0.230700214514462,799.431966666667,901,333
1.35251477963042,2.48956135515508,0.269305620605674,799.965833333333,905,333
1.48310056212732,2.77820379667415,0.330316738851491,799.9992,909,333
1.16755887933708,2.57077755212289,0.276447819301167,800.533066666667,911,333
2.15159463753305,3.3361275086053,0.253017794110308,800.533066666667,912,333
2.30666074531809,4.07441515921026,0.248593298933833,800.533066666667,913,333
1.21387580724497,2.67249122324273,0.380714395979998,800.566433333333,911,333
1.00157679639081,2.49732663216446,0.454741130168262,801.1003,919,333
1.98349670893955,3.33085234387319,0.253244663066166,801.1003,920,333
2.22842562110073,4.04957243910527,0.241115504145039,801.1003,921,333
1.81662117662807,3.41294124059648,0.276690606570235,801.667533333333,928,333
2.03942326559733,4.0501578080085,0.256312131852049,801.667533333333,929,333
1.6293174206931,3.55180973517577,0.277186355750831,802.234766666667,935,333
1.84272526613123,4.0902189049124,0.278700494166277,802.234766666667,936,333
1.66171155491622,4.06747185047369,0.262988493047503,802.768633333333,941,333
1.41528140643518,4.01024389335402,0.207779571059808,803.335866666667,949,333
2.97400034410438,2.33413450652439,0.28534387228542,793.826366666667,851,334
1.60829695810479,-2.37800625433823,0.301317134474361,795.4947,865,335
1.36412332495974,-2.22512218687397,0.323254054985165,796.061933333333,869,335
1.01932205957261,-1.97441454857415,0.370841882786156,796.5958,872,335
3.67756335435786,0.413449789911411,0.391011417312883,796.061933333333,871,336
3.65283651638078,0.203163097569489,0.399222002492335,796.5958,874,336
3.6212127763635,0.101198735326348,0.416156898052636,797.163033333333,877,336
3.49748012455784,0.162926846632826,0.377343374447404,797.730266666667,883,336
3.36149105360304,0.338656671082333,0.396829568356743,798.2975,890,336
3.34655097066037,0.472576152125918,0.369656351752699,798.864733333333,897,336
3.15167198316242,0.554064903745937,0.345481538332295,799.3986,899,336
3.15175698597486,0.554062355947922,0.346805597873235,799.431966666667,899,336
2.9841808206953,0.575898102233278,0.355735599060222,799.965833333333,908,336
2.83025939301789,0.768601783917055,0.323060341813633,800.533066666667,918,336
2.79923146432498,0.949100620870148,0.302127876917911,801.1003,927,336
2.69375312394807,1.17474918390852,0.229206748622924,801.667533333333,933,336
2.61554602843222,1.32586151972536,0.252810187694615,802.2014,934,336
2.61566368969897,1.32784637444599,0.254195334429154,802.234766666667,934,336
2.57758948685121,1.6039213464832,0.312693989055581,802.768633333333,946,336
2.55302564541064,1.99075266202233,0.291490194555127,803.335866666667,948,336
-4.18681763240177,-1.41536278596969,0.43409447484775,797.730266666667,881,337
4.37605596279687,4.8489980743042,0.178013063302924,798.2975,887,338
-1.2883501635858,-2.91111663856406,0.318409162130279,798.2975,888,339
-1.34091810972559,-2.66485787161453,0.247920812959919,798.864733333333,895,339
-1.27801146610331,-2.36234222210649,0.258250861553712,799.431966666667,903,339
-1.19059034249319,-2.20467346441482,0.309227883470375,799.965833333333,906,339
-1.02441887848314,-1.96747888031934,0.266385080682193,800.533066666667,915,339
-0.898754401619724,-1.75607583261518,0.211676487791159,801.1003,923,339
-0.719266262663109,-1.5837577779969,0.211020881752456,801.667533333333,931,339
-0.733911098400556,-1.48824300806882,0.215664612704162,802.234766666667,939,339
-2.19678865016504,3.56162622562691,0.448515521221135,798.864733333333,893,340
-3.86031665017701,-1.05794623735282,0.535814848212076,798.864733333333,894,341
-3.71219615536572,-0.950890671526759,0.544398396669613,799.431966666667,902,341
-3.47402287629849,-0.888698670234077,0.467343327333174,799.9992,910,341
-3.24423756914639,-0.666482326250372,0.483291394278064,800.533066666667,914,341
-3.23736460965383,-0.658212986724219,0.4853426791579,800.566433333333,914,341
-3.09936017929301,-0.35887296482973,0.446673747866766,801.1003,922,341
-2.80042684225505,-0.259831419845501,0.50838872526733,801.667533333333,930,341
-2.44598322288293,-0.140312905301557,0.469654280457761,802.234766666667,938,341
4.1273547429002,-2.01612236682992,0.36046750569803,800.533066666667,917,342
3.9242350580334,-1.9595049381742,0.336571991603256,801.1003,926,342
2.40308951436945,-3.52887370463298,0.207490754368427,801.1003,925,343
1.95439809761755,-2.97210936961406,0.2988765893527,802.768633333333,944,344
3.23095538654491,-1.96718212887615,0.238949755242367,802.768633333333,945,345
3.16626327798136,-1.78305142088914,0.281541242569681,803.335866666667,952,345
3.12453667417244,-1.5669628496735,0.31519487073446,803.9031,956,345
3.13823410258156,-1.31052405317657,0.28539873438759,804.470333333333,958,345
3.03827491808972,-1.16548283607894,0.28261461022716,805.0042,961,345
3.00831352683827,-1.00555351589399,0.290653529938181,805.571433333333,964,345
1.59469765157702,-2.55235154014991,0.261641793838766,803.9031,955,346
1.32426992346684,-2.19597185452739,0.276382158815415,805.0042,960,347
1.17871136436156,-2.0922959404221,0.26504522126471,805.571433333333,963,347
0.909607384276203,-1.89689903334639,0.315313980133986,807.273133333333,965,348
2.85838624417828,-0.699603141943644,0.397545832849643,807.273133333333,966,349
-2.28580846855252,-0.403386496735549,0.255524194313612,807.807,967,350
-2.14303536025641,-0.185189217322853,0.246134191111579,808.374233333333,973,350
2.3436731428228,1.58404830412957,13.0611419769093,808.140666666667,968,351
2.34553497249326,1.57996980743014,13.1019640827861,808.240766666667,969,351
2.14477922813064,1.4581505720241,11.6006939432217,808.274133333333,970,351
2.29496227543993,1.60997427249638,12.8628576336691,808.3075,971,351
2.29226958915415,1.60947032654259,12.8617407255008,808.340866666667,971,351
2.25406654767062,1.54819310636169,12.5600481363549,808.340866666667,972,351
2.31150666382198,1.61176572927203,12.98193197778,808.374233333333,971,351
2.32123240226041,1.60092131378042,12.9852097613129,808.4076,971,351
2.32104730714894,1.60007089238901,12.9814957237576,808.440966666667,971,351
2.32157718911742,1.59968535450252,12.9932022837185,808.474333333333,971,351
2.24378927689281,1.57109378191097,12.5498171197937,808.5077,974,351
2.23769647199092,1.5707424390194,12.539672197907,808.541066666667,974,351
2.25233451785216,1.56974426650651,12.6210245054812,808.574433333333,974,351
2.26510334476496,1.57228674905803,12.6790496692,808.6078,974,351
2.22415676094127,1.58086374809086,12.5673043856683,808.641166666667,974,351
2.23246779802631,1.58495771173921,12.6261004981849,808.674533333333,974,351
2.2334923446892,1.58548105917394,12.6287253739574,808.7079,974,351
2.23907319249358,1.58551009595573,12.6683934504892,808.741266666667,974,351
2.2487564793636,1.58253375554188,12.7497947384874,808.774633333333,974,351
2.74672543788426,4.77331519373544,0.272736945532817,808.941466666667,975,352
-1.9294250342867,-2.66776901450278,0.222469225441228,808.941466666667,976,353
2.03232885429393,1.71372372551132,10.6103043539471,809.0082,977,354
2.0280139169451,1.71340200615815,10.6022096022395,809.041566666667,977,354
2.02716289443475,1.71305658133627,10.598154070652,809.074933333333,977,354
-1.72395610246984,0.122879602056974,0.414973549266127,809.5087,978,355
-1.32237241501799,0.189723587209666,0.355390140051135,810.042566666667,980,355
1.07205299011365,-1.62402268531763,0.528488543759232,810.042566666667,981,355
-1.31762121353187,0.190735702158806,0.353388561432861,810.075933333333,980,355
-0.908187515118711,0.233845308292062,0.286707612255937,810.6098,984,355
1.37351721173375,-1.76746164948979,0.531273436574898,810.6098,985,355
-0.521189472131152,0.223434744156797,0.28209073877675,811.177033333333,987,355
1.68540901812612,-1.71938158973094,0.522718481425916,811.177033333333,989,355
-0.234956474442224,0.214774629088534,0.378287652480398,811.744266666667,993,355
1.85639208394793,-1.49614519113725,0.476101196958929,811.744266666667,994,355
0.00962040309934808,0.232423769518438,0.475308267533465,812.3115,997,355
1.89983338341539,-1.17796954608262,0.335337708072794,812.3115,998,355
0.240526873304441,0.238916018728219,0.436570644916447,812.878733333333,1001,355
1.90649096746567,-0.940789252494626,0.28524472702975,812.878733333333,1002,355
0.511311994690092,0.469854799305479,0.446619680980485,813.445966666667,1004,355
1.99408579895616,-0.750216445221012,0.296329124063706,813.445966666667,1005,355
0.787933431273263,0.476609514533861,0.304074778493782,813.979833333333,1007,355
0.695975493606177,0.620292616938571,0.464893245898819,814.0132,1007,355
2.01991094052927,-0.576660512071989,0.314800061976655,814.0132,1009,355
0.9082592047061,0.607329380239597,0.354129294353663,814.547066666667,1011,355
2.00532365949522,-0.377721786481524,0.335366413687224,814.547066666667,1012,355
1.00985072600655,0.750959016068737,0.406596898484848,815.1143,1014,355
2.0695825108672,-0.18743982991347,0.340219239607773,815.1143,1015,355
1.0182081573066,0.97071438103257,0.405541436640804,815.681533333333,1017,355
2.14968617564587,0.0381587965916111,0.276959350115014,815.681533333333,1018,355
0.993991128104688,1.16634167491988,0.341206793678281,816.248766666667,1021,355
2.2099562865789,0.178259256564101,0.296932804353928,816.248766666667,1022,355
2.22955568175757,0.26924859829771,0.267739995918484,816.782633333333,1023,355
2.23106668771935,0.270009641460301,0.267717268210727,816.816,1023,355
1.1678963971119,1.3643683425867,0.260206634374125,816.816,1026,355
1.50329543713833,0.84813747970088,0.291712938485557,817.349866666667,1027,355
2.24314001711201,0.33209032562731,0.230214167278736,817.349866666667,1028,355
1.70053842457422,0.505314446341794,0.0891464899353788,817.383233333333,1032,355
1.65137040740756,1.24550520922387,0.363341210725689,817.9171,1034,355
2.2122623780736,0.536280763617308,0.238019037047037,817.9171,1035,355
2.28573073537976,0.556408912653001,0.375787680927947,818.484333333333,1037,355
2.66721415102286,0.700165227957205,0.140783544125371,818.484333333333,1038,355
2.22875741894062,0.822594832064012,0.248744594727118,819.0182,1039,355
1.8214013559179,1.27701892719476,0.455065095627636,819.051566666667,1042,355
3.2158255314273,0.963404576224539,0.0169468738601236,819.051566666667,1043,355
2.36743465879357,0.897756712162724,0.221981255872934,819.585433333333,1045,355
2.36928178360157,0.898446886203111,0.221853739416255,819.6188,1045,355
2.03176443301583,1.95255448353654,0.366796536651207,819.6188,1047,355
2.44635061628376,0.975699068090837,0.224093785677514,820.152666666667,1049,355
2.44868532130319,0.977157892056636,0.224861716713632,820.186033333333,1049,355
1.84741775212665,2.16983940611767,0.316871461382614,820.186033333333,1050,355
2.55230940380394,1.16050678591754,0.299547733603786,820.7199,1055,355
2.8349432333672,4.05954587519052,0.267319749709371,810.042566666667,979,356
2.78099833822248,-0.73021524141009,0.466072855169827,810.042566666667,982,357
-1.10099150779401,3.0730736125312,0.322027722105033,810.075933333333,983,358
3.10181423249762,3.4933767477363,0.21357397099022,811.177033333333,986,359
-1.35696401129217,-1.66439309068016,0.175251281077373,811.177033333333,988,360
-1.19590880567022,-1.43719742308356,0.178020224427139,811.744266666667,992,360
-1.0543162099839,-1.26128926409694,0.250626558015954,812.3115,996,360
-0.912297762994431,-1.14858696039858,0.273836411245644,812.878733333333,1000,360
2.28166849842303,1.38635133732498,15.9936968419474,811.2104,990,361
2.06617926832202,1.59318302950974,11.8323937139915,811.243766666667,991,362
3.59574322491196,2.96947320737095,0.354331468023829,812.3115,995,363
3.68336140091043,2.65761981368124,0.32339055827425,812.878733333333,999,363
3.68968280716424,2.45398503908038,0.270425148107568,813.445966666667,1003,363
3.39920295167498,2.08375413749489,0.421314809187211,814.0132,1008,363
-0.462901498285254,-1.09378005026801,0.177809652907978,813.979833333333,1006,364
-0.184856353243905,-1.23526716296504,0.15463636730774,814.547066666667,1010,364
3.74315299904211,1.68607857822391,0.30664407662523,815.1143,1013,365
2.36936131831621,5.74167717526355,0.324046890797794,815.681533333333,1016,366
2.59003331968915,5.47034715846972,0.322786241146993,816.248766666667,1020,366
2.85134633692574,5.03854225374612,0.328243447793939,816.816,1025,366
3.02361009902085,4.68830882447164,0.26694716439092,817.383233333333,1031,366
3.05072801677748,4.31981513632591,0.29872568313017,817.9171,1033,366
3.05563215851334,3.99515536718891,0.319000221663127,818.484333333333,1036,366
3.16435229081958,3.6436076395966,0.361042843516854,819.051566666667,1041,366
7.20405642834774,1.6552041691272,0.372485319448274,816.248766666667,1019,367
3.68708565735986,1.01667543563682,0.353422429649118,816.782633333333,1024,368
3.72369352722886,0.923133783636409,0.454280373523204,817.349866666667,1029,368
6.62751604992305,2.01709223717009,0.298431144985405,817.383233333333,1030,369
6.29584252408145,2.79894705263614,0.300789122778827,819.051566666667,1040,370
6.17876438869823,2.91079935739826,0.347921184791061,819.6188,1046,370
5.92963986230563,3.16138832830059,0.406920350185509,820.186033333333,1051,370
0.775443317148716,0.143325744126061,0.327493516447597,819.585433333333,1044,371
0.789472729653307,0.564713756144799,0.465854091675616,820.152666666667,1048,371
0.735964104930436,0.669468650152613,0.322341568022632,820.7199,1054,371
0.734372049233298,0.780374161887729,0.288808837917827,821.253766666667,1057,371
0.734571574384182,0.780145193965731,0.287868607487226,821.287133333333,1057,371
0.629224922126153,0.831571314496407,0.267787987494042,821.821,1060,371
0.604572599416245,0.639391979670383,0.41782247985361,821.854366666667,1060,371
0.457590979683144,0.940799772890349,0.292549680866479,822.388233333333,1063,371
0.32185187930189,1.08645965876404,0.306310561310501,822.955466666667,1066,371
0.275825914396026,1.29615706879167,0.307958028623158,823.489333333333,1068,371
0.278549324576413,1.29819463045369,0.308420422285585,823.5227,1068,371
0.360115256231887,1.41613551529967,0.283690954104144,824.056566666667,1071,371
0.473755199482947,1.68221941925716,0.255642028675905,824.6238,1073,371
2.19098776677912,1.62820884158528,11.5890250395703,820.3195,1052,372
2.03354639409207,1.71048653943442,10.6397057639442,820.452966666667,1053,372
2.03238719780611,1.71236746158335,10.613081770137,820.486333333333,1053,372
2.03184035640385,1.71184578000575,10.6382349669646,820.5197,1053,372
4.74041773555546,3.21511191970353,0.326224151792234,820.753266666667,1056,373
3.91470144581581,2.30677960752295,0.340478485239423,821.287133333333,1058,374
3.91459069840458,2.30107666959663,0.342972383900906,821.3205,1058,374
4.06951559202239,1.99513437061652,0.415956883005417,821.854366666667,1061,374
9.86860830235698,6.52783232783989,0.327225306999378,821.287133333333,1059,375
1.92271591737173,2.69298844741967,0.251256107313335,822.388233333333,1062,376
1.77528414868527,2.73909367193345,0.220057723617023,822.955466666667,1065,376
2.87701572890275,1.29474694781604,0.388197601763757,822.388233333333,1064,377
2.88150401018886,1.29611267246073,0.387863119356739,822.4216,1064,377
2.9119748168982,1.51356988822147,0.395160270698467,822.955466666667,1067,377
3.01088042932876,1.63629478897593,0.37382967160857,823.5227,1069,377
1.48935320571012,2.82870090861924,0.280437599675325,824.056566666667,1070,378
-0.164440604505509,15.6577717283682,5.33573593447369,824.290133333333,1072,379
-0.149500629129689,15.6858321865807,5.35513079337071,824.3235,1072,379
5.9509396884474,2.32889153484548,0.267538571767519,825.7249,1074,380
5.73801325576468,2.50031183252219,0.249433199581813,826.292133333333,1078,380
0.862962262661833,2.1406505402697,0.327019180768437,825.7249,1075,381
4.72588666075478,-1.52748720003649,0.586820328329168,825.7249,1076,382
4.18607092708102,-1.24789998212069,0.657228681248872,826.258766666667,1077,382
4.17321059962088,-1.45784038910804,0.964292975694097,826.826,1080,382
3.21569403777648,-0.894109391646515,0.472324031827269,826.826,1079,383
2.60083363820329,-0.66700562120399,0.472353726728835,827.393233333333,1081,383
3.11902106537593,-1.07127310221915,0.344303205225199,827.393233333333,1082,383
2.24515190688136,-0.539741563444514,0.47442864291001,827.9271,1084,383
3.37002190309277,-1.28056908089679,0.840902207259833,827.960466666667,1085,383
1.9136271127345,-0.315826420780613,0.474465860628448,828.494333333333,1087,383
2.85044292806719,-1.15625452912126,0.355889746106476,828.494333333333,1088,383
3.0979563608794,-1.31670862964357,0.793808984141721,828.494333333333,1089,383
3.10059065081209,-1.32066416137764,0.79438553553611,828.5277,1089,383
1.61432037638376,-0.130576338436482,0.415120204598004,829.061566666667,1093,383
3.00131680971807,-1.36743874895594,0.665178588831945,829.061566666667,1094,383
2.99905314812087,-1.37074227516355,0.664020388888787,829.094933333333,1094,383
1.38352142105638,-0.119904713030181,0.371564244796772,829.6288,1097,383
2.78059489259277,-1.37601806468965,0.504056666768183,829.6288,1098,383
1.15497516428861,-0.0989501509767914,0.318632426363307,830.196033333333,1103,383
2.56434606500953,-1.48360193461018,0.494544298238197,830.196033333333,1104,383
0.965013325139639,-0.116426544823044,0.297185902372149,830.763266666667,1109,383
0.883594764907397,-0.0694595467596243,0.353359355224818,831.3305,1113,383
0.833114061411137,0.180374613483084,0.338214728354121,831.864366666667,1115,383
0.814053649275581,0.274626360480934,0.469132299216697,831.897733333333,1115,383
1.50681398976618,2.12250970999008,0.294682193231895,827.393233333333,1083,384
1.82750061665353,1.96279058758916,0.318663812734059,827.960466666667,1086,384
2.02276094813501,1.77641968637319,0.281270605605708,828.494333333333,1090,384
3.38495569967601,0.0696746745869521,0.6809705668746,828.5277,1091,385
-4.17031560900449,1.01998483405261,0.54582804968717,829.061566666667,1092,386
4.70024907561791,-0.640139568918977,0.719651555318871,829.061566666667,1095,387
4.69202031215923,-0.633973173534487,0.717392907137247,829.6288,1099,387
-2.05610516888118,5.05578697122625,0.40032440748295,829.094933333333,1096,388
2.39281596675683,1.49871990527502,0.212590336474908,829.6288,1100,389
2.46970617170238,1.32118917142824,0.213055567335052,830.196033333333,1106,389
2.03927450897697,0.930725795981201,0.418557578099014,830.763266666667,1110,389
4.69202031215923,-0.633973173534487,0.717392907137247,830.162666666667,1101,390
4.69584305466811,-0.636953824263853,0.717507931680064,830.7299,1107,390
4.6970016827343,-0.637894280376344,0.718711058471204,831.297133333333,1112,390
4.68741655325928,-0.630164768986975,0.720423923073629,831.864366666667,1117,390
-3.93445277428611,1.24990479367983,0.437097765187011,830.196033333333,1102,391
3.38664677651707,0.0693544052214536,0.680519323960213,830.196033333333,1105,392
-2.19555566018601,4.65314185732077,0.396543081483262,830.763266666667,1108,393
2.10764626890114,-1.70324988401023,0.502133807280747,831.297133333333,1111,394
1.92556188786985,-1.69598926535775,0.515849756513844,831.864366666667,1116,394
1.67883935420467,-1.68365578206635,0.502788821158555,832.4316,1121,394
1.35763705241582,-1.57912678736789,0.499185237001137,832.998833333333,1124,394
1.23669842411895,-1.39073667294433,0.503462736391773,833.566066666667,1129,394
1.04656910919198,-1.3034325699001,0.491702783533827,834.099933333333,1130,394
1.04454194103697,-1.3053160533132,0.491638111222243,834.1333,1130,394
0.881378462241213,-1.19476205623837,0.472577879335214,834.667166666667,1136,394
6.908493603671,8.35108653477783,2.68098816073559,831.4306,1114,395
6.86702594382677,8.31295255278493,2.67349141898738,831.463966666667,1114,395
0.0609401404605644,11.7031321826572,5.64638617557544,832.064566666667,1118,396
0.0642187058239791,11.6673133238897,5.63049425664515,832.097933333333,1118,396
-4.34256778747296,0.688977136246058,0.45848118841173,832.4316,1119,397
-4.14525911733959,0.738245742617467,0.464768172424633,832.998833333333,1123,397
-3.92362937524819,0.674036122474684,0.5261658429326,833.566066666667,1127,397
-3.76858671908827,0.755285200581293,0.559906941018857,834.1333,1133,397
-3.68507531037735,0.714210122465082,0.558748198083795,834.700533333333,1138,397
-1.5016071900921,-2.86715127870353,0.307254792574623,832.4316,1120,398
-3.21559414008861,1.51163888299778,0.377508659518997,832.998833333333,1122,399
4.76749754620188,2.21486323404623,7.18633567557421,833.3325,1125,400
4.76690364510418,2.21695079830327,7.18712133734489,833.365866666667,1125,400
-2.70633775744572,4.06679113858414,0.337312389484322,833.566066666667,1126,401
0.353424369509759,0.523216251418721,0.300848361642053,833.566066666667,1128,402
0.321474934300969,0.59604549675029,0.244033609615448,834.1333,1134,402
0.470185412070242,0.774867707504279,0.260989432012624,834.667166666667,1135,402
0.472036138905249,0.775548787309238,0.26240426234688,834.700533333333,1135,402
0.488201845939941,0.917309211182533,0.300985524012497,835.2344,1139,402
0.410382726926809,0.632056240881182,0.424954280409395,835.267766666667,1143,402
0.415066496150842,1.12431598549288,0.348409119615693,835.801633333333,1146,402
0.223690190180768,1.34426823421678,0.31978772290608,836.368866666667,1150,402
0.078991944904473,1.44668023225363,0.266115062322908,836.9361,1154,402
-0.0483734185174903,1.45940997908315,0.218514979951118,837.503333333333,1158,402
4.69259273193811,-0.634170410110617,0.719417204546906,834.099933333333,1131,403
-2.7146049547323,1.41372643516851,0.402721242015937,834.1333,1132,404
-2.4209217731219,1.43002358432685,0.306038565324801,834.700533333333,1137,404
-2.1962525667356,1.54235077177812,0.255750950315406,835.267766666667,1141,404
-2.06538526912428,1.62438400093205,0.275014784698043,835.801633333333,1144,404
-1.96222263296483,1.75647137996734,0.290888773314924,836.368866666667,1147,404
-1.78487813327761,1.86304837739809,0.316106002422434,836.9361,1152,404
-1.59939981157555,1.85485326881355,0.29693215245585,837.503333333333,1157,404
-1.51951001649204,1.92271760353003,0.304583981140003,838.0372,1162,404
-1.52031331880615,1.92405305816789,0.304319932826853,838.070566666667,1162,404
-1.44311514264656,2.03280225107101,0.275400409362864,838.604433333333,1167,404
-1.73827460218495,3.17101474045941,0.270784394029007,839.171666666667,1173,404
-1.33793555745345,1.92010501675299,0.228231194809847,839.171666666667,1174,404
-1.47672232107408,3.14869283656518,0.270404502979332,839.7389,1179,404
-1.23210790770871,1.94700601503515,0.243483266237859,839.7389,1181,404
-1.21115849442645,3.04059450583542,0.317584050510274,840.306133333333,1185,404
-1.07701057645843,2.06556054177715,0.234225721798414,840.306133333333,1187,404
-0.979932505825125,2.903549401966,0.299572504192635,840.84,1190,404
-0.952276359715511,2.07024362218193,0.238521495870804,840.84,1191,404
-0.951977201641513,2.07009490237737,0.237787611230223,840.873366666667,1191,404
-0.285930266157298,1.89003027069806,0.446289833264433,840.873366666667,1195,404
-0.781819790786559,2.77984655415722,0.310051198245148,841.407233333333,1199,404
-0.778268752445529,2.03296758504645,0.249115138603852,841.407233333333,1200,404
-0.773340049233315,2.03259885409735,0.249406509069263,841.4406,1200,404
-0.523895263462161,2.66306479408025,0.266420261421214,841.974466666667,1202,404
-0.561658915029051,2.01342418339046,0.238566802166688,841.974466666667,1203,404
-0.323863609208044,2.48548408208965,0.243938917622959,842.5417,1206,404
-0.323795782157305,1.96294423123125,0.215369709151574,842.5417,1207,404
-0.112154319244651,1.99560530488772,0.297325676007448,843.075566666667,1209,404
-0.109156318855156,1.99619556864171,0.298219183192611,843.108933333333,1209,404
-0.150586848770993,2.45219350808324,0.224121977200146,843.108933333333,1210,404
0.0785435144652654,2.49378163321457,0.241639321879125,843.6428,1211,404
0.0668437431550406,2.03208003954142,0.349669140775355,843.6428,1212,404
0.0675978067542803,2.0324186924282,0.349987157940165,843.676166666667,1212,404
0.282744769875556,2.40932658928209,0.230616641094904,844.210033333333,1213,404
0.227464554145696,2.07674906195912,0.302781237055083,844.210033333333,1214,404
0.50769214376873,2.48140362736187,0.269792515695874,844.777266666667,1216,404
0.332915125197997,2.02535605222459,0.246574391901147,844.777266666667,1217,404
0.532522110359922,1.95119089579875,0.321318026324153,845.3445,1219,404
0.669606276751513,1.82399498358131,0.390308462852956,845.878366666667,1222,404
0.673312925258105,1.82046014917994,0.390744982793375,845.911733333333,1222,404
0.878706931132651,1.66300922454369,0.304865262640184,846.4456,1225,404
1.09205653519231,2.38373762784017,0.334184626661408,846.478966666667,1226,404
0.995441759990821,1.62736337790141,0.294160596563616,847.012833333333,1229,404
1.10079755071704,1.52868328548869,0.219779275298349,847.580066666667,1233,404
-6.83376837210892,1.46755455295358,0.595940824654563,835.267766666667,1140,405
-3.03138205639587,-2.05199537790148,0.353270476452365,835.267766666667,1142,406
-3.3849887949552,0.385433612363896,0.422897959037532,835.801633333333,1145,407
-3.24062280225669,0.183624205311463,0.378726279083686,836.368866666667,1148,407
-2.97046900763274,-1.75942153690657,0.298812258870201,836.368866666667,1149,408
-2.93209299214009,-1.74754358636625,0.487900794184939,836.9361,1153,408
-2.74728706551556,-1.63263048575646,0.594016941605838,837.503333333333,1159,408
-2.68809383951988,-1.39372333890953,0.642861460706517,838.0372,1163,408
3.84708610774084,0.134626068769932,0.340451166339385,836.902733333333,1151,409
3.70973614860843,0.0938208085378233,0.301736976756176,837.469966666667,1156,409
4.61126855556674,-2.15690136876839,0.379006365837904,837.469966666667,1155,410
16.6663632082266,-1.31217029711893,-0.604227417334377,838.0372,1160,411
-0.870253445980158,4.189334665807,0.212863147984516,838.0372,1161,412
0.0789814946026343,-0.47984979825083,0.332165364566064,838.0372,1164,413
0.0771272435384681,-0.482570761711927,0.331519678784605,838.070566666667,1164,413
0.0733237959891672,-0.362068131162441,0.278346760132631,838.604433333333,1168,413
-0.0595781369234469,-0.234417983556168,0.31641813659274,839.171666666667,1175,413
-0.31556321868016,-0.237588044643551,0.316249700894719,839.7389,1182,413
-0.467856748683555,-0.176291585805509,0.328304057469796,840.306133333333,1188,413
-0.70314444346308,-0.0818828307741112,0.335433853159462,840.873366666667,1196,413
5.46506516127678,-1.18559859177634,0.216544853809271,838.0372,1165,414
-0.243157360607567,2.6555394996482,0.436750573653586,838.070566666667,1166,415
4.68197931104442,-0.630970949136625,0.719224540378694,838.604433333333,1169,416
3.51026415842013,0.379176595064197,0.34314733217593,838.604433333333,1170,417
3.41393110834,0.555723979454489,0.302440870194576,839.171666666667,1176,417
3.3778577061838,0.698277887131983,0.357147427173424,839.7389,1183,417
3.21998820810343,0.915110268196811,0.407795576348283,840.306133333333,1189,417
3.00802965787489,1.10653730022332,0.361450508016079,840.84,1192,417
2.79292419770551,1.28398512374469,0.280464251106202,841.407233333333,1201,417
2.67667619578589,1.49660328969717,0.264026209138729,841.974466666667,1205,417
2.58659953494824,1.67843231664357,0.256219248358919,842.5417,1208,417
1.70429012845571,-6.09645828282079,5.56148745885654,838.671166666667,1171,418
1.6941682413781,-6.08844069451774,5.55327570721544,838.704533333333,1171,418
-0.406058000347246,3.83444208202813,0.317312905448853,839.171666666667,1172,419
-0.178997099971584,3.60971892308952,0.326654118676005,839.7389,1178,419
0.118980037431103,3.45026015403315,0.328165144331214,840.306133333333,1184,419
0.371269684603124,3.29193481238035,0.301215713798492,840.873366666667,1193,419
0.653672895239893,3.14670811788677,0.261202836914886,841.407233333333,1198,419
0.0632494113212798,2.33199924395055,0.519617113113208,839.205033333333,1177,420
-4.62716343749995,2.05762019174412,0.38043509045443,839.7389,1180,421
-4.32946994338314,2.26434846822313,0.403496309697767,840.306133333333,1186,421
-4.0126272202454,2.38102840290415,0.482109491296264,840.873366666667,1194,421
1.63507271251653,-4.86577773630962,5.01065101760345,841.3405,1197,422
1.62770161682682,-4.86222531524964,5.01414309531373,841.373866666667,1197,422
-1.03488420177067,0.114262860772063,0.421976142776517,841.974466666667,1204,423
2.79303030283476,2.16489193516656,0.25094506730095,844.777266666667,1215,424
-4.16652487245168,-1.3515491813782,0.482667385313674,845.3445,1218,425
-4.10635312709351,-1.13002080519958,0.500904189149659,845.911733333333,1223,425
-4.01257993489651,-0.944747319624492,0.476465472017402,846.478966666667,1227,425
2.78955993436035,-2.76425168177755,0.215698378396253,845.3445,1220,426
2.65764023942273,-2.72083403150429,0.206559608053168,845.911733333333,1224,426
2.72803374514406,2.44015574863806,0.253105166737719,845.878366666667,1221,427
2.7257836128435,2.44253933877131,0.254612234313392,845.911733333333,1221,427
2.42896261240829,2.75894007390465,0.265291454275615,847.012833333333,1228,428
2.28220474550369,2.86783367061746,0.243284809221001,847.580066666667,1231,428
2.32320776221013,-2.56632459380913,0.231951945033483,847.012833333333,1230,429
-3.63223051577323,-0.866648280070718,0.602906213839757,847.580066666667,1232,430
-5.57539209720883,0.822398812184703,0.411820186482609,847.613433333333,1234,431
1.26026631606169,-7.4684465052624,3.36437477840241,847.613433333333,1235,432
1.2614592419038,-7.48597132402486,3.37259792899516,847.6468,1235,432
-2.85789715025716,-3.38895489099085,3.68014348856571,849.415233333333,1236,433
-2.87425816530472,-3.40537732370006,3.69372954798746,849.4486,1236,433
1.52120568014678,3.03029734766519,0.288257826619977,849.815633333333,1237,434
1.21371268920169,3.0647731296641,0.258556240113483,850.382866666667,1240,434
1.0104732221441,3.11044430424474,0.2125343070086,850.9501,1242,434
0.812771704417546,3.25399926262835,0.223086497921342,851.517333333333,1244,434
0.60137081687698,3.27666716764776,0.273012353461008,852.0512,1246,434
0.312472006888132,3.15338759597469,0.291978675598989,852.618433333333,1247,434
-0.0160114405971061,3.14329050435535,0.266107771936541,853.185666666667,1251,434
-0.302101812124324,3.05563857711534,0.307126260938212,853.7529,1255,434
-0.607443739235091,2.92444086145329,0.302500119934745,854.286766666667,1257,434
-0.806320486822847,2.72859512702372,0.288990018489272,854.854,1260,434
-0.580375380550705,2.10402624155717,0.438237274117994,855.421233333333,1261,434
-1.10188167065745,2.48575215047944,0.228713884921195,855.988466666667,1263,434
-1.19470909203498,2.37224525584637,0.27409026286189,856.5557,1265,434
-3.4031071730148,-0.577863267899618,0.481444026662324,849.815633333333,1238,435
-3.36139515694838,-0.402618786012616,0.501254992637382,850.382866666667,1241,435
-4.96525193241414,0.766574927504551,0.451926814772917,849.849,1239,436
-4.7172836205199,0.833613896055771,0.452587520615008,850.9501,1243,437
-4.58864889177487,0.733042900303276,0.533944131061189,851.517333333333,1245,437
-4.29994691342372,0.669494405186899,0.449063332359076,852.618433333333,1248,438
-3.97317965951672,0.831233523755088,0.433229401053472,853.185666666667,1252,438
-5.77771150884986,-3.31836007292893,3.54934901449392,853.1523,1249,439
2.11448999042328,3.25060191819917,0.239621989289557,853.185666666667,1250,440
2.16310081846553,2.96106564836875,0.265521510359238,853.7529,1254,440
2.1842134153102,2.70813168276752,0.297818728789001,854.320133333333,1258,440
4.68197931104442,-0.630970949136625,0.719224540378694,853.185666666667,1253,441
0.817153552422183,11.5969611677851,5.6838471354743,854.2534,1256,442
0.818204104273041,11.5982697403294,5.68386139395872,854.286766666667,1256,442
1.47921159415488,-6.44174165717734,5.57905417189672,854.3535,1259,443
1.47692323395772,-6.45256685626502,5.58722045311778,854.386866666667,1259,443
-0.505414134400378,7.09365736203874,0.263111833638878,855.988466666667,1262,444
-0.438251972065252,7.04881529916212,0.288060090883037,856.5557,1264,444
-3.44291457200966,1.68533423341903,0.338599678786196,856.5557,1266,445
-3.4070888582685,1.77625089461692,0.412983148513589,857.122933333333,1268,445
3.91515752685647,-0.399721115744816,0.697732682637319,856.5557,1267,446
4.70325087813134,-0.637383322807163,0.719610762722315,857.122933333333,1270,446
-3.95453414015291,-4.06009892791091,0.501863301053609,857.122933333333,1269,447
-3.22115864868845,3.42948301553623,0.199952968853579,857.6568,1271,448
7.24069441212449,-6.42078840403425,5.18031534242027,857.7569,1272,449
7.19533611962548,-6.34975538335198,5.15562801105012,857.790266666667,1272,449
-1.60590094646554,1.99677427635874,0.250962138154282,858.224033333333,1273,450
-3.5613527437085,-3.56141123355373,0.429737142398164,858.2574,1274,451
-3.44074611235158,-3.29772347165736,0.388109965856248,858.824633333333,1276,451
-3.20477911326616,-2.83713381456406,0.370826475920401,859.391866666667,1279,451
11.00974495054,-3.86446685548525,5.71547052786354,858.4576,1275,452
0.262048465627166,5.60946124360021,0.254019215124255,859.3585,1277,453
0.072027319189482,5.35478519037266,0.284806796849374,859.925733333333,1280,453
4.69259273193811,-0.634170410110617,0.719417204546906,859.3585,1278,454
4.68696389382627,-0.634893282549105,0.720542664655902,859.925733333333,1281,454
-2.76826899390987,-2.4506382850314,0.29001587173993,860.492966666667,1282,455
-2.55179178344103,-2.2219940432044,0.318469479207946,861.0602,1283,455
-2.3400449862802,-2.04555201766209,0.342613854123351,861.627433333333,1286,455
-2.10424846871203,-1.82055478561726,0.254362553466744,862.1613,1289,455
-0.481379194560467,4.63377782483591,0.350171956854032,861.594066666667,1284,456
-0.510423954024499,4.28781414614598,0.318059731153995,862.1613,1288,456
-0.396906359479722,4.08965290435624,0.352354157184115,862.728533333333,1291,456
-0.225512666659917,3.87069098448916,0.351111099231038,863.295766666667,1293,456
-0.215209339176794,3.6518162676276,0.344796594398665,863.829633333333,1296,456
-0.243783811636421,3.42672450704827,0.326266674892461,864.396866666667,1298,456
-0.298577714353296,3.18247340778046,0.274455727142139,864.9641,1302,456
-0.336238498556381,2.99506890570127,0.263234576406502,865.531333333333,1305,456
-0.332052727682413,2.75018123628368,0.256736001459937,866.098566666667,1308,456
-0.373875217549155,2.55394997656542,0.257874464895761,866.6658,1310,456
-0.388689243099666,2.36495876488553,0.281061680086835,867.199666666667,1313,456
0.928570138752239,-3.25684965413751,0.235768710283471,861.594066666667,1285,457
1.58134834595105,4.70463784992015,0.220708648590121,862.1613,1287,458
4.68197931104442,-0.630970949136625,0.719224540378694,862.1613,1290,459
-1.57049688138838,-1.6631534724504,0.323587713987661,863.2624,1292,460
-1.18840923984564,-1.63899709684402,0.401093784626391,863.829633333333,1297,460
-0.850696657351021,-1.59660764589098,0.32898055868164,864.396866666667,1299,460
-0.551541632287772,-1.53689874507046,0.264825242087177,864.9641,1303,460
-0.362499241509608,-1.24495245545031,0.336477138830985,865.531333333333,1306,460
-0.259945289656829,-1.03200697422448,0.328748815451577,866.098566666667,1309,460
-0.159675994051954,-0.895495620122776,0.194833244836033,866.6658,1311,460
1.84277990954894,4.41183214647424,0.193280937777205,863.829633333333,1294,461
-2.02168003401318,7.23419638406188,0.273318207309743,863.829633333333,1295,462
3.20972980189714,7.48153180289348,0.149268367930067,864.9641,1300,463
-1.24882099212698,7.01246850799712,0.166305549678329,864.9641,1301,464
-0.92282810086051,6.96558452616364,0.19301215341759,865.531333333333,1304,464
3.30751023017296,6.95864136511814,0.0938621457192189,866.098566666667,1307,465
7.26526577906263,-2.09084798316551,9.44686367329209,866.6658,1312,466
2.9592119255884,3.90305676279546,0.24257318495635,867.7669,1314,467
-0.473635186552291,6.1133904971293,0.352401527496678,867.7669,1315,468
-0.608001628759919,5.79972610334121,0.42599571433904,868.334133333333,1317,468
3.94582195722403,6.34364117428065,0.027527077364788,868.334133333333,1316,469
3.76482126288615,6.21781127359549,0.100343730091643,868.901366666667,1319,469
3.25450108595337,3.63190827948264,0.206304408742513,868.901366666667,1318,470
3.25045516215655,3.54331532814074,0.165327305661541,869.4686,1321,470
0.877457585082399,-0.738478827888159,0.378506851931429,868.901366666667,1320,471
1.12362956835963,-0.710472185215399,0.26073950938817,869.4686,1323,471
1.35757868752057,-0.60091939853943,0.233770663159581,870.035833333333,1327,471
-0.993271462184897,5.30561923294226,0.440198786838913,869.4686,1322,472
-1.11814226338965,5.07521847127104,0.339242841736484,870.002466666667,1325,472
-1.25760525160303,4.82322430205274,0.305777905393913,870.5697,1328,472
-1.42878377417785,4.57295128224864,0.377803406813747,871.136933333333,1332,472
-1.5490075500699,4.31493386737397,0.429848064500879,871.704166666667,1335,472
-1.4610235613161,3.98943687148816,0.412758770949923,872.238033333333,1337,472
-1.26539693080201,3.68285644710221,0.315119414336494,872.805266666667,1342,472
-0.903102833717467,3.45616389162394,0.335592814765062,873.339133333333,1344,472
-0.598233273950112,3.16528047973953,0.390359253734657,873.906366666667,1351,472
-0.465678440429763,2.912493756713,0.403194724511523,874.4736,1356,472
-0.36386868062642,2.69518173734018,0.338974898115111,875.007466666667,1359,472
-0.360503495615751,2.6911117143277,0.336395991519982,875.040833333333,1359,472
-0.246126346243437,2.44271367200318,0.307459861796275,875.5747,1364,472
-0.0723389988705763,2.07360951584786,0.358681975785551,876.141933333333,1369,472
-0.00881045588311946,1.67802776924822,0.35040768050071,876.6758,1371,472
0.0288289467905265,1.42116689729453,0.272698237875926,877.243033333333,1375,472
0.164712299058595,1.30415142047966,0.198105289655722,877.810266666667,1377,472
1.68418152768051,-7.7351374431341,5.90766529241224,869.735533333333,1324,473
1.68085710174098,-7.66175485174838,5.87768450231872,869.7689,1324,473
3.34581064422473,5.99923018652259,0.204512715416499,870.035833333333,1326,474
-2.78722767029162,5.73242873950543,0.346505229625753,870.603066666667,1329,475
3.23989620862567,2.9782835703619,0.233950339268702,871.136933333333,1330,476
3.19504684741924,2.84578796628775,0.240108049041528,871.704166666667,1333,476
3.01596519055986,2.73605565742848,0.247944035933713,872.2714,1338,476
2.87243187690168,2.63653010965652,0.28910692555396,872.838633333333,1343,476
2.68477683726244,2.54435466688791,0.346241936423823,873.3725,1345,476
2.42044075102864,2.4839016943066,0.368129392961933,873.906366666667,1348,476
2.41418539894921,2.48118257058507,0.368059933069689,873.939733333333,1348,476
2.26613300678762,2.32057825395937,0.191117244600835,874.440233333333,1353,476
2.26345202218125,2.31436513702727,0.188806388911924,874.4736,1353,476
2.25012171141829,2.22264243330921,0.151563316561313,875.007466666667,1358,476
2.24845988154401,2.22310510589678,0.15201725006292,875.040833333333,1358,476
2.16881678408785,2.22386046540891,0.23238476462953,875.5747,1363,476
2.1694634000679,2.22379244655458,0.232706251863144,875.608066666667,1363,476
2.04288312295925,2.16467603561644,0.282637762292956,876.141933333333,1367,476
1.92500868174331,2.16974029841758,0.280696443958135,876.6758,1370,476
1.92405242202508,2.16848026361002,0.280752181624974,876.709166666667,1370,476
1.77875957298503,2.12030743013412,0.273441792677462,877.243033333333,1373,476
1.62005999372035,1.99663350294459,0.299983616962291,877.810266666667,1378,476
1.47338402769713,1.80701733379584,0.300202897195096,878.344133333333,1379,476
1.47164601895627,1.80468802409188,0.300213540802046,878.3775,1379,476
1.37662455384094,1.66119247089732,0.309102752071679,878.911366666667,1383,476
1.31734114507121,1.44729345767979,0.292953636624617,879.4786,1385,476
1.34032272268918,1.29199195987446,0.284628053709224,880.045833333333,1388,476
1.38937906375097,1.08775504561872,0.312147997426202,880.613066666667,1391,476
2.88894153434702,5.54394171194048,0.282893732532087,871.136933333333,1331,477
2.63848853836528,5.34775479142041,0.277096681361408,871.704166666667,1334,477
2.40522292427998,5.18239181332056,0.324635345921122,872.2714,1339,477
1.79279111431904,0.251536934973695,0.542037043152142,871.704166666667,1336,478
-2.32193830876676,5.67005083269315,0.325680932324856,872.2714,1340,479
-2.23638642121427,5.57812349566876,0.381917176127413,872.805266666667,1341,479
-2.12328884095597,5.4255439082124,0.404174686088475,873.3725,1347,479
-1.95080523599335,5.29762822817162,0.366342890910146,873.906366666667,1350,479
-1.82574836195397,5.15536897455072,0.287166848535064,874.4736,1355,479
-1.6791765022502,5.00961885953476,0.221057729241705,875.040833333333,1361,479
1.98105897469254,4.77807508655416,0.262855084965978,873.3725,1346,480
1.84825151495848,4.5073802353344,0.249821531227551,873.906366666667,1349,480
1.84980140532082,4.51310256623051,0.248767905441064,873.939733333333,1349,480
1.73028782993515,4.27776939720554,0.242090535360324,874.4736,1354,480
1.55452841598291,4.08222504757875,0.262355943587829,875.040833333333,1360,480
3.0637927193134,-0.153992569730542,0.444870915531658,873.939733333333,1352,481
3.06247495983794,0.0723720975911144,0.435342624782439,874.506966666667,1357,481
3.11958040634898,0.217828291931546,0.346857396253664,875.040833333333,1362,481
3.1197375985577,0.408609214269655,0.326113519083385,875.608066666667,1366,481
11.0311471238505,-6.51415609017826,-0.402991462345309,875.5747,1365,482
-1.49419401727139,4.7364630174253,0.193231515033129,876.141933333333,1368,483
-1.45256512880626,4.54539271240828,0.259715404023295,876.709166666667,1372,483
-1.37534179228984,4.37966228492664,0.3159086750301,877.243033333333,1374,483
-1.12208377270858,4.15433370861863,0.330718885547894,877.810266666667,1376,483
-0.947560643489944,3.88511551311277,0.344101253592666,878.3775,1381,483
-0.828436190458739,3.66655088207143,0.445056183956144,878.911366666667,1382,483
-0.824906743039035,3.66176273827042,0.4469058569843,878.944733333333,1382,483
-0.677495577070529,3.50462756162013,0.501025204492662,879.4786,1384,483
-0.674501798089991,3.50051251601436,0.500901739385979,879.511966666667,1384,483
-0.506001320705018,3.37306035878994,0.4332428829034,880.045833333333,1387,483
-0.343255213836896,3.25514859083313,0.339255357430648,880.613066666667,1390,483
-0.126584333030269,3.18312694612423,0.251164486048694,881.1803,1394,483
0.0860903265507972,3.13436713164389,0.265333781692052,881.747533333333,1397,483
0.272287274105492,3.05368821513925,0.280240100385158,882.2814,1399,483
0.27450212557701,3.05382057801731,0.279903133740917,882.314766666667,1399,483
0.489209428340666,2.96678195748691,0.313743834258814,882.848633333333,1401,483
0.625267359847611,3.01082603498672,0.297153860627971,883.415866666667,1403,483
0.596263219738472,3.57869166362428,0.311972797948753,878.3775,1380,484
1.04447107350005,3.10231213813849,0.279803659086863,880.045833333333,1386,485
1.17490707752035,2.89051495360321,0.251664824535842,880.613066666667,1389,485
1.30357643863474,2.6947062891699,0.241548984645136,881.1803,1393,485
1.55992577563284,2.66219535982453,0.29141696652082,881.714166666667,1396,485
1.82026743875091,2.51059894963711,0.346632704498161,882.2814,1398,485
2.0152403194054,2.27317804428891,0.37679201656929,882.848633333333,1400,485
4.69259273193811,-0.634170410110617,0.719417204546906,880.613066666667,1392,486
2.49937685524383,-4.26082575775038,0.258406173420845,881.1803,1395,487
3.89841491618876,1.73169626333201,0.465243514510053,883.415866666667,1402,488
-2.51859246674619,-2.30270914524814,0.314356645210966,883.415866666667,1404,489
-2.03739811685218,-1.40439911538099,0.398143219439653,884.516966666667,1405,490
-2.09219469704091,-1.03466634996036,0.380660311098756,885.0842,1408,490
4.69202031215923,-0.633973173534487,0.717392907137247,884.516966666667,1406,491
0.842983632491179,2.36402056533381,0.479576123965585,885.0842,1407,492
1.18055940993706,2.93412961155898,0.302466725212706,885.651433333333,1409,492
1.24640679839647,2.88806548849988,0.380693027928081,886.218666666667,1412,492
1.26214968400402,2.87286786754319,0.464799814929667,886.752533333333,1413,492
1.39590578848713,2.799940796144,0.460917092796526,887.319766666667,1415,492
1.52934461617427,2.6489021371113,0.416298870646852,887.853633333333,1416,492
1.52932997428588,2.64569026987616,0.416113868492978,887.887,1416,492
1.54971185252561,2.41123642867106,0.406910041444347,888.454233333333,1419,492
1.51518342150568,2.20232582816491,0.340866914140653,888.9881,1422,492
1.51410510864774,2.20030171260702,0.340367891221698,889.021466666667,1422,492
1.45242697728604,2.00064398046947,0.268706755280795,889.555333333333,1427,492
1.45129261670242,1.99629893111218,0.268421025652888,889.5887,1427,492
1.46917983420036,1.7092599477459,0.27385603864311,890.122566666667,1433,492
1.53974287395191,1.47318560470704,0.315536565951282,890.6898,1438,492
2.69568762975334,1.31179076260234,0.34767785746905,885.651433333333,1410,493
4.23012215133658,1.97073453432499,0.346648043753596,886.1853,1411,494
3.98321276334054,1.77235150165166,0.385665287394417,887.319766666667,1414,495
-6.35980402627408,4.4232311909318,0.397947323709741,887.887,1417,496
-2.69408362196751,0.319699992840076,0.28260036977687,887.887,1418,497
-5.39915419623498,-2.89640197988211,0.481769759109722,888.454233333333,1420,498
-0.427426393839884,-2.25175816316713,0.297791377775209,888.454233333333,1421,499
-0.59211834744869,-1.54492594863548,0.324538539145425,888.9881,1423,499
-0.75881478471774,-1.00118881864341,0.323008481722108,889.555333333333,1426,499
-0.871338510014509,-0.621453697801374,0.325898943076672,890.122566666667,1431,499
-1.03054463145996,-0.207614732979194,0.295982817513509,890.6898,1436,499
-1.17161288881135,0.189082319085001,0.290979100781586,891.257033333333,1443,499
-1.35087617954089,0.587224570050249,0.33371189255728,891.7909,1445,499
-1.35280464733099,0.593606189655916,0.336097329977863,891.824266666667,1445,499
-7.15843859172267,0.28501123204345,0.580436145992821,889.021466666667,1424,500
-6.80260635536377,0.484954289330446,0.602702410342085,889.5887,1429,500
-2.62989269686852,-0.0342579895356546,0.325888136123398,889.555333333333,1425,501
-2.61519258764147,0.187405551172651,0.371047740386883,890.122566666667,1430,501
-2.59978976722052,0.421795260409133,0.330802954000501,890.6898,1434,501
-2.56443505745703,0.633651241156455,0.28403927513432,891.257033333333,1441,501
3.87504801557931,1.16550411569177,0.322366613333189,889.555333333333,1428,502
-1.85316631120636,-2.52772573095956,0.260287801118345,890.122566666667,1432,503
-1.68780287678351,-2.29148375709256,0.246308736235805,890.6898,1437,503
-4.86687052744603,-1.79126257001536,0.485997009829888,890.6898,1435,504
-4.73077498421886,-1.56731787558638,0.480929472505993,891.257033333333,1442,504
-4.58782333826454,-1.3187161160866,0.485024098640283,891.7909,1444,504
-4.51257700599252,-1.12615435178539,0.531534579366572,892.358133333333,1449,504
-4.40329405412498,-0.985023522643307,0.545963092104566,892.925366666667,1454,504
-4.26658056919004,-0.994060608307698,0.543414467669345,893.4926,1460,504
-4.09656821491452,-0.985698892805335,0.512117341750199,894.026466666667,1462,504
-4.00229743151841,-0.977412634078695,0.423713903345741,894.5937,1468,504
-3.35569462445542,1.97171439540793,0.459578354098516,891.257033333333,1439,505
-3.17435011838509,2.19822416001307,0.462197118984589,891.824266666667,1447,505
-5.57343261310011,0.685883503756258,0.511644307957676,891.257033333333,1440,506
-1.16927167565454,-1.85548132512309,0.224595295967325,891.7909,1446,507
-0.970218166372357,-1.72727563491221,0.151925321195106,892.358133333333,1450,507
-0.767545253125856,-1.68391430649648,0.104592540931418,892.925366666667,1455,507
-4.97646026307217,0.56349884142297,0.573265441433832,892.358133333333,1448,508
-4.78058829549313,0.688065483749561,0.529249235331012,892.925366666667,1452,508
-4.5445875345961,0.78275482465614,0.494485983353024,893.4926,1459,508
-4.27600713941201,0.783606472206315,0.477530358473181,894.059833333333,1465,508
-2.65716284092184,2.44512460051706,0.436886388170119,892.925366666667,1451,509
-1.63021817070633,1.51737629560851,0.400406580750556,892.925366666667,1453,510
-1.51857562380647,1.90061221473418,0.429775853378737,893.4926,1458,510
-1.35426088315762,2.15615259630792,0.344527573424004,894.026466666667,1461,510
-1.35147874925183,2.15806993446969,0.343091083256497,894.059833333333,1461,510
-1.17693318390371,2.32311403830899,0.274644454507586,894.5937,1467,510
-1.02379872937057,2.56304999830811,0.332000548911776,895.160933333333,1473,510
3.67858072170071,-2.37450427070921,0.324093589987636,893.459233333333,1456,511
-5.123222635505,2.42168485395052,0.500513142660848,893.4926,1457,512
-0.399259132474709,-1.62390607942411,0.190881514332825,894.026466666667,1463,513
-0.255243994747203,-1.51478872483722,0.169279697224076,894.5937,1469,513
3.60745530946269,0.587133616804657,0.469736346053664,894.026466666667,1464,514
3.49124019003211,0.465873421159546,0.386991249866823,894.5937,1471,514
-8.79374482672175,4.32990942661767,0.1840875141887,894.5937,1466,515
1.09661035834395,0.233850001208899,0.263124938385987,894.5937,1470,516
-2.29865479091031,-5.05456606578405,0.438913230092481,895.127566666667,1472,517
-2.24747243234516,-4.32281667656632,0.452252665728895,895.6948,1476,517
-2.28850866352728,-3.57340082524236,0.384598735316431,896.262033333333,1480,517
-3.73643904065196,0.692257863235602,0.491066829570335,895.160933333333,1474,518
-3.68388924192084,-0.791924542737061,0.491691532458606,895.6948,1475,518
-3.51508379535167,0.626932341457786,0.506191139455306,895.728166666667,1478,518
-3.49536989105606,-0.72177379244135,0.51708586700162,896.262033333333,1479,518
-3.33232245974583,0.49622959571889,0.520575999616497,896.2954,1482,518
-3.13396267293375,0.336850024386919,0.482666306942934,896.829266666667,1484,518
-3.2660910724393,-0.639872767453313,0.478437079680749,896.829266666667,1485,518
-2.8848080533698,0.253110648837599,0.459938075851673,897.3965,1489,518
-3.15324016327788,-0.572147459455402,0.455297626376043,897.3965,1490,518
-2.60972322229909,0.05657531683261,0.472024271790828,897.963733333333,1493,518
-3.04511303721275,-0.51997448517491,0.410502654945867,897.963733333333,1494,518
-2.98824848664942,-0.42467614887611,0.441377415685399,898.530966666667,1497,518
-2.96382689264768,-0.178866327546276,0.508842457240749,899.064833333333,1500,518
-1.98855101131888,0.0398167413808902,0.490340606920833,899.0982,1502,518
-1.66284988418539,0.282836096865472,0.410329193803486,899.665433333333,1506,518
-4.29081683120618,2.46821915704104,0.416677889328013,895.728166666667,1477,519
3.24810845502468,0.292658744248753,0.290419495485933,896.262033333333,1481,520
-3.45188513406636,1.98529776363077,0.422246597670009,896.829266666667,1483,521
-3.3952253588094,2.05167039552837,0.412413039951362,897.3965,1488,521
6.85959678216521,-3.23032878462622,-0.0487294802262869,896.829266666667,1486,522
5.70923532665744,3.62835797083409,0.103337671550206,897.3965,1487,523
-2.59825135422787,-2.49526220522231,0.379296296112116,897.3965,1491,524
3.10428507467349,0.024716183734199,0.270180243182261,897.930366666667,1492,525
-3.35418548458315,3.24208093549184,0.496033544162,898.530966666667,1495,526
-3.1104650586948,2.25197864624431,0.408421380182764,898.530966666667,1496,526
-3.01809560664575,3.16842691708866,0.491977721032158,899.064833333333,1499,526
-2.77730420064088,2.32539171397013,0.39586549030695,899.632066666667,1504,526
-2.56043769793584,2.28592272865387,0.363557003911867,900.1993,1507,526
-2.37241797303903,2.27660083718444,0.383555953695851,900.766533333333,1509,526
-1.64107119066466,3.16188123294511,0.43933537831795,901.333766666667,1513,526
-2.28286396038828,2.31760544497044,0.341983818135451,901.333766666667,1514,526
-1.49153706053136,3.17835275489036,0.46371748924172,901.901,1518,526
-2.1505886374457,2.32386490297643,0.270525436382696,901.901,1519,526
-2.03753299107422,2.27183589407093,0.299140229953131,902.434866666667,1521,526
-1.33026327468372,3.08158715414253,0.465874905700592,902.468233333333,1523,526
-1.12195043713462,2.96756923011476,0.500993436825786,903.0021,1524,526
-1.86872901855659,2.1704799525783,0.30395331504189,903.0021,1525,526
-2.98241979877344,1.43811121883017,0.367231070818562,903.0021,1526,526
-1.12066006853892,2.96406105645575,0.501676250564515,903.035466666667,1524,526
-1.05352920929809,2.7064163458519,0.469826789577364,903.569333333333,1529,526
-1.77428473814539,2.13074860221231,0.300028182645984,903.569333333333,1531,526
-2.92185886718846,1.72206480291214,0.388039371652985,903.569333333333,1532,526
-1.05092695663521,2.6995657695451,0.469178263669482,903.6027,1529,526
-1.12532879161908,2.39356259164275,0.399542991902388,904.136566666667,1535,526
-2.79964687606434,2.0302672628886,0.391815495920079,904.136566666667,1536,526
-1.68909082753477,2.04002054098285,0.312890132488404,904.136566666667,1537,526
-3.8283411993151,1.61727548411642,0.680168758529415,904.136566666667,1538,526
-2.57299357684609,2.33363684252775,0.402008030724562,904.7038,1541,526
-3.78903479820585,1.81847563135398,0.652303906130772,904.7038,1542,526
-1.71580009234175,2.00249477209813,0.355759778881247,904.7038,1543,526
-1.12842574269361,2.02684308355607,0.414655971060774,904.7038,1544,526
-1.62838246614822,2.19109869325205,0.52333769161265,905.271033333333,1546,526
-1.53375788749962,1.87648593023508,0.395493520803612,905.271033333333,1547,526
-1.21178995389174,1.75290159845507,0.384993367775126,905.271033333333,1548,526
-2.17413688002582,1.71745113135849,0.306606548242374,905.8049,1550,526
-2.20212216176985,1.7132754426144,0.305925412139915,905.838266666667,1550,526
-2.36190784857977,-1.66032205705371,0.335278791619587,898.530966666667,1498,527
-2.21782275884626,-1.42268394015738,0.335972274844718,899.064833333333,1501,527
-2.21541945693847,-1.41513526265211,0.338834876502095,899.0982,1501,527
-2.18847290053757,-1.07357748970429,0.393167868114902,899.632066666667,1505,527
-0.671270375419832,4.85963309160139,0.337658216664124,899.632066666667,1503,528
0.108435327664239,4.86730739465095,0.356326249923763,900.766533333333,1508,529
0.479482335684263,4.63463753684489,0.353615571093574,901.333766666667,1512,529
-2.62082034561152,-0.0947200800863657,0.405506986693532,900.766533333333,1510,530
-2.78972613354404,0.386937590782607,0.444055618847975,901.333766666667,1515,530
-2.90111788637111,0.864017757764368,0.447889109339721,901.901,1520,530
-1.05815197530869,0.161934260806619,0.367190233897544,900.766533333333,1511,531
-0.726259848725238,0.0914789628485465,0.394810100236127,901.333766666667,1516,531
-0.438520510896601,0.210247814237498,0.358344589711299,901.867633333333,1517,531
-0.431175558105744,0.214272980523568,0.358295307121167,901.901,1517,531
-0.234529310852537,0.380047328938491,0.34806177778521,902.434866666667,1522,531
-0.233537815034795,0.382035411772152,0.348472595276255,902.468233333333,1522,531
-0.0790938354258648,0.465695731015912,0.384500642294046,903.0021,1527,531
-0.0770059109229295,0.467516893247665,0.385252658152956,903.035466666667,1527,531
0.122616991964377,0.557535539045696,0.385156105626683,903.569333333333,1533,531
0.125794836273207,0.559078427854717,0.384490930153776,903.6027,1533,531
0.382331749615721,0.654371669338977,0.390419584318943,904.136566666667,1539,531
1.54222754993122,4.14915105950101,0.261354318959838,903.569333333333,1528,532
1.73611626863437,4.00995155636448,0.258512885694011,904.136566666667,1534,532
1.88065166038712,3.91897490009224,0.18263996443663,904.7038,1540,532
-5.71764079804772,2.38177523409925,0.501733255734431,903.569333333333,1530,533
0.583873442372969,2.34963539572189,0.556197743107227,905.271033333333,1545,534
0.782755126819114,0.844096749142963,0.333361503158049,905.271033333333,1549,535
0.891515601606661,0.652871817026872,0.35080121607184,905.838266666667,1553,535
2.16554174503215,3.92310643596206,0.212181073910512,905.838266666667,1551,536
-3.72172587328109,3.43100904812851,0.221635542682196,905.838266666667,1552,537
-1.13869932938421,1.91513549111608,0.328859893886497,906.4055,1554,538
-0.912763757954133,1.91098038922426,0.266440442201003,906.939366666667,1556,538
-0.91028091343035,1.91113022122005,0.264989284954666,906.972733333333,1556,538
-0.71139553957418,1.90885552774962,0.26394743446904,907.5066,1559,538
-0.497909244440568,1.87861479699359,0.279538248218865,908.073833333333,1563,538
-0.346956921682434,1.93271149230695,0.207739327668767,908.641066666667,1567,538
-0.287628160474452,2.0325324198765,0.204555042807397,909.2083,1573,538
-0.21736343901283,2.12489201176209,0.259025288558486,909.775533333333,1579,538
2.96837407957703,-1.80245214594355,0.329268985485181,906.4055,1555,539
2.74982947891966,-1.76336158386126,0.33060274794634,906.939366666667,1558,539
2.46830008836909,-1.71870811322018,0.349017042223993,907.5066,1561,539
2.4587428267217,-1.71091945483422,0.349301095485564,907.539966666667,1561,539
2.16262574777105,-1.72525611838117,0.346048667611669,908.073833333333,1566,539
1.85518921680373,-1.74636792997096,0.374683842911819,908.641066666667,1568,539
1.54129959545232,-1.54654360403365,0.379594238994624,909.2083,1574,539
1.37182923957865,-1.27538702845776,0.410046986324485,909.775533333333,1581,539
1.17491687082938,-1.15219707078841,0.386507737793547,910.342766666667,1584,539
0.949638142164602,-0.978728989415644,0.374135822091524,910.91,1587,539
-1.1325019025986,0.580150809749866,0.418688987545824,906.939366666667,1557,540
-0.845996405121097,0.175879487714514,0.388318914867497,907.5066,1560,540
3.02103905390469,3.75486975170204,0.250706710441417,908.073833333333,1562,541
2.25015351587317,-3.36562535357582,0.291679884637006,908.073833333333,1564,542
2.25961615342344,-3.16902115344845,0.268959471822346,908.641066666667,1569,542
1.55073180433687,0.113317939633717,0.339891568194604,908.073833333333,1565,543
1.80799881360446,0.0856764892766441,0.382072740996802,908.641066666667,1570,543
2.14083320879745,0.0600261881139427,0.365833411612138,909.2083,1575,543
-1.57677950016367,7.73105350068086,0.110696276446575,909.2083,1571,544
-1.69210741390612,7.47968108865531,0.15302206789355,909.775533333333,1578,544
-5.13900278184826,0.806688248809897,0.457273578802466,909.2083,1572,545
-5.03367624040061,0.673755736490349,0.46485116643394,909.775533333333,1580,545
-4.89152317381345,0.640440583918922,0.495565239078764,910.342766666667,1583,545
3.46482945254686,-2.1455284828905,0.291576719608849,909.2083,1576,546
3.75583575469475,2.96454997784477,0.34893315874546,909.775533333333,1577,547
3.80650358225497,2.59746248973391,0.300915908052113,910.342766666667,1582,547
2.38048337225179,-2.40741104174435,0.313102954191037,910.342766666667,1585,548
2.42139970606803,-2.19295831389549,0.253731612714041,910.91,1588,548
5.46892769694386,6.35269783306389,0.112020987853926,910.91,1586,549
4.61235468305966,5.48880537814818,0.152715299812411,911.477233333333,1589,550
4.60729517683047,5.10617050422665,0.183630631451222,912.044466666667,1593,550
-4.39728860803226,0.560481271581252,0.51885014452853,911.477233333333,1590,551
-4.12858215512284,0.618059202452432,0.568944996673425,912.044466666667,1595,551
-3.9427248180663,0.666899822298535,0.585577588937602,912.6117,1598,551
-3.67965274168131,0.712075029556209,0.553112039258636,913.178933333333,1601,551
3.17390697980013,-0.10210435726388,0.483800552435899,911.477233333333,1591,552
3.26581097609815,0.111185140354016,0.440189993247897,912.044466666667,1596,552
2.45110418588156,-1.77192840489327,0.328814605025263,912.0111,1592,553
-3.20901735120456,3.25471313224943,0.531038352019414,912.044466666667,1594,554
-3.08184883719682,3.34621112157224,0.523993673496714,912.6117,1597,554
2.54271789229405,-1.53034157486215,0.33733910120375,913.145566666667,1599,555
2.48372611782085,-1.37074387051161,0.328171781407964,913.7128,1603,555
2.36458779716143,-1.22322197397578,0.306629813700579,914.280033333333,1607,555
2.26525854081367,-1.07351877778751,0.280840536621666,914.847266666667,1614,555
2.19889054153512,-0.941734898221523,0.268462191484095,915.4145,1620,555
2.0882257277276,-0.775195924070394,0.273486245219905,915.981733333333,1626,555
2.06504183186379,-0.630221549956851,0.282495624066787,916.548966666667,1630,555
1.99901642008315,-0.495463425187132,0.279909072972185,917.1162,1636,555
1.85687602368466,-0.352042484189652,0.292028389072253,917.650066666667,1639,555
1.85477180052749,-0.350521342122793,0.293833176049301,917.683433333333,1639,555
1.75356335878836,-0.196544566185699,0.28782355013446,918.2173,1642,555
1.73749523778989,-0.0547419930143449,0.298301941477947,918.784533333333,1645,555
1.87386131299517,0.0869561879913867,0.310709157434632,919.3184,1647,555
1.87372544454852,0.0899226540410474,0.311283333962984,919.351766666667,1647,555
1.93402060836103,0.262896428991663,0.314404912562663,919.885633333333,1650,555
1.93521405206888,0.433968329988575,0.284162392728136,920.452866666667,1653,555
1.85704012436161,0.490980070504099,0.298027937784755,921.0201,1656,555
1.67631176734364,0.488865587843104,0.293049134495124,921.587333333333,1659,555
1.49623160889609,0.54052304262198,0.257310660956975,922.1212,1662,555
1.49149550468756,0.541578278536724,0.256637752431696,922.154566666667,1662,555
1.31753340256401,0.511971148842854,0.312463616563786,922.688433333333,1666,555
1.31608159806001,0.510415096644352,0.313539343424273,922.7218,1666,555
1.05353991755719,0.48576926948486,0.351463308204332,923.255666666667,1670,555
0.922316654696924,0.481939241261009,0.32264852579456,923.8229,1674,555
0.826957294841422,0.621086737729386,0.266501536144797,924.390133333333,1677,555
0.766724615756171,0.795375140128379,0.251457531013033,924.924,1680,555
0.68074438741571,0.639589706336982,0.412630717780705,924.957366666667,1680,555
0.62501109222848,0.803994013025842,0.291285796563366,925.491233333333,1685,555
0.595813192778399,0.616264981215548,0.428182102033825,925.5246,1685,555
0.535737975358556,0.940777230025951,0.308960841205769,926.058466666667,1689,555
0.450938327524092,1.17893887765353,0.294191693916111,926.6257,1691,555
0.341453147750509,1.35233323099309,0.265983060156586,927.192933333333,1694,555
6.3185157210547,3.80243200050511,0.188127630579638,913.178933333333,1600,556
5.99783160675752,3.65203272134176,0.167651744071957,913.746166666667,1604,556
-0.0733480276452839,-1.11012385343196,0.198788610467153,913.7128,1602,557
5.02344475006349,4.14038090785978,0.167210036334964,913.746166666667,1605,558
-3.43983989797702,0.422243312220756,0.491441536970348,914.280033333333,1606,559
-3.30816929834722,0.249180294910454,0.489822365802511,914.847266666667,1611,559
-3.15479722540976,0.0668701787762297,0.464144532622817,915.4145,1618,559
-3.03172568951912,-0.10500473527581,0.449225199051629,915.981733333333,1625,559
1.1969750885601,-2.90619890215068,0.408680124544155,914.3134,1608,560
1.51010975806145,-3.00924040411646,0.354489438366509,914.847266666667,1613,560
5.57964900141678,3.28255605836288,0.231194941705633,914.847266666667,1609,561
5.38428702661066,3.07393245369677,0.253786183853597,915.4145,1615,561
4.52369587405584,3.15520216045447,0.215090666947965,915.4145,1616,561
4.2750356139777,2.83644356311247,0.276591691085892,915.981733333333,1623,561
5.16907837167339,2.98318480672801,0.256577336756476,915.981733333333,1624,561
5.43868422080761,3.09729601419316,0.182564832052809,916.548966666667,1628,561
4.75057515797384,3.09080687529333,0.206123322152552,917.1162,1635,561
0.621084256271155,7.90687739977817,0.0702129323447918,914.847266666667,1610,562
0.617542175605913,7.65282054324581,0.0316340431465255,915.4145,1617,562
-0.399690204876406,-0.964901121906292,0.279199049069873,914.847266666667,1612,563
-0.577190895410569,-0.86162962505193,0.305668507292595,915.4145,1619,563
-8.7802506853579,1.86617563913782,6.9020442647415,915.915,1621,564
-8.77559701554968,1.85514546787767,6.90324219094191,915.948366666667,1621,564
-8.77557180686803,1.84212131507564,6.90731003428955,915.981733333333,1621,564
0.0264477024805136,2.31021975701498,0.536709991275778,915.948366666667,1622,565
-1.99331983838231,8.38462138617165,0.0785281502947243,916.5156,1627,566
-0.856599177497433,-0.641817031869649,0.320169663215525,916.548966666667,1629,567
-0.947188707378999,-0.465803825968,0.331650748141389,917.082833333333,1633,567
-0.989202380462954,-0.264497317577037,0.322158241182343,917.650066666667,1638,567
-1.04702739882565,-0.0900694230120408,0.286860697224171,918.2173,1641,567
-1.23198423006847,0.0574278296871769,0.287433102455323,918.784533333333,1643,567
3.68618118676871,-0.738912308031217,0.295342259940732,916.548966666667,1631,568
3.66193884265652,-0.541716177084728,0.299262755947388,917.1162,1637,568
-0.167770304729491,2.89490636001474,0.495551982179138,917.082833333333,1632,569
4.062827582436,1.90977011374994,0.310740162940851,917.1162,1634,570
-2.50504510231873,-1.00382639526104,0.408754945969727,918.2173,1640,571
-2.30128614927801,-1.22140795077573,0.406853832085655,918.784533333333,1644,571
-2.07249211389138,-1.3718754133158,0.414028850645692,919.351766666667,1648,571
-1.82188779241805,-1.54588443117386,0.393271746735223,919.885633333333,1649,571
-1.61462494334614,-1.63285133420074,0.359990267915032,920.452866666667,1652,571
-1.34409200860636,-1.66627299307838,0.380571984075076,921.0201,1655,571
-1.09408297320392,-1.70851299781047,0.347224277691119,921.587333333333,1658,571
-0.880854472805418,-1.63881529671011,0.339275524115038,922.154566666667,1663,571
-0.812443001081627,-1.52485129907931,0.345349754638175,922.688433333333,1665,571
-0.824599664054111,-1.54241334183265,0.345284273392097,922.7218,1665,571
-0.792262189454347,-1.41609721419684,0.347756798775696,923.255666666667,1669,571
-0.770284870533529,-1.23988250721996,0.324462044772815,923.8229,1673,571
-0.638182461125432,-1.13852448947891,0.30127635666523,924.390133333333,1676,571
-0.594409827828321,-1.02478166408692,0.282716577149232,924.957366666667,1682,571
-0.441969230223765,-0.914256608047947,0.260790984643406,925.491233333333,1684,571
-0.238764189152717,-0.786875291180036,0.271881354687282,926.058466666667,1688,571
-0.0931807950495487,-0.788261333380117,0.273735575200563,926.6257,1692,571
3.60063575968593,-0.0491032035138235,0.31278108502798,918.784533333333,1646,572
3.56591119573752,0.0503007696922794,0.354357692826312,919.885633333333,1651,573
4.4045339932412,-0.917857198435401,0.562453856966868,920.486233333333,1654,574
3.78744675870025,0.196268368065249,0.340053470192605,921.0201,1657,575
3.70359702616362,0.202382514878397,0.336747316974859,921.587333333333,1660,575
3.62741104809815,0.257374085116563,0.363986542477254,922.154566666667,1664,575
3.49228574595277,0.353320455629865,0.385256876666039,922.688433333333,1667,575
3.33877418141733,0.490154124866397,0.395143499735952,923.255666666667,1671,575
3.24614700870776,0.57458555346523,0.363642804188982,923.8229,1675,575
3.14321919013316,0.627067149090454,0.338121463676391,924.390133333333,1678,575
3.01325438609558,0.753096526540825,0.28496775709364,924.924,1681,575
3.0130283120133,0.754202452328666,0.285392309281172,924.957366666667,1681,575
3.04435274707321,0.877146842087418,0.35573078757063,925.491233333333,1686,575
2.88802009499586,0.926015546056763,0.432232614286347,926.058466666667,1690,575
2.72489223498548,0.983929430554007,0.418512139862859,926.6257,1693,575
2.75411022992638,1.21055342340363,0.355668002015496,927.192933333333,1695,575
2.7654572723933,1.47826046464362,0.340006442844529,927.760166666667,1696,575
0.23766431264405,-0.65628981506599,9.55904319755249,921.654066666667,1661,576
4.70903563123256,-0.0577011338804944,0.664687006052601,922.7218,1668,577
3.18892505696607,3.64782345649453,0.242296369732198,923.289033333333,1672,578
-8.12697200341698,1.7489276852362,5.01337791552389,924.556966666667,1679,579
-8.16290204002878,1.74636511893721,5.03106907088835,924.590333333333,1679,579
1.8319061034609,1.18717878995732,8.27548826102184,925.291033333333,1683,580
1.83563276074522,1.19188183454973,8.26805872601084,925.3244,1683,580
3.29253327484825,-6.90852764998538,2.9795480382103,925.5246,1687,581
0.957102527539127,-0.290452366887659,0.360320007769237,929.995733333333,1697,582
0.960676782233929,-0.293181081460419,0.36186722268183,930.0291,1697,582
1.12969446909134,-0.280076616798231,0.358359540356822,930.562966666667,1698,582
1.27156704165193,-0.355329665783376,0.341479409539374,931.1302,1699,582
1.41877888870529,-0.360054723302699,0.335314630616529,931.697433333333,1700,582
1.59165752255813,-0.403527773686449,0.388830458667211,932.264666666667,1702,582
1.83822355460521,-0.471636857404587,0.412979031048946,932.8319,1703,582
2.01100273259507,-0.472494697944816,0.409194080479552,933.399133333333,1705,582
2.08055706047037,-0.328568420636035,0.403229026306132,933.966366666667,1706,582
2.15191705074351,-0.120066226917583,0.445660889122942,934.500233333333,1707,582
2.15322716183808,-0.117587906310688,0.44564547747081,934.5336,1707,582
2.14192341695644,0.190281762924881,0.454606084230261,935.067466666667,1708,582
2.0063982564259,0.479254492888261,0.47898551522053,935.6347,1709,582
1.83957784311504,0.669391149978962,0.532728249977517,936.201933333333,1710,582
1.75941665806176,0.865838300446728,0.408738502809628,936.7358,1711,582
1.75838633829389,0.870629593407453,0.406734818255653,936.769166666667,1711,582
1.77350202270029,1.09053380073303,0.414615485873359,937.303033333333,1712,582
1.79538691322195,1.28616303089251,0.426842355329292,937.870266666667,1713,582
1.69744175893919,1.48855002199949,0.461651494861698,938.4375,1714,582
1.51437174519698,1.72151187695918,0.375965371929652,939.004733333333,1715,582
1.41760589970217,1.94741959220411,0.40254034382222,939.5386,1716,582
1.45574742642116,2.10411318606123,0.390674902807806,940.105833333333,1717,582
-3.86113468679924,2.15108094546927,0.495269229952417,932.264666666667,1701,583
-3.77788993706697,2.33167197385188,0.487528638369755,933.365766666667,1704,584
3.89277758333875,3.05271657288697,0.271352204950591,941.2403,1718,585
3.72981666679556,3.10900925367669,0.263686459004725,941.807533333333,1719,585
-2.36837649450579,2.35859634930082,0.447179845628302,942.374766666667,1720,586
-2.28341886618671,2.18473781500878,0.411082152675764,942.942,1722,586
3.4616497760735,2.91334864982252,0.274781616495721,942.908633333333,1721,587
3.45537303046387,2.90815893003821,0.276449804738547,942.942,1721,587
3.36880157893388,2.69591457197946,0.272422298394821,943.475866666667,1723,587
3.36463397915649,2.69032863933845,0.272593279527045,943.509233333333,1723,587
3.2828848951566,2.52769727397337,0.253984525180226,944.0431,1724,587
-2.18106812619074,2.20864367522313,0.366662726082296,944.610333333333,1725,588
-2.23968812377255,2.34969337480789,0.446802576008272,945.177566666667,1728,588
-5.30170386772488,0.377795387878354,0.370955238514243,944.610333333333,1726,589
1.61131517596288,-3.62330336828695,0.265589032773962,944.6437,1727,590
-3.28559902474338,-0.811855164328251,0.44333555942677,945.177566666667,1729,591
2.93820461882474,2.22731566549617,0.25144587147994,945.7448,1730,592
2.88184260570462,2.27200726300308,0.268599937791094,946.312033333333,1731,592
2.79119550869217,2.34732983318032,0.282125072333897,946.879266666667,1735,592
2.67272146614963,2.37108733196795,0.264289279301601,947.4465,1738,592
-2.9500967378267,-0.569535558008929,0.353286154135271,946.312033333333,1732,593
-2.86759808255291,-0.353510530814445,0.343487865510275,946.879266666667,1736,593
1.89096143024911,-3.50283851747248,0.358175477266871,946.3454,1733,594
2.07198219471208,-3.30700413311754,0.43365546638073,946.879266666667,1737,594
8.69157654781957,-1.8952392186627,4.72610147535061,946.3454,1734,595
1.05053682427529,-2.43681241607574,0.297820545639644,947.4465,1739,596
-4.43947481959541,2.01236371941606,0.430658488232933,947.980366666667,1740,597
-4.33154028475881,2.02573940595899,0.441122780626269,948.5476,1741,597
-4.14818279948836,2.142789814043,0.468333435644094,949.114833333333,1745,597
-4.05848922579172,2.02563810032951,0.531622591396178,949.682066666667,1749,597
0.877685044251493,-2.10972549856542,0.267205027787158,948.580966666667,1742,598
2.38250757919053,-2.80138278483676,0.439229262367051,948.580966666667,1743,599
2.47078979013211,-2.45292302043953,0.467063980339003,949.1482,1746,599
2.45776489698808,-2.13814416599787,0.449335154380974,949.715433333333,1750,599
2.31377184476692,-1.92882672785057,0.44855685403917,950.282666666667,1751,599
2.06156610705682,-1.72528455011747,0.449756110329181,950.8499,1754,599
1.80329278236569,-1.59137491795967,0.465761125948799,951.417133333333,1756,599
1.56074901612159,-1.47299461432444,0.478971938047474,951.951,1759,599
1.39464001366606,-1.33645985474521,0.446896859464085,952.484866666667,1762,599
1.33701205689519,-1.22877492290258,0.400995921414187,953.0521,1765,599
1.26799117022394,-1.05788058410722,0.365524571657365,953.619333333333,1768,599
1.10465073800832,-0.92648952881968,0.377678149444968,954.1532,1770,599
1.09883615282967,-0.922507163222847,0.379318058809429,954.186566666667,1770,599
2.4306519116461,2.49310156218343,0.209737669967761,949.114833333333,1744,600
2.39813022906592,2.44543980474059,0.210535893427113,949.682066666667,1748,600
8.31649191386313,-0.147248696677319,0.642672621915656,949.214933333333,1747,601
-3.70029756668687,1.95460235689467,0.536027166399774,950.783166666667,1752,602
2.27973144379109,2.43789916814724,0.308288357043864,950.816533333333,1753,603
2.15519798142254,2.40143213686232,0.255373215355916,951.3504,1755,603
1.94759906041693,2.36270215042373,0.241874318049258,951.917633333333,1757,603
1.77494159100328,2.27620830836508,0.232380283569646,952.484866666667,1760,603
1.66892241993807,2.27507008006938,0.260253642513851,953.0521,1763,603
1.50841586884308,2.32971016709949,0.290273510155417,953.585966666667,1766,603
1.50639547345889,2.32928310513726,0.290217293158418,953.619333333333,1766,603
-3.20327879907422,2.04211527258336,0.54389145666242,951.917633333333,1758,604
-2.92308031975274,1.95457669143672,0.559160748468382,952.484866666667,1761,604
-2.78750242671234,1.96199324575571,0.51047229284177,953.0521,1764,604
-2.5461577192527,1.94435948064638,0.413394914265937,953.619333333333,1767,604
-2.32001658705416,1.80110829508857,0.442999277459978,954.1532,1769,604
-2.31439501066123,1.79601978618799,0.445409372576691,954.186566666667,1769,604
-2.06735109409353,1.51219406834364,0.440926318633882,954.720433333333,1771,604
-1.45659380633106,1.65862981396246,0.540881464986896,954.720433333333,1772,604
-1.63868573845608,1.38140441294195,0.378311686040338,955.287666666667,1774,604
-1.42063887677476,1.34460748805518,0.461125589147266,955.8549,1775,604
-1.39040878113212,1.25531506033866,0.443538544180988,956.422133333333,1776,604
-1.17987790943742,1.38061918146837,0.307410221427719,956.956,1778,604
-1.10121384168985,1.47869511632914,0.331833167344787,957.523233333333,1782,604
-1.01531313304263,1.63076058855175,0.36447153875911,958.090466666667,1787,604
-0.985368548993121,1.80485960361458,0.395704117737584,958.6577,1790,604
-0.902559098461489,1.94967115094817,0.338719735068656,959.224933333333,1794,604
-0.798282156014739,2.09199331485467,0.364016683061466,959.7588,1798,604
-0.796875974095392,2.09365771300225,0.364521844900235,959.792166666667,1798,604
-0.740387571454325,2.22372081979042,0.399162093120551,960.326033333333,1802,604
-0.628478454140389,2.4564514890048,0.425941111730104,960.893266666667,1806,604
-1.61782132371827,9.11666143183201,0.306564425651468,955.287666666667,1773,605
-0.213915309039019,-0.835168496987174,0.324273344825665,956.422133333333,1777,606
-0.420581084923738,-0.855998691671813,0.334841452033908,956.956,1779,606
-1.18022174707878,-0.850854782813895,0.216982994401207,957.523233333333,1783,606
-0.581463617604687,-0.803683840557859,0.410537147648274,957.523233333333,1784,606
-0.841909394551641,-0.778749057834439,0.433388366703356,958.090466666667,1788,606
-1.19199199356037,-0.727502658855655,0.480714871922877,958.6577,1791,606
-1.44956550571595,-0.637017435656242,0.501784736331534,959.224933333333,1795,606
-1.54074806746259,-0.660996009858,0.546779905894031,959.792166666667,1800,606
-1.78297968231597,-0.671182276641834,0.40514617942881,960.326033333333,1803,606
1.69528874766847,-2.55642576261926,0.236968963380577,956.989366666667,1780,607
1.62123588067818,-2.46293298342257,0.294860210119736,957.5566,1785,607
5.53561421883496,1.8063008194366,0.388329511945261,957.523233333333,1781,608
5.52392951659058,1.8077337064586,0.389724001524479,957.5566,1781,608
5.32781566310155,2.01139264581541,0.416487499369143,958.090466666667,1786,608
5.17784361420442,2.17904430591464,0.424468360136808,958.6577,1789,608
4.94852488145704,2.18717281755388,0.39415946710745,959.224933333333,1793,608
4.69231964890566,2.28251575509101,0.338579285527172,959.7588,1797,608
4.70036580469072,2.28656131347811,0.337065479798439,959.792166666667,1797,608
4.56778396475705,2.47661252367582,0.30888982063821,960.326033333333,1801,608
4.58179007825487,2.75105620838295,0.304142660015588,960.893266666667,1805,608
4.56315917579616,2.93147942670771,0.30381413760018,961.4605,1808,608
4.38077709964485,3.11467886065403,0.318249214216937,962.027733333333,1811,608
4.11944630227882,3.13346709464273,0.394641013586953,962.5616,1812,608
4.11640591907476,3.13276833544627,0.396548598912759,962.594966666667,1812,608
3.79121860542817,3.09882799006513,0.41280719350198,963.128833333333,1815,608
1.26558932247866,-2.27726041961245,0.229078880697504,958.6577,1792,609
1.09004807738541,-2.23802673114325,0.224098051860024,959.224933333333,1796,609
1.04077549911379,-2.08625928120908,0.235425912283639,959.7588,1799,609
1.14711920974407,-1.99459580939145,0.303305406798255,960.326033333333,1804,609
1.23550167423023,-1.91055285043475,0.286710026850171,960.893266666667,1807,609
1.24978472945597,-1.74464552584341,0.293819038298013,961.4605,1809,609
-0.394361853494146,2.70538083522242,0.372001943872911,961.994366666667,1810,610
1.11401812970738,-1.56551586554686,0.29759759005056,962.5616,1813,611
1.10967212441931,-1.42561951748331,0.352241798734112,963.128833333333,1817,611
1.10693005521876,-1.41617309798643,0.35496815484454,963.1622,1817,611
1.07099429582106,-1.33558704691492,0.344772853861331,963.696066666667,1821,611
1.00339694790707,-1.23904374107718,0.353410790518695,964.2633,1823,611
0.960083028223719,-1.07856582207004,0.306509714030439,964.830533333333,1824,611
0.915451549306315,-0.955769164018843,0.358241121363537,965.397766666667,1826,611
-2.78171819766598,4.34340181107961,0.474782266190081,962.594966666667,1814,612
-2.52423012020663,4.25191384370276,0.470952501580086,963.1622,1818,612
-2.30370749626064,4.21935501226351,0.328441637115264,963.696066666667,1819,612
-2.03378578766645,4.02629055887953,0.344623028139782,964.2633,1822,612
-0.0171126502103199,3.02826943485581,0.388051020492046,963.128833333333,1816,613
-2.89767448841247,-0.893234423940745,0.550084758189147,963.696066666667,1820,614
-2.24652069584587,0.802948583006354,0.194683554427127,965.3644,1825,615
-2.4235526106885,-0.41809770313085,0.372222399413915,965.931633333333,1827,616
-2.45487389438863,-0.636195094978184,0.321467530129849,966.498866666667,1828,616
0.784476431891863,-0.610188148432515,0.30480697447462,966.498866666667,1829,617
0.869291864398853,-0.520655724023846,0.295557393753541,967.0661,1830,617
1.00372052041236,-0.494913739735963,0.311785510928155,967.633333333333,1832,617
1.21827806737183,-0.468102521607816,0.315038852439503,968.1672,1835,617
1.48270872960442,-0.301690454048648,0.302503017952725,968.734433333333,1839,617
1.48858789084283,-0.301167766631593,0.302870772197799,968.7678,1839,617
-2.36777698127234,-0.287079244888464,0.308647780517432,967.633333333333,1831,618
-2.3696220324926,-0.128380719236223,0.409529314015156,968.1672,1834,618
-2.38043568039556,-0.136237109739575,0.355636263070491,968.734433333333,1838,618
-2.39145039539995,0.0252908410234016,0.421346273338339,969.301666666667,1843,618
-2.40654152137294,0.234163562999026,0.418897704347409,969.8689,1846,618
-2.58697542603049,0.376053099970426,0.488902259983187,970.436133333333,1850,618
-3.99317434199821,-1.22960567319911,0.427509849587784,968.1672,1833,619
-0.701655465717045,4.62758212091139,0.426244654577793,968.734433333333,1836,620
-2.42379884853735,4.31155587708721,0.482037145545193,968.734433333333,1837,621
-2.04299321244833,4.10771093064783,0.549712736831757,969.301666666667,1841,621
-1.87481057139539,3.712989249295,0.562875128198114,969.8689,1845,621
-1.85658746076931,3.49043048025313,0.413140033351396,970.436133333333,1849,621
-1.66617791122939,3.53812552282086,0.306739034052578,970.97,1851,621
4.58785243716219,2.71481952488465,0.224065004324204,969.301666666667,1840,622
4.47571834353085,2.75653048243782,0.220749027380408,969.8689,1844,622
4.36484892225965,2.89014509480786,0.224665410900159,970.436133333333,1848,622
-3.77762521172195,-0.915351221120941,0.566471312780474,969.301666666667,1842,623
-3.66081974865874,-0.8424591586152,0.654633665688836,969.8689,1847,623
3.85603362051504,2.97133156651167,0.27105302063353,971.537233333333,1852,624
3.61170111262295,2.98211375334261,0.25765123855579,972.104466666667,1853,624
3.42247158872442,2.93935024941281,0.192140697749143,972.6717,1855,624
3.24403673029721,2.63887569294521,0.190065302684044,973.238933333333,1858,624
3.1464292103077,2.52664379013386,0.243519523713481,973.806166666667,1861,624
3.04127526923217,2.40744573619676,0.177520123000061,974.340033333333,1862,624
3.04110311030197,2.40741314321397,0.176986497454938,974.3734,1862,624
3.01424765762111,2.23418789547975,0.206309927395312,974.907266666667,1863,624
2.86489142721816,-1.45961261451362,0.355390097055648,972.104466666667,1854,625
2.99322783859101,-1.29431347291429,0.399625753945131,972.6717,1857,625
3.27966050267559,-1.20238117000777,0.420445637958299,973.238933333333,1860,625
-2.11890487080739,-0.68867126630962,0.691177048632655,972.6717,1856,626
-1.95043919487006,-0.605265706159889,0.642734473641924,973.238933333333,1859,626
2.02988751849106,4.49409044042145,0.336610973094682,974.907266666667,1864,627
2.27973119156492,4.15086639879795,0.38922503718786,975.4745,1867,627
2.51838212885478,3.90986224771979,0.413475321483357,976.041733333333,1868,627
-2.15901791503015,-0.209233657134024,0.345584885781402,974.907266666667,1865,628
3.8390280021226,-1.19654181618776,0.331083993647901,974.940633333333,1866,629
-2.14272583146978,0.3428359942498,0.33322491243012,976.041733333333,1869,630
2.60265258144324,2.09648970338871,3.07734423948682,976.709066666667,1870,631
3.35933014143432,1.98915676417566,3.7825257030724,976.709066666667,1871,632
3.73496210678339,2.78230887685599,6.7605358885671,976.709066666667,1872,633
5.49702893147439,3.33803373286134,10.1195341173716,976.709066666667,1873,634
7.12556494400208,4.60809349495704,12.5545536183116,976.709066666667,1874,635
8.95539209524093,6.24038639488081,16.5225936965177,976.709066666667,1875,636
6.65955132528516,5.73787545870772,8.16024623755206,976.709066666667,1876,637
10.1154535088357,8.5011893072502,13.0486020220443,976.709066666667,1877,638
1.65181007570674,-0.174909966090796,12.1103697542233,976.709066666667,1878,639
1.81217590950383,1.11052080449792,8.33775554091338,976.709066666667,1879,640
1.80288489731001,1.04069569159926,3.81904633226579,976.709066666667,1880,641
2.22004454436445,1.44676532102547,12.0329443601994,976.709066666667,1881,642
2.22554747811498,1.54284793743202,11.7988261746826,976.709066666667,1883,642
2.20246224678838,1.38741618106356,11.5076578829883,976.742433333333,1889,642
2.45004071322884,1.25062843023727,12.5246667954499,976.709066666667,1882,643
1.86944309752507,1.80331557872231,8.34662076638966,976.709066666667,1884,644
4.47472665808309,0.405849875330674,5.41715046701947,976.709066666667,1885,645
4.72498991244173,0.402095375387553,6.14212417393984,976.709066666667,1886,646
5.16441665375854,0.480705112757721,11.4668051052724,976.709066666667,1887,647
2.12563845804778,1.76526556191466,2.92546822883329,976.709066666667,1888,648
-2.01655745793084,1.2736507161465,0.23724178373099,978.8779,1890,649
4.03156957275511,3.02505586841781,0.288138564412219,979.411766666667,1891,650
3.39262330195115,0.0743049881767172,0.684661693599639,979.445133333333,1892,651
-0.585067502703046,-1.71078687780009,0.353779303031754,979.979,1893,652
-0.650356213226088,-1.32551540462518,0.332118332260931,980.546233333333,1895,652
-0.641864696443621,-1.05030989972012,0.314346208898275,981.113466666667,1899,652
-0.582469576903082,-0.895991223217762,0.340163092428202,981.6807,1903,652
-0.396393510586446,-0.694844439897966,0.362357762504156,982.247933333333,1907,652
-0.404062631517136,-0.451463430056224,0.281100305125146,982.7818,1910,652
-0.402376787833832,-0.436622367103228,0.28225425772074,982.815166666667,1910,652
-0.498925499074978,-0.230078574873177,0.332422094893943,983.349033333333,1916,652
-0.49950913535278,-0.226669820031464,0.334149126848684,983.3824,1916,652
-0.637365243180103,-0.103509424108033,0.357951406242246,983.916266666667,1920,652
-0.645306158846699,-0.0985789916765366,0.357989896903964,983.949633333333,1920,652
-0.962385557638916,0.0742609665027474,0.337172990572061,984.4835,1922,652
-1.82519341893307,1.59989481880382,0.231691047867134,980.546233333333,1894,653
-1.68535381605361,1.83591016815942,0.222547205002872,981.113466666667,1898,653
-1.44740481433778,2.00378182232467,0.34791107592753,981.647333333333,1902,653
-1.44608689656606,2.00779260802832,0.349808895890804,981.6807,1902,653
-1.36908510714912,2.0998084745407,0.41367661214402,982.214566666667,1906,653
3.39231725879451,0.0745865186684858,0.684393504715052,980.546233333333,1896,654
3.72748980577173,0.212704859532818,0.224999996723479,980.546233333333,1897,654
3.57700824204349,-0.0134629540443826,0.26486444368494,981.113466666667,1901,654
3.50842660294322,-0.0996913780685788,0.322295184792493,981.6807,1904,654
3.36199972060573,-0.0870457007460738,0.306258046347572,982.247933333333,1909,654
3.21380808734087,-0.10434932420227,0.27204757252465,982.815166666667,1912,654
3.11638314077837,-0.176850384450065,0.217040309775812,983.3824,1918,654
2.9610543206834,-0.221635102714466,0.253492404218017,983.916266666667,1921,654
2.96176226970025,-0.222464632699095,0.253600395350614,983.949633333333,1921,654
2.9106774455712,-0.0598438307223238,0.27996219668085,984.516866666667,1924,654
2.78505019267822,0.0123538217317207,0.317432913537036,985.050733333333,1926,654
2.62485955954112,0.131360629288131,0.303823048513227,985.617966666667,1928,654
2.37718307609207,0.197554279200629,0.26822779817666,986.151833333333,1929,654
2.37409310729009,0.197375636564823,0.268914642212107,986.1852,1929,654
2.21405317345936,0.173428916927104,0.32181919969425,986.719066666667,1931,654
1.98811889439861,0.137233197785958,0.368851973493437,987.2863,1935,654
1.76105550251804,0.223248962314174,0.316772723445895,987.853533333333,1937,654
1.66431043556244,0.397911687880941,0.259194027047787,988.420766666667,1940,654
1.70405569544404,0.656681369989084,0.220604903427839,988.988,1943,654
1.65985268793807,0.762068880142353,0.26948816811044,989.521866666667,1944,654
1.65941126493849,0.76289916814213,0.269624716936443,989.555233333333,1944,654
1.50925115375941,0.893565786318681,0.28723747325833,990.0891,1948,654
1.50397805581808,0.895382257776103,0.288243850657543,990.122466666667,1948,654
1.26591256601466,1.0520345202913,0.277873312763353,990.656333333333,1950,654
0.982297329674942,1.17264206544466,0.25358005924903,991.223566666667,1953,654
0.711245688769854,1.28441434974757,0.255595504918203,991.7908,1957,654
0.569734905419851,1.46035613415624,0.268092973102138,992.358033333333,1961,654
1.54582855902564,-4.77265986543955,0.51501345071835,981.113466666667,1900,655
-2.11664127441976,3.75956229153266,0.308421100548934,982.214566666667,1905,656
-2.11816193091469,3.76128984691155,0.308673454497475,982.247933333333,1905,656
1.93855530424623,-4.13182393783395,0.427219959452923,982.247933333333,1908,657
2.13961649582241,-3.81663228756759,0.484126943604637,982.815166666667,1911,657
2.17052539324045,-3.52162391677872,0.435018131848088,983.3824,1917,657
5.86397304145423,1.84553882219032,0.375352672576091,983.315666666667,1913,658
-1.71031666620638,3.48599792390696,0.178304131426204,983.349033333333,1914,659
-1.20664297624072,2.16945947987543,0.373384180833224,983.349033333333,1915,660
-1.10802917338017,2.22890665650802,0.370657681985242,983.916266666667,1919,660
1.19537955437915,0.429434792722731,0.516137748457434,984.4835,1923,661
-1.04762420691007,2.41173278089394,0.404813149835641,985.050733333333,1925,662
1.60161831218383,-2.14862730948296,0.429776205050764,985.617966666667,1927,663
1.61243054830082,-1.72727431458974,0.430407117501972,986.1852,1930,663
1.64162141273036,-1.37841625345152,0.421086182580091,986.752433333333,1933,663
1.52210496756219,-1.16356868059368,0.399122586419235,987.2863,1934,663
1.51731285770512,-1.15444874361822,0.399998543007857,987.319666666667,1934,663
1.32495607177927,-0.908767489334502,0.381347399344952,987.853533333333,1936,663
1.15902732333107,-0.683355780724464,0.324631035944456,988.420766666667,1939,663
1.11495265700765,-0.456694345846868,0.261620291915478,988.988,1942,663
0.972151563205011,-0.333812046752505,0.357226283938688,989.555233333333,1946,663
0.827202733051672,-0.126793377901821,0.423115469314184,990.0891,1947,663
3.39096789921719,0.0756312891021975,0.682033938434526,986.719066666667,1932,664
4.40349932933703,7.48352487652574,0.20176169074339,988.420766666667,1938,665
4.33491715055248,7.21789070533694,0.196885868203561,988.988,1941,665
4.11786944184439,6.96681618570324,0.218940523596661,989.555233333333,1945,665
14.1534830946973,-5.26679006734348,12.962978240516,990.122466666667,1949,666
13.9466490757725,-5.20326963742159,12.8203705105719,990.155833333333,1949,666
14.0279650365442,-5.29001678010818,12.9442883885371,990.1892,1949,666
13.9866959244969,-5.31331040294825,12.9472370175859,990.222566666667,1949,666
14.0838065654081,-5.39908568569894,13.0901502533397,990.255933333333,1949,666
5.98858751519206,-1.73600515823071,0.574565623435468,990.656333333333,1951,667
3.65649427982342,5.98497447979297,0.281354223327847,991.223566666667,1952,668
3.40703229687697,5.55494043094215,0.302132856204874,991.7908,1955,668
3.30169570452497,5.13233593967631,0.368444696967545,992.358033333333,1959,668
3.30700088169771,-0.436575348227258,0.400859230427768,991.223566666667,1954,669
3.13906757848235,-0.481581417059566,0.49095038457579,991.7908,1958,669
2.95335054823268,-0.630790431440596,0.483620091503354,992.358033333333,1962,669
2.85555868485418,-0.626353152250985,0.457154102822285,992.925266666667,1964,669
2.82637423991869,-1.07622828380405,0.273819093640968,993.4925,1966,669
2.44210585160262,-0.779771019798871,0.462677407704545,994.059733333333,1968,669
0.0641401501810378,0.120777981788271,0.429023728475417,991.7908,1956,670
-0.387231717478546,0.251893042262874,0.478038958541959,992.358033333333,1960,670
-0.906285710145498,0.442925116340381,0.482979091113246,992.925266666667,1963,670
0.578998827922164,1.78298190578551,0.245570718933327,993.4925,1965,671
6.20442810932301,-2.76848722657919,0.393267552727328,993.4925,1967,672
0.198396418626853,1.99256467150727,0.302352894989122,994.5936,1969,673
1.74508725947743,-0.398108366976201,0.230499597432725,995.160833333333,1970,674
-7.35031620210151,0.641010252805566,0.324688244618155,995.1942,1971,675
-2.52336330396899,1.90572845087523,0.634262807978938,995.728066666667,1972,676
-0.236932097713365,2.72080241082514,0.283938731641623,996.862533333333,1973,677
-2.22532224291061,2.22298624176634,0.530447302945168,996.862533333333,1974,678
-3.41544625129948,0.821427039311738,0.448314553006963,997.429766666667,1975,679
-3.30210923495135,0.759129785359582,0.544442092739804,997.997,1978,679
-3.26393430685529,0.66639222640373,0.530181983932957,998.564233333333,1982,679
-3.13824585538462,0.501346011533032,0.43430663680192,999.0981,1983,679
-2.93459015179943,0.451853036172684,0.384545491473653,999.665333333333,1987,679
-2.57580554075912,0.432516657423568,0.37513326819024,1000.23256666667,1991,679
-2.19688476738939,0.563380844511909,0.335039917278786,1000.7998,1995,679
-1.85091470121105,0.591972670872597,0.311101952282712,1001.33366666667,1999,679
-1.84053837119058,0.590670310251389,0.310487715318754,1001.36703333333,1999,679
-1.40500644855798,0.479944627644712,0.306612241475167,1001.9009,2004,679
-0.978314548336624,0.42208582278166,0.347174478616499,1002.46813333333,2006,679
-0.971176430776194,0.422452150733075,0.34843678837728,1002.5015,2006,679
-0.766024560038192,0.331998263796915,0.335435329473851,1003.03536666667,2009,679
-0.762735731283984,0.325649284267876,0.333859456020355,1003.06873333333,2009,679
-0.588409061024956,0.403699896366543,0.275291945675048,1003.6026,2012,679
-0.399645334443263,0.708129951844734,0.252978821679132,1004.16983333333,2014,679
-0.250082125060421,0.938082258782204,0.308552423373233,1004.7037,2016,679
-0.245660918959752,0.943907144827363,0.309630270214494,1004.73706666667,2016,679
-0.0548640153648199,1.18683999218018,0.311323514433194,1005.27093333333,2018,679
-0.0499210499320503,1.19476932230928,0.311167975598649,1005.3043,2018,679
0.226012799434198,1.46637478959299,0.315056334001542,1005.83816666667,2021,679
0.234096551001683,1.47086569659938,0.315762800960074,1005.87153333333,2021,679
0.466817975589201,1.76940887204113,0.339276771834815,1006.4054,2023,679
0.649613392145935,1.95909278816433,0.342285462986157,1006.97263333333,2027,679
0.854876751320994,2.02721954568749,0.355413680127033,1007.53986666667,2030,679
1.10230691263544,2.06139696227506,0.374177314033305,1008.1071,2033,679
1.40848879653831,1.9751584694032,0.363313385340523,1008.67433333333,2035,679
1.44871095358526,-0.146688251398121,0.190556210920158,997.429766666667,1976,680
1.38481234709091,-0.0778929213080118,0.161545436031732,997.997,1979,680
-7.45180726605229,9.14080173376863,1.89331457598879,997.8969,1977,681
-7.48959946738188,9.17197040671293,1.908539934377,997.930266666667,1977,681
1.70322787534904,-1.86014646841457,0.347137685676852,998.530866666667,1980,682
2.39607611329536,-1.74071731668111,0.263932448451368,998.530866666667,1981,683
1.40043045898738,0.0575735104351749,0.193991201127887,999.0981,1984,684
5.37152808456302,3.54541639462614,0.201603827772594,999.665333333333,1985,685
5.29516550506366,3.33646677207633,0.24316659569435,1000.23256666667,1989,685
-2.33252880665152,3.74643372073101,0.520273612381116,999.665333333333,1986,686
-2.17626590101656,3.73967508320744,0.496870064241286,1000.23256666667,1990,686
-2.02444945033824,3.88451077728516,0.482334037768736,1000.7998,1994,686
1.30454868658716,-1.4808411886994,0.360916132132426,999.665333333333,1988,687
1.20392403093427,-1.2948138045845,0.359240238598736,1000.23256666667,1992,687
1.83635943639868,-0.974486966450936,0.185700879086446,1000.23256666667,1993,687
1.08932865425374,-1.05857180378635,0.351824900361197,1000.7998,1996,687
0.893279900728706,-0.82758893210045,0.341467857457798,1001.33366666667,2000,687
0.890626333591342,-0.822994989952724,0.342123299069003,1001.36703333333,2000,687
2.52237967995841,-1.89587072276961,-0.00829220400171293,1000.7998,1997,688
5.0540715075453,3.00611954724091,0.211791160282699,1001.33366666667,1998,689
4.84896084039266,2.83991338313834,0.202388404253979,1001.9009,2003,689
4.70155445428691,2.64772907008252,0.213132474456897,1002.46813333333,2005,689
4.59785579573075,2.44029656735281,0.190566062371782,1003.03536666667,2008,689
3.16695818799265,-2.68237480741507,-0.190445394392037,1001.33366666667,2001,690
4.58518313285477,1.90143373797705,11.6009456344802,1001.9009,2002,691
1.74274754808814,-0.777431798474296,0.261803515500081,1002.46813333333,2007,692
1.69810450720596,-0.62483316060419,0.281601298831971,1003.03536666667,2010,692
1.90203681407491,0.281316145971907,0.669004055232444,1003.03536666667,2011,692
1.56943102285996,-0.474857605263579,0.248321770643259,1003.6026,2013,692
4.28169887695373,-3.10753359274235,1.36622553006604,1004.53686666667,2015,693
4.27604794542977,-3.09215788955886,1.37196422294593,1004.57023333333,2015,693
4.21842384581957,-3.28809386374238,3.20709365455898,1004.97063333333,2017,694
-0.74292108442059,4.5130304409261,0.38592786456192,1005.3043,2019,695
-0.496361061464245,4.3268517345884,0.467554077967125,1005.83816666667,2020,695
-0.18258750309367,4.13107638750479,0.458591015609493,1006.43876666667,2025,695
0.119310666591644,3.98296673298254,0.383326683913769,1006.97263333333,2026,695
0.412490428360788,3.93911486086035,0.385104703992304,1007.53986666667,2029,695
4.51363905101012,-2.82109165300817,1.88958943119264,1006.3053,2022,696
4.5237388575704,-2.83178169854079,1.89620707004154,1006.33866666667,2022,696
3.61399615977978,-0.486780246393153,0.346527731389297,1006.4054,2024,697
3.55109194789988,-0.171801469322827,0.299409221207842,1006.97263333333,2028,697
3.60926110448527,0.0854540370047956,0.365794924018196,1007.53986666667,2031,697
-3.4849733944096,7.05464542534247,0.311580191323185,1008.07373333333,2032,698
-3.4380191546141,6.7622704648534,0.302843112263473,1008.64096666667,2034,698
-3.3577831586926,6.55455888812077,0.30434218707063,1009.2082,2037,698
-3.44533071471585,6.47176410910492,1.72895165565238,1009.17483333333,2036,699
-3.45693477308906,6.48539387070735,1.73357521783466,1009.2082,2036,699
4.57756874574294,-2.78132140405641,3.7704355656792,1009.44176666667,2038,700
4.57238242798473,-2.76311861378834,3.77426903680203,1009.47513333333,2038,700
1.89978152402511,1.86859436444449,0.47197970651396,1009.77543333333,2039,701
1.83823928678849,1.67314096372833,0.406870596396682,1010.34266666667,2041,701
1.39892909692038,1.18229801758468,0.483431418130537,1010.9099,2044,701
1.81381953520074,4.07299929294407,0.336505085858188,1010.34266666667,2040,702
2.22886963913153,4.02572853141797,0.369357687324387,1010.9099,2043,702
2.58343354273358,3.90275188811189,0.36109461088198,1011.47713333333,2045,702
-3.35743676330415,6.30161016795125,1.67471839218514,1010.7097,2042,703
-3.35629074449074,6.2958711825592,1.67349417136146,1010.74306666667,2042,703
2.05441327753142,-0.560132810979855,0.370550567710022,1011.47713333333,2046,704
1.73624462934187,-0.300244420495725,0.401516642777754,1012.011,2047,704
1.48674485283603,-0.0890932586771841,0.362609050498902,1012.57823333333,2049,704
1.1978604961538,-0.00131379642681118,0.313568457671742,1013.14546666667,2050,704
6.23382035050074,-1.2356372127431,3.24394707771839,1012.14446666667,2048,705
6.22376393561897,-1.22072810414486,3.24387154762176,1012.17783333333,2048,705
-3.49895409209561,3.73456777909567,0.534311767950748,1013.67933333333,2051,706
-3.35012521989421,3.59523374670183,0.583067104084993,1014.24656666667,2052,706
2.2042001746709,1.32521057359605,0.541980764015318,1015.98163333333,2053,707
0.207061464848508,0.652033232112109,0.305534720199824,1016.5155,2054,708
0.0881180694789623,0.706083870197276,0.32512206777217,1017.08273333333,2058,708
5.0124939692654,2.134144009802,0.490333457727879,1016.54886666667,2055,709
-1.5191037408427,8.20969980491594,1.22274304451329,1016.74906666667,2056,710
-1.85550784259435,3.34487357004171,0.291119279561771,1017.08273333333,2057,711
-1.70060061534416,3.46450077844314,0.280296905872554,1017.64996666667,2061,711
-1.40404833163217,3.43874526403703,0.26559334478251,1018.2172,2064,711
-1.16089216449165,3.25802875530633,0.263166897066055,1018.78443333333,2068,711
-0.919378597497222,2.97270012861848,0.283077394917704,1019.35166666667,2071,711
-0.700622794496041,2.61170077143757,0.282471236745303,1019.88553333333,2073,711
-0.698629219636132,2.60699268785798,0.282177963021435,1019.9189,2073,711
-0.440553074422837,2.275707983541,0.304395333377143,1020.45276666667,2075,711
-0.434982319810892,2.26883409525682,0.304999248727743,1020.48613333333,2075,711
-0.27529253489722,2.11192723180279,0.247871174012105,1021.02,2079,711
0.11181882459454,2.16367504286479,0.247679556696581,1021.58723333333,2082,711
3.87451793069516,0.0907814445569606,0.447475694789961,1017.1161,2059,712
3.79313506241938,0.289817688068136,0.506712010197964,1017.68333333333,2063,712
3.88731506477514,0.378054257563982,0.651331950812224,1018.2172,2065,712
3.90371776986918,0.462700637453378,0.725215098838304,1018.8178,2069,712
3.81953756547811,0.595210536503624,0.709902803666233,1019.35166666667,2072,712
2.40548494723741,6.23339819741717,0.0997836182502088,1017.64996666667,2060,713
2.39605129913392,0.987205473639498,0.521299205352312,1017.68333333333,2062,714
4.83923565942771,1.58479004467824,0.598928121551611,1018.25056666667,2066,715
4.41171355631934,1.74371815674692,0.773606795151199,1018.78443333333,2067,715
3.85386960079861,1.91468530906824,0.841062830756228,1019.35166666667,2070,715
3.03435553695689,1.97606058995072,0.759720269335522,1019.9189,2074,715
2.29455737459813,1.78995718330233,0.625181342841587,1020.45276666667,2076,715
2.281290082693,1.78410226216461,0.624411105366142,1020.48613333333,2076,715
1.66280988589051,1.46434859505649,0.63365186050008,1021.02,2080,715
1.65210134900455,1.45772193861202,0.635634140806533,1021.05336666667,2080,715
1.22194347317032,1.07937217341028,0.609538796148258,1021.58723333333,2083,715
7.95992935069881,1.71722525636093,-0.00903276732914782,1020.48613333333,2077,716
8.85608333513617,0.077044621768396,3.95393583718742,1020.95326666667,2078,717
8.87371887162161,0.0810563324423876,3.95695740405327,1020.98663333333,2078,717
5.19173789420908,2.1460123964581,0.241466268787526,1021.58723333333,2081,718
5.02294132281875,2.20867434615682,0.258653076897745,1022.15446666667,2084,718
4.84661503569511,2.22376647658334,0.214890114893205,1022.7217,2085,718
4.71767112703547,2.34111100097546,0.220698741853348,1023.25556666667,2086,718
4.61101721058144,2.39366292165963,0.165549476373,1023.8228,2087,718
4.48570740855918,2.47842320873726,0.164948352715421,1024.39003333333,2089,718
4.31463917790406,2.4887599540307,0.20140345933925,1024.95726666667,2091,718
-3.08842174303415,7.65219904138233,0.31572398809741,1023.8228,2088,719
-2.97247044150703,7.14113836824539,0.394738656157335,1024.39003333333,2090,719
-6.33117565701409,0.333378239571684,0.50004907045552,1024.95726666667,2092,720
-2.73082714800212,6.05514592296046,0.420829092596535,1025.5245,2093,721
-2.51706513983819,5.83530715810485,0.405669253957079,1026.09173333333,2095,721
-2.14770361868213,5.6803097691862,0.455016298009842,1026.65896666667,2096,721
-1.81655641500773,5.6136658899586,0.507451658104374,1027.2262,2098,721
-1.89088153229102,4.23017749560388,0.241570140458517,1026.05836666667,2094,722
-1.88710004652016,4.22451625119056,0.243060556598622,1026.09173333333,2094,722
-1.93427086511498,3.99332434423248,0.263001884207583,1026.65896666667,2097,722
-2.01928547966125,3.74386392766947,0.279987641581223,1027.2262,2099,722
-2.10625829781898,3.49555422712455,0.302562568692461,1027.79343333333,2100,722
-4.62988287765956,2.13056066836304,0.511154456273807,1028.3273,2101,723
3.62574329853132,2.87871157821538,0.224242332229267,1029.46176666667,2102,724
4.20821720023395,2.88621151670657,0.44667844965065,1030.029,2104,724
4.22095264385737,2.15564674204248,0.39117513680345,1030.59623333333,2106,724
4.03027530432074,1.68111750608905,0.350932229709442,1031.16346666667,2110,724
-0.215821923150128,5.25467222779907,0.389138145645224,1029.46176666667,2103,725
12.230809546792,-0.162323359027283,1.84464761586661,1030.36266666667,2105,726
12.2321382417574,-0.152848467651264,1.84260775899607,1030.39603333333,2105,726
0.464772502981334,4.9357937377294,0.43921202351251,1030.59623333333,2107,727
-1.65308441819862,3.34483658056359,0.206500365154676,1030.59623333333,2108,728
-1.54570096189081,3.32590418803925,0.189031567242122,1031.16346666667,2111,728
-1.34859189828958,3.31344306881837,0.220301577505213,1031.7307,2114,728
-1.07960094219618,3.20894030585134,0.225105225210688,1032.29793333333,2117,728
0.555286066494646,3.29867105688003,0.502492745962388,1032.86516666667,2119,728
-0.826065315840964,3.04927015429776,0.229253365528019,1032.86516666667,2120,728
-1.98383568590777,3.34930169140736,0.234806578759918,1032.86516666667,2121,728
0.4377193541316,2.78591544330068,0.481571902360501,1033.4324,2123,728
-1.67896667038789,3.30584146959378,0.492935744600494,1033.4324,2124,728
-0.535994721746295,2.86009257036933,0.264927603506613,1033.4324,2125,728
-1.33356562615447,3.14564774112085,0.773426119198431,1033.99963333333,2126,728
-0.320467774207498,2.61653472236694,0.275333631774297,1033.99963333333,2127,728
0.350227066145818,2.32411053333619,0.495296664026647,1033.99963333333,2128,728
-1.07608728514476,2.97652578750709,0.887356655436035,1034.56686666667,2130,728
-0.181758931726927,2.23083967875711,0.319851538431588,1034.56686666667,2131,728
0.351675231694444,1.95302229477808,0.443654778676701,1034.56686666667,2132,728
-0.812636702710455,2.87673437057762,1.0008715769328,1035.1341,2134,728
-0.0544418212601531,1.92073476238846,0.31814026667669,1035.1341,2135,728
0.575033177996853,1.58868964095789,0.439443494603067,1035.1341,2136,728
-0.566620606857275,2.92458537734726,0.994201269830879,1035.70133333333,2137,728
-0.260464981842446,2.67446245392868,0.852228866513902,1036.26856666667,2140,728
0.00992797146518043,2.11954736042567,0.700227468693395,1036.8358,2145,728
0.143370557588714,1.57276640087171,0.573905472873376,1037.40303333333,2148,728
-3.14308080002154,2.0298175827185,0.569816108853954,1030.59623333333,2109,729
-2.71773165991146,1.9710564740631,0.456820355591182,1031.16346666667,2112,729
-2.29577294659459,2.07619153181767,0.383031216054845,1031.7307,2115,729
-0.806875647283435,-2.47101111769246,0.464806894077044,1031.16346666667,2113,730
-0.950475162107062,-2.17864883225106,0.454155025967561,1031.7307,2116,730
-1.16592188909958,-1.83779698813175,0.456373354402991,1032.29793333333,2118,730
-1.43788893552789,-1.71231399872888,0.603544955812841,1032.86516666667,2122,730
-1.89175569580217,-1.37427747039916,0.505299944365533,1033.99963333333,2129,731
-2.14127093175518,-1.0984013083516,0.520342251754969,1034.56686666667,2133,731
-4.33584588453427,0.842485402823689,0.585665056466954,1035.70133333333,2138,732
-4.33163673840236,1.17279527741211,0.512608960245457,1036.26856666667,2141,732
-4.12897407198304,1.2462071105261,0.552050562147171,1036.8358,2144,732
14.0058633200944,3.15535409666306,1.62481916783746,1036.20183333333,2139,733
-2.63683057565849,0.0137736516215718,0.521180698457669,1036.26856666667,2142,734
-2.6587825267215,0.325471206897257,0.433854801910504,1036.8358,2146,734
-2.6110738412297,0.627325614396166,0.578347881783189,1037.40303333333,2147,734
3.54152719898362,-1.51426943503129,0.414545518295983,1036.80243333333,2143,735
-0.766512852007977,1.92213465290053,0.263049886477059,1037.97026666667,2149,736
2.9859040044313,4.64012848602891,0.215910406660877,1039.07136666667,2150,737
-2.46817795105204,1.3552094988251,0.57488174263374,1039.07136666667,2151,738
-2.42096683792661,1.53622915469483,0.580989313895703,1039.6386,2152,738
-0.137725695612559,2.01468874722863,0.270891174811787,1039.6386,2153,739
0.0793606736133198,2.12278672383352,0.289936797291541,1040.20583333333,2156,739
0.220843216710722,2.26764234183389,0.223334524495254,1040.77306666667,2158,739
0.395823932849441,2.35359062336045,0.256777478314629,1041.3403,2160,739
0.619297610995793,2.50640201917412,0.452563222700206,1041.90753333333,2163,739
14.4692990938534,5.51464255698329,2.32150957638563,1039.9389,2154,740
14.5286586142538,5.53989738378594,2.32761031878008,1039.97226666667,2154,740
4.57994610428698,4.95547665282436,0.139285454589551,1040.20583333333,2155,741
5.33877028401855,9.51769496553772,0.288619117721277,1040.77306666667,2157,742
-2.50570392933093,4.53064057371431,0.443153337754837,1041.3403,2159,743
6.03948960079669,3.71684647416307,0.198689211497628,1041.90753333333,2161,744
5.83354817522557,3.58731719112241,0.187037886068296,1042.47476666667,2164,744
4.04792995670081,4.55076117768724,0.210998601545839,1041.90753333333,2162,745
3.69640627425539,4.76785516974544,0.212876109851814,1043.042,2165,746
-2.80283478011903,6.17293631822101,0.2827138497877,1043.042,2166,747
-1.80852288485371,5.00939134926947,0.215915212603223,1043.60923333333,2167,748
3.4569783634994,-2.04534019206896,0.3600078988446,1043.60923333333,2168,749
1.28791182424607,2.60085801892921,0.261960363790919,1044.17646666667,2169,750
-2.47714767079684,6.30031327809221,0.327294891895091,1044.17646666667,2170,751
-2.38557600937459,6.26604823981755,0.28955197597268,1044.7437,2171,751
-2.3401656469116,6.13285226605181,0.269016441761347,1045.31093333333,2173,751
-2.392409736706,5.95318571354247,0.266042741179758,1045.87816666667,2176,751
3.13622819826698,4.71584984889962,0.196138716191639,1045.31093333333,2172,752
3.2550328879293,1.59923109097273,0.279120887366786,1045.31093333333,2174,753
4.24059909362465,1.56588181777432,0.302851632766705,1045.87816666667,2175,753
3.24776001036003,2.05152605015371,0.261646600935085,1046.4454,2177,754
5.69419246461813,2.16350126700552,0.271568660579015,1046.4454,2178,755
6.03474530871117,2.30645539851579,0.332275958895061,1047.01263333333,2181,755
5.21069507305183,2.38968410059325,0.194637973985661,1047.57986666667,2186,755
4.99476984431537,2.40620375467721,0.171107246015164,1048.1471,2190,755
5.93346493500719,2.67611696864486,0.234230695864523,1048.1471,2191,755
4.76995694509267,2.34324462184187,0.181244925770683,1048.71433333333,2195,755
5.69119734101807,2.63126755093336,0.252389284045163,1048.71433333333,2196,755
4.52406692630011,2.26060137980647,0.257155339986536,1049.28156666667,2200,755
4.29561560060168,2.13779207909132,0.302851986692648,1049.8488,2206,755
4.08977439354153,2.07541680582545,0.280584769518813,1050.41603333333,2210,755
3.84908618779334,1.98750764120953,0.310029956637555,1050.98326666667,2214,755
3.64966590000871,1.88365486537323,0.339300908076381,1051.5505,2218,755
3.58083404010031,1.76409831561166,0.362478347989029,1052.11773333333,2223,755
2.73030705757892,4.73020038482862,0.258310794740152,1046.4454,2179,756
2.47916441835607,4.90463476341019,0.216388900384176,1047.01263333333,2183,756
-4.54099484368873,0.709388045911841,0.462647526257319,1046.4454,2180,757
3.57229107497263,4.08355026914508,0.326399051095526,1047.01263333333,2182,758
-0.945611023896335,4.8853457491058,0.292976085484771,1047.01263333333,2184,759
-0.824606189834367,4.69671356505798,0.366011252502487,1047.57986666667,2188,759
-0.651193416584521,4.4364500246717,0.377646842417425,1048.1471,2193,759
-0.700690398712916,4.15142312116073,0.339184591544463,1048.71433333333,2198,759
-0.728617126331903,4.07690649345409,0.303811693841469,1049.28156666667,2202,759
-0.815692449186426,4.01386461359597,0.262859513993873,1049.8488,2207,759
-0.763259466955374,3.8928764882332,0.28581742209574,1050.41603333333,2211,759
-0.689078174003838,3.68986734596213,0.284860356216872,1050.9499,2213,759
-0.617570658857694,3.41758890759088,0.291430564376379,1051.51713333333,2216,759
-0.522857904852977,3.20008781494936,0.306026597191078,1052.08436666667,2222,759
-0.523408028052351,3.19834399248258,0.305777153248437,1052.11773333333,2222,759
-0.409169570343434,2.99523309932213,0.301118856265713,1052.6516,2224,759
-1.95573124075345,3.37812307989288,0.323409417696696,1052.6516,2225,759
-0.408741991634326,2.99499357221469,0.30156080871803,1052.68496666667,2224,759
0.560399500840687,4.22082945197317,0.313797249492977,1052.68496666667,2227,759
0.411915935207447,4.01007550314863,0.351486663826067,1053.21883333333,2228,759
-0.23194715520395,2.86239665591382,0.317382972996043,1053.21883333333,2229,759
-1.88215903693477,3.45362197491751,0.407557038970655,1053.21883333333,2230,759
0.412280905153093,3.99907342038605,0.352883622421085,1053.2522,2228,759
-0.230262436987545,2.86050465416648,0.317043330093467,1053.2522,2229,759
-1.87819264946771,3.45380658982346,0.410350609389759,1053.2522,2230,759
0.314467861798547,3.86449344710011,0.311148521122967,1053.78606666667,2231,759
-0.0356204591500788,2.76453756697978,0.348199410675395,1053.78606666667,2232,759
-1.73816801199754,3.51635094169606,0.401968478421925,1053.78606666667,2233,759
0.312328067921069,3.86680468983496,0.30900368711809,1053.81943333333,2231,759
0.125292345951283,3.75713626980063,0.277958690149018,1054.3533,2237,759
0.197537179960011,2.71748896865611,0.310750687634842,1054.3533,2238,759
-1.52188169358561,3.48037037311485,0.34130675660854,1054.3533,2239,759
0.117876914703593,3.76113096397544,0.277183924729843,1054.38666666667,2237,759
0.345840446072562,2.75488391296802,0.306310644600554,1054.92053333333,2241,759
-1.32954710631491,3.29226188714689,0.354649455345869,1054.92053333333,2242,759
-0.0837393710646944,3.60852042934316,0.314881567298305,1054.9539,2243,759
0.541730477887974,2.7707110610474,0.270793656876105,1055.48776666667,2246,759
-1.15738119842415,3.04761230181384,0.317377136697878,1055.48776666667,2247,759
-0.230054142736157,3.51257948484053,0.268926573625342,1055.52113333333,2248,759
0.695732684310558,2.79740076060665,0.298506120405594,1056.055,2251,759
-1.09067003697401,3.33875244927418,0.514550349982847,1056.055,2252,759
-0.97256726926419,2.72349404045671,0.275437588420091,1056.055,2253,759
-0.323859718500373,3.34959029568375,0.264699690626737,1056.08836666667,2254,759
-0.339675144314618,3.2040132110959,0.282190381689887,1056.62223333333,2257,759
-0.719781842197609,2.56047604501289,0.285797702888216,1056.62223333333,2258,759
-0.335831902591285,3.1999238986952,0.282925386323396,1056.6556,2257,759
-0.308337381547039,3.05768971048712,0.30265566690145,1057.18946666667,2263,759
-0.629465313842245,2.3727728291096,0.311641326997293,1057.18946666667,2264,759
-0.309238284636098,3.05685466465813,0.30449537291827,1057.22283333333,2263,759
-0.281985921729794,2.96501158825174,0.30402894094074,1057.7567,2271,759
-0.485079684586932,2.11113432007887,0.31792851159615,1057.7567,2272,759
-0.183841047648773,2.88817544210474,0.294649578259041,1058.32393333333,2279,759
-0.259034967540286,1.92508729580153,0.292751936877543,1058.32393333333,2280,759
-0.0114101815184861,2.7378753383408,0.278268565444667,1058.89116666667,2288,759
0.0367495668459416,1.83567126853575,0.303326481549928,1058.89116666667,2290,759
0.136656527396134,2.69520045011754,0.270360752126835,1059.4584,2295,759
0.348794138913232,1.80483730274134,0.283849577256606,1059.4584,2297,759
-2.2957179971468,5.63079969528159,0.318159202590977,1047.01263333333,2185,760
-2.21631957534779,5.56475918557734,0.33519079849279,1047.57986666667,2189,760
-2.11492217783051,5.34981955111187,0.321326606986575,1048.1471,2194,760
-2.0102151554237,5.16380020121566,0.360720018465733,1048.71433333333,2199,760
-1.99107033954839,4.92259952352708,0.390858683543936,1049.28156666667,2203,760
-2.02866860052493,4.69881347908855,0.410549451147447,1049.8488,2208,760
-2.08602962888911,4.44026603290633,0.422656756432456,1050.41603333333,2212,760
-2.07868279272332,4.17477568933649,0.419726080068913,1050.98326666667,2215,760
-2.03533505205232,3.83796729804692,0.396312165619603,1051.51713333333,2217,760
6.31508234451361,7.1277815166753,0.179211579122404,1047.57986666667,2187,761
2.92788355935092,2.94901145743569,0.235642107678315,1048.1471,2192,762
5.12437140379742,4.39349766758294,-0.0873277483292656,1048.71433333333,2197,763
3.12459145531628,3.83830611317995,0.30983865191725,1049.28156666667,2201,764
10.4973591347042,-0.130062231943671,2.82535388420655,1049.68196666667,2204,765
2.78358833978429,2.10834925617913,0.232630312809115,1049.8488,2205,766
2.60644103788937,2.02517486405714,0.243399783215023,1050.41603333333,2209,766
3.36396476276987,5.28050481423915,0.244018907858675,1051.5505,2219,767
-4.68382225560153,1.98805210433425,0.490948640867601,1051.5505,2220,768
2.42064627414186,1.74496712917852,0.215719435713614,1051.5505,2221,769
5.62823523024578,4.738573955645,0.35436144016627,1052.68496666667,2226,770
-0.156751905784807,5.97101938363042,0.371493794427993,1053.81943333333,2234,771
-3.98897458320258,2.27166173468606,0.488617667388806,1053.81943333333,2235,772
2.70716857071136,4.55708069078859,0.254309006288786,1054.3533,2236,773
2.67516844618212,4.43168471247485,0.283982104488474,1054.92053333333,2240,773
2.607090665821,4.25016279099616,0.26420885216091,1055.48776666667,2245,773
2.46367599403688,4.04542804330132,0.237738512488418,1056.055,2250,773
2.4059913198913,3.87446288817889,0.244949482600443,1056.62223333333,2256,773
2.55222153335519,3.70505373906795,0.225553259063007,1057.18946666667,2260,773
2.57421047998383,3.51803665443451,0.279955433193892,1057.7567,2268,773
2.63972452835488,3.36686386994471,0.266114863160859,1058.32393333333,2277,773
2.76479955252135,3.08863787411816,0.268259061648491,1058.89116666667,2286,773
2.69944216088104,2.95651003470136,0.354685044182571,1059.4584,2293,773
2.65019241155653,2.89553010240714,0.370409615414974,1060.02563333333,2302,773
2.66106503700988,2.76217741665262,0.362141971801314,1060.59286666667,2307,773
-3.66088759807408,2.15345759736667,0.462303069278285,1054.9539,2244,774
-3.49794712240358,1.97984930540048,0.4556033280486,1055.52113333333,2249,774
-3.46635630803942,1.75042148322642,0.50683277585126,1056.08836666667,2255,774
-3.47571328442502,1.45935073198427,0.535406786647172,1056.6556,2259,774
-3.47514707005715,1.17045604177041,0.482511140571593,1057.22283333333,2266,774
-3.52836289103997,0.841224412257975,0.440382795967216,1057.79006666667,2274,774
1.0127331809405,2.71812371360253,0.30362183042586,1057.18946666667,2261,775
1.09522778935572,2.72620599379747,0.255597034211163,1057.7567,2269,775
1.20517026799019,2.6219350601059,0.237114447271583,1058.32393333333,2278,775
1.38920827502023,2.55220149558302,0.263291095898166,1058.89116666667,2285,775
1.59864575449725,2.43698717640206,0.283906197717907,1059.4584,2292,775
1.54597825433312,2.2810380076117,0.332603554968115,1060.02563333333,2300,775
0.81685241246033,1.61199873450243,0.347190659199152,1060.59286666667,2311,775
1.57144587346068,2.09232539607453,0.362885703824035,1060.59286666667,2313,775
-2.52936377484408,5.81122884520179,0.467602054568658,1057.18946666667,2262,776
-2.46863962911063,5.70046423176146,0.349300504071219,1057.7567,2270,776
-2.45375657961139,0.805801279398571,0.362900786373953,1057.18946666667,2265,777
-2.31851507556496,0.712276896790065,0.295233525951663,1057.7567,2273,777
-2.33221504505777,0.74465050257204,0.26703957919582,1058.32393333333,2281,777
-2.28587100953674,0.711018790040727,0.247952858567375,1058.89116666667,2289,777
-2.09682853042085,0.692142233697144,0.219817680670204,1059.4584,2296,777
-1.8918211547055,0.753906463548952,0.296976773425349,1060.02563333333,2304,777
-1.71664315166327,0.72520980327921,0.307812513121089,1060.59286666667,2310,777
4.77069677287278,2.54761500053381,0.15591258457613,1057.7567,2267,778
4.55379213807597,2.49917319747754,0.213011987497113,1058.32393333333,2275,778
5.20614546808535,2.7923239435602,0.237573674794088,1058.32393333333,2276,778
4.34026424572454,2.40280665741308,0.215405142922171,1058.89116666667,2283,778
5.0578843859001,2.59924425847131,0.263431519490577,1058.89116666667,2284,778
4.91032124585525,2.27075435668181,0.322634998873969,1059.4584,2291,778
4.71680659198495,1.90129395038201,0.391032940750128,1060.02563333333,2301,778
4.49430583269167,1.65714984877845,0.421506978455655,1060.59286666667,2306,778
8.71775793899242,2.10949725413717,13.927063272217,1058.72433333333,2282,779
8.74460560061967,2.11723724993042,13.9685615164355,1058.7577,2282,779
-2.29024883164616,5.42547057920935,0.432940977503775,1058.89116666667,2287,780
-2.1484860029589,5.18872837403556,0.424093697216952,1059.4584,2294,780
-2.13995024008769,4.92869687693116,0.477026225922192,1060.02563333333,2303,780
-2.25655512800415,4.69438296221977,0.496246834016904,1060.59286666667,2309,780
1.22239774035814,-2.06814901699572,0.301269286418062,1059.4584,2298,781
5.13730988145038,-1.33072178404242,0.477736929866661,1059.4584,2299,782
5.07573809529227,-1.04287293163243,0.531220960380504,1060.02563333333,2305,782
0.481054299248305,2.72716901561997,0.292532382145145,1060.59286666667,2308,783
2.10799688234079,1.38325344784097,0.489386375974431,1060.59286666667,2312,784
1.92830219776615,-1.57987042493021,18.4476178270916,1060.92653333333,2314,785
1.80280630339575,-0.629671929231031,13.2075403146147,1060.92653333333,2315,786
1.83337564443104,0.55616909661123,9.56621276340679,1060.92653333333,2316,787
2.53915076512008,-0.598678753413526,19.2094614321667,1060.92653333333,2317,788
1.16590260945647,2.02346494327405,2.74650727710907,1060.92653333333,2318,789
1.76586236644926,1.06019942443224,7.71958243843452,1060.92653333333,2319,790
2.07956843362285,0.94957195706979,9.85434609029887,1060.92653333333,2320,791
1.87521626089359,1.49850814567505,9.40997110026349,1060.92653333333,2321,792
2.12744822798695,1.31049634961868,10.6249472639277,1060.92653333333,2322,793
2.0496343517462,0.624331530855639,3.18973092057554,1060.92653333333,2323,794
3.36592975078853,-0.286490629607417,4.40914976967716,1060.92653333333,2324,795
2.30524579713513,1.49126008179393,11.5511345991165,1060.92653333333,2325,796
1.99514428697246,1.60469415025702,7.82451520675886,1060.92653333333,2326,797
2.29542087176265,1.34875283469435,8.98013151911594,1060.92653333333,2327,798
1.95883025553589,1.62975621692882,7.34625767038244,1060.92653333333,2328,799
6.2996254946184,0.643047748844476,13.9484460483822,1060.92653333333,2329,800
8.0393676331978,0.174679003847287,17.371303107401,1060.92653333333,2330,801
-1.67540960610187,0.730453510332766,0.330777073158391,1061.69396666667,2331,802
-1.72028719326432,0.715257474353971,0.440130082276657,1062.29456666667,2337,802
-1.6524520959194,0.756891759290881,0.365141526516592,1062.8618,2340,802
-1.54478427626133,0.782932018920277,0.250469650225313,1063.39566666667,2343,802
-1.5107240952011,0.740550799380152,0.25082051709638,1063.9629,2346,802
2.52070248078512,2.63937315579162,0.114933281194544,1061.72733333333,2332,803
2.78719654253525,2.59043958054846,0.0693201919810966,1062.29456666667,2335,803
2.53415520628172,2.47983966619142,0.29229334256968,1062.82843333333,2338,803
2.53449426827031,2.47809839804511,0.293252440300147,1062.8618,2338,803
2.50375535270627,2.38864826702218,0.286574590851601,1063.39566666667,2342,803
2.50526136113493,2.39003712046677,0.285524894516292,1063.42903333333,2342,803
0.655688513383801,2.63806141969801,0.219790790176735,1061.72733333333,2333,804
0.782211886221924,2.3668932972945,0.439050497051655,1062.29456666667,2336,804
0.876075696828604,2.34134685659418,0.438145254255537,1062.8618,2339,804
1.10057492264531,2.60012166752909,0.277558822424991,1063.42903333333,2344,804
1.33939391552486,2.58214870840471,0.303971662947354,1063.99626666667,2347,804
1.61282999339603,2.63975215422737,0.246620557043329,1064.5635,2349,804
1.85050610934613,2.63266049740672,0.248801537376878,1065.13073333333,2352,804
-2.54408399500423,4.20285676514348,0.516752501535803,1061.72733333333,2334,805
1.50862383838559,0.993631746732751,0.275422783630464,1062.8618,2341,806
4.21627133518321,2.20779612311639,-0.00721014684902888,1063.9629,2345,807
0.981171203484175,0.544508044371966,0.502566637842025,1063.99626666667,2348,808
-1.27639626380102,0.611611855162921,0.299772123170076,1065.09736666667,2350,809
1.46643272204338,-1.72927432239745,0.391726502960276,1065.09736666667,2351,810
1.67626803099592,-1.45646624032679,0.397592205276139,1065.6646,2354,810
1.8428677260617,-1.28188642015414,0.360956793233854,1066.23183333333,2358,810
2.27094856435396,-2.17961528237853,0.371026109551369,1066.23183333333,2359,810
1.92655481926221,-1.12026907299021,0.318265655395301,1066.79906666667,2363,810
1.7735327307755,-1.8733750562039,0.407993865634189,1067.3663,2367,810
1.93042788011299,-0.865621152600904,0.234206699382175,1067.3663,2368,810
1.62267859004811,-1.61891045471938,0.445150370232046,1067.93353333333,2370,810
1.83343071228435,-0.577097594815066,0.251766150781629,1067.93353333333,2371,810
1.40414312795617,-1.32692365881895,0.406652619581933,1068.50076666667,2373,810
1.5994572328935,-0.288185881068886,0.310174064317647,1068.50076666667,2374,810
1.54331788616358,0.0415156913080093,0.355233695606662,1069.03463333333,2376,810
1.54149179787424,0.0476740685855005,0.356252885974976,1069.068,2376,810
1.18030257565619,-0.994969813405804,0.3654819745651,1069.068,2377,810
0.934934154196529,-0.739800868790253,0.344913462342492,1069.63523333333,2379,810
1.63272522493063,0.309262610205245,0.376672710585534,1069.63523333333,2380,810
1.75753875052693,0.456850360134867,0.332615657544602,1070.20246666667,2382,810
2.18719703918709,0.337687201261379,0.476227508786857,1070.7697,2385,810
-1.4684459164454,1.56054928006139,0.567454031588344,1065.6646,2353,811
-3.7310562349357,2.36912568680132,0.469776598863965,1066.23183333333,2355,812
-3.65557832605231,2.19770953361903,0.470041945317965,1066.79906666667,2361,812
-3.55284345468446,2.03247312542555,0.488528707246336,1067.3663,2365,812
-4.51479132548782,0.587446390683352,0.533042900781038,1066.23183333333,2356,813
-0.905670426515342,0.368219796974934,0.287639618617805,1066.23183333333,2357,814
-0.7911713857347,0.331561043715156,0.259983295196541,1066.79906666667,2362,814
-0.672993723187731,0.336011930130963,0.226102119520311,1067.3663,2366,814
-0.506916490533689,0.346489291401076,0.224282298259774,1067.90016666667,2369,814
-0.505055046094094,0.34724688143087,0.224841049194505,1067.93353333333,2369,814
-0.366914172606741,0.307884575913547,0.227739222688055,1068.4674,2372,814
-0.366048937148021,0.305806736042805,0.22790607626663,1068.50076666667,2372,814
-0.276061555183781,0.36142477962312,0.286094945748762,1069.03463333333,2375,814
-0.274200924510345,0.362781695643612,0.286273549395187,1069.068,2375,814
-0.164296205024242,0.388557450466015,0.25678638273267,1069.60186666667,2378,814
-0.1642842581162,0.388015810628242,0.256139687410311,1069.63523333333,2378,814
-0.112758539841602,0.441666180162877,0.222965356365841,1070.1691,2381,814
-0.0500574252337976,0.536228031222213,0.261888083035846,1070.73633333333,2383,814
-0.0441671879191802,0.537126136316184,0.264520714409041,1070.7697,2383,814
0.0434337848958972,0.571662155921688,0.260391355779411,1071.30356666667,2386,814
0.0447614965234424,0.572437103727304,0.259730965056562,1071.33693333333,2386,814
0.0903480466576931,0.659689373721865,0.245034247874688,1071.8708,2389,814
0.187567841681577,0.807700627417718,0.260056851902187,1072.43803333333,2392,814
0.188031933098402,0.810756059176967,0.259978977471492,1072.4714,2392,814
0.233005613153175,0.968419548079408,0.296321047645177,1073.00526666667,2397,814
0.712879079339414,0.45258970792205,0.304868186874948,1073.00526666667,2398,814
0.718341753902973,0.543559237801084,0.4552830457078,1073.03863333333,2398,814
0.307174564464768,1.18497251163631,0.329718985037046,1073.5725,2401,814
0.797742878516571,0.514606973528331,0.238953207158939,1073.5725,2402,814
0.90457238021912,0.535596777014614,0.200551081680304,1074.13973333333,2406,814
1.01292286333663,0.516004642849712,0.230627963064213,1074.70696666667,2410,814
1.14877403574444,0.546750060876951,0.294498037330488,1075.2742,2414,814
1.35721683177674,0.704729017939316,0.297991550859574,1075.84143333333,2421,814
3.53406171969841,-1.6613305386833,0.267324005325659,1066.23183333333,2360,815
3.55930376821709,-1.5230200209584,0.278615619874799,1066.79906666667,2364,815
-2.86609286274192,1.47349061066824,0.342698952604016,1070.7697,2384,816
-2.71608425921368,1.54108944059634,0.312986220866276,1071.33693333333,2387,816
-2.52317388151615,1.59783904101232,0.361835140332082,1071.90416666667,2390,816
-2.2055165877946,1.65793679870761,0.410344530399411,1072.4714,2393,816
-2.0568813661575,1.64237576181728,0.439430145124747,1073.03863333333,2399,816
-1.91922740094915,1.62421212975982,0.373232314891823,1073.60586666667,2403,816
-1.77124939010749,1.64875521882627,0.287262261511519,1074.13973333333,2404,816
-1.76912984978129,1.64921439996695,0.286910567596092,1074.1731,2404,816
3.39215833309112,0.0720930836897251,0.682604141630798,1071.33693333333,2388,817
-1.56019276359965,-0.319721310370147,0.310543211335907,1071.90416666667,2391,818
-1.54669734330958,-0.201972727003658,0.285425056000018,1072.4714,2395,818
-1.46772398394386,-0.215127339690281,0.230312232412909,1073.00526666667,2396,818
-1.34986965905626,-0.225120142262314,0.220854298069338,1073.5725,2400,818
-1.3544697379475,-0.177883040009353,0.186039262657692,1074.13973333333,2405,818
-1.22388930889821,-0.189798041617489,0.20114131665278,1074.70696666667,2409,818
-1.14375202546286,-0.0304340097648172,0.241497790136521,1075.2742,2413,818
-0.99446765581635,0.149392110709169,0.237423918310644,1075.84143333333,2420,818
-0.859006238672239,0.269542040645643,0.192863439251275,1076.40866666667,2425,818
-0.718446718524955,0.314149519483233,0.218604086874754,1076.9759,2428,818
-0.67845093034211,0.315955418579102,0.224462105949197,1077.54313333333,2434,818
-0.561117233731204,0.434807882958959,0.238985907722374,1078.11036666667,2440,818
-0.431337013645788,0.569737846604859,0.237121859436542,1078.6776,2444,818
-0.284772638484004,0.676028455866743,0.25627654204534,1079.24483333333,2449,818
-0.107804673198675,0.775361794590492,0.271359122380984,1079.81206666667,2453,818
0.136186918257219,0.751310271181346,0.253922796276755,1080.34593333333,2455,818
0.14057699189543,0.750572812493784,0.254975555016195,1080.3793,2455,818
-6.21000837805627,0.547091686319892,0.395766913982475,1072.4714,2394,819
3.39138979274355,0.0684611424848939,0.680983622067525,1074.1731,2407,820
-0.4099556185687,2.037568912025,0.453765025984946,1074.70696666667,2408,821
-1.48837891863642,3.80953424218007,0.292101230336729,1075.2742,2411,822
-1.53143752274152,1.72862888428391,0.336271114587882,1075.2742,2412,822
-1.27984083778193,3.63338566663691,0.331786037449451,1075.84143333333,2418,822
-1.36248135556358,1.75149258408305,0.369541498835815,1075.84143333333,2419,822
-1.12628197103737,3.5041254058168,0.320077857852424,1076.40866666667,2423,822
-1.19207427042403,1.91461141115107,0.322320869922076,1076.40866666667,2424,822
-0.945224099228816,3.43264787096015,0.318043358698291,1076.9759,2426,822
-1.05006795172757,2.11754507115365,0.263627779156309,1076.9759,2427,822
-0.741467170613789,3.31382635445363,0.349481946057194,1077.54313333333,2432,822
-0.878169715146044,2.17626833704896,0.31773636097528,1077.54313333333,2433,822
-0.487555976809873,3.21058901858315,0.354657996131066,1078.11036666667,2437,822
-0.744279886280297,2.25144013745258,0.395749723861261,1078.11036666667,2438,822
-0.25096445557851,3.20948948111362,0.332909901172257,1078.6776,2442,822
-0.610833613515291,2.26522991537018,0.379828946709746,1078.6776,2443,822
0.00564947470261412,3.25602928371495,0.316201003029966,1079.24483333333,2446,822
-0.498558398505819,2.29003015812747,0.32937178854847,1079.24483333333,2447,822
0.176518629447986,3.27823084830705,0.335130899181693,1079.81206666667,2450,822
-0.401962147270126,2.20543198332189,0.392975584302986,1079.81206666667,2451,822
0.349345401747487,3.23516148700667,0.351090637511112,1080.3793,2456,822
-0.200788847612396,2.08575929165782,0.413094683567095,1080.3793,2457,822
0.554643968629361,3.22357467042565,0.329370017036178,1080.94653333333,2459,822
-0.00477618455943563,1.93407774980734,0.385360487533495,1080.94653333333,2461,822
0.695032446890422,3.19229355331654,0.31112327106056,1081.51376666667,2463,822
0.248574836490716,1.76813571443463,0.357513929764992,1081.51376666667,2464,822
0.722214430259464,3.16256217344538,0.266903346292914,1082.081,2470,822
0.503755268680374,1.59395886173765,0.351301024827334,1082.081,2472,822
0.924002191203626,2.055581315995,0.37386032913847,1082.61486666667,2475,822
0.892336140188446,3.08182284085061,0.189997546814905,1082.64823333333,2476,822
0.729463919684257,1.35701775626044,0.354787247958004,1082.64823333333,2477,822
1.71278506810899,2.00252993026401,0.260980962515724,1083.21546666667,2482,822
2.46481411326974,1.7996970750019,0.475938238863894,1083.7827,2484,822
-3.08479669097692,0.81510968483406,0.539499801761682,1075.30756666667,2415,823
4.51612200000364,3.33861978381112,0.231214768516208,1075.84143333333,2416,824
4.44808488593078,3.09526326009443,0.216368929401122,1076.40866666667,2422,824
0.722172086213053,2.31434478160623,0.361155712263197,1075.84143333333,2417,825
0.813710914159441,1.88795165466186,0.286169375294815,1076.9759,2429,826
1.55605345823838,1.17875874333866,0.456851206070781,1076.9759,2430,827
1.70841868547328,1.19752161340201,0.450785197862146,1077.54313333333,2435,827
3.75075279199236,-0.585852657525362,0.310498353191925,1076.9759,2431,828
3.683535121922,-0.379629800314186,0.300523466303453,1077.54313333333,2436,828
3.60596063851271,-0.171279049691505,0.234866590640482,1078.11036666667,2441,828
3.61842229886767,0.0137040244491506,0.25016004912229,1078.6776,2445,828
-3.94658266638451,-0.852648582964767,0.434839702637739,1078.11036666667,2439,829
-3.46586495296417,-0.82857894370526,0.520267235069505,1079.24483333333,2448,830
-3.34244567881237,-0.854444114141841,0.521150182686054,1079.81206666667,2452,830
3.32799071325556,0.474813263759339,0.524450322410127,1079.81206666667,2454,831
3.81768497138706,0.24933937745703,0.56170034581677,1080.3793,2458,831
3.96865497142214,-0.0821704739454692,0.837989201829143,1080.94653333333,2462,831
3.52515342608999,-0.220720225109577,0.723679421869816,1081.51376666667,2466,831
3.38474146037569,0.0720828251984681,0.681785965707717,1081.51376666667,2467,831
3.83849212468122,0.656530371144212,0.410596827194098,1081.51376666667,2468,831
3.18083606985411,-0.349720101085047,0.601884361546628,1082.081,2473,831
3.98783680857425,0.764224822442269,0.447995812847966,1082.081,2474,831
2.79133346729723,-0.343592192998535,0.487074423549797,1082.64823333333,2478,831
3.99195529502718,1.02116992149639,0.499724295728874,1082.64823333333,2479,831
3.75875278520638,1.22293200822108,0.34963692896696,1082.64823333333,2480,831
2.70637480528023,-0.216495797858413,0.340532804073115,1083.21546666667,2481,831
-3.99989683836283,1.10886355435354,0.487008765802059,1080.94653333333,2460,832
0.470980994373507,0.457233022976604,0.251667954244381,1081.51376666667,2465,833
2.36465888689179,5.29812351983254,0.182331671296059,1082.081,2469,834
-2.61624173545988,-1.16675155959846,0.38412843373883,1082.081,2471,835
1.22849824691819,3.06216995684393,0.34747038337107,1083.7827,2483,836
1.4559486655527,3.00388491974813,0.406154658177451,1084.34993333333,2485,836
1.83163555603281,2.9220150434407,0.371156046717347,1085.4844,2486,837
1.98982928181085,2.7217084775812,0.413813752220589,1086.01826666667,2487,837
1.99212863363804,2.71916426687878,0.415069093366528,1086.05163333333,2487,837
2.67134707881047,3.24632482594814,0.43696709482221,1086.61886666667,2488,837
2.26049327092156,2.42800921604699,0.573675115507797,1087.1861,2490,837
-3.6236360040447,3.74313818643251,0.438061352057897,1087.15273333333,2489,838
-3.47768798987106,3.73417487239112,0.420520625814443,1087.71996666667,2491,838
3.66454900771899,4.0656134657476,0.337264825689628,1088.8878,2492,839
3.36623243665124,3.94243806888147,0.378004485322337,1089.42166666667,2493,839
3.3641879861681,3.93996401424191,0.378197381028068,1089.45503333333,2493,839
3.0309187886045,3.82188260807112,0.344148600853864,1090.02226666667,2496,839
2.75102907356641,3.58577488156938,0.301269649712727,1090.5895,2497,839
2.5140317906535,3.402422730877,0.266205564304505,1091.12336666667,2501,839
2.51421834433424,3.40257789587434,0.266526970297949,1091.15673333333,2501,839
2.28923568145974,3.2524471278529,0.277251044122209,1091.72396666667,2505,839
2.17954403262749,3.10299477219595,0.235812885004193,1092.2912,2510,839
2.23059620078132,2.93902229842616,0.234040644220404,1092.85843333333,2515,839
0.267668539201978,5.40351287117595,0.224837131322318,1089.45503333333,2494,840
2.53991441138087,1.91081612736315,0.390097151755737,1090.02226666667,2495,841
2.44632180710726,1.73259667992923,0.292111783822294,1090.5895,2500,841
2.29985258824747,1.58492896622896,0.305091711486982,1091.15673333333,2504,841
2.1421940973202,1.49020707041572,0.3634762649188,1091.72396666667,2509,841
1.99639146452808,1.37493836817485,0.323449904232403,1092.2912,2513,841
-0.00734278337203464,4.97056883586024,0.287975955235944,1090.5895,2498,842
-0.187307806705824,4.75115253561241,0.293277981110692,1091.15673333333,2502,842
-0.734771407985784,-3.22557064304361,0.280881044989281,1090.5895,2499,843
-0.73107508891719,-2.87811298746906,0.345360143993637,1091.15673333333,2503,843
-0.731460150946825,-2.67424200361148,0.354829797473779,1091.72396666667,2508,843
-0.640721591791653,-2.36211396704885,0.290354355186939,1092.2912,2512,843
-0.386108921742669,-2.07837303266541,0.292641496914879,1092.85843333333,2519,843
-0.229371035509595,-1.65057972380602,0.330229594617416,1093.42566666667,2524,843
-0.260522039242626,-1.29178799758387,0.3720458551356,1093.9929,2530,843
-0.242658080791127,-1.06479742988839,0.396803449442427,1094.56013333333,2536,843
-1.2150426111623,4.55283030565513,0.158663983553038,1091.72396666667,2506,844
-0.541116502634351,4.42799170575904,0.27111178079148,1092.2912,2511,844
-0.742864571526665,4.2295323388927,0.299606527764112,1092.85843333333,2516,844
-1.07977243945234,4.30615710104955,0.259747768472107,1092.85843333333,2517,844
-1.73098816406329,4.67980512438432,0.284625247739864,1092.85843333333,2518,844
-0.889306308545949,4.02674864468867,0.324290522818755,1093.42566666667,2521,844
-1.68974531635842,4.39854598427789,0.315850066838985,1093.42566666667,2522,844
-1.01074197607402,3.85223092060946,0.331557004651219,1093.9929,2527,844
-1.28973497820115,3.88458366776961,0.252410596204689,1093.9929,2528,844
-1.78395254825596,4.09072617030876,0.373264723422749,1093.9929,2529,844
-1.15518814828103,3.68604859296675,0.350623545900675,1094.56013333333,2533,844
-1.46312862692721,3.58517321894202,0.320819221814441,1094.56013333333,2534,844
-1.97763334558897,3.80976971620703,0.385364648662572,1094.56013333333,2535,844
-1.35150420756866,3.48953892109384,0.392430857980989,1095.12736666667,2539,844
-1.48901792805433,3.34892531232553,0.397683063817292,1095.12736666667,2540,844
-1.41813471606847,3.34895498894054,0.392942245751763,1095.6946,2547,844
-1.32309097488641,3.15274725850973,0.443919905568242,1095.6946,2548,844
-1.3128382904905,3.10518624022141,0.340015238094681,1096.26183333333,2555,844
-1.04850834171288,2.99510820216091,0.4081868492247,1096.26183333333,2556,844
-0.773008760363139,2.87735580795677,0.357266519031216,1096.82906666667,2561,844
-1.32673149678468,2.99645143256379,0.450756293924933,1096.82906666667,2562,844
-0.424413699697912,2.80814525135565,0.335361916573279,1097.3963,2566,844
-1.36933410036098,2.9188872112503,0.567128116672905,1097.3963,2567,844
-0.123369699225503,2.71381119577548,0.304048482315458,1097.96353333333,2572,844
0.218619262094054,2.56209687745727,0.31427881472313,1098.53076666667,2575,844
0.548826601198708,2.81060293669297,0.413861259154487,1099.098,2577,844
0.776547556502976,2.40938108734416,0.453920712843994,1099.66523333333,2581,844
-1.96461666802478,5.06720401204732,0.436873427977616,1091.72396666667,2507,845
10.0247853528107,5.9776827759856,-2.01031397458453,1092.82506666667,2514,846
-2.53289611627893,5.87205566997341,0.284921723412314,1093.42566666667,2520,847
-2.43927419005758,5.7467590437164,0.326399676547122,1093.9929,2526,847
-5.5945981016269,0.402281833538055,0.595165778222776,1093.42566666667,2523,848
2.3801820765638,2.69096076812191,0.223321507065421,1093.9929,2525,849
1.80968389085518,-1.81347782838021,0.361450029032905,1093.9929,2531,850
1.55596122684068,-1.61003745074075,0.409861884315207,1094.52676666667,2532,850
1.28883781227624,-1.33216987074963,0.404944022122688,1095.12736666667,2543,850
1.18375967697034,-1.09584311526003,0.32782522212799,1095.6946,2551,850
1.08155430366028,-0.777626588036716,0.281277578055343,1096.26183333333,2558,850
0.896101547375085,-0.456156520853112,0.301438360001622,1096.82906666667,2565,850
1.01008297601209,-0.585275835785685,0.428734952696292,1097.3963,2569,850
2.62649583059276,4.81274598612797,0.344368405667369,1095.12736666667,2537,851
2.72654519523562,4.64174010556744,0.338610533695368,1095.6946,2545,851
2.81541388316395,4.46596604930411,0.287125992173,1096.26183333333,2553,851
2.81199685472664,4.29693200963804,0.251415927434588,1096.82906666667,2560,851
-2.154155862706,5.43392017082882,0.309325443076198,1095.12736666667,2538,852
-1.99463665089909,5.29585768529087,0.31049408655839,1095.6946,2546,852
-1.80469631821653,5.23426692659881,0.290474371150592,1096.26183333333,2554,852
-2.38791524699026,2.20755492816287,0.590030806427462,1095.12736666667,2541,853
-2.36562607858862,1.93267250614553,0.55950897742209,1095.6946,2549,853
-4.62586183928646,0.48027460618274,0.560379766610361,1095.12736666667,2542,854
-4.35667561132268,0.527000127488855,0.554028208242516,1095.6946,2550,854
-4.11036468429617,0.634681396599491,0.561975386211362,1096.26183333333,2557,854
-3.87571431866496,0.717199125197028,0.551183589052647,1096.82906666667,2563,854
-3.78507126479186,0.66458433288376,0.478977555530521,1097.3963,2568,854
1.59863388586787,0.675956191719528,0.271808018057034,1095.12736666667,2544,855
1.41794925474695,0.645040795247887,0.317421343864642,1095.6946,2552,855
1.15266019092975,0.621737599454768,0.285948417461476,1096.26183333333,2559,855
0.857274591058595,0.802473274639477,0.443902929261911,1096.82906666667,2564,855
2.9231618940012,4.05614999358131,0.215832775466326,1097.96353333333,2570,856
-1.37573568581294,5.06586140671734,0.267982187466988,1097.96353333333,2571,857
-2.42813451395009,0.958404656846379,0.485796819444059,1097.96353333333,2573,858
1.33325309232682,-1.88515557011343,0.396670272776438,1097.96353333333,2574,859
1.23374791378593,-1.84343972886432,0.476859606642825,1098.53076666667,2576,859
1.19112628249962,-1.82515480364083,0.572586506796838,1099.098,2580,859
1.12492932215166,-1.68115742924867,0.621158943190333,1099.66523333333,2583,859
1.11173574289691,-1.45689470021893,0.506625315884993,1100.23246666667,2587,859
0.941756065336259,-1.14633156496814,0.382093116198108,1100.7997,2589,859
-0.909550649023142,5.07006910346426,0.353400792775471,1099.098,2578,860
-3.11957818805402,0.0700073003107068,0.48344437964749,1099.098,2579,861
-2.15864468297235,7.83928412509909,0.335096260201028,1099.66523333333,2582,862
3.83446855933783,0.309209362625398,0.387977745834938,1099.66523333333,2584,863
-2.67022860780941,-0.368685039483617,0.585880245526655,1100.23246666667,2585,864
-0.842549087592571,-0.220554201606041,0.350481667122401,1100.23246666667,2586,865
-1.04642685528608,0.00347881357714797,0.394685732207548,1100.7997,2588,865
-2.86594224082412,6.88478000033138,0.385190872379031,1101.93416666667,2590,866
-3.08065973536624,6.66160668231534,0.35840595549975,1102.5014,2595,866
-14.2310160981371,-7.2753124658849,0.757133154441115,1101.93416666667,2591,867
-2.9229947716237,-0.423659309963121,0.444165157195182,1101.93416666667,2592,868
3.75613194466965,1.34240398688647,0.240756010590315,1101.93416666667,2593,869
3.68692432203091,1.65100297691898,0.268821515434587,1102.5014,2594,869
3.42437237274214,1.96529105659366,0.241926322103284,1103.06863333333,2597,869
12.1794180083526,0.192497848590562,6.84266986105399,1102.9018,2596,870
2.80687892659741,2.51918838660028,0.235898478647748,1104.2031,2598,871
2.37843301343062,2.71326344842201,0.260436576600622,1104.77033333333,2599,871
1.88277715688582,2.88111311238926,0.276132620601361,1105.33756666667,2600,871
1.46027363096647,2.83686610897846,0.329713447801,1105.9048,2601,871
1.13064213174673,2.76214401782156,0.316941379818219,1106.47203333333,2603,871
9.61475481840531,-1.97418721709678,6.66505793445484,1106.17173333333,2602,872
9.60839052288983,-1.98564543862226,6.65553893565481,1106.2051,2602,872
-2.88211868956595,-0.445622650262434,0.445916128465779,1106.47203333333,2604,873
0.507038650030106,2.61748365461813,0.342771587079335,1107.6065,2605,874
0.22099982110163,2.50188507219343,0.302075048143426,1108.17373333333,2606,874
-0.0331152275412017,2.48927770171924,0.290352133796354,1108.74096666667,2607,874
-0.485574456692679,2.40896950532241,0.308179083566279,1109.3082,2610,874
-1.8216105543183,-0.514170065649664,0.415618597349328,1108.74096666667,2608,875
-1.50690301760876,-0.517985649392715,0.413336561611042,1109.3082,2611,875
-1.35533206323352,-0.491317496449644,0.438915295472607,1109.87543333333,2615,875
-1.1649850782166,-0.494842252982821,0.482384296250921,1110.44266666667,2616,875
-0.953721756079456,-0.407485390049592,0.40177372374409,1111.0099,2617,875
-0.830063656851607,-0.353928093679887,0.29592622617544,1111.57713333333,2619,875
-0.710686007507142,-0.3495861430419,0.351465516868787,1112.14436666667,2620,875
-0.517727616459425,-0.416095031419505,0.361016170974684,1112.7116,2622,875
-4.0152440316805,3.92055572486671,0.479203681752427,1109.3082,2609,876
3.80336448639658,9.97757701102115,9.48263192996086,1109.44166666667,2612,877
-0.597669874859302,6.44441089038866,0.387769574364954,1109.87543333333,2613,878
-1.43283486030511,2.92387993298069,0.410818696392799,1109.87543333333,2614,879
-4.64479451880135,-1.54737092352484,0.43777411413523,1111.57713333333,2618,880
-4.64113216534568,-1.33355350286821,0.518628993927226,1112.7116,2621,881
-0.638159381364777,5.77221757519204,0.332946020119183,1113.27883333333,2623,882
3.21286325459218,2.63213572473938,0.181296826407768,1113.84606666667,2624,883
-0.774088510387649,1.3109193924619,0.597865827843088,1113.84606666667,2625,884
-0.751391481200018,5.42077147259286,0.368815314359967,1114.4133,2626,885
-0.800149435207256,5.25254561367834,0.331051851507073,1114.98053333333,2629,885
-0.781250623345293,5.06583207781679,0.360589084797456,1115.54776666667,2630,885
-0.791204399905282,4.83390686503806,0.367934261134017,1116.115,2633,885
-0.822942516890346,4.64877015968377,0.334061149373967,1116.68223333333,2634,885
-0.847135273303245,4.43015963950293,0.345630574677324,1117.24946666667,2636,885
-0.725260297603622,4.36065345975594,0.298793206837904,1117.8167,2639,885
-0.615458873014099,4.27743355734532,0.298518928323464,1118.38393333333,2642,885
-0.583728937692403,4.22152843718471,0.283724949830226,1118.95116666667,2646,885
-0.516406166366396,4.04371638376762,0.304259377101912,1119.5184,2650,885
-0.301403530209335,3.83529917159841,0.314375713736933,1120.08563333333,2654,885
-0.0766200678250393,3.77417926093733,0.286382188584306,1120.65286666667,2657,885
0.100023477865881,3.834655644323,0.264356883239695,1121.2201,2662,885
0.366938625869871,3.85325717268073,0.27007054828055,1121.78733333333,2667,885
0.47297280098582,3.76345197027794,0.342218351603813,1122.35456666667,2670,885
0.492193310457879,3.67840464042129,0.313291805106605,1122.9218,2673,885
0.461816222793767,3.51904303271874,0.284648469213698,1123.48903333333,2675,885
0.567584874463066,3.39672094424539,0.243382932189894,1124.05626666667,2677,885
0.589890321088651,3.20213150695427,0.249435424133482,1124.6235,2678,885
-4.39601149383387,-1.03686717208849,0.514978973709838,1114.4133,2627,886
3.10491839259577,2.34873284552587,0.242037646243854,1114.98053333333,2628,887
-3.1962760133933,2.36518773007101,0.528549468088083,1115.54776666667,2631,888
0.620935371087909,4.13577007185904,0.298202223263786,1116.115,2632,889
6.67706688656197,1.659674625296,0.268517583486812,1117.24946666667,2635,890
6.31746346108755,2.04709234303756,0.299861288120301,1117.8167,2638,890
6.02484026739214,2.31489603956104,0.238260746957477,1118.38393333333,2641,890
-2.30859446459443,1.91403935202596,0.573118127102014,1117.24946666667,2637,891
-2.23913929853804,1.67654092030318,0.589822712100958,1117.8167,2640,891
-2.09061557974713,1.4815377627256,0.602895176549803,1118.38393333333,2643,891
-2.14551582258021,1.32539649079849,0.583594032720443,1118.95116666667,2647,891
-2.2364471418179,1.22963943452373,0.561612873322436,1119.5184,2651,891
13.8857459578805,2.34661373062172,-0.172993704049124,1118.95116666667,2644,892
1.42366826842544,3.56104018133621,0.293758989570555,1118.95116666667,2645,893
1.42499078467005,3.44525895840985,0.268857046264719,1119.5184,2649,893
1.43250323179821,3.27760120705821,0.245083832801673,1120.08563333333,2653,893
1.44605118070416,3.10920928331758,0.238535177452164,1120.65286666667,2656,893
1.59053625428471,2.93132905769986,0.309034300740104,1121.2201,2661,893
1.64857104243197,2.78651282994346,0.343915327986363,1121.78733333333,2666,893
1.72384915551873,2.61684934073558,0.413631576821458,1122.35456666667,2669,893
1.86431857959253,2.3852786141716,0.415494047248668,1122.9218,2672,893
5.74380127638412,2.39314024133255,0.388845185106134,1119.5184,2648,894
5.55841017387269,2.28211101994147,0.407307823650893,1120.08563333333,2652,894
5.2513095391239,2.18907440343412,0.359325982812393,1120.65286666667,2655,894
4.87674340145046,2.18302598698612,0.157356395473768,1121.2201,2660,894
4.51766492875394,2.22419934759479,0.197137957121011,1121.78733333333,2665,894
4.2064159663466,2.20833425557813,0.307438055766402,1122.35456666667,2668,894
3.90947398823962,2.12378909480315,0.412617804510356,1122.9218,2671,894
3.61784566391729,1.92416310278117,0.350129411495831,1123.48903333333,2674,894
3.73229377526706,1.65391199017311,0.443033206518813,1124.05626666667,2676,894
-2.15759677515587,0.816059880114484,0.406725256292847,1120.65286666667,2658,895
-1.88914726374328,0.597278738021917,0.3546453163065,1121.2201,2663,895
2.43654966725318,-0.981577241839909,0.292427042445795,1120.65286666667,2659,896
3.73082775504194,0.484700852912436,0.370254645507711,1121.2201,2664,897
0.491355034701049,3.02076110100616,0.166770765128213,1125.75796666667,2679,898
2.2358215153539,1.74531508151712,0.363722154179561,1125.75796666667,2680,899
0.601964148761857,2.78302009444384,0.405430965807948,1126.85906666667,2681,900
0.610759720481202,2.20632424025226,0.296208544734039,1127.4263,2683,900
0.637470018431268,2.66722944599023,0.400199380526323,1127.45966666667,2684,900
0.67026200334724,2.0206674593552,0.305017125652958,1127.99353333333,2688,900
0.768721294085701,1.90918551721241,0.304672326677707,1128.59413333333,2690,900
0.793023378029338,1.66538017976421,0.276982363589737,1129.16136666667,2693,900
0.876912242092733,1.37734849507534,0.288561654792141,1129.7286,2696,900
3.70490759432831,1.00620288807933,0.399130122045109,1126.89243333333,2682,901
3.49811350715952,0.949670433516296,0.531594699383708,1127.45966666667,2687,901
3.15844029226537,0.86424098055899,0.580266910709458,1128.0269,2689,901
2.81641042902984,0.699794926291622,0.476697252159736,1128.59413333333,2691,901
-4.4861186232013,2.11867082969599,0.531804937771831,1127.45966666667,2685,902
-6.6597887823187,-3.64395883366986,11.4047958611743,1127.45966666667,2686,903
-3.27212469587504,1.95220352431429,0.49733103456642,1129.16136666667,2692,904
3.19114454318233,-1.59574538579473,0.371838936588704,1129.16136666667,2694,905
-0.940187102423166,4.99390244497199,0.332227631869103,1129.7286,2695,906
-1.04357079806175,4.7937533848608,0.253672126447346,1130.29583333333,2697,906
1.37427785387816,0.199074121109227,0.367572798202828,1130.86306666667,2698,907
3.74699124364261,-0.703517380508818,0.433605424275765,1131.99753333333,2699,908
3.72581183041623,-0.532872808315541,0.376007637107612,1132.56476666667,2701,908
3.81274355467085,-0.318159939830887,0.418128614461548,1133.132,2703,908
3.87654255475164,-0.113279169036342,0.471270741704558,1133.69923333333,2705,908
-1.26387403518764,3.93384498854719,0.270885392949118,1132.56476666667,2700,909
-1.26659937104895,3.72965275920463,0.27624584304578,1133.132,2702,909
-1.31076989258379,3.51058734966558,0.316441165357883,1133.69923333333,2704,909
-1.26158867563805,3.35411695279735,0.358768612773456,1134.26646666667,2706,909
-1.1406764828552,3.14562947764688,0.334283390281193,1134.8337,2707,909
-1.01664072931485,2.86995373956266,0.322680097290468,1135.40093333333,2710,909
-0.896088562601647,2.66318454554452,0.318131603841602,1135.96816666667,2712,909
-1.37908136560243,3.78230401245104,0.33149702398446,1136.5354,2714,909
-0.715505321109778,2.52909607244041,0.286448243053967,1136.5354,2715,909
-1.21866912231142,3.68522776105142,0.355276030148705,1137.10263333333,2716,909
-0.535704854366634,2.47971479395876,0.271705481093812,1137.10263333333,2717,909
0.376703909315679,3.87751860065313,0.420127807086975,1137.66986666667,2718,909
-1.10134130085483,3.50534246750089,0.376757181417886,1137.66986666667,2719,909
-0.442953972044159,2.40875066213164,0.244701527687121,1137.66986666667,2720,909
0.427845561563935,3.7032450652441,0.336741938279743,1138.2371,2721,909
-1.12208263638205,3.15548175318534,0.405085283990548,1138.2371,2722,909
-0.301501889967619,2.36904315129188,0.26451511306958,1138.2371,2723,909
0.491590191188571,3.51765034170324,0.258118538124884,1138.80433333333,2725,909
-1.12140798831633,2.82424615501727,0.413024054526897,1138.80433333333,2726,909
-0.0610895553013043,2.43560338448675,0.272258654461141,1138.80433333333,2727,909
0.477140050217546,3.35181901232818,0.305494231165181,1139.37156666667,2730,909
0.25870605524814,2.47426744151722,0.291635189497755,1139.37156666667,2731,909
-1.07008332876757,2.49748950076703,0.404361894426872,1139.37156666667,2732,909
0.544111493619305,3.24647570983285,0.292092716663125,1139.9388,2737,909
-0.896211677384009,2.26698738066718,0.382733449505827,1139.9388,2738,909
0.646892888967419,3.22256860134655,0.336950558315056,1140.50603333333,2743,909
0.749467352339025,2.57818074925092,0.298201934576351,1140.50603333333,2744,909
-0.734281013268495,2.04769008916673,0.372287037749303,1140.50603333333,2745,909
-0.578063232758618,1.81689446191324,0.332753354212581,1141.07326666667,2750,909
0.830779514501158,2.36799777978743,0.458758941613874,1141.10663333333,2753,909
1.20464724417399,3.19434626084582,0.351516652408352,1141.6405,2756,909
-0.391523929477271,1.67548999155113,0.37058673626149,1141.6405,2757,909
1.40130054219331,2.95264441908136,0.348841710399266,1142.20773333333,2760,909
-0.156016175645576,1.51151282131601,0.393767833198042,1142.20773333333,2762,909
1.63162322841734,2.7437613557838,0.313676896103667,1142.77496666667,2764,909
0.0540637615993983,1.30449228655338,0.352485696538497,1142.77496666667,2766,909
1.842920399614,2.42414813034958,0.416865506485543,1143.3422,2769,909
0.201013974430376,1.12396298439352,0.296194998552652,1143.3422,2772,909
-2.53743093343134,-1.34745404027657,0.302819244500593,1134.8337,2708,910
-2.42818405578261,-1.19488907300457,0.274733601576431,1135.40093333333,2711,910
-1.76797054212786,4.07561843832504,0.356787841606862,1135.40093333333,2709,911
0.414595833426708,4.41046756660951,0.360882208563128,1136.5354,2713,912
3.57977474158225,-1.28779116997438,0.315427170400087,1138.2371,2724,913
-2.68720146689641,0.30878105990668,0.35503456223133,1138.80433333333,2728,914
-2.53273997771087,0.402386399333612,0.375666755570648,1139.37156666667,2733,914
-2.26540266445997,0.502436490909045,0.345335222679255,1139.9388,2739,914
-1.99119711708969,0.453556372844383,0.324828675046529,1140.50603333333,2746,914
-1.71462325178655,0.204215304549714,0.367228090483666,1141.07326666667,2751,914
-1.37731482412495,-0.0092302178735848,0.395701910826012,1141.6405,2758,914
-1.06026708062098,-0.123364161643595,0.371823093993765,1142.20773333333,2763,914
-0.778253646622744,-0.307885286124659,0.340116178875226,1142.77496666667,2767,914
1.96287890579416,5.53099573978032,0.151629807908909,1139.37156666667,2729,915
2.05181072607121,5.27197894992808,0.176855906947907,1139.9388,2736,915
2.16163752455766,5.15123852861134,0.193732292916487,1140.50603333333,2742,915
2.10427651001985,4.96032593577528,0.23755964208356,1141.07326666667,2748,915
2.11869771740403,4.80081245991117,0.241338832088836,1141.6405,2755,915
2.11906261595034,4.57520561303794,0.257680103725203,1142.20773333333,2761,915
2.09188561391721,4.3681191107723,0.294512333361503,1142.77496666667,2765,915
2.09996485112342,4.20931029405197,0.300572787047182,1143.3422,2770,915
1.4304123191753,3.97157253356307,0.351523100875028,1143.3422,2771,915
2.12567427159753,3.99569631146133,0.28577771413218,1143.90943333333,2774,915
1.4539635401721,3.79051186875902,0.400189123311431,1143.90943333333,2775,915
2.14615926811135,3.80566199375247,0.296345493799068,1144.47666666667,2777,915
1.45240896008641,3.50676113088221,0.35186962127851,1144.47666666667,2778,915
2.15019122353823,3.53590245340618,0.335405083144144,1145.0439,2780,915
1.475279679056,3.22068621856207,0.289011932922789,1145.0439,2781,915
1.50345106749895,3.12502296945799,0.291455971516742,1145.61113333333,2783,915
2.08072031601724,2.98942923060395,0.326598540202661,1146.17836666667,2786,915
1.57600354295336,3.03659438832338,0.294102476968034,1146.17836666667,2787,915
2.00127572811571,2.78848610831618,0.349696245840775,1146.7456,2790,915
1.61184137217504,2.90790448291532,0.321827115890431,1146.7456,2791,915
1.86595740333,2.58282646676096,0.368587532202268,1147.31283333333,2792,915
1.5740043525638,2.73992994449553,0.374803689114244,1147.31283333333,2793,915
1.66346018827435,2.34697383108543,0.38411083819736,1147.88006666667,2796,915
1.45717661743894,2.4496185220458,0.361646866801723,1147.88006666667,2797,915
1.31570901638343,2.24168081068166,0.354387775868008,1148.4473,2798,915
1.48007485880203,2.12368427457706,0.420242644091936,1148.4473,2801,915
1.99766252408805,1.36606322567469,0.362854907974398,1149.01453333333,2804,915
1.15137191551399,2.20737219849758,0.437587617118162,1149.01453333333,2805,915
1.05488587517753,1.94314673672931,0.346781751219617,1149.58176666667,2807,915
1.58045806485661,1.2046196428807,0.307106742904833,1149.58176666667,2808,915
0.724289623254364,2.00590171009488,0.404568115519143,1150.149,2809,915
0.854567650689272,1.9052196370977,0.297388405571764,1150.149,2810,915
0.722929732825889,2.32894523406049,0.384762507616715,1150.71623333333,2813,915
0.68016005667454,2.48447445077221,0.408800799464074,1150.71623333333,2814,915
0.351674685040728,2.8591155601223,0.356017240975224,1151.28346666667,2816,915
0.600881039900394,1.58105607872758,0.320936519818758,1151.28346666667,2818,915
0.148203749636054,1.94719755265284,0.309219855918778,1151.8507,2821,915
-0.0858004042259609,1.94993021173168,0.268605917078431,1152.41793333333,2825,915
1.85921971901507,1.15793016930126,0.48453692659139,1139.37156666667,2734,916
3.83741206331308,1.90383658932293,0.249712214980382,1139.9388,2735,917
3.67728239485813,1.79969196653094,0.281653959562247,1140.50603333333,2741,917
3.57105772494389,1.7852336712802,0.2573116854531,1141.07326666667,2747,917
3.43645948050935,1.78570604716961,0.244881339237419,1141.6405,2754,917
3.25775504374284,1.76756444193274,0.204910699114147,1142.20773333333,2759,917
3.06874124623784,1.67878426598977,0.223956186647549,1142.77496666667,2768,917
2.91064351272675,1.51388867146073,0.261468911883455,1143.3422,2773,917
2.75462764737594,1.3637354209587,0.30736904606285,1143.90943333333,2776,917
2.64666663738202,1.13763169453776,0.263314066319077,1144.47666666667,2779,917
3.82210155085581,-0.82195447687857,0.386621452472133,1139.9388,2740,918
1.1750377940272,4.84380619072289,-0.110534807189586,1141.07326666667,2749,919
3.76929720216937,-0.54572429376291,0.322110279794251,1141.07326666667,2752,920
3.77060129298899,-0.542276625766405,0.321165003979625,1141.10663333333,2752,920
5.46548042416061,1.92512785562368,0.304631833113303,1145.61113333333,2782,921
5.29569614818314,1.90771868462015,0.261367890385172,1146.17836666667,2785,921
3.73194751289235,6.07838876984438,0.0784036786226354,1145.61113333333,2784,922
3.76979412116208,5.98760005103272,0.155377874151908,1146.17836666667,2788,922
2.79259662709272,1.86278327826676,0.296288046372373,1146.7456,2789,923
2.66381071300493,1.67283391338233,0.335283193226706,1147.31283333333,2794,923
3.89787776268748,2.02518257014168,0.239779373843234,1147.88006666667,2795,924
4.4954338223347,1.83483304494949,0.190983175028515,1148.4473,2799,924
4.59993648143575,1.67876882944411,0.312277658056488,1149.01453333333,2802,924
-1.19326299319082,7.47068683310066,0.101545749813375,1148.4473,2800,925
2.10585459185323,3.6333420955833,0.349267307566511,1149.01453333333,2803,926
-4.96324625967009,1.86841832328893,0.714742581964963,1149.58176666667,2806,927
4.93986121706744,1.50801759824066,0.27824308028407,1150.71623333333,2811,928
4.0601398231024,1.70004030407538,0.343925488390894,1151.28346666667,2815,928
3.85533000688322,1.78886636048314,0.371221106801925,1151.8507,2819,928
3.64160539237883,1.81989566402583,0.322560939454676,1152.41793333333,2823,928
3.44750912694548,1.94255171770763,0.250107376650785,1152.98516666667,2827,928
3.2652054418686,2.06107589349061,0.23425328317802,1153.5524,2830,928
3.12081481611215,2.19798081239493,0.222155557325875,1154.11963333333,2834,928
3.01983038125078,2.30304623004587,0.260313266671025,1154.68686666667,2838,928
7.2532580151967,3.78676447999585,0.23276867764356,1150.71623333333,2812,929
-4.35066259481372,2.04357116412749,0.669608254130477,1151.28346666667,2817,930
-3.99145029477231,1.99280109958797,0.721809662527686,1151.88406666667,2822,930
-3.57480612585987,1.68575354569648,0.755510058951089,1152.41793333333,2824,930
6.89604740458114,3.63262658588557,0.229810065760728,1151.8507,2820,931
3.90876227316639,0.0787186865493431,0.372020974834171,1152.41793333333,2826,932
3.86263101821704,0.174342370078009,0.39578338742166,1152.98516666667,2829,932
3.82244304548394,0.207910049906798,0.412665061600677,1153.5524,2833,932
3.64856090906506,0.318877259547499,0.403568011922836,1154.11963333333,2837,932
3.49379815705986,0.361355103749464,0.450932662545083,1154.68686666667,2840,932
3.29055838815491,0.277774316959092,0.514567370284857,1155.2541,2842,932
3.12200290638812,0.250402717956941,0.450102400948133,1155.82133333333,2845,932
2.94531774860956,0.180570406553244,0.394750545597651,1156.38856666667,2848,932
2.77862159103687,0.206217390012269,0.375415866038293,1156.9558,2854,932
2.58450443013644,0.307286876003221,0.376458149242657,1157.52303333333,2856,932
2.44695226513073,0.457323895702315,0.33327410583118,1158.09026666667,2858,932
2.32994474567931,0.547622473500764,0.313185572967895,1158.6575,2860,932
2.32100642657728,0.657792854404328,0.277528951323112,1159.22473333333,2863,932
2.29976482559823,0.794170645266937,0.268521170823119,1159.79196666667,2866,932
2.19817042034972,0.880022220094954,0.285695627393903,1160.3592,2868,932
2.1963019802244,0.881025659479788,0.285802675750479,1160.39256666667,2868,932
2.17626099917479,1.0173163999509,0.314075308357739,1160.92643333333,2870,932
2.06128174785597,1.17464356549387,0.342583158519368,1161.49366666667,2872,932
1.96800806252459,1.32079667196748,0.359052632990045,1162.0609,2873,932
1.96577288709813,1.32288773842636,0.358868943332023,1162.09426666667,2873,932
1.8720126282376,1.43631854827761,0.377592885320419,1162.62813333333,2875,932
1.87016491689643,1.43651433800114,0.378322431408576,1162.6615,2875,932
1.74733320432782,1.5878708360837,0.377551193688361,1163.19536666667,2878,932
1.74656245579262,1.59102825120092,0.376679233649056,1163.22873333333,2878,932
1.65870647771937,1.70034766341699,0.287831012369898,1163.7626,2879,932
1.54054509924745,1.77067943767925,0.294707768730499,1164.3632,2884,932
1.32533057878334,1.85184379934625,0.335024098213505,1164.93043333333,2887,932
1.10137910445933,2.01967612721266,0.302016734393375,1165.49766666667,2890,932
1.1057612555214,2.69136402180383,0.387951410826739,1166.0649,2892,932
0.875140286359781,2.32430182851312,0.340647445642523,1166.63213333333,2895,932
0.931956202248469,0.860661875651746,0.311179428899937,1152.98516666667,2828,933
5.33757115246401,2.23846978701625,0.243446782828124,1153.5524,2831,934
5.14597093195304,2.29235667116588,0.260646666438414,1154.11963333333,2835,934
-3.05021900337629,1.15856705187875,0.572066073173788,1153.5524,2832,935
-2.72669173662669,1.00127336784602,0.516503906224136,1154.11963333333,2836,935
-2.37042836969539,0.819121519668529,0.495004240322213,1154.68686666667,2839,935
-2.36709969451347,0.816425825430392,0.4938578744991,1154.72023333333,2839,935
-1.99564753293677,0.579294305998946,0.520280928950466,1155.2541,2841,935
-1.99474526597514,0.576648608412665,0.520372934158405,1155.28746666667,2841,935
-1.62935629258047,0.292817781010374,0.542741941160853,1155.82133333333,2844,935
-1.28608811869388,-0.089311973803303,0.561172560034537,1156.42193333333,2849,935
-0.953240361707551,-0.378223095871584,0.528631299230743,1156.9558,2853,935
-0.952938803374405,-0.385144369308561,0.527003343070996,1156.98916666667,2853,935
4.69160278455005,2.27520552132953,0.270544613584634,1155.82133333333,2843,936
4.57261338498044,2.22492063402322,0.350637354718948,1156.38856666667,2846,936
4.37431316454344,2.10338127384413,0.332190813717091,1156.9558,2850,936
4.19917899877202,2.01741165387484,0.302299333729518,1157.52303333333,2855,936
4.01156319497917,1.98698193491408,0.329241213953388,1158.09026666667,2857,936
3.8691417742857,1.99814258237569,0.347684882825615,1158.6575,2859,936
3.74988744996422,2.0333861140789,0.342338814064783,1159.22473333333,2862,936
3.63566120390855,1.96634380571411,0.31263070720667,1159.79196666667,2865,936
3.60576022503969,1.93619431561949,0.297357317475646,1160.3592,2867,936
2.0530302962445,4.587001392032,0.239669863736722,1156.38856666667,2847,937
1.91396850584662,4.50075647698268,0.216014444500721,1156.9558,2852,937
2.73317594443305,2.65752930237381,0.289603576041468,1156.9558,2851,938
1.69168147995579,4.43392228814691,0.234083837250145,1158.69086666667,2861,939
7.54372096342707,-6.52208210144673,7.70778517827931,1159.59176666667,2864,940
-3.75835794901633,3.81251836956347,0.570461826035573,1160.39256666667,2869,941
2.25136173089733,3.00626010696705,0.21489481837531,1160.9598,2871,942
3.2490541971723,2.09029237891217,0.309201754600453,1162.09426666667,2874,943
3.15243110490622,2.14179013482318,0.257852337034313,1162.6615,2876,943
3.08012870678166,2.17312661604362,0.227459683024043,1163.19536666667,2877,943
3.08100148868326,2.17367347464354,0.227383537292109,1163.22873333333,2877,943
1.75618770937788,3.43058624047269,0.311389286624516,1163.79596666667,2880,944
1.67890638852564,3.42348662064221,0.281847295966681,1164.3632,2882,944
1.51752630062481,3.44735196281722,0.255984045157309,1164.93043333333,2886,944
3.07011845875467,2.35087504400379,0.308656941072003,1164.3632,2881,945
2.95908677080179,2.42230745002003,0.315218153978682,1164.93043333333,2885,945
2.87818381173495,2.49454576821228,0.31308522308065,1165.49766666667,2888,945
2.80281862557562,2.51247505643346,0.283121061799875,1166.0649,2891,945
2.65769089301075,2.5019022209151,0.322955655437322,1166.63213333333,2894,945
1.92459240881913,-3.49587487412021,0.360255596826491,1164.3632,2883,946
2.52269908152345,-3.10587035709517,0.477288674207267,1165.49766666667,2889,947
2.73515225986867,-2.94256354063649,0.530993753322451,1166.0649,2893,947
14.4060432784402,-1.57504165020553,7.25860621169624,1167.6665,2896,948
14.4079616881773,-1.57535951187301,7.26586498588694,1167.69986666667,2896,948
2.55899272250222,2.63703816220871,0.200060144003996,1168.33383333333,2897,949
3.07772807331074,-2.24687798353647,0.697957338731579,1168.33383333333,2898,950
2.40635106850674,2.6067734764827,0.303103238153124,1169.4683,2899,951
2.21464440856716,2.56044119402121,0.324200703268653,1170.03553333333,2900,951
2.21296898477361,2.55856419158655,0.323898985126777,1170.0689,2900,951
2.01830090322485,2.4702170630944,0.324809062550328,1170.60276666667,2901,951
2.01775183823836,2.46824978620248,0.324924124426958,1170.63613333333,2901,951
2.03876167455709,2.39012959585688,0.296294919244696,1171.17,2904,951
2.02591643686086,2.23362324105967,0.303143721583635,1171.73723333333,2906,951
2.02430971458105,2.23139628676258,0.303689375574057,1171.7706,2906,951
1.8825057427361,2.11105908942832,0.329201744047319,1172.30446666667,2909,951
1.88102224518656,2.10938743784962,0.330928811106326,1172.33783333333,2909,951
1.77943021766037,1.92020113778749,0.289058089674873,1172.8717,2914,951
1.71093708812857,1.77445972680422,0.360837169604777,1173.43893333333,2917,951
1.68971846555675,1.58258628480786,0.431147594538676,1174.00616666667,2920,951
1.70234207664012,1.33148763128437,0.381664392025898,1174.5734,2922,951
2.15932678352963,4.7423019552611,0.361848310527571,1170.60276666667,2902,952
2.07851556297977,4.43558036467556,0.254557366595126,1171.17,2905,952
1.94435112112448,4.24307157999806,0.296929434469822,1171.73723333333,2907,952
2.01029632017866,3.98188650174105,0.418458357329799,1172.30446666667,2910,952
1.92689265457889,3.68533013185866,0.380233222553221,1172.8717,2913,952
1.77801989147827,3.57844666353452,0.306784557507994,1173.43893333333,2916,952
1.7755861944112,3.57561319517649,0.303978315557493,1173.4723,2916,952
1.69581700363203,3.31078142690334,0.275151889225061,1174.00616666667,2919,952
1.75277636819365,3.04564371671767,0.356593044930006,1174.60676666667,2923,952
1.81004960643328,2.87562633305969,0.353893102383337,1175.174,2926,952
1.7299834698712,2.64429957337179,0.321739747532927,1175.74123333333,2928,952
1.63056644916164,2.379090447538,0.410191417540858,1176.2751,2929,952
1.62819383215275,2.377099914695,0.411316410676742,1176.30846666667,2929,952
1.36541029255935,2.20288115771657,0.397396918252288,1176.8757,2930,952
1.31669407215552,1.9327183105644,0.357331023923618,1177.44293333333,2931,952
1.39597945022923,1.76220135003147,0.366084296319222,1178.01016666667,2932,952
1.2909857394008,1.70328029349414,0.337413293414215,1178.5774,2934,952
0.961091180190607,1.79716322332349,0.281880965716947,1179.14463333333,2935,952
0.572608944384217,3.78349093729885,0.40585920122487,1170.60276666667,2903,953
0.114918281251557,3.65918609185923,0.427613007606495,1171.73723333333,2908,954
0.0772052668483306,3.65753493747204,0.628716817526559,1172.33783333333,2911,954
0.0665949156205906,3.5958707283065,0.556158201802261,1172.90506666667,2915,954
0.00269460713068348,3.51964933964889,0.354669476050642,1173.4723,2918,954
-3.01535301840346,3.25845873506469,0.583608788760817,1172.33783333333,2912,955
4.13405196055072,3.79998831782557,0.188685506342429,1174.03953333333,2921,956
15.148283555846,-1.25481038308188,9.71378437211295,1174.9738,2924,957
0.345718068370276,2.34158447028306,0.362224153860565,1175.14063333333,2925,958
0.141476341243185,2.1509536086572,0.445424460114991,1175.70786666667,2927,958
1.66343744735153,-9.07471741366555,9.53926183065607,1178.2771,2933,959
1.69669011372723,-8.97295235224776,9.46170967685837,1178.31046666667,2933,959
4.65633016213313,-1.14962969968528,0.773153936440321,1179.178,2936,960
0.464223347046135,1.923799266359,0.265178624037596,1180.2791,2937,961
0.553457456017258,2.27537821948739,0.392870281422239,1180.8797,2940,961
3.88997209078756,-0.607629177131034,0.712343150994733,1180.31246666667,2938,962
3.67154450450296,-0.285291209801931,0.682804195159672,1180.8797,2941,962
3.68825219738664,-0.10145519998243,0.653130501541744,1181.44693333333,2943,962
3.70119298803161,0.202037197519103,0.569935756923792,1181.9808,2944,962
3.69762803002042,0.206714746424518,0.568013789539239,1182.01416666667,2944,962
3.60304941044088,0.509068362180244,0.490383344503478,1182.5814,2946,962
3.37458779201557,0.717388358120234,0.47358366584607,1183.14863333333,2947,962
3.19892824802417,0.955824645639947,0.527832913778284,1183.71586666667,2949,962
2.94894686642739,1.0798498575779,0.451938889275804,1184.2831,2951,962
2.66922908669577,1.28272790192331,0.430726769809854,1184.85033333333,2953,962
2.65259086876685,1.58466794980867,0.416083834979668,1185.41756666667,2955,962
2.70896379944676,1.87759012790754,0.372596933474876,1185.9848,2956,962
0.135272566117193,5.99778567192597,17.2216593341976,1180.84633333333,2939,963
7.75723627260866,10.9408089296869,1.81659613617752,1181.41356666667,2942,964
3.37863401807987,4.54524386051997,0.395315980187971,1182.5814,2945,965
2.31195028974383,3.14378325041149,0.407717539833934,1183.71586666667,2948,966
2.27627711426049,3.13814874798562,0.428143899411608,1184.2831,2950,966
7.84005118727045,-5.77973992385617,8.01465300353042,1184.34983333333,2952,967
3.57400353061478,5.27088911784328,0.210341206368626,1185.41756666667,2954,968
3.38073581645175,5.18796484160318,0.257813992167704,1185.9848,2957,968
3.26263725014284,5.25547590455837,0.310928556597064,1186.55203333333,2958,968
3.62328529600178,-2.49213306120533,0.378430416335656,1186.55203333333,2959,969
2.74145138899726,2.65292349337107,0.40620277581645,1187.11926666667,2960,970
2.5618086472575,2.99832248025511,0.407927350230876,1187.6865,2961,970
2.35741001960768,3.18385703605003,0.430985515485992,1188.25373333333,2962,970
1.95884249554888,3.36650261022578,0.421645966426466,1188.82096666667,2963,970
2.69926107747465,4.07663694763532,0.313531820687009,1188.82096666667,2964,970
1.95315188784338,3.3721108678383,0.421441183560085,1188.85433333333,2963,970
1.5301183293988,3.76249725050232,0.510907337759507,1189.3882,2965,970
2.61392606870186,-1.09106183262261,0.284853754428506,1191.0899,2966,971
0.229198434674732,4.41041911660062,0.612362066968748,1191.65713333333,2967,972
0.225737260201575,4.39990248859603,0.614113602493989,1191.6905,2967,972
-0.224882787738057,4.3595638553828,0.610425740770101,1192.25773333333,2969,972
-0.713705113818685,4.37837399356155,0.574404056553985,1192.82496666667,2971,972
2.10645730858864,3.88082569476571,0.191868370755675,1191.6905,2968,973
2.01586995493146,3.72138005316381,0.208847381401942,1192.82496666667,2970,974
4.11827829947276,1.91429298379644,0.435469794645576,1193.95943333333,2972,975
3.99694495488096,1.93595613850873,0.390636767418932,1194.52666666667,2974,975
1.82429745223315,3.66812302988949,0.286152022559247,1193.95943333333,2973,976
1.74796458063444,3.55426442017759,0.337619903191504,1194.52666666667,2975,976
-2.1070533665648,4.46379430375499,0.562727786384482,1195.12726666667,2976,977
-2.46173579305911,4.31583686161327,0.571500634375868,1195.6945,2979,977
3.62654094928051,1.80087093337875,0.304004089088425,1195.6945,2977,978
3.40931004029839,1.74030559631192,0.302079818402639,1196.26173333333,2980,978
3.16864240723902,1.73851572929702,0.252123445217226,1196.82896666667,2983,978
2.94604009411908,1.7164876064997,0.209559933069256,1197.3962,2986,978
2.74420550089106,1.72259772784514,0.217880048519263,1197.96343333333,2987,978
1.56432724028765,3.44171133160209,0.236873319833411,1195.6945,2978,979
1.4185753059418,3.34274262765986,0.233927676950239,1196.26173333333,2981,979
1.24283337078243,3.30000161417351,0.270091468423989,1196.82896666667,2984,979
-1.4478501286016,2.82767777310162,0.619199361078282,1196.26173333333,2982,980
-1.53941983483201,3.01551845044772,0.605256840854949,1196.82896666667,2985,980
0.734858744465003,3.13507999636934,0.281623198195362,1199.13126666667,2988,981
0.577574735536979,3.11425301380873,0.288326656357943,1199.6985,2989,981
0.442043972411659,3.10686848211562,0.245585338708025,1200.26573333333,2992,981
0.351230431695917,3.12867564629305,0.24505973949848,1200.83296666667,2996,981
0.163524047400063,3.08535419137641,0.27753284949395,1201.4002,2999,981
-2.14831708579099,1.83803950556615,0.261270100645357,1199.6985,2990,982
-1.97209826094432,1.74772188923762,0.289353123812788,1200.26573333333,2994,982
-1.75614401813936,1.82241504230046,0.312925678875838,1200.83296666667,2997,982
-1.50890329477268,1.93456486056211,0.285609286771909,1201.4002,3000,982
-1.21018555978295,2.05834912583468,0.235080693328661,1201.96743333333,3003,982
-0.995035716129096,2.16123508472444,0.275943345332817,1202.56803333333,3008,982
-0.706314440159784,2.0817731655431,0.299170135200537,1203.13526666667,3011,982
-0.394497947118933,1.98661112777564,0.330215811073854,1203.7025,3014,982
-0.0760851352462266,2.07432457757674,0.332175676983203,1204.26973333333,3016,982
0.265540221972008,2.22975512934222,0.30495120144512,1204.83696666667,3018,982
2.01156027281073,-11.1991817631611,10.032799574347,1200.06553333333,2991,983
-1.66960258627663,7.10928414327408,0.196826135948457,1200.26573333333,2993,984
-1.71323005668346,7.09147665786453,0.323755090742265,1200.83296666667,2995,984
-1.7431877212615,7.09803373877251,0.387192997607292,1201.43356666667,3002,984
8.85268920808776,8.59058565462134,6.26248400308513,1201.33346666667,2998,985
-0.264921406747755,-0.581768864165766,0.312158987086913,1201.4002,3001,986
1.44401526310108,3.86650565616459,0.253998714990956,1202.0008,3004,987
1.63352787668664,3.73634798564054,0.258847211858662,1202.56803333333,3006,987
1.73004348408566,3.65665413160175,0.225203620513496,1203.13526666667,3009,987
1.81320351766686,3.61071070831721,0.149411116688812,1203.7025,3012,987
-0.256083851967768,4.19901968996574,0.347336241266184,1202.0008,3005,988
-0.258668727503736,3.16166566062013,0.346450287548138,1202.56803333333,3007,989
-1.81207099051939,6.53236057949282,0.374278074637633,1203.13526666667,3010,990
-1.9042580658848,6.42821000612442,0.385843427343871,1203.7025,3013,990
-1.99590075990989,6.20174512665545,0.405701166549093,1204.26973333333,3015,990
-1.94367932909828,5.92143163441163,0.404244325352325,1204.87033333333,3019,990
-1.91077106002163,5.59801664680773,0.435192233287793,1205.43756666667,3021,990
-1.85663813994236,5.34909219548407,0.449643362388386,1206.0048,3023,990
-1.76203563501172,5.16501241666133,0.414245863672454,1206.57203333333,3025,990
-1.78594421148238,5.02873323130575,0.372581991058787,1207.13926666667,3027,990
-1.8094334576725,4.87720211258989,0.309281711571094,1207.7065,3029,990
10.7542217756609,-1.02529070943823,7.17029243547531,1204.7035,3017,991
10.731292388043,-0.985579492270595,7.14724725381212,1204.73686666667,3017,991
1.99365166477903,3.18017233133011,0.217343108213029,1205.43756666667,3020,992
2.03391996448105,3.01113814591109,0.246431220445627,1206.0048,3022,992
2.13451166152052,2.87265787660441,0.227250105445863,1206.57203333333,3024,992
2.2690569426609,2.75260878346013,0.268006110383498,1207.13926666667,3026,992
2.40078612616807,2.68029974419287,0.268983068533435,1207.7065,3028,992
-2.42187858038092,1.93556633112441,0.325416494075919,1207.7065,3030,993
-2.42832179719286,2.21862172274254,0.339537925274369,1208.27373333333,3031,993
-1.83583554844602,4.5819046544436,0.346184644939078,1208.87433333333,3032,994
-1.76687182919618,4.43214214440229,0.364993702969474,1209.44156666667,3034,994
-1.6629632566438,4.36820259116991,0.366162317598366,1210.0088,3035,994
-1.55080929436236,4.14399671079214,0.338457156811167,1210.57603333333,3036,994
-1.44242400314438,3.89184942541147,0.392027969625625,1211.14326666667,3037,994
-1.34743742608104,3.77393557537105,0.460131187587804,1211.74386666667,3038,994
-1.30296916722207,3.58862931100561,0.480926584360946,1212.3111,3039,994
-1.23851005246325,3.45122613720306,0.463311140597208,1212.87833333333,3040,994
-1.171097819932,3.24521003811193,0.411273258971738,1213.44556666667,3041,994
-1.18186187160818,3.23855627031079,0.517484314599215,1214.0128,3043,994
-1.10589079037726,3.01759544412064,0.395564901210646,1214.0128,3044,994
-0.977096913587302,2.84273008995739,0.36305548515171,1214.58003333333,3045,994
-0.933437421301003,2.70835129831347,0.348260448717154,1215.14726666667,3046,994
-0.954786581334734,2.58280042937551,0.366061997189804,1215.7145,3049,994
-0.866431486505756,3.35345426005313,0.303418278934884,1215.74786666667,3051,994
-1.02216427733283,2.34307955551763,0.381649426611214,1216.28173333333,3052,994
-1.02408428666197,2.3406989672517,0.382547583446234,1216.3151,3052,994
-0.790699533640996,3.40332730281145,0.218818633787925,1216.3151,3054,994
-1.08498503341784,2.11343405741903,0.426075595499214,1216.84896666667,3055,994
-1.08671659910689,2.11046306302057,0.426534248444961,1216.88233333333,3055,994
-1.03401361500679,1.88278605105636,0.449694688634361,1217.44956666667,3057,994
-0.816464348227964,1.73544472098753,0.410530371554684,1218.0168,3060,994
-0.68275322452041,1.62996464361714,0.413456426784878,1218.58403333333,3061,994
-0.481504821729431,1.4882033660343,0.432448055550782,1219.15126666667,3062,994
-0.25659154213795,1.33196687297414,0.476685772582734,1219.7185,3063,994
-0.25345689862687,1.33001376841551,0.477517304672876,1219.75186666667,3063,994
0.0673490898474783,1.18870753135566,0.496573204870324,1220.28573333333,3064,994
0.0724837056140445,1.18764546773619,0.497260290191377,1220.3191,3064,994
-0.0892457649465549,2.14968732494537,0.423587518275293,1220.88633333333,3065,994
0.656333059994473,2.19879903002132,0.353540074337826,1221.45356666667,3068,994
2.80709570386868,2.45982349656457,0.249554700859526,1209.44156666667,3033,995
-1.89019339361676,4.3930660567855,0.329481291966231,1214.0128,3042,996
-0.931018024893555,-1.85188988813015,0.301582935580035,1215.14726666667,3047,997
-1.08830223176192,-1.46039711185409,0.289525292916981,1215.7145,3050,997
-1.06497779522264,-1.08107774230933,0.257108075989255,1216.28173333333,3053,997
-1.05533943255346,-1.06892519320632,0.258440577075477,1216.3151,3053,997
-1.0399579088445,-0.687451860349112,0.2558299611466,1216.88233333333,3056,997
-1.12491913860212,-0.343460768007722,0.278090190423414,1217.44956666667,3059,997
-3.81677968291068,6.66716325626914,-0.0730900739355015,1215.18063333333,3048,998
-4.13183800186223,0.483838525713436,0.496537718400014,1217.44956666667,3058,999
-0.278879557073178,-0.718623612390579,0.396200354805198,1220.88633333333,3066,1000
-3.14124315839595,1.54690255052709,0.381522457984334,1221.45356666667,3067,1001
-2.9846671731789,1.71305901217264,0.391581938379243,1222.0208,3070,1001
-2.44875865908834,1.05479607232447,0.379515823502048,1222.0208,3071,1001
-2.41999589374307,1.3328757192963,0.376246515972624,1222.58803333333,3076,1001
-2.34996943760427,1.54184999482672,0.376243632587785,1223.18863333333,3082,1001
-1.3343970689207,-2.08667516753606,0.28010212568679,1221.45356666667,3069,1002
-1.22893615039885,-1.91752926274084,0.275094548411627,1222.0208,3072,1002
-1.14008934094247,-1.66071264887591,0.260375693213767,1222.58803333333,3077,1002
-1.03261931686615,-1.46071803597001,0.297014371225958,1223.15526666667,3081,1002
-0.89739917566921,-1.25838551639317,0.34569441855547,1223.7225,3084,1002
-0.731807294548585,-1.01653758195007,0.307668935030268,1224.28973333333,3088,1002
0.930809377020739,1.02010691548876,0.41424445146415,1222.0208,3073,1003
1.21389945066167,0.917469140500277,0.435387602172368,1222.58803333333,3078,1003
0.0356782521850608,5.79932839679217,0.328628793083531,1222.58803333333,3074,1004
0.192419034671681,2.30427141666382,0.526332834196499,1222.58803333333,3075,1005
-2.09049556525056,3.70859655249617,0.461233445958571,1223.15526666667,3079,1006
-1.86535819699686,3.72711769081523,0.447710361076221,1223.75586666667,3085,1006
-1.68960304719313,3.78953968917371,0.459661888264043,1224.3231,3089,1006
-4.23484372124232,-0.83214409793833,0.558202378724765,1223.15526666667,3080,1007
-3.90213146666084,-0.899570028254086,0.607888320289711,1223.7225,3083,1007
1.77762066790407,0.682740436687969,0.470202597759237,1223.75586666667,3086,1008
1.97947951564578,0.64025593594877,0.543887389638558,1224.3231,3090,1008
4.12888541279844,0.155962911389123,0.439063197670912,1223.75586666667,3087,1009
3.99865511693743,0.265267041236629,0.479077490076632,1224.3231,3091,1009
3.84931188996304,0.423718005626806,0.465542727200234,1224.89033333333,3093,1009
3.76897485286505,0.708920849198615,0.408619337103998,1225.45756666667,3097,1009
-2.05921559990917,2.04660077438444,0.368091096725469,1224.89033333333,3092,1010
-1.40043956397034,3.87603629042762,0.385895333073629,1225.45756666667,3094,1011
-1.27569536522213,3.80237538665921,0.403647956500768,1226.0248,3098,1011
-0.996496972270951,3.72020511042705,0.427624898145677,1226.59203333333,3101,1011
-0.737381231396313,3.73358295959028,0.448648422042189,1227.15926666667,3104,1011
-0.324918470095316,3.37406786440457,0.523753452330338,1227.19263333333,3108,1011
-0.398165793211917,3.71436398931726,0.412056475435938,1227.75986666667,3110,1011
-0.116145414377126,3.7037062910788,0.354079178407861,1228.3271,3111,1011
-3.19768896214642,-0.724736234372652,0.471031169779508,1225.45756666667,3095,1012
-3.00968220218155,-0.622020919991817,0.381888527725961,1226.0248,3099,1012
-2.8803514917551,-0.418560381370701,0.366617465241627,1226.59203333333,3102,1012
-2.8794947600768,-0.141577858045781,0.405396641844387,1227.15926666667,3105,1012
-0.389709195586781,-0.721672558468086,0.265709291942467,1225.45756666667,3096,1013
-0.364269475688171,-0.543983345428676,0.290421383056128,1226.0248,3100,1013
-0.424995759134534,-0.400035794067618,0.310743313916843,1226.59203333333,3103,1013
-0.417058632825289,-0.263598373216189,0.33038497103594,1227.15926666667,3106,1013
-0.228618819643646,-0.0913291575605324,0.343016486150384,1227.7265,3109,1013
-0.226949256684562,-0.0889286354126576,0.343771324148183,1227.75986666667,3109,1013
-0.00816073387361005,0.137084560133412,0.308994358783043,1228.3271,3113,1013
0.14769877626652,0.307208408856088,0.312350848241399,1228.89433333333,3114,1013
0.314761329034169,0.397837674532606,0.338187641681423,1229.46156666667,3115,1013
0.423162580001711,0.572223277937205,0.363062192819262,1230.0288,3118,1013
0.472552767009374,0.724658445123946,0.404147282231038,1230.59603333333,3122,1013
0.445287319510367,0.678417052900542,0.500992844780041,1230.6294,3122,1013
0.525167124056762,0.519345816397389,0.453729398227832,1231.19663333333,3126,1013
0.557077046927456,1.02353836147058,0.31559412760208,1231.76386666667,3130,1013
0.605620495480941,1.14998315136415,0.295219394135753,1232.3311,3136,1013
0.674225571580968,1.34355971485281,0.276863699297027,1232.89833333333,3141,1013
0.555451530737162,0.743972863291418,0.284626930783099,1233.46556666667,3144,1013
4.00488964991987,1.41449360944679,0.563011973138487,1227.19263333333,3107,1014
-4.33027389404929,2.04287262780878,0.457888271761656,1228.3271,3112,1015
3.1671000217187,-0.0653899583418334,0.332387070600913,1229.46156666667,3116,1016
3.14514066927528,0.00801758589106816,0.324438515689657,1230.0288,3119,1016
-2.99131076712217,0.779378239112929,0.460856394941551,1230.0288,3117,1017
-2.72161195774412,0.989472150982091,0.527198213437235,1230.59603333333,3121,1017
-3.58001540153578,1.99607651729966,0.546207849298405,1230.06216666667,3120,1018
-3.2528152936574,1.99993662135976,0.503696038507771,1230.6294,3123,1018
-3.18496151474088,2.26667325602277,0.48723412048786,1231.19663333333,3124,1018
-2.8412310031656,2.05847909159192,0.435964757562412,1231.19663333333,3125,1018
-2.7142946092003,2.11346750314954,0.458115998827424,1231.76386666667,3128,1018
-2.36595907986652,2.14805695976123,0.35582963822815,1232.3311,3132,1018
-2.80843494801467,2.10197069962905,0.402595732437295,1232.89833333333,3138,1018
-5.26609784572189,2.16151700865606,0.451911420164689,1231.76386666667,3127,1019
-3.61279437091767,0.705780592895046,0.495006976469687,1231.76386666667,3129,1020
-4.14605652931332,0.716520118306993,0.493188699995721,1232.3311,3133,1020
-4.01047996155262,0.709406091492622,0.464413273995978,1232.89833333333,3139,1020
-1.31280324746096,4.22108752741704,0.484273356698552,1232.3311,3131,1021
-1.09032106319339,4.17359727137123,0.475985547183083,1232.89833333333,3137,1021
-1.74593309017082,1.28849704618185,0.467492548913864,1232.3311,3134,1022
-1.53654221075902,1.32222587222547,0.379786985826397,1232.89833333333,3140,1022
-1.31558015987636,1.47026142997919,0.405616367472059,1233.46556666667,3142,1022
-1.06019956391171,1.69941901007915,0.41032706067936,1234.0328,3146,1022
-1.05711211696822,1.70326582511672,0.410561610933247,1234.06616666667,3146,1022
-0.937793231396905,1.87425328027135,0.370729416299039,1234.6334,3151,1022
-0.794501979820484,-0.844741023268843,0.189301150363526,1232.3311,3135,1023
-0.68854198668216,-0.598203539326688,0.238912389326745,1233.46556666667,3143,1024
-0.633804025905655,-0.417834895724133,0.224248122068003,1234.0328,3147,1024
-0.484003361586142,-0.292375233146309,0.260870075655418,1234.60003333333,3149,1024
-0.346427269484822,-0.213240394520362,0.289933478502987,1235.20063333333,3154,1024
-0.233914203579849,-0.102590329288615,0.313472728205516,1235.76786666667,3159,1024
-0.0969863420212893,-0.0259811732074784,0.362704645797539,1236.3351,3163,1024
-0.0206008727011381,-0.00274676042542954,0.324058319266354,1236.90233333333,3165,1024
0.0836452718093189,0.0790000474501752,0.29968586264018,1237.46956666667,3167,1024
0.256225596425835,0.18671007980129,0.331379573887371,1238.0368,3169,1024
0.22981573164001,0.325023448184517,0.319018974228534,1238.6374,3173,1024
0.271027775785369,0.551859950747287,0.26157365903239,1239.20463333333,3176,1024
0.217615260757869,0.755932064587327,0.247277549291005,1239.77186666667,3179,1024
0.183020088831253,0.848754483544305,0.280446174308247,1240.3391,3182,1024
0.287912036096049,0.970050615158499,0.288859425200321,1240.90633333333,3183,1024
0.480248600349762,1.2191732720726,0.276037125052291,1241.47356666667,3185,1024
0.63639155942896,1.34838403135435,0.315604912168149,1242.07416666667,3192,1024
-2.61280985396955,1.74659575882363,0.27253499709986,1234.0328,3145,1025
-0.502399652686451,4.29826188293002,0.377897203932254,1234.06616666667,3148,1026
-0.636931908080481,6.89992986819728,0.199661434339951,1234.6334,3150,1027
-2.62069714050134,1.5981144465046,0.0985281344439873,1235.20063333333,3152,1028
-5.4816095057286,0.651430273031648,0.54641973288602,1235.20063333333,3153,1029
-5.261833562664,0.606388307146519,0.633155959904876,1235.76786666667,3157,1029
-4.95364031554411,0.559097089218277,0.679118150335181,1236.3351,3161,1029
1.14262119018619,2.10792697126532,0.374092663386763,1235.20063333333,3155,1030
1.39933902129029,2.12666649755464,0.34212772460779,1235.76786666667,3160,1030
0.367823542258176,4.53068704951927,0.342888388380386,1235.76786666667,3156,1031
-3.25244402880346,0.214201841944,0.507379360271148,1235.76786666667,3158,1032
-1.96406198903145,1.36408643421055,0.262956629808976,1236.3351,3162,1033
-1.73092456751485,1.23801120905093,0.278170111396287,1236.90233333333,3164,1033
-1.54670131873837,1.20355390351057,0.274231684328078,1237.46956666667,3166,1033
-1.34939402854966,1.22213836543243,0.20878816782156,1238.0368,3168,1033
-1.17576223651019,1.24901294988047,0.230887471324834,1238.60403333333,3171,1033
-1.17740017224986,1.24959853637277,0.230808911821539,1238.6374,3171,1033
-1.04248570523055,1.30626109379575,0.168222198881632,1239.20463333333,3175,1033
-1.0587841230475,1.34239089955737,0.213188439455082,1239.77186666667,3178,1033
-1.10901116198298,1.46366284146305,0.287433630948334,1240.3391,3181,1033
-4.02375217422638,0.815778167002816,0.485865490486474,1238.07016666667,3170,1034
-3.78956384234236,0.835197938288328,0.462085620206334,1238.6374,3172,1034
-3.61647527474152,0.748413936291866,0.455251182143072,1239.20463333333,3174,1034
-3.47844917151825,0.625362057290363,0.523217010941711,1239.77186666667,3177,1034
-3.32982542450009,0.526053823131044,0.504703132799079,1240.3391,3180,1034
-1.31387551355076,4.55389366026021,0.394843687020361,1240.9397,3184,1035
-1.12153858335604,4.52676405784007,0.443491181177176,1241.50693333333,3186,1035
-0.852268797680761,4.48545051959449,0.420168704774315,1242.07416666667,3189,1035
-0.765815846034007,1.85964846719736,0.329581955011039,1241.50693333333,3187,1036
-0.526658879818092,1.98497497708973,0.32028636385898,1242.07416666667,3190,1036
-0.280283424240212,2.11670368624137,0.323635574398777,1242.6414,3193,1036
-2.97149364458926,0.229344273947235,0.440473697744417,1241.50693333333,3188,1037
-2.73366730812182,0.14815748333042,0.440523470772166,1242.07416666667,3191,1037
-2.55121227473654,0.127293937459281,0.401875243484898,1242.6414,3194,1037
-0.479379778253165,4.62793293361673,0.526676011795522,1243.77586666667,3195,1038
-0.490366318243451,4.5907138298794,0.56201004518613,1244.37646666667,3198,1038
-0.320847127737472,4.56359405207371,0.548504029104645,1244.9437,3199,1038
-2.54558031074532,0.122210243401861,0.365734872396347,1243.77586666667,3196,1039
-2.70163458679953,0.435090750419555,0.419200202300647,1244.3431,3197,1039
0.937470296865228,1.01824984911205,0.289924247400377,1245.47756666667,3200,1040
-0.989599503382608,3.50210353772416,0.380686047930746,1246.07816666667,3201,1041
-0.738763673593409,3.4418101641104,0.318811838793797,1246.6454,3203,1041
-0.533052573058735,3.37545812109284,0.294457533784074,1247.21263333333,3205,1041
-0.311666627184285,3.40095095566338,0.270169558505527,1247.77986666667,3207,1041
-0.173776806014721,3.3541779566632,0.267341532876511,1248.3471,3208,1041
-2.74342162375378,1.56875723186435,0.567751321657692,1246.07816666667,3202,1042
-2.57516245228123,1.81763294332975,0.55052074024647,1246.6454,3204,1042
-2.428372047756,2.19644945659125,0.525660692029793,1247.21263333333,3206,1042
0.540442532855345,3.44875748781115,0.235771890574823,1251.21663333333,3209,1043
0.723166060100859,3.52590278249701,0.255324234559892,1252.3511,3210,1044
-2.49633573305883,3.96604227511449,0.455982218760371,1252.3511,3211,1045
-0.0367217438845124,-0.981502912248922,0.335126383499014,1252.3511,3212,1046
-0.0931053878593523,-0.7955962109174,0.31975428709674,1252.91833333333,3213,1046
-0.0330547880307253,-0.75279787112709,0.25892061695475,1253.48556666667,3215,1046
0.0666193492667134,-0.68807906821737,0.254489859846201,1254.0528,3216,1046
0.140821951524736,-0.518299479794417,0.202859895391342,1254.62003333333,3217,1046
0.285945090412714,-0.359122252802619,0.193034025094027,1255.18726666667,3219,1046
0.396328064556064,-0.13912683703473,0.23180902310767,1255.7545,3222,1046
1.87464430258075,-0.358678979244511,0.288331907461228,1255.7545,3223,1046
1.87229978135473,-0.356514234449115,0.289245059082106,1255.78786666667,3223,1046
0.564252407235278,0.107333268194308,0.270295663425878,1256.32173333333,3224,1046
1.7567319609733,-0.140484105641442,0.326689354695608,1256.32173333333,3225,1046
0.565154989323358,0.109469263566478,0.270816716075462,1256.3551,3224,1046
1.75558078638702,-0.137132831440688,0.327533577688913,1256.3551,3225,1046
1.50524248633381,0.122984421193147,0.391246865484898,1256.92233333333,3229,1046
0.718690526589511,0.408634873338132,0.256305424149061,1257.4562,3230,1046
1.19854192564824,0.409387021262361,0.41467990714833,1257.48956666667,3232,1046
0.847512107628189,0.769899106113856,0.380731808773331,1258.0568,3234,1046
0.575947283003452,0.894986768752453,0.348646812575621,1258.62403333333,3237,1046
1.00444189848652,0.300312382609538,0.185480811062138,1258.62403333333,3238,1046
0.267198529797198,0.999098913335418,0.323632811926382,1259.19126666667,3239,1046
1.13541707952874,0.283238719277365,0.179901588379645,1259.19126666667,3240,1046
-1.91904426884361,4.06694858492743,0.37244418391444,1253.48556666667,3214,1047
-1.493679036759,4.1585897221459,0.422547753159633,1254.6534,3218,1048
-1.33907565928995,4.30725874735253,0.403658095571239,1255.22063333333,3221,1048
3.51960080458938,0.77058561657254,0.393057478366181,1255.18726666667,3220,1049
1.38994086096789,3.44878776156744,0.224897144772265,1256.3551,3226,1050
-0.655140244041348,4.56586020756186,0.394126231109651,1256.3551,3227,1051
-0.4128048595526,4.51526640203891,0.430640336555645,1256.92233333333,3228,1051
-0.159058413678622,4.47948633688313,0.414346390212731,1257.48956666667,3231,1051
0.0798609894637392,4.28160941223462,0.366537454109283,1258.0568,3233,1051
0.318594393716581,3.99557584464051,0.343544206071151,1258.62403333333,3236,1051
0.321027149068341,3.99803669378357,0.340979525043407,1258.6574,3236,1051
2.53999153835188,3.08552121343534,0.366466992923167,1258.62403333333,3235,1052
1.94720398486171,5.79639364397676,0.345827106717436,1259.22463333333,3241,1053
-3.90041291333342,2.40401930578109,0.533061643852864,1260.3591,3242,1054
-2.24623036346543,-0.205558377703987,0.261953220297119,1260.3591,3243,1055
1.56836775333057,0.383525042676097,0.40846679094771,1260.92633333333,3244,1056
1.77403179900111,0.331603706861665,0.402811532684595,1261.49356666667,3245,1056
1.74889148834957,0.673429777966926,0.302307891128185,1262.0608,3248,1056
1.69015213219761,0.854611815564408,0.261351430317537,1262.62803333333,3251,1056
1.5666663821642,1.02044230889329,0.313343365106424,1263.19526666667,3255,1056
1.31767465351738,1.1732786003034,0.346944196451718,1263.7625,3259,1056
1.31485483458173,1.17592093921228,0.34671243195724,1263.79586666667,3259,1056
1.06637957875877,1.27410952423361,0.319001863757216,1264.32973333333,3262,1056
1.06232769210262,1.27471874309289,0.318755460450589,1264.3631,3262,1056
0.797071842199085,1.40047772389938,0.276537503677424,1264.93033333333,3264,1056
-3.59005787538121,2.01088740208569,0.519207493364789,1262.0608,3246,1057
-2.4962891967709,-0.443789003089072,0.55671945302788,1262.0608,3247,1058
-2.29619185225481,-0.306475337517313,0.490036962376382,1262.62803333333,3250,1058
-2.19033448917343,-0.22157445874415,0.373341610955866,1263.19526666667,3254,1058
-2.04390889171941,-0.22802344392571,0.319189463446943,1263.7625,3258,1058
1.57140766950744,3.69927476022628,0.275952490195908,1262.09416666667,3249,1059
1.83257461105813,3.68073922756256,0.293809290778168,1262.6614,3252,1059
1.97778732454496,4.30901424195944,0.337148536091569,1262.6614,3253,1059
2.14743986580193,3.59984626793997,0.380411117747233,1263.22863333333,3256,1059
2.34842002380572,3.45274513261179,0.429189158312099,1263.79586666667,3260,1059
2.53642164911225,3.8448309314226,0.388300601997856,1263.79586666667,3261,1059
-3.24858251207599,1.51507895731233,0.443295355680495,1263.7625,3257,1060
-1.59122456538716,-0.169494138807764,0.386719497915235,1264.93033333333,3263,1061
-1.39739447117559,-0.146186928753067,0.394248933176506,1265.49756666667,3265,1061
-1.16248175447039,-0.112451484603732,0.351450769339268,1266.0648,3267,1061
-0.888924030089368,-0.065114096174558,0.2775960817158,1266.63203333333,3269,1061
-0.79982808105768,0.0772227168617595,0.300534744104101,1267.19926666667,3270,1061
-0.798948109414048,0.0785317537003762,0.300859998784882,1267.23263333333,3270,1061
-0.746658123267447,0.260379210741811,0.331437432303908,1267.79986666667,3273,1061
-0.645528248422869,0.368130514309628,0.34095494286606,1268.3671,3276,1061
-0.507742190846182,0.575126720083092,0.351363146260576,1268.93433333333,3279,1061
-0.360112599392528,0.75859034557187,0.362340053492885,1269.50156666667,3281,1061
-0.289115058867325,0.970056130447054,0.347458470205621,1270.0688,3284,1061
-0.289606324662398,0.972193051961004,0.346948468395103,1270.10216666667,3284,1061
-0.210974407885934,1.15899474258071,0.312728947845595,1270.63603333333,3286,1061
-0.209897699888421,1.16255495603011,0.312551149501738,1270.6694,3286,1061
-2.86866350903514,1.04896243216985,0.385977004100287,1266.0648,3266,1062
-2.7242480493803,0.760584036634954,0.376115196059968,1266.63203333333,3268,1062
3.92434732299235,0.29116030962266,0.530942112257971,1267.23263333333,3271,1063
3.82946755902274,0.221062750523108,0.517183976014736,1267.79986666667,3274,1063
3.59077791714722,0.22732278412341,0.44092514199159,1268.3671,3277,1063
3.37739778983315,0.213737021427461,0.427766554469088,1268.93433333333,3280,1063
3.09423335259964,0.2201499429937,0.406338937310845,1269.50156666667,3282,1063
2.90538647937056,0.106031799386164,0.427717270328728,1270.0688,3285,1063
2.70479585538969,-0.0683122411912201,0.420031086828808,1270.6694,3287,1063
2.51886716505056,-0.111487172609549,0.360708459883785,1271.23663333333,3290,1063
2.37941819140057,-0.0895895758494201,0.332124632192977,1271.80386666667,3292,1063
3.38906079362024,2.65788052811074,0.378953554335007,1267.79986666667,3272,1064
3.1959784919003,2.3871456329094,0.32750922251824,1268.3671,3275,1064
-2.19203591338623,0.0557015729817582,0.460662046652333,1268.93433333333,3278,1065
1.40330607622657,2.95872841044338,0.360532608890713,1270.0688,3283,1066
1.5369317279808,2.8765769835183,0.342386674531038,1271.23663333333,3288,1067
-1.52941094263586,0.223753500389535,0.353380249878096,1271.23663333333,3289,1068
-1.87326216120062,0.587742546413795,0.145059539401315,1271.80386666667,3291,1068
-1.43545994956823,0.891729598972235,0.510540636652053,1272.3711,3293,1068
-1.46300527970661,1.23133614066765,0.51618049809632,1272.93833333333,3295,1068
-1.47745419151069,1.5392005703846,0.419741318424309,1273.50556666667,3298,1068
-1.44290881759514,1.88423154333811,0.307483614460849,1274.0728,3300,1068
-1.29523258404887,2.03450866397942,0.334141715170016,1274.64003333333,3302,1068
-1.10022224457971,2.13326078175697,0.247957644051496,1275.20726666667,3305,1068
-1.09700100793604,2.13519627280121,0.246286560261706,1275.24063333333,3305,1068
-0.85536754584121,2.24480014535792,0.259494888006404,1275.80786666667,3307,1068
-0.619681522156644,2.28881029523246,0.338797782450695,1276.3751,3312,1068
-0.371141140193693,2.31033970597846,0.387426392821376,1276.94233333333,3315,1068
-0.039047785477768,2.40579443475429,0.353689228456632,1277.50956666667,3317,1068
0.244128345005649,2.45809876804982,0.265165269404666,1278.0768,3319,1068
-3.80771053660292,2.20972023415495,0.423477649154256,1272.93833333333,3294,1069
0.863803234181645,0.644980179835401,0.58233869209125,1272.9717,3296,1070
1.97304262601758,-0.00829710714584897,0.239196240208616,1272.9717,3297,1071
1.71981627490827,0.0551648969547518,0.235130076935624,1273.53893333333,3299,1071
1.54612970171085,0.0399298316468019,0.274278429206602,1274.10616666667,3301,1071
1.38494343596313,0.17594422004339,0.277878959941793,1274.6734,3303,1071
1.23977503528901,0.437935627842035,0.294737046349894,1275.24063333333,3306,1071
1.17691240643002,0.775837076221677,0.300481614039078,1275.80786666667,3309,1071
1.14543364051319,1.10976586530517,0.326213582937207,1276.3751,3314,1071
1.42279870954973,0.713170682145348,0.321868349023205,1276.94233333333,3316,1071
3.88094624885853,1.18036473429067,0.408974894754312,1274.6734,3304,1072
-5.3583179720516,-1.79409881092727,0.574528568541338,1275.80786666667,3308,1073
-4.91640899104444,-1.58515148040601,0.615469660939064,1276.3751,3313,1073
3.8311930451772,1.04584747007295,0.404570523759402,1275.80786666667,3310,1074
-0.509052337204926,3.49551740258569,0.434873899723625,1276.3751,3311,1075
0.118748005470589,3.850931886942,0.398487267223553,1278.0768,3318,1076
0.342429546472168,3.90382376027754,0.438227067305476,1278.64403333333,3320,1076
0.586654777392449,2.578588778319,0.297584217842084,1279.21126666667,3321,1077
-0.596206728012717,-1.64129095879404,0.343375774339712,1279.24463333333,3322,1078
-0.54345799352009,-1.26159402561793,0.341580794721999,1279.81186666667,3323,1078
-0.57803434822054,-0.94325989844631,0.366414676606012,1280.3791,3325,1078
-0.663010449254582,-0.607206393866415,0.396710708097941,1280.94633333333,3329,1078
-0.815234859061044,-0.321728313673669,0.372013306996657,1281.51356666667,3332,1078
-0.922167653449479,-0.0575320893638869,0.341467601783631,1282.0808,3334,1078
3.72080513029559,0.221749102971332,0.391342159670794,1279.81186666667,3324,1079
3.56254813375439,0.340195380369727,0.412892654123818,1280.3791,3327,1079
1.59237585621909,-3.17792148885473,0.453092662654014,1280.3791,3326,1080
-3.32934300336529,-1.92324166862931,0.462896854935806,1280.94633333333,3328,1081
-3.17816911496432,-1.7813834934142,0.518942612502083,1281.51356666667,3331,1081
-2.67919454211861,5.45578980782739,0.421883802925521,1281.51356666667,3330,1082
1.41423851047777,-2.96341263256973,0.364418338179601,1281.51356666667,3333,1083
-2.83768350826018,-1.37726324224484,0.602660230650407,1282.6814,3335,1084
-2.68263021255122,-1.17884384263975,0.560129642072517,1283.24863333333,3338,1084
-2.53482071840241,-0.977931833112643,0.486513914160337,1283.81586666667,3340,1084
1.38702176703305,-2.03802197776702,0.436031003150544,1283.21526666667,3336,1085
1.69016931275637,3.16669093537782,0.67705449167319,1283.24863333333,3337,1086
1.93338530359655,3.07979562778523,0.552743142847304,1283.7825,3339,1086
-1.15265662798885,7.8214491297536,0.10165987503936,1284.3831,3341,1087
-1.16228269763473,7.60747677647368,0.161683090377805,1284.95033333333,3344,1087
-1.16973594576634,7.38083227070771,0.191450401482129,1285.51756666667,3346,1087
-1.05381781031707,7.19942399196397,0.214809993963644,1286.0848,3350,1087
-0.933177756504727,7.00730731580117,0.203301045877503,1286.65203333333,3354,1087
-2.05655444012805,5.11539143175599,0.335233222941936,1284.3831,3342,1088
0.0765641638520708,1.90347987567401,0.513523978675001,1284.3831,3343,1089
-1.05677234857486,4.90477657777278,0.272997656658719,1284.95033333333,3345,1090
-1.90738485910269,5.05143507517461,0.37109466253997,1285.51756666667,3347,1090
-1.8185837090557,4.9516934701454,0.347417652517848,1286.0848,3352,1090
-2.65787103246736,0.0621217524858528,0.635294875409372,1285.51756666667,3348,1091
-2.79008457729336,0.41231542947161,0.587746381852275,1286.0848,3353,1091
10.1339018532588,-2.79332611161137,10.4916303325822,1285.9847,3349,1092
10.0466075467316,-2.74179280859503,10.399540905217,1286.01806666667,3349,1092
-0.594347325379632,4.76839281328909,0.317618699653899,1286.0848,3351,1093
-0.353043632887449,4.71660111103302,0.334973399837592,1286.65203333333,3355,1093
2.19732773745474,-1.86067556002241,0.454220314277589,1286.65203333333,3356,1094
1.98794518823735,-1.67141343260118,0.606953165089106,1287.21926666667,3358,1094
1.75140280981715,-1.45122054683138,0.736849804635798,1287.7865,3361,1094
1.74722827278626,-1.44866597680841,0.737072173977297,1287.81986666667,3361,1094
1.52333376162845,-1.11625470435387,0.763526097556574,1288.3871,3365,1094
1.33663055452579,-0.799811799864352,0.662874946922104,1288.95433333333,3370,1094
1.11829045889348,-0.528848306856053,0.520831786383171,1289.52156666667,3374,1094
-1.57335989960712,4.6494959495526,0.30943835386569,1287.21926666667,3357,1095
-1.46689171248015,4.59940088752037,0.306309434104844,1287.7865,3360,1095
-1.34895094706682,4.4609667465027,0.263597156744503,1288.3871,3363,1095
-1.23980484881496,4.38001948543561,0.275058375309166,1288.95433333333,3368,1095
-0.152134974855312,4.58360887999323,0.313982806257165,1287.7865,3359,1096
-1.0119439228032,6.44198566057378,0.300287229613911,1288.3871,3362,1097
-1.04060387665892,6.26745372855074,0.363177790389435,1288.95433333333,3367,1097
-1.10624034576094,6.12014038122803,0.358847654952763,1289.52156666667,3372,1097
-1.21120470342423,5.94851226382544,0.289600963279966,1290.0888,3375,1097
-1.38031471791313,5.82181814578405,0.351828088573078,1290.65603333333,3378,1097
-1.58647486361059,5.71184219134065,0.39725360395,1291.25663333333,3380,1097
-3.3229677514678,1.44392395912145,0.458487880577497,1288.3871,3364,1098
0.380866648101207,4.35358570222604,0.283141919047957,1288.95433333333,3366,1099
0.580315217798359,4.22121724820316,0.246169173332005,1289.52156666667,3371,1099
-5.44774826694102,1.32835811279035,0.355069492530187,1288.95433333333,3369,1100
-3.25637979507794,1.76637069022016,0.442087812619618,1289.52156666667,3373,1101
-3.03729844970757,1.79687782434667,0.462895413482545,1290.0888,3377,1101
-2.86337335383493,1.88736574979246,0.57673732970756,1290.65603333333,3379,1101
-2.8710497234687,1.88914176386497,0.577387695747742,1290.6894,3379,1101
-2.73284063548713,1.92461323213876,0.653599151313817,1291.25663333333,3381,1101
-2.55751308630881,1.88173104655405,0.649891258607212,1291.82386666667,3382,1101
-2.31890048922746,1.78672672050722,0.587075186527356,1292.3911,3387,1101
-2.05502394859962,1.69854314264035,0.590532067462209,1292.95833333333,3412,1101
-1.97177458123159,1.65187087541676,0.727277707070474,1293.55893333333,3418,1101
-1.85352967186439,1.4984409219346,0.774336146187594,1294.12616666667,3422,1101
-1.7114300771472,1.21683714298923,0.691709659777717,1294.6934,3427,1101
-1.69537443423001,0.79450899131742,0.702781930073264,1295.26063333333,3431,1101
-1.06047846805006,4.18534288156555,0.244593678975843,1290.0888,3376,1102
9.77835666913508,0.479772580888073,6.08975580288781,1292.02406666667,3383,1103
9.74335589290767,0.508472163700781,6.06863542112242,1292.05743333333,3383,1103
1.25984530738173,3.66513854911604,0.273436171230291,1292.3911,3384,1104
1.39393510451003,3.46839936052031,0.242964973411534,1292.95833333333,3407,1104
1.39521033792254,3.43608742084813,0.224879445311237,1293.52556666667,3415,1104
1.36102304460456,3.28502298275987,0.210639238463634,1294.0928,3419,1104
1.41932814864364,3.05855745986009,0.253868089520744,1294.6934,3424,1104
-1.92092170400427,5.43606954112712,0.299967648735998,1292.3911,3385,1105
-1.90662309482832,5.2618443097916,0.288674902013507,1292.95833333333,3410,1105
-1.85958636273713,5.17951776130391,0.31270701173291,1293.55893333333,3417,1105
-1.78803570771703,4.97489354912257,0.314522314882353,1294.12616666667,3421,1105
-1.84755001577315,4.74159360237222,0.399022015479917,1294.6934,3425,1105
-0.737101484738372,4.08162463308578,0.252888240464506,1292.3911,3386,1106
-0.699878128538436,4.06902964784319,0.266385782469756,1292.95833333333,3409,1106
-0.660302963200421,4.05805616876741,0.252642302463143,1293.52556666667,3416,1106
5.50777964168722,3.36487784623898,10.1888089962572,1292.7915,3388,1107
5.31109843774182,3.3296665467859,9.82497208562758,1292.95833333333,3393,1107
10.8884542503206,2.09099081433666,9.48525582601624,1292.95833333333,3389,1108
3.6209802206993,2.44775048296802,5.72218898533022,1292.95833333333,3390,1109
4.70865279640469,2.91438304651333,8.60403630605182,1292.95833333333,3391,1110
4.32929216767692,2.84761125624097,0.330522098220282,1292.95833333333,3392,1111
4.57723337811359,3.93482223251004,4.43288032170961,1292.95833333333,3394,1112
5.19964020144099,4.40797980693274,6.55037610334521,1292.95833333333,3395,1113
6.5329504606926,5.25792599508495,7.38822782835313,1292.95833333333,3396,1114
4.60278829455517,4.27533133070453,7.1637451583663,1292.95833333333,3397,1115
5.97896811292202,5.05435597301185,7.3490039421245,1292.95833333333,3398,1116
10.3911972657605,8.43747043313255,13.308402875483,1292.95833333333,3399,1117
10.3400997916062,7.88585939927284,12.6247456081251,1292.95833333333,3400,1118
3.68121273544997,4.09629833475169,5.70182694358384,1292.95833333333,3401,1119
7.42828826626235,6.57586415808946,9.84470716744077,1292.95833333333,3402,1120
10.53501822858,8.89967450119802,12.7873037331507,1292.95833333333,3403,1121
3.92918759347852,5.67222741723533,11.684407909659,1292.95833333333,3404,1122
2.51899194685461,4.40964278740349,6.43591658627724,1292.95833333333,3405,1123
2.2358489600785,3.82107368657052,4.66297002174461,1292.95833333333,3406,1124
1.97861074610091,5.22282873386806,13.4599780753013,1292.95833333333,3408,1125
-1.44151469788153,3.34761531540268,0.308362243651733,1292.95833333333,3411,1126
13.2523957198575,-1.93128869986658,10.3286414471323,1292.95833333333,3413,1127
4.37022061025202,1.1181732632438,3.74827334435002,1292.95833333333,3414,1128
4.58514035712302,3.76276539857054,0.447384916624717,1294.12616666667,3420,1129
4.21517322242865,1.58208624716073,0.794691981519423,1294.6934,3423,1130
-1.21385251826663,3.2354621611321,0.318287012037665,1294.6934,3426,1131
-1.0699345928037,3.06360949360324,0.312041063389319,1295.26063333333,3430,1131
-0.972867239420096,2.88156643240415,0.303972413879621,1295.82786666667,3433,1131
2.3418429687139,1.93479226396191,0.592075878817898,1295.26063333333,3428,1132
-0.495678454693739,4.10594844106809,0.278257965697366,1295.26063333333,3429,1133
4.1386055284868,3.14339548537734,0.370854588522397,1295.82786666667,3432,1134
3.94431713226592,2.92266344379936,0.283712545720654,1296.3951,3435,1134
3.87853759082155,1.31587550874383,0.675265865109988,1295.82786666667,3434,1135
3.78754850185923,1.13367778880531,0.555543974416798,1296.3951,3438,1135
3.74563858127301,0.93997468671442,0.479401457044225,1296.96233333333,3440,1135
-0.359846436263706,4.02247152675195,0.258430768349347,1296.3951,3436,1136
-2.44985142821884,2.27206371943933,0.389906995621558,1296.3951,3437,1137
-0.785556397338334,2.48500950446358,0.286841884937236,1296.96233333333,3439,1138
-0.751752130516109,2.30836070093623,0.271907463169027,1297.52956666667,3441,1138
-0.750883688561298,2.30629017871799,0.272915350491941,1297.56293333333,3441,1138
-0.805565893273336,2.12345269610064,0.33242364816332,1298.13016666667,3445,1138
3.55836559037609,3.06062457211874,1.77952590564047,1297.56293333333,3442,1139
3.46452781578349,2.88935584827232,1.86300354238736,1298.13016666667,3444,1139
3.35112909015541,0.868698453520171,0.511163604111183,1298.0968,3443,1140
3.34723574243678,0.868302203177305,0.512528218161488,1298.13016666667,3443,1140
3.08360415544257,0.801603052668316,0.399588006025344,1298.6974,3448,1140
2.86167800704589,0.873349286319147,0.23192927822577,1299.26463333333,3452,1140
2.65491015430025,1.03149642959925,0.280092521503295,1299.83186666667,3455,1140
2.39934830451864,1.05511205498176,0.392696796208606,1300.3991,3457,1140
2.13340317068094,1.13108484825058,0.407012950704306,1300.96633333333,3458,1140
2.12917572590904,1.13362343984819,0.405830391318374,1300.9997,3458,1140
1.89633249336159,1.29111810346564,0.322510771110178,1301.53356666667,3459,1140
1.89205410283499,1.29357461399367,0.322327881921139,1301.56693333333,3459,1140
1.6135868122298,1.49599418523483,0.36281351376404,1302.13416666667,3461,1140
1.34550737298975,1.69683521716688,0.437101609249511,1302.7014,3464,1140
0.986538803949106,1.94444514635856,0.399749232926876,1303.26863333333,3466,1140
0.262895203920882,3.87325033902214,0.218287133631232,1298.6974,3446,1141
0.390982547152513,3.84960596697911,0.252014811268405,1299.26463333333,3450,1141
0.420515969363246,3.80573393521972,0.298790286062969,1299.83186666667,3453,1141
-1.81496196737024,1.52700236228624,0.269654963150711,1298.6974,3447,1142
-1.64095068811846,1.29046260502941,0.302511334972886,1299.26463333333,3451,1142
3.2923248079033,2.5591042054223,2.01972482153359,1299.26463333333,3449,1143
0.319640466182239,2.03311325760797,0.363832540675103,1299.83186666667,3454,1144
-1.39092279240739,0.862111756327961,0.346351429997646,1300.3991,3456,1145
-0.814951191662869,0.431964368811287,0.282021677650196,1302.13416666667,3460,1146
-0.569079088745764,0.264521285897936,0.300048775167285,1302.7014,3463,1146
-0.31925733118171,0.0675263717182131,0.344319747127782,1303.26863333333,3465,1146
3.72739664346081,0.886351691139581,0.485800852661517,1302.13416666667,3462,1147
3.48479853046581,0.800927529748154,0.560676823064865,1303.302,3467,1148
3.3448706966336,0.686070491465111,0.500502171626177,1303.86923333333,3468,1148
3.19149230623292,0.533137089801887,0.450437902404509,1304.43646666667,3471,1148
3.01931558696794,0.642086274399673,0.313657434412376,1305.0037,3473,1148
2.91021122634982,0.866257763148635,0.324932300207692,1305.57093333333,3478,1148
2.90622488936905,0.86913438384967,0.325177481775692,1305.6043,3478,1148
2.6600490001033,0.97482702460996,0.333302616217749,1306.13816666667,3483,1148
2.65666770566523,0.975433819154763,0.333724351427462,1306.17153333333,3483,1148
2.38413481894631,0.979234816334854,0.28957016070981,1306.73876666667,3486,1148
2.281456832683,1.07536232282489,0.27254662666654,1307.306,3490,1148
2.0726904987855,1.2834344248123,0.288048794707319,1307.87323333333,3494,1148
1.83069089257857,1.50459101676747,0.334515533522015,1308.44046666667,3498,1148
1.64604247254712,1.65933120001131,0.297988983915698,1309.0077,3502,1148
1.53039010830638,1.78983736737425,0.260098919538202,1309.57493333333,3507,1148
3.14307244726427,-2.62303394849514,5.09753391507861,1304.13616666667,3469,1149
3.12263489063215,-2.61962736555117,5.09292387195058,1304.16953333333,3469,1149
3.11119330085104,-2.62656019448322,5.1031508882965,1304.2029,3469,1149
0.00586737507978163,-0.391946370784769,0.281948784919905,1304.43646666667,3470,1150
1.25285630083373,-1.63778458992461,0.32966817042626,1305.0037,3472,1151
1.20658996261674,-1.53798134126037,0.325893974204448,1305.57093333333,3476,1151
1.20550078243247,-1.47574911953454,0.317261848631364,1306.13816666667,3481,1151
5.54451465416497,4.95153840036245,9.07255270372723,1305.4041,3474,1152
5.51275676563506,4.94694777285244,9.0382509936751,1305.43746666667,3474,1152
-0.996518013744355,-0.765572906434612,0.207324468709489,1305.57093333333,3475,1153
-0.861911115675687,-0.733472987525573,0.252678401948135,1306.13816666667,3479,1153
2.16084645414855,-3.53670609170926,0.586674088746401,1305.57093333333,3477,1154
1.83298354224837,-3.33738589061881,0.189222565023511,1306.13816666667,3482,1154
0.940892896624315,-0.232448330170076,0.294268217950537,1306.13816666667,3480,1155
1.23977965762794,-0.106697101491999,0.307041658920985,1306.7054,3484,1155
-4.83825656552632,0.270362572796457,0.478474435872225,1306.73876666667,3485,1156
-4.71728114620876,0.351862270163072,0.424188629392731,1307.306,3488,1156
-4.5635484313486,0.585917972172557,0.434339773806677,1307.87323333333,3491,1156
-4.3430422823333,0.741582580431514,0.461593194378668,1308.44046666667,3495,1156
-4.13547494834207,0.7705434111926,0.500429758333186,1309.0077,3500,1156
-3.96160989393983,0.692971063136837,0.535912695922013,1309.57493333333,3503,1156
-3.76965940935713,0.609196839961784,0.491672875232374,1310.14216666667,3508,1156
-3.56137604758229,0.508069738412156,0.413243049481853,1310.7094,3513,1156
1.22621194758126,-3.83320585112559,5.31948073633332,1306.87223333333,3487,1157
1.21647856630757,-3.85999000157026,5.33811217500454,1306.9056,3487,1157
-0.631015693627183,-0.519860077983932,0.265557844134786,1307.306,3489,1158
-0.45073866036485,-0.398788943914705,0.293100243112209,1307.87323333333,3493,1158
-0.251522074470712,-0.2863230596232,0.365005878823365,1308.44046666667,3496,1158
-0.0532812101597301,-0.152731318073574,0.376774124632255,1309.0077,3501,1158
0.163896766382309,-0.0739749564515535,0.340870486909075,1309.57493333333,3504,1158
0.341940492246263,0.0600654629190632,0.276925513020396,1310.14216666667,3509,1158
0.538101401087755,0.630884891574113,0.475730263158164,1310.7094,3514,1158
0.528082262143477,0.634971353050549,0.472032691764311,1311.27663333333,3515,1158
0.432492176109941,0.568544079945364,0.339208335883568,1311.84386666667,3517,1158
0.45679482929954,0.71182147312796,0.328198130071595,1312.4111,3520,1158
0.442565374649753,0.583709818334061,0.413417834218852,1313.0117,3525,1158
0.54077515066633,0.634084351414979,0.387498604560941,1313.57893333333,3527,1158
0.600140729200345,1.01507202141242,0.194620784135539,1314.14616666667,3531,1158
1.57830248466838,-0.112011528851919,0.222163301044143,1314.14616666667,3532,1158
0.663996520777557,1.11881250601472,0.21602666107638,1314.7134,3535,1158
1.55877646791201,-0.0173572727139695,0.293615485574534,1314.7134,3536,1158
0.747829493964845,1.32258545532179,0.275145815170272,1315.28063333333,3538,1158
1.52714337087318,0.155734702616757,0.349408754719397,1315.28063333333,3539,1158
1.52812626784484,0.159184883068262,0.349961228202181,1315.314,3539,1158
0.759458767679778,0.58943078130876,0.35883084016903,1315.84786666667,3540,1158
0.714055832961313,0.635020873312361,0.389935193390733,1315.88123333333,3540,1158
1.52596134696455,0.298689782742886,0.377397010996037,1315.88123333333,3543,1158
1.57801338414739,0.482879691561054,0.366082572479876,1316.44846666667,3545,1158
1.61523830348412,0.605664454340677,0.285453659540265,1317.0157,3547,1158
1.64870908671126,0.728479693467747,0.32975771696194,1317.58293333333,3549,1158
1.62814546793753,0.883141566402375,0.373982994119058,1318.15016666667,3551,1158
1.62915990213476,0.885980891714267,0.374402076793199,1318.18353333333,3551,1158
1.53983184298839,1.03640473645982,0.407757308805752,1318.7174,3553,1158
1.53757468642784,1.03869289583022,0.408631837546263,1318.75076666667,3553,1158
1.41623839521141,1.20272866007642,0.325754671718863,1319.318,3554,1158
1.34001108059398,1.33267854238827,0.263246731956034,1319.88523333333,3555,1158
1.32210486889949,1.40155938547056,0.299331838220061,1320.45246666667,3557,1158
-3.6864669567867,-2.79627397312895,0.529488489945899,1307.87323333333,3492,1159
1.2533127755406,-1.18014346918497,0.290831179434411,1308.44046666667,3497,1160
-2.2811804621186,3.82080891460298,0.370866983827315,1309.0077,3499,1161
1.40931878877262,-0.992933787380892,0.357890079197397,1309.57493333333,3505,1162
1.47784428436643,-0.896067777878245,0.311233375936173,1310.14216666667,3510,1162
2.55765934029917,0.247101471462287,0.41128584697174,1309.57493333333,3506,1163
2.57217800141415,0.427458849487645,0.370945870232254,1310.14216666667,3511,1163
3.70342919504197,-0.781766911476408,0.322562713808238,1310.14216666667,3512,1164
4.73093471943227,-0.731192094564979,0.0981407412126742,1311.27663333333,3516,1165
1.62624630040962,-0.60616960726931,0.272600799618042,1311.84386666667,3518,1166
1.59662004563506,-0.498427288797804,0.272764014905407,1312.4111,3521,1166
1.55520195379069,-0.406666261718663,0.296322456787054,1312.97833333333,3523,1166
1.55520195379069,-0.406666261718663,0.296322456787054,1313.0117,3523,1166
0.454675924248823,4.13226033979529,0.337897226028565,1311.87723333333,3519,1167
0.365766663522555,3.91524051286014,0.31582682594234,1312.44446666667,3522,1167
0.308743895714539,3.64811460156658,0.302304972638132,1313.0117,3524,1167
0.170419705290788,3.40007267708006,0.281346161883739,1313.57893333333,3526,1167
0.0256762918536458,3.20819077786668,0.312612383799837,1314.14616666667,3529,1167
0.509403829244029,2.57652239357729,0.394989375963587,1314.14616666667,3530,1167
-0.0999478402574244,2.97532055296867,0.35639058706621,1314.7134,3533,1167
0.0657890262311115,2.43135554690478,0.425851254259407,1314.7134,3534,1167
-0.264450391849209,2.82330320353226,0.375779021855853,1315.28063333333,3537,1167
-0.47571067957307,2.66431719437843,0.406032432636432,1315.88123333333,3542,1167
-0.647333007299479,2.48164403929712,0.411017613525294,1316.44846666667,3544,1167
-0.781922830915475,2.32826317860418,0.399151301816109,1317.0157,3546,1167
6.6681882232185,-0.222266029734763,-0.303805602323984,1313.57893333333,3528,1168
3.78522379896292,0.388613207596557,0.293406423344768,1315.84786666667,3541,1169
3.61919289104246,0.498688527755717,0.348361979883448,1317.0157,3548,1170
3.50866489073889,0.58493004609886,0.408462023023384,1317.58293333333,3550,1170
3.35599213087012,0.72584951797325,0.416288146361214,1318.15016666667,3552,1170
3.34264024717299,0.988486249440158,0.391824032187234,1319.88523333333,3556,1171
1.59473502418584,4.12329683159118,0.319891953180963,1322.75476666667,3558,1172
0.943452781208014,1.21065783113289,8.24573626667721,1323.85586666667,3559,1173
1.22867827051229,2.56550507016,0.232142155846193,1325.6243,3560,1174
0.627745683847031,2.70780530263363,0.343350821025938,1327.326,3561,1175
0.401420356482426,2.74159334741737,0.406286897792463,1327.9266,3562,1175
-0.556225209874648,-0.847365447788366,0.255715182428503,1327.9266,3563,1176
-0.54055688016254,-0.680429267674425,0.238596477081173,1328.49383333333,3564,1176
-0.844284777597907,-0.434827240170683,0.219894639265337,1329.6283,3565,1177
1.50433734847921,5.34905962717291,9.09357494271033,1330.09543333333,3566,1178
1.50961762521241,5.3607140557023,9.11139405077028,1330.1288,3566,1178
1.3340013290665,-1.95686111093022,0.382801870871,1330.79613333333,3567,1179
4.1537703669486,3.09127185946753,7.58814612327864,1330.9296,3568,1180
6.3575446175373,4.94139963800247,10.856746005266,1330.9296,3569,1181
4.21062420422318,4.28412978648301,7.51723260473859,1330.9296,3570,1182
6.73118063848648,5.75740750904018,8.49174170958161,1330.9296,3571,1183
9.19830566141849,7.1100605871799,11.3816777764673,1330.9296,3572,1184
6.78740089484635,5.84625791100905,8.33067534728458,1330.9296,3573,1185
9.84570171715627,8.286859230296,12.6628410677366,1330.9296,3574,1186
10.8681674573817,9.24071816116123,13.5840776455026,1330.9296,3575,1187
9.75085618754959,8.96524904485992,14.0944695847365,1330.9296,3576,1188
2.88821861806112,5.25834432233802,7.74835342218662,1330.9296,3577,1189
-0.664145452180029,3.09030693234167,0.366847131503479,1331.36336666667,3578,1190
-1.17155256864359,-0.185846225848411,0.371258294808009,1331.9306,3579,1191
-1.1773325931249,-0.0739462320411944,0.341530465839842,1332.49783333333,3580,1191
1.40830568515474,-1.60254851357193,0.396938496066262,1332.49783333333,3581,1192
1.85622339772289,-1.15628032746199,0.423511172253724,1333.66566666667,3582,1193
2.07534241458149,-0.978889261266959,0.433128991695142,1334.2329,3583,1193
2.20253950776611,-0.812898075293721,0.419168073656284,1334.80013333333,3584,1193
2.30595345652488,-0.760768551575241,0.375113865734541,1335.36736666667,3585,1193
-0.0341233794845844,4.55918163448179,0.415214348384372,1336.5352,3586,1194
0.0926133715153284,4.15781544927074,0.441626457413749,1337.10243333333,3588,1194
0.214879393793793,3.84884287370803,0.402752281727668,1337.66966666667,3591,1194
0.53188113023317,3.79371600732469,0.563072822493122,1338.2369,3593,1194
0.314457529246414,3.55203573715274,0.376676739597134,1338.2369,3594,1194
0.530836331817344,3.79123838395537,0.564013523844121,1338.27026666667,3593,1194
0.420823963158274,3.54403747208411,0.595733663030805,1338.8375,3597,1194
0.413800358384272,3.22653439745564,0.35795176841704,1338.8375,3598,1194
0.244454714927069,3.37965722590219,0.549473303449843,1339.40473333333,3599,1194
0.489926845631305,2.90169945858486,0.346136340165942,1339.40473333333,3600,1194
0.0910627326182768,3.29477018457949,0.478882549246747,1339.97196666667,3603,1194
0.557406729097431,2.53034139457413,0.32542353834457,1339.97196666667,3604,1194
-0.173940545774297,3.2548905236288,0.441760429271319,1340.5392,3606,1194
0.508192539709107,2.30799617363827,0.437862320924045,1340.5392,3607,1194
2.41047963744652,-0.558983173255881,0.357689293009432,1336.5352,3587,1195
2.45642712875665,-0.411904263515072,0.353040069254159,1337.10243333333,3589,1195
3.38361747241164,0.0746531989197414,0.681996390784788,1337.10243333333,3590,1195
2.51776605407811,-0.286006341890309,0.363244894401592,1337.66966666667,3592,1195
2.61624996934267,-0.174440879805419,0.384058045852788,1338.2369,3595,1195
2.74424276614563,-0.0568396212872101,0.39436527825991,1338.80413333333,3596,1195
2.75183478395327,0.0125517508051268,0.335304781091081,1339.40473333333,3602,1195
2.7592026496562,0.0909475786034335,0.344803136521029,1339.97196666667,3605,1195
2.72714156675885,0.24344201265519,0.374768425602087,1340.5392,3608,1195
2.72404372411774,0.446815027841896,0.402568212472931,1341.10643333333,3609,1195
2.75298511647224,0.67049940537633,0.37208747310207,1341.67366666667,3611,1195
2.78288290440659,0.73413339296777,0.369174496018633,1342.2409,3613,1195
2.78691811260654,0.809992975649841,0.316800823222417,1342.80813333333,3615,1195
2.79625812714528,0.996966296338687,0.339668734113399,1343.40873333333,3620,1195
2.84488705553375,1.09638629355788,0.364263678635842,1343.97596666667,3622,1195
2.8562664008525,1.11442543250633,0.396843321592346,1344.5432,3624,1195
-3.26142831012626,1.65162689220023,0.415654806849197,1339.40473333333,3601,1196
0.698580169044375,2.33374413216503,0.3993858168433,1341.67366666667,3610,1197
0.707209221619944,2.32940956506937,0.389001647405321,1342.2409,3612,1197
2.3068230910667,5.69366838990656,0.139499533006258,1342.80813333333,3614,1198
2.26519901035151,5.484720151147,0.188568232462799,1343.37536666667,3617,1198
-2.98271680623349,2.02255428473522,0.370128611104655,1342.8415,3616,1199
-2.76049721680251,2.06336536429038,0.373539837468133,1343.40873333333,3619,1199
-2.65808392441353,2.22997199656407,0.373171306842258,1343.97596666667,3621,1199
0.990586899842295,2.32146593557919,0.534813579626959,1343.40873333333,3618,1200
2.02175344206676,5.11098373521973,0.297285721899001,1344.5432,3623,1201
2.78912120521369,1.27184336302102,0.297383134222925,1345.67766666667,3625,1202
2.67429524817756,1.37442755621777,0.310290333282626,1346.27826666667,3629,1202
2.60271805023588,1.53158745597784,0.334598228322676,1346.8455,3631,1202
2.53736409440681,1.72268788858976,0.382195785650862,1347.41273333333,3633,1202
2.4880153038272,1.84134605702464,0.39416431296569,1348.01333333333,3636,1202
2.45280074187051,1.92758520825981,0.397249003236598,1348.58056666667,3637,1202
3.0259799423143,2.40541607649921,0.651447418066529,1349.1478,3640,1202
2.97033595196972,2.18380897047887,0.62428305002272,1349.71503333333,3642,1202
2.76119683245965,2.06696479751665,0.546255537872359,1350.28226666667,3645,1202
2.50482683314463,2.03859318798428,0.530015799487981,1350.8495,3648,1202
2.50141748960908,2.03929696675622,0.530618181185786,1350.88286666667,3648,1202
2.32196677941897,2.14024713937302,0.548083901212605,1351.41673333333,3650,1202
2.32181999286288,2.14155056810769,0.548426427305647,1351.4501,3650,1202
2.21650019656987,2.33648594631242,0.444578120496306,1352.01733333333,3653,1202
2.01669479382667,2.52615226832239,0.366805863286034,1352.58456666667,3657,1202
1.83735452451043,2.64538524030153,0.407416440842698,1353.1518,3661,1202
1.68565929855896,2.50046449886945,0.421292666807782,1353.71903333333,3665,1202
1.68597421331381,2.49852046860146,0.419669564579076,1353.7524,3665,1202
1.50363319379119,2.38059471584361,0.312123217092991,1354.28626666667,3669,1202
2.43016310535601,2.00183118856359,0.414037778669074,1354.31963333333,3672,1202
1.26692253482601,2.21607916559399,0.289896784369018,1354.8535,3673,1202
1.29158979283872,2.25195879731108,0.418311591898073,1354.88686666667,3673,1202
1.14691755446327,2.09358920075345,0.360161789079584,1355.4541,3677,1202
1.02979467775313,1.99566704716221,0.37211898991389,1356.02133333333,3679,1202
0.877248648313451,1.90205020455755,0.244608398153656,1356.58856666667,3681,1202
3.81228146636733,3.19685810320025,0.336556627614813,1345.71103333333,3626,1203
1.76611566862467,4.68116262993687,0.340825018385708,1345.71103333333,3627,1204
1.69742339065858,4.48057256834432,0.339623437621108,1346.27826666667,3628,1204
1.58041505855444,4.3102162430215,0.345445194358714,1346.8455,3630,1204
1.48966362089838,4.17641866886673,0.343354889546323,1347.4461,3634,1204
3.44640364175805,2.84764136047709,0.273213578442298,1347.41273333333,3632,1205
3.26300652599722,2.70117261144682,0.351690515328916,1348.01333333333,3635,1205
0.601497110675912,3.6350432682219,0.388755501228664,1348.58056666667,3638,1206
0.496820195548253,3.43843938116739,0.342335335943097,1349.1478,3641,1206
0.295384317891341,3.29229180117605,0.341037706577106,1349.71503333333,3643,1206
0.0816738105620944,3.2358620404826,0.322112548589265,1350.28226666667,3646,1206
-2.34892303566909,5.93688541153477,0.413045212305336,1348.58056666667,3639,1207
-1.87699142613012,0.531055372801124,0.231735011325671,1349.71503333333,3644,1208
-1.63007028207426,0.599525768071146,0.253100179808186,1350.28226666667,3647,1208
-2.08947624194357,5.1969484049867,0.323330397504566,1350.88286666667,3649,1209
-2.01349631803938,5.09228935592671,0.356241841059654,1351.4501,3651,1209
-1.99345136012223,5.02464411631765,0.379154680174312,1352.01733333333,3655,1209
-1.38654038404314,0.802588661831843,0.294723023662006,1351.4501,3652,1210
0.588331452817937,2.90614263472064,0.358442388529044,1352.01733333333,3654,1211
0.422460685183155,2.87887879433127,0.316587705196222,1352.58456666667,3658,1211
0.257572636041163,2.88344966332419,0.32508936968225,1353.1518,3662,1211
0.0671533314501703,2.8736753771919,0.329702296606583,1353.71903333333,3667,1211
-0.174632993494726,2.86523026291196,0.339485444453148,1354.28626666667,3670,1211
-0.815215256993311,2.98254491953015,0.311128176743167,1352.01733333333,3656,1212
-3.13336174185911,6.00757828169586,0.133490617748265,1352.58456666667,3659,1213
-3.11975181891007,-0.401474406971062,-0.117522646538181,1352.58456666667,3660,1214
-1.99807254779042,4.93978867003077,0.380808234945068,1353.1518,3663,1215
-2.0324491728298,4.8797074000793,0.447916776490384,1353.71903333333,3666,1215
-1.07835847063422,1.1016358626939,0.32550972088784,1353.1518,3664,1216
-0.937185357692501,1.2949150111096,0.30394736302147,1353.71903333333,3668,1216
-9.64500645679962,-3.47627759785322,-1.84422837931797,1354.28626666667,3671,1217
-2.1748598631366,4.50593420356382,0.537983495453134,1354.88686666667,3674,1218
-2.28744124668449,4.32494756499826,0.555115338002189,1355.4541,3675,1218
-0.354142549996971,2.33385580575117,0.47157636335883,1355.4541,3676,1219
1.28100651751025,-1.49271437112329,0.40086873085631,1356.02133333333,3678,1220
1.37045029421344,-1.20140946279077,0.43123123109701,1356.58856666667,3682,1220
1.46313779464743,-0.941323545002216,0.342176037326373,1357.1558,3684,1220
1.53060307350809,-0.596756501879772,0.285965124118393,1357.72303333333,3687,1220
1.55795240402147,-0.247316179230235,0.284112616740067,1358.32363333333,3693,1220
1.61302874233259,0.0762183301784668,0.287059554372471,1358.89086666667,3695,1220
1.53158610718587,0.352014004876945,0.318993566952445,1359.4581,3698,1220
1.40084992320717,0.649387716640642,0.323594199058102,1360.02533333333,3700,1220
1.39997095423392,0.652946597145272,0.324296308460149,1360.0587,3700,1220
1.28478344674101,0.955506759400458,0.346433204512198,1360.62593333333,3704,1220
1.20601621745064,1.26646735945517,0.385775885787569,1361.19316666667,3707,1220
-0.886923244766784,2.67217023994455,0.275286559964768,1356.58856666667,3680,1221
-4.29463185571493,2.25703592742367,0.536953257152061,1356.62193333333,3683,1222
-4.15918919932522,2.25470844937254,0.54366458755013,1357.18916666667,3686,1222
-4.02873850782761,2.22103851604117,0.566144262549423,1357.7564,3688,1222
-3.95627480126743,2.23025541015942,0.529380748449561,1358.32363333333,3692,1222
3.3526685787864,-0.541253038482267,0.467447416455711,1357.1558,3685,1223
3.24383238835128,-0.498494679963813,0.483461284352391,1357.7564,3689,1223
3.10920570675793,-0.488547716481039,0.453152611002939,1358.32363333333,3694,1223
2.92228598137721,-0.566073927458075,0.427625402338167,1358.89086666667,3696,1223
2.6863250663995,-0.617223150298895,0.46496862391329,1359.4581,3699,1223
3.19619726919618,2.33147368821477,2.10103363790531,1358.32363333333,3690,1224
3.12568255687578,2.20971984839909,2.15307552839319,1358.92423333333,3697,1224
-0.505372947912768,3.63199675729971,0.302137253880401,1358.32363333333,3691,1225
-3.59641489368953,2.00155262317751,0.508040738014575,1360.0587,3701,1226
-3.49914485880559,1.79965703963803,0.535857449063667,1360.62593333333,3703,1226
4.53216124714851,2.29694140498471,0.198805286834267,1360.62593333333,3702,1227
2.03698782933883,-0.882387169197577,0.453038680010342,1360.62593333333,3705,1228
2.97901894887695,2.42163056746403,0.364972038686096,1361.19316666667,3706,1229
-1.17393070909109,5.04538547904389,0.269455536252872,1362.361,3708,1230
-1.27133992732829,4.82154218810666,0.29019151551932,1362.92823333333,3710,1230
3.86307453735919,2.5886486075362,0.276837434607812,1362.92823333333,3709,1231
3.5223293017423,2.63661009073384,0.187065537660946,1364.09606666667,3711,1232
3.35993081637445,2.53494165770019,0.19654101823995,1364.6633,3713,1232
3.22940934181966,2.41019127220471,0.220425589479295,1365.23053333333,3714,1232
3.14676765362482,2.28944274717637,0.240064648620422,1365.79776666667,3716,1232
1.50624375624137,2.36012947999191,0.307046159912012,1364.6633,3712,1233
-1.84753999147796,3.88289746509137,0.372042327604189,1365.23053333333,3715,1234
-1.91023874479739,3.63804117170692,0.309210569848563,1365.79776666667,3717,1234
-1.90103342489296,3.40489158204794,0.282553553143705,1366.365,3718,1234
2.63849907997061,4.01351260309901,0.287559217100999,1367.53283333333,3719,1235
-2.25968664032101,-0.293126149575092,0.359439160932841,1368.10006666667,3720,1236
2.26899011174919,3.67869799899676,0.234036639665814,1368.70066666667,3721,1237
2.03880723027428,3.48466366735251,0.275002226235342,1369.2679,3722,1237
1.86805404688152,3.22116941453831,0.260237729891851,1369.83513333333,3723,1237
1.79449667259012,2.99069983789492,0.244965097127909,1370.40236666667,3726,1237
1.72577245356149,2.80379041593083,0.265353402256035,1370.9696,3728,1237
1.56389494231204,2.62819582680293,0.335629854831486,1371.5702,3730,1237
1.34749943151395,2.41630421382822,0.338862428502433,1372.13743333333,3732,1237
1.19291719375524,2.13752531658439,0.362470756598106,1372.70466666667,3735,1237
1.08021479327944,1.85503779610185,0.395601841811595,1373.2719,3736,1237
1.12192389455401,1.53512856871251,0.376967128934386,1373.8725,3739,1237
-0.898153887476411,1.60756907151861,0.554552651272353,1369.83513333333,3724,1238
-1.94758887132601,-0.698184863028265,0.289611834497172,1369.83513333333,3725,1239
-2.24102506935354,2.37310608743666,0.372459424657764,1370.40236666667,3727,1240
-1.70503009496612,-0.720192466006035,0.231309902153464,1370.9696,3729,1241
-3.53742546769448,0.505206233917713,0.477715026669355,1371.5702,3731,1242
-1.29082709746089,1.54292269731926,0.463616084131666,1372.13743333333,3733,1243
-1.14877022191939,-0.823093952864223,0.321029387990044,1372.70466666667,3734,1244
3.63143212848405,0.873543052059812,0.554362222333423,1373.2719,3737,1245
3.42452598364215,0.815316836734171,0.56211683358779,1373.8725,3740,1245
3.17968805287426,0.70347448619331,0.480098576471758,1374.43973333333,3741,1245
2.98528384400047,0.635140893474554,0.299300422602499,1375.00696666667,3742,1245
2.94740259312012,0.790975767249746,0.230512056497776,1375.60756666667,3743,1245
2.85099839185213,0.89447521927101,0.277688357098294,1376.1748,3744,1245
2.67412485325026,1.00231242092516,0.280866972140037,1376.74203333333,3745,1245
2.60056085294563,1.17125517389689,0.242950086110065,1377.30926666667,3747,1245
-2.08079878710672,1.76216564158229,0.212965494671557,1373.8725,3738,1246
-0.28504781386042,-1.76781015493982,0.256028891468717,1377.30926666667,3746,1247
-0.217852144101567,-1.6514235353258,0.259188448708994,1377.8765,3750,1247
-0.248685978730538,-1.47975169267815,0.265134560638469,1378.4771,3753,1247
-0.311857748600262,-1.33740820450088,0.25986415638267,1379.04433333333,3755,1247
-1.61567072059727,4.73666448549681,0.302189762303764,1377.34263333333,3748,1248
-3.0164475298541,1.79142423043819,0.479131863106297,1377.34263333333,3749,1249
-2.83909946163156,1.8922482487054,0.511514065006106,1377.90986666667,3751,1249
-1.31767136191211,1.31995710746634,0.196965806117474,1378.4771,3752,1250
-1.22346927286699,1.41358958876261,0.196867124336813,1379.04433333333,3754,1250
-1.44968983612356,4.20421885852973,0.394411571305631,1379.0777,3756,1251
-1.33772022803379,4.02027265278249,0.405551035275345,1379.64493333333,3758,1251
-2.73482424285224,1.97621084126603,0.502500636811419,1379.0777,3757,1252
-2.6662616818399,1.99065318620719,0.509911661894546,1379.64493333333,3759,1252
-2.47218557218394,1.96180304747992,0.468129528656634,1380.21216666667,3760,1252
-0.940721407870617,1.44078135230363,0.249509665093685,1380.21216666667,3761,1253
-0.709178742868532,1.48083833618342,0.260240513461367,1380.7794,3763,1253
-0.542872662712195,1.47363606987457,0.241637174480743,1381.34663333333,3764,1253
-0.454313148674364,1.51962886013104,0.206641927527358,1381.94723333333,3767,1253
-0.348685583024057,1.5573441173772,0.235367222465479,1382.51446666667,3769,1253
-0.245798219630556,1.60944050697737,0.253200224781489,1383.0817,3771,1253
-0.133153115819582,1.6167732053858,0.219064549807208,1383.6823,3800,1253
-0.0394979907564521,1.67795519287743,0.157045480707146,1384.24953333333,3804,1253
0.074315916966464,1.76150830700744,0.18945807233634,1384.81676666667,3807,1253
-0.182968052556736,-1.08214489914652,0.255419763733114,1380.21216666667,3762,1254
1.73467626995114,3.55460635557754,0.278947571380902,1381.38,3765,1255
-2.18424009277726,1.87526623987518,0.480161618333631,1381.94723333333,3766,1256
3.88847536853969,0.661889152226184,0.685124164870466,1381.94723333333,3768,1257
3.84421839649734,0.879374804491197,0.640155248940012,1382.51446666667,3770,1257
3.48754971244826,0.914643652925345,0.646432834584283,1383.0817,3773,1257
3.2062217190156,0.887582893065756,0.565282579322613,1383.6823,3801,1257
0.84718231339302,-0.92871541679403,0.330763938650007,1383.0817,3772,1258
-1.92025956001433,1.69378842608756,0.427799211989271,1383.11506666667,3774,1259
4.16358880802069,3.78437312858874,6.30327617268592,1383.14843333333,3775,1260
4.82941713371052,4.3975753412305,7.60275690471334,1383.14843333333,3776,1260
4.54816781965536,4.27112477436243,7.18620658438776,1383.14843333333,3777,1260
4.82221447760017,4.39078364834469,7.58882838547743,1383.1818,3776,1260
4.18956917154998,4.01267108614862,6.69744437549407,1383.1818,3781,1260
4.61711896977064,4.25627917550446,7.14804422047325,1383.21516666667,3782,1260
5.24829929256218,4.42560244624598,6.60594363390991,1383.34863333333,3785,1260
4.90692694286269,4.30019454802712,7.93000274692565,1383.34863333333,3787,1260
6.72239802488272,5.73802178612181,8.46804892062187,1383.14843333333,3778,1261
6.7503784931144,5.7586672062494,8.49817833518149,1383.1818,3778,1261
6.61634956191745,5.64434848918474,8.05176426602276,1383.34863333333,3791,1261
8.21781541519258,6.97762897806834,10.6744212934278,1383.14843333333,3779,1262
8.05961878140711,5.93724334293142,14.0242782802615,1383.1818,3780,1263
8.82152520329188,5.3066937776346,13.8316656684702,1383.34863333333,3783,1264
6.8172888388637,5.03101155299558,11.7185702693611,1383.34863333333,3784,1265
3.24463163113323,3.61592463404226,5.29338716711813,1383.34863333333,3786,1266
6.53745670486668,5.25015546111652,7.40330015351585,1383.34863333333,3788,1267
7.5927735051768,5.84346737599288,9.26574528803999,1383.34863333333,3789,1268
10.3158811949896,8.36725678199137,13.2196974087278,1383.34863333333,3790,1269
8.12606552106597,6.50043468928462,9.60716959242401,1383.34863333333,3792,1270
9.6453347547281,7.8880083181703,12.6597275549533,1383.34863333333,3793,1271
8.67590760807167,7.75895201850145,11.7711900000907,1383.34863333333,3794,1272
6.95810592526798,7.98403035262901,10.8352269071959,1383.34863333333,3795,1273
2.50758082797282,4.40472079757342,6.42964768928466,1383.34863333333,3796,1274
3.76526043547945,6.59308153169357,8.50505424839432,1383.34863333333,3797,1275
1.90652689194141,5.15378195494707,13.2113667265918,1383.34863333333,3798,1276
-3.64921616712292,2.07741888596385,0.484189246484051,1383.6823,3799,1277
-3.60864743706845,2.07331826320352,0.518425002034923,1384.2829,3806,1277
2.43527555650112,3.16547042304642,0.500035732327231,1384.24953333333,3802,1278
2.40724397624422,2.89656289160552,0.489337301873106,1384.85013333333,3809,1278
2.44744959455096,2.84352668331272,0.502502225779098,1385.41736666667,3811,1278
-1.80133603685572,1.51278030284303,0.503350845252561,1384.24953333333,3803,1279
-1.79463451186222,1.51343432832535,0.50377747000079,1384.2829,3803,1279
-1.62443935789716,1.43380931454638,0.469035859410168,1384.85013333333,3810,1279
-1.54964915358126,1.36320491822026,0.449676625588232,1385.41736666667,3813,1279
-1.39725723822485,1.40481112559243,0.436064368026603,1385.9846,3817,1279
-1.26883108059847,1.45561113303508,0.454005875156011,1386.5852,3822,1279
-1.19265464789846,1.63690092307224,0.450034124449438,1387.15243333333,3824,1279
-1.10379837043531,1.81456947314502,0.457673850270667,1387.71966666667,3825,1279
-1.0871074064087,1.93665198654432,0.446823333056118,1388.2869,3826,1279
-0.974889617929402,2.05809577408993,0.391442648619728,1388.85413333333,3827,1279
-0.974063833270111,2.05975931983693,0.391049162568058,1388.8875,3827,1279
-0.938833265360214,2.14439737677778,0.407465129324103,1389.45473333333,3828,1279
-0.855066398632424,2.22642175345453,0.392494078822613,1390.02196666667,3831,1279
-0.704757094808278,2.31445303526556,0.399230001810896,1390.5892,3833,1279
-0.702886834815767,2.31505427645144,0.400154086608639,1390.62256666667,3833,1279
-0.503794262275969,2.32464747774559,0.38743333269819,1391.1898,3838,1279
-0.298859683452354,2.33411571585581,0.380295760949607,1391.75703333333,3840,1279
-0.0780840080904298,2.34235576880588,0.395893707437103,1392.32426666667,3844,1279
1.1179935679735,-0.883232738527396,0.287378184500159,1384.24953333333,3805,1280
1.34808034488789,-0.774516614427106,0.302839391051862,1384.81676666667,3808,1280
1.55330726110768,-0.661686221593216,0.300931098600767,1385.41736666667,3815,1280
1.7547704558334,-0.524963958628706,0.300584093221781,1385.9846,3819,1280
-3.47051383790759,1.76720219779322,0.428908226939499,1385.41736666667,3812,1281
-3.23111113504623,-0.720093840736487,0.52362189370805,1385.41736666667,3814,1282
-1.9420468858961,3.37705106222131,0.407809203865592,1385.9846,3816,1283
-1.81448193770843,3.45509237016272,0.35963814905645,1386.55183333333,3820,1283
0.327556838438259,1.96295300482749,0.212785042325216,1385.9846,3818,1284
2.7865995422938,-1.66523201202533,0.433814085551579,1386.55183333333,3821,1285
2.20730826665371,-0.372310950995743,0.323371980759955,1387.11906666667,3823,1286
-2.2554964267797,-0.337116221325998,0.363404652821508,1389.45473333333,3829,1287
-1.000814923681,3.74499151163237,0.283004751786984,1390.02196666667,3830,1288
-0.743881534043948,3.63065671041197,0.278861612054117,1390.5892,3832,1288
-0.504614943200954,3.52650559499959,0.327754322040844,1391.1898,3837,1288
-0.297543762807773,3.46936499732565,0.370494893679659,1391.75703333333,3839,1288
-0.0551773921663763,3.43805358645065,0.384248502128578,1392.32426666667,3843,1288
-2.00378714581788,-0.437780924518419,0.384958212874575,1390.5892,3834,1289
3.27154681073385,0.378746187659464,0.424172661127275,1390.5892,3835,1290
3.35875599266111,0.561637544169067,0.497525259910749,1391.15643333333,3836,1290
-2.53619244756436,1.47064462532966,0.299268415691133,1391.75703333333,3841,1291
-1.64579314295254,-0.253650111511224,0.387333844405943,1391.75703333333,3842,1292
-1.42496199385672,-0.226301902749402,0.382545856463201,1392.32426666667,3845,1292
-0.471472856649134,4.73769823439874,0.126003013743723,1392.92486666667,3846,1293
-3.00712232303105,1.98363154029911,-0.140677491824127,1392.92486666667,3847,1294
-2.32018413610392,1.74016596676488,0.28141750184219,1393.4921,3850,1294
-2.3170818695699,1.86171911468463,0.327814256381747,1394.05933333333,3853,1294
1.09316743536802,2.22698293557459,0.501569577719296,1393.4921,3848,1295
0.219652512087501,2.33540288263359,0.429682712167254,1393.4921,3849,1295
0.323136379129898,2.27912388334143,0.449293713453339,1394.05933333333,3854,1295
0.324659150414118,2.27761159390517,0.449649115059362,1394.0927,3854,1295
0.484006725147683,2.25315466800138,0.452213318707227,1394.65993333333,3856,1295
0.59107242636,2.38073115768302,0.438597035573862,1395.22716666667,3857,1295
-1.08014520783605,-0.194569809946635,0.332935584183455,1393.4921,3851,1296
-1.03949147444033,-0.160603760175618,0.32903992190127,1394.05933333333,3855,1296
3.18888896905562,0.85928170601237,0.543004405205051,1393.4921,3852,1297
-2.20768692092981,2.01034264478883,0.273440068290554,1395.22716666667,3858,1298
-3.12521497394014,-3.42542228069579,0.461341546239809,1395.22716666667,3859,1299
-0.842034735568163,-0.0646167093483057,0.338258337336193,1395.22716666667,3860,1300
-0.759168126519135,-0.0900101937416178,0.324111671698575,1395.7944,3861,1300
-2.66228110490188,-3.25785659124477,0.436461673441105,1396.395,3862,1301
-2.48779379982483,-3.15995586990474,0.436266385660058,1396.96223333333,3863,1301
-0.451379801525709,-0.150309179451065,0.306436269704526,1396.96223333333,3864,1302
-0.302738818797672,-0.201075263283438,0.328556231616505,1397.52946666667,3865,1302
-1.88703114192575,2.11834943028376,0.249522601473832,1398.13006666667,3866,1303
-2.0379957278263,-2.5350174097696,0.356031742763608,1398.6973,3867,1304
-0.123308529085336,-0.279795564230541,0.368248020053015,1398.6973,3868,1305
1.74154565813083,4.75027736249343,0.27952010449808,1399.86513333333,3869,1306
-1.44422687503464,2.03053749326883,0.244284418736384,1399.86513333333,3870,1307
-1.30333196041274,2.03818275656448,0.257516135599155,1400.43236666667,3871,1307
-1.22815452104058,2.00265706749345,0.269038654617362,1401.03296666667,3872,1307
-1.04917381359889,2.00467562925313,0.263772587953515,1401.6002,3876,1307
-0.868478602567624,2.08260050718594,0.273289057487268,1402.16743333333,3878,1307
-1.25490490718651,-2.07205115189898,0.265149756898938,1401.03296666667,3873,1308
0.896213368709778,0.00059120849024108,0.470880829774476,1401.03296666667,3874,1309
1.05479432670491,0.0384321236040454,0.505164373712784,1401.6002,3877,1309
1.22343338662135,0.117885707285676,0.423306139095413,1402.16743333333,3880,1309
1.44403434882991,0.283078256951233,0.339542714357134,1402.76803333333,3882,1309
1.54990522167345,0.478598972133199,0.367759373181216,1403.33526666667,3886,1309
1.57468255214758,0.547323476449624,0.414747702619544,1403.9025,3888,1309
1.74055656074422,0.667274530438458,0.416763298426947,1404.46973333333,3890,1309
1.53890602040757,1.31258333917346,0.509172986462493,1405.07033333333,3896,1309
1.65082273621045,1.39750325305271,0.502964305546333,1405.63756666667,3899,1309
2.09732253264229,4.33357620759951,0.205492148689968,1401.6002,3875,1310
-0.86906364621532,-1.72181557931726,0.276329846423486,1402.16743333333,3879,1311
-0.768727355845044,-1.5842830878063,0.342794243800066,1402.76803333333,3881,1311
-0.683405979912169,-1.36147758044359,0.355535688432826,1403.33526666667,3885,1311
-0.590544074445282,-1.06030445688611,0.328638273444086,1403.9025,3887,1311
-0.476554623373795,-0.88596135544813,0.379875051775891,1404.5031,3892,1311
-0.407663309135835,-0.791020058310056,0.44184603338471,1405.07033333333,3894,1311
-0.271509442733566,-0.688595726765527,0.443084212590077,1405.63756666667,3897,1311
-0.145906746759485,-0.562893147546333,0.399701545304528,1406.2048,3901,1311
-0.155754808853617,-0.433289044070625,0.383160086876263,1406.8054,3903,1311
-0.175159007387734,-0.222987379256669,0.385640712630878,1407.37263333333,3904,1311
-0.168578635709311,-0.00288711807761666,0.405206393062714,1407.93986666667,3907,1311
-0.168143181222383,0.00231564836608067,0.406016500466457,1407.97323333333,3907,1311
-0.173447938345088,0.261104869334518,0.395299851824536,1408.54046666667,3913,1311
-0.174091710160459,0.470669837508008,0.40574947697051,1409.1077,3916,1311
-0.172672615887658,0.474254135894262,0.406515405962162,1409.14106666667,3916,1311
-0.0811505652707066,0.737932528016471,0.389631394649898,1409.67493333333,3919,1311
-0.0790005457040253,0.74268659224666,0.390050182137011,1409.7083,3919,1311
0.0345095714768422,0.993730555878964,0.406184952872489,1410.27553333333,3924,1311
0.114538103447509,1.15856045643969,0.462333118301632,1410.84276666667,3925,1311
0.193172043534573,1.32709783962817,0.448731371691248,1411.44336666667,3930,1311
0.244546602404012,1.45340719728228,0.372094508577451,1412.0106,3933,1311
0.269740394794708,1.50652979000764,0.338972693549788,1412.57783333333,3937,1311
0.269881854375489,1.50676500230769,0.339052420079559,1412.6112,3937,1311
0.408645846603954,1.45795941085884,0.318373471371042,1413.17843333333,3940,1311
0.622830174654754,1.40795184793534,0.32634928551306,1413.74566666667,3943,1311
0.801560911648968,1.30183372304162,0.400790855531335,1414.3129,3946,1311
0.803466772087895,1.2985471460033,0.401577177706336,1414.34626666667,3946,1311
0.94457680601623,1.1410535395454,0.437317897629,1414.9135,3952,1311
1.16860201097669,0.912679802992521,0.464676848630003,1415.48073333333,3955,1311
-3.76554084579463,-3.23269579439415,0.501388298996868,1403.3019,3883,1312
-0.823707841022513,2.1637128645266,0.206498100865283,1403.33526666667,3884,1313
-3.02521870351945,-3.48856971900323,0.574396986423519,1404.46973333333,3889,1314
7.15926067858961,3.94210991805934,0.655422861075937,1404.5031,3891,1315
6.72651785242112,3.73424841349032,0.751294802121476,1405.07033333333,3893,1315
6.30207327802949,3.57622840689229,0.685681755992404,1405.67093333333,3900,1315
1.1442336866694,-1.65018682823431,0.334063928784505,1405.07033333333,3895,1316
1.12790219589877,-1.4797677513994,0.358741169890421,1405.63756666667,3898,1316
5.42199402470701,3.40930231598724,0.482472798605953,1406.8054,3902,1317
5.05878727245261,3.07908794620857,0.409324825265511,1407.406,3906,1317
4.74124274210604,2.82123919948944,0.318666330127482,1407.97323333333,3908,1317
3.75537274022723,2.95135826132147,0.371792661484436,1407.97323333333,3909,1317
4.42301847687317,2.64174205752425,0.32476610642003,1408.54046666667,3911,1317
3.74106552578874,2.60582785152166,0.406612945460904,1408.54046666667,3912,1317
3.22461689255089,2.6005441824014,0.409222906298968,1409.1077,3915,1317
4.06674376470347,2.68170656316251,0.445312225971751,1409.14106666667,3918,1317
3.83158175193049,1.87215752810229,0.468630795517508,1409.7083,3920,1317
3.64089001501717,2.66658100305115,0.491825565160637,1409.7083,3921,1317
3.24702862990867,2.54973708660845,0.4217654079313,1410.27553333333,3922,1317
1.20526221165329,-1.09243126897921,0.279180496327147,1407.37263333333,3905,1318
1.19131253982314,-0.892202854596293,0.325000917612918,1407.97323333333,3910,1318
1.15638750441267,-0.680352514504517,0.331375051134963,1408.54046666667,3914,1318
1.02772460072644,-0.55695586561137,0.3233735439864,1409.1077,3917,1318
-0.631624803092673,3.72272188527498,0.277832436315184,1410.27553333333,3923,1319
-0.0537612555896346,-0.373251698163226,0.305535249148009,1410.84276666667,3926,1320
3.64977814837019,1.46078331570235,0.351667665616472,1410.84276666667,3927,1321
2.51075595739024,2.4659852718358,0.329600326028946,1411.44336666667,3928,1322
2.2165126137263,2.62613586249963,0.303184453051488,1412.0106,3931,1322
3.05242566392156,2.46180916582839,0.393294251524468,1412.57783333333,3935,1322
-0.317555269022509,3.67794025574012,0.279758177416868,1411.44336666667,3929,1323
-0.901090134045258,-0.120388818320622,0.303713049275441,1412.0106,3932,1324
-1.26471582137406,0.1480570407043,0.303661212457827,1412.57783333333,3936,1324
1.08040890330531,4.76659458517921,12.2211939036715,1412.07733333333,3934,1325
-0.0547594220315412,3.37358790383868,0.310538065914321,1412.6112,3938,1326
-0.0877643348733553,3.16117699281972,0.314786965041919,1413.17843333333,3939,1326
-0.0872656208735311,2.98808197437877,0.365260949185391,1413.74566666667,3941,1326
-0.0869644281042973,2.98558998756075,0.364783682778358,1413.77903333333,3941,1326
-0.0204673257298278,2.7721405059682,0.320584067731076,1414.34626666667,3947,1326
0.0695868327938396,2.58675708178763,0.282640550942033,1414.9135,3950,1326
0.0599058687701752,2.33150252547315,0.285470599288566,1415.48073333333,3954,1326
0.0112069204757994,1.97123936640285,0.291789288310543,1416.08133333333,3958,1326
-0.0234213082854111,1.61972704469229,0.28405139271189,1416.64856666667,3961,1326
-0.0500781801453327,1.38257494876062,0.270546765804965,1417.2158,3963,1326
-1.43000805980263,1.0541093318073,0.257726223554478,1413.74566666667,3942,1327
-1.50042256298256,1.37486736790728,0.303100746298625,1414.34626666667,3949,1327
1.3602077259538,3.22460680057639,0.341964022354537,1413.77903333333,3944,1328
3.74455910007487,2.42572108437651,0.260984772604913,1414.3129,3945,1329
-4.5942783530962,2.07870627051853,0.476698709899583,1414.34626666667,3948,1330
-4.39497220096243,2.13755067818613,0.535641113342904,1414.9135,3951,1330
3.1910605628717,1.98754259812431,0.324338376633624,1415.48073333333,3953,1331
2.9572850372326,1.78401331787239,0.327803011811341,1416.08133333333,3956,1331
2.78096079039164,1.52773389862269,0.335441126512385,1416.64856666667,3962,1331
2.61115636631986,1.24434190427476,0.373478385340637,1417.2158,3964,1331
-4.17533597867006,2.42157549270618,0.415169860935764,1416.08133333333,3957,1332
-4.09614348995318,2.34374597066219,0.467807557018121,1416.64856666667,3960,1332
-4.01935937086816,2.19762470927732,0.531709443292526,1417.24916666667,3966,1332
-3.93783685470157,2.05394210016134,0.51766284736605,1417.8164,3968,1332
-3.88608239505617,2.02118351765865,0.446010174611399,1418.38363333333,3969,1332
-1.51727620584327,3.27643861305051,0.288334313050174,1416.64856666667,3959,1333
-1.33531509598519,3.06534517788668,-0.0607463036799831,1417.24916666667,3965,1333
-1.14016375984891,3.04613547375807,0.252879357554753,1417.8164,3967,1333
-0.894601509116382,2.77006064370746,0.222895240719426,1418.95086666667,3970,1334
0.0710534861832502,0.855833379232745,0.228546443774635,1418.95086666667,3971,1335
0.210038564684485,0.733877358574829,0.227072686501457,1419.5181,3972,1335
0.272215089962101,0.266036008715785,0.359838785125472,1420.1187,3977,1335
-3.56156521906544,1.88474638813214,0.5172610284287,1419.55146666667,3973,1336
-3.38525499079291,1.91736279663201,0.57607677315303,1420.1187,3976,1336
-3.29674608718886,1.89889172054732,0.539089375146443,1420.68593333333,3978,1336
-3.2036932385533,1.92598380270667,0.463289188687901,1421.25316666667,3982,1336
-3.01214667676139,1.9572534905846,0.447155735771066,1421.85376666667,3986,1336
-2.76481441781118,1.9637385851512,0.385491957617301,1422.421,3989,1336
2.82811403236789,0.433451810452364,0.413914480011816,1420.08533333333,3974,1337
-0.611048239979748,2.31288948331964,0.237120658572099,1420.1187,3975,1338
-0.571038766420233,2.0832755132849,0.263969435261454,1420.68593333333,3979,1338
-0.412298633667687,1.93117515953356,0.277923975071908,1421.25316666667,3983,1338
-0.175815099568904,1.79816437504961,0.324579731361624,1421.8204,3985,1338
-0.172630066807463,1.79554436525455,0.325082820034279,1421.85376666667,3985,1338
0.162021963505074,1.70643037682354,0.310381188792885,1422.421,3990,1338
0.491109926876382,1.61640812015846,0.275888871198791,1422.98823333333,3992,1338
0.829279990791954,2.25969873879525,0.297072080639871,1423.58883333333,3994,1338
0.787999372802159,1.3936743210244,0.222077778912713,1424.15606666667,3998,1338
0.922724010137445,1.31217155892796,0.252903295923752,1424.7233,4000,1338
1.04660833877214,1.17313134681738,0.299148759770991,1425.3239,4004,1338
-0.733858621827189,-1.32888242869145,0.256506451338591,1420.68593333333,3980,1339
-0.586992597022241,-1.29759726152954,0.333394917647738,1421.25316666667,3984,1339
-0.460816041391601,-1.13847144466294,0.397912585826163,1421.85376666667,3987,1339
-0.435697923404228,-0.979595904401639,0.375761533908513,1422.421,3991,1339
-0.386238727597189,-0.667775212901368,0.329935208336135,1422.98823333333,3993,1339
5.15154805724847,2.22863924510425,0.194341072034121,1421.25316666667,3981,1340
4.88929569474944,1.9202910878799,0.266184492996286,1422.421,3988,1341
-2.49023928188774,2.30082441998978,0.488668278447427,1423.58883333333,3995,1342
3.7355524182573,2.27792842083681,0.295440566221271,1424.15606666667,3996,1343
-0.479343480768969,-0.0618323249642136,0.252549798145183,1424.15606666667,3997,1344
-0.538437361663753,0.304244308598704,0.30420704043095,1424.7233,3999,1344
-0.683861670692179,0.580290069633938,0.292622049455475,1425.3239,4003,1344
-0.63948228038624,0.777886326120433,0.287952517374776,1425.89113333333,4006,1344
-0.518994226916543,0.926897249787279,0.28955433713425,1426.45836666667,4007,1344
-0.507730271367577,0.988162498576713,0.3536006859811,1427.0256,4009,1344
-0.507425974570194,0.988375738060195,0.354862247732938,1427.05896666667,4009,1344
-0.43504016611145,1.23195246645314,0.307108391128555,1427.6262,4012,1344
-0.351675720843499,1.50273898402467,0.345393598749053,1428.19343333333,4013,1344
-0.240782529767704,1.79743262673883,0.378151643508773,1428.79403333333,4015,1344
-0.00783359560272345,1.87177096285736,0.287890851545979,1429.36126666667,4036,1344
-0.0222960879068677,2.71183522209509,0.310072494714645,1429.96186666667,4037,1344
3.93656562716734,1.54218681958,0.310027006822367,1425.3239,4001,1345
3.10755600608799,2.12453212222951,0.248331402382477,1425.3239,4002,1346
2.82206111511657,2.09513086403504,0.192402986642103,1425.89113333333,4005,1346
2.58196087863851,2.06944575203843,0.182579451391809,1426.49173333333,4008,1346
-3.59347278368483,3.24214765987508,0.0231638108418761,1427.05896666667,4010,1347
-3.7472095186325,3.55572062328186,0.0359140537278071,1427.6262,4011,1347
-1.73560834360316,3.40802591897367,0.34929403854643,1428.79403333333,4014,1348
5.47991221582665,3.36330217321251,10.1343369890791,1428.89413333333,4016,1349
2.89004754117172,2.93948004590855,5.15447212742626,1428.89413333333,4017,1350
6.36505353024754,4.37806439168858,12.138404655228,1428.89413333333,4018,1351
5.59618598920056,4.14907259967798,8.60325398365812,1428.89413333333,4019,1352
5.71005048300024,4.76911026779694,8.90382857784892,1429.09433333333,4034,1352
4.82465603477473,4.25587531933862,6.19552364344195,1428.89413333333,4020,1353
4.61841003538605,4.20231672730206,7.01972676286372,1429.09433333333,4035,1353
2.98600339394413,3.38713906169561,4.67180103881871,1428.89413333333,4021,1354
8.57664990511865,6.43365593033286,14.4400283023176,1428.89413333333,4022,1355
6.42939399714424,5.16205680580253,7.27530058323147,1428.89413333333,4023,1356
6.16798626595682,5.16159513905694,7.68342301199776,1428.89413333333,4024,1357
10.4014904644368,8.44527963118818,13.3416310928054,1428.89413333333,4025,1358
10.3075702000998,7.87778907884127,12.6098373058042,1428.89413333333,4026,1359
9.34060500362738,7.75207385352905,12.4292777163073,1428.89413333333,4027,1360
11.9209086986197,9.58211375974156,10.7831923393482,1428.89413333333,4028,1361
10.5193583603363,8.89882369289985,12.7896716990842,1428.89413333333,4029,1362
9.29075256668384,8.31444420012619,14.3403335713463,1428.89413333333,4030,1363
3.88109750368661,5.61514363747243,11.5712348941117,1428.89413333333,4031,1364
2.50281568898948,4.40607877772804,6.42915901111847,1428.89413333333,4032,1365
2.01737667993791,5.41239552627255,13.9910845258149,1428.89413333333,4033,1366
-1.41778626449748,3.56396937604325,0.32774478164828,1430.5291,4038,1367
-1.37715360911765,5.21226918259126,0.357929185601253,1431.1297,4039,1368
-1.30112803457647,4.89309475554766,0.330940066891537,1431.69693333333,4040,1368
-1.35466244438776,4.58778478810197,0.33560834931403,1432.26416666667,4041,1368
-1.52671145404691,4.22531306144109,0.320273220405675,1432.86476666667,4044,1368
-1.61539730627428,3.84564162650994,0.259180677579239,1433.432,4045,1368
-1.59727500504473,3.60831618826133,0.31891430165162,1433.99923333333,4048,1368
-1.60047444334952,3.60952554712405,0.319832901739106,1434.0326,4048,1368
-1.43819904251949,3.48871267803237,0.382132225934285,1434.59983333333,4051,1368
-1.20843065406302,3.39949390359878,0.387679708104839,1435.16706666667,4054,1368
-0.492409598837653,2.72867671787616,0.344516330818122,1435.16706666667,4055,1368
-1.01119563181508,3.24322473193056,0.390110171751279,1435.7343,4058,1368
-1.01299603185853,3.24301221554286,0.390441964503793,1435.76766666667,4058,1368
-0.848581183846106,3.16835263732761,0.330942153731599,1436.3349,4061,1368
-0.625755059916017,3.14225201753027,0.36172640965036,1436.90213333333,4064,1368
-0.362370705838138,3.07753313584011,0.383347618650653,1437.46936666667,4067,1368
-0.140346620877652,2.58994654110909,0.370962732655427,1437.46936666667,4068,1368
-0.356315733527847,3.07556054315748,0.38331220718741,1437.50273333333,4067,1368
0.0422952596997697,2.58878836321095,0.420125735172745,1438.06996666667,4071,1368
0.174031993114262,2.92655780610553,0.3856307864517,1438.6372,4073,1368
0.315509796086952,2.55765608384319,0.448085420849366,1438.6372,4074,1368
0.397026236922142,2.83936594303031,0.401046488896316,1439.20443333333,4077,1368
0.387710672902014,2.49970603377411,0.444527110461023,1439.20443333333,4078,1368
0.331670825872573,2.27170190842764,0.449530940649141,1439.77166666667,4080,1368
0.33186169999144,2.2675931769932,0.450737549740051,1439.80503333333,4080,1368
0.656681264135226,2.78681613968434,0.35148803852311,1439.80503333333,4083,1368
0.237674622092405,2.0363397219096,0.461437964734654,1440.37226666667,4085,1368
0.153223009072714,1.79514220705949,0.496034303740096,1440.9395,4086,1368
0.157282541651812,1.56835640054801,0.54462902911592,1441.50673333333,4087,1368
0.385024217962095,0.822286456354165,0.268595600829451,1441.50673333333,4088,1368
0.157321002690269,1.56612149649547,0.545010635587894,1441.5401,4087,1368
0.305414122210882,0.261575598165576,0.363436576438622,1441.5401,4089,1368
1.18946726246723,2.36329524649155,0.560436932420071,1442.10733333333,4091,1368
0.195907489092258,1.27371837244498,0.596642500542014,1442.10733333333,4092,1368
0.491542685703729,0.977020771672382,0.297148608609713,1442.10733333333,4093,1368
0.17868970172973,1.03842058503524,0.659649616272606,1442.67456666667,4094,1368
0.510967800624295,0.549596891920983,0.405048104933342,1442.67456666667,4095,1368
1.15184181816737,1.96432862617162,0.59277011453593,1442.67456666667,4096,1368
0.521236890414214,0.675053049632325,0.408590192490338,1443.2418,4097,1368
0.470388266391167,0.546084319063715,0.372291856773237,1443.27516666667,4097,1368
0.985423901180807,1.59960718645948,0.560346413287066,1443.27516666667,4098,1368
0.759191459213111,1.38689290389656,0.41732819915339,1443.8424,4099,1368
0.663958093857459,1.10274281470183,0.252593382090331,1444.40963333333,4100,1368
0.659056307122583,1.08746400597542,0.246654547198665,1444.443,4100,1368
0.12428893885951,0.513913242798134,0.25061202594363,1445.01023333333,4101,1368
-0.059783016990385,0.806883492551258,0.256061463706071,1445.57746666667,4104,1368
3.45616757215506,0.182838584907748,0.457737174186633,1432.26416666667,4042,1369
3.25251162114877,0.238027742525399,0.456553197706067,1432.8314,4043,1369
3.11439097729012,0.262698897946819,0.434951541565597,1433.432,4047,1369
2.90553076244452,0.28264407077303,0.384636917787846,1433.99923333333,4050,1369
2.67331919544015,0.288578472525676,0.290131514652303,1434.59983333333,4053,1369
2.50523566295132,0.376085368793491,0.217122862791088,1435.16706666667,4057,1369
2.43115464038726,0.449317751031808,0.236197696633776,1435.7343,4060,1369
2.36547871767622,0.590307500562574,0.277581834934055,1436.3349,4063,1369
2.22664713275383,0.745454151964279,0.337522977548301,1436.90213333333,4066,1369
2.10315470402019,0.900289621239143,0.363380326761185,1437.46936666667,4070,1369
1.98365137953817,1.1066257821414,0.282811955696495,1438.06996666667,4072,1369
-0.169250913073912,-0.642919464978875,0.214041449929717,1433.432,4046,1370
-0.187563816359161,-0.503924239397785,0.190388874870889,1433.99923333333,4049,1370
-0.144776727490734,-0.428597276856818,0.206662071151304,1434.59983333333,4052,1370
-0.127573217167631,-0.316892082337667,0.199590279684849,1435.16706666667,4056,1370
-0.0252867612116064,-0.214243705682245,0.191174225533994,1435.7343,4059,1370
0.0867726214345088,-0.171481020606434,0.18547821815805,1436.3349,4062,1370
0.0247019380932693,-0.180620168814159,0.266397574285843,1436.90213333333,4065,1370
0.0128059042161596,-0.124364378907544,0.282446371714062,1437.46936666667,4069,1370
0.102416786699054,0.0332453690083777,0.275013009530335,1438.6372,4075,1371
0.106181612839991,0.204758551724152,0.276827704941562,1439.20443333333,4079,1371
0.14132098919894,0.468243759251407,0.25042679798606,1439.77166666667,4081,1371
0.15429173529183,0.578528612291724,0.230637797385095,1440.3389,4084,1371
0.153619869670679,0.579635344837158,0.231449930010138,1440.37226666667,4084,1371
2.45873498563503,2.0058454533558,0.411048929563647,1439.20443333333,4076,1372
1.84467505099838,1.58505518880005,0.347602663837085,1439.77166666667,4082,1372
2.45665270752286,2.00534018093658,0.410092734344993,1442.10733333333,4090,1373
-4.96776691816725,0.44508534980631,0.536373745829459,1445.57746666667,4102,1374
-1.27975381354384,-0.299037466330098,0.449107196473249,1445.57746666667,4103,1375
14.423958955653,9.50964191849437,4.51048427082589,1445.77766666667,4105,1376
14.5211541378109,9.57012764481444,4.5502911022239,1445.81103333333,4105,1376
-1.6228646565435,4.40626405847265,0.204601628154906,1446.1447,4106,1377
-2.36863168572955,1.50687702104684,0.431316892840827,1447.31253333333,4107,1378
-2.30936745207012,1.4025576547321,0.395442190577357,1447.87976666667,4108,1378
-1.52394741301577,3.65476347127162,0.426153255916248,1447.91313333333,4109,1379
-1.37278657452898,3.52102644230652,0.398730094698081,1448.48036666667,4110,1379
-1.32738940492469,3.36515324627167,0.378227684257769,1449.0476,4113,1379
-1.23291307571316,3.16624522689155,0.333689883138444,1449.6482,4115,1379
-1.07995085136785,2.91987834262945,0.345938185652854,1450.21543333333,4116,1379
-3.64241639423491,3.49532128212286,0.495730838747582,1448.48036666667,4111,1380
-3.17659963344805,1.88887823876397,0.668533754788297,1448.48036666667,4112,1381
-2.97334410949733,1.86209769825913,0.603227035397096,1449.08096666667,4114,1381
-2.88950131409483,2.07759747212885,0.424557310753403,1450.21543333333,4117,1382
-1.58417805978921,0.695179284335092,0.400943980588718,1450.21543333333,4118,1383
-1.26896211355936,0.482109145946352,0.398616625461295,1450.78266666667,4119,1383
-1.07153709337921,0.217823186651637,0.419763848280639,1451.38326666667,4121,1383
-0.812205397989538,0.0562031447612324,0.291668875913477,1451.9505,4123,1383
-0.713118597733158,-0.0443262641735471,0.312591683705716,1452.51773333333,4124,1383
-0.621248984930836,0.00543104075776824,0.314215097821638,1453.11833333333,4127,1383
-0.445285527518558,0.163146974724792,0.324069671888892,1453.68556666667,4128,1383
-0.258312399482386,0.296619674596172,0.367078636405602,1454.2528,4129,1383
-0.255440607917212,0.298397257468085,0.368091738469354,1454.28616666667,4129,1383
-0.130166241190961,0.449790052993643,0.338470677388848,1454.8534,4132,1383
-0.0779639474689169,0.567770019172038,0.469635605554452,1455.42063333333,4133,1383
0.0472733568199109,0.741354791773532,0.382431219056037,1455.98786666667,4135,1383
0.105586792162679,0.871316325617274,0.322229605193533,1456.58846666667,4137,1383
0.17007303151235,0.794896771748015,0.353050333720766,1457.1557,4139,1383
0.459621348900491,0.771529398181932,0.408048231411625,1457.72293333333,4141,1383
-0.885901473925817,2.49499352329878,0.400905400714621,1451.38326666667,4120,1384
-0.979644131370503,2.24420847492177,0.319949769210294,1451.9505,4122,1384
-1.14899660360575,1.97102638921035,0.268613637734188,1452.5511,4125,1384
-5.77734325904315,4.14886460131105,-0.170745883892325,1453.11833333333,4126,1385
-1.41871972001776,-1.42182621654501,0.369541208441499,1454.28616666667,4130,1386
-1.42023726709195,0.410503391589335,0.253437289573457,1454.8534,4131,1387
-0.87767412621986,-1.43023219323562,0.506626218222868,1455.454,4134,1388
-0.677615090505248,-0.151227869633589,0.397258478382708,1456.58846666667,4136,1389
1.0960099773334,-3.02580920828231,0.437514814240448,1456.58846666667,4138,1390
-0.171504684886436,-1.04194454398958,0.448696572971248,1457.18906666667,4140,1391
0.0583517960529631,-0.935190633066465,0.309462804893791,1457.7563,4142,1391
0.999823652245652,-2.41552370984809,0.506580608318188,1457.7563,4143,1392
0.976912254078738,-2.18606569799509,0.576603968651327,1458.32353333333,4144,1392
1.00155827523686,1.01878351807446,0.45221306102938,1458.89076666667,4145,1393
1.23644784208994,-1.98414059328825,0.610478371693098,1459.49136666667,4146,1394
1.34471973895521,-1.83972941819655,0.607587120805222,1460.0586,4148,1394
1.34164606479972,-1.75867529942911,0.611246526697812,1460.6592,4149,1394
1.3178700561983,-1.55524418251516,0.542414690301478,1461.22643333333,4151,1394
1.43035209891009,-1.34972857956505,0.541863704232787,1461.79366666667,4152,1394
0.933752453745736,-0.652834956449152,0.406221922866231,1461.82703333333,4153,1394
1.16355649147027,-0.41727035765326,0.382359489034878,1462.39426666667,4154,1394
1.52348502509629,-1.16827407871129,0.53616892708793,1462.39426666667,4155,1394
1.5674902654024,-0.97752723024989,0.507428064945815,1462.9615,4157,1394
1.4230941044005,-0.0568474814356192,0.332929080095398,1462.9615,4158,1394
1.41659909802371,-0.780281048582518,0.561874499381679,1463.52873333333,4160,1394
2.24380505168844,0.793220445002422,0.277292902682621,1463.52873333333,4161,1394
1.55792812724018,0.234276007317328,0.408161249506294,1463.5621,4163,1394
1.32860307921007,-0.533778313287548,0.615002119055124,1464.12933333333,4164,1394
1.74628810447453,0.503747258993872,0.400866107575005,1464.12933333333,4165,1394
1.26243768608474,-0.260314658941138,0.662289089204219,1464.69656666667,4166,1394
1.97032401472624,1.00225829349008,0.347309420583106,1464.69656666667,4167,1394
1.87497636534731,0.705634442481022,0.359765963127505,1464.72993333333,4168,1394
1.16827266935612,-0.0480468024832381,0.683877686968991,1465.29716666667,4170,1394
1.81083434257558,1.14381374187365,0.364411891586703,1465.29716666667,4171,1394
1.12302676883858,0.184553787055498,0.613662978589128,1465.8644,4172,1394
1.66289386926243,1.25295108389558,0.324659748307519,1465.8644,4173,1394
1.00043553459989,0.47500611595969,0.565702814350449,1466.43163333333,4175,1394
0.975381904003655,0.809297968439297,0.501124161016947,1466.99886666667,4176,1394
0.975598824243015,0.81569464390388,0.499657436001466,1467.03223333333,4176,1394
1.02645755158663,1.13883634451922,0.450358616030813,1467.59946666667,4177,1394
0.92971813527871,1.3754765202942,0.444251493712005,1468.1667,4179,1394
0.704198177661204,1.54833889788037,0.427364079820156,1468.73393333333,4180,1394
-2.30095402272311,-2.00342903827201,0.685697680765447,1460.0586,4147,1395
-2.13407336031987,-1.34910429336587,0.68882587718111,1461.22643333333,4150,1396
-2.25635633146148,0.157970710835398,0.495914056610228,1462.9615,4156,1397
-2.16180184909723,0.710776859090141,0.552028078886441,1463.5621,4162,1397
10.473870448255,11.3514936354913,2.44130649964745,1463.29516666667,4159,1398
-2.7443556451561,1.97568841987453,0.873728442817926,1465.29716666667,4169,1399
-4.9628032248023,4.01407276778214,0.456428242409753,1466.43163333333,4174,1400
-1.99433035323478,4.0037848869395,0.335492104050325,1468.1667,4178,1401
0.0518220820375245,2.95925889657768,0.306988579965903,1469.33453333333,4181,1402
-2.84164001244339,0.135429376240731,0.433612895531967,1469.33453333333,4182,1403
-0.0587278075127506,2.13152932559645,0.35734757854514,1471.0696,4183,1404
-1.88619958909023,0.612199917414831,0.333844301050385,1471.6702,4184,1405
2.45864780487434,2.00442026354429,0.410392834718717,1472.23743333333,4185,1406
2.45720329047442,2.0047562949371,0.410518895131117,1472.80466666667,4186,1406
3.24350937440883,0.46232767150773,0.504588062287803,1474.53973333333,4187,1407
-0.178221995244826,2.52844949998904,0.554246014593823,1475.14033333333,4188,1408
1.56982676806857,4.3555575876568,0.315855603821902,1476.2748,4189,1409
-0.664916727743699,3.00436989038058,0.57476650162195,1476.30816666667,4190,1410
2.45628693218386,2.005000604783,0.411843492974433,1476.8754,4191,1411
2.45721236505658,2.00333449023909,0.410550317141204,1477.44263333333,4192,1411
4.12171477685938,3.0762388043711,7.34489770127288,1478.04323333333,4193,1412
4.06621168030916,3.06331656627539,7.24600325761909,1478.14333333333,4195,1412
10.4124229116126,8.75779158672739,13.4735988049919,1478.04323333333,4194,1413
10.6577495411305,8.95408105060234,13.7139860968504,1478.14333333333,4198,1413
7.41594346801304,6.40228442514889,9.19240808433255,1478.14333333333,4196,1414
8.86819493668887,7.5261301095765,11.2243019487683,1478.14333333333,4197,1415
8.76218114206229,7.74697705173736,11.6831890958471,1478.14333333333,4199,1416
3.2827063920114,-0.348358270076256,0.76046688277272,1483.24843333333,4200,1417
2.70096476715149,-0.707818780255531,0.676080603669187,1484.41626666667,4201,1418
2.6489832850001,-0.579199878545352,0.519805843283582,1484.9835,4202,1418
2.62065208471856,-0.47793510796434,0.37555628366308,1485.5841,4203,1418
1.51309070016014,1.29002924790237,0.506987448757787,1486.15133333333,4204,1419
1.04812622302394,-1.72713850830936,0.377575665413983,1486.71856666667,4205,1420
2.37922603927968,-0.411776359882864,0.379607502980542,1486.71856666667,4206,1421
2.10600596101128,-0.459160913468185,0.391178239027489,1487.31916666667,4207,1421
1.83541734971725,-0.527085790862052,0.313352981449345,1487.8864,4208,1421
1.1963967327418,-1.41235298711693,0.397653209175082,1488.487,4210,1421
1.62381497747961,-0.488322272271824,0.265278303475637,1488.487,4211,1421
1.02264651354741,-1.28426578576292,0.357170431037479,1489.05423333333,4212,1421
1.52408557547474,-0.377678249608015,0.316141264895757,1489.05423333333,4213,1421
1.33392314889653,-0.280249502264324,0.377144691957181,1489.62146666667,4214,1421
0.868795795465718,-1.10772776081242,0.375668236357206,1489.65483333333,4215,1421
1.07162918802104,-0.282652690498302,0.441009610706316,1490.22206666667,4216,1421
2.46008520694706,2.00550752588083,0.410235094154647,1488.45363333333,4209,1422
2.44602787213097,2.00111542367452,0.412401466935988,1491.95713333333,4217,1423
3.04671662505221,-12.5665134187808,6.30587337449362,1492.12396666667,4218,1424
2.44471576297806,2.00097023364623,0.411932725846509,1494.86003333333,4219,1425
2.80730043173119,0.175019118683647,0.696999880334538,1494.86003333333,4220,1426
4.65463383176598,1.32632689209083,0.0308723060956747,1496.02786666667,4221,1427
2.4457540165442,2.00177718072604,0.411645604912892,1497.1957,4222,1428
0.573119409259813,2.33626086051534,0.510421696626266,1498.93076666667,4223,1429
1.65507790865925,-6.6354510837616,5.70367534803029,1499.13096666667,4224,1430
1.65438779108253,-6.60673718382911,5.69649258461895,1499.16433333333,4224,1430
1.65767298756036,-6.59453938779004,5.70087113399288,1499.1977,4224,1430
1.72580032836893,-4.63060379320452,4.22157248659635,1501.36653333333,4225,1431
1.71754700769391,-4.62562706156478,4.23487244209785,1501.3999,4225,1431
2.44525719092734,2.00145121920223,0.413117454314859,1507.07223333333,4226,1432
1.22316361937071,-4.15108249152332,6.44128673805248,1509.87503333333,4227,1433
1.17837861328548,-0.432007789124296,0.357211129984474,1516.9154,4228,1434
1.16632067827883,0.00738839514650924,0.438637221828151,1518.08323333333,4229,1435
1.17300694409718,0.168195600522414,0.474358732417455,1518.65046666667,4230,1435
0.548541368056073,0.744320004070884,0.297696574100947,1519.8183,4231,1436
4.41692314736872,0.690402504346771,-0.307136112930939,1519.8183,4232,1437
1.29506493317508,1.13250918150055,0.48308853640401,1520.98613333333,4233,1438
9.88224354495119,8.38593907813985,12.8863559593982,1521.6201,4234,1439
1.8595812463288,-5.76947308071724,5.23262441847735,1526.29143333333,4235,1440
2.16700305852372,-4.94077165298717,3.97980606203212,1532.26406666667,4236,1441
2.16810825970082,-4.95412275853303,3.98791548475091,1532.29743333333,4236,1441
0.271183320262896,1.17545204699781,0.249892035030488,1589.42116666667,4237,1442
-1.71762253039021,3.16919152478014,0.398822510718189,1594.6931,4238,1443
-1.18970586931517,3.22194457248053,0.429635499097336,1595.86093333333,4239,1444
-0.582118775475486,3.13455668027637,0.474690023323061,1597.02876666667,4240,1445
0.057933510243304,3.08840243806624,0.520185666539783,1598.1966,4241,1446
-3.5929125556198,0.809580069214244,0.559322829829651,1602.3007,4242,1447
-3.42765126210471,0.876383891237,0.52679546086921,1603.46853333333,4243,1448
-1.02585267805695,1.4708518163326,0.227698399766521,1619.88493333333,4244,1449
-2.84655688912747,5.55523125805224,0.509154099166255,1623.38843333333,4245,1450
-2.9748179926533,5.16317730631408,0.541197228931259,1623.98903333333,4246,1450
-1.00554185882708,1.52610183657365,0.330765637519235,1675.20686666667,4247,1451
-1.02124204141441,1.5843071281984,0.316588927623686,1675.7741,4248,1451
-0.888661541408474,2.13131068448755,0.366688713399116,1676.9753,4249,1452
2.93486907084156,2.25581891453755,0.368045935526888,1677.54253333333,4250,1453
2.69318443511352,2.51892108768675,0.406079930193785,1678.14313333333,4251,1453
5.76052120006211,4.68882693265982,0.582434587586183,1678.74373333333,4252,1454
2.35107065218542,2.7053500997485,0.330624480790618,1679.91156666667,4253,1455
2.05534935520253,2.68774392055795,0.407471501958517,1680.51216666667,4254,1455
5.36476534779346,4.81322204855927,0.803781979560639,1680.51216666667,4255,1456
4.92251067851805,4.62200010675748,0.80295948634531,1681.0794,4256,1456
4.60724966742459,4.52935167713115,0.729326750449117,1681.68,4257,1456
-1.13945572665612,0.0748046507427548,0.320983579407737,1682.24723333333,4258,1457
-0.944618027577797,-0.0460755590644746,0.297372656070993,1682.84783333333,4263,1457
11.1218052785007,8.66029320261986,13.9514777237373,1682.61426666667,4259,1458
9.121208780422,7.68641729650764,11.7818241962919,1682.61426666667,4260,1459
8.16073029623652,7.34187574725006,11.1423012038581,1682.61426666667,4261,1460
10.6178109342115,9.07324330273253,13.2675658872626,1682.61426666667,4262,1461
-3.22195878865204,0.76895560110581,0.519854791468801,1690.4888,4264,1462
0.371742000091738,4.83608783701435,1.23650673897859,1699.86483333333,4265,1463
0.36695786073643,4.80998670179213,1.23371667718115,1699.8982,4265,1463
-0.0546666913041534,4.15728233579092,1.22723052186688,1700.46543333333,4266,1463
-0.502943706287547,3.62203599258085,1.19009909531145,1701.06603333333,4267,1463
0.408257452770515,0.670442563749632,0.58351473890158,1709.27423333333,4268,1464
1.05908827405924,1.72161759281751,0.535092438573411,1716.24786666667,4269,1465
6.95029699175892,5.89060763796146,5.87819476104728,1728.39333333333,4270,1466
6.95565958020563,5.89272789562796,5.87997197966163,1728.4267,4270,1466
12.156162037962,9.53661055004589,10.7434801138792,1728.39333333333,4271,1467
12.1118135762269,9.49249659005159,10.6998844425711,1728.4267,4271,1467
8.6862812023421,7.68796856450702,11.567305072336,1728.4267,4272,1468
10.1381264101793,8.74035891292317,12.6108727298727,1728.4267,4273,1469
2.05479585200382,3.11733047403308,0.303204629765783,1741.47306666667,4274,1470
1.24435041028511,2.07763213920013,0.352297839458314,1744.40933333333,4275,1471
0.969605735087556,1.58132982013862,0.420731996413602,1746.17776666667,4276,1472
2.21154470391623,3.22000308759435,0.411622687777791,1752.0503,4277,1473
1.67474405601776,2.23060534074839,0.323402400622216,1753.81873333333,4278,1474
1.38288490482021,1.77102351029848,0.28178340622538,1754.98656666667,4279,1475
5.41532515397123,0.816454401419055,0.27596244283732,1760.8591,4280,1476
2.49273401016744,1.80793551847801,0.32985474392781,1762.62753333333,4281,1477
1.82264949796151,1.23946813906919,0.492565998771002,1764.39596666667,4282,1478
1.18717778394969,-0.729393817563887,0.428112647977371,1769.10066666667,4283,1479
1.13533521689772,0.412019337821038,0.516692342271009,1769.10066666667,4284,1480
1.16374160709038,-0.367048457762817,0.380660320696573,1770.2685,4285,1481
1.14455666421663,0.313535227080315,0.448975842139008,1772.03693333333,4286,1482
1.85602686700067,3.6673419561197,0.328713338643142,1777.30886666667,4287,1483
0.614056802052908,0.636282393067403,0.422449796391385,1777.30886666667,4288,1484
1.25593476184193,0.446725284979495,0.401194186803948,1779.0773,4289,1485
1.67909786583893,1.39810997233671,0.492986594869627,1780.84573333333,4290,1486
1.44522547912767,2.99806004823659,0.26805941327561,1788.4867,4291,1487
1.27294332878051,2.82597022963565,0.209893635919668,1789.0873,4292,1487
0.834597607851991,2.20633511917192,0.44219410560783,1790.25513333333,4293,1488
1.82834746630013,-0.709334490943293,0.405445364921096,1791.42296666667,4294,1489
1.46217042184886,-1.9448349134982,1.31888449608345,1825.49033333333,4295,1490
1.08982490524453,-1.50347487209279,1.53900059506419,1826.65816666667,4296,1491
0.180307052807838,-0.481458714901512,1.62756893210193,1829.0272,4297,1492
1.48686205896368,3.76852351932668,0.254119986425433,1863.6618,4298,1493
1.39869025695037,3.46923645058115,0.297512829016509,1864.2624,4299,1493
1.32269781126793,3.02251426921431,0.253937966305225,1865.43023333333,4300,1494
1.35687662639041,2.65859053231836,0.289416825761876,1866.59806666667,4301,1495
1.3210325218456,2.43763961218965,0.328157716305705,1867.19866666667,4302,1495
1.39767642746278,2.18769941155589,0.379683330493092,1867.79926666667,4303,1495
1.37173021035252,1.6047998017093,0.473165179046409,1868.9671,4304,1496
3.46870705060804,0.391943769510405,0.344037334959943,1893.0912,4305,1497
2.70565417921527,0.939440208855542,0.25173476564482,1895.42686666667,4306,1498
1.65930906133103,1.22863972681291,0.363682282273963,1897.1953,4307,1499
0.38356181849097,0.953195485662553,0.464891665966821,1900.73216666667,4308,1500
0.470993823865802,1.07370402931259,0.440764247106835,1901.9,4309,1501
0.568319029328113,1.17367755296842,0.437954735486141,1902.5006,4310,1501
0.668637135084012,1.95213324045855,0.485980299325906,1903.66843333333,4311,1502
2.3182337836103,1.72620267422675,0.43410827553545,1927.79253333333,4312,1503
0.803786946447628,0.681413267809324,0.500117877093926,1932.49723333333,4313,1504
2.01151537968898,3.27204387905943,0.326407300926976,1951.38276666667,4314,1505
0.58918735683561,2.34236012868932,0.505519092677775,1963.79516666667,4315,1506
1.08079497024426,2.34058969942317,0.335043439868605,1966.1642,4316,1507
1.52056888099768,2.84291905605156,0.245816837271844,1966.7648,4317,1507
2.64326089657841,2.40663891508022,0.359033705687953,1979.21056666667,4318,1508
2.01586832623063,2.23524376013743,0.219190825998066,1981.5796,4319,1509
1.28274400233199,2.35965945460262,0.352678465959531,1983.34803333333,4320,1510
0.976647540375021,2.39983674951846,0.372358178269203,1983.94863333333,4321,1510
1.02623701219263,0.946472577929721,0.529641856155395,2005.23656666667,4322,1511
2.00433568698243,0.686851201127862,0.464573792431079,2009.37403333333,4323,1512
7.0558057620431,5.71135545010542,6.11391271535801,2025.9239,4324,1513
6.8944834168036,5.85230007761191,5.81921353034241,2025.9239,4325,1514
9.62143496604144,8.16329442021259,12.5480422669761,2025.9239,4326,1515
-2.25311274596503,-0.157833373694238,0.353199876687528,2109.64086666667,4327,1516
-1.50204960919919,-0.0906049976706362,0.347410039529275,2112.6105,4328,1517
-0.97610664981367,-0.192759521764851,0.452930052851557,2114.97953333333,4329,1518
-0.686843657817105,-0.20743315976512,0.453284246053357,2115.58013333333,4330,1518
-0.248101585186455,0.0302510925350886,0.405327947383754,2116.74796666667,4331,1519
0.174011427791609,0.498770037392226,0.333639110630515,2117.94916666667,4332,1520
0.458801570874036,2.69434462746108,6.95375154044774,2119.18373333333,4333,1521
0.496719093025161,0.648561572259884,0.464217756813049,2119.2171,4334,1522
7.06308930440515,5.73912527601509,6.13850832999381,2148.61313333333,4335,1523
2.93540785838669,-8.31218408690619,5.48671032334245,2179.2771,4336,1524
2.02564277231951,-6.55898935522922,5.80680698103746,2183.91506666667,4337,1525
-6.96171576184752,6.49128682451828,0.62200222719981,2230.76186666667,4338,1526
-6.93522055600094,6.48086087169989,0.626726409292811,2230.79523333333,4338,1526
-7.05187052439955,6.54896936036628,0.666386933229015,2231.0288,4339,1526
-7.07175362016224,6.55082120296023,0.657808649291746,2231.06216666667,4339,1526
-7.0420827666264,6.52380002819153,0.656750429343689,2231.09553333333,4339,1526
-6.98697214420503,6.48643163527523,0.663560084715976,2231.1289,4339,1526
-7.00575717880224,6.4928410689507,0.663242781500802,2231.16226666667,4339,1526
-7.03430767578922,6.50782571878456,0.663443185798611,2231.19563333333,4339,1526
-7.06144564707374,6.51877486467616,0.665321072923014,2231.229,4339,1526
-7.03558806323856,6.49216276091156,0.662035811637515,2231.26236666667,4339,1526
-7.07175134144636,6.50920865523412,0.662225912017433,2231.29573333333,4339,1526
-7.05702469797832,6.49537186214046,0.663401726864175,2231.3291,4339,1526
-7.04177358517337,6.48369404933482,0.665548796388109,2231.36246666667,4339,1526
-6.92960039548778,6.44674895311969,0.772229154438516,2232.16326666667,4340,1526
-6.99030088308259,6.49364853898918,0.781529614275551,2232.19663333333,4340,1526
-7.00801089193691,6.5030892018159,0.78486593926146,2232.23,4340,1526
-7.04076067689333,6.52277318614692,0.788964396700979,2232.26336666667,4340,1526
-7.04076067689333,6.52277318614692,0.788964396700979,2232.29673333333,4340,1526
-7.03386946123373,6.50744036704398,0.788855547789635,2232.3301,4340,1526
-7.04309158981441,6.50957733391448,0.788162445252784,2232.36346666667,4340,1526
-7.08693925275785,6.53042896783281,0.786377778921365,2232.39683333333,4340,1526
-7.05394432445468,6.50497636206671,0.786314365783996,2232.4302,4340,1526
-7.01080273663301,6.47633145037269,0.786198676593315,2232.46356666667,4340,1526
-7.028347039919,6.483239721874,0.785189369431305,2232.49693333333,4340,1526
-7.028347039919,6.483239721874,0.785189369431305,2232.5303,4340,1526
-7.03641392580336,6.48746295589152,0.783787062298586,2232.56366666667,4340,1526
-7.02841332758288,6.48329018507261,0.781248822894007,2232.59703333333,4340,1526
-7.05099862853956,6.50073656622701,0.784534323707735,2232.6304,4340,1526
-7.0240292483738,6.48323656907717,0.785175967698058,2232.66376666667,4340,1526
-7.01080273663301,6.47633145037269,0.786198676593315,2232.69713333333,4340,1526
-7.00749629863557,6.47460454025544,0.786453725209599,2232.7305,4340,1526
-7.02901480042194,6.49371113293153,0.786000470432061,2232.76386666667,4340,1526
-7.01905859880224,6.48850594751613,0.784797342556388,2232.79723333333,4340,1526
-7.01905859880224,6.48850594751613,0.784797342556388,2232.8306,4340,1526
-7.01237567472516,6.48654646504768,0.784794722812172,2232.86396666667,4340,1526
-7.00316828112597,6.48794590317261,0.785555482271944,2232.89733333333,4340,1526
-7.00952249279609,6.49606648400318,0.784539309650848,2232.9307,4340,1526
-7.02893002080863,6.51110969859328,0.783651213841551,2232.96406666667,4340,1526
-7.04492330244301,6.52352713989563,0.781605571128249,2232.99743333333,4340,1526
-7.02871467472055,6.5168047781331,0.780116496795015,2233.0308,4340,1526
-7.03718101145534,6.52337180491169,0.780286699737653,2233.06416666667,4340,1526
-7.01849767181871,6.51353685948896,0.779628208301917,2233.09753333333,4340,1526
-7.03433701818791,6.52583249451206,0.779946038554176,2233.1309,4340,1526
-7.05066736989626,6.53622488829977,0.782839569950735,2233.16426666667,4340,1526
-7.01638820982719,6.5213945607071,0.780620932751478,2233.19763333333,4340,1526
-7.03309028218905,6.53020778075382,0.781085850625751,2233.231,4340,1526
-7.00234859790561,6.51044472050422,0.78347503089072,2233.26436666667,4340,1526
-7.00234859790561,6.51044472050422,0.78347503089072,2233.29773333333,4340,1526
-7.00230448447502,6.50720018898387,0.788091263053867,2233.3311,4340,1526
-7.01921178488425,6.51609133627614,0.784519611990653,2233.36446666667,4340,1526
-7.05847425659397,6.54654798922615,0.782904477097854,2233.39783333333,4340,1526
-7.06552177864645,6.55201359358428,0.781831738513435,2233.4312,4340,1526
-7.06594308908143,6.5523498128405,0.783404747148431,2233.46456666667,4340,1526
-7.05245314048467,6.54186974632051,0.78229563755372,2233.49793333333,4340,1526
-7.01902784195551,6.51925165934215,0.779559339462597,2233.5313,4340,1526
-7.01902784195551,6.51925165934215,0.779559339462597,2233.56466666667,4340,1526
-6.99244575857537,6.50523571073579,0.780308656651743,2233.59803333333,4340,1526
-7.02471265313698,6.53033074314323,0.779405946580535,2233.6314,4340,1526
-7.01225658392867,6.52064720458729,0.781435012651567,2233.66476666667,4340,1526
-7.03129899439071,6.54214357544469,0.779748134469709,2233.69813333333,4340,1526
-6.93678820083481,6.48921774377012,0.766839534356083,2233.7315,4340,1526
-6.97620670680738,6.52160083773711,0.751400017282201,2233.76486666667,4340,1526
-7.14273835747654,6.6122815732307,0.753229608697405,2234.09853333333,4341,1526
-7.15559207587164,6.61887503288906,0.756028029297678,2234.1319,4341,1526
-7.09765913203745,6.56017311613775,0.765932116508748,2234.16526666667,4341,1526
-6.99739215469019,6.48255883941086,0.755267765078926,2234.3321,4342,1526
-6.99739215469019,6.48255883941086,0.755267765078926,2234.36546666667,4342,1526
-6.97007880896744,6.46799301471182,0.749864338848548,2234.39883333333,4342,1526
-7.00251264590563,6.49313262943914,0.754324229527817,2234.4322,4342,1526
-7.15779306420723,6.59517989731595,0.684395090785709,2234.89933333333,4343,1526
-7.08109778357561,6.51578973281877,0.636985437191802,2234.96606666667,4344,1526
-7.0843270928831,6.50869258463187,0.638191670969252,2234.99943333333,4344,1526
-7.09066912732459,6.51059401407877,0.637435009146618,2235.0328,4344,1526
-7.11304111327644,6.51025657056657,0.627402358798455,2235.06616666667,4344,1526
-7.10806861459084,6.49638159422301,0.607087598430126,2235.09953333333,4344,1526
-7.10446831552832,6.49026560514789,0.593933259234614,2235.1329,4344,1526
-7.0202208052057,6.43077461853406,0.581536349666382,2235.16626666667,4344,1526
-6.95374863881692,6.38639204847311,0.575834820902664,2235.19963333333,4344,1526
-6.94019201866657,6.38581115089173,0.539652960280961,2235.4332,4345,1526
-6.94191219161039,6.38885069321044,0.523271209507337,2235.46656666667,4345,1526
-6.9234169295546,6.37922685094029,0.520707249817961,2235.49993333333,4345,1526
-6.87951815362639,6.34895601123397,0.504506193639143,2235.5333,4345,1526
-6.88031643204141,6.34781774378776,0.49425439611728,2235.56666666667,4345,1526
5.50988102100608,-6.53664713813191,5.28486346724702,2291.32236666667,4346,1527
1.03516253267135,2.28880315518667,0.524674173499699,2322.35336666667,4347,1528
0.390453444640441,0.56480508566536,0.268258728166595,2373.43773333333,4348,1529
1.93972424337701,4.53782779068422,6.40632535140447,2378.6763,4349,1530
1.97790880311551,0.296182446317577,5.8434598163541,2392.02296666667,4350,1531
1.31984993718441,2.15443162211573,5.76521715629335,2397.86213333333,4351,1532
-8.40342136341685,0.0177755068396398,6.50649192982986,2398.86313333333,4352,1533
1.23123024406319,2.17732527790999,5.74416443800337,2399.7974,4353,1534
1.3562105756482,2.03713036776577,5.83955869426449,2401.76603333333,4354,1535
1.45947405881941,2.07189312106254,5.87984967297344,2403.7013,4355,1536
1.33736422538355,2.09413569212435,5.92736251537297,2405.6032,4356,1537
-8.50629911865366,5.47357946118086,0.548483061059852,2446.71093333333,4357,1538
-8.45138379390795,5.46717673755499,0.566372098114204,2446.7443,4357,1538
-8.40953242456771,5.46366912759292,0.583459386756367,2446.77766666667,4357,1538
-8.42312857282771,5.49005674072584,0.600699006315604,2446.81103333333,4357,1538
-8.38711484026144,5.492736214957,0.614307080788959,2446.8444,4357,1538
-8.39700873541086,5.51835406778828,0.632503879533307,2446.87776666667,4357,1538
-8.34983673123227,5.52301124298721,0.646364329027389,2446.91113333333,4357,1538
-8.33544756544496,5.5355265203025,0.660074758912105,2446.9445,4357,1538
-8.3119938756518,5.54733786222932,0.671074901017608,2446.97786666667,4357,1538
-8.29285307351336,5.55932599121737,0.689880273618446,2447.01123333333,4357,1538
-8.30447254042595,5.58728788257559,0.705830519612944,2447.0446,4357,1538
2.40774711886772,-7.9074066476695,6.11792209340915,2459.6572,4358,1539
0.994934674801045,2.29098556870073,6.54918839487434,2500.33116666667,4359,1540
0.743454171508594,0.629204686745851,0.460194148531191,2501.2988,4360,1541
0.97305133651869,2.49612232250855,6.51384733354913,2502.23306666667,4361,1542
0.593393392016699,4.4727858777063,0.340262162439034,2519.2167,4362,1543
0.517302584434944,3.96084201951902,0.382821693624831,2519.8173,4363,1543
0.376512871245735,3.65211484735751,0.381552822357387,2520.4179,4364,1543
0.230890368541176,3.35735295879428,0.313623641130892,2521.0185,4366,1543
2.66914963853194,0.484376464812677,0.13712684932976,2520.4179,4365,1544
-1.16690375103913,2.91406204529979,0.259534635402971,2521.6191,4367,1545
0.0432885542336575,2.7313088525028,0.328560925844305,2522.2197,4368,1545
-1.08953216734839,2.7141906749266,0.319896327917929,2522.2197,4369,1545
-0.993819516358733,2.56467297110115,0.354456015499188,2522.8203,4370,1545
-0.0178847191921137,2.34175517260265,0.352519211236325,2522.8203,4371,1545
-0.869891961252327,2.4517535144165,0.360112418895002,2523.4209,4372,1545
-0.0213851602422666,1.95236901193531,0.34596557927439,2523.4209,4373,1545
-0.71767387981452,2.33736003607019,0.369239075377285,2524.0215,4374,1545
0.0380423458864726,1.64111040834825,0.348682240732787,2524.0215,4375,1545
-1.30923159848727,3.12500178978929,0.37803614544879,2524.6221,4376,1545
-0.639573027586874,2.12205244862139,0.221297861867086,2524.6221,4377,1545
-0.478063166091981,1.92644802012069,0.317940659923118,2525.2227,4378,1545
-0.416443910238869,1.77018699510032,0.29707997172718,2525.8233,4379,1545
-0.0917990719611824,1.56078324561406,0.256171357402483,2527.0245,4380,1546
0.124857197920078,1.51160182440365,0.304876699835336,2527.6251,4381,1546
0.299872217796297,1.4693160372822,0.352380187598736,2528.2257,4383,1546
0.426962029128209,1.46659148871303,0.348578620077419,2528.8263,4385,1546
0.535175427129409,2.40633717859831,0.344098027942362,2529.4269,4387,1546
0.722087018374515,2.30914628225904,0.353451919445411,2530.0275,4388,1546
-2.49004954305615,6.02714785952138,3.80796425029066,2528.2257,4382,1547
-2.11891142801042,5.81231413921814,3.69342847494466,2528.8263,4384,1547
-1.7319424295664,5.54473454883455,3.598822072248,2529.4269,4386,1547
-1.99274340703174,3.42323426302431,0.415682860238,2530.0275,4389,1548
-1.82957092786332,3.43364417269076,0.520751679149046,2530.6281,4390,1548
-1.77902318610149,3.39280129523233,0.509168733661132,2531.2287,4392,1548
0.532096524712151,0.719649057707641,0.31866509201572,2531.19533333333,4391,1549
0.532139591732686,0.718681763880706,0.31976469310402,2531.2287,4391,1549
-1.17967171740812,3.49329975828533,0.429226381742659,2533.0305,4393,1550
-1.01345577551386,3.50541281341312,0.472428688137908,2533.59773333333,4394,1550
-1.04540120007672,3.37526922800256,0.571447960918063,2534.19833333333,4396,1550
-1.14884619436191,3.01954381122462,0.615571473696719,2534.79893333333,4398,1550
-0.57185811920889,3.09032440702015,3.06536582973096,2533.59773333333,4395,1551
-0.869116194079548,2.73579224880016,2.92457717676823,2534.19833333333,4397,1551
-1.21791336911714,2.218841909504,2.83335557159832,2534.79893333333,4399,1551
0.555580347313759,4.31794524968039,0.416441396510067,2535.39953333333,4400,1552
0.571302997149161,3.94273751093835,0.373663266997243,2536.00013333333,4403,1552
0.572159900562968,3.57480915991548,0.352304094952995,2536.60073333333,4407,1552
0.465384536798602,3.1922813125971,0.360960472971629,2537.20133333333,4410,1552
0.474733385546249,2.9656737682597,0.401365826411124,2537.76856666667,4411,1552
0.488853350576346,2.74242580611857,0.398677273903447,2538.36916666667,4413,1552
-5.76196372883255,3.16278214587103,0.622000808899377,2535.39953333333,4401,1553
0.152162642560233,1.12988319861999,0.50743684045017,2535.39953333333,4402,1554
-1.30693807508908,2.11264502082732,0.587284627994239,2536.00013333333,4404,1555
-1.47155646490551,1.6619202026875,0.600474193208381,2536.56736666667,4405,1555
-1.57970475124985,1.2474493439854,0.626504991962008,2537.16796666667,4408,1555
-1.63454055671488,0.891017394742025,0.604805243811405,2537.76856666667,4412,1555
-1.67748868392931,0.484377139404553,0.587206322738806,2538.36916666667,4415,1555
0.34407309669303,2.09106111679051,0.387715574393552,2536.56736666667,4406,1556
-0.081926647208896,1.86478092659584,0.360883748822078,2537.16796666667,4409,1556
-4.01799154819142,0.940639541980789,0.555498271557819,2538.36916666667,4414,1557
-1.69020867796613,1.35159102101201,0.143632401599712,2540.77156666667,4416,1558
-1.7033696506145,1.45832751796523,0.216956885297605,2541.37216666667,4417,1558
-1.57521446808514,1.46993179114497,0.292491149208847,2541.9394,4419,1558
-1.41403225344862,1.50461052613066,0.340587563709458,2542.54,4420,1558
-1.36004141616907,1.6373568140758,0.330527394410164,2543.1406,4421,1558
-3.63689348896091,0.560396950797971,0.52150840154262,2541.37216666667,4418,1559
-3.09669407190857,0.260321988554497,0.618157207219224,2543.1406,4422,1560
-2.91443129201388,0.189868029171654,0.667975161075331,2543.7412,4423,1560
-2.77425088954753,0.158586278561385,0.65226891066073,2544.3418,4425,1560
-2.69372582207238,0.18349559152236,0.572009937190344,2544.9424,4426,1560
-1.35356013008562,2.09892980110303,0.27258474025424,2544.3418,4424,1561
-7.0445301948527,-16.7922720768405,4.26172902849364,2545.80993333333,4427,1562
-7.08118817858047,-16.8349444298966,4.28368850438373,2545.8433,4427,1562
-2.36377324934965,0.279666697849782,0.518495683714369,2546.1436,4428,1563
-0.780970303459398,2.58110228346114,0.397830737949999,2546.7442,4429,1564
-0.770240435023933,2.63610640852487,0.481743317283601,2547.9454,4430,1565
-1.84611908510013,0.423580592259818,0.442050276865877,2547.9454,4431,1566
-0.929642855390795,0.220457091505649,0.408757408120746,2549.71383333333,4432,1567
-0.732034238231233,0.113575789062067,0.437628956773816,2550.31443333333,4433,1567
-0.578713193104663,-0.0178351738938385,0.44325342379358,2550.91503333333,4434,1567
-0.492286420191643,-0.0278686128105243,0.437950702697187,2551.51563333333,4435,1567
-0.455697850869188,0.0144137000391532,0.403508534977593,2552.11623333333,4436,1567
-0.378323358016699,0.124173070247949,0.377246272157724,2552.68346666667,4437,1567
-0.286798774183912,0.30865194366159,0.363501633901246,2553.28406666667,4438,1567
-0.17234896924751,0.406572487464272,0.392328668373499,2553.88466666667,4439,1567
-0.139651913029778,0.548611833011136,0.390589492773534,2554.48526666667,4440,1567
-0.0683219514672965,0.711590490633454,0.349325170980935,2555.08586666667,4441,1567
-0.0014979766737454,0.752919896503038,0.375939530893786,2555.68646666667,4442,1567
0.135137907255504,0.927213605226212,0.371256001524115,2556.28706666667,4443,1567
0.168419817672373,1.06672735526519,0.372079021859014,2556.88766666667,4444,1567
0.291614218555446,1.23017611146113,0.357399435921076,2557.48826666667,4445,1567
0.338559877824241,1.35001336234693,0.3819090652156,2558.08886666667,4446,1567
0.432061098237412,1.48645165693403,0.352447878872454,2558.68946666667,4447,1567
0.530137010267807,0.693931178848854,0.352301806092401,2559.29006666667,4448,1567
0.776960917628334,0.685575408456874,0.299328331922247,2559.89066666667,4449,1567
0.979684855396898,1.86724827918741,0.393584644918798,2560.49126666667,4450,1568
3.89418162881391,0.292969601438337,0.444806182599308,2561.0585,4451,1569
1.84441780456761,2.20491357164409,0.395850104599175,2564.6621,4452,1570
-0.13204679941989,5.17503137998323,0.893438648880652,2564.6621,4453,1571
2.85307866097279,0.993659563281232,0.266728149711055,2565.22933333333,4454,1572
2.60504579654549,1.10620011126279,0.309468919460229,2565.82993333333,4455,1572
2.31806618812351,1.22681173149239,0.327180294546757,2566.43053333333,4456,1572
1.97890031613317,1.37544998527217,0.348978741086809,2567.03113333333,4457,1572
1.67686157073066,1.59571500088552,0.375671349319464,2567.63173333333,4458,1572
1.43947406746312,1.78737714287812,0.395684753726513,2568.23233333333,4459,1572
1.20044025716606,1.95868217609521,0.370250192969265,2568.83293333333,4461,1572
1.62272396789372,-2.27315867964685,0.314686588930209,2568.83293333333,4460,1573
2.9984132645822,-0.802562962637926,0.289788841933866,2570.63473333333,4462,1574
2.89601290541878,-0.492324365862155,0.329574099415989,2571.83593333333,4463,1575
2.81720567074217,-0.278309233087381,0.266991381658733,2572.43653333333,4464,1575
1.54452905774439,-0.489295945674998,0.309622119401392,2573.00376666667,4465,1576
1.66013780860746,-0.219350453768311,0.322649324923421,2573.60436666667,4466,1576
1.66813747648064,-0.00843933377608996,0.396017414828389,2574.20496666667,4467,1576
1.59987102318385,0.285261155030066,0.40117853399337,2574.80556666667,4468,1576
1.53581346971711,0.449031958529323,0.355588654933847,2575.40616666667,4469,1576
1.49133667571182,0.683745438533103,0.271235367682381,2576.00676666667,4471,1576
1.46097442854869,0.820173692354697,0.33901125875528,2576.60736666667,4472,1576
-2.73130617328496,1.84759455242605,0.495283414400218,2576.00676666667,4470,1577
-2.19577930011154,1.8283537989302,0.508537361536176,2577.20796666667,4473,1578
-2.04850433143275,1.71997491572673,0.477045686404198,2577.80856666667,4474,1578
-1.90104815916843,1.56477554304314,0.445654854188125,2578.40916666667,4477,1578
-1.69432815219334,1.35170642836545,0.342127141716152,2579.00976666667,4479,1578
-1.55674177607021,1.10706932664252,0.330880096540817,2579.61036666667,4481,1578
-1.35551154681509,0.817790206115527,0.341601352935832,2580.21096666667,4483,1578
-1.16378739020607,0.615962482922917,0.323333731853545,2580.81156666667,4484,1578
-0.971310231461878,0.209810196337508,0.3542691058429,2581.41216666667,4485,1578
1.79381301068179,-0.0214693043631238,0.458173905611251,2577.80856666667,4475,1579
2.28012080344357,-0.320328319401225,0.503309840835492,2578.40916666667,4478,1579
2.62476780102861,-0.480572299814634,0.497032830429699,2579.00976666667,4480,1579
2.24161404350482,1.74196500266529,0.217752624246637,2577.80856666667,4476,1580
1.73409603900366,1.24729539134758,0.402478709634177,2579.61036666667,4482,1581
-3.33261000340635,-0.604667809229594,0.595975416465015,2582.01276666667,4486,1582
-2.86175727665479,0.466818201796213,0.36784028674232,2584.9824,4487,1583
-2.82103728065337,0.723203516732798,0.387180360501916,2585.583,4488,1583
-2.68698329988242,1.01452921410965,0.382784788828538,2586.1836,4489,1583
-2.24639873923368,1.51550960996274,0.427056268103497,2587.3848,4490,1584
-2.06389032183129,1.76706550274314,0.425483693780757,2587.9854,4491,1584
-1.98446505563817,1.92041330420354,0.468160814983552,2588.55263333333,4492,1584
-1.84020106793924,1.92233944807344,0.520397221905175,2589.15323333333,4493,1584
-0.784613500981425,2.20761458903897,0.383561103688341,2589.75383333333,4494,1584
-1.67682889662024,1.87345368224784,0.558445539191033,2589.75383333333,4495,1584
-1.48430744854112,1.78020896068391,0.563597832229608,2590.35443333333,4496,1584
-1.40749920073467,1.64363880849034,0.534230345623196,2590.95503333333,4497,1584
-1.37620324942157,1.39548851565287,0.514293720804863,2591.55563333333,4498,1584
-1.23945568839571,1.19933428381754,0.506885190448253,2592.12286666667,4499,1584
-1.10316883634312,0.990433677225788,0.534795388930016,2592.72346666667,4500,1584
-1.42029793807306,0.352597756188884,0.342593802568207,2593.32406666667,4501,1584
-0.87212650667411,0.817135507330319,0.652423450652379,2593.92466666667,4502,1584
-0.910587092477505,0.514328961875946,0.668870395577595,2595.12586666667,4503,1585
0.356878018714721,4.3489313990665,0.381966553892357,2606.43716666667,4504,1586
0.273038285923911,4.03106424125609,0.415089456652709,2607.03776666667,4506,1586
0.176875313086618,3.76786278718341,0.372254731761003,2607.605,4508,1586
0.184180774466548,3.49311945747735,0.353243670910794,2608.2056,4510,1586
0.197002117448996,3.27390993981233,0.388005576669757,2608.8062,4511,1586
0.22419411032776,2.9367382859392,0.37213024041842,2609.4068,4513,1586
0.294241608368088,2.66173958556923,0.403313906606867,2610.0074,4515,1586
0.43419919364494,2.41262388027993,0.432906534548774,2610.608,4518,1586
-17.9452620473731,8.40938149483987,-0.972126240844401,2606.43716666667,4505,1587
-1.2197375359721,1.37124974402721,0.389305836944373,2607.03776666667,4507,1588
-1.10157599219824,1.29288186099161,0.364651338377883,2607.605,4509,1588
-0.686825482317421,1.43393628009736,0.352132850252362,2608.8062,4512,1589
-0.340438565021604,1.53097134502686,0.359495808981762,2609.4068,4514,1589
-0.501705730333428,1.08979257346788,0.459447972487047,2610.0074,4517,1589
0.0856546218283685,1.3724807779359,0.489888549936957,2610.608,4519,1589
0.249214430631451,1.24646255143707,0.480596295555446,2611.17523333333,4520,1589
0.251505265363382,1.2450017679606,0.480776893887703,2611.2086,4520,1589
0.55022119885885,1.52159971726866,0.378063911824028,2611.77583333333,4521,1589
0.639366719955271,1.56618540559022,0.380715135978873,2612.37643333333,4522,1589
0.664637355283665,1.28336619977627,0.421525661732481,2612.97703333333,4524,1589
1.01446532592517,0.767059823413201,0.475026727810436,2612.97703333333,4525,1589
0.853633048462181,1.05694521703892,0.498352893441842,2613.57763333333,4527,1589
1.26657084961496,0.655758034813397,0.437595696870983,2613.57763333333,4528,1589
-1.37767929383453,3.1297004708196,0.269104190981404,2610.0074,4516,1590
-1.20142793164911,3.13978646529721,0.227766354664499,2612.97703333333,4523,1591
-1.10960470516818,3.07383243657348,0.231629408536333,2613.57763333333,4526,1591
-0.918885118954926,3.02394693614664,0.249062339977319,2614.17823333333,4529,1591
2.81918346151385,-0.72686689062256,0.812108334992883,2614.17823333333,4530,1592
-0.564292119881823,2.94529465346669,0.31473225862841,2615.37943333333,4531,1593
2.55956546946368,-0.0517116896003935,0.416408973498129,2615.94666666667,4532,1594
-0.512326673201173,3.79416643668618,0.619170549906327,2620.7181,4533,1595
-4.5175822949781,-1.2594449551328,0.832995167812422,2623.7211,4534,1596
-3.84190338200219,-1.01985658611323,0.669610122676261,2625.48953333333,4535,1597
-1.7487796460174,3.03441183649089,1.13451192131348,2625.5229,4536,1598
-1.6116277776524,3.08792105516662,1.34245662262119,2626.1235,4537,1598
-1.54245903646323,2.93052341178604,1.57232624610032,2626.69073333333,4538,1598
-1.54215648907426,2.9276563293961,1.5759965418268,2626.7241,4538,1598
-3.46436383057319,-0.906972196380674,0.620283210866195,2626.69073333333,4539,1599
-1.51380421930756,2.33012503894083,2.11693360572304,2629.09313333333,4540,1600
-1.47905986192177,2.1481410010292,2.37410153271199,2629.69373333333,4541,1600
-1.56115745569761,2.1277320025617,2.41955346721246,2630.29433333333,4543,1600
-1.48418115465838,2.25138496164979,2.30289035363166,2630.86156666667,4544,1600
-1.48516007884276,2.25349787419187,2.3038537704954,2630.89493333333,4544,1600
-3.06387125997449,0.362853671233812,0.811379171398003,2630.26096666667,4542,1601
-3.01638760423024,0.626629428929798,0.786471315977046,2630.86156666667,4545,1601
-2.92918577065951,0.877751962192494,0.765335829545171,2631.46216666667,4546,1601
-2.88082492628399,1.0225719693986,0.737314208927482,2632.06276666667,4547,1601
-2.31860164220035,0.355868575392863,0.387238562372986,2639.20323333333,4548,1602
-2.44121594847667,0.669677968163475,0.360125784956396,2640.40443333333,4549,1603
-2.58325932242318,1.00320568632268,0.367473674304302,2642.20623333333,4550,1604
2.8062376149337,2.31924989103651,2.48565110994888,2642.90693333333,4551,1605
5.95210649100578,4.92254284773859,6.96929205667868,2642.90693333333,4552,1606
6.92858023285193,5.85873939735223,5.85344118817527,2642.90693333333,4553,1607
6.68546981118256,5.77845707244814,8.23010560897551,2642.90693333333,4554,1608
7.10958778083092,5.99392535623118,9.09676962569223,2642.9403,4559,1608
9.8980731841277,8.32295948105707,12.7799622982612,2642.90693333333,4555,1609
5.24659881014576,5.15903327231714,4.50194215849025,2642.90693333333,4556,1610
5.2272022955347,0.450927917775351,11.8070583642343,2642.90693333333,4557,1611
5.21793330175413,0.456497049238956,11.7643064828854,2642.9403,4557,1611
8.89492982649959,-0.425986916584628,7.47708984517507,2642.90693333333,4558,1612
-2.16237931742159,1.38456112700665,0.345147799002861,2644.00803333333,4560,1613
-1.98789188876131,1.43772741335483,0.329476452702086,2644.57526666667,4561,1613
1.11375714923088,-0.690024522329208,0.321333176178763,2645.17586666667,4562,1614
-1.83389625707039,1.50018602746007,0.252310175662727,2645.77646666667,4563,1615
-1.79467463524648,1.61264219116724,0.300552481577319,2646.37706666667,4564,1615
-1.68441018235777,1.77573743628657,0.375060983709945,2646.97766666667,4566,1615
-1.61761781530034,1.92587812668882,0.30028496312184,2647.57826666667,4568,1615
2.61315956011436,-2.29856498602311,0.637113985377446,2646.9443,4565,1616
2.41460787609502,-2.10494837255829,0.576266366044288,2647.5449,4567,1616
2.27482735876057,-1.90212101456531,0.535993730868548,2648.1455,4569,1616
2.17839766945494,-1.64894370140598,0.504574900967983,2648.7461,4572,1616
-1.34506601994875,2.21605246668231,2.46670931443814,2648.17886666667,4570,1617
-1.4171953854965,1.90338425333058,2.51129692101617,2648.77946666667,4573,1617
-1.47407448387581,1.51174250269048,2.42209291661902,2649.3467,4575,1617
-1.40500683170609,1.04052811338548,2.27037788366324,2649.9473,4577,1617
-1.22199796705825,0.516279375254846,2.06079062647919,2650.5479,4580,1617
-1.21987234861676,0.508565630742361,2.05848088297166,2650.58126666667,4580,1617
-1.04355395076594,-0.0409396944891823,1.77753645989087,2651.1485,4583,1617
-0.92722389159622,-0.666169326233269,1.38742167193291,2651.7491,4585,1617
-1.46294908294553,2.1351683901219,0.321906393951347,2648.7461,4571,1618
-1.40809330726654,2.14350745175535,0.385626756903871,2649.3467,4574,1618
-1.3045688395444,2.18130145769298,0.434921511497995,2649.9473,4576,1618
-1.18664846634721,2.19806906660487,0.441237848630531,2650.5479,4579,1618
-1.08505631169493,2.2112562638866,0.37448282355817,2651.1485,4582,1618
-0.982565643140674,2.33729752121323,0.406028416167644,2651.7491,4584,1618
-0.887543714112194,2.45360574768601,0.437535276027164,2652.3497,4586,1618
-0.797992263834031,2.55523754793106,0.429075455313591,2652.9503,4587,1618
-0.733577405499836,2.60625965972901,0.387717096701165,2653.5509,4588,1618
2.33050097318863,-1.15904277106865,0.497187721032462,2649.9473,4578,1619
2.39831149201466,-0.969289234844893,0.541096802244543,2650.5479,4581,1619
2.4845865965153,-0.426105548178059,0.649446213997725,2654.71873333333,4589,1620
2.48664685587219,-0.424363121106685,0.649744499740654,2654.7521,4589,1620
2.48815674512565,-0.267550389174259,0.70081957416551,2655.31933333333,4590,1620
2.5123962932159,-0.0487026185735852,0.706265476596545,2655.91993333333,4592,1620
2.65385582100262,0.376691840819439,0.679763133355362,2656.52053333333,4593,1620
2.71500148505071,0.869646541457591,0.624580134939125,2657.12113333333,4595,1620
2.67309457144988,1.28861949426138,0.587023631949361,2657.68836666667,4596,1620
-2.01542329967775,1.62694510491151,0.335733633084324,2655.91993333333,4591,1621
-1.82113665439383,1.83861482888037,0.356110255418082,2657.12113333333,4594,1622
-1.51960706896045,1.97392876564493,0.333872758478622,2657.72173333333,4597,1622
-1.35843730872449,2.05495392705682,0.327500236923098,2658.28896666667,4599,1622
1.44300012108806,3.11195755787503,6.40472188029971,2657.82183333333,4598,1623
-1.07911646569462,2.02609945393158,0.347927323509197,2659.49016666667,4600,1624
-0.91507316891326,2.0718800576805,0.356990669731171,2660.09076666667,4601,1624
1.25260900230037,2.8908361034942,6.66831381723362,2663.4608,4602,1625
1.25167626566555,2.890706267427,6.66156879052117,2663.49416666667,4602,1625
2.07939856135627,2.34622622572415,0.417845533826798,2665.49616666667,4603,1626
1.76012169521193,2.52954732910618,0.309296811388144,2666.69736666667,4604,1627
1.58134332391634,2.55523534640404,0.285796752115676,2667.2646,4605,1627
1.44075476141576,2.59228223965036,0.303090604879412,2667.8652,4606,1627
1.22472634079044,2.57137708113522,0.3520901750311,2668.4658,4608,1627
1.10570271867283,2.55881256153454,0.409701535137793,2669.0664,4610,1627
4.22843789439075,2.44123778653539,0.341335239544397,2668.4658,4607,1628
3.94264588054916,2.28944671403958,0.384511637737906,2669.0664,4609,1628
3.66766851926345,2.04908917153895,0.406711414765567,2669.667,4611,1628
0.585872434794078,2.3581422992228,0.440434587274701,2670.8682,4612,1629
0.294969437611644,2.29717242650116,0.425430744959695,2671.4688,4613,1629
-2.88393099036125,-4.24541611539315,1.08822801813925,2673.83783333333,4614,1630
2.02012877826949,0.334010549399819,1.29357336197044,2677.0744,4615,1631
1.94666659738669,5.47112774883117,0.35601872323824,2677.44143333333,4616,1632
2.05899528190125,5.15419813961581,0.368373639853721,2678.04203333333,4617,1632
2.06515946120182,4.7368059707804,0.351272753103664,2678.60926666667,4618,1632
2.06532366404591,4.35225078068339,0.356783556878113,2679.20986666667,4620,1632
2.10473436930653,3.84923316985818,0.405363910350508,2679.81046666667,4622,1632
2.11450664956221,3.37560788133819,0.402109729114056,2680.41106666667,4624,1632
2.09985656350596,3.03411915570474,0.358484532274228,2681.01166666667,4627,1632
2.11304141648578,2.78586988690379,0.35432517014233,2681.61226666667,4630,1632
4.22974338618942,1.77279834557996,0.463233528773046,2679.20986666667,4619,1633
4.09706887871349,1.83627765350833,0.412382939517872,2679.81046666667,4621,1633
3.97176800958428,1.91651147291594,0.430876060096321,2680.41106666667,4623,1633
3.73143262800347,1.90908140219442,0.481369763563046,2681.01166666667,4626,1633
3.41524945881476,1.92211052330424,0.482959218520453,2681.61226666667,4629,1633
3.1727280100928,1.90022374884634,0.474112476560893,2682.21286666667,4631,1633
3.02138421972775,1.78174622808995,0.416506883491366,2682.81346666667,4632,1633
2.80727887852269,1.6192016505855,0.431186896899881,2683.3807,4633,1633
2.48199552930618,1.54342821724511,0.427860993272921,2683.9813,4634,1633
2.47815991703603,1.54151279190541,0.428101655114253,2684.01466666667,4634,1633
2.17057459778108,1.39211441365353,0.415803185714371,2684.5819,4635,1633
1.90950728276508,1.33048385760775,0.423132504679178,2685.1825,4636,1633
1.65529501796438,1.3391028827091,0.367978165557144,2685.7831,4637,1633
1.43893609876849,1.27321315405469,0.373351660230818,2686.3837,4638,1633
1.14116373294369,1.17665490517171,0.411160908322851,2686.9843,4640,1633
0.769539372058968,1.04413620113544,0.437173043970398,2687.5849,4641,1633
0.503926539181682,1.00121937301941,0.378831450124449,2688.1855,4642,1633
0.331068592521625,1.0008911293398,0.353838293278997,2688.7861,4644,1633
2.3218187230559,0.264824592848485,0.425046624928443,2680.41106666667,4625,1634
2.06979063002191,0.232510934932772,0.404835215304377,2681.01166666667,4628,1634
-0.147473200150599,0.22650563965589,0.341998511971114,2686.9843,4639,1635
1.66441284227691,3.59006192954916,0.499079273242602,2688.7861,4643,1636
0.784188169499281,0.640522279555242,0.458778449581411,2690.55453333333,4645,1637
0.364029291123069,3.12620166602512,0.484946582521713,2691.15513333333,4646,1638
0.244655030103866,2.04418755426155,0.543710098667974,2691.75573333333,4647,1639
-2.22315332665922,6.26619359572327,0.592638334564344,2716.28023333333,4648,1640
-1.86520036097525,5.01547009218114,0.615137402479955,2718.08203333333,4649,1641
-1.89972725795331,4.70936726464751,0.686173269547584,2718.68263333333,4650,1641
-1.7409235401854,4.38798849168901,0.784703397805445,2719.28323333333,4651,1641
-1.61372157122541,3.94254696080671,0.756900735553696,2719.88383333333,4652,1641
-1.64647495706881,3.70263460492845,0.743542056663486,2720.48443333333,4653,1641
-1.49840846016414,3.42412830318168,0.752237659071374,2721.08503333333,4654,1641
-1.23509902544891,2.84729514051819,0.706761065168728,2722.25286666667,4655,1642
-1.18035909706899,2.55145435045443,0.698305158932665,2722.88683333333,4656,1642
-1.16749735493263,2.2542366456141,0.673339868399797,2723.45406666667,4657,1642
1.06886017546539,2.2666775618901,0.559118479875386,2733.6309,4658,1643
-0.289171166649479,4.12397872957038,0.417780256461787,2734.79873333333,4659,1644
-0.686334174605611,3.87021622627469,0.407629053171812,2735.39933333333,4660,1644
-0.267537678968424,3.09386112633003,0.441311497376146,2735.99993333333,4661,1644
-1.06422975552587,3.40749843294814,0.421521358465483,2736.60053333333,4662,1644
-1.21318848468832,3.16103404249101,0.496332133803621,2737.20113333333,4663,1644
-1.28387222491336,2.96698670054982,0.565970333931643,2737.80173333333,4664,1644
-1.2086493810515,2.88651515098704,0.542334880543991,2738.40233333333,4665,1644
-1.03569183374746,2.62659088480512,0.479586990315685,2739.00293333333,4666,1644
-1.02033476748494,2.33277659242497,0.520781907904229,2739.60353333333,4667,1644
0.440752087586895,4.10864081800891,0.468335737024931,2751.58216666667,4668,1645
0.181287264708219,3.7200775671389,0.477212892348535,2752.18276666667,4670,1645
-0.41737005670029,4.71832127696352,0.462062693854724,2751.58216666667,4669,1646
0.0701640378031219,2.31926015648793,0.552821210057639,2752.18276666667,4671,1647
-0.396086949954267,1.35555391638422,0.320106068350934,2934.79853333333,4672,1648
0.145620064188321,1.75179908389915,0.311746878317981,2936.60033333333,4673,1649
0.292368696529231,1.7558904958378,0.383387351885952,2937.20093333333,4674,1649
0.333288272294612,1.75370632804805,0.453907514853858,2937.80153333333,4675,1649
0.322440767222418,1.75593714681359,0.481767223561707,2938.40213333333,4676,1649
0.38037572573994,1.79511401620293,0.514542146201063,2939.00273333333,4677,1649
1.87628478082594,-5.76943111725722,5.16471931402256,2939.36976666667,4678,1650
1.87037540491815,-5.72858486730516,5.14858873945219,2939.40313333333,4678,1650
1.86991996224765,-5.73667047051252,5.16343321832004,2939.4365,4678,1650
-5.56780451663629,0.164901727485487,0.520175717579799,2940.20393333333,4679,1651
0.246453667478985,-3.21392896364968,5.99099987218995,2943.70743333333,4680,1652
-3.63163231020581,0.877362650290397,0.546860203678666,2954.48486666667,4681,1653
-3.47877396612612,0.968062580194131,0.619337824588872,2955.11883333333,4682,1653
-3.29698268988722,1.10981523614892,0.524590419727562,2956.28666666667,4683,1654
-2.89914002657573,1.34675727329209,0.579587337033824,2957.48786666667,4684,1655
-2.66867786107909,2.2834793048328,0.680020056263155,2958.08846666667,4685,1655
-2.69621088432199,1.47744122858632,0.599637428103265,2958.08846666667,4686,1655
-2.27861460693074,2.11751578799313,0.842518875051739,2958.68906666667,4687,1655
-2.50505385357988,1.50251759539124,0.558000429768582,2958.68906666667,4688,1655
-1.95019277549522,1.97656286224744,0.936120281459743,2959.28966666667,4689,1655
-2.27874824958176,1.5301766112987,0.517893137174002,2959.28966666667,4690,1655
-1.79525884136401,1.73285088006137,0.963758537440196,2959.89026666667,4691,1655
-2.00688681001386,1.52074484574977,0.515519598921946,2959.89026666667,4692,1655
-1.61492195469204,1.57624682637104,0.957253824079839,2960.49086666667,4694,1655
-1.74550667599229,1.523707632122,0.540251717234438,2960.49086666667,4695,1655
-1.37126675819699,1.49125205070629,0.950439375474476,2961.09146666667,4696,1655
-1.23840063592324,1.54121652724864,0.590206016271535,2961.69206666667,4698,1655
-0.727480198258219,1.44594471090224,0.845959945436924,2962.29266666667,4700,1655
-1.06144066548687,1.30388429079053,0.84999722959242,2962.89326666667,4702,1655
-0.380182852059975,1.39821691929448,0.765044201681705,2962.89326666667,4703,1655
-0.888765687963853,1.18972826473687,0.906334303107746,2963.49386666667,4705,1655
-0.0116218909801843,1.20783607232098,0.730684730447605,2963.49386666667,4706,1655
-0.66761264199242,1.04422942689911,0.925773390736192,2964.09446666667,4708,1655
-1.63935925591506,4.57795487062248,0.388035715854853,2960.49086666667,4693,1656
-1.17619371876396,3.92936374532817,0.406557280378611,2961.69206666667,4697,1657
-0.914932165258094,3.59956333894284,0.42550554070546,2962.29266666667,4699,1657
-0.69185741489174,3.28050485190906,0.443796859351279,2962.89326666667,4701,1657
-0.421115071903543,3.12876110018283,0.404876052394454,2963.49386666667,4704,1657
-0.122421849765862,2.94991020911555,0.40116200217107,2964.09446666667,4707,1657
0.155517307212778,2.78917887093988,0.440747653109419,2964.69506666667,4709,1657
0.504352333824869,2.61711823892382,0.385688645771707,2965.29566666667,4710,1657
-0.4774984231113,0.52631176393229,1.08976962288973,2965.29566666667,4711,1658
-0.373464491106777,0.206071537077908,1.13007990187861,2965.89626666667,4712,1658
-0.166883567017088,0.0537741880403885,1.24418727735128,2966.49686666667,4713,1658
0.0547346170018618,-0.0341689726766765,1.3769947862968,2967.09746666667,4714,1658
0.282145711980863,-0.12308742628022,1.52111312845097,2967.73143333333,4715,1658
0.465019073124311,-0.309539163349519,1.49553958278392,2968.33203333333,4716,1658
12.4665825988209,8.80774815486024,2.45183123634692,2971.2683,4717,1659
-2.14352786859581,1.48645813293506,0.428040391524177,2972.50286666667,4718,1660
2.21733448813229,3.04603145067862,0.222082012095162,2980.91126666667,4719,1661
-2.26020509216298,1.67113601028305,0.259638705349035,2983.2803,4720,1662
1.62526470373969,2.85616811656309,0.284822078567184,2983.31366666667,4721,1663
1.49780622646643,2.80255576247297,0.27140748488689,2983.91426666667,4722,1663
1.25305008868522,2.76292391086338,0.223117546905902,2985.11546666667,4723,1664
1.13054521727899,2.63056559037264,0.202446241014138,2985.71606666667,4724,1664
1.0716475954104,2.26724212018259,0.59110970187682,2994.72506666667,4725,1665
1.07985380104713,2.25905625887516,0.586878596707313,2995.32566666667,4726,1665
1.62493537312232,2.73440135919769,0.375196508080596,2995.95963333333,4727,1665
1.04365191452202,2.27468725971454,0.498839989276211,2996.52686666667,4728,1665
1.26870608738287,2.20457884049377,0.351521820321397,2997.16083333333,4729,1665
1.19317818884386,1.95581517084934,0.367076845421663,2997.76143333333,4730,1665
1.10182417608299,1.63036671031044,0.355569397748681,2998.36203333333,4731,1665
0.761134982999818,2.84477068170438,6.81394655585159,2998.52886666667,4732,1666
0.762608321536616,2.83898088494472,6.80624365583349,2998.56223333333,4732,1666
0.842309609871247,2.67092252941547,6.80014111981417,3000.36403333333,4733,1667
0.839815334444308,2.66634082542044,6.80856252748655,3000.3974,4733,1667
0.421634115965113,1.33179463079529,0.386457669414634,3000.73106666667,4734,1668
0.753804011128168,2.39297306600418,6.78299787896435,3002.1992,4735,1669
0.752297283406001,2.38867824068194,6.78529953421024,3002.23256666667,4735,1669
0.0983935045405192,2.22786587569149,6.83617973252374,3007.77143333333,4736,1670
0.529188946631034,2.31696008151884,0.53181421963849,3081.44503333333,4737,1671
0.34254472371433,0.724176153402986,0.567243752463721,3161.09126666667,4738,1672
-5.01271659905241,-12.2137866773991,1.08704478131641,3164.2611,4739,1673
-4.99360101658124,-12.1319009900544,1.08657782210673,3164.29446666667,4739,1673
-4.8408560644423,-11.7186475966155,1.07845587501673,3164.32783333333,4740,1673
-5.07768498198693,-12.2014299551978,1.10103798108831,3164.3612,4741,1673
-5.42334362690211,-12.9377351673833,1.15132635759761,3164.42793333333,4742,1673
-6.11429116837115,-11.398163438863,1.06228401721271,3166.99716666667,4743,1674
-6.16768931721937,-11.4375412951118,1.07113080719739,3167.03053333333,4743,1674
-6.20998849502469,-11.4657522246479,1.07625403685154,3167.0639,4743,1674
-6.33191816730829,-11.659470410232,1.08196722899906,3167.09726666667,4743,1674
-6.74159855228071,-11.4915880333628,1.05453282829813,3167.93143333333,4744,1674
-6.74159855228071,-11.4915880333628,1.05453282829813,3167.9648,4744,1674
-7.8940352577708,-10.8925679848036,1.07218470269047,3171.3682,4745,1675
-7.60807611478021,-10.3900503979433,1.05987920189985,3171.50166666667,4746,1675
-7.59260644351555,-10.368030817425,1.06463727172513,3171.53503333333,4746,1675
-8.13383047383555,-9.83083135449319,0.970796362859661,3173.13663333333,4747,1676
-8.20835004949435,-9.9113518654178,0.975855477981492,3173.17,4747,1676
-8.27975385855469,-9.98749597724377,0.976618839963854,3173.20336666667,4747,1676
-8.22955968404696,-9.68716115951952,0.927603382772564,3173.6705,4748,1676
-8.37823793901404,-9.87769987254357,0.932499278022808,3173.70386666667,4748,1676
-0.0183486859510139,1.25978038183322,0.562158199166241,3173.73723333333,4749,1677
-11.5516733835558,-8.15820289378622,1.13434522963071,3185.31546666667,4750,1678
-11.4513752866813,-8.09539786084855,1.14205109757787,3185.34883333333,4750,1678
-11.5027689221944,-8.13237697486822,1.14297327379745,3185.3822,4750,1678
-11.4513752866813,-8.09539786084855,1.14205109757787,3185.41556666667,4750,1678
-11.4513752866813,-8.09539786084855,1.14205109757787,3185.44893333333,4750,1678
-11.4513752866813,-8.09539786084855,1.14205109757787,3185.4823,4750,1678
-11.276824594991,-7.96347720889363,1.13552740366851,3185.51566666667,4750,1678
-11.3208783350159,-7.99539109697559,1.13964207480225,3185.54903333333,4750,1678
-11.2129920638037,-7.90873996444172,1.13141383593453,3185.5824,4750,1678
-11.3663520266249,-8.03420459756057,1.14051884730695,3185.61576666667,4750,1678
-11.2809799093779,-7.97261178985603,1.13676698191205,3185.64913333333,4750,1678
-11.1953460870123,-7.91068840396091,1.13084233341891,3185.6825,4750,1678
-11.1953460870123,-7.91068840396091,1.13084233341891,3185.71586666667,4750,1678
-11.1547348775316,-7.87585800088346,1.13663264905032,3185.74923333333,4750,1678
-11.0916705991242,-7.82172723484787,1.13253192374701,3185.7826,4750,1678
-10.9816089726956,-7.82873484520577,1.13473565419724,3186.6835,4751,1678
-11.0873579025409,-7.92031190426593,1.1396901060934,3186.71686666667,4751,1678
-11.1539961729663,-7.97838017264202,1.14679340967757,3186.75023333333,4751,1678
-11.1539961729663,-7.97838017264202,1.14679340967757,3186.7836,4751,1678
-11.0619658610179,-7.91591433498995,1.14466999923696,3186.81696666667,4751,1678
-10.9466175580847,-7.8321901295535,1.13357758963829,3186.85033333333,4751,1678
-0.433764073758744,1.31281701521432,0.61668819099104,3188.35183333333,4752,1679
-9.52271319382006,-6.41831561099788,1.0643498809198,3189.05253333333,4753,1680
-9.47710818758239,-6.36484247679566,1.06001360944107,3189.0859,4753,1680
-9.52779820607993,-6.39328751019511,1.05803814069375,3189.11926666667,4753,1680
-9.48762775394428,-6.34493035681312,1.0565796753344,3189.15263333333,4753,1680
-9.50367981895674,-6.34397682252293,1.05988725562066,3189.186,4753,1680
-9.64188370554702,-6.42615622491989,1.06921019383296,3189.25273333333,4754,1680
-9.64039279149881,-6.41651998766995,1.07129722173811,3189.2861,4754,1680
-9.56489069136135,-6.35275675318961,1.06607829211206,3189.31946666667,4754,1680
-0.725673449423424,1.15972405362979,0.616538610697817,3190.7876,4755,1681
-0.630029337485035,1.29746029627976,0.607811090762514,3191.3882,4756,1681
-9.79078321431335,-5.44431192913098,1.12706938251592,3191.6885,4757,1682
-9.62421138161455,-5.11136829349287,1.09714810647776,3192.22236666667,4758,1682
-9.62769222332197,-5.06207807861568,1.08970627366767,3192.32246666667,4759,1682
-9.61638041565682,-5.04120586140165,1.0905682277632,3192.35583333333,4759,1682
-9.69762328165355,-5.078524406366,1.09638204455868,3192.3892,4759,1682
-9.80532359569021,-5.07155502725896,1.10150105212782,3192.5894,4760,1682
-9.78768318324147,-5.04620892203535,1.10045255262139,3192.62276666667,4760,1682
-9.87045981474381,-5.09119493765969,1.10430439749582,3192.65613333333,4760,1682
-9.83008478415331,-5.06293955326891,1.10233451922916,3192.6895,4760,1682
-9.83845033030864,-5.05614212672526,1.10742666913927,3192.72286666667,4760,1682
-9.92177869581809,-5.10128425558891,1.11134090778114,3192.75623333333,4760,1682
-9.9492302874746,-5.1156862641655,1.11646718868794,3192.7896,4760,1682
-10.0010187664585,-5.1438294975317,1.12000027000889,3192.82296666667,4760,1682
-10.0130944622479,-5.15243919246387,1.12258345352309,3192.85633333333,4760,1682
-10.0000837212391,-5.14335291689608,1.1302977610471,3192.8897,4760,1682
-10.031494718534,-5.16064784200655,1.1354303927648,3192.92306666667,4760,1682
-10.1562358319042,-5.23910412809947,1.14577583896272,3192.95643333333,4760,1682
-10.2240214430099,-5.28682535229694,1.15432572682307,3192.9898,4760,1682
-10.1706292780942,-5.25455639471586,1.15379011949107,3193.02316666667,4760,1682
-10.1665817398176,-5.24569694615598,1.15999778364587,3193.12326666667,4761,1682
-10.2377411437449,-5.29550700428498,1.16881220875859,3193.19,4762,1682
-10.0716627455127,-5.19875954158309,1.16472438849989,3193.22336666667,4762,1682
-10.1087692899319,-5.21891935302002,1.16662000608444,3193.25673333333,4762,1682
-10.0793673077143,-5.20288779970049,1.16390782789271,3193.2901,4762,1682
-10.1551632165738,-5.25104175180203,1.16289744752402,3193.32346666667,4762,1682
-10.2002896259804,-5.28245916036902,1.16529013158329,3193.35683333333,4762,1682
-10.2002896259804,-5.28245916036902,1.16529013158329,3193.3902,4762,1682
-10.1899416469136,-5.27676108482319,1.16330049504077,3193.42356666667,4762,1682
-10.2002896259804,-5.28245916036902,1.16529013158329,3193.45693333333,4762,1682
-10.1899416469136,-5.27676108482319,1.16330049504077,3193.4903,4762,1682
-10.2201872366671,-5.29782289311,1.16490025757431,3193.52366666667,4762,1682
-10.2114990720067,-5.29299948047019,1.16262512129588,3193.55703333333,4762,1682
-10.2004999047224,-5.28411175247844,1.15893109700382,3193.5904,4762,1682
-10.1222384356589,-5.24145463370806,1.15449712243085,3193.62376666667,4762,1682
-10.1222384356589,-5.24145463370806,1.15449712243085,3193.65713333333,4762,1682
-10.1222384356589,-5.24145463370806,1.15449712243085,3193.6905,4762,1682
-10.137227662989,-5.24859578277247,1.15305329828861,3193.72386666667,4762,1682
-10.137227662989,-5.24859578277247,1.15305329828861,3193.75723333333,4762,1682
-10.0862950221445,-5.21320429210644,1.15205913727735,3193.7906,4762,1682
-9.85076179846028,-5.05213538128898,1.14377349224651,3193.8907,4763,1682
0.296264612703809,2.02720640654716,0.579363710500927,3195.05853333333,4764,1683
0.131312324731021,1.92019219010315,0.5876010430732,3195.65913333333,4766,1683
-9.90605796380793,-4.89479199111023,1.05248687312931,3195.52566666667,4765,1684
-9.83643680076606,-4.84751312523179,1.04945749628221,3195.55903333333,4765,1684
0.158025853374432,1.77068392159502,0.468153664833298,3208.43856666667,4767,1685
-0.199106757862343,1.52797015874691,0.68958906680489,3208.47193333333,4768,1685
-8.97370715272446,-5.86487752561106,1.15808254897551,3208.6054,4769,1686
-8.91669519817439,-5.82334726587562,1.15112723194007,3208.63876666667,4769,1686
-8.885046888595,-5.80188137100158,1.1479244295306,3208.67213333333,4769,1686
-8.95413178016911,-5.8716799564487,1.15401689819257,3208.7055,4769,1686
-8.77922521174245,-5.74727654527642,1.14483717988395,3208.73886666667,4769,1686
-8.70315355927316,-5.69320789546489,1.13909343800364,3208.77223333333,4769,1686
-8.74282240561306,-5.72731212065375,1.14104827697036,3208.8056,4769,1686
-8.74655964183763,-5.73735128675925,1.13831357418271,3208.83896666667,4769,1686
-8.79047753911887,-5.78256594921288,1.13987838021791,3208.87233333333,4769,1686
-8.81248582968414,-5.80117138819473,1.13969187656497,3208.9057,4769,1686
-8.79641327365646,-5.80883765334794,1.13919829694071,3208.93906666667,4769,1686
-8.79407421047407,-5.81405232709179,1.13622162545362,3208.97243333333,4769,1686
-8.84662042496278,-5.87127321611341,1.13975232007182,3209.0058,4769,1686
-8.90581410879538,-5.92321979992883,1.14158542543927,3209.03916666667,4769,1686
-8.88612815939889,-5.92533978397503,1.13949624032543,3209.07253333333,4769,1686
-8.91230653663738,-5.96006667344099,1.14179017278879,3209.1059,4769,1686
-8.86410201426167,-5.94018743498951,1.14317635539726,3209.13926666667,4769,1686
-8.85667528279237,-5.94407252806626,1.14361439075548,3209.17263333333,4769,1686
-8.78359544649086,-5.90489588419584,1.1400556342994,3209.206,4769,1686
-8.78386779208768,-5.92658128312438,1.14373440460351,3209.23936666667,4769,1686
-8.74117535832788,-5.90655607691491,1.1442956652942,3209.27273333333,4769,1686
-8.75138583717755,-5.93045508484715,1.15022658050371,3209.3061,4769,1686
-8.7634300948282,-5.95517373286408,1.15318332357387,3209.33946666667,4769,1686
-8.78690275911791,-5.98539022363044,1.1540823977469,3209.37283333333,4769,1686
-8.68460236057369,-5.90679856631042,1.14041293988031,3209.4062,4769,1686
-0.690225567646088,-0.269601200143729,0.610695712860829,3218.38183333333,4770,1687
-0.215932795772282,0.087360237491403,0.621205924662911,3219.0158,4772,1687
-5.84724289458443,-3.76047190395808,0.923469529548051,3218.48193333333,4771,1688
-5.86334652254921,-3.76328200009308,0.92289340242907,3218.5153,4771,1688
-5.83972931774606,-3.73376710578094,0.919207556306769,3218.54866666667,4771,1688
-5.82753404210384,-3.71030469627887,0.91516737362011,3218.58203333333,4771,1688
-5.73589353768633,-3.33747103857984,0.894924222195625,3219.1159,4773,1688
-5.73641411632155,-3.32601353787019,0.900605820142446,3219.14926666667,4773,1688
-5.73065385203289,-3.30712305210106,0.904241054512647,3219.18263333333,4773,1688
-5.77367737466027,-3.32236408825075,0.911202667800173,3219.216,4773,1688
-5.82525093057665,-3.34829630643852,0.917160711987958,3219.24936666667,4773,1688
-5.84830023705508,-3.35413680083097,0.919271266729958,3219.28273333333,4773,1688
-5.88059047116368,-3.36878658741883,0.921419221376673,3219.3161,4773,1688
-5.89402132729682,-3.36797920468247,0.923297687269608,3219.34946666667,4773,1688
-5.92196917668165,-3.38041625053717,0.922645654012798,3219.38283333333,4773,1688
-5.94119745511322,-3.38661503624379,0.922120151089624,3219.4162,4773,1688
-5.89651036551287,-3.34610494875022,0.918553241514291,3219.44956666667,4773,1688
-5.89913259774919,-3.33506240526869,0.915362959884699,3219.48293333333,4773,1688
-5.87859754817422,-3.31640263842655,0.91263402437674,3219.5163,4773,1688
-5.82124642288709,-3.26325049536979,0.906504460029582,3219.54966666667,4773,1688
-5.79796810515549,-3.23497657646059,0.904179707350671,3219.58303333333,4773,1688
-5.77740880369091,-3.20845533446724,0.901991155686176,3219.6164,4773,1688
-5.74618479260116,-3.17070879914904,0.898544916677531,3219.64976666667,4773,1688
-5.69184199424137,-3.11704553839889,0.89378788011101,3219.68313333333,4773,1688
-5.67572014294208,-3.09042725133792,0.892631101890695,3219.7165,4773,1688
-5.64659660922059,-3.05418084653778,0.893149970946505,3219.74986666667,4773,1688
-5.62716309743186,-3.02896999090341,0.892309020133186,3219.78323333333,4773,1688
-5.82516013758118,-2.90633072358453,0.955728059328517,3220.75086666667,4775,1688
-5.86387199131187,-2.92138944487642,0.959421596466346,3220.78423333333,4775,1688
-5.85141519776473,-2.90345531507748,0.960328396172387,3220.8176,4775,1688
-5.8319246070762,-2.88803675974475,0.959815169220884,3220.85096666667,4775,1688
-5.84773159021494,-2.89220193090314,0.960656398876954,3220.88433333333,4775,1688
-5.81600966927766,-2.86324642261752,0.954766361457511,3220.9177,4775,1688
-5.80077801939539,-2.84827239664655,0.954943413551424,3220.95106666667,4775,1688
-5.80109743114969,-2.84018612951146,0.953772055871369,3220.98443333333,4775,1688
-5.7911431617196,-2.82588890351655,0.953758823778521,3221.0178,4775,1688
-5.77421671403766,-2.80715975677058,0.950745697398279,3221.05116666667,4775,1688
-5.76891451443184,-2.79089773529484,0.949188999441883,3221.08453333333,4775,1688
-5.76814829740312,-2.78387713359657,0.948203878352784,3221.1179,4775,1688
-5.74231729005885,-2.75258689639912,0.943942834565741,3221.15126666667,4775,1688
-5.7083705089112,-2.7190409448478,0.942031409691047,3221.18463333333,4775,1688
-5.67420469456349,-2.68192343278327,0.937298634586838,3221.218,4775,1688
-5.66370691980148,-2.66515429146514,0.935908972913197,3221.25136666667,4775,1688
-0.596406889019964,1.25672082275922,0.628238425406394,3220.65076666667,4774,1689
-5.7740559535213,-2.07048548827255,0.892295658465437,3224.55466666667,4776,1690
-5.77457244262453,-2.06673154004557,0.897834709151001,3224.58803333333,4776,1690
-5.91351050616129,-2.08465435857251,0.961432060574139,3225.5223,4777,1690
-5.92634379081809,-2.08997690083141,0.962768892016976,3225.55566666667,4777,1690
-5.92463503138974,-2.08874855605151,0.961292737489372,3225.58903333333,4777,1690
-5.92405484322857,-2.0884129102397,0.962005066009424,3225.6224,4777,1690
-5.92405484322857,-2.0884129102397,0.962005066009424,3225.65576666667,4777,1690
-5.9381904008505,-2.09306229380458,0.963652345011038,3225.68913333333,4777,1690
-5.93640542178368,-2.08995018187258,0.963686906481072,3225.7225,4777,1690
-5.93778391905493,-2.0893245448755,0.963072974967553,3225.75586666667,4777,1690
-5.93813312067313,-2.08950374170632,0.961932078798412,3225.78923333333,4777,1690
-5.888814112515,-2.05681613170994,0.959163896483183,3225.88933333333,4778,1690
-5.88511848622772,-2.05434176530733,0.958351104772853,3225.9227,4778,1690
-5.86809532624299,-2.04214320386619,0.957460569169423,3225.95606666667,4778,1690
-5.87135258574067,-2.04112100982908,0.955985721564279,3225.98943333333,4778,1690
-5.83022746351201,-2.01429247988187,0.951840678260887,3226.0228,4778,1690
-5.84222074207034,-2.0129565294785,0.950622776497112,3226.05616666667,4778,1690
-5.81416887735503,-1.99438681855165,0.948557632652083,3226.08953333333,4778,1690
-5.81615184970963,-1.98717460440567,0.946112871110738,3226.1229,4778,1690
-5.78593950418312,-1.95996451379167,0.941636002569582,3226.15626666667,4778,1690
-5.79054764534618,-1.95879666280408,0.938872673464855,3226.18963333333,4778,1690
-5.77776672675254,-1.94277494344643,0.93820091040301,3226.223,4778,1690
-5.77978343527567,-1.93518753283207,0.936351370982578,3226.25636666667,4778,1690
-5.7581558106485,-1.91575607305907,0.92909742346516,3226.28973333333,4778,1690
-5.75097466487943,-1.90133033077621,0.926638067140199,3226.3231,4778,1690
-5.7342959126594,-1.88232847216232,0.920216746609382,3226.35646666667,4778,1690
-5.74132305527371,-1.87536749872678,0.918484837456836,3226.38983333333,4778,1690
-5.74039428028392,-1.86381748060061,0.910909270797809,3226.4232,4778,1690
-5.70381439240621,-1.83289984626349,0.906054725021267,3226.45656666667,4778,1690
-5.69221566620901,-1.81660883826441,0.8994846204409,3226.48993333333,4778,1690
-5.71325016831596,-1.81175919804832,0.895637182545238,3226.5233,4778,1690
-5.68317130029802,-1.78142521004651,0.888499542713759,3226.55666666667,4778,1690
-5.67298709204282,-1.76205902686757,0.879612777978759,3226.59003333333,4778,1690
-5.66484187261297,-1.74043466959198,0.870349360019184,3226.6234,4778,1690
-5.63148130934268,-1.70575203691721,0.86113886616636,3226.65676666667,4778,1690
-5.61749427557648,-1.68067013703522,0.851807621119606,3226.69013333333,4778,1690
-5.61300011534298,-1.65832369647694,0.842807441150121,3226.7235,4778,1690
-5.592037463617,-1.62555779361091,0.831643494510062,3226.75686666667,4778,1690
-5.58816363727528,-1.60385420373524,0.819872233789239,3226.79023333333,4778,1690
-5.60322092693776,-1.59236128344595,0.811023381898109,3226.8236,4778,1690
1.055613394594,-2.2764625325645,0.591393115093377,3358.1548,4779,1691
1.26034086657592,-1.52845278241307,0.540089651453176,3359.98996666667,4780,1692
1.28709088041227,-1.13499818223276,0.558972421712167,3361.22453333333,4781,1693
1.40535589855901,-0.911767537613944,0.482740133414949,3361.82513333333,4782,1693
1.44723555867215,-0.895572004118522,0.571215850728017,3362.42573333333,4783,1693
1.58533781936205,-0.821186093395951,0.58966087294373,3363.0597,4784,1693
1.76654769557704,-0.646716716736193,0.515438630445141,3363.6603,4786,1693
1.83672292966069,-0.456911589271952,0.593007835995159,3364.2609,4787,1693
1.68975868762256,0.211086767609615,0.529277478949403,3364.2609,4788,1693
2.01314070110161,-0.0968808920971475,0.603500534361038,3364.8615,4789,1693
2.01550936154011,-0.0914208046770314,0.602755035677903,3364.89486666667,4789,1693
2.05645363517271,0.274647434439097,0.674690116152853,3365.49546666667,4791,1693
2.0652504036756,0.729078153342666,0.630198963788925,3366.09606666667,4793,1693
2.04431269224761,-1.99425046858593,0.678867135994852,3363.6603,4785,1694
2.33666011406954,-1.73359766126212,0.616672906228632,3364.89486666667,4790,1695
1.99337083757905,-1.01860176629985,0.511124202429838,3366.09606666667,4792,1696
1.66963890531458,-0.524660519275236,0.45928274912232,3367.33063333333,4794,1697
1.82239115049863,-0.421148435970185,0.511234313595149,3367.93123333333,4795,1697
1.88897540878023,-0.166582804936411,0.46621543835231,3368.5652,4796,1697
1.93919175081742,0.235286645665915,0.435714780911661,3369.1658,4797,1697
1.82367182266551,0.644313458572537,0.497693491450749,3369.79976666667,4798,1697
1.75925742346953,1.00730094966714,0.527927047378511,3370.40036666667,4799,1697
-1.82516244019289,0.960898639169191,0.423045643901438,3380.1768,4800,1698
-1.60959846826013,1.44252968928939,0.383191367132874,3382.01196666667,4801,1699
2.67542158926067,-1.19918546437369,0.419735293665939,3382.61256666667,4802,1700
2.71375878807871,-0.886100918565154,0.450323656175881,3383.21316666667,4803,1700
8.48569705465385,-1.92669890314441,5.85415332351005,3383.2799,4804,1701
8.47995532298091,-1.93183722826254,5.85435331421948,3383.31326666667,4804,1701
-0.167849301683275,5.68676437500032,0.341593898075117,3383.84713333333,4805,1702
-2.72936225993663,1.60402976235449,0.402097525496155,3385.04833333333,4806,1703
-2.57092700857159,1.57606516648854,0.45931938590457,3385.6823,4808,1703
-0.521680364687213,2.26344052685295,0.254961092214332,3385.6823,4807,1704
-0.398911501593239,2.25939764016453,0.25150170311385,3386.2829,4810,1704
-0.267209939849399,2.28519136124447,0.248739490020389,3386.91686666667,4812,1704
-0.110271943743994,2.28155796122296,0.273373514052107,3387.51746666667,4815,1704
0.0174889782719971,2.31851221916435,0.287054971354407,3388.15143333333,4817,1704
0.108462169876567,2.33949448885986,0.261689701451357,3388.75203333333,4819,1704
3.14245613826712,-0.305636758558312,0.623725503097917,3385.6823,4809,1705
3.17282805739005,0.0487214899486672,0.701864404357011,3386.2829,4811,1705
3.28953905663581,0.392754040080513,0.726637921631272,3386.91686666667,4814,1705
-2.06569253586069,1.46191415355628,0.361819334380797,3386.91686666667,4813,1706
-1.89005966327474,1.45207861237489,0.382208735526797,3387.51746666667,4816,1706
-1.76203262093134,1.49564141113272,0.428656048021673,3388.15143333333,4818,1706
-1.6503582933931,1.62629455936034,0.411270990604038,3388.75203333333,4820,1706
-1.567669205483,1.68577034931976,0.357501587716157,3389.386,4821,1706
-1.42455210469474,1.75322669684491,0.2988017219388,3389.9866,4822,1706
-1.23350488360073,1.94116628432291,0.310016770576815,3390.5872,4823,1706
-1.22721069613486,1.94430183169095,0.309187874958032,3390.62056666667,4823,1706
-1.06906528548026,2.14668176897414,0.298429334944306,3391.22116666667,4824,1706
-0.953039783036526,2.27534943508919,0.331686299795225,3391.82176666667,4825,1706
-0.865272234278402,2.32397947312712,0.401698407813209,3392.42236666667,4827,1706
-0.565909865478331,2.14440377777771,0.497363733510206,3393.05633333333,4828,1706
-0.736155091691067,2.58762159479375,0.424311380222045,3393.6903,4830,1706
-0.464481565688019,2.63274908171534,0.358876754747188,3394.2909,4831,1706
-0.114971375924938,2.63367162634942,0.393222307501083,3394.8915,4833,1706
-2.96016940339372,1.91675788465088,0.377845409500951,3391.82176666667,4826,1707
-2.52428346871482,1.75456997609135,0.251014545668029,3393.65693333333,4829,1708
-2.38932258320619,1.80853878933318,0.252159311830361,3394.2909,4832,1708
-2.22163653775805,1.75794970187358,0.304841555155868,3394.8915,4834,1708
0.585980597716363,2.58431245976234,0.428926169908544,3396.12606666667,4835,1709
0.82063355142103,2.02042373153388,0.355361738678243,3396.72666666667,4839,1709
0.845210914462455,2.35614432149009,0.457123126737161,3396.76003333333,4840,1709
1.06720212928909,1.9438387274411,0.494720088661297,3397.36063333333,4844,1709
-0.783042235039467,2.54329689162393,0.479213616410121,3396.12606666667,4836,1710
-1.91408154144043,1.56843548563807,0.381728537124182,3396.12606666667,4837,1711
-1.79311595480351,1.50654980169947,0.335693269390227,3396.76003333333,4841,1711
-1.70306666467203,1.49125391835685,0.251205719092365,3397.36063333333,4843,1711
-1.65900179093296,1.51359187515694,0.298949309045651,3397.96123333333,4845,1711
-1.56846003497438,1.44666099238383,0.301588450637889,3398.5952,4847,1711
-1.4822808107242,1.36047066544196,0.320813547876619,3399.1958,4848,1711
-1.27856488908063,1.3974283520178,0.312685738112023,3399.7964,4849,1711
-1.27607837846095,1.39876458627553,0.312130517393722,3399.82976666667,4849,1711
-1.06435521605267,1.45350787144393,0.245966645072626,3400.43036666667,4850,1711
-0.832125449940356,1.5166566492706,0.252542780848207,3401.03096666667,4852,1711
-0.69356613496061,1.49229920606001,0.344945082398991,3401.66493333333,4854,1711
-0.509047295467466,1.40348919028464,0.385374209347334,3402.26553333333,4856,1711
-0.312876419799554,1.36891162108498,0.437584038046276,3402.86613333333,4857,1711
-0.310222167929936,1.36716316567767,0.437886337976985,3402.8995,4857,1711
-0.182186936851126,1.25543925617929,0.383355964861119,3403.5001,4860,1711
-0.07481231607767,1.09421261201036,0.368910067351674,3404.1007,4862,1711
-0.623280392250441,-0.450096598987579,0.256486941009268,3396.12606666667,4838,1712
-0.453711394849052,2.4611107677389,0.286693123590208,3397.36063333333,4842,1713
-0.168469535888384,2.64472596390924,0.213984904785214,3398.5952,4846,1714
-2.31300345871169,3.75126993292314,0.580907832735303,3401.03096666667,4851,1715
0.472817923242699,4.2982410556735,0.532831652043778,3401.66493333333,4853,1716
0.303521970649245,3.86463550415157,0.472326466980928,3402.26553333333,4855,1716
0.0988190786624144,3.46632415439894,0.399481197222575,3402.8995,4858,1716
-0.208733438948649,3.16032756220626,0.440491371468597,3403.5001,4859,1716
-0.556339549503244,2.84655362407061,0.547712053961635,3404.1007,4861,1716
-0.562729299979773,2.84541393730953,0.549707930478008,3404.13406666667,4861,1716
-0.81606597476144,2.50734402671251,0.643169506295392,3404.73466666667,4863,1716
0.235763974646498,0.97951050346587,0.468998123730309,3405.33526666667,4864,1717
3.01572364586458,-1.26939987574549,0.362108794319005,3407.8044,4865,1718
3.75035690985368,0.595587076054767,0.49486386582919,3408.405,4866,1719
3.65020543077416,0.729839067721235,0.567855886490087,3409.03896666667,4867,1719
3.3989198141706,0.675583201395239,0.648304414922632,3409.63956666667,4868,1719
-1.91097169429784,-0.726864178988258,0.374373182201711,3410.87413333333,4869,1720
-1.75196479307015,-0.794069918397943,0.517029848353199,3411.47473333333,4870,1720
-1.70926080372339,-0.862321499790604,0.590758783818914,3412.1087,4871,1720
3.71525079179616,-0.726337345934031,0.424244176954992,3412.1087,4872,1721
3.64248343016077,-0.152233937056181,0.437383530221793,3413.34326666667,4873,1722
-0.436310591846088,-0.501941148826596,0.474916939451723,3415.17843333333,4874,1723
-0.0856593093850307,-0.49910583895615,0.473534976982881,3415.77903333333,4875,1723
4.07358622740619,0.180220109761977,0.644640841317808,3420.7173,4876,1724
3.98636752229446,0.397516602849333,0.884025050765166,3421.95186666667,4877,1725
1.22463778085824,-1.11086021932911,0.359518546777178,3422.55246666667,4878,1726
3.70326288390958,0.482523395908493,0.799072380738594,3423.18643333333,4879,1727
3.51764329834074,0.399174696352235,0.73964402561898,3423.78703333333,4880,1727
3.37100875187043,0.368732398747057,0.583312951680112,3424.421,4881,1727
3.35753821951247,0.473021771823292,0.445770474270019,3425.0216,4882,1727
-0.647707181177897,0.151119941155945,0.297248201746184,3428.7253,4883,1728
2.55841241358558,3.60473411523145,0.404013988485934,3429.95986666667,4884,1729
2.29949234800606,3.29243159310488,0.400090961456657,3430.56046666667,4885,1729
2.03679823413745,3.02837302101101,0.355211533759717,3431.19443333333,4887,1729
1.75769677417243,2.74976293107048,0.320805458561711,3431.79503333333,4888,1729
1.3584289414533,2.44633922372455,0.359114718846314,3432.39563333333,4891,1729
1.05549279177268,2.11015780568271,0.385436993820685,3432.99623333333,4892,1729
0.959406650968057,2.32660223230678,0.486922589456594,3433.0296,4892,1729
-0.374352825145364,0.864478196972902,0.265942508136728,3430.56046666667,4886,1730
-3.07708138033463,-0.472859205540517,0.540795287264891,3431.79503333333,4889,1731
-0.201407578672302,1.40877062248655,0.259385238776339,3431.79503333333,4890,1732
-2.94504263091069,-0.28491414523773,0.440564567680893,3433.0296,4893,1733
-2.84008823068487,-0.0346841440225426,0.445675631399118,3433.6302,4895,1733
-2.72430421613028,0.221505916827104,0.500246935640398,3434.26416666667,4899,1733
-2.67099203451078,0.398151735691709,0.531264585890102,3434.86476666667,4902,1733
-2.48999047983084,0.648886801987092,0.529278853267055,3435.46536666667,4903,1733
-2.48377398314213,0.65215322237276,0.529425310508878,3435.49873333333,4903,1733
-2.21218132477772,0.940483753964151,0.521176739948288,3436.09933333333,4905,1733
-2.90056225413312,0.594274728342277,0.394140015151193,3436.69993333333,4907,1733
1.642713594462,-0.374633087477461,0.296524064203017,3433.0296,4894,1734
1.60231532848595,-0.116082369824619,0.271049547185374,3433.6302,4896,1734
1.54506385416489,0.175487316057997,0.27112833050083,3434.2308,4898,1734
0.366811288454614,2.34891475970535,0.447699394892731,3434.2308,4897,1735
-0.568675912652217,2.55762737654208,0.202751748337036,3434.86476666667,4900,1735
-8.51190850265431,0.152144814763805,3.16161294789304,3434.86476666667,4901,1736
1.51207925882148,0.701289576662837,0.282536612117822,3435.46536666667,4904,1737
1.42464570451584,1.06554664596538,0.326484299729693,3436.09933333333,4906,1737
-1.67771412807372,1.3961093873731,0.451811760107748,3437.30053333333,4908,1738
-1.67357184558368,1.39675812696224,0.452467330024685,3437.3339,4908,1738
-1.12866889554322,1.64651790531006,0.413583064364805,3438.5351,4909,1739
-1.1222136024186,1.64763540469852,0.413136384518639,3438.56846666667,4909,1739
-0.748508196865909,1.69815337771581,0.429979229203328,3439.16906666667,4910,1739
-0.313970876506859,1.67531764733955,0.436958883862198,3439.76966666667,4911,1739
0.0259625754970741,1.6673824673733,0.5066417998171,3440.37026666667,4913,1739
0.0307249308258437,1.66802205144845,0.507591454532816,3440.40363333333,4913,1739
0.318377477486234,1.69877258759048,0.543021650070189,3441.00423333333,4914,1739
0.504619399853417,1.81041813423879,0.597283903090211,3441.6382,4917,1739
-0.858879309526927,-0.492349317857753,0.295872955533058,3439.76966666667,4912,1740
-0.699238232332407,0.175081330517101,0.329916100969772,3441.00423333333,4915,1741
-0.798282778557191,0.556960580668779,0.351908406047487,3441.6382,4916,1741
-1.19375406554188,1.12974903114012,0.364268807871392,3442.8394,4918,1742
1.03949688930177,2.12070090678916,0.655201117688423,3442.8394,4919,1743
1.04238342562299,2.12595688018162,0.65482190196307,3442.87276666667,4919,1743
1.34884373369755,2.3669215756803,0.646012733449223,3443.47336666667,4920,1743
2.03915350226523,2.65636268762087,0.67095780618253,3444.70793333333,4921,1744
-1.07508084592255,-1.55727574892103,0.501204640046342,3446.5431,4922,1745
-0.759144650061273,-1.22205262457527,0.460298397338676,3447.77766666667,4923,1746
-0.819518476541593,-1.01329839718654,0.503469970589357,3448.37826666667,4924,1746
-0.941911065813062,-0.65719592930812,0.502246233923055,3449.01223333333,4925,1746
-1.0572146614065,-0.367661486781724,0.491774523478869,3449.61283333333,4926,1746
-1.20767969291555,-0.0839609546737582,0.513601133002467,3450.2468,4928,1746
-2.59207035514618,-0.199576606937174,0.506554300449748,3450.2468,4927,1747
-2.64375620582242,0.174032225994232,0.549271051948023,3450.8474,4929,1747
-1.46575972437504,0.754809839605724,0.48055769927551,3451.48136666667,4930,1748
-1.5574039181484,1.20465056581356,0.491937563427146,3452.08196666667,4932,1748
-2.80178896267816,0.868430418519848,0.498055061052094,3452.08196666667,4931,1749
-1.40979109766843,1.92630515156325,0.50041472022689,3453.31653333333,4933,1750
-0.172892256590338,1.97592361950495,0.224878685815823,3458.2548,4934,1751
-0.450087629205678,2.92688984974815,0.294203029952266,3458.8554,4935,1751
0.0206986917754916,1.85436266123243,0.227569925581597,3459.48936666667,4936,1752
0.132109574213484,1.86147755737025,0.21700618887096,3460.08996666667,4937,1752
1.8593439007599,4.17650202158169,0.231638855589599,3461.32453333333,4938,1753
0.58065254239166,2.29783267095093,0.40459380756162,3461.92513333333,4939,1754
0.72651105817711,2.35318152817673,0.432958946026408,3463.1597,4940,1755
-5.93830158490132,1.99348790391067,1.0115274722657,3463.1597,4941,1756
0.872365431433614,1.95368536457555,0.363602127640225,3464.39426666667,4942,1757
0.904589406418786,1.82884626171019,0.418261496002021,3465.02823333333,4943,1757
0.865658861668949,1.71660585298979,0.407793669006683,3465.62883333333,4944,1757
-2.46160545111986,1.29277530471814,0.344877553118163,3473.03623333333,4945,1758
-2.10561420786394,0.546126323713138,0.404133278568963,3473.03623333333,4946,1759
-1.78215792478715,1.40863089971339,0.446474446711418,3474.2708,4947,1760
-1.08655352092304,-9.81822772862383,6.07557883796848,3474.73793333333,4948,1761
-1.07893726459488,-9.80956431839168,6.07166093969883,3474.7713,4948,1761
-1.32038699135988,1.71712049965012,0.42067399785079,3476.13933333333,4949,1762
-1.06215892659715,1.7224086334164,0.336544990604579,3476.73993333333,4950,1762
-0.787357271030124,1.77224299190369,0.348290583612293,3477.34053333333,4951,1762
-0.532273478298001,1.70934044073544,0.352700631375685,3477.9745,4952,1762
-0.422448538245727,1.64360761318853,0.359503469705126,3478.5751,4953,1762
-0.301190962313911,1.50984547545548,0.362696023805905,3479.20906666667,4954,1762
-0.150182270568486,1.32977422013495,0.349188973395121,3479.80966666667,4955,1762
-4.8947413267096,2.23741336589551,0.458176130890969,3481.64483333333,4956,1763
-2.46299920869377,1.99751700849872,0.520903206166494,3482.2788,4957,1764
0.820212144057,2.22861922793849,0.356665173685408,3496.493,4958,1765
1.33852856349151,1.230653033382,0.294781509117752,3502.06523333333,4959,1766
0.935426421251003,1.15767381270621,0.344055066780021,3503.2998,4960,1767
1.91541394783137,-1.63032100665119,1.47919560326101,3504.53436666667,4961,1768
1.74586027032805,-0.653355726388396,1.62066647226045,3505.76893333333,4962,1769
15.0847164979472,-1.37216473843685,11.0621877832246,3505.8023,4963,1770
1.58837621505227,0.57869477254261,1.95988860191658,3507.63746666667,4964,1771
0.882648534102415,1.36717127895079,1.97836513145586,3508.87203333333,4965,1772
0.885850403616956,0.681472658340195,0.602501155101809,3509.47263333333,4966,1773
0.450157967531359,2.4862159442911,1.17063423658205,3520.0165,4967,1774
1.54449147098951,2.2154486829411,0.512683952539992,3528.59173333333,4968,1775
0.470516274250726,0.636037828592472,0.594942621593187,3709.3056,4969,1776
1.54923383579819,2.81366729514015,0.311604765286074,3777.74063333333,4970,1777
1.54836510278194,2.81349727316699,0.311930906206154,3777.774,4970,1777
1.34578566667309,2.68409098708163,0.314249092589364,3778.3746,4972,1777
1.12100450171315,2.51492723424239,0.34317275122104,3778.9752,4974,1777
0.961220777179399,2.33344332128309,0.399430926425316,3779.5758,4978,1777
0.83176222648458,2.11865092803059,0.383529877041814,3780.20976666667,4979,1777
3.51254798064621,7.19963307046804,0.36711518555479,3777.74063333333,4971,1778
1.99841498178067,-1.70744772599362,0.487118686705892,3778.3746,4973,1779
2.07698491599564,-1.31190284017968,0.480620967796934,3778.9752,4977,1779
2.533592118553,6.68616069195312,0.55558178029637,3778.9752,4975,1780
-0.988938658613355,-0.999907361470269,0.959088727553494,3778.9752,4976,1781
2.38921834775208,-0.735457509916252,0.514351692619684,3780.20976666667,4980,1782
0.304477680715504,1.87261877981895,0.426673609252136,3781.44433333333,4981,1783
-0.0329200010523383,1.74404174092576,0.427136684461393,3782.04493333333,4983,1783
2.4757293497413,-0.246649902913915,0.587001728542466,3781.44433333333,4982,1784
-2.13451748588542,4.22675556325013,0.600024937422308,3783.8801,4984,1785
2.80622569769681,0.460841254236511,0.492398995945889,3783.8801,4985,1786
2.73750279491703,0.860790140161608,0.55684642982309,3785.11466666667,4986,1787
2.88161997459808,-0.569692981240669,0.909347079770274,3786.34923333333,4987,1788
15.1289760969943,-8.80022827736106,3.14098166982784,3791.52106666667,4988,1789
1.02173528047806,0.483277629841002,0.391493758834354,3793.12266666667,4989,1790
6.25116962217587,3.53791389166432,0.367163402327592,3797.3936,4990,1791
-0.921410700944223,3.30393311161066,0.323281295128172,3801.66453333333,4991,1792
-0.846518881683561,3.1034635848132,0.365489697317797,3802.26513333333,4994,1792
-3.40736538461317,-0.647909473722901,0.588767491577116,3801.66453333333,4992,1793
4.31995896876528,1.5980639565052,0.36277262187467,3802.26513333333,4993,1794
-0.631731397735742,2.82288833693612,0.355811411993535,3803.4997,4995,1795
-0.499324186626962,2.86925244950855,0.436739663143205,3804.1003,4996,1795
-0.331228328915598,2.84387836214508,0.422719255051997,3804.73426666667,4998,1795
-0.142294332316329,2.87680185536339,0.394857893986552,3805.33486666667,5000,1795
0.0311188751083477,2.93192382035723,0.396653397675798,3805.93546666667,5002,1795
0.263492538564945,2.95757901164745,0.389399081251741,3806.56943333333,5003,1795
0.531165992935778,3.03843646843437,0.347017885953525,3807.17003333333,5004,1795
-0.557900696774272,1.34862901775868,0.569008075270315,3804.1003,4997,1796
-2.29842922722045,-0.025025626839464,0.385193274317444,3804.73426666667,4999,1797
-2.00125445330679,0.22804883499876,0.453589761855514,3805.33486666667,5001,1797
-1.15574017649965,0.411834231909499,0.474600254182245,3807.17003333333,5005,1798
-0.911129598446451,0.431578450725457,0.432752289049415,3807.77063333333,5006,1798
-0.912181328619568,0.430335859962952,0.432243381891015,3807.804,5006,1798
-0.632999903144902,0.413596486251795,0.29573520262567,3808.4046,5007,1798
-0.319262524701409,0.567582725891138,0.304520554412312,3809.0052,5008,1798
0.0321207416740931,0.711679145549257,0.313803337873745,3809.6058,5010,1798
0.0343094243879453,0.713875296359466,0.314014517239466,3809.63916666667,5010,1798
0.228612392118511,0.933477285786305,0.337839696383254,3810.23976666667,5011,1798
0.450933490938927,1.17334322378744,0.38019534813151,3810.84036666667,5013,1798
0.822239383588179,1.29189348931329,0.406299912274869,3811.44096666667,5014,1798
0.828266792161945,1.29389754552884,0.406407938839644,3811.47433333333,5014,1798
1.06820481505169,1.3924691993247,0.368745701310229,3812.07493333333,5017,1798
1.37501783446755,1.42674755483928,0.37434494963217,3812.67553333333,5018,1798
1.9403438416081,-1.50748361665199,0.415660395507407,3809.0052,5009,1799
1.93612051461701,-0.946468933578399,0.475866823867284,3810.23976666667,5012,1800
1.97404793231142,-0.551025805495006,0.521280842460448,3811.47433333333,5015,1801
-1.22170916633116,6.80539742412448,0.45404071792285,3812.07493333333,5016,1802
-1.58055485652366,6.49574969413229,0.569909318735626,3813.3095,5019,1803
-1.78921258402743,6.47641940513805,0.550791824857854,3813.9101,5020,1803
-2.52247705401487,2.40614913020024,0.476951656616976,3816.94646666667,5021,1804
-2.46036223051919,2.20053891655424,0.450873602753895,3817.54706666667,5022,1804
-2.48262374356289,1.98380574711671,0.45618757346661,3818.18103333333,5023,1804
-2.40449025835806,1.87603303768915,0.56462815073384,3818.78163333333,5024,1804
-2.24284034449369,1.8657212858768,0.567758134771887,3819.4156,5025,1804
-4.09586499627386,0.733234879129884,0.554150301302251,3820.0162,5026,1805
-1.66538816557051,1.91286745051137,0.518663358685493,3820.65016666667,5027,1806
-1.31594095486115,1.91292676566163,0.49375851468799,3821.25076666667,5028,1806
-1.19471523050188,1.79230043540881,0.46541310868735,3821.85136666667,5029,1806
-1.07148830594056,1.75276919851184,0.370347574542895,3822.48533333333,5030,1806
-0.764487996997916,1.81753367591061,0.342545392004027,3823.08593333333,5031,1806
-0.436639888932853,1.77204143020385,0.38653114662911,3823.68653333333,5033,1806
-0.105330476783012,1.77105089322303,0.380582995802885,3824.3205,5034,1806
0.294514375315304,1.7954672884694,0.267825931614816,3824.9211,5036,1806
-1.73724945840806,1.41708744931838,0.544242783100738,3823.68653333333,5032,1807
-3.0932703034396,0.693695295396324,0.443869097677034,3824.9211,5035,1808
-2.59950829835036,0.425567922546059,0.425777378685117,3826.75626666667,5037,1809
1.25383430581348,1.95253249704161,0.398431537775339,3826.75626666667,5038,1810
-3.44507273758175,3.6051112081149,0.436864517354395,3827.99083333333,5039,1811
-2.3643851502216,0.295763070420395,0.351171999996889,3827.99083333333,5040,1812
-2.18106214397583,0.222270013883991,0.393869717235011,3828.59143333333,5041,1812
-2.05464819734067,2.00405113482654,0.316440144877501,3829.826,5042,1813
-1.71634835764237,0.196099357696343,0.348045177989099,3829.826,5043,1814
-1.52093548819747,0.336618545820256,0.306223523165129,3830.4266,5044,1814
0.167150785646166,2.84530481814665,5.84405902619038,3831.66116666667,5045,1815
-1.61643860609249,1.93435299616352,0.318636460716132,3831.66116666667,5046,1816
-1.37260120779341,0.774101006571176,0.278213807562728,3831.66116666667,5047,1817
-1.26783030865844,1.7319990645794,0.340193142760152,3832.86236666667,5048,1818
-1.1257933087007,1.08062763590681,0.408976597592368,3832.89573333333,5049,1818
-1.23545404182025,1.62395332387775,0.448640617995631,3833.49633333333,5051,1818
-1.0112840686815,1.23489181049118,0.448722270448129,3833.49633333333,5052,1818
-1.11420436215873,1.65606692222336,0.482963860221389,3834.09693333333,5053,1818
-0.881980733022874,1.4109142150018,0.438800146182218,3834.09693333333,5054,1818
-0.614707155763024,1.66586248826805,0.415091271814516,3834.69753333333,5055,1818
-0.610432270800748,1.66900423571503,0.41562952009682,3834.7309,5055,1818
-1.04610823794348,1.67589139502551,0.484263671772325,3834.7309,5057,1818
-1.0284780815022,1.71840355537216,0.52348010922653,3835.3315,5059,1818
-0.243536334570064,1.92158110915631,0.435104281171914,3835.3315,5060,1818
0.821889582348677,2.37314385899342,6.39871756413765,3833.49633333333,5050,1819
-1.42017473799347,3.27305559726288,0.386611699379996,3834.7309,5056,1820
-1.06629612042271,3.25013128108012,0.379047188260361,3835.3315,5058,1820
-0.665582422002852,3.27736810384497,0.384186786644173,3836.56606666667,5061,1821
0.340689504149284,2.09920429618308,0.276836207506324,3836.56606666667,5063,1821
-0.558161386468973,3.26434413608565,0.414722629629895,3837.16666666667,5064,1821
0.385537434145867,2.05953190762812,0.277126409529588,3837.16666666667,5065,1821
-0.36041146514384,3.30417247624148,0.390288340224466,3837.76726666667,5066,1821
0.406349280262775,1.85074934807153,0.296908188576081,3837.76726666667,5067,1821
0.329373176068296,2.26504103737978,0.388002158938497,3837.80063333333,5068,1821
-0.0229594281877952,3.30895138379565,0.360953609681275,3838.40123333333,5069,1821
0.338113596809748,2.32210195389841,0.358689445834443,3838.40123333333,5070,1821
0.316461157310733,3.22838318767294,0.3413653909249,3839.00183333333,5071,1821
0.14880166793498,2.36984182472179,0.276711884769655,3839.00183333333,5072,1821
0.612494577759071,3.19457083569951,0.311506293127097,3839.6358,5073,1821
-0.875935650390207,1.77332184930927,0.497208287750445,3836.56606666667,5062,1822
4.20979452889972,1.33954875096765,0.662755346564576,3839.6358,5074,1823
3.76655945645838,1.28390976316526,0.609409002198768,3840.2364,5075,1823
3.44053321338133,1.22201145587358,0.501814313030713,3840.87036666667,5076,1823
3.40534327430026,0.539426310425797,0.372818671780106,3843.30613333333,5077,1824
3.10488388404851,0.624605825815308,0.428776855768298,3843.9401,5078,1824
2.43537450942415,-0.238850996799915,0.374426880238805,3844.5407,5079,1824
2.74838164229855,0.659373857129219,0.403971904501778,3844.5407,5080,1824
2.4355996368192,-0.0534155521028098,0.365521324575362,3845.1413,5081,1824
2.52102303189158,0.749154846791214,0.433415176452304,3845.1413,5082,1824
2.26153470360074,0.871388144239559,0.489960618616392,3845.7419,5083,1824
2.05634063686474,0.842242545247969,0.471389515555698,3845.77526666667,5083,1824
1.95193556125153,0.847131387326892,0.498159724975642,3846.37586666667,5084,1824
1.63365732701502,0.778965471770231,0.525350388893196,3846.97646666667,5085,1824
1.63095892180778,0.778861971240781,0.525824500690916,3847.00983333333,5085,1824
1.33469146137953,0.76306979829388,0.46803566909267,3847.61043333333,5088,1824
1.00874829058417,0.693598043946215,0.408823434342136,3848.21103333333,5089,1824
2.93929877514063,0.624889113616414,0.401915131465019,3846.97646666667,5086,1825
1.53037734506927,4.26473213463372,0.332973949872013,3847.61043333333,5087,1826
0.589692019491658,0.649670777052852,0.474740143929609,3849.4456,5090,1827
0.305176851778407,0.538511234829657,0.286051954546219,3850.0462,5091,1827
3.49139189309298,4.47868621514654,0.298670989368704,3866.69616666667,5092,1828
1.2905796158597,2.41161013347642,0.494654205756424,3867.93073333333,5093,1829
1.62046341704119,2.36529767236779,0.492776243263634,3868.53133333333,5095,1829
3.15439773336229,4.15204112120252,0.300284168467258,3867.93073333333,5094,1830
3.18423751346485,0.773652795021804,0.426806930144476,3869.1653,5096,1831
3.06684792499409,0.831600472829159,0.329969572201984,3869.7659,5099,1831
2.8467699041604,3.77891185908884,0.16237016898157,3869.7659,5097,1832
-0.0908577166013542,2.67238443891992,0.469783339061125,3869.7659,5098,1833
2.4820291062514,3.43637194426827,0.240258576384403,3871.00046666667,5100,1834
2.32087374909663,3.27340216211061,0.335238941683938,3871.60106666667,5102,1834
2.19251152211466,3.09213699937627,0.389473961489672,3872.23503333333,5104,1834
2.26910581206747,2.02875831407509,0.59192059095409,3872.83563333333,5106,1834
2.05715225357039,2.92305200365562,0.39327662741732,3872.83563333333,5107,1834
1.9605255442337,2.79417313423312,0.352003977609517,3873.4696,5110,1834
1.81192909025388,2.63175838108934,0.348088397338593,3874.0702,5111,1834
1.61396742133081,2.46344453499048,0.374222852924053,3874.6708,5113,1834
1.6130268273494,2.46123130829592,0.373556595513753,3874.70416666667,5113,1834
1.47430274069223,2.2586621831172,0.342594500783128,3875.30476666667,5115,1834
1.2793879952039,2.15065184479113,0.221364945859171,3875.90536666667,5118,1834
0.891617753498066,2.04605064114668,0.24765467322638,3876.53933333333,5119,1834
0.700099107402429,2.33785873060262,0.424984595877717,3877.13993333333,5121,1834
2.6377331480137,0.89036613451213,0.261625938682873,3871.00046666667,5101,1835
2.33258836652495,0.864296418316858,0.206642327084847,3871.60106666667,5103,1835
2.07917170975689,0.900277779295179,0.207623387406051,3872.23503333333,5105,1835
1.84547879209288,0.937870245758474,0.192909567624702,3872.83563333333,5108,1835
1.69395908627511,1.10000401469721,0.172405962870083,3873.43623333333,5109,1835
1.54108217693596,1.24638581015886,0.168410178113945,3874.0702,5112,1835
1.53915115012759,1.02564534599307,0.346019247594162,3874.6708,5114,1835
1.61074186292993,0.883052913471975,0.345992337063034,3875.30476666667,5116,1835
1.62623706119123,0.739282634625096,0.300959582955806,3875.90536666667,5117,1835
1.83749097697049,0.670009457033709,0.266886473162178,3876.53933333333,5120,1835
3.42700251615142,-1.09777304528417,0.487861666970542,3879.00846666667,5122,1836
2.85315342346141,0.940552978601348,0.865077608466958,3881.4776,5123,1837
2.56079738581124,0.952793021687023,0.751537884581551,3882.0782,5124,1837
2.27253673221087,0.988285452020521,0.637458117810482,3882.6788,5125,1837
2.00173803894689,1.01768756008814,0.545926956607329,3883.31276666667,5126,1837
1.78920436466384,1.05904182511472,0.49798129712168,3883.91336666667,5127,1837
1.78798303055289,1.05929257920404,0.497192818248312,3883.94673333333,5127,1837
1.59954223649268,1.07936365242537,0.466148723425581,3884.54733333333,5128,1837
1.4208755046712,1.1615361219724,0.396948176845302,3885.14793333333,5129,1837
1.79840834965884,-2.07852400717238,0.490607670330252,3887.61706666667,5130,1838
1.55345116686349,-1.80129022191851,0.525649783065056,3888.25103333333,5131,1838
1.4152965630857,-1.4817574437677,0.537740759164524,3888.85163333333,5132,1838
1.1711689898827,-1.15796767739606,0.540483839226522,3889.45223333333,5133,1838
0.924391842263938,-0.858628408264564,0.476336736988619,3890.0862,5134,1838
0.951077987958638,0.460252164340529,0.401906071517993,3893.15593333333,5135,1839
1.12230384511785,0.829441243340438,0.405493591613122,3893.75653333333,5136,1839
1.12318021305803,0.831893929056178,0.405818227844262,3893.7899,5136,1839
1.13925422336494,1.20699468377887,0.451650579399806,3894.3905,5137,1839
0.119838544644514,0.134847121861316,0.248833487381962,3902.36513333333,5138,1840
0.35600055437317,0.22762062256041,0.265562071437213,3902.96573333333,5139,1840
0.576965598634321,0.794084097011049,0.476337434145444,3903.5997,5140,1840
0.738522036176466,0.472372533315358,0.277557075823845,3904.2003,5141,1840
0.951845624979017,0.576985462494611,0.288074992335354,3904.83426666667,5142,1840
1.18029595729311,0.68713053580782,0.274408453611458,3905.43486666667,5143,1840
2.49076434965107,-0.122088413160665,0.53586234703322,3925.68843333333,5144,1841
1.81382957106468,0.348511543466531,0.435463958704908,3927.5236,5145,1842
3.68062788118895,2.28597157924666,3.1072073860666,3928.4245,5146,1843
3.46148508835424,2.86704895118379,3.13685534253633,3928.4245,5147,1844
8.87207152255563,-0.408105696659863,7.45423804854551,3928.4245,5148,1845
4.30527754974909,1.1970102348944,1.29081698755302,3928.4245,5149,1846
1.04635733641398,0.412659992431942,0.506756616563055,3936.1322,5150,1847
4.78889972896551,-3.91586171172005,-0.0864796543016835,3939.20193333333,5151,1848
-0.114306338372696,-0.73611292278014,0.480745521009384,3948.41113333333,5152,1849
0.808681189667585,2.36719185966786,0.473458479886606,3974.80416666667,5153,1850
4.28873730519005,1.19733423870351,1.30315907790396,4061.09036666667,5154,1851
4.3201214997488,1.19001614202386,1.31939666944369,4061.09036666667,5154,1851
4.32003113046929,1.18934487746031,1.31380045397715,4061.12373333333,5154,1851
4.30638882548795,1.19472177358705,1.34799672940056,4061.12373333333,5154,1851
4.30329397846115,1.19564238449997,1.27630255612615,4061.1571,5154,1851
0.308116647252206,3.24673373839163,0.391344610187698,4198.0939,5155,1852
0.510354908593275,3.19729098790987,0.413319392080866,4198.72786666667,5156,1852
4.73146671166645,2.33108020152207,0.204224029725254,4199.32846666667,5157,1853
1.25963729097123,2.91640911523433,0.404851825075963,4201.16363333333,5158,1854
1.53007013577452,2.88720449505426,0.477457765874707,4201.76423333333,5159,1854
-3.08452995767758,1.59696335211724,0.512805360636578,4204.83396666667,5160,1855
-2.28426808056823,0.607080876573907,0.497726891875619,4208.5043,5161,1856
-2.01615152294047,0.407020147190762,0.479414840704838,4209.13826666667,5163,1856
-1.69490701808062,0.243116557402768,0.480267458606292,4209.73886666667,5164,1856
-0.0883431078928576,3.69796025722178,0.347756354989314,4209.13826666667,5162,1857
-0.712281718394089,-0.168291940139427,0.330294621056809,4211.57403333333,5165,1858
-0.324294995979569,-0.227414382356523,0.302919846564646,4212.208,5166,1858
0.848086706649098,-0.292143281824994,0.386902274555885,4215.27773333333,5167,1859
1.31944799095883,2.59216303554037,0.60214436174096,4216.5123,5168,1860
1.49496355854254,2.40314662146542,0.506558441329706,4217.1129,5169,1860
1.6436893237673,2.30786056763528,0.537013839544944,4217.74686666667,5171,1860
1.34252856618298,1.94876497065657,0.529789622326419,4218.34746666667,5174,1860
1.3381770769638,1.9441453739056,0.529590404178258,4218.38083333333,5174,1860
1.27513293517704,1.88368423468427,0.54572203626488,4218.94806666667,5175,1860
1.27525906784059,1.88533805741958,0.546251621861935,4218.98143333333,5175,1860
1.27410294980946,2.00224149801287,0.636830275845743,4219.58203333333,5177,1860
1.68772595441627,0.0299255268923143,0.405399512715314,4217.14626666667,5170,1861
2.01843609317706,-0.0769089568267338,0.643500447328616,4217.74686666667,5172,1861
-1.33606971144398,3.47682795634557,0.442306382842904,4218.34746666667,5173,1862
-0.830133564950937,2.78798429861315,0.51727077059111,4219.58203333333,5176,1863
-1.40975753107983,2.82830147072949,0.374571949552812,4220.8166,5178,1864
-1.19033658154283,2.63118327890947,0.289914453268022,4221.4172,5181,1864
-0.970560705511479,2.37578367308855,0.280120912123163,4222.05116666667,5183,1864
2.80963005516973,0.65304004526967,0.519772938789069,4220.8166,5179,1865
2.78921339224143,0.775905526012845,0.456773207476156,4221.4172,5182,1865
-2.54906592558517,1.14167797062809,2.19606537166235,4221.05016666667,5180,1866
-0.475076308848811,2.1051049713197,0.395002088074457,4223.25236666667,5184,1867
-0.143651592540398,2.02149761908861,0.437926545496992,4223.88633333333,5185,1867
0.337230044231453,1.96630454013314,0.507756551613665,4224.5203,5186,1867
0.622552651428924,0.659700954469967,0.375122588717419,4225.1209,5187,1868
1.09467874506174,1.90802141176634,0.44344180538612,4225.7215,5188,1869
1.43952778395378,2.09150529090284,0.506991594613506,4226.35546666667,5189,1869
1.42213697438835,1.24457029460077,0.496055506257614,4227.59003333333,5190,1870
3.88979283420443,4.17055640600191,0.515378954390698,4236.19863333333,5191,1871
2.72350599503289,2.06756344475637,0.430161392920151,4239.90233333333,5192,1872
2.02814970985447,0.984343257516622,0.636943788596294,4241.7375,5193,1873
0.941463677381526,2.34793827928457,0.541707832164477,4253.41583333333,5194,1874
0.726784385899677,2.32213407161004,0.213198874313063,4258.3541,5195,1875
1.11167921290764,2.22266082416359,0.573725737785123,4270.0658,5196,1876
-0.0839793636838394,4.51538257428874,0.4626962057503,4276.20526666667,5197,1877
-0.354204728652296,3.8641792356955,0.427927738101693,4277.43983333333,5198,1878
-0.633536333038566,3.15351568637098,0.443504487846059,4278.6744,5199,1879
-0.802815178394851,2.88914046347215,0.517012883107517,4279.275,5200,1879
-1.12972044056859,2.2795032249751,0.598087465288182,4280.50956666667,5201,1880
-1.18612910172644,5.44151823894891,6.2509683701713,4283.3791,5202,1881
-1.1971150312432,5.43673203525631,6.24568454325011,4283.41246666667,5202,1881
0.413275242816706,0.716161927607499,0.415142535048368,4310.67303333333,5203,1882
-11.2819480209545,6.04243883535403,0.561253329375863,4479.5751,5204,1883
-11.259227951162,6.03196024506336,0.554326951462321,4479.60846666667,5204,1883
-11.2845241664239,6.03961022746261,0.553034320629946,4479.64183333333,5204,1883
-11.3160587610601,6.04912997153231,0.552752226169307,4479.6752,5204,1883
-11.3641446050518,6.07109314433346,0.555919175633744,4479.70856666667,5204,1883
-11.3480818349268,6.06374561889386,0.557750032832237,4479.74193333333,5204,1883
-11.3701579252822,6.07384174471232,0.5563169817601,4479.7753,5204,1883
-11.3671588199288,6.06951121595709,0.559022881148812,4479.80866666667,5204,1883
-11.3480818349268,6.06374561889386,0.557750032832237,4479.84203333333,5204,1883
-11.3164011118529,6.05417052269608,0.558019773175628,4479.8754,5204,1883
-11.3323717128848,6.06148310030375,0.556194083720039,4479.90876666667,5204,1883
-11.3160587610601,6.04912997153231,0.552752226169307,4479.94213333333,5204,1883
-11.259227951162,6.03196024506336,0.554326951462321,4479.9755,5204,1883
-11.259227951162,6.03196024506336,0.554326951462321,4480.00886666667,5204,1883
-11.2984310664165,6.04752160646564,0.553700005698668,4480.04223333333,5204,1883
-11.4071103426414,6.08779246997757,0.553390471332813,4480.0756,5204,1883
-11.4032199061084,6.08603934928243,0.542964522123734,4480.10896666667,5204,1883
-11.2729639860599,6.03586437542145,0.540559309080278,4480.14233333333,5204,1883
-11.2903120182726,6.04110790075292,0.538328858186976,4480.1757,5204,1883
-11.2903120182726,6.04110790075292,0.538328858186976,4480.30916666667,5205,1884
-11.2903120182726,6.04110790075292,0.538328858186976,4480.34253333333,5205,1884
-0.593858189395579,2.25138570423449,0.372176250390119,4618.64736666667,5206,1885
-0.592272709106284,2.25037877412498,0.372281345598468,4618.68073333333,5206,1885
-0.521105560426375,2.03155343020711,0.417416990123474,4619.28133333333,5209,1885
-0.400567133719861,1.72023539453075,0.435925655046843,4619.88193333333,5210,1885
-0.214087087150643,1.35327524320201,0.439918838016507,4620.5159,5212,1885
1.72769428268144,3.59608497602947,0.448186817424541,4619.28133333333,5207,1886
-2.39517462915378,1.81257166364148,0.420482070573874,4619.28133333333,5208,1887
-3.11841141027595,1.9099229881689,0.496172995068316,4620.5159,5211,1888
-1.78316475311342,2.00128924209792,0.253288559319094,4621.1165,5213,1889
2.28077452583012,3.18321970034247,0.411943158345746,4621.14986666667,5214,1890
2.41995665376154,2.97858312212591,0.415634004933831,4621.75046666667,5215,1890
-7.58881265463237,1.80098778857896,-0.0212915282312645,4621.75046666667,5216,1891
-1.77910927679668,0.61944687653988,0.231289084026979,4622.98503333333,5217,1892
-2.17480940939654,3.68170173626791,0.473713235705744,4624.2196,5218,1893
-1.85379745012937,3.74770330833646,0.422410862188237,4624.85356666667,5219,1893
-1.89373038411094,3.37682868492919,0.518007212138798,4625.45416666667,5220,1893
-1.33288996967678,4.13226190204654,0.568749971517967,4626.08813333333,5221,1893
-1.76280760873661,3.43622867899071,0.589007890014996,4626.08813333333,5222,1893
-1.06711324445898,4.39441629919293,0.63399189704382,4626.68873333333,5224,1893
-1.61047764133128,3.61126326399512,0.648643005110193,4626.68873333333,5225,1893
-0.771518064751452,4.58665902303131,0.602278669437088,4627.3227,5227,1893
-0.464241245278774,4.73303137860735,0.483374488449661,4627.9233,5230,1893
2.26291113366681,-2.00032039500474,0.374306113766046,4626.08813333333,5223,1894
2.73507111796849,1.1445938024131,0.441776457673497,4626.68873333333,5226,1895
2.60273166693404,1.07041174079517,0.467396217585384,4627.3227,5229,1895
2.07518461259554,-0.344659668636079,0.470097915519622,4627.3227,5228,1896
2.13934339494068,-0.117292132799127,0.534382123886176,4627.9233,5232,1896
2.1590064100072,0.0331899408945545,0.609414661013521,4628.55726666667,5233,1896
2.34612883596086,0.742071814538864,0.414621092306399,4628.55726666667,5234,1896
2.02859868254738,0.319473035476448,0.630434766254046,4629.15786666667,5235,1896
2.13643248957575,0.580406729747066,0.343026594555608,4629.15786666667,5236,1896
1.85427114849949,0.503106599336498,0.564085512169947,4629.75846666667,5237,1896
1.85228137098269,0.474390592161355,0.329130601491719,4629.79183333333,5237,1896
1.85181146850258,0.503864915082701,0.563544778416476,4629.79183333333,5237,1896
1.56189425163547,0.357767788994129,0.323139958180476,4630.39243333333,5239,1896
1.52816342990352,0.58582817395,0.464236635066787,4630.39243333333,5240,1896
1.85242099027666,-1.5211582307234,0.368365738949836,4627.9233,5231,1897
0.957142431176527,-0.816165979212624,0.414549487656552,4629.79183333333,5238,1898
3.56332689973323,-6.26153633427022,8.27347590074646,4636.96566666667,5241,1899
1.89337709436234,0.167800865232206,1.78265642599349,4639.00103333333,5242,1900
13.3100625950719,-1.95495647443535,10.3534401770246,4639.00103333333,5243,1901
8.87939893089408,-0.418540663194616,7.4554445490746,4639.00103333333,5244,1902
-0.914433508302844,2.36985445240806,0.305117020600584,4640.90293333333,5245,1903
-0.922963944842743,2.08185278285793,0.323541374280046,4641.50353333333,5246,1903
-0.734672996361072,1.84577908162931,0.342651416114054,4642.1375,5249,1903
-0.508670311542856,1.64728602483216,0.359475064602572,4642.77146666667,5250,1903
-0.248884068996809,1.50648886073538,0.380135467424384,4643.37206666667,5252,1903
-0.0028834342216858,1.33152113177272,0.363799367009747,4644.00603333333,5254,1903
0.0494781160551176,1.13327501434006,0.343353776959154,4644.60663333333,5255,1903
0.0595184241633755,0.97351399265494,0.385199652242695,4645.2406,5257,1903
0.210105870013831,0.860306225806586,0.443623525816221,4645.8412,5258,1903
0.431096646860517,0.759633720310663,0.451177044206796,4646.47516666667,5259,1903
4.23895244436103,4.18563755633428,0.400781718555302,4641.5369,5247,1904
3.75060796110175,4.08747536979202,0.455650967427909,4642.1375,5248,1904
2.92187596169554,3.67773305795292,0.451732339760297,4643.37206666667,5251,1905
2.48113981009754,3.62505853064089,0.47499261159002,4644.00603333333,5253,1905
1.58955934413558,3.49490512956356,0.419451420668089,4645.2406,5256,1906
0.0722904479965779,2.94022125730396,0.517202807980685,4647.10913333333,5260,1907
-0.293297599117147,2.75144583817868,0.554611779968815,4647.70973333333,5261,1907
0.861272611759569,0.801600912948434,0.369668941473488,4647.70973333333,5262,1908
1.15392134570962,0.909876144890477,0.39145160320916,4648.31033333333,5263,1908
1.23138282707825,1.06731898819924,0.490241701429037,4648.9443,5264,1908
-0.150194340031417,0.750765336605992,0.307434606697027,4653.28196666667,5265,1909
-0.318259957836604,0.85325681651577,0.261897340825265,4653.91593333333,5266,1909
-0.443171284972702,1.11741756297778,0.217003298203748,4655.1505,5267,1910
-0.438186559436616,1.43485917197484,0.281428748455525,4656.38506666667,5268,1911
-0.12304636178218,1.90089322068091,0.240329500486229,4658.2536,5269,1912
3.56423821848778,-0.277386121148745,0.391959599950125,4659.4548,5270,1913
3.31501514260799,-0.131654576107996,0.428750304517508,4660.08876666667,5272,1913
-0.213144865390112,3.28960600212638,0.276611596980122,4659.48816666667,5271,1914
0.0463733823798437,3.08929705554963,0.335195327801099,4660.12213333333,5273,1914
0.726295742596665,2.11753307129353,0.289288028153589,4663.82583333333,5274,1915
0.861900350065839,2.34303708260978,0.433367418982997,4668.79746666667,5275,1916
-3.10521533250505,3.4559705613944,0.580124263164023,4669.39806666667,5276,1917
-3.10219883997143,3.45523901430018,0.580528144209365,4669.43143333333,5276,1917
-2.02864697656528,3.50788081410348,0.54314845183283,4671.90056666667,5277,1918
-1.73995371870507,3.72497426305289,0.509218539596458,4672.50116666667,5278,1918
-1.39996298963568,3.94294896119694,0.450021646726815,4673.13513333333,5279,1918
-2.76821970292441,-1.98154291454547,0.714347566078378,4673.73573333333,5280,1919
-0.793975744204163,4.54650016996076,0.421231327035274,4674.3697,5281,1920
-0.6964005888926,4.61950391451177,0.439412666050193,4675.00366666667,5282,1920
0.254116575309658,4.75542269358212,0.406002874777279,4676.23823333333,5283,1921
-1.73890548369212,1.13528556617462,0.488559939244178,4677.43943333333,5284,1922
-1.47562651756005,1.23563049931483,0.473342295083031,4678.0734,5285,1922
-1.14926551627504,1.31452177115401,0.479585298006556,4678.674,5286,1922
-1.14493030534535,1.31395880867193,0.481710967456587,4678.70736666667,5286,1922
-0.92974471641621,1.43095369103649,0.548109766891112,4679.30796666667,5287,1922
-0.503011740365252,1.5294626135796,0.514865976943732,4679.90856666667,5288,1922
-0.0500466711612114,1.63951015359842,0.524368831524628,4680.50916666667,5289,1922
-0.041179367402099,1.64053353606764,0.523244097806886,4680.54253333333,5289,1922
0.420294901832086,1.60596793577484,0.444694761654103,4681.14313333333,5290,1922
0.651367234759799,1.73831552234064,0.3956309990291,4681.74373333333,5291,1922
0.931993448936323,7.1672817495029,-0.416985672057966,4681.7771,5292,1923
-0.941675318226878,4.6557429600042,0.394241815149062,4682.3777,5293,1924
4.85779538816626,4.10594812452375,0.383437114644614,4683.64563333333,5294,1925
4.37411738977383,3.65910405652778,0.521800237550747,4684.24623333333,5295,1925
3.85850783818656,3.23616177501075,0.611102681088267,4684.8802,5297,1925
3.40986340848912,2.79281453281354,0.539564661346941,4685.4808,5298,1925
3.40536662337697,2.78560882882422,0.539908565026659,4685.51416666667,5298,1925
3.17404454560254,2.26491977394673,0.586998725020759,4686.11476666667,5301,1925
3.0018341712323,1.71524933385167,0.527997442743364,4686.74873333333,5303,1925
-0.741023198495999,4.27203672369471,0.369262895507127,4684.24623333333,5296,1926
4.5048562148295,6.20267755120934,0.438051048158145,4685.4808,5299,1927
-0.997372478124284,3.88608277561956,0.353002402141193,4685.4808,5300,1928
-0.984714377562817,3.76729973962074,0.372154202323861,4686.11476666667,5302,1928
2.95402583587206,6.07934328025607,0.854477563162204,4687.34933333333,5304,1929
-0.873159442117812,3.38638422301753,0.45247174213039,4687.34933333333,5305,1930
-0.775385093762179,3.22951564174219,0.401977973746525,4687.94993333333,5306,1930
-0.727905486164922,3.01237420329814,0.455052933699874,4688.5839,5307,1930
-0.613945286149895,2.85754438085073,0.492596348229466,4689.1845,5308,1930
-0.615097252440628,2.71593595287721,0.478871676276007,4689.81846666667,5309,1930
-0.621032904732685,2.55187453382289,0.467780056520625,4690.41906666667,5310,1930
-0.659060640697361,2.39761186834995,0.448874940975548,4691.05303333333,5311,1930
-0.560725654386983,2.18635683342786,0.349952554007791,4691.65363333333,5314,1930
-0.539384204272788,1.99639022753316,0.36289169892271,4692.2876,5317,1930
-0.754706944130319,1.77420175107057,0.404499939778868,4692.8882,5320,1930
2.4310394110009,1.61674135107369,0.522458898679486,4691.05303333333,5312,1931
2.41633725251852,1.62087516979187,0.523700297571304,4691.0864,5312,1931
1.4510620208289,1.83345180993467,0.546370330550114,4691.687,5316,1931
-2.34176495682793,2.19101793397874,0.690750210050778,4691.65363333333,5313,1932
3.22855168831745,0.0457794297820894,0.510324022576378,4691.65363333333,5315,1933
3.03865264810325,0.380613945460992,0.584162608621051,4692.2876,5319,1933
0.43398537831653,1.71735846147576,0.588140980559938,4692.2876,5318,1934
2.74455531350448,1.01746162482747,0.490316041973261,4693.52216666667,5321,1935
2.60862702905296,1.23449717549124,0.417401691746539,4694.15613333333,5322,1935
-1.97870934410599,0.781738248851421,0.469942004082886,4695.35733333333,5323,1936
-1.26830193811914,-0.638188949527133,0.504352307206064,4699.0944,5324,1937
-0.567608971989868,-0.948035430129405,0.577166393082424,4700.96293333333,5325,1938
-0.42457287596106,-1.52976283160329,0.467390183724239,4702.1975,5326,1939
-0.354976846292017,-0.510080143113571,0.371258152805609,4704.63326666667,5327,1940
-0.26316643730713,-0.326389702309444,0.340558394875205,4705.26723333333,5328,1940
0.0266205632319231,0.309111412647767,0.315123451270633,4706.5018,5329,1941
0.0211355504387912,0.996637127180028,0.316349273958265,4707.73636666667,5330,1942
0.159509435503566,1.33278177892059,0.282609033398084,4708.37033333333,5331,1942
-0.972251161695361,2.58293491836478,0.368084228716573,4708.97093333333,5332,1943
-1.01312080136768,2.30692510565463,0.400842989748122,4709.6049,5333,1943
-1.03319966155788,2.08999532872712,0.525394185824013,4710.23886666667,5336,1943
-1.03652836442916,1.80682058859496,0.584342921193691,4710.83946666667,5337,1943
0.372780717947921,1.94567238983895,0.372913206992252,4709.6049,5334,1944
0.594054929461076,2.06755792719947,0.394350670164553,4710.2055,5335,1944
0.993872227754691,2.22969311948285,0.353946313598739,4711.44006666667,5338,1945
3.95309171209553,0.377477361779692,0.481042688154642,4711.47343333333,5339,1946
3.92729428845067,0.432914075232615,0.502360973365175,4712.07403333333,5341,1946
3.89127253492057,0.500339395127344,0.489686651116121,4712.67463333333,5343,1946
3.81585748409799,0.628961257779698,0.571532074329306,4713.3086,5344,1946
3.87332048324865,0.784975746202359,0.648815949739976,4713.9092,5345,1946
-2.30531745843878,1.5302841953854,0.498738695146987,4712.07403333333,5340,1947
16.5144177425768,-2.51819795228685,7.3786207864507,4712.3076,5342,1948
-3.82024545516804,0.74109500881085,0.580324130708336,4718.24686666667,5346,1949
0.284201944521555,-0.221415732992389,0.140169356201206,4718.24686666667,5347,1950
-3.27087863976292,0.949305288640542,0.626168090353511,4719.48143333333,5348,1951
-2.98831994096972,1.04555476744312,0.69527389284452,4720.08203333333,5349,1951
-2.97808526448419,1.04652307328708,0.694165913224466,4720.1154,5349,1951
-2.79226660939612,1.075574057537,0.671952405017649,4720.716,5350,1951
-2.12860443036077,1.18231896040895,0.515227354773074,4721.95056666667,5351,1952
-1.79591835115908,1.33485842927452,0.487624586867654,4722.58453333333,5352,1952
-1.46906827904339,1.48294127924994,0.447806784586412,4723.18513333333,5354,1952
-1.11796384822902,1.60334014241248,0.466179146704261,4723.8191,5357,1952
-0.772716667619175,1.80975836447606,0.477866455103916,4724.4197,5359,1952
0.28981922509977,1.48360521311957,0.487655542213902,4724.4197,5360,1952
-0.50300850350288,2.03321688649956,0.54078459680871,4725.05366666667,5361,1952
-0.329433299426313,2.21594263341063,0.631114130207669,4725.68763333333,5363,1952
-0.140722911881994,2.50646880127484,0.687921880883013,4726.28823333333,5364,1952
1.02867389664983,0.206640022695284,0.279717201423425,4722.58453333333,5353,1953
0.277853889179078,0.575616098701755,0.54761671881179,4723.18513333333,5355,1953
1.14117003676016,0.42591436526171,0.28598518672913,4723.18513333333,5356,1953
1.24238447909333,0.658901421317394,0.300130638897295,4723.8191,5358,1953
1.93328878087039,-0.335372987905247,0.270397783769431,4725.05366666667,5362,1954
1.87064139000014,1.76272055235706,0.342193984678497,4729.39133333333,5365,1955
1.70471025618274,1.80961143656902,0.341945485150695,4729.99193333333,5366,1955
1.44587887604296,1.88456211518888,0.382466139094238,4730.6259,5367,1955
1.02991743640064,1.98686944400809,0.392368624506635,4731.2265,5368,1955
0.66674610789325,2.00772268516867,0.320450522517579,4731.86046666667,5369,1955
2.40911344449538,2.06649637248202,0.411440386165447,4733.69563333333,5370,1956
2.31896098410595,0.215463242471843,0.280269881166759,4733.69563333333,5371,1957
2.41007003491387,2.06626230353454,0.409514003130998,4734.9302,5372,1958
0.827900755505574,0.786619033106925,0.404153711200725,4735.56416666667,5373,1959
0.905777216332714,1.04789679303464,0.453684807503333,4736.16476666667,5374,1959
0.365328603252747,0.705200004723521,0.554216386773824,4737.39933333333,5375,1960
3.93885389794379,0.54099560071003,0.49352263499911,4738.6339,5376,1961
-2.75690420702729,1.71507190616596,0.59639187827899,4739.86846666667,5377,1962
-2.43587084792639,1.83717813700359,0.648161181121021,4740.46906666667,5378,1962
-2.13456604479999,1.8309423501375,0.596648652423988,4741.10303333333,5379,1962
-1.78238408535076,1.83028682712948,0.526548848279376,4741.70363333333,5381,1962
-1.57283720525806,1.81215811491462,0.42934892401195,4742.3376,5382,1962
-1.33910897091302,1.90025756260716,0.432878583953697,4742.9382,5383,1962
-1.19008652877279,2.00874447261724,0.419923938679178,4743.57216666667,5384,1962
-0.994544416471303,2.25015135370956,0.386626751306831,4744.17276666667,5385,1962
4.08608270417584,-10.8889366238345,8.78841108009929,4741.1364,5380,1963
-1.88742278217161,4.49965208290338,0.373769477994651,4747.87646666667,5386,1964
5.05449543638874,4.68397433217246,0.373237429930178,4749.745,5387,1965
4.77061813338829,4.55136314030099,0.359261944231248,4750.3456,5388,1965
1.25983870861864,0.733161732195805,0.243341684794898,4752.81473333333,5389,1966
1.04092580591511,0.987379397807539,0.261689283664508,4753.41533333333,5390,1966
0.676473437697917,0.664360536957605,0.366262675057954,4754.0493,5391,1966
-2.79183016642528,-0.106467707545743,0.477901712257809,4755.28386666667,5392,1967
-2.65116909687609,0.155714374251634,0.412261294138335,4755.91783333333,5394,1967
-2.52206112421961,0.4269787496521,0.388472979279173,4756.51843333333,5395,1967
-2.4299048047414,0.647928681327847,0.410709992091335,4757.1524,5396,1967
4.03094833748263,3.03875917834638,0.329366482140975,4755.91783333333,5393,1968
3.22530869916116,1.87057398235345,0.246655967660809,4758.38696666667,5397,1969
-2.03184170791263,1.28677658690209,0.37787110981845,4759.02093333333,5398,1970
-1.90753094177995,1.41324635699781,0.340399270412203,4759.62153333333,5399,1970
-1.69876951755507,1.52366707714679,0.362001019289816,4760.2555,5400,1970
-1.44760644981793,1.6160732814498,0.420690661727465,4760.8561,5401,1970
-1.24828486659823,1.70938850786363,0.439899336250631,4761.49006666667,5402,1970
-1.01444370499583,1.85903436434344,0.388669859446944,4762.09066666667,5403,1970
-0.773501272759182,1.86795604115683,0.393869093051261,4762.72463333333,5404,1970
-0.556804023756464,1.84749830271044,0.456874558355667,4763.32523333333,5405,1970
-0.289980918590753,1.87962714139898,0.44255715012878,4763.9592,5406,1970
0.00111473819905805,1.99018600921695,0.458196636044502,4764.5598,5407,1970
0.301033102183211,2.09137781779065,0.393776375300293,4765.19376666667,5408,1970
-3.34609662517699,1.63174048491516,0.423172509052703,4766.42833333333,5409,1971
-4.09241046820523,0.419481117630863,0.653576193083689,4768.8641,5410,1972
-3.80727709615647,0.33804748910932,0.611715734088962,4769.49806666667,5412,1972
-2.25395867204281,1.5995255523244,0.33505383667274,4769.49806666667,5411,1973
-1.92328395781297,1.35191518649153,0.333594406244376,4770.73263333333,5413,1974
-1.87491981501923,1.25666990829019,0.36356735378649,4771.3666,5415,1974
-1.77914394872914,1.24250950892452,0.356786898381308,4771.9672,5416,1974
-1.54045218455807,1.32465965247788,0.338457069398562,4772.5678,5418,1974
-1.39195137417559,1.29075830296812,0.310631193111489,4773.20176666667,5419,1974
-1.27871820178117,1.29061802771619,0.35269575671855,4773.80236666667,5420,1974
-1.17266508242237,1.30591755718794,0.357374588502781,4774.43633333333,5423,1974
-1.0668699843046,1.33980608188795,0.265515912778108,4775.0703,5424,1974
-3.25833259144014,0.03332218522038,0.554548618994439,4770.73263333333,5414,1975
-2.81796536024341,-0.196221085548818,0.523339657410605,4771.9672,5417,1976
-1.99197048922568,-0.618394153295247,0.455395254528683,4773.80236666667,5421,1977
2.38481201682437,2.018714744869,0.410993329388352,4774.43633333333,5422,1978
3.17771395891648,0.988864355703834,0.269126305623995,4775.0703,5425,1979
2.38580039855804,2.01848306841471,0.410904874078006,4776.30486666667,5426,1980
-0.476577138873715,1.60076907055623,0.27913969406516,4776.30486666667,5427,1981
-0.241045178175384,1.62947796465722,0.308667504528723,4776.90546666667,5428,1981
-0.0120057525838925,1.65738196409529,0.35757790363135,4777.53943333333,5429,1981
0.114119395083544,1.58409053026869,0.385712410026548,4778.14003333333,5430,1981
0.233931046441107,1.40548924223819,0.406657013239168,4778.774,5431,1981
0.358760673203154,1.17233379923681,0.405156651409281,4779.3746,5432,1981
0.434434735433683,0.956133380894918,0.390977788368603,4780.00856666667,5433,1981
2.38438553776671,2.01743264467879,0.410397773357317,4785.5808,5434,1982
-1.14672194156077,0.0676214341614868,0.316613978531756,4788.04993333333,5435,1983
5.01374573787732,2.19553065774834,0.376688239538861,4790.51906666667,5436,1984
4.77841923890721,2.00316074063525,0.344922344428564,4791.15303333333,5437,1984
4.21389482745459,1.95615232759086,0.372945467649153,4792.3876,5438,1985
3.94086813187664,1.99344961086343,0.395433596080626,4793.02156666667,5440,1985
3.67236754270106,1.95585008173562,0.420705189242248,4793.65553333333,5443,1985
3.40459352480988,1.8817488435371,0.394308084508024,4794.25613333333,5444,1985
3.09984443401517,1.77620592587664,0.373337811521159,4794.85673333333,5445,1985
2.7420102230622,1.56413610053867,0.417399804795147,4795.4907,5446,1985
2.44355896354102,1.36440698368462,0.44642618062735,4796.12466666667,5447,1985
2.13374835142822,1.37382875423877,0.465178552718485,4796.72526666667,5448,1985
2.13039755919528,1.37567685083334,0.465712358477241,4796.75863333333,5448,1985
1.73668737075869,1.55402874128658,0.500281065151509,4797.35923333333,5449,1985
1.38458871629389,1.80228988246223,0.544783113153922,4797.9932,5450,1985
1.00492238713454,1.95677370540925,0.506526156181406,4798.5938,5451,1985
0.998661348401471,1.95400719857577,0.505999405594034,4798.62716666667,5451,1985
0.583768911079433,2.08675708957215,0.519627973538595,4799.22776666667,5452,1985
0.205684634757749,2.16797992394761,0.535971697648659,4799.82836666667,5453,1985
-0.113747540517541,2.14279465869893,0.447286790928597,4800.46233333333,5454,1985
0.428672348940401,3.14525411301749,0.275229380276375,4792.3876,5439,1986
0.346965822864414,2.77945537459502,0.291219770202808,4793.02156666667,5441,1986
0.280066598644917,2.34794687287823,0.324859589518417,4793.62216666667,5442,1986
2.36109405964942,3.62677429260971,0.294102342789017,4806.66853333333,5455,1987
2.06925707318221,2.88258258065894,0.277021102163406,4808.53706666667,5456,1988
1.94269313885802,2.64502880247737,0.26971028655156,4809.13766666667,5457,1988
1.57572527872748,2.32146286482296,0.263492346722346,4810.37223333333,5458,1989
1.40329795923771,2.10797830598691,0.326005157168123,4811.0062,5459,1989
1.22978192705329,1.91327099064218,0.314859027993549,4811.64016666667,5460,1989
1.02492314522409,1.77210764726041,0.294709476052275,4812.24076666667,5461,1989
0.78970545961178,1.71035501194325,0.331331637351013,4812.87473333333,5462,1989
0.414586508670814,2.69956267424789,0.2791262073741,4813.47533333333,5463,1990
-0.528757472639278,3.20328059603928,-0.0258001050486817,4814.1093,5464,1991
-2.17250527404077,3.71939153261238,-0.450861333959848,4814.74326666667,5465,1992
-5.8597593991154,4.35524015835216,-1.23902048435185,4815.34386666667,5466,1993
3.27194688823175,1.09429296235596,0.328387443959493,4815.34386666667,5467,1994
2.46839055430997,2.00935344356065,0.411745673634498,4817.84636666667,5468,1995
-1.34267795548375,1.95383589064775,0.236199870745653,4821.55006666667,5469,1996
-1.25812314930801,1.8349120667127,0.286496265804751,4822.15066666667,5470,1996
-1.15611943144782,1.64861489341243,0.33155580902118,4822.78463333333,5471,1996
0.514928175273279,3.18247281579022,0.334538941597092,4825.25376666667,5472,1997
2.26111618899044,3.64669366282008,0.282739099947589,4827.08893333333,5473,1998
2.09365334323473,3.34808217792816,0.337913835125227,4827.7229,5474,1998
1.95361719402353,2.99846395491408,0.353095039308875,4828.35686666667,5475,1998
1.95747857661696,2.78081336399914,0.38938363910772,4828.95746666667,5476,1998
2.11918745382252,2.48844749907216,0.34194130721824,4829.55806666667,5477,1998
1.1246580932091,2.60105534905938,0.334228359044784,4829.55806666667,5478,1998
1.25529979787684,2.42206909365781,0.333793290311323,4830.19203333333,5479,1998
1.54169684091893,2.26735569098253,0.421606951762878,4831.4266,5480,1999
1.57884529713067,2.21063343613718,0.400464310959102,4832.0272,5481,1999
1.63077741330846,2.10638785272155,0.412532203574152,4832.66116666667,5483,1999
0.746557971738586,0.981623269627312,0.447956143729451,4832.06056666667,5482,2000
2.70116652640524,-0.701845769874068,0.42415358054543,4837.6328,5484,2001
2.4973215313819,1.65788123863072,0.459509824455471,4837.6328,5485,2002
2.32705386933067,1.60252968631303,0.427101292322261,4838.26676666667,5487,2002
2.19176094066026,1.44238194515945,0.387646714290225,4838.86736666667,5489,2002
1.99545911034029,1.25186735959022,0.357500883142743,4839.50133333333,5492,2002
-1.68072235480408,3.33316178498547,0.624434393067407,4838.26676666667,5486,2003
-3.83773369188319,3.93474640748195,0.472148754031044,4838.86736666667,5488,2004
-4.0426034035576,3.88568467357566,0.466776354362091,4839.50133333333,5490,2004
2.27083422551002,-0.224412597616594,0.516635785593521,4839.50133333333,5491,2005
-2.26821527930724,2.32900870243795,0.476165841427759,4840.7359,5493,2006
1.20437620361717,0.670156637035502,0.33874451971009,4841.97046666667,5494,2007
-0.362234553391106,-0.838232926564907,0.296973265059169,4842.60443333333,5495,2008
-0.440495909559297,-0.356788640890848,0.3504503795485,4843.839,5496,2009
-0.580426045949927,-0.0810344698564389,0.389362988541419,4844.47296666667,5499,2009
-0.632219380846073,0.318014944524913,0.448777247279631,4845.07356666667,5500,2009
0.455519896170558,0.221276332991358,0.373162817362287,4843.839,5497,2010
0.394840364276868,0.827571351797799,0.364853014267054,4844.4396,5498,2010
0.333081951825657,0.962869500203233,0.396817853126214,4845.07356666667,5501,2010
0.340101113713464,1.22408841435357,0.426368915941968,4845.70753333333,5502,2010
1.80306606892063,3.70638162890309,0.238358818703863,4846.3415,5503,2011
2.16191836195687,3.43708196062405,0.301225362556622,4846.97546666667,5505,2011
2.39340944095037,3.19992508833305,0.318791699876574,4847.57606666667,5506,2011
-2.18506651227728,0.391128251074558,0.345412248757953,4846.9421,5504,2012
4.02228310795987,0.0522135287727618,1.28715227588796,4851.27976666667,5507,2013
-3.63496504324595,-0.747537672177665,0.955250244579502,4853.1483,5508,2014
-3.30365514816481,-0.605918863881907,0.919083914643582,4853.78226666667,5511,2014
-3.1565125929644,-0.605889305573287,0.871285016705098,4854.38286666667,5512,2014
-2.93251463308293,-0.621670325941821,0.818834374579068,4855.01683333333,5514,2014
3.25646977147047,1.91808286647908,0.41406374441246,4853.18166666667,5509,2015
3.08544576677917,1.68848415639508,0.421105480767179,4853.78226666667,5510,2015
2.88016512875558,1.43061338647977,0.419063083084234,4854.38286666667,5513,2015
2.87778668370131,1.42757468225414,0.417883327631813,4854.41623333333,5513,2015
5.23530356699532,-0.0633837041039385,0.908939959125903,4855.01683333333,5515,2016
-0.636655479708407,4.54819288639394,0.441586680903253,4856.88536666667,5516,2017
-2.24028436371215,-1.11384620298977,0.77379743338086,4856.88536666667,5517,2018
-0.736163700044839,3.863117894493,0.407812748715769,4858.11993333333,5518,2019
-0.788008601035885,3.54482413920884,0.426104373341699,4858.7539,5519,2019
-0.690998564057598,3.18549357745558,0.406179792872275,4859.3545,5520,2019
-0.645705734177701,2.93277804350585,0.442357875663001,4859.98846666667,5521,2019
-0.673317117367203,2.75303849280201,0.390522678712868,4860.58906666667,5522,2019
-0.674454053864528,2.75145400329232,0.389754250489988,4860.62243333333,5522,2019
-0.713312531498725,2.58349832851492,0.31274444915149,4861.22303333333,5523,2019
-0.754398370882329,2.32344012002396,0.327945835449315,4861.857,5524,2019
-0.622481662290982,2.05739733697238,0.317629318979994,4862.4576,5525,2019
-0.619680305221389,2.05269511498549,0.317719022070295,4862.49096666667,5525,2019
-0.469574294365075,1.90733794538395,0.3861575289587,4863.09156666667,5526,2019
-0.196145004894164,1.82825901494517,0.429723881606895,4863.72553333333,5527,2019
0.0216941193715481,1.65423463303831,0.455241272328365,4864.32613333333,5528,2019
0.242283291055129,1.45088246773816,0.493122496109414,4864.92673333333,5529,2019
0.244381810308791,1.44904579513303,0.494136854634161,4864.9601,5529,2019
0.510791447917331,1.28994055080558,0.453475735073705,4865.5607,5530,2019
0.668480632600116,1.11394509578776,0.371384317139114,4866.19466666667,5531,2019
0.863811306230861,0.960845516791972,0.382660182494978,4866.82863333333,5532,2019
1.58664130998904,3.63563085049483,0.467974891069948,4868.0632,5533,2020
1.78971552950739,3.42588924923064,0.48826683854692,4868.69716666667,5534,2020
1.97852451410785,3.27823889593243,0.549209798150066,4869.29776666667,5535,2020
2.15569690641935,2.99122842573787,0.548266826008907,4869.93173333333,5536,2020
2.41884885584527,2.76003010970736,0.54821897347324,4870.53233333333,5537,2020
3.46569103365052,-0.261621965633129,0.470569917743366,4874.2694,5538,2021
5.72812173000865,-0.236604749555066,0.685001490663123,4875.50396666667,5539,2022
3.20096900484642,0.454297968407595,0.504135354151812,4876.13793333333,5540,2023
3.0496390263807,0.582632786740365,0.462408466161442,4876.73853333333,5542,2023
2.7944125918059,0.623349607907163,0.424894329435274,4877.3725,5545,2023
3.29505947707178,1.16747759843324,0.653381461973743,4877.3725,5546,2023
2.49081389506462,0.784973461863372,0.468269795860197,4877.9731,5547,2023
2.49130511082088,0.785893263005721,0.468713319322716,4878.00646666667,5547,2023
2.20728582166003,0.908643646663993,0.487334920333544,4878.60706666667,5550,2023
2.98570568986096,1.55759246938461,0.53845492228059,4878.60706666667,5551,2023
2.0473613408601,1.18074783886898,0.435513463680177,4879.24103333333,5555,2023
2.67786505187406,1.64532571612368,0.472024936441708,4879.24103333333,5556,2023
1.97865203154072,1.51181766363036,0.402351872055234,4879.84163333333,5557,2023
2.37491267971739,1.67747645712602,0.333702185436596,4879.84163333333,5558,2023
1.97912315094036,1.51484567292729,0.402475599545654,4879.875,5557,2023
2.37281840406773,1.67829191194967,0.333038200560364,4879.875,5558,2023
1.80665467832103,1.7221597760136,0.45355050256199,4880.4756,5559,2023
2.14918409507159,1.90910996555035,0.421256928119469,4881.0762,5561,2023
1.58723578124931,1.92010648737825,0.47135440618132,4881.10956666667,5562,2023
1.34411802120907,2.12412781343629,0.450185733248786,4881.71016666667,5563,2023
1.08767117562289,2.44914668088134,0.484719483620067,4882.34413333333,5564,2023
0.845267117485359,2.372397939551,0.313556098343094,4882.94473333333,5565,2023
0.62563563062698,2.19883434500327,0.338555714961425,4883.5787,5566,2023
0.405193626117815,1.97511625240326,0.427679078710513,4884.1793,5567,2023
0.401902037574542,1.9711311540456,0.428310317717884,4884.21266666667,5567,2023
0.204016767515874,1.53987863429832,0.464967396189702,4884.81326666667,5568,2023
0.154201573497101,0.961120113624049,0.47990960252467,4885.44723333333,5569,2023
-1.93800787166869,-0.138265120335866,0.519150385352454,4876.73853333333,5541,2024
-1.92064011134506,0.231154411815248,0.575207692344606,4877.3725,5543,2024
-1.9353348053406,0.626965383341494,0.558627130265037,4878.00646666667,5548,2024
-0.54283248805672,0.192633883228132,0.239308463387063,4877.3725,5544,2025
-0.537091807008901,0.429021517089658,0.297178503289475,4878.00646666667,5549,2025
-0.492693942285428,0.621995889825072,0.335524837886937,4878.64043333333,5552,2025
-0.472708686030341,0.830251858724249,0.334373734287143,4879.24103333333,5554,2025
-1.92338020956334,1.45350185825615,0.515834669269921,4879.24103333333,5553,2026
-1.37684782871119,-2.40443133626165,0.706384513106847,4881.0762,5560,2027
-3.16584416041473,2.14184607743174,0.719676673636734,4889.15093333333,5570,2028
-2.95563099480317,1.94156648766738,0.708200760704728,4889.7849,5571,2028
-2.51782273679651,1.83800710374823,0.467930565839041,4891.65343333333,5572,2029
-2.15849023317542,1.84441255761241,0.434234842261521,4892.25403333333,5573,2029
-3.0202222683451,2.16801940028428,0.590625127589329,4892.888,5576,2029
-1.80425342507665,1.83434278425097,0.430921062677217,4892.888,5577,2029
-1.58818551920854,1.8090141444933,0.442855953619189,4893.52196666667,5578,2029
-1.4373678044334,1.81057620574714,0.403616284094147,4894.12256666667,5580,2029
-1.17892702238565,1.8225592878007,0.397284002245191,4894.75653333333,5581,2029
-0.940225970010456,1.80518880669488,0.424352884529704,4895.3905,5584,2029
-0.624362036003245,1.73812860678005,0.475872545180141,4895.9911,5585,2029
-0.779028860880394,1.89890794626765,0.466470198365488,4896.5917,5586,2029
-0.219550549943182,1.49060887017744,0.430184269871528,4897.22566666667,5588,2029
-0.0706071336131634,1.3486490352203,0.372771260675923,4897.82626666667,5590,2029
-0.0696240152321778,1.34602590489064,0.3717171762388,4897.85963333333,5590,2029
0.128617060612814,1.21814266631598,0.330592602401443,4898.46023333333,5593,2029
0.404710519590422,1.11126726580491,0.349716571589922,4899.06083333333,5594,2029
0.583974900242108,0.982024406362239,0.365184250472951,4899.6948,5598,2029
0.799290239546326,0.874501178369692,0.365001192480492,4900.32876666667,5601,2029
0.999474630668727,0.727947304853664,0.367726217515032,4900.92936666667,5603,2029
-3.69854896596561,-1.16682118969613,0.735337964331479,4892.25403333333,5574,2030
4.16916549004392,1.57516110742779,0.378660914942752,4892.888,5575,2031
4.1691192003332,1.57517315607451,0.37942357526252,4894.12256666667,5579,2032
-2.75372217676213,1.50451333616452,0.406411415280887,4895.35713333333,5582,2033
-3.23385415475269,-0.664197301344138,0.593513962099515,4895.35713333333,5583,2034
-3.89559699904607,-0.746037271177976,0.362763421160633,4896.5917,5587,2035
-2.29373889146036,-0.352809036124113,0.680612834662639,4897.82626666667,5589,2036
-2.03628000566953,-0.292496235262789,0.793967890702717,4898.46023333333,5592,2036
4.16939730862144,1.57516374464108,0.379411493002092,4898.46023333333,5591,2037
4.16912610855479,1.5751714442323,0.379314606728847,4899.0942,5595,2037
4.16920132628098,1.57515065791914,0.37800742926757,4899.6948,5596,2037
4.16912610855479,1.5751714442323,0.379314606728847,4900.32876666667,5599,2037
-1.50413767843859,-0.0932209514457959,0.792943136041239,4899.6948,5597,2038
-1.38357098166174,-0.0761075594303917,0.743599485039629,4900.32876666667,5600,2038
-1.24987282779705,0.0967424493751746,0.75502885362414,4900.92936666667,5602,2038
-1.0038020492003,0.380094251519282,0.774691958230947,4901.56333333333,5605,2038
-0.68170867360742,0.544685302211193,0.764977863053291,4902.1973,5608,2038
-0.392811766165069,0.660165125016163,0.740519220095433,4902.7979,5610,2038
-0.0171357642183115,0.758826521583562,0.666310709725285,4903.43186666667,5612,2038
0.36260081538133,1.00644555319102,0.636580961059614,4904.03246666667,5614,2038
4.16933808150854,1.5751847555361,0.38071760176642,4901.56333333333,5604,2039
4.17358567118683,1.57631829731025,0.378775687596396,4902.1973,5606,2039
4.16916549004392,1.57516110742779,0.378660914942752,4902.7979,5609,2039
4.16308836514577,1.57663261165219,0.37903451858986,4903.43186666667,5611,2039
-0.933876118761133,2.11052004670307,0.307728063241818,4902.1973,5607,2040
-0.448957018742744,2.19561221120577,0.297984065984684,4904.03246666667,5613,2041
1.02937695496592,1.49491006406219,0.698676410192262,4905.26703333333,5615,2042
1.37109095065703,1.67269553948816,0.732405713966757,4905.901,5616,2042
5.79394633438209,5.37762001842351,1.38829739193754,4912.07383333333,5617,2043
5.54996014064028,5.1085240875267,1.2204710071083,4912.7078,5618,2043
5.36313670451894,4.72926452265079,1.04038896601819,4913.3084,5619,2043
5.15567965830907,4.34509700178009,0.819603677088484,4913.94236666667,5620,2043
4.92370336381154,4.17449566471128,0.649097477397999,4914.54296666667,5621,2043
3.33564166479363,-0.307648988359067,0.693751283163607,4915.77753333333,5622,2044
3.08569726266862,-0.232020660191137,0.702549678921234,4916.4115,5624,2044
2.82162802368435,-0.0882404059588727,0.583363347323535,4917.04546666667,5625,2044
4.05205525131115,3.94087328418224,0.450950904365498,4916.4115,5623,2045
-1.81774913522198,0.876141743565886,0.199178589537941,4917.64606666667,5626,2046
-3.56185706490675,1.11333092595299,0.57066245871183,4923.2183,5627,2047
-2.98289895150808,1.50058778002633,0.530186603219792,4925.08683333333,5628,2048
-2.71294264636044,1.79304080013968,0.451438132917764,4925.68743333333,5629,2048
1.64129613095118,3.68235793635458,0.364223610929146,4927.55596666667,5630,2049
1.53553650874157,3.54435338833313,0.331641846453497,4928.18993333333,5631,2049
1.33565896958776,3.3096509813249,0.239801580288507,4929.4245,5632,2050
4.02171642771126,1.4808957107683,0.428053440427357,4931.29303333333,5633,2051
4.03280212871579,1.31791127447411,0.382411123889263,4933.16156666667,5634,2052
0.495817642069447,3.38063372307097,0.329820568954173,4935.0301,5635,2053
3.86193704167003,1.25833660953246,0.377142834180317,4935.0301,5636,2054
3.81198298108849,1.26718403126557,0.36955848114589,4935.6307,5637,2054
2.49694127427477,3.6059080421416,0.210017405326648,4936.26466666667,5638,2055
3.68928561290642,1.47281452533514,0.347687048045605,4936.89863333333,5639,2056
3.55941760494565,1.57223867422552,0.338022907755294,4937.49923333333,5640,2056
3.41270017195084,1.69347174933611,0.371664801677,4938.1332,5642,2056
3.21457733389083,1.80183017390407,0.392859331835945,4938.76716666667,5643,2056
3.04218998497109,1.85684337096382,0.35612858784663,4939.36776666667,5644,2056
2.93656518300341,1.87845622112896,0.330154976354446,4939.96836666667,5646,2056
2.93489766479646,1.88006364785996,0.32980226101044,4940.00173333333,5646,2056
2.81850355253818,1.83992083483286,0.343795693127047,4940.60233333333,5648,2056
2.65599747786935,1.81643119623735,0.350646862899723,4941.2363,5650,2056
2.46331355401977,1.71463203317381,0.384887497296118,4941.8369,5652,2056
2.29485108175884,1.66480890267045,0.403992491450813,4942.47086666667,5653,2056
2.12392550142479,1.61454191282016,0.38570120758565,4943.10483333333,5654,2056
1.91968063365016,1.5698877674454,0.402637314052033,4943.70543333333,5655,2056
1.91741998799215,1.56904572167339,0.402981280391955,4943.7388,5655,2056
1.73744040552882,1.49955379485528,0.430540665243075,4944.3394,5657,2056
1.61804970644095,1.43757549979936,0.376328728476843,4944.94,5658,2056
1.61712670365954,1.43702431555939,0.375686136182619,4944.97336666667,5658,2056
1.56289526161908,1.42106077331526,0.297795769447253,4945.57396666667,5660,2056
1.54024927957755,1.37797739587277,0.259850652771103,4946.20793333333,5661,2056
1.51270132649808,1.34475684953741,0.244847041540703,4946.80853333333,5662,2056
1.51218774936421,1.3447964479848,0.245076859975121,4946.8419,5662,2056
1.44357064388245,1.37313694811133,0.277935110322891,4947.4425,5663,2056
1.32563736241672,1.39118775487027,0.332569081252806,4948.0431,5664,2056
1.32470447836417,1.39233931809078,0.333676020676814,4948.07646666667,5664,2056
1.31826806821011,1.47967999901114,0.364720771090608,4948.67706666667,5666,2056
1.28360398269749,1.59293738887406,0.396804900190169,4949.31103333333,5667,2056
1.1442600798207,1.62998094961861,0.430266151000722,4949.91163333333,5668,2056
1.141694131514,1.62970857483441,0.430934630438657,4949.945,5668,2056
0.947380695542691,1.56837569157603,0.444805679397234,4950.5456,5669,2056
0.79838102826952,1.50544992509926,0.446376978316095,4951.17956666667,5670,2056
0.68516972889317,1.41468094848653,0.416496586893833,4951.78016666667,5671,2056
2.26992734858154,3.16155855448456,0.32613135253071,4937.49923333333,5641,2057
1.68560788539736,3.01697569225123,0.428552722076071,4939.36776666667,5645,2058
1.46139198911091,2.9510268845325,0.407257215230091,4939.96836666667,5647,2058
1.21539295522756,2.85174185828562,0.364542637910536,4940.60233333333,5649,2058
1.05677692414042,2.81206463044821,0.289163889574972,4941.2363,5651,2058
0.0952962976553487,4.12105045541765,0.536626657135478,4944.3394,5656,2059
-0.151590580943663,3.97229371953912,0.465117514586482,4944.97336666667,5659,2059
2.38967242813592,2.02030871468128,0.411439195842091,4948.07646666667,5665,2060
3.57699664656044,1.6651212596732,0.397041612180324,4958.01973333333,5672,2061
3.29205119844662,1.71506017693991,0.392733039945799,4958.6537,5675,2061
3.11325812330511,1.70415850797126,0.391939148148406,4959.2543,5676,2061
3.04030553509645,0.580036402199478,0.380493538766998,4958.01973333333,5673,2062
17.3315090886287,-3.45942589674481,9.16431980310563,4958.4535,5674,2063
8.010014696799,0.169098538641632,-0.13773973769507,4959.88826666667,5677,2064
1.85624600838545,1.2095773292228,0.486197979894429,4959.88826666667,5678,2065
2.30540745768814,0.491828554942814,0.395999489298012,4960.52223333333,5681,2065
2.06155778503627,0.505925471223979,0.363968689411387,4961.12283333333,5682,2065
1.71450282396224,0.576712032027357,0.319229573621463,4961.7568,5686,2065
1.40397369296566,0.672425208590768,0.293621943327896,4962.39076666667,5690,2065
1.11978533806342,0.813554201969782,0.302428261740202,4962.99136666667,5692,2065
0.815116802611087,0.89751479279864,0.3206538359544,4963.62533333333,5695,2065
0.615792593168189,1.033633590729,0.365720320777115,4964.22593333333,5697,2065
0.424340274024103,1.15802477896348,0.395956837707804,4964.8599,5701,2065
2.77206087328907,1.76469795408741,0.345530672978038,4960.48886666667,5679,2066
2.68189234335327,1.78524646400606,0.30134275586527,4961.12283333333,5683,2066
2.55940740912185,1.74693493918339,0.366141947348244,4961.7568,5687,2066
2.30935129541731,1.69217559042583,0.426208333747789,4962.3574,5688,2066
2.17372584333477,1.65510674131165,0.420578768022808,4962.99136666667,5693,2066
1.99183837135985,1.65524894197058,0.42242233664664,4963.62533333333,5696,2066
1.71662430703597,1.73479867593831,0.435217433123307,4964.22593333333,5698,2066
1.71314353258416,1.73421799168226,0.435820732359766,4964.2593,5698,2066
3.43136517388706,3.38531330670323,0.369912020592534,4960.52223333333,5680,2067
3.03521124942461,3.56201027877594,0.366646631302433,4961.1562,5684,2067
2.67413242433119,3.57569790916405,0.360420983476909,4961.7568,5685,2067
2.34148599446443,3.57409436775051,0.335378575232957,4962.39076666667,5689,2067
2.00323178750577,3.63019319665576,0.346443985359887,4962.99136666667,5691,2067
1.74056400038476,3.71956437872704,0.396889372833778,4963.62533333333,5694,2067
1.49798937191914,3.65969888184548,0.445459364105445,4964.2593,5699,2067
4.09080321688149,2.21964101437952,0.307355761491394,4964.8599,5700,2068
3.85298735039694,2.04829457589097,0.308507747047983,4965.49386666667,5702,2068
3.43568262297271,1.79476120552313,0.328382793044449,4966.72843333333,5703,2069
3.08856934206781,1.67539997066502,0.339562270971902,4967.963,5704,2070
2.82197235981502,1.48500993033637,0.353967771317176,4968.5636,5705,2070
2.24127966775419,1.4225334661725,0.401472107316151,4969.19756666667,5707,2070
4.02855573491528,1.63415612553224,0.200264245845558,4969.19756666667,5706,2071
4.04085716393136,4.84231402728886,8.63579932272344,4970.3654,5708,2072
9.27195626472173,0.406376666573047,-0.431752799064021,4971.0661,5709,2073
1.86938812412395,0.370298628623991,0.47142154320233,4971.0661,5710,2074
2.38471622595267,2.01871314393595,0.410336410534083,4974.1692,5711,2075
2.38517721136609,2.01896692226492,0.409403859669253,4974.80316666667,5712,2075
2.32837914353375,1.90154508664692,0.472460618863227,4976.00436666667,5713,2076
2.32750174735424,1.89995405396139,0.472311228156659,4976.03773333333,5713,2076
2.19019157376262,1.72376389381468,0.515214065809915,4976.63833333333,5714,2076
1.99411013037213,1.58583131078084,0.492320624184587,4977.2723,5715,2076
1.82806383832188,1.39997844176228,0.426065099344093,4977.8729,5716,2076
1.65760407103386,1.33490768100401,0.350407574431352,4978.50686666667,5717,2076
1.44484923494461,1.29670132921538,0.301162933302801,4979.14083333333,5718,2076
1.27219084708241,1.21132735656723,0.309065733905486,4979.74143333333,5719,2076
1.01544140628378,1.08793574501978,0.347593514676576,4980.3754,5720,2076
0.59897994178269,0.946022456192174,0.31224285613332,4981.60996666667,5721,2077
0.402954802850802,1.02883985427478,0.350340834476566,4982.21056666667,5722,2077
0.134239365398951,1.20284661960588,0.372565472881607,4982.84453333333,5723,2077
-0.125713283212522,1.36803642833657,0.371813540111009,4983.4785,5724,2077
-0.254312811262269,1.74351394699917,0.362002610815883,4984.74643333333,5725,2078
-0.833933077207025,0.126318784409647,0.342670992894414,5000.26193333333,5726,2079
-0.409650697145161,-1.81498083539394,0.361311082562076,5000.26193333333,5727,2080
-0.37273991292314,-1.64271858443304,0.405906421975078,5000.8959,5728,2080
-0.333413004707013,-1.44005922894281,0.405883785170782,5001.4965,5730,2080
-0.283718607250648,-1.2507108176751,0.373349505914266,5002.13046666667,5731,2080
-0.131839114798508,-1.06687911386688,0.355081631382602,5002.73106666667,5733,2080
-0.435171826251121,0.296152631879454,0.244755860085571,5001.4965,5729,2081
0.0459222751616876,3.61546914278067,0.387679707725594,5002.73106666667,5732,2082
-0.27944702548914,3.35432444500325,0.397388959836968,5003.36503333333,5734,2082
0.498438460186418,4.36906614306582,0.71543411821857,5003.999,5735,2083
0.438520518015179,3.64338110732119,0.508510572266943,5005.23356666667,5736,2084
0.453186435136839,0.683459132744142,0.429099656847544,5005.23356666667,5737,2085
-0.0256186142410865,2.96074066132559,0.400430951842845,5006.46813333333,5738,2086
-0.330359237410867,2.63902418825462,0.345553711248882,5007.1021,5740,2086
0.509311389310029,0.671919389710421,0.400062080673069,5006.46813333333,5739,2087
0.605086337053854,0.67116313233058,0.359554076841158,5007.1021,5741,2087
0.983846176776194,0.328508695652573,0.279619267568233,5008.33666666667,5742,2088
1.9220628040196,-0.54279785865873,0.376328250476773,5008.97063333333,5743,2089
1.43096066803951,0.109053816969924,0.223870669110341,5009.57123333333,5744,2089
2.08098938191081,-0.22938803464512,0.396964874630646,5010.2052,5745,2089
2.49306096264254,0.00198603352880666,0.41276119716386,5012.07373333333,5746,2090
3.45241014203578,3.76241746747739,0.340506898750954,5023.28493333333,5747,2091
-2.0484803290605,1.78177909976968,0.374063373732477,5024.48613333333,5748,2092
-1.83939534390782,1.69949699351639,0.433809970936119,5025.1201,5750,2092
-1.68532288003595,1.53132887461722,0.41260044727671,5025.75406666667,5751,2092
2.37483803455665,3.86197030978352,0.447087195663926,5025.1201,5749,2093
-1.28487413131956,1.41608232410773,0.373778383079518,5026.98863333333,5752,2094
-1.20720614300576,1.27549596324874,0.474047627711694,5027.6226,5753,2094
-0.851970145079724,1.38371126641261,0.355758973545525,5028.2232,5754,2094
-0.581623878760819,1.43581129899045,0.34541269101671,5028.85716666667,5756,2094
-0.295689961504161,1.37504551462832,0.413949311156137,5029.45776666667,5757,2094
-0.291760308234571,1.37447073747884,0.415289478178659,5029.49113333333,5757,2094
0.133031026866223,1.33082606517323,0.470255574463542,5030.09173333333,5761,2094
2.42601403004901,4.60385185768588,0.586903062206097,5028.85716666667,5755,2095
2.11088279721259,4.2058470319343,0.471890427936419,5029.49113333333,5758,2095
2.02600650392226,3.79544858004268,0.441657288855295,5030.09173333333,5760,2095
1.97314624155753,3.34228393315745,0.475476416462156,5030.7257,5762,2095
1.91290235686505,2.86222877672963,0.527562296928638,5031.3263,5764,2095
1.91036870320241,2.85665670998062,0.528437212218174,5031.35966666667,5764,2095
1.8376818994961,2.433281312249,0.483878916413011,5031.96026666667,5767,2095
1.82976561565716,2.07916109527282,0.482786894151271,5032.59423333333,5770,2095
1.82400708786877,1.67993460578823,0.475119209115062,5033.19483333333,5773,2095
-3.87649875489207,2.35207067051492,0.681580459978431,5029.49113333333,5759,2096
-3.35032220683245,1.92449994699708,0.660796452914719,5030.7257,5763,2097
-3.01958328662736,1.7946636141723,0.572931595535279,5031.3263,5765,2097
-2.75291194027523,1.59019956239119,0.514869015600826,5031.96026666667,5768,2097
-2.47258059011598,1.3164326143747,0.521777174591343,5032.59423333333,5771,2097
-2.106522207764,0.959188224534051,0.533313547362754,5033.19483333333,5772,2097
-1.63224262316785,0.707051672657031,0.536480918935322,5033.8288,5774,2097
0.795482478210217,1.15557530948684,0.434561919459336,5031.3263,5766,2098
0.990226013478431,0.969078882719967,0.350816315881661,5031.96026666667,5769,2098
2.96655840148258,-0.10732837814202,0.478107918239639,5037.56586666667,5775,2099
3.08771644254391,0.0135058604502807,0.571274365616852,5038.19983333333,5776,2099
3.05738381533955,0.219022764875435,0.576888589807144,5038.80043333333,5777,2099
3.03019694807428,0.53115663484433,0.57656343760463,5039.4344,5778,2099
2.9262817810057,0.721905897860487,0.545797875895155,5040.035,5779,2099
2.77586731656483,0.848498589309406,0.481224661768791,5040.66896666667,5780,2099
2.68113467552161,1.01040996944181,0.410753570594827,5041.30293333333,5781,2099
2.66983915915784,1.25381202080175,0.427710310819508,5041.90353333333,5782,2099
2.61607776634125,1.40668949145553,0.366051055216537,5042.5375,5783,2099
3.18657618220129,-1.55485727165178,0.382794693789711,5046.27456666667,5784,2100
2.77509905195466,-0.929212833387602,0.445517944689076,5047.50913333333,5785,2101
2.56787515027366,-0.235311075544086,0.480217457046928,5048.7437,5786,2102
2.64501746765931,0.0290760720373979,0.546700346340792,5049.37766666667,5787,2102
3.17478509222058,0.888199937455207,0.366895929430435,5049.37766666667,5788,2102
3.05148342626095,0.869855907700634,0.322972295575571,5049.97826666667,5789,2102
2.93738897775548,0.838720665349981,0.29041492638343,5050.61223333333,5790,2102
3.38459971756561,0.324209650821628,0.518737909741993,5051.2462,5791,2102
2.7705045496244,0.841479024411077,0.28689118318304,5051.2462,5792,2102
2.84523529261532,0.939909845397271,0.382506358121523,5051.8468,5793,2102
3.50050572679451,0.531183584969615,0.525087926630626,5051.88016666667,5794,2102
2.53019390982089,0.960993958340823,0.266128167478956,5052.48076666667,5795,2102
3.56494340587963,0.769982498184462,0.628210507315732,5052.48076666667,5796,2102
2.46006699361158,1.17090513859453,0.259034914083356,5053.11473333333,5797,2102
2.44609106868678,1.46241874935937,0.264137393637644,5054.3493,5798,2103
1.47147458874768,2.89449450550859,0.256008361869319,5062.4574,5799,2104
1.23669783411028,2.71438470519786,0.327436722020697,5063.09136666667,5800,2104
0.859938123323909,2.35758260067352,0.470449038528831,5064.32593333333,5801,2105
0.808669676271922,2.34971196129468,0.42699888221279,5064.9599,5802,2105
0.650148157655643,2.78328257577426,0.313968333807157,5065.5605,5803,2105
0.235266529172293,3.26197892685545,0.304294517030763,5066.19446666667,5804,2105
-0.246879366216412,3.19380911596613,0.026623384810617,5066.79506666667,5805,2105
7.5079047309042,2.7205346632124,7.56697630130528,5075.23683333333,5806,2106
7.50705269880628,2.72205047026877,7.56959736864544,5075.2702,5806,2106
7.49888487016543,2.72168466878059,7.5649180033976,5075.30356666667,5806,2106
7.49770482880632,2.72255395865678,7.57003767687382,5075.33693333333,5806,2106
5.56246042284722,-2.85180021327652,8.13878833078817,5075.30356666667,5807,2107
5.27203704510729,-0.631396524660958,0.673976640085435,5076.13773333333,5808,2108
4.14833500103174,2.45943534811264,0.238862909890708,5076.7717,5809,2109
2.59224153372009,2.00292471943327,0.350506692429982,5079.8748,5810,2110
2.53778959083462,1.95280449070248,0.265962721354762,5080.50876666667,5811,2110
2.3542809694833,2.15715219924719,0.312113085995046,5081.74333333333,5812,2111
-2.71240306582538,4.13081130175025,0.560970152038734,5081.74333333333,5813,2112
-2.42072125708921,3.81103036446021,0.423582547387011,5083.61186666667,5814,2113
-2.30203806777929,2.41452563914856,0.447775176500696,5087.34893333333,5815,2114
6.85734226245809,1.59735913332013,0.536292499401141,5105.43366666667,5816,2115
3.78833541057617,3.56658828200907,0.293782020970239,5106.03426666667,5817,2116
3.96329255717516,0.0656989091128015,0.476595532606988,5106.06763333333,5818,2117
3.86160832825486,0.252470932188623,0.47690145748813,5106.66823333333,5819,2117
3.71158869270554,0.31665651556279,0.489446303067974,5107.3022,5820,2117
3.47287762018331,0.499537640591593,0.477715281792552,5107.9028,5822,2117
3.28919485842651,0.659410376902135,0.487856954683753,5108.5034,5823,2117
3.28342660247618,0.661487359879422,0.489637071671153,5108.53676666667,5823,2117
3.04113126351018,0.782629776579655,0.461178336908839,5109.13736666667,5826,2117
2.77514821397964,0.919039775722701,0.400872799612545,5109.77133333333,5829,2117
2.58258542461859,1.12984379356716,0.372037945508595,5110.4053,5831,2117
2.30098722603292,1.19760829519041,0.388838452721305,5111.0059,5832,2117
1.84969496744548,1.19563071261987,0.382908238501739,5111.63986666667,5834,2117
1.40526712909989,1.29655299599729,0.355796142863468,5112.24046666667,5836,2117
1.00577067522327,1.4759414822606,0.346407553796656,5112.87443333333,5838,2117
0.565624583024092,1.55479890971227,0.378666416577351,5113.47503333333,5839,2117
0.14634429697274,1.51465059908615,0.401917636375333,5114.109,5842,2117
3.31090585919167,2.8208753399995,0.241729812470734,5107.9028,5821,2118
3.11902537546429,2.65678815060865,0.240621166327014,5108.53676666667,5824,2118
3.02033408460338,2.57294945272853,0.293513915996711,5109.13736666667,5825,2118
2.85784768121933,2.51664801007188,0.298303340619694,5109.77133333333,5827,2118
2.65412074554855,2.49853392189329,0.272677821548809,5110.4053,5830,2118
0.129063800671883,3.82642519331973,0.377176065970687,5109.77133333333,5828,2119
2.2470463019786,2.44016773560518,0.325129860580403,5111.63986666667,5833,2120
2.06771105073486,2.44539821321629,0.401608394241052,5112.24046666667,5835,2120
1.88701087784921,2.42260247986602,0.401174794349976,5112.87443333333,5837,2120
1.67294860810598,2.40400526794914,0.373900973804218,5113.5084,5840,2120
1.46626448421364,2.45069606493435,0.345029850473923,5114.109,5841,2120
1.23389695637688,2.52348961159621,0.306619142966201,5114.74296666667,5843,2120
1.00759550844847,2.62941299247469,0.300961330870712,5115.34356666667,5844,2120
0.715603659546536,2.72610080193494,0.433598839769322,5115.97753333333,5845,2120
0.159898043228711,2.49807402240904,0.37667355584497,5117.2121,5846,2121
-1.86574751936538,6.1651254984754,-0.0835203893865947,5117.84606666667,5847,2122
-6.87990671308058,8.35287852067842,-0.29156017447526,5119.08063333333,5848,2123
-0.630070640504183,3.05785475788754,0.446157415200306,5120.3152,5849,2124
-0.481145315459841,2.78728037567357,0.433462374561891,5120.94916666667,5851,2124
-0.373152769058024,2.58508332013378,0.389302126552652,5121.58313333333,5852,2124
-0.298111711820404,2.37019166632771,0.321032915453987,5122.18373333333,5853,2124
-0.258623832173354,2.1574596396606,0.334933055666514,5122.8177,5854,2124
-0.180634255111447,1.8993889165128,0.383695391767842,5123.4183,5855,2124
-0.178457297743162,1.89597123829414,0.384109663701889,5123.45166666667,5855,2124
-0.0307297372076379,1.71476034886844,0.360843644382868,5124.05226666667,5856,2124
0.212017433013606,1.67092962971344,0.372550150330965,5124.65286666667,5857,2124
0.442401681179661,1.4845777865852,0.427507160634234,5125.28683333333,5858,2124
0.573771546343902,1.37297101395635,0.381670643189337,5125.88743333333,5859,2124
0.575473529096269,1.37157421448332,0.380868553803036,5125.9208,5859,2124
0.733636119092447,1.20320949243533,0.348148876231824,5126.5214,5860,2124
5.07353372109634,5.88139476033775,0.322710678444784,5120.94916666667,5850,2125
2.01993451411255,5.33493599707762,0.248679638594824,5127.15536666667,5861,2126
1.90302234416099,5.02510930964456,0.32446086593007,5127.75596666667,5863,2126
1.90453801264986,5.02931866450406,0.32488801382751,5127.78933333333,5863,2126
4.20959826315156,6.50033139127224,5.5877118441964,5127.4223,5862,2127
4.21893993647668,6.51655714697381,5.60171424867204,5127.45566666667,5862,2127
0.52755172022171,4.11526137240875,0.405487733674075,5130.89243333333,5864,2128
0.137195017763169,3.86664992148956,0.45912671130945,5131.49303333333,5866,2128
-0.341835893859054,3.57283567968784,0.557685794174445,5132.127,5868,2128
-0.861804621212462,3.32419492788068,0.716003432792499,5132.7276,5870,2128
4.12201354933636,-0.0362646317276787,0.527397311008583,5130.89243333333,5865,2129
3.90983504509548,0.0868712602022808,0.506763654425673,5131.49303333333,5867,2129
3.74332088434447,0.348016565219274,0.493065682172515,5132.127,5869,2129
3.64293491732491,1.4153358346369,0.427714304084531,5137.09863333333,5871,2130
3.47281995619969,1.670519345033,0.472475043050789,5137.7326,5872,2130
3.22981181436714,2.01289229568343,0.468363602586621,5138.36656666667,5873,2130
2.82834192049995,2.33896476905692,0.44655135047747,5138.96716666667,5875,2130
2.41545275491383,2.65082128729749,0.438434528362243,5139.60113333333,5877,2130
2.05459275704133,2.96924732649143,0.408895797690512,5140.2351,5879,2130
1.61561951600037,3.17603689185915,0.416504286678605,5140.8357,5881,2130
-3.54034052762354,2.27149944583688,0.584593989814797,5138.36656666667,5874,2131
-3.18870616273031,2.06057724961622,0.560730101513544,5138.96716666667,5876,2131
-2.92361430898748,1.90575768527713,0.521916923289939,5139.60113333333,5878,2131
-2.55794720719199,1.71321309019463,0.479384347626648,5140.2351,5880,2131
-2.15618842820014,1.61425674620308,0.503442055939223,5140.8357,5882,2131
-1.75935262971381,1.5664417166226,0.526351490773914,5141.46966666667,5883,2131
-1.48135772391758,1.55209164481879,0.562933468364985,5142.07026666667,5884,2131
-1.47731714324655,1.55271543316572,0.562577673043736,5142.10363333333,5884,2131
-1.1640422009132,1.52890425763195,0.458470262624408,5142.70423333333,5885,2131
-0.825544940154826,1.5032914176789,0.418017388586326,5143.3382,5886,2131
-0.413152050617367,1.46399938465222,0.38468138893848,5143.9388,5887,2131
-0.406503234167216,1.46382002984738,0.385015222318874,5143.97216666667,5887,2131
0.0366335133603712,1.38690827338328,0.374136115633947,5144.57276666667,5888,2131
-2.75853175233034,1.8609442194672,0.425777721833655,5147.67586666667,5889,2132
-2.5917546924435,1.82818604405518,0.367866330267969,5148.30983333333,5890,2132
1.23430242853591,-0.212404956969193,0.239931924333623,5161.38956666667,5891,2133
1.31112262705752,0.129048559010722,0.286971460869053,5162.02353333333,5892,2133
1.22875195002641,0.809478315362895,0.295093067939843,5163.2581,5893,2134
1.13296082398225,1.12740877276916,0.29355304281079,5163.89206666667,5895,2134
-1.94001117872267,0.332309145652661,0.330772418906152,5163.89206666667,5894,2135
2.47400345816229,-0.809544267414137,0.37366679825239,5163.89206666667,5896,2136
-0.829474771732312,4.2083682489839,0.365804418170421,5173.20136666667,5897,2137
-0.115603818758166,3.71402795300164,0.328468153907001,5175.0699,5898,2138
0.142584417365467,3.63055882540802,0.344488741730621,5175.70386666667,5899,2138
0.270364313697534,3.46200604199613,0.383918296585191,5176.33783333333,5901,2138
0.346423090329255,3.33863099043183,0.356971148557204,5176.93843333333,5902,2138
-2.51580877913713,1.62084733717101,0.482053207409826,5175.70386666667,5900,2139
0.714285524236116,3.31059527712952,0.28330025776798,5178.173,5903,2140
1.46500078258629,3.06120427378091,0.302460128497931,5180.04153333333,5904,2141
1.69459720241221,2.90541134835075,0.284785371305493,5180.6755,5905,2141
-1.89847908218422,4.93569792563484,0.550497632916052,5186.8817,5906,2142
-2.02316404687048,4.44358615111356,0.578419122742819,5188.11626666667,5907,2143
-2.19909933910378,3.6480103455903,0.609063919006436,5189.9848,5908,2144
3.82928260214541,0.0668451223654719,0.322888496033148,5189.9848,5909,2145
-7.55741799478734,4.82565041460068,0.388499611413402,5191.21936666667,5910,2146
3.16698602140203,0.717705778088125,0.304923097540032,5193.0879,5911,2147
-2.27495586800526,2.35344875183678,0.55737673325142,5194.95643333333,5912,2148
-3.06082913362501,2.06399699725846,0.493428653146778,5196.191,5913,2149
-2.66603029003322,1.51822211590536,0.481535309348339,5197.42556666667,5914,2150
-2.44682908447522,1.49348869508368,0.448135747249641,5198.05953333333,5915,2150
-2.15339334764075,1.53785263384568,0.438281200981273,5198.6935,5916,2150
-1.95539071434092,1.49840104448422,0.469666973639612,5199.2941,5917,2150
-1.703333892292,1.46261120447041,0.449861454610571,5199.92806666667,5919,2150
-1.57844105834968,1.34346630603236,0.380609799259238,5200.52866666667,5920,2150
-1.49717674791131,1.17299381834075,0.393656737792732,5201.16263333333,5922,2150
3.23799960846386,4.38471025407287,0.291277393881118,5199.92806666667,5918,2151
2.7986207875267,3.97933146659544,0.270015592287739,5201.16263333333,5921,2152
2.57756475593357,3.73646690504891,0.286359578557272,5201.7966,5924,2152
2.44202471936813,3.43606292448704,0.303184059363043,5202.3972,5926,2152
2.40373147429022,3.16360839712554,0.316932283883327,5203.03116666667,5928,2152
2.29180363761852,2.89745444030156,0.325398661300972,5203.66513333333,5931,2152
2.18978445298534,2.60280524534593,0.338687333320398,5204.26573333333,5932,2152
2.13066272247451,2.33640708461798,0.351285898180154,5204.8997,5935,2152
-1.39026678240377,0.134212764623401,0.500823190147785,5201.16263333333,5923,2153
-1.2162433484023,0.0180844119449541,0.470162261426071,5201.7966,5925,2153
-0.975671328534489,-0.0306131742492193,0.497750600308683,5202.3972,5927,2153
-0.714525011189066,-0.0802951130064882,0.492741510707622,5203.03116666667,5929,2153
-0.667068618965571,0.611155370898641,0.346580093829863,5203.63176666667,5930,2153
-0.664147840022567,0.610039067150256,0.346296133686387,5203.66513333333,5930,2153
-0.401814611252937,0.584291014467998,0.365743104846881,5204.26573333333,5933,2153
-0.179783695241502,0.623890187281869,0.362061269273502,5204.86633333333,5934,2153
0.0634066887694559,0.684899412187161,0.380037447518826,5205.5003,5937,2153
0.339730396510443,0.816253029645153,0.383319179010991,5206.13426666667,5938,2153
0.52520447249369,0.840974774947108,0.388584450220163,5206.76823333333,5939,2153
0.722801295440348,0.889274886185254,0.367525145770389,5207.36883333333,5940,2153
0.744896126005025,0.728762642339471,0.459906259210023,5207.4022,5940,2153
0.90761314513397,0.894185941078595,0.403340312221632,5208.0028,5941,2153
-2.96227000369358,-4.29723304970951,-0.330965941905147,5204.8997,5936,2154
-2.19301230597025,2.20340594661056,0.322938765118098,5217.94606666667,5942,2155
-1.65997542073315,2.04656705121947,0.311189539567096,5219.8146,5943,2156
-1.43081565252772,2.08661212974917,0.296109007890578,5220.44856666667,5944,2156
-1.1746087281555,1.99827141663028,0.295744072004482,5221.08253333333,5946,2156
-0.910734807639851,1.86147199325868,0.320645350746774,5221.68313333333,5947,2156
-0.621376102840257,1.81518262822859,0.369404414588145,5222.28373333333,5949,2156
-0.615914510939807,1.81382429401735,0.370181862972413,5222.3171,5949,2156
-0.284610782299175,1.78669941583297,0.405280737085243,5222.9177,5950,2156
0.150518491002333,1.75281074832042,0.386151659980377,5223.55166666667,5952,2156
0.57693502589602,1.73234520061375,0.393817229232498,5224.15226666667,5953,2156
0.898331934540958,1.72631669650791,0.39575521698281,5224.78623333333,5955,2156
1.2079412268952,1.6489552591785,0.405952082478911,5225.38683333333,5958,2156
1.32343239673945,-2.0947372646492,0.430332757311637,5221.04916666667,5945,2157
1.43250219098506,-1.90173952030514,0.487815408204538,5221.68313333333,5948,2157
1.80418768971519,-1.56382157195846,0.5431556379137,5222.9177,5951,2158
2.20936960870194,-1.05403260709947,0.532325431846645,5224.15226666667,5954,2159
2.26369760901038,-0.707153359461609,0.510738001547774,5224.78623333333,5956,2159
2.24780441378546,-0.431762632871007,0.511969027640882,5225.38683333333,5957,2159
2.18314119979297,-0.13912169080672,0.523348967650458,5226.0208,5959,2159
1.87820230715886,0.0793520047750159,0.546058684321509,5226.65476666667,5960,2159
1.40938380840317,0.330809358967873,0.535945505710173,5227.25536666667,5961,2159
1.03088405307474,0.652193287698829,0.468063217243746,5227.88933333333,5962,2159
0.418810019135097,1.39212949550745,0.442056120029298,5229.1239,5963,2160
-2.57064994536462,1.94994284048679,0.457643902640115,5232.86096666667,5964,2161
1.41760001237704,4.01476133332119,0.269511448818521,5233.49493333333,5965,2162
1.44494607442816,3.78674562003125,0.274563931922582,5234.09553333333,5966,2162
1.39264900661047,3.51029658177247,0.295527670967077,5234.7295,5968,2162
1.36516117107149,3.16024297453499,0.305796250375446,5235.3301,5970,2162
1.35972345993567,3.14850509967176,0.308796670172636,5235.36346666667,5970,2162
1.34612826228665,2.82681034814774,0.327318126250313,5235.96406666667,5972,2162
1.28474485729077,2.60630305346035,0.363205536260605,5236.59803333333,5974,2162
1.32111385314229,2.38708505529984,0.410372664865006,5237.19863333333,5976,2162
-1.91270532526743,1.87771359444628,0.449452808034873,5234.09553333333,5967,2163
-1.62650803730545,1.80183288968551,0.386196838108892,5234.7295,5969,2163
-1.39004898867748,1.67418492903323,0.420342085520989,5235.36346666667,5971,2163
-1.00244303918864,1.56994039272523,0.369422788597365,5235.96406666667,5973,2163
-0.73228460577003,1.45789213820701,0.30683420589539,5236.59803333333,5975,2163
0.127929234885399,1.25276688053149,0.292369085821787,5237.8326,5977,2164
0.729508518562135,1.10416372965199,0.398495520123699,5238.46656666667,5978,2164
1.06867930544064,0.989512888989108,0.289362622784654,5239.06716666667,5979,2164
1.72835535719064,1.73210035676408,0.41171591372913,5242.80423333333,5980,2165
1.90733760361442,1.71105870892935,0.41893804185329,5243.4382,5981,2165
2.28406632895002,1.61215327696849,0.368329217995317,5244.07216666667,5982,2165
2.78733367077874,1.49135060002692,0.45562454380919,5244.67276666667,5983,2165
2.51083037693022,1.52134971606665,0.49609145947359,5245.30673333333,5984,2165
2.24305205640622,1.36741473707252,0.595359270070786,5245.9407,5985,2165
9.68669246531272,-0.501094366257656,6.01565716166508,5247.77586666667,5986,2166
-0.463292846019185,-1.92379380147496,0.433360518564171,5260.8556,5987,2167
-0.337414873455413,-1.64165228261347,0.435068745527793,5261.48956666667,5988,2167
-0.84857550402883,4.26833226787747,0.249886952600105,5262.72413333333,5989,2168
-0.190794569112474,-1.14485291593175,0.356917206612974,5262.72413333333,5990,2169
2.74512217549014,1.37940051237461,0.433503975092622,5263.3581,5991,2170
-0.748015852521694,3.96200203635192,0.31098919920195,5263.9587,5992,2171
-0.483655399088213,3.55123838907702,0.349516390550294,5265.82723333333,5993,2172
-0.183627550642604,3.41303986740488,0.385602056988592,5266.4612,5994,2172
0.0835227693902048,3.31722168777048,0.338121975235727,5267.0618,5995,2172
0.267316063469796,3.18491731847618,0.255046440598865,5267.69576666667,5996,2172
-2.51823878918783,2.0282557315367,0.705860393636281,5268.32973333333,5997,2173
0.589858065819164,3.04927213354546,0.298030411480352,5268.93033333333,5998,2174
1.10804484296498,2.75413004780985,0.347400839030203,5270.79886666667,5999,2175
-2.32602134264275,0.977932200139445,0.348719889959555,5270.79886666667,6000,2176
-0.96080180377367,0.494828868364185,0.345279404788193,5273.268,6001,2177
-0.601641807132384,0.358221801382553,0.316582511063483,5273.90196666667,6002,2177
-0.270600836500705,0.351163124109989,0.319391829297999,5274.50256666667,6003,2177
-0.0273160497075869,0.322959914260602,0.2840150873169,5275.13653333333,6004,2177
0.0721841714100833,0.344883921358351,0.272565322298227,5275.7705,6005,2177
0.245603925016627,0.612330822706234,0.262554039312667,5277.00506666667,6006,2178
0.0453939724735383,0.576062339861024,0.315663565192432,5290.71876666667,6007,2179
-0.0191474016452196,0.774173843941495,0.372793435937616,5291.31936666667,6008,2179
-0.0277050554718051,1.02265648865142,0.382474814871447,5291.95333333333,6009,2179
1.17297897834736,-9.44175008103895,5.40608026218384,5302.5973,6010,2180
4.0978149578229,-8.09951698598429,5.99220339767131,5307.13516666667,6011,2181
4.06663506262574,-7.98648943471963,5.92578624802585,5307.16853333333,6011,2181
0.046237011425516,-0.256715773763113,0.429920103016391,5313.77513333333,6012,2182
2.59622958665842,-0.454449280816392,0.414599976002879,5318.1128,6013,2183
2.4824988470013,0.00193867000594794,0.379723640147046,5319.38073333333,6014,2184
2.49756911381594,0.280327572270189,0.347626093668244,5319.98133333333,6015,2184
2.49254962012028,0.521615057642855,0.338607563936608,5320.6153,6017,2184
2.44339008996349,0.785003072195517,0.27539284093244,5321.24926666667,6019,2184
0.877777695236486,2.10730103647344,0.379689425629147,5320.6153,6016,2185
0.924008048657692,1.96765753991658,0.370693956740776,5321.24926666667,6018,2185
1.07541384850063,1.87551797678321,0.379973892294963,5321.88323333333,6020,2185
2.29405310022242,1.14581253369272,0.374950207624666,5322.48383333333,6021,2186
-1.20022955345192,1.62091130603572,0.362213484396709,5458.92013333333,6022,2187
-1.14023923317684,1.81071857437289,0.358459329285312,5459.52073333333,6024,2187
-1.04903191907959,1.93376401466702,0.329217705085447,5460.1547,6025,2187
-0.899460398815032,2.07008768540976,0.316238915285066,5460.78866666667,6027,2187
-0.742325028205292,2.15083860602843,0.347870976753537,5461.38926666667,6028,2187
-0.59982366286447,2.25391427290417,0.375048292619558,5462.02323333333,6030,2187
-0.426901195745008,2.3581877080878,0.35027446660091,5462.62383333333,6031,2187
-0.425514507807624,2.35900009608821,0.348927889774651,5462.6572,6031,2187
-0.290140658219264,2.37314886466206,0.374284825899688,5463.2578,6032,2187
-0.0384892262438601,2.37388947673001,0.388796379423818,5463.89176666667,6034,2187
0.26164516884816,2.36590575798659,0.408249263380418,5464.52573333333,6036,2187
0.443178619464377,2.30274016713069,0.372607026371736,5465.12633333333,6037,2187
2.11110467508285,-0.390145152174589,0.64837200502283,5458.92013333333,6023,2188
14.2984828194864,4.75534863747265,1.90233501793322,5460.6552,6026,2189
5.79708788946274,4.17185437691035,0.718162746386366,5462.02323333333,6029,2190
4.56778263658344,3.30790698586975,0.678673886051892,5463.89176666667,6033,2191
4.13867486240701,2.87445089061681,0.663351183488785,5464.52573333333,6035,2191
3.90368396276123,2.55695834027274,0.639666528223266,5465.1597,6038,2191
3.67032206515551,2.32771399353251,0.57950081705374,5465.7603,6039,2191
3.22779337640545,2.00924618711655,0.64848577849587,5466.39426666667,6040,2191
2.68280509277193,1.84607099167322,0.726078355113138,5466.99486666667,6041,2191
2.67588977376119,1.84426870989668,0.727541914288431,5467.02823333333,6041,2191
2.01906839053795,1.6607939164685,0.762648210275603,5467.62883333333,6044,2191
1.35381013430419,1.43863675328844,0.800600973677928,5468.2628,6045,2191
0.845110549070561,1.45772374881658,0.832027940549876,5468.8634,6046,2191
0.838081013105288,1.45964018375564,0.832631831752009,5468.89676666667,6046,2191
2.82483727387922,-0.168586358539688,0.397881640513881,5466.99486666667,6042,2192
2.62823605154123,-0.121984075400458,0.395067921845484,5467.62883333333,6043,2192
2.59653974808215,0.377349767583838,0.369017510273731,5469.49736666667,6047,2193
2.63660208671075,0.616669502798405,0.404060499667748,5470.13133333333,6049,2193
0.369511832359037,0.771280612652486,0.815861551081025,5470.13133333333,6048,2194
2.60666069585069,1.11870747610646,0.415083292952591,5471.3659,6050,2195
2.53525022526911,1.66510441525488,0.530928565099716,5472.60046666667,6051,2196
2.61155794459721,-1.09891247195667,0.323631616972192,5473.23443333333,6052,2197
2.80205152938319,2.12050325217863,0.483321964446311,5475.10296666667,6053,2198
2.7120242266495,2.28184040349952,0.476525131438491,5475.70356666667,6055,2198
2.20260941260811,-0.975011339610205,0.333883125615658,5475.10296666667,6054,2199
2.16538803501442,-0.87340454140426,0.373030864092596,5475.70356666667,6056,2199
2.28655645628926,-0.747521335606671,0.405896545425803,5476.33753333333,6057,2199
2.47926949704149,-0.51180884276998,0.375989284953808,5477.5721,6058,2200
3.20129255018508,-0.299663507146883,0.381332414030216,5483.1777,6059,2201
3.57006322372253,-0.0631223030363836,0.420827034399802,5487.51536666667,6060,2202
4.9463967951685,2.8068906758902,1.36399400009149,5494.35553333333,6061,2203
4.72353512816139,2.69693010839519,1.1989448837314,5494.9895,6063,2203
4.49918412316558,2.52294893255134,1.02436761276694,5495.62346666667,6064,2203
4.28833106319288,2.33121792091923,0.848129403243295,5496.22406666667,6066,2203
4.06243083907109,2.42530111183459,0.662316496388814,5496.85803333333,6068,2203
-4.39879376246138,-1.43831881214736,7.4707516270021,5494.35553333333,6062,2204
-3.5976729145222,1.46715783292521,0.616091095423297,5495.62346666667,6065,2205
-3.23333941571662,1.48389812101289,0.509522511857667,5496.25743333333,6067,2205
1.68318676970057,2.06811758884351,0.725079355820281,5496.85803333333,6069,2206
1.47939428728896,1.88865983200073,0.673654399917455,5497.492,6071,2206
1.32337008579756,1.74377570569666,0.551274657555745,5498.0926,6073,2206
1.18175379612603,1.65583879187101,0.528701907652837,5498.72656666667,6077,2206
1.0192415030539,1.65165129994174,0.450808057355621,5499.32716666667,6078,2206
1.01675594731526,1.64987097678901,0.450152527107822,5499.36053333333,6078,2206
0.862881756612122,1.56706408798836,0.39064892956671,5499.96113333333,6082,2206
0.713936629065131,1.46310381301885,0.374212594980901,5500.5951,6086,2206
-2.80636058155061,1.52471516616148,0.307631935226936,5497.492,6070,2207
-0.917226683412878,-1.40862590446251,0.30327971896284,5498.0926,6072,2208
-0.899296431895771,-1.16818372609941,0.375070872798768,5498.72656666667,6076,2208
3.35430263522562,2.5838996493274,0.347415458573472,5498.72656666667,6074,2209
-2.3598754337043,1.65635404561964,0.331063977112666,5498.72656666667,6075,2210
-2.10761383253533,1.82948306568732,0.34614245083386,5499.36053333333,6079,2210
-1.85772255809358,1.87003301320222,0.298182420100831,5499.9945,6083,2210
-1.72116505061577,2.0460049284311,0.362668927096916,5500.5951,6084,2210
-1.58045317386321,2.18413148743796,0.41435346977149,5501.22906666667,6087,2210
2.96470131617732,2.81469146392965,0.443399120186892,5499.96113333333,6080,2211
-0.920308033986373,-0.739721045031235,0.321556503119625,5499.96113333333,6081,2212
-0.821440319061978,-0.589833397444552,0.324793726929972,5500.5951,6085,2212
-0.659013238222296,0.0386397953144025,0.3900236554142,5501.82966666667,6088,2213
0.409671077084845,1.28163657926053,0.435843753237441,5501.82966666667,6089,2213
0.14970791680639,1.24583824065729,0.524308760671451,5502.43026666667,6090,2213
-0.547375434262396,0.391086836816958,0.391823902109941,5502.46363333333,6091,2213
-0.417685840556009,0.516718193793953,0.461124725177422,5503.06423333333,6092,2213
-0.263004210696683,0.516449214387969,0.403090474578192,5503.6982,6095,2213
-0.258548793642152,0.518115391986797,0.403117407518826,5503.73156666667,6095,2213
-0.0643597684727472,0.599123166650562,0.368708140046259,5504.33216666667,6096,2213
0.0150518453169858,0.708082310975244,0.491606860819026,5504.93276666667,6097,2213
-1.34054057368936,2.21372527492305,0.256291286710327,5503.0976,6093,2214
-3.32944106658664,2.30183233325688,-0.0403335132107597,5503.6982,6094,2215
-3.6801007659008,2.57933796678598,0.375530302848535,5505.56673333333,6098,2216
-0.516076214545017,-0.428354009450883,0.384254072731159,5505.56673333333,6099,2217
-0.086667000817501,1.01532215790419,0.59936557507357,5506.2007,6100,2218
-0.0879137543437146,1.20326328133201,0.573645505758227,5506.8013,6101,2218
-0.261083209987238,3.54075988694909,0.289838443719418,5507.43526666667,6102,2219
0.0181111668960416,3.51869893243453,0.378885587588205,5508.06923333333,6103,2219
0.000448272139477957,2.86081793084188,0.336176755554457,5508.06923333333,6104,2219
0.311788263897265,2.76342891040163,0.386324454161142,5508.7032,6105,2219
0.66120157420781,2.37129287620677,0.435942728732856,5509.93776666667,6106,2220
0.469386786295818,2.48464256979977,0.0651593276375749,5511.8063,6107,2221
-2.12593794908902,-0.3303849310295,0.353396062984531,5515.54336666667,6108,2222
4.31642736277673,2.69333060729764,0.386318735208787,5518.64646666667,6109,2223
4.15218790965313,2.7727062970413,0.369527789580524,5519.28043333333,6110,2223
-0.695528297772027,4.16514371399208,0.377224413467856,5519.28043333333,6111,2224
-0.889634173319221,3.90173780158666,0.408560098724594,5519.9144,6112,2224
-1.10435727330229,3.58565818385434,0.468811363373465,5520.54836666667,6113,2224
-1.20485139729741,3.35925837238794,0.473659639147899,5521.14896666667,6114,2224
-1.10851646007052,3.0047962212407,0.459007920887418,5521.78293333333,6115,2224
-1.02464648777684,2.6606391755141,0.360265586867632,5522.4169,6116,2224
-0.949907303414915,2.32785821192119,0.292227634767155,5523.0175,6117,2224
-0.76048770809417,2.15629345612636,0.356384383429857,5523.65146666667,6119,2224
-0.487967761658668,1.95001783141371,0.37361837706619,5524.25206666667,6121,2224
-0.484009036559909,1.94651414994254,0.37344940228448,5524.28543333333,6121,2224
-0.232576527073326,1.83457900935361,0.391979596130743,5524.88603333333,6123,2224
0.0964754413035126,1.66884582137794,0.433080078045757,5525.52,6124,2224
0.408329594872023,1.46628249181661,0.454560203887906,5526.1206,6126,2224
0.413332404399137,1.46333879182282,0.454342058626116,5526.15396666667,6126,2224
0.663900100776358,1.22663344457108,0.424969115879339,5526.75456666667,6127,2224
0.717040457549647,2.19192177166083,0.392819758881931,5526.78793333333,6128,2224
-2.0333683519963,-1.77495616442316,0.757397666049095,5523.0175,6118,2225
-2.11232358614575,-1.5491148712316,0.860545168310664,5523.65146666667,6120,2225
-2.23230681187316,-1.44336622881143,1.00260022058307,5524.28543333333,6122,2225
-2.49724753750051,-1.00043266046969,0.91617866712375,5525.52,6125,2226
-2.6850804492707,-0.219750830420942,0.775281471585381,5527.38853333333,6129,2227
-2.64737755884961,0.142721322981594,0.841387092198304,5528.0225,6130,2227
3.62116068807824,-0.367989675208032,0.524821253697505,5530.49163333333,6131,2228
2.56809911607103,0.101878940441666,0.434937343793557,5531.1256,6132,2229
3.31621209352774,0.418060206920543,0.659739501738565,5533.59473333333,6133,2230
-2.490804982932,1.53203928250305,0.309955479855433,5536.7312,6134,2231
-2.30725887873379,1.59571410766969,0.311529840882082,5537.3318,6135,2231
-2.01351885531458,1.58369379806778,0.374397671637649,5537.96576666667,6136,2231
-1.56451321377205,1.88200909998198,0.443208968769712,5539.20033333333,6137,2232
-1.34198637445398,1.87019678333446,0.320710086934682,5539.8343,6138,2232
-1.21017395630077,1.83544261231973,0.35919608017121,5540.46826666667,6139,2232
-1.03552373831283,1.88114469971109,0.383015287657615,5541.06886666667,6140,2232
-0.904500945046221,1.99216686965795,0.375647096721848,5541.70283333333,6141,2232
-0.822933621374351,1.98821978758933,0.327093930586752,5542.3368,6142,2232
-0.665245429354753,2.05682590808478,0.313485419028879,5542.9374,6143,2232
-0.426983604305333,2.20869559125577,0.346719483796444,5543.57136666667,6144,2232
-0.195784164045586,2.41689700562294,0.378710367851822,5544.20533333333,6145,2232
3.33431784874248,5.16317620542008,9.03303118219183,5544.40553333333,6146,2233
3.33317405291077,5.16315114794629,9.03347119248615,5544.4389,6146,2233
-0.386454309404506,3.40645174172468,0.326065117154198,5548.543,6147,2234
2.06699242566725,2.92474718572855,0.415048216243568,5549.77756666667,6148,2235
-0.115741678086397,2.53963972813672,0.259185506906957,5549.77756666667,6149,2236
0.0070824819379085,2.20900203717366,0.25448270743242,5550.41153333333,6150,2236
0.209373537372716,1.96269233042034,0.283914156889872,5551.0455,6152,2236
2.39428062084729,2.4297459788143,0.500711729443884,5551.0455,6151,2237
2.6219257777521,-0.968852889264089,0.353768925458873,5555.41653333333,6153,2238
2.77739467145749,-0.593767368324334,0.332079262198334,5558.51963333333,6154,2239
2.80865638919581,-0.475758913798404,0.389825816086987,5559.1536,6155,2239
2.85869186666809,-0.376257683192025,0.44200069306014,5559.78756666667,6157,2239
2.89395718063308,-0.189179379916212,0.456985363817455,5560.38816666667,6158,2239
2.91992990215892,-0.0563368386194296,0.45993192650605,5561.02213333333,6159,2239
2.95594354644844,0.0810699709019292,0.460938540066996,5561.6561,6160,2239
2.95293518876565,0.262773914414972,0.477927800430957,5562.29006666667,6161,2239
2.9943250457026,0.501285221962756,0.483425777069631,5562.89066666667,6162,2239
2.94895843103421,0.632295313264062,0.473976140307284,5563.52463333333,6164,2239
2.79111405488196,0.722029000408325,0.482793641017971,5564.12523333333,6166,2239
2.53442288143442,0.793000856605282,0.493855893940133,5564.7592,6167,2239
2.25910142710878,0.904954230567105,0.466668222058685,5565.39316666667,6168,2239
2.01735052408182,0.980999580476069,0.448814478263189,5566.02713333333,6169,2239
1.85098303120737,1.02122899535587,0.389839936066658,5566.62773333333,6172,2239
1.8499595149484,1.02149491604995,0.39024200782823,5566.6611,6172,2239
1.77672753547587,1.03536530083283,0.342108250904283,5567.2617,6175,2239
1.72654947639712,1.06445118454236,0.336994128581045,5567.89566666667,6176,2239
1.61585556329976,1.1466161071874,0.36264100463507,5568.49626666667,6178,2239
1.61412793550665,1.1471485565445,0.363133275473508,5568.52963333333,6178,2239
1.46669771563318,1.21926542217459,0.401512788974463,5569.13023333333,6180,2239
1.35133119461866,1.37353706258224,0.422550561978295,5569.7642,6182,2239
1.27007667899387,1.50286136353577,0.43378257896358,5570.3648,6183,2239
1.26905427356326,1.50396128858172,0.433865049218576,5570.39816666667,6183,2239
1.14446830841341,1.64894891753162,0.425280303736977,5570.99876666667,6184,2239
0.98587263714965,1.78872277267955,0.44941028169054,5571.63273333333,6187,2239
0.948287152642549,1.7979331703507,0.414074334929637,5572.2667,6189,2239
0.83256273293882,1.79194586845649,0.378885130161841,5572.8673,6191,2239
0.874634193760788,2.34561305759824,0.447607919284358,5572.90066666667,6193,2239
0.727833812583007,1.80569954850871,0.351669284675971,5573.50126666667,6194,2239
-1.66791105360951,-11.8346155525011,6.17189290643922,5559.68746666667,6156,2240
3.89507810166065,-1.31825532091725,0.624320496226352,5563.52463333333,6163,2241
3.87423173530537,-1.26102109344804,0.530383498136777,5564.12523333333,6165,2241
2.85830329305967,-7.80941024106292,5.78979391896958,5566.4609,6170,2242
-2.4626040621722,1.27460529377798,0.356871006522827,5566.62773333333,6171,2243
-2.31932815830284,1.40791522091041,0.385004209656261,5567.2617,6173,2243
-2.88249445224177,-0.805948218246251,0.386406618100948,5567.2617,6174,2244
-1.77879645645041,1.53330474869486,0.435198364067536,5568.49626666667,6177,2245
-1.54518439794228,1.73311922915954,0.515580029613734,5569.13023333333,6179,2245
-1.22178539944386,1.94818067793309,0.499712662677811,5569.7642,6181,2245
3.2596696977139,0.148025743203078,0.378668028211869,5570.99876666667,6185,2246
3.13249419490128,0.362292256141724,0.394406127432054,5571.63273333333,6188,2246
2.98444352188538,0.582445925519664,0.418005974410949,5572.2667,6190,2246
2.83995819568055,0.710717420710178,0.422452399385357,5572.8673,6192,2246
2.70561464127733,0.680267847298071,0.411463447382415,5573.50126666667,6195,2246
2.52377821825196,0.655110650190634,0.40681564349853,5574.13523333333,6196,2246
2.30549466666752,0.717403109131436,0.395805977821101,5574.73583333333,6197,2246
2.3033865657439,0.718664327511507,0.395843396719545,5574.7692,6197,2246
2.1501207143165,0.83253627752479,0.412302504674247,5575.3698,6200,2246
2.06526124118526,1.12662738270065,0.417351628759138,5576.00376666667,6202,2246
2.00297333333896,1.46873980415142,0.405321556918773,5576.63773333333,6203,2246
1.89767028393918,1.68492001836549,0.458706836172519,5577.23833333333,6204,2246
1.75039413260227,1.86634368360109,0.461453114186919,5577.8723,6205,2246
1.63713259651776,2.08244029635739,0.430706483282163,5578.50626666667,6206,2246
-1.98772474101864,0.73561434368364,0.256371030276267,5571.63273333333,6186,2247
0.522534588423783,1.74529822687262,0.394126523380798,5574.7692,6198,2248
0.426157435243603,1.58914775387804,0.40837963719367,5575.3698,6199,2248
0.261873806409847,1.5091864966479,0.378968926876559,5576.00376666667,6201,2248
11.9812336772387,-1.25022562348419,8.93775741995997,5585.21296666667,6207,2249
-1.0776696668895,1.4416923101768,0.377070680995548,5590.35143333333,6208,2250
3.85711393241246,3.6757104176029,0.402163986584028,5592.21996666667,6209,2251
3.3816194538503,-1.38639453921673,0.63039854396656,5592.85393333333,6210,2252
3.26443110902839,-1.3584366828527,0.644238317928612,5593.4879,6211,2252
3.06315296550347,-1.25075338444275,0.592922831288341,5594.0885,6212,2252
2.8204179506287,-1.16315740719334,0.51307407661072,5594.72246666667,6214,2252
2.54694012473572,-1.1173077862404,0.5123671907788,5595.35643333333,6216,2252
2.90974964469844,3.76282837505657,0.330062374005743,5594.72246666667,6213,2253
6.89311637078744,-1.60529773366744,0.75443803826837,5594.72246666667,6215,2254
6.63976544080819,-1.39207398356025,0.888322477272817,5595.35643333333,6217,2254
2.24283775804584,-0.534482573560806,0.473137016241688,5596.591,6218,2255
2.24633955563663,-0.536212764677495,0.473632955147631,5596.62436666667,6218,2255
2.01095806765265,-0.397179555599228,0.501909336356836,5597.22496666667,6219,2255
1.70284499924504,-0.282945065607481,0.48581776831609,5597.85893333333,6220,2255
1.38485531426626,-0.0917047415966543,0.445481495811833,5598.45953333333,6221,2255
1.13054973444846,0.0858760284487066,0.431550103938462,5599.0935,6222,2255
0.96873678848475,0.266474712045379,0.374280825400457,5599.6941,6224,2255
0.965316234706564,0.269858406393631,0.373791152814602,5599.72746666667,6224,2255
5.68732124451062,-0.269872278439951,1.01419421118782,5599.0935,6223,2256
5.50366476604276,-0.309766743946552,0.889113274098911,5599.72746666667,6225,2256
0.650370899129902,0.710129260954767,0.345652818515996,5600.96203333333,6226,2257
0.504431278587618,0.860576617355197,0.350677548976455,5601.56263333333,6227,2257
0.503710995921761,0.862328595397536,0.350903289269856,5601.596,6227,2257
0.341098632233344,1.09140504036766,0.359648795307818,5602.1966,6228,2257
6.11035912024764,2.17356460551323,0.628840643841591,5605.33306666667,6229,2258
5.71792925083858,2.58381942313627,0.569738783612641,5606.56763333333,6230,2259
5.49391530221101,2.96382405960494,0.579147709866035,5607.2016,6232,2259
5.21092702676505,3.16737628978756,0.510336079934325,5607.8022,6233,2259
4.84528532826676,3.2014952619485,0.539937894700906,5608.43616666667,6234,2259
3.80755830576818,1.06976454781094,0.457304331883618,5606.56763333333,6231,2260
0.206067425924175,5.21827959374606,0.404752435780873,5613.44116666667,6235,2261
3.53498080182347,1.65619273601474,0.30994595392885,5618.4128,6236,2262
3.47700101522406,1.65601324897965,0.249234274314446,5619.04676666667,6237,2262
3.31351246890888,1.68666003919033,0.320011931614109,5619.68073333333,6238,2262
3.01958870948581,1.66066890842208,0.379695728262082,5620.28133333333,6240,2262
2.65733103292429,1.57504027511223,0.420015079796223,5620.9153,6241,2262
2.40470338762881,1.54000193084828,0.391551093376283,5621.54926666667,6243,2262
2.20969551699745,1.54686765438044,0.272071202224582,5622.14986666667,6244,2262
1.94197143907097,1.48821628428529,0.292504872204525,5622.78383333333,6246,2262
1.57438908961178,1.46786087163466,0.377888173133792,5623.4178,6248,2262
1.24833437406933,1.44168425987899,0.374256988114741,5624.05176666667,6250,2262
0.929452105840009,1.33628800647813,0.315793720655218,5624.65236666667,6251,2262
0.598754766217228,1.24776062130033,0.339650508245924,5625.28633333333,6253,2262
-2.42669909332325,3.80513900504971,0.453195413601117,5619.68073333333,6239,2263
1.28740223924695,-0.558396347022306,0.333961902930975,5621.54926666667,6242,2264
0.977519224350659,-0.206374103970251,0.414352330093158,5622.78383333333,6245,2265
3.94191724946561,0.0610869637302003,0.465586803236523,5622.78383333333,6247,2266
3.87310010913801,0.139088394926214,0.461481424031555,5623.4178,6249,2266
3.58042443759278,0.356170310449229,0.439341095543549,5624.65236666667,6252,2267
3.36349534004768,0.405242365871823,0.451239718751015,5625.28633333333,6254,2267
3.1486653420229,0.427160285215234,0.446872468160466,5625.9203,6255,2267
2.93771962460566,0.35378652653631,0.443033995214199,5626.55426666667,6256,2267
2.68280701629487,0.204994949589344,0.42354453738502,5627.15486666667,6257,2267
2.5009627826486,0.0554612764949685,0.424755192611149,5627.78883333333,6259,2267
2.23660323171464,-0.149009825938764,0.425198180977658,5628.4228,6261,2267
1.95307731294315,-0.301568490039915,0.431171145812925,5629.05676666667,6262,2267
4.52800299690352,3.93810864271571,0.454119260985622,5627.78883333333,6258,2268
4.40398655956309,3.68556766971538,0.435574226424547,5628.4228,6260,2268
4.02582142707247,2.99177793897611,0.292404136717181,5630.29133333333,6263,2269
3.83957981031574,2.80313923438996,0.31132452841387,5630.9253,6264,2269
3.66957459963921,2.64226413847637,0.344482499830754,5631.55926666667,6266,2269
3.56245283337407,2.53758107192533,0.358949216500038,5632.19323333333,6268,2269
3.53394984896295,2.39785965544316,0.261777282373623,5632.8272,6271,2269
3.4149608884825,2.20472262099413,0.220917568151009,5633.4278,6272,2269
3.23826410108007,2.06418515162535,0.249520982138011,5634.06176666667,6274,2269
3.04633410592379,2.0880025287078,0.283605789461215,5634.69573333333,6277,2269
2.90044517084568,1.98123712556846,0.321766899906816,5635.29633333333,6278,2269
2.89646017822222,1.97967097127241,0.323212669648131,5635.3297,6278,2269
2.78920057017275,1.85744493683653,0.295401589997284,5635.9303,6280,2269
2.7850502077243,1.85603417176821,0.294158446099338,5635.96366666667,6280,2269
2.73977234865966,1.63467395917159,0.26827179437119,5636.56426666667,6282,2269
2.63273075039637,1.37073249540889,0.288100557403568,5637.19823333333,6283,2269
2.48536703149387,1.10385106589734,0.29234795502041,5637.8322,6284,2269
-3.37947773626303,2.15968530709542,0.655371263736863,5630.9253,6265,2270
-3.12748507299697,2.02385462506914,0.61947443239335,5631.55926666667,6267,2270
-2.77017637771991,2.01539823596856,0.634971553786811,5632.19323333333,6269,2270
-2.38447986235566,1.87935076899069,0.593667384800454,5632.79383333333,6270,2270
-2.0578007957289,1.75634171024395,0.551970314597401,5633.4278,6273,2270
-1.61265163655981,1.73030571191485,0.588196274430761,5634.06176666667,6275,2270
-1.14889243737838,1.82103648712753,0.573867761322866,5634.66236666667,6276,2270
-1.14364827250312,1.82347007031035,0.57411070624135,5634.69573333333,6276,2270
-0.722141294818605,1.96083128520678,0.620922141274596,5635.29633333333,6279,2270
-0.331539004922386,2.23297346241544,0.674332967566406,5635.9303,6281,2270
-2.73307168412114,1.40135710600873,0.512083552270693,5639.06676666667,6285,2271
-2.50083321756437,1.62157673267689,0.548060613745427,5639.70073333333,6286,2271
1.61137818518004,0.246878824103604,0.381732570364356,5640.9353,6287,2272
-3.35338360357678,1.51159096065037,0.442542845550645,5647.80883333333,6288,2273
-2.86399184012414,1.6384354943835,0.507255687211233,5649.0434,6289,2274
-2.56236906584024,1.78433782544045,0.466726871758673,5649.67736666667,6290,2274
4.88976201751496,-0.782177938469708,0.735075798984001,5650.91193333333,6291,2275
2.39935159417834,2.04624781298906,0.413502246004163,5654.0484,6292,2276
2.39866618103109,2.04565066018656,0.412460203013839,5654.68236666667,6293,2276
2.39760520293189,2.04578219063342,0.412377886011898,5655.31633333333,6295,2276
1.90072096329418,0.314312057390609,0.342672560588218,5654.68236666667,6294,2277
2.3811126190759,2.05124876927894,0.544230501666446,5656.5509,6296,2278
1.17367208266282,0.677416156028776,0.332397504979998,5657.18486666667,6297,2279
4.91264699039485,1.86366064079921,0.703131165549239,5658.41943333333,6298,2280
4.4566452011747,1.55710306127996,0.679097308367159,5659.68736666667,6299,2281
4.212282429405,1.39049463762438,0.672814459907657,5660.28796666667,6300,2281
3.483178058128,0.222338455177989,0.517960717177571,5664.659,6301,2282
3.26261688620512,0.176049862977644,0.539441416627848,5665.29296666667,6302,2282
3.00464868697972,0.105302890676793,0.530872934261863,5665.92693333333,6304,2282
2.70266006639083,-0.00548565650236399,0.57348964259525,5666.52753333333,6305,2282
2.38698071751947,-0.0977259720002525,0.576681608724693,5667.1615,6308,2282
2.18175630666619,-0.187622882591131,0.530360729090293,5667.79546666667,6310,2282
1.90587048052485,-0.282316458517265,0.520180546534464,5668.39606666667,6311,2282
1.70473544779412,-0.337294878373108,0.477280791542845,5669.03003333333,6315,2282
1.51805852726278,-0.359475719134502,0.406641740106542,5669.664,6317,2282
1.22219514777959,-0.344302775289854,0.373086992028752,5670.29796666667,6321,2282
-2.71088230053918,1.79386158544206,0.347692761563346,5665.92693333333,6303,2283
0.588154503901556,2.44683464632085,0.455643433111845,5667.1615,6306,2284
0.637796486547416,2.31686945325936,0.434982080676558,5667.79546666667,6309,2284
-2.20877235866884,1.86435749473022,0.346889527857657,5667.1615,6307,2285
-1.64898175652225,1.76451100650999,0.372789926578608,5668.42943333333,6312,2286
-1.38995693731068,1.72154672965947,0.406075170665248,5669.03003333333,6314,2286
-1.13026722290722,1.68574636213286,0.392746304914224,5669.664,6316,2286
-0.922122648540311,1.62425478200073,0.33262256078328,5670.29796666667,6320,2286
-0.757061315553884,1.50992814503431,0.373160759811034,5670.89856666667,6322,2286
-0.756062252713648,1.50922498272684,0.373119381480904,5670.93193333333,6322,2286
-0.522714778880277,1.43586135211178,0.327126646563005,5671.53253333333,6323,2286
-0.229882224483172,1.42958898579838,0.322806582411809,5672.1665,6324,2286
0.0514573593590968,1.42881740778749,0.389114206793757,5672.7671,6325,2286
0.0551594727998196,1.42892063397273,0.390321464577436,5672.80046666667,6325,2286
0.340929961729921,1.50538315390293,0.389719804243148,5673.40106666667,6326,2286
1.05781311358333,2.32952773160899,0.343779302195345,5669.03003333333,6313,2287
1.29510201258774,2.16804727097163,0.404813027489861,5669.664,6318,2287
1.75770627551174,2.32884419297905,0.451840955417962,5670.29796666667,6319,2287
2.45329507946324,0.909096600790265,0.452458053992315,5674.03503333333,6327,2288
0.811098651057887,0.71372520646953,0.27976119998909,5674.63563333333,6328,2289
3.38545190452552,2.14280092488164,0.21366493778676,5681.44243333333,6329,2290
3.17189704592048,2.11004822980827,0.238854689335077,5682.0764,6330,2290
2.92445596511338,2.01048004232246,0.28451170633722,5682.677,6331,2290
2.78422205467013,1.78354484725573,0.35211957714844,5683.31096666667,6334,2290
-0.437114663181123,5.83503898505726,0.44527331695248,5682.677,6332,2291
-0.441709585533329,5.5194539145221,0.390547035338548,5683.31096666667,6335,2291
-3.18027700810788,1.68289948293363,0.382065299624925,5682.677,6333,2292
-0.413803452469358,4.8218023533813,0.363233013757568,5684.54553333333,6336,2293
-0.331880285601389,4.5505930998117,0.356818980653561,5685.1795,6338,2293
-0.225745585559176,4.19375457643225,0.430756370829196,5685.7801,6339,2293
-0.0897959548348946,3.76809611253074,0.470233830570472,5686.41406666667,6342,2293
-0.0183914260137226,3.51998003665071,0.438994981260382,5687.04803333333,6345,2293
-0.0297010286869233,3.40296336097756,0.400005369381189,5687.64863333333,6348,2293
-0.205928860303182,3.34722811928754,0.400458846501775,5688.2826,6350,2293
-0.421291742860557,3.14694703432587,0.412440221847827,5688.91656666667,6352,2293
-0.648350841012141,2.92447344285989,0.450944663000141,5689.51716666667,6354,2293
7.06578165131945,2.1193326231872,-0.271744382283525,5685.1795,6337,2294
-1.91824322166765,1.5501750050057,0.398397730064437,5685.7801,6340,2295
-1.73502667136294,1.39479534832228,0.292861938577384,5686.41406666667,6343,2295
9.66577771960888,0.645071822352342,-0.524541994338766,5686.41406666667,6341,2296
2.41500950109766,2.07210285071055,0.409434949188776,5687.04803333333,6344,2297
2.41506996222285,2.07210610518697,0.409833302730895,5687.64863333333,6347,2297
2.5109877748909,0.507275068302433,0.315548510366247,5687.04803333333,6346,2298
-1.3399039485134,1.03784215749481,0.378246242003634,5687.64863333333,6349,2299
-0.901068045816099,0.951648578496481,0.430523308637397,5688.8832,6351,2300
-0.722535759138059,0.939832390361215,0.397475265887523,5689.4838,6353,2300
-0.72173625512919,0.939048145863508,0.397117638732134,5689.51716666667,6353,2300
-0.705386127591361,0.911770290177536,0.367607842007059,5690.11776666667,6355,2300
-0.67720300612258,0.944448168455666,0.33290461032253,5691.9863,6356,2301
-0.478182356416361,0.874716465165075,0.280903213042695,5692.62026666667,6357,2301
-0.26752245135109,0.858616083311322,0.298123021711494,5693.22086666667,6358,2301
0.0357853248997052,0.868020756291918,0.339885053465467,5693.85483333333,6359,2301
-0.656833501825667,4.04098877014207,0.370076904301193,5701.32896666667,6360,2302
-0.511381324290024,3.67403027979372,0.354181076973238,5701.92956666667,6361,2302
-0.371375544152527,3.33205917099551,0.351568887721626,5702.56353333333,6363,2302
-0.222336670799032,3.01457638911177,0.340381398125648,5703.1975,6365,2302
-0.0878716154988334,2.84377778677733,0.303478062912441,5703.7981,6366,2302
0.157167167149565,2.66083680453624,0.348595859916493,5704.43206666667,6367,2302
0.439899412196103,2.39841019705299,0.375618243393967,5705.06603333333,6368,2302
0.619782510422242,2.16119410131006,0.317015590061748,5705.66663333333,6369,2302
2.41320348560284,2.07247052438098,0.410125329597882,5702.56353333333,6362,2303
2.41568904364002,2.07257863171074,0.410033073818415,5703.1975,6364,2303
2.41685231568493,2.07175257629069,0.409801080115674,5706.3006,6370,2304
2.41826502208645,2.07285478022126,0.410027029357755,5706.93456666667,6372,2304
2.4160881837418,2.07216972081659,0.409681530548617,5707.53516666667,6373,2304
1.03826242908683,2.36537308205771,0.392219903201965,5706.9012,6371,2305
5.68995740422742,2.61626317682334,0.352254283724416,5707.53516666667,6374,2306
3.84516837676388,1.77437770632885,0.354198902862478,5708.16913333333,6375,2307
5.04095744325761,2.18242661124816,0.279051463601873,5709.4037,6376,2308
4.72490483834779,2.19118482407807,0.298601810565483,5710.0043,6377,2308
4.42196688626633,2.11276825803399,0.410030210850106,5710.63826666667,6378,2308
4.10010078989571,2.03773530682233,0.475807848902279,5711.27223333333,6379,2308
3.87481275901523,1.97533376243043,0.403603430417341,5711.87283333333,6380,2308
3.76927454683524,1.80320340229176,0.3740676976043,5712.5068,6381,2308
-1.59583472900787,0.823079657022919,0.327167160737382,5713.74136666667,6382,2309
3.5183482897227,1.40675990118905,0.437148337956207,5714.34196666667,6383,2310
3.5183482897227,1.40675990118905,0.437148337956207,5714.37533333333,6383,2310
3.35164678287225,1.52809677619997,0.392185228014442,5714.97593333333,6385,2310
3.18676239455926,1.60590723572406,0.323672088934745,5715.57653333333,6386,2310
2.92252796449715,1.70303008240809,0.331007962498842,5716.2105,6387,2310
2.65561630320796,1.76884195165386,0.419153455540705,5716.8111,6388,2310
2.65275608108459,1.76881595460334,0.419938693003954,5716.84446666667,6388,2310
2.39669768685082,1.68281313216347,0.453424373814359,5717.44506666667,6389,2310
2.04520081069696,1.54262192148705,0.431829899264651,5718.07903333333,6390,2310
1.78182696587417,1.46443278836033,0.403207056975602,5718.713,6391,2310
1.58596035910777,1.48722469199238,0.349019984602493,5719.3136,6392,2310
1.50216119521995,1.62745211038256,0.356574829175661,5719.94756666667,6393,2310
-1.12398919007389,1.38283179182183,0.375233996519924,5714.97593333333,6384,2311
-1.24443722437463,-1.52603965859577,0.397606089245806,5720.54816666667,6394,2312
-1.1677512507556,-1.35688622025228,0.392134840597006,5721.18213333333,6395,2312
-1.01458972443625,-0.97795196067883,0.494492544869839,5722.4167,6396,2313
-0.989916027073913,-0.817426136292265,0.43231069912644,5723.05066666667,6400,2313
-0.935512070842626,-0.683226492538694,0.336233918805576,5723.65126666667,6401,2313
-0.846957561295608,-0.635604454524964,0.314037021915369,5724.28523333333,6402,2313
2.81862169726754,2.39822847450337,0.354420471305122,5722.45006666667,6397,2314
2.81411414444403,2.39779754267755,0.355729200409987,5723.05066666667,6398,2314
1.42362091974195,2.66547170816432,0.506898568913963,5723.05066666667,6399,2315
-2.4891633819122,1.46423163328896,0.320669764535934,5728.65626666667,6403,2316
-2.27897078438881,1.44005391086813,0.270203635777997,5729.25686666667,6404,2316
-2.09597536685837,1.37808350900563,0.267082748296321,5729.89083333333,6407,2316
-1.87606437717666,1.24833514005817,0.263215236206788,5730.5248,6409,2316
-1.64325198232958,1.19322804590496,0.288257442552487,5731.1254,6411,2316
-1.36249408128112,1.22879367010453,0.265884203827678,5731.75936666667,6413,2316
-1.10188596104607,1.28931449745318,0.256922586132081,5732.35996666667,6415,2316
-0.895803654856428,1.41053925154732,0.261940008650195,5732.99393333333,6416,2316
-0.672265877137646,1.53802545968026,0.257412524241681,5733.6279,6417,2316
2.41636157270688,2.07320087419259,0.409280752005072,5729.29023333333,6405,2317
2.41396732719914,2.07230791908514,0.409527812359764,5729.89083333333,6406,2317
2.41396732719914,2.07230791908514,0.409527812359764,5730.5248,6408,2318
2.41388526284951,2.0726442516334,0.409682520086594,5731.1254,6410,2318
2.41490004236111,2.0727319491336,0.409888356286515,5731.75936666667,6412,2318
2.41379369035624,2.07234208526533,0.409543283179391,5732.35996666667,6414,2318
3.43054759272681,-2.67073633534765,0.349044266416365,5748.50943333333,6418,2319
3.34913631419899,-2.57884356304016,0.327734708302865,5749.1434,6420,2319
0.508204243131639,3.43225391338188,0.312139231723694,5749.1434,6419,2320
0.47044458447706,3.15273901337699,0.337002640252482,5749.744,6421,2320
0.428588656181797,2.88475032561061,0.292182576146191,5750.37796666667,6422,2320
0.354545890753805,2.66707634998202,0.30649142895883,5750.97856666667,6424,2320
0.354412620845832,2.6641443496249,0.306737595009312,5751.01193333333,6424,2320
0.214502422064786,2.38117022893985,0.375881665342625,5751.61253333333,6426,2320
0.145371851738423,2.131081480074,0.31944322227103,5752.2465,6427,2320
0.185139800458149,1.95185296089185,0.26387482751899,5752.88046666667,6429,2320
0.298015341218355,1.76620191976612,0.297420573899326,5753.48106666667,6430,2320
0.298667434302722,1.76437861180562,0.298055500683747,5753.51443333333,6430,2320
0.447160205680858,1.53559610942256,0.325178704797017,5754.11503333333,6431,2320
0.637021660045548,2.29973346798295,0.275624862899436,5754.749,6432,2320
3.18399309602292,-2.38922069864073,0.343093368093841,5750.37796666667,6423,2321
10.3390016762474,2.45317506473057,-0.617198006272457,5751.01193333333,6425,2322
-1.86893672727107,1.28934589256552,0.312486499825305,5752.2465,6428,2323
1.42785159662538,0.803599473022536,0.27756732381165,5756.61753333333,6433,2324
-0.906159877428636,4.05526097922379,0.414188943958434,5759.12003333333,6434,2325
-0.92878778648298,3.09347743472624,0.44052492766046,5759.12003333333,6435,2325
-0.734805389959545,3.85958163412464,0.40883565460385,5759.72063333333,6436,2325
-0.683950797622834,2.77678838667185,0.509624575771979,5759.72063333333,6437,2325
-0.681170921932616,2.77346814158115,0.510788550623324,5759.754,6437,2325
-0.509247163944486,3.74776056973619,0.353228280428435,5760.3546,6438,2325
-0.463020685859762,2.42677350405204,0.512518897547,5760.3546,6439,2325
-0.154488634547928,2.16489121400479,0.428577962503828,5760.9552,6440,2325
-0.148527090312619,2.16227640332942,0.427727341519904,5760.98856666667,6440,2325
0.142598634502191,1.84524443215145,0.443144487018405,5761.58916666667,6442,2325
0.368689958065834,1.40682055376866,0.459385007284416,5762.22313333333,6445,2325
0.123036856947183,3.60975155480702,0.381209274735047,5761.58916666667,6441,2326
0.309109038932405,3.45249187526132,0.367444530366966,5762.22313333333,6444,2326
-1.07356729342036,6.37474818943574,-0.349702034754549,5762.18976666667,6443,2327
-0.785287339029725,5.98323037751932,-0.90329104421586,5762.82373333333,6446,2327
0.616814499865111,3.26366073609039,0.286134380756046,5763.4577,6447,2328
-3.75871940702628,0.67847954954083,0.529472187907013,5763.4577,6448,2329
-3.42873989142818,0.596708661778486,0.559591558427937,5764.69226666667,6449,2330
-3.27334209987558,0.619020974338248,0.526999207493854,5765.32623333333,6450,2330
-3.06215650704443,0.683913623451561,0.52955980918433,5765.9602,6452,2330
0.409469304401536,0.478127904588887,0.375834575458559,5765.32623333333,6451,2331
-2.79141823053777,0.927726052965582,0.527723573762431,5767.19476666667,6453,2332
-2.34399689947242,1.22829623893748,0.55914202378263,5768.4627,6454,2333
-2.03885093294117,1.35690902718316,0.569873804661724,5769.0633,6455,2333
-1.77483949167984,1.43896075155782,0.541342244836744,5769.69726666667,6456,2333
-1.58921172845235,1.48380056625486,0.468703075190835,5770.33123333333,6457,2333
-1.14369317280129,1.56728073418937,0.515948340642014,5771.5658,6458,2334
-0.89187850615943,1.51422593965551,0.555537540366435,5772.1664,6459,2334
-0.889640844411045,1.51323933159684,0.55633547072899,5772.19976666667,6459,2334
-0.724430244074927,1.42733996841774,0.560936528656751,5772.80036666667,6461,2334
-0.563460223539124,1.33403486253068,0.459681547141976,5773.40096666667,6462,2334
-0.295714502342552,1.17225996370696,0.438895261263206,5774.03493333333,6465,2334
0.00118276286669028,1.02318390654097,0.460330761163534,5774.6689,6467,2334
0.356877232472071,0.839310832887584,0.446698983627649,5775.30286666667,6469,2334
-1.61440725378186,3.2012204668395,0.416824277010023,5772.80036666667,6460,2335
-1.52363592333242,3.1296256938989,0.41940220393687,5773.43433333333,6463,2335
-1.2974321220468,3.035255955659,0.447868199292202,5774.03493333333,6464,2335
-1.08340286631507,2.99005340988747,0.431604974496275,5774.6689,6466,2335
-0.870957344547034,2.85272406934831,0.464404696016585,5775.30286666667,6468,2335
-0.593894986303389,2.60447740969505,0.315775602445911,5776.53743333333,6470,2336
-0.437893626127397,2.44039264881329,0.318849513358118,5777.1714,6471,2336
-0.221036666598525,2.30946090853132,0.339799588919908,5777.80536666667,6472,2336
0.0674841143465864,2.27377221464965,0.362853197803824,5778.40596666667,6473,2336
0.376959281659369,2.28173528258105,0.395184433698961,5779.03993333333,6474,2336
2.48483240636267,0.0470506451537309,0.585184764262831,5780.90846666667,6475,2337
2.39843989060375,0.201122951613411,0.708894376155344,5781.50906666667,6476,2337
2.36661296254406,0.35711165001882,0.825907750966748,5782.14303333333,6477,2337
2.36580819641719,0.358939941973368,0.826170549141392,5782.1764,6477,2337
2.39777113678327,0.532323796688601,0.830962273018231,5782.777,6478,2337
2.42734449051211,0.598723078654422,0.734978405146362,5783.41096666667,6479,2337
2.4098072186453,0.774122681428527,0.710335269472269,5784.04493333333,6480,2337
2.46947657224881,1.00377472445446,0.711653988558259,5784.64553333333,6481,2337
2.47689655869618,1.24226221099422,0.623293281098449,5785.2795,6482,2337
-3.08283844931349,1.43653271882357,0.270231739104999,5789.61716666667,6483,2338
1.94577686532661,-1.62054666421529,0.48258899140414,5790.25113333333,6484,2339
-2.45924727652114,1.46012983449382,0.356037907921162,5791.4857,6485,2340
1.56315258716744,-0.591354513816538,0.452598610519412,5791.4857,6486,2341
2.08069059392305,-1.22763631911076,0.542142518747263,5791.4857,6487,2342
1.47591700362553,-0.0376505362753541,0.360402264270549,5792.72026666667,6488,2343
2.15453800281945,-0.880038630571797,0.53521773969965,5792.72026666667,6489,2344
-1.71079617062889,1.52048211288876,0.363757582330307,5793.32086666667,6490,2345
-1.37586147256363,1.58038703790588,0.359793955163714,5793.95483333333,6491,2345
-1.03302900897443,1.66422213452922,0.344389728535036,5794.55543333333,6494,2345
-0.687822811873901,1.7670706080498,0.337348354858833,5795.15603333333,6499,2345
-0.685589036214426,1.76759495048388,0.337920833488935,5795.1894,6499,2345
-0.354757980318882,1.80025420424141,0.339005264534854,5795.79,6502,2345
-0.0137529713174711,1.83076688268913,0.360855354767867,5796.3906,6506,2345
0.194240424630728,1.95673732498045,0.418163847802787,5797.02456666667,6509,2345
0.363121976114043,2.10670032712311,0.421269590780706,5797.62516666667,6511,2345
0.397001877223102,-0.194117654998527,0.210019328044926,5793.95483333333,6492,2346
0.392695320776488,-0.036853290752074,0.196338671389533,5794.55543333333,6495,2346
2.42778227065062,-0.707491827833352,0.446485057367092,5793.95483333333,6493,2347
2.58387568410657,-0.532451146569279,0.438715410650092,5794.55543333333,6497,2347
2.64987230074033,-0.339596941552754,0.430355196215713,5795.1894,6500,2347
2.69470084939585,-0.12207444142234,0.424864985299551,5795.79,6504,2347
1.40990915045935,0.580111972154675,0.26257518831858,5794.55543333333,6496,2348
5.20559325224061,4.28606547455977,0.672373111358519,5795.15603333333,6498,2349
4.97833015425124,4.04578975679291,0.623845307742944,5795.79,6501,2349
4.75479271206956,3.92759718935244,0.497425765841775,5796.3906,6505,2349
4.40033033137498,3.84580340533917,0.490995526069149,5797.02456666667,6508,2349
4.00569660204832,3.75852241995045,0.549724170290942,5797.62516666667,6510,2349
0.321570719221513,0.273798000397821,0.264371196050848,5795.79,6503,2350
0.249025088233479,0.382788154820358,0.276653617434349,5796.3906,6507,2350
3.12532691256808,3.47940640911497,0.415135761655033,5799.4937,6512,2351
2.76815127670717,3.49343340688598,0.429525254513296,5800.0943,6513,2351
2.76689681811347,2.01975133187276,0.382092657413743,5800.72826666667,6514,2352
2.29489418354754,1.84627620960049,0.550878684143731,5801.96283333333,6515,2353
1.99300314080924,1.7111231330278,0.57620593767262,5802.5968,6516,2353
1.62482606121665,1.50265405508505,0.557951212168688,5803.23076666667,6517,2353
1.32855367401647,1.43711859058151,0.494107941864389,5803.83136666667,6518,2353
1.0736064040915,1.3920467843528,0.402121139466227,5804.46533333333,6519,2353
3.76381748645703,-0.674257019487623,0.602438920142759,5810.67153333333,6520,2354
-0.956248415402673,-0.505009441044464,0.207296617841409,5811.27213333333,6521,2355
-0.859681673988125,-0.324210379960283,0.33158460649049,5811.9061,6523,2355
-0.672294172913531,-0.068960883624569,0.423449389064,5812.5067,6524,2355
-0.476573203040428,0.00299483964956759,0.423734092805415,5813.14066666667,6526,2355
-0.395316712274311,-0.023251771095915,0.338323942117475,5813.74126666667,6527,2355
-0.265342303172346,0.0205413086293542,0.270246446167946,5814.37523333333,6529,2355
-0.123727235031851,0.250414162189305,0.333262812718607,5814.97583333333,6531,2355
-0.0534290325767743,0.554603657516805,0.410035407061734,5815.6098,6533,2355
0.0545059253751443,0.768379210664384,0.424362532807264,5816.2104,6536,2355
0.0563832925800664,0.77060223293295,0.424673879768146,5816.24376666667,6536,2355
0.154751988174637,1.01701115933102,0.34166491912266,5816.84436666667,6538,2355
0.205238649895586,1.31836588689638,0.36443237748838,5817.47833333333,6541,2355
1.07893105653226,-2.39652831512753,0.355828018341812,5811.27213333333,6522,2356
3.44459737859553,-0.271620284857941,0.482604244457629,5812.5067,6525,2357
1.22042674688895,-1.37238857605031,0.398832514157855,5813.74126666667,6528,2358
3.11142628184243,0.237959494137252,0.444711526273997,5814.37523333333,6530,2359
2.96728559513863,0.333558267058118,0.417437989392636,5814.97583333333,6532,2359
2.96539692815027,0.335238486251997,0.415399579369853,5815.0092,6532,2359
2.75047524591736,0.395306864950439,0.408457322193064,5815.6098,6535,2359
2.50192752570644,0.502206805024442,0.450510457228484,5816.24376666667,6537,2359
2.21638637414381,0.580863373115894,0.452078265733799,5816.84436666667,6540,2359
2.04085973438213,0.709014235093628,0.408669509920195,5817.47833333333,6543,2359
1.88062416421361,0.882078133379158,0.380160696753685,5818.1123,6545,2359
1.84004028042586,1.1261963250998,0.397527187504355,5818.7129,6546,2359
1.1318992198662,-0.669560867912519,0.42847768059856,5815.6098,6534,2360
1.12443935286372,-0.238507303968117,0.408163110245353,5816.84436666667,6539,2361
1.03492352267192,-0.130480284009097,0.387833415521743,5817.47833333333,6542,2361
0.860827972055428,-0.0329491721743558,0.41243882793433,5818.07893333333,6544,2361
0.24612820687916,0.252259061694841,0.450584373974508,5819.3135,6547,2362
-0.0251858918337179,0.502228580625069,0.480712162499724,5819.94746666667,6548,2362
-0.120257521047145,0.766476664687817,0.472569722154984,5820.54806666667,6549,2362
-0.120585666581387,0.76903607100906,0.473374353474226,5820.58143333333,6549,2362
-0.2596973903509,1.04960377804673,0.468461670145409,5821.18203333333,6550,2362
3.46617636325802,-0.0319902207603531,0.600935551843992,5824.9191,6551,2363
2.75289758316841,-0.471556309408009,0.601796388741611,5827.38823333333,6552,2364
4.29084979075952,9.42762816638312,1.33562992796711,5832.39323333333,6553,2365
0.99328994398925,2.32052373173928,0.676818333387802,5833.6278,6554,2366
-2.02677165058985,2.058665535431,0.528259722928841,5837.36486666667,6555,2367
-1.84170605995851,2.00973048714117,0.465762612790215,5837.96546666667,6556,2367
-1.64023873899669,1.86181370412566,0.45298112940378,5838.59943333333,6557,2367
-1.43645215264242,1.70350971486363,0.4090496852905,5839.2334,6558,2367
-1.19862839916255,1.57277695526248,0.378153867870482,5839.86736666667,6560,2367
-0.915020670841938,1.57328872799443,0.391870884086027,5840.46796666667,6561,2367
-0.588272014306348,1.59642330142473,0.425828027738831,5841.10193333333,6563,2367
-0.339045239942402,1.68381413111252,0.434067504288883,5841.7359,6564,2367
-0.117304048293239,1.65813555429059,0.36087340093001,5842.36986666667,6565,2367
0.137009239438078,1.69717670876152,0.333771654673837,5842.97046666667,6566,2367
0.41464847890385,1.91518956257462,0.323841324227706,5843.60443333333,6567,2367
2.44647065630576,2.00098578800174,0.415242510302602,5839.86736666667,6559,2368
2.3596532023022,1.70752406525309,0.427623305816909,5840.50133333333,6562,2368
-0.373038546676749,-0.872708119788362,0.339140611771088,5844.839,6568,2369
-3.6205015279112,1.73335734293264,0.657916615913959,5847.3415,6569,2370
-0.572511187385367,0.0221749838066183,0.3865002764672,5847.3415,6570,2371
-0.269174066443681,0.130818982189557,0.379008197884739,5848.57606666667,6571,2372
-0.151864170732863,0.200636709363485,0.378477812107994,5849.21003333333,6572,2372
-0.10680197313079,0.277294512984903,0.340049777072192,5849.844,6574,2372
-1.64468508193661,6.50405862821602,1.78002619393634,5849.3435,6573,2373
-1.97071117851959,6.05706835800095,1.48203844670166,5849.97746666667,6575,2373
0.0149202033035087,0.59321463664074,0.333388019374896,5851.07856666667,6576,2374
0.406416429306169,0.92264667326503,0.353231622498579,5852.31313333333,6577,2375
0.601175667148486,1.03309511085576,0.399684362434831,5852.9471,6578,2375
0.891883215013848,1.04222202340292,0.443191541567422,5853.5477,6580,2375
0.894840205735065,1.04306904227693,0.443848590273038,5853.58106666667,6580,2375
1.04992946579508,0.911961429906075,0.441098378226594,5854.18166666667,6582,2375
-1.99994715322066,4.29776791964304,0.231135639985146,5853.4476,6579,2376
-1.78780142407271,4.31875188233964,0.276269550838548,5853.9481,6581,2376
-1.7730507466994,4.32413492128307,0.282482090620743,5853.98146666667,6581,2376
-1.74724168195147,4.32130316859675,0.29277497159206,5854.01483333333,6581,2376
-1.74219292377329,4.33430216095199,0.299647896174513,5854.0482,6581,2376
-1.37943662769665,4.44581959610357,0.5316517698313,5854.71553333333,6583,2376
-1.3770649384332,4.46249477745186,0.54628360862572,5854.7489,6583,2376
-1.35216671861535,4.45469177425471,0.561318796703075,5854.78226666667,6583,2376
-1.06594511189527,4.56689674059113,0.773443496591033,5855.38286666667,6584,2376
-0.655878601909365,4.5985247966546,1.00614251046742,5856.08356666667,6586,2376
-0.63163792775085,4.58744670562179,1.01666502699079,5856.11693333333,6586,2376
-0.611098198498871,4.58075712421667,1.02704492806829,5856.1503,6586,2376
-0.187448551061925,4.35701326238603,1.22051620139195,5856.88436666667,6587,2376
-0.177439020431711,4.34681394222899,1.22806141397804,5856.91773333333,6587,2376
-0.164915660048819,4.33183765221887,1.23778186202989,5856.9511,6587,2376
-0.154032990805831,4.32007232356351,1.24596569477246,5856.98446666667,6587,2376
-0.14260043787191,4.30847502424939,1.2526489654973,5857.01783333333,6587,2376
0.214461250081198,3.68677792207694,1.32986906217531,5857.81863333333,6589,2376
0.223343844570376,3.66528085875854,1.33245226965671,5857.852,6589,2376
0.233109334143259,3.64021330653204,1.33874873082784,5857.88536666667,6589,2376
0.246260615899949,3.60589713058979,1.34010645037947,5857.91873333333,6589,2376
0.558803122838113,2.95217577858765,1.41884624668594,5858.58606666667,6593,2376
0.568776392746891,2.92952392318219,1.42173526941039,5858.61943333333,6593,2376
0.583324054696925,2.89866445551649,1.42465726196295,5858.6528,6593,2376
0.595619118308483,2.86773026981569,1.42718511660915,5858.68616666667,6593,2376
0.940194914721845,2.22986849619961,1.43877528910118,5859.38686666667,6594,2376
0.954944152309153,2.19625963655464,1.43819575571422,5859.42023333333,6594,2376
0.970908845869206,2.15985506743713,1.43719007958002,5859.4536,6594,2376
0.986620421804844,2.12391609388008,1.43693747014862,5859.48696666667,6594,2376
1.00124654639123,2.0811436425745,1.43066855255903,5859.52033333333,6594,2376
-3.87001206431946,2.15829581933006,0.496942996201051,5856.0502,6585,2377
-0.422232505959531,0.526271526398354,0.397701920847125,5857.28476666667,6588,2378
-0.36334454309079,0.666476344781059,0.413944598907852,5857.91873333333,6591,2378
-0.216181676690985,0.914653002779537,0.502167192443054,5858.5527,6592,2378
-1.98556371272852,3.36943111341141,0.363628220453966,5857.91873333333,6590,2379
-1.2320466203823,3.35610926063666,0.344373006220204,5859.78726666667,6595,2380
-2.97613785202285,1.49577942669551,0.60848143137445,5859.78726666667,6596,2381
-0.00451459560661971,1.29576798399062,0.71705520409065,5859.78726666667,6597,2382
0.139707754832827,1.4455178602863,0.686383651399937,5860.42123333333,6598,2382
0.217266008702494,1.60315347252214,0.513977759574616,5861.02183333333,6600,2382
0.218935644585556,1.60025809014609,0.511885954890609,5861.0552,6600,2382
0.32589747007039,1.37614078898483,0.461116048011439,5861.6558,6603,2382
0.406344159393949,1.18500963003652,0.471457595197317,5862.28976666667,6605,2382
-0.828803338763206,3.14610023303429,0.436918776994322,5861.02183333333,6599,2383
-0.5968585822367,3.03165310032822,0.449848724458968,5861.6558,6601,2383
-0.318482069118362,3.01574118193852,0.462226136285088,5862.28976666667,6604,2383
-0.00297203355743103,3.06580792202384,0.449978552248711,5862.92373333333,6606,2383
0.2823829229137,3.11608783460239,0.418611341416629,5863.52433333333,6607,2383
-2.59990554200227,0.820281274920967,0.483414825449403,5861.6558,6602,2384
-1.69911812182844,0.438723545421268,0.719429253943786,5863.52433333333,6608,2385
-0.365779194140146,4.03512396798161,0.585697469792499,5864.79226666667,6609,2386
-0.422735647737894,3.6711922640839,0.488018217897092,5865.42623333333,6611,2386
-0.51430041904344,3.3662412172367,0.368833056659989,5866.02683333333,6613,2386
-0.472882007865226,3.1795622499373,0.400756384095718,5866.6608,6614,2386
-0.354839526552518,3.01408075401175,0.481647449887305,5867.29476666667,6616,2386
-0.175391288970854,2.79523225128363,0.561979153714277,5867.89536666667,6617,2386
-0.174634843716026,2.79291535647084,0.562333771559605,5867.92873333333,6617,2386
-0.066417180546715,2.50647789090408,0.558131975938188,5868.52933333333,6620,2386
-0.00195624004131001,2.36321342065429,0.488999383480169,5869.1633,6623,2386
0.215627087580096,2.31297957984445,0.42190284390348,5869.79726666667,6625,2386
0.488213166952435,2.31051420284003,0.443506259136368,5870.39786666667,6627,2386
1.34401072711182,2.62166473579706,0.372746693723248,5865.42623333333,6610,2387
1.11079016162227,2.21253430042312,0.521679980262876,5866.02683333333,6612,2387
-0.535216555949158,0.299411229914858,0.335943932769397,5866.6608,6615,2388
2.34113959087111,1.95631976663386,0.395075135405898,5868.52933333333,6618,2389
-2.10785413842582,3.62916887279879,0.829182478060785,5868.52933333333,6619,2390
-0.0660003010900669,0.296982266492064,0.445532554238248,5868.52933333333,6621,2391
0.250021487867996,0.345981329944513,0.551976836161904,5869.1633,6624,2391
-0.764512565076053,3.20775124792086,0.230430008376239,5869.1633,6622,2392
-2.47678669732091,2.21879159670616,0.595482062761959,5870.39786666667,6626,2393
-2.44542610117511,1.87022373879528,0.686856901259818,5871.03183333333,6628,2393
-2.43541701743321,1.51537099083507,0.604011622953175,5871.6658,6629,2393
-0.955402827307616,0.583172159517507,1.56419172182366,5871.6658,6630,2394
1.20365994149819,2.17073767848837,0.526195721358293,5872.2664,6631,2395
-2.27049871362613,0.490356102874896,0.618993332041321,5872.90036666667,6632,2396
-0.509097242862556,0.0552583031454931,1.58598084785926,5874.1683,6633,2397
-0.19270141275368,-0.0390054964879776,1.56155681815945,5875.40286666667,6634,2398
-0.0379210591823774,-0.0318830247324646,1.56017358921714,5876.03683333333,6635,2398
0.0496792948775412,-0.0170811699830533,1.49221308236858,5876.63743333333,6636,2398
0.143802118673531,0.0205730563683668,1.42471647323713,5877.2714,6638,2398
0.258304478664598,0.100842231813812,1.32049364753416,5877.90536666667,6639,2398
0.513314766904833,0.682908816263897,0.826740946283356,5878.50596666667,6640,2398
0.316870426755316,0.253271402967986,1.19774471010914,5878.53933333333,6641,2398
0.283653692627544,0.406738652173925,1.23182033690285,5879.13993333333,6642,2398
0.207734721325202,0.54087939265745,1.30198079986177,5879.7739,6643,2398
0.0917888897613849,0.685922845503161,1.36459927244881,5880.40786666667,6645,2398
-0.0384520376367786,0.842085530840787,1.36868147544981,5881.04183333333,6647,2398
-0.187425293994702,0.95629671249592,1.33157527886594,5881.64243333333,6648,2398
-0.341096500633847,1.05037454186843,1.24630166581274,5882.2764,6649,2398
-0.438211105089826,1.16093581595697,1.17091053742189,5882.91036666667,6651,2398
2.59044714003593,-1.42858740796453,0.432440854572892,5876.63743333333,6637,2399
-3.4078640287397,0.129378603949781,3.82639134845637,5880.40786666667,6644,2400
-3.39543941496537,0.392279598941594,3.67585998977516,5881.04183333333,6646,2400
-3.38051248905585,1.11412050601999,3.02920623194624,5882.91036666667,6650,2401
-3.40297726044538,1.57622539733965,2.61045483488217,5884.14493333333,6652,2402
1.75939796258137,-7.58724370863779,6.03366514306753,5891.2854,6653,2403
1.76263703666471,-7.61810644197665,6.06287759962396,5891.31876666667,6653,2403
1.99611562052726,-6.5931633087033,5.7521305016775,5893.2874,6654,2404
2.00581162150618,-6.61983370654747,5.77102805944042,5893.32076666667,6654,2404
3.4830903405812,-0.177578353032211,0.496470357191248,5894.12156666667,6655,2405
2.99146976221264,2.24029101550338,14.3714691619191,5894.1883,6656,2406
3.73022219729901,0.510343398146152,0.838365317064212,5896.62406666667,6657,2407
3.74825495499288,0.752093937827201,0.810783126317009,5897.25803333333,6658,2407
3.58169655046287,0.859840883558117,0.679683331371016,5897.892,6659,2407
-3.18334469940394,2.1094345333014,0.471433977574654,5899.76053333333,6660,2408
-1.72088517206064,2.05111515428186,0.740449834031611,5902.26303333333,6661,2409
-1.73299111146604,1.92919815477233,0.638732143463702,5902.897,6662,2409
-2.03412948660932,1.80912328260249,0.407813930464775,5902.897,6663,2409
-1.67938605409918,1.84789549791512,0.553217223461395,5903.53096666667,6664,2409
-1.54679414178412,1.71606271962144,0.422653747664731,5904.76553333333,6665,2410
-1.18625799702396,1.66708670673946,0.444834460678015,5905.3995,6667,2410
-1.05675483353408,1.95502212348217,0.353109139327169,5906.0001,6668,2410
-0.879744078672327,1.61162008115167,0.499702875391894,5906.0001,6669,2410
-0.563181225448689,1.53208645815197,0.495475607194677,5906.63406666667,6670,2410
-0.250869757025095,1.40330817362535,0.421660176297733,5907.26803333333,6673,2410
0.0921653134991547,1.20876085652366,0.360885232648108,5907.86863333333,6675,2410
3.85386748833827,-0.813756115624695,0.811723623132349,5904.76553333333,6666,2411
3.55148710437606,-0.599972751922933,0.576055057974402,5906.63406666667,6671,2412
-0.690137867906686,-1.34613814356969,0.141640104481527,5907.23466666667,6672,2413
-2.51952100281065,1.49565965115403,0.370577121390398,5907.86863333333,6674,2414
-2.28160937483885,1.58084027227371,0.421280863328064,5908.5026,6677,2414
-2.03915999634014,1.58642558681075,0.460040325277436,5909.1032,6679,2414
-1.75269520050835,1.59258516964456,0.402812269829438,5909.73716666667,6681,2414
0.120358085942243,0.365763094807664,0.270029039665745,5907.86863333333,6676,2415
0.275797257381747,0.20010657083235,0.233641864521518,5908.5026,6678,2415
-0.405661291129682,-1.61932639145196,0.446790656717012,5909.1032,6680,2416
-1.06051070626771,1.62127829661163,0.413259497095859,5910.97173333333,6682,2417
-0.727172932286038,1.58209199392453,0.416069034353792,5911.6057,6683,2417
-0.468325672011896,1.55227589706435,0.358919118326453,5912.2063,6684,2417
-0.465492418554266,1.55256565889519,0.358704406495218,5912.23966666667,6684,2417
-0.245017553680831,1.62310335158155,0.357584393052265,5912.84026666667,6686,2417
0.145575137505421,1.65133930261581,0.392964159068321,5913.47423333333,6688,2417
0.521772131243752,1.67902619093259,0.454450175004565,5914.07483333333,6689,2417
0.527033385100117,1.6781471586047,0.455154238603854,5914.1082,6689,2417
0.861209351941263,1.59554521337453,0.485679798376585,5914.7088,6690,2417
1.07642209683352,1.46051781520185,0.482045154822031,5915.34276666667,6694,2417
1.18572338104296,1.50908940804405,0.400788228727344,5915.94336666667,6695,2417
0.016641117048775,0.0225225755800453,0.344628265083863,5912.2063,6685,2418
0.166743740116082,0.375095204214979,0.356846924760915,5912.84026666667,6687,2418
0.996200107436795,0.298457548218734,0.453165297628772,5914.7088,6691,2419
1.36505390329515,0.214171309627187,0.416344569084823,5915.34276666667,6693,2419
1.78788627748472,0.250244444597767,0.405909145309095,5915.97673333333,6696,2419
2.16423973196329,0.349624967044503,0.419306763225136,5916.57733333333,6698,2419
-0.77381473731066,3.31253774447588,0.494223367629793,5915.34276666667,6692,2420
-0.605820370808621,2.98244423940518,0.350242411672978,5916.57733333333,6697,2421
-0.591417913236089,2.77644955253733,0.283841875215716,5917.2113,6699,2421
-0.524802903898868,2.53526251407522,0.268908731658251,5917.84526666667,6700,2421
-0.471111157575951,2.32053275276639,0.311579963708398,5918.44586666667,6701,2421
-0.415599037852432,2.08449719213527,0.345444687936622,5919.07983333333,6702,2421
-0.307494145923791,1.80786320517083,0.36737302440062,5919.7138,6704,2421
-0.245110613251281,1.58767124180517,0.295498310249522,5920.34776666667,6706,2421
-0.116952162065609,1.37235998085076,0.295502356861842,5920.94836666667,6709,2421
-0.11480185155447,1.36983469092422,0.296056176968399,5920.98173333333,6709,2421
2.80056434962492,1.2773680705987,0.578199508203165,5919.07983333333,6703,2422
2.70688988210357,1.42614211587812,0.579925295198965,5919.7138,6705,2422
2.5338664728514,1.72650725966124,0.600478767482807,5920.34776666667,6707,2422
2.36444157029046,1.9956644737785,0.653557506351076,5920.94836666667,6708,2422
2.07564992924997,2.14746358901998,0.718136228844524,5921.58233333333,6710,2422
1.80888844324635,2.31653411046825,0.660004156780461,5922.2163,6711,2422
1.44171028715195,2.5114654892386,0.531793128286911,5922.85026666667,6712,2422
-1.71344311932846,1.1255005088361,0.232815967872023,5923.45086666667,6713,2423
0.477041680837074,2.75449594624772,0.405819827704905,5924.08483333333,6714,2424
-1.10153915578464,1.69055164483056,0.336242732551723,5925.95336666667,6715,2425
-0.817898460122035,1.70346794264883,0.365493614386337,5926.55396666667,6716,2425
-0.814086861522537,1.70455827268057,0.365713048871044,5926.58733333333,6716,2425
-0.467031460165957,1.6885606733594,0.372833862614347,5927.18793333333,6717,2425
-0.148261047331744,1.61361332121538,0.383757649403201,5927.8219,6718,2425
0.10594870222408,1.51036828609683,0.403142644206601,5928.45586666667,6719,2425
0.338403012958742,1.43156559361799,0.357612438563372,5929.05646666667,6720,2425
0.561271404905739,1.46399196924906,0.324015162374522,5929.69043333333,6721,2425
0.77137427529519,1.38492382346461,0.268170443695992,5930.3244,6722,2425
-1.10883941207698,1.80974513649338,0.361372438843206,5935.3294,6723,2426
3.42819534262893,-0.613259884961275,0.600283554578992,5937.19793333333,6724,2427
3.53525622764744,-0.316689248003964,0.664104060960661,5939.06646666667,6725,2428
4.48359457803963,-0.818253261393391,1.08087495083439,5939.70043333333,6726,2429
4.22927735509365,-0.893809937052908,1.21548066996585,5940.3344,6729,2429
3.64464221377273,0.575112553388002,0.363999647292189,5940.30103333333,6727,2430
2.83128073772935,0.198466999350987,0.790236525662422,5940.935,6731,2430
-2.42966493899314,1.72263629187501,0.594911046143049,5940.3344,6728,2431
-2.0668774505763,2.1484657850341,0.631719129796679,5940.935,6730,2431
-2.11650972997131,1.81036336410872,0.545090795249792,5940.96836666667,6732,2431
-1.79133262387784,1.95467624436404,0.610719050804628,5941.56896666667,6733,2431
2.89977017711722,2.01422848854593,0.199052923429707,5942.20293333333,6734,2432
3.43832684436945,-1.26066471660688,1.11971524155779,5942.20293333333,6735,2433
3.12985442359755,-1.31187010916763,1.04836304021305,5942.8369,6737,2433
-1.63420721077737,1.36929289054745,0.519683269488795,5942.8369,6736,2434
-1.56595859553078,1.13941217678508,0.461263785421983,5943.4375,6738,2434
-1.38890561466248,1.94307204781333,0.317463671692651,5943.47086666667,6740,2434
-1.20818880826903,2.04216818615137,0.306652244189596,5944.07146666667,6741,2434
-1.03186279030501,2.19480834344108,0.404456123021569,5944.70543333333,6744,2434
-0.799350965104631,2.34546813094362,0.497872612832812,5945.30603333333,6747,2434
-0.48900233360534,2.45906262468692,0.516638330760719,5945.94,6751,2434
-0.205488879020569,2.58284324883804,0.549016579660159,5946.57396666667,6752,2434
2.45472270691486,1.66781140734137,0.218617280458767,5943.4375,6739,2435
2.20391030703315,1.41984048656039,0.232749748020093,5944.07146666667,6742,2435
3.44902219493183,1.55840436869214,0.407663648234807,5944.07146666667,6743,2435
1.92138952365863,1.14780446980735,0.249414978936164,5944.70543333333,6745,2435
3.17994762244207,1.55894716592936,0.368406621367223,5944.70543333333,6746,2435
1.63256791896671,0.862874034472288,0.247506089127493,5945.30603333333,6748,2435
2.94100922208246,1.67150902642595,0.287736961238409,5945.30603333333,6749,2435
2.79554559470047,1.85066333650081,0.254487109966831,5945.94,6750,2435
2.0951353418986,1.86705483367605,0.297386869151076,5947.80853333333,6753,2436
1.86620559479883,1.87407786038113,0.288197061031528,5948.4425,6754,2436
1.54682599312344,1.95098296934573,0.205465860678771,5949.67706666667,6755,2437
1.40055712388629,2.04790336607458,0.186382693554073,5950.31103333333,6756,2437
1.18963602890253,0.0357092965390513,0.372241442239057,5957.18456666667,6757,2438
-0.951811023372596,1.61855261970917,0.266022050478027,5969.69706666667,6758,2439
-0.738410092651023,1.8215080465221,0.249509625169052,5970.33103333333,6759,2439
-0.705566720102034,5.04758386607763,0.761901310266087,5987.11446666667,6760,2440
-3.37408957081114,3.2241612986656,0.693490500587615,5989.61696666667,6761,2441
2.20178203327452,4.99630853656223,0.317383952029851,5990.85153333333,6762,2442
-2.44386241198769,2.40080741511997,0.6318708364271,5992.0861,6763,2443
-2.20563814279613,2.01416481084896,0.599704827556704,5992.72006666667,6765,2443
2.30417893153019,3.59091089009131,0.252904412673803,5992.72006666667,6764,2444
2.33304753423048,3.14814524421643,0.291842415772824,5993.35403333333,6766,2444
-1.83103979409654,1.51824097775224,0.522316192317061,5993.95463333333,6767,2445
-1.77393902291648,2.31883521432478,0.572937304693221,5994.5886,6769,2445
-1.76961183909989,1.39622524052367,0.486184311646488,5994.5886,6770,2445
-1.57577951024487,1.3921314115883,0.506345851066484,5995.22256666667,6773,2445
2.29689702656428,2.52517328827876,0.326047374588782,5994.5886,6768,2446
2.19446617122839,2.23908382997963,0.283166070133899,5995.22256666667,6771,2446
-1.0861599871018,3.72954605716256,0.271650876501097,5995.22256666667,6772,2447
-0.784118572493481,3.42910376831058,0.184691028868266,5996.45713333333,6774,2448
-0.644460628696222,3.36371052829959,0.207706925500846,5997.0911,6776,2448
-0.595876250300421,3.28494012173918,0.277517824747017,5997.6917,6779,2448
-0.724518479328696,3.11905206369217,0.328641773570883,5998.32566666667,6781,2448
-0.996220217806842,1.69482305344165,0.592727045277978,5996.45713333333,6775,2449
-0.630103463475271,1.924184726915,0.63706070288007,5997.0911,6777,2449
-0.279597707501646,2.13547087028649,0.605112990728796,5997.6917,6780,2449
0.00524876290520171,2.35165634005736,0.516490640346522,5998.32566666667,6782,2449
3.59875775861176,1.80417743152285,9.25597346257823,5997.55823333333,6778,2450
5.3801029105199,1.52552428518818,9.31322527357806,5999.66033333333,6783,2451
5.38752035188573,1.52240248247513,9.31214588790483,5999.6937,6783,2451
-1.32308251977128,1.11699337884095,0.271285561027464,6005.76643333333,6784,2452
-0.876195712243515,1.38277302168474,0.317410795575838,6007.001,6785,2453
-0.824224043567383,1.53148001943779,0.367369662163153,6007.63496666667,6786,2453
-3.15373426170428,4.17692210927134,-0.0640514108329809,6008.26893333333,6787,2454
-1.34335269493201,3.40766284581085,0.338136259754832,6008.86953333333,6788,2455
-1.18383168038019,3.43040575134015,0.389417154232306,6009.5035,6790,2455
2.46652604630253,-0.173138315793518,0.476048783355166,6008.86953333333,6789,2456
2.34476302910557,-0.0154324864232112,0.401750744131898,6009.5035,6792,2456
2.24413495897014,0.177025261676213,0.345980997544241,6010.1041,6793,2456
2.2806392069672,0.490221015918653,0.410654159110174,6010.73806666667,6795,2456
2.36686737148344,0.872435908054574,0.386141284075631,6011.37203333333,6797,2456
2.23340102429427,1.05405837919008,0.345576318210165,6012.006,6798,2456
2.13712517264086,1.22199805267467,0.265458002158915,6012.6066,6799,2456
2.39543430301251,1.21285611929323,0.380620039448879,6013.24056666667,6800,2456
-0.198387099958883,2.16882115996047,0.287851939577108,6009.5035,6791,2457
-0.795086495356431,3.41694014414533,0.450301772518087,6010.73806666667,6794,2458
-0.634726470749478,3.47988967216147,0.45088227555052,6011.37203333333,6796,2458
-4.11408625801445,1.56820075449624,0.972367656383822,6014.47513333333,6801,2459
-3.9095048825888,1.49316569912201,0.94103463368095,6015.07573333333,6802,2459
-3.3539006127963,1.03521248064122,0.841988524213451,6016.97763333333,6803,2460
2.18558641641654,2.78457068567558,0.669624588124479,6017.6116,6804,2461
1.92154103604574,2.84105596480737,0.522400209700309,6018.2122,6805,2461
1.58308324825658,2.9104408868715,0.485895460785397,6018.84616666667,6806,2461
0.614832810700411,2.89458323361667,0.414362430124807,6020.08073333333,6807,2462
0.245448824392783,3.01579195123765,0.456080106971497,6020.7147,6808,2462
-1.07741826735143,4.25422722299594,0.4160987246052,6021.3153,6809,2463
-0.949237921783198,3.82335825881204,0.445492982237141,6021.94926666667,6810,2463
-0.879775581127065,3.56530893600603,0.49182990305326,6022.58323333333,6812,2463
-0.881207016697994,3.44913484837304,0.596219901846871,6023.2172,6814,2463
-0.856642913747077,3.21747557903455,0.665041695005956,6023.8178,6815,2463
-0.75722082633987,3.00951488836493,0.540026930112209,6024.45176666667,6817,2463
-0.671451935820441,2.68613326493385,0.472324608850113,6025.05236666667,6819,2463
-0.637123151538933,2.27651538959119,0.473137667260906,6025.68633333333,6820,2463
-0.628822227223329,1.90633172981389,0.5280157159798,6026.28693333333,6821,2463
2.85548254097627,0.324304658493721,0.393805186851925,6021.94926666667,6811,2464
-2.25014324452376,4.25985440031971,0.405938923257913,6023.18383333333,6813,2465
2.76915084764167,1.1698318096455,0.443587178793037,6023.8178,6816,2466
2.69946292708902,1.37447012366997,0.380667141984035,6024.45176666667,6818,2466
3.14261960310647,3.67744922998635,0.263490900235731,6038.1321,6822,2467
1.70923779929748,-0.181295804389716,0.305156644503255,6038.1321,6823,2468
1.39911120590096,0.079987366898207,0.245428584417192,6039.36666666667,6824,2469
1.26276033055606,0.218624016124783,0.29796112091158,6040.00063333333,6825,2469
1.0186168041195,0.331661062275902,0.33717331487134,6040.60123333333,6826,2469
0.260075540486879,0.423220329402299,0.349619274504186,6042.46976666667,6827,2470
0.00742931001225589,0.491321109238121,0.36101933553268,6043.10373333333,6829,2470
3.14500405630055,2.04997337234244,0.299578311191178,6043.10373333333,6828,2471
11.0509657326872,-3.22564555883554,6.28183016469317,6043.70433333333,6830,2472
11.0567352028512,-3.22815397838685,6.2815448649674,6043.7377,6830,2472
11.0501067968347,-3.21616640671172,6.27743413993911,6043.77106666667,6830,2472
2.93817078399868,1.74340609068214,0.354383831679786,6044.37166666667,6831,2473
2.75739102248493,1.58867058903888,0.39441080107269,6044.97226666667,6832,2473
2.54815955857485,1.43316583427452,0.406895480445507,6045.60623333333,6833,2473
3.4833890355594,5.066621128989,0.440681163146198,6051.17846666667,6834,2474
3.07433940315881,4.15005094164982,0.452262577108258,6053.08036666667,6835,2475
-0.668425049170038,4.11428003392791,0.44067082193803,6053.68096666667,6836,2476
-0.641908993386117,3.80349934099402,0.407125473641206,6054.31493333333,6838,2476
2.82256042957342,3.58140724076249,0.42676559133214,6054.31493333333,6837,2477
2.64676670188412,3.23146257378687,0.458800005305861,6054.9489,6839,2477
-0.698515108128909,3.28786384992911,0.401362944341819,6055.5495,6840,2478
-0.735823161871352,3.04834164373494,0.398152007842991,6056.18346666667,6841,2478
-0.612074467957224,2.83059949381673,0.364396532572025,6056.81743333333,6843,2478
-0.412139436067119,2.69911368697761,0.359541001913871,6057.41803333333,6844,2478
-0.160212133899538,2.52753331130075,0.407211319365575,6058.052,6845,2478
0.0489862912162765,2.35307395582708,0.432841825169479,6058.6526,6847,2478
0.0513785788984219,2.35042619735589,0.433193681860303,6058.68596666667,6847,2478
0.313356057391124,2.20846344932891,0.394862904170603,6059.28656666667,6849,2478
0.526192724388452,2.03148461541366,0.373850486579555,6059.88716666667,6850,2478
-3.66732698259659,0.865678198477377,0.402871515083809,6056.18346666667,6842,2479
-5.88410281861414,2.38342355826721,11.8298465536361,6058.1521,6846,2480
2.08251869018844,2.14048108134391,0.255549742788831,6059.28656666667,6848,2481
0.942808042090363,1.9537763247609,0.419792490830485,6061.1551,6851,2482
1.28299709938564,1.89401186460555,0.486910737727173,6061.7557,6852,2482
-0.202983530407986,-0.00508184499937969,0.359588175189377,6063.02363333333,6853,2483
-0.325846112856654,0.171290000031311,0.37631045647525,6063.62423333333,6854,2483
-0.354223879737164,0.344202713572985,0.328445571169903,6064.2582,6855,2483
-0.413124739072622,0.475897693625979,0.319559493441022,6064.89216666667,6857,2483
-0.428869302191852,0.734591386274409,0.340529498389987,6065.49276666667,6859,2483
-0.413185506400846,0.939132626760894,0.388633091036857,6066.12673333333,6861,2483
3.18200067831688,-1.17455599677273,0.385492055264771,6064.2582,6856,2484
-3.17469277639114,2.08810835566514,0.580772227630211,6065.49276666667,6858,2485
-3.01166250390963,2.16569630148037,0.517733720260655,6066.12673333333,6860,2485
2.64399122754219,-1.29162085167663,0.336282473849368,6066.12673333333,6862,2486
-2.48076820084861,2.35860883639516,0.355026493856848,6067.99526666667,6863,2487
-1.2739016860571,4.29245658611037,0.40115023708953,6078.00526666667,6864,2488
-0.655278438009391,3.79857566608401,0.226255435069409,6081.74233333333,6865,2489
-0.965562853928569,-0.256353651406201,0.20657271230368,6082.3763,6866,2490
-0.683083375538294,3.44970674123301,0.317271705662569,6083.01026666667,6867,2491
-0.739137904070214,3.27371303843451,0.33023141295332,6083.64423333333,6868,2491
-0.810349312586635,3.08921929132011,0.390812107972043,6084.2782,6870,2491
-0.835247986386179,2.87290674238764,0.36324533387723,6084.91216666667,6871,2491
-0.787070833641416,2.65710614685457,0.278568933533404,6085.51276666667,6872,2491
-0.59057592570449,2.43399314380272,0.259223572560192,6086.14673333333,6873,2491
-0.510567520301693,2.21774080628654,0.318201783745492,6086.74733333333,6874,2491
-0.506124516206747,1.91209512353426,0.354054093377373,6087.3813,6875,2491
-0.458031933309808,1.62338315770407,0.37639950975122,6088.01526666667,6877,2491
-0.385572624863925,1.28078655706569,0.354684309100899,6088.61586666667,6878,2491
-1.12965398973498,-0.0535877207980013,0.210083587692354,6083.64423333333,6869,2492
3.53252742130617,-0.156268989919907,0.568302202253188,6087.3813,6876,2493
1.7618221212047,-1.20561271458846,0.437324865087636,6089.24983333333,6879,2494
1.66066654600165,-1.00910751568408,0.405653737666674,6089.8838,6880,2494
1.56377624543102,-0.822773665144905,0.406187804503321,6090.51776666667,6882,2494
3.38435736820744,1.01535309821178,0.50985993678367,6089.8838,6881,2495
1.30192210675735,-0.314821779339612,0.472003945719498,6091.75233333333,6883,2496
1.11141623455864,0.0523918717634405,0.504612570163499,6092.3863,6885,2496
3.89091900616582,0.573070952519993,0.587446708393683,6091.75233333333,6884,2497
0.55602727743932,1.24038910451807,0.466748617544002,6094.85543333333,6886,2498
2.43539114722586,7.24217212652245,1.26191401097295,6095.4894,6887,2499
2.66240755463011,6.69719709137549,1.03032616318738,6096.12336666667,6888,2499
2.80254246043166,6.19421553589561,0.887430559924052,6096.75733333333,6889,2499
2.91664475115388,5.55033088325833,0.778418545194348,6097.35793333333,6890,2499
3.07355487058492,4.97477951138402,0.711067546783486,6097.9919,6891,2499
3.13234208853842,4.53269516312069,0.647481033418169,6098.62586666667,6892,2499
3.17067419214256,3.98024623995885,0.601594018840951,6099.25983333333,6893,2499
3.63963364434202,2.84781300385745,0.546398159686821,6100.4944,6894,2500
-4.04321852575693,-0.8667698047933,0.662611657683837,6110.5044,6895,2501
-0.889350416874681,3.09842133025594,0.403808863200413,6112.37293333333,6896,2502
-0.897869112945182,2.82575193286256,0.490651136433264,6113.0069,6897,2502
-0.902289363040018,2.54453327769501,0.491149955890252,6113.64086666667,6899,2502
-0.894759229883143,2.2820453776154,0.403016072447854,6114.24146666667,6900,2502
-0.819805834412652,2.04309199767112,0.367147128826967,6114.87543333333,6901,2502
-0.696378593330137,1.80024620278612,0.406841649491045,6115.5094,6903,2502
-0.507572743962975,1.49796591890067,0.402940774242573,6116.14336666667,6904,2502
-0.38115782768192,1.35776984410858,0.352711293189108,6116.74396666667,6905,2502
-0.0855036057803732,1.27289393103469,0.389228177639934,6117.37793333333,6906,2502
0.315998413108197,1.25091791586997,0.448978046055229,6118.0119,6909,2502
0.554849417739044,1.31243055934873,0.507852610076017,6118.64586666667,6912,2502
-3.38458478000232,-0.698276370230716,0.519879835345607,6113.0069,6898,2503
-2.90804794540743,1.99957589177255,0.440414306302525,6115.5094,6902,2504
2.46930060759812,3.63895215104715,0.28764319465839,6118.0119,6907,2505
-2.28274264704348,0.980493550937878,0.424953304431101,6118.0119,6908,2506
-2.00158855999676,0.708614299122203,0.357642349094668,6118.64586666667,6910,2506
-2.22157657712258,0.312181377708264,0.417069507484005,6118.64586666667,6911,2506
-2.29494054051064,0.3959699429827,0.412139567892503,6119.27983333333,6913,2506
1.94610634661829,5.60574095038429,0.406259838721317,6119.88043333333,6914,2507
1.89251311180257,5.33017154475634,0.456144824856642,6120.5144,6916,2507
1.86097650085989,5.1707477566784,0.449069876205343,6121.14836666667,6918,2507
0.723259492109283,0.563032045221155,0.382525757930179,6119.88043333333,6915,2508
-2.26685067279868,0.771421811729671,0.354237670614292,6120.5144,6917,2509
1.75752979521216,4.44271035816517,0.39916332182747,6122.38293333333,6919,2510
1.84355517008625,4.14868479099633,0.390437303022416,6123.0169,6922,2510
1.98746294580679,3.82217652897926,0.39879691127708,6123.6175,6925,2510
2.17476534411356,3.6777905095682,0.431400790308773,6124.25146666667,6927,2510
2.37129761581746,3.5331793283322,0.475139746204814,6124.88543333333,6929,2510
2.45666155374236,3.23160149731765,0.511129173379503,6125.48603333333,6931,2510
2.4334712936342,3.19628607109324,0.499213519100741,6125.5194,6931,2510
2.55183066993591,2.89278079891495,0.476317705537765,6126.12,6934,2510
2.64759957145515,2.64748327738517,0.463713087135498,6126.75396666667,6937,2510
2.71211408493721,2.44123588952083,0.456175616029309,6127.38793333333,6940,2510
2.67456384018384,2.20608606703176,0.48949565275367,6128.0219,6944,2510
2.50591074123887,1.97178922973908,0.520236848732043,6128.6225,6946,2510
2.5012971676069,1.96947179698413,0.520611909970121,6128.65586666667,6946,2510
2.36209350422656,1.66155202476987,0.480644120567099,6129.25646666667,6949,2510
2.28284215711102,1.35417977241929,0.440927156282733,6129.89043333333,6950,2510
-1.44441005643015,3.63787163908797,0.364634796812114,6122.38293333333,6920,2511
2.57942280571243,0.0803356013573761,0.380956829655421,6122.38293333333,6921,2512
-2.13884512948295,1.31950318678113,0.385197167232383,6123.0169,6923,2513
1.43480660032463,1.74229905778586,0.532180916887115,6123.0169,6924,2514
1.43665437988223,1.90529619845441,0.544053295962425,6123.65086666667,6926,2514
-1.20107458061699,3.01578904271434,0.392141068648628,6124.25146666667,6928,2515
-1.04528954841199,2.76212907493004,0.377104269264307,6124.88543333333,6930,2515
-0.621131278682849,2.22711407704008,0.434831432283457,6125.5194,6933,2515
-0.699983891224588,2.38705675201756,0.303537616548627,6126.12,6935,2515
-0.610262781201204,2.17034727485209,0.304584349077163,6126.75396666667,6939,2515
-0.516401423998821,1.92118913466265,0.344245213042555,6127.38793333333,6942,2515
-0.452995291408188,1.61061285488006,0.396307296123332,6127.98853333333,6943,2515
-0.313779601221256,1.25567682175396,0.415132947439853,6128.6225,6947,2515
-0.168444700727956,0.872802103339992,0.446491575913381,6129.25646666667,6948,2515
1.36492881980989,3.33461591679201,0.337704861451065,6125.5194,6932,2516
1.28289686753831,3.12420531311107,0.301216931069482,6126.15336666667,6936,2516
1.19948577419448,2.84906168440803,0.260546842427615,6126.75396666667,6938,2516
0.913708075954447,2.34612936571368,0.485372982149231,6127.38793333333,6941,2516
0.960541968697953,2.32278063940694,0.477006227623886,6128.0219,6945,2516
1.15232334597622,1.08227018671543,7.65421251848972,6133.4273,6951,2517
1.15434336638551,1.08790115351097,7.64660991046961,6133.46066666667,6951,2517
0.755383726019473,2.26715789460602,7.40208362767615,6136.2301,6952,2518
0.75422132965893,2.2716382750991,7.39809590909396,6136.26346666667,6952,2518
0.942193500198772,2.88379637954088,7.78480036129367,6137.6315,6953,2519
0.949413778375554,2.89399495317759,7.78069587755558,6137.66486666667,6953,2519
0.949768087102252,2.89412119028415,7.7638324343658,6137.69823333333,6953,2519
3.80216892912876,0.61921903810287,0.43337468392625,6138.66586666667,6954,2520
-0.407863080032098,-0.544007720089971,0.374684889530575,6143.00353333333,6955,2521
-0.385302113588137,3.46360051446284,0.41255172786403,6149.2431,6956,2522
0.278572545632562,2.96304318824214,0.401982447022522,6151.11163333333,6957,2523
0.437992734989787,2.87150179625221,0.349194347916299,6151.7456,6958,2523
0.668753327572016,2.74236617289962,0.278933061018833,6152.3462,6959,2523
1.04180645262482,2.6699966896768,0.378130514711801,6153.61413333333,6960,2524
3.60601678393152,-0.166653046439443,0.703431106485415,6156.11663333333,6961,2525
3.47281974019138,-0.190360112809039,0.736244402615388,6156.7506,6962,2525
3.21801779688856,-0.208235424027585,0.673230911219829,6157.3512,6963,2525
2.74595828308299,-0.305876025640079,0.509055007903953,6157.98516666667,6964,2525
1.96231592986975,-0.718430673615441,0.466004053821325,6159.21973333333,6965,2526
1.58689793759235,-0.687379461663798,0.422556489979821,6159.8537,6966,2526
-2.80767755059706,-0.355035650224044,0.409413152470506,6161.08826666667,6967,2527
3.45490078242678,-1.32114128772787,0.473861620691019,6161.72223333333,6968,2528
-0.379899932599976,-0.292800192149342,0.341293867283866,6162.9568,6969,2529
5.37011650457719,-2.92707938656162,0.432546455459172,6162.9568,6970,2530
3.38538060234348,1.01647635447764,0.509610898280187,6162.99016666667,6971,2531
3.38731333702445,1.01654976743553,0.510543181350065,6163.59076666667,6972,2531
3.38838236763472,1.01594512837174,0.510295440007662,6166.09326666667,6973,2532
4.03670945432816,-0.856561445123087,0.606831140132027,6167.9618,6974,2533
4.01631193674503,-0.693455328492282,0.573753121014043,6168.59576666667,6976,2533
3.38582261526363,1.01732233506466,0.511332528699309,6167.9618,6975,2534
3.38831135269108,1.01594340342965,0.509701391713932,6168.59576666667,6977,2534
3.38657237376532,1.01621322221016,0.50979843463756,6169.22973333333,6978,2534
1.93512592994048,3.79874278255194,0.229356280193735,6169.83033333333,6979,2535
-0.494972024631657,4.03081611917975,0.396310764464915,6169.83033333333,6980,2536
-1.80542596660956,1.8299582800058,0.414848374294794,6169.83033333333,6981,2536
-0.500036608603805,3.77154415785974,0.43998863736464,6170.4643,6982,2536
-1.63898813218461,1.72651651804478,0.42157341018863,6170.4643,6983,2536
-1.37454113431724,1.61834208460623,0.406307162844613,6171.0649,6984,2536
-0.470528571910117,3.45503302141026,0.435154207914666,6171.09826666667,6985,2536
-0.468018934335554,3.10788499823272,0.390340853523553,6171.69886666667,6987,2536
-1.05349312422073,1.57893447022484,0.420380968660191,6171.69886666667,6988,2536
-0.500709525377544,2.80823584955582,0.323503108536352,6172.33283333333,6991,2536
-0.806683658998458,1.57181373509831,0.412669199165993,6172.33283333333,6992,2536
-0.548981748542773,1.45645395672447,0.403505095556853,6172.93343333333,6994,2536
-0.644993233262453,2.58740953604504,0.294917263418748,6172.9668,6997,2536
-0.443468166200439,1.92145514748602,0.485343662831538,6173.5674,7000,2536
-0.2439597139171,1.35144910661141,0.383664417785178,6173.5674,7001,2536
0.0136198659483149,1.16135934994784,0.428600984278038,6174.168,7003,2536
0.0143357481890929,1.15927607388953,0.429283418491101,6174.20136666667,7003,2536
-0.93804423865172,2.13596193613982,0.297649849375893,6174.20136666667,7005,2536
0.256086400192503,0.927302562906383,0.472589173475624,6174.80196666667,7007,2536
0.438344763457199,0.7682819699715,0.405732916557252,6175.43593333333,7010,2536
1.5557434642273,3.21688660851931,0.186801717745689,6171.69886666667,6986,2537
1.44410693691896,2.95350957993938,0.236400111520844,6172.33283333333,6990,2537
1.35398851935969,2.68925790950049,0.307180351648789,6172.9668,6996,2537
1.22658105444984,2.53563879110379,0.27026347824839,6173.5674,6999,2537
1.17439476330238,2.40261253424452,0.277545784529748,6174.20136666667,7004,2537
1.15906437827437,2.24557590071889,0.33264910555095,6174.80196666667,7008,2537
1.23589909732059,2.11637558952532,0.388651511447483,6175.43593333333,7011,2537
1.1038999808443,2.21274678314868,0.498018769273488,6176.0699,7014,2537
2.2297601744172,0.331512219439498,0.315976680740534,6171.69886666667,6989,2538
2.24618246631896,0.542665324010005,0.317265370592446,6172.33283333333,6993,2538
2.28732602849182,0.822944671433178,0.321829635998627,6172.93343333333,6995,2538
2.28427152716504,1.13205622538509,0.293546803220592,6173.5674,7002,2538
3.38831135269108,1.01594340342965,0.509701391713932,6172.9668,6998,2539
3.38845107832184,1.01594733729735,0.510889586996628,6174.20136666667,7006,2540
-3.20455630556493,0.55850641910947,0.511593776286687,6175.43593333333,7009,2541
-2.97045823617759,0.4772712893543,0.484222160783979,6176.0699,7015,2541
3.38839232453269,1.01594541430006,0.5103803121408,6175.43593333333,7012,2542
6.68404264924906,1.93743477767671,8.66097986096938,6175.60276666667,7013,2543
1.27604471599857,0.588960983251309,0.460602321184351,6177.30446666667,7016,2544
3.3857683462769,1.01555214220569,0.510598636922513,6184.81196666667,7017,2545
3.38845107832184,1.01594733729735,0.510889586996628,6187.91506666667,7018,2546
1.3830366794744,3.19703129883579,0.257461485580826,6190.41756666667,7019,2547
1.43583970050534,2.99780544332778,0.318316595077158,6191.05153333333,7020,2547
1.48130336673581,2.75165390325891,0.315865746516618,6191.6855,7023,2547
-1.52686917617621,5.03088712786919,0.327038461404122,6191.05153333333,7021,2548
3.38762873185138,1.01815501591279,0.510009046123402,6191.05153333333,7022,2549
-0.776126745622612,4.21124692420238,0.404320506057119,6192.2861,7024,2550
-0.429061835253555,3.99169683305393,0.462724668136497,6193.52066666667,7025,2551
-0.235304359241522,3.75817551222062,0.451306685979628,6194.15463333333,7026,2551
-0.90775532100918,4.03922265001241,0.474757109833944,6194.15463333333,7027,2551
-0.0755568368080398,3.44267515629199,0.375332494072023,6194.7886,7029,2551
-0.837996543989375,3.6880331432544,0.50083658089766,6194.7886,7030,2551
0.0782404491285558,3.13024465800839,0.295242421644189,6195.3892,7032,2551
-0.789681977566537,3.37769854520317,0.508149155352347,6195.3892,7033,2551
0.203856694852685,2.76850040858621,0.297522986095316,6195.9898,7034,2551
-0.751808138005951,3.10429767723239,0.51111793650329,6196.02316666667,7036,2551
-0.717116782073083,2.84278642062135,0.483321918562866,6196.62376666667,7037,2551
0.365330246271849,2.4704880560863,0.360883900657685,6196.62376666667,7038,2551
0.548793415084022,2.25384847081273,0.388373037871595,6197.22436666667,7042,2551
0.55010887116823,2.25168733870104,0.38877702224364,6197.25773333333,7042,2551
-0.676229469250924,2.61600820053293,0.455311216183616,6197.25773333333,7044,2551
0.18948786348597,1.54762123645437,0.25687038186026,6197.85833333333,7050,2551
-3.86978589344126,0.680476334891972,0.53167461792952,6194.15463333333,7028,2552
-0.0199157185322656,5.13282000831739,0.408196900983198,6195.3892,7031,2553
0.0208347690154613,4.56882946377446,0.257095965182641,6196.02316666667,7035,2553
-1.54510592584426,1.49402614572136,0.366670248944573,6196.62376666667,7039,2554
-1.42984340661154,1.37349238726758,0.354976427867681,6197.22436666667,7041,2554
-3.06728245862978,0.539990646648637,0.503323689935317,6196.62376666667,7040,2555
-2.89457094898437,0.442650110669039,0.419712944595601,6197.25773333333,7045,2555
-2.67381754039646,0.374661728865174,0.471861184004272,6197.85833333333,7049,2555
-2.45646618924926,0.319774157046439,0.436623871563093,6198.4923,7053,2555
-2.23040811890506,0.202422667803776,0.355322722647801,6199.0929,7056,2555
0.013487766090272,4.36071529079163,0.392737754495154,6197.25773333333,7043,2556
-0.0316321456978005,4.03745002669729,0.389844361200469,6197.85833333333,7047,2556
5.51701781196093,3.25098719029512,9.65560594348426,6197.45793333333,7046,2557
5.51381559434719,3.25038250044663,9.65117270463437,6197.4913,7046,2557
-5.54227423530228,2.44179752646498,-0.31255261913094,6197.85833333333,7048,2558
0.73748370561983,2.4470323319105,0.386258090262203,6198.45893333333,7051,2559
-0.604404125250615,2.15608532742183,0.352159269169191,6198.4923,7052,2560
-0.568201129681342,1.8868849043899,0.289301201965476,6199.0929,7055,2560
-0.305765412972725,3.6270343114878,0.285846397784466,6199.0929,7054,2561
-0.49402217098493,3.5443131199841,0.29480428845207,6199.72686666667,7058,2561
1.59309408788797,2.48131269034295,0.285106827056776,6199.72686666667,7057,2562
-1.53973635540492,-0.171737303386381,0.47013775727317,6200.32746666667,7059,2563
-1.23112142905946,-0.322785636364359,0.496269678608489,6200.96143333333,7061,2563
-0.925302618266712,3.16788833530938,0.328465615802564,6200.96143333333,7060,2564
3.96414172967574,1.84108178787531,0.437788791062325,6202.196,7062,2565
3.84877262459909,1.61753043745467,0.362608210643352,6202.82996666667,7063,2565
-0.978554548048568,2.48521434779257,0.346939745864462,6202.82996666667,7064,2566
3.75755582601019,1.21804180044016,0.334659509962512,6204.06453333333,7065,2567
-0.926518760507288,1.73988678933943,0.368387646618132,6204.6985,7066,2568
1.37630174138624,3.37091924834883,0.282895044743597,6217.14426666667,7067,2569
1.40813829067091,3.21047456418907,0.278695769809629,6217.74486666667,7068,2569
1.41028002889997,2.28696728432409,0.351740296188636,6219.6134,7069,2570
0.322928258323648,5.03928853915053,0.383962613094562,6220.84796666667,7070,2571
1.60383761763122,1.94577510637664,0.456628222474346,6220.84796666667,7071,2572
3.38831135269108,1.01594340342965,0.509701391713932,6220.88133333333,7072,2573
3.38634328663549,1.01703789101171,0.51044970582995,6221.48193333333,7073,2573
3.38831135269108,1.01594340342965,0.509701391713932,6222.08253333333,7074,2573
3.38497188118428,1.01775877539392,0.509916782950115,6222.7165,7075,2573
-0.441584006828166,-0.291641310949604,0.312718879736496,6224.58503333333,7076,2574
1.7173711244075,3.63766183187602,0.361854920760249,6225.219,7077,2575
1.89081004092104,3.38771333326999,0.381438439736648,6225.8196,7078,2575
1.98088619427046,3.25062697730665,0.320908504644738,6226.45356666667,7080,2575
2.10393897765108,3.09963655071334,0.302371457360374,6227.08753333333,7084,2575
2.1733200533591,2.91826466485365,0.388545947885986,6227.68813333333,7085,2575
2.25109529688538,2.72019429277339,0.412356318077382,6228.3221,7086,2575
-0.313772782376286,0.0884764982712636,0.431421090232967,6225.8196,7079,2576
-0.147357332338446,0.180591964647844,0.373186242400035,6226.45356666667,7082,2576
-2.75387860376611,1.94763150742893,0.430439247268077,6226.45356666667,7081,2577
3.3848980493625,1.01776334699119,0.509817887032557,6226.45356666667,7083,2578
-1.80979331763821,1.91799321619143,0.392467260450194,6228.3221,7087,2579
3.3856508771288,1.01736460830001,0.510176713129866,6228.95606666667,7088,2580
3.38503842768805,1.01776135862584,0.510510210241286,6229.55666666667,7090,2580
-1.43800386094094,1.93695026332911,0.29217876835818,6229.55666666667,7089,2581
-1.1549002737086,1.96709885688457,0.256193297193352,6230.19063333333,7091,2581
-0.82600774702998,1.94200656286867,0.257930873508757,6230.8246,7092,2581
-0.481295912797294,1.95362850677832,0.271799154948481,6231.4252,7093,2581
-0.070907043305261,1.95202587458429,0.288020233128999,6232.05916666667,7094,2581
0.266995558749385,1.9819132656548,0.315908881514624,6232.65976666667,7095,2581
0.595055242908016,2.02604891878734,0.308012380992285,6233.29373333333,7097,2581
0.87217492751213,1.99539733963084,0.304157807067225,6233.9277,7098,2581
1.11509162211628,1.88725923818965,0.349700358516455,6234.5283,7099,2581
-0.85770692043816,3.27369394778334,0.357881022959496,6233.29373333333,7096,2582
4.8341153428819,1.32399514172492,0.371048641508257,6238.26536666667,7100,2583
-2.25505588863247,0.419903007971786,0.432913676065386,6238.89933333333,7101,2584
-1.95288122845901,0.227216210440832,0.441110330651033,6239.5333,7102,2584
-0.54542176170861,3.49118287228774,0.320309632936819,6241.40183333333,7103,2585
-1.16825794946284,-0.362428695336009,0.442921538238936,6241.40183333333,7104,2586
-0.909043240412487,-0.544297470938572,0.45449079496281,6242.0358,7106,2586
-0.76462769948254,-0.559690616046119,0.487429416056486,6242.66976666667,7107,2586
-0.556016865097729,-0.535219562862624,0.468461965872354,6243.27036666667,7108,2586
-0.313378808785984,-0.428997362472371,0.417423137589849,6243.90433333333,7109,2586
4.11274049758702,1.40991523597006,0.297082449821506,6242.0358,7105,2587
-0.0271624125660406,-0.0303778816594558,0.443221885643198,6245.1389,7110,2588
0.120206084953275,0.128953774936977,0.451829484966803,6245.77286666667,7111,2588
0.220648148580117,0.355480903822145,0.485018511482231,6246.37346666667,7112,2588
0.22210996269831,0.35805482231558,0.485205689720241,6246.40683333333,7112,2588
3.99419642739412,0.17169805898285,0.420503044895765,6247.00743333333,7113,2589
3.30693575886679,0.810822116300617,0.443789959142945,6248.242,7114,2590
0.958539293123559,2.28477121537712,0.394336637522367,6248.27536666667,7115,2591
0.130544656889281,4.32699007669945,0.367979787503267,6248.87596666667,7116,2592
-0.120820599393147,4.01729829838013,0.381160308686908,6249.50993333333,7119,2592
-0.769733942007541,4.79196311832022,0.293391698959427,6248.87596666667,7117,2593
0.912912139490222,1.22489436380528,0.473342797969541,6248.87596666667,7118,2594
1.48990655676141,0.580349744045659,0.441272749608737,6249.50993333333,7120,2594
2.71807058789713,0.0334750616940698,0.455019541987189,6250.11053333333,7121,2595
2.55766070373287,0.231601109839542,0.299099407210279,6250.11053333333,7122,2595
2.24669388841574,-0.049161134398818,0.424557052043072,6250.7445,7125,2595
-0.426797750711015,3.83676217500582,0.235400501602626,6250.7445,7123,2596
-2.69206084756471,1.3818208626855,0.513381482333773,6250.7445,7124,2597
-2.42279946069265,1.54132909045524,0.472146658961428,6251.37846666667,7126,2597
-2.14183673171471,1.76471805010806,0.409840207464842,6251.97906666667,7128,2597
-1.8182058035197,1.87733801751843,0.405924675487321,6252.61303333333,7130,2597
-1.49218135341128,1.87365120628914,0.42690385818473,6253.247,7132,2597
-1.26667875791853,1.76075253734116,0.382973279126106,6253.8476,7134,2597
-0.975743449215207,1.67534235917736,0.331054508036969,6254.48156666667,7136,2597
-0.5374897306313,1.5876103988414,0.375630341053311,6255.11553333333,7137,2597
-0.0540530574895954,1.50031512229544,0.438050289558113,6255.71613333333,7138,2597
-0.048006570586822,1.49978796806611,0.438836379896297,6255.7495,7138,2597
0.372461813625897,1.31237139480673,0.386590066449258,6256.3501,7140,2597
-0.802468045024126,3.5871152270851,0.302586098475953,6251.97906666667,7127,2598
-0.905021050363519,3.32507399788321,0.310272539545775,6252.61303333333,7129,2598
-0.945188207395303,3.08887589502945,0.279526128612109,6253.21363333333,7131,2598
-0.945855722812387,2.86033441336686,0.29054850063121,6253.8476,7133,2598
-0.498659045694015,4.65528416689378,0.219330965805504,6254.48156666667,7135,2599
-0.292903910237697,4.35862734064622,0.338708926354794,6256.3501,7139,2600
-0.114102590286374,4.2042552097392,0.363292607149237,6256.98406666667,7141,2600
0.0223996855094629,4.07996831302633,0.346082512967238,6257.58466666667,7142,2600
0.118612879441676,3.97545198837255,0.299179601260359,6258.21863333333,7143,2600
0.193892068079984,3.9234899140914,0.290592087526089,6258.8526,7144,2600
0.335541262971124,3.75378457844347,0.336874328540362,6259.4532,7145,2600
0.430577942023174,3.61395931868188,0.37693649803113,6260.08716666667,7146,2600
4.51775881861728,3.7145879749588,0.329415591577788,6261.32173333333,7147,2601
0.609184889313629,3.38799149954124,0.282808208000082,6261.32173333333,7148,2602
0.711752753927221,3.27394118508146,0.288594200752411,6261.9557,7149,2602
4.22431287857794,3.18363068529127,0.404575287964416,6262.58966666667,7150,2603
3.95817133471281,3.00632631032198,0.335394075212076,6263.19026666667,7151,2603
3.64883472665869,2.95630164568222,0.350885797467195,6263.82423333333,7152,2603
3.4197551403918,2.79188104423263,0.355459008251097,6264.42483333333,7153,2603
3.24102755810179,2.65958259289931,0.306401492339739,6265.0588,7155,2603
3.0840597140824,2.52206524034194,0.307978102858409,6265.6594,7157,2603
3.08638977322409,2.52173384682158,0.308421057587187,6265.69276666667,7157,2603
3.04023526131431,2.29765048287531,0.360126501849233,6266.29336666667,7159,2603
2.87734428882672,2.05397571750516,0.395236081729312,6266.92733333333,7161,2603
2.74518414050436,1.83606444496275,0.366866367190834,6267.52793333333,7162,2603
2.61972079776419,1.62064379334564,0.377080203469534,6268.1619,7164,2603
2.44838258278248,1.52273029799383,0.344500257211146,6268.7625,7165,2603
2.25779691860339,1.4838509857298,0.282399885698431,6269.39646666667,7166,2603
2.10063111813808,1.38939967725503,0.290260092998855,6269.99706666667,7167,2603
2.09825411268413,1.38789651006891,0.29077522988832,6270.03043333333,7167,2603
1.89207964841161,1.20820731577204,0.35505584571985,6270.63103333333,7168,2603
1.10462182929403,2.89545194248885,0.304733092881039,6264.42483333333,7154,2604
1.26026060595299,2.83227262584519,0.324519064006433,6265.0588,7156,2604
3.02295007284337,0.29023279067772,0.356444905126336,6265.6594,7158,2605
2.51867659431577,0.196107471564033,0.38709948319955,6266.89396666667,7160,2606
2.29018229299913,0.124805545784523,0.372173313479191,6267.52793333333,7163,2606
1.59400752231423,0.798160536735566,0.429916035565118,6271.8656,7169,2607
1.35851770041249,0.721705447221472,0.32215884601501,6272.49956666667,7170,2607
1.06233243375437,0.642941174119979,0.330334881750091,6273.13353333333,7171,2607
-2.40712944090508,2.37245458010977,0.450894768352189,6275.00206666667,7172,2608
-3.53489075896583,0.715053768173587,0.449324483011375,6289.9837,7173,2609
-3.00468547963023,1.00155757150938,0.481746254511209,6291.25163333333,7174,2610
-2.62900841136532,1.1006087580902,0.461202621526684,6291.8856,7175,2610
-1.90656412881903,1.40311372401832,0.457589567276896,6293.12016666667,7176,2611
-1.52740191699362,1.47556458437667,0.466350140012748,6293.75413333333,7177,2611
-1.24965347587497,1.55774844720398,0.421299994117488,6294.35473333333,7178,2611
-1.24760122233597,1.56052100240294,0.421387269525515,6294.3881,7178,2611
-0.996687548867618,1.62760674570939,0.339338562043684,6294.9887,7180,2611
-0.652875730505038,1.66943446298303,0.367765829180664,6295.62266666667,7181,2611
-0.232250781109222,1.59300455106382,0.350832199800632,6296.25663333333,7182,2611
0.259265925021317,1.65423443054388,0.297659800766431,6296.8906,7183,2611
0.618506115561355,1.76640500390698,0.353200192053803,6297.4912,7184,2611
-2.15666813058398,3.99842016017687,0.407753346935122,6294.9887,7179,2612
-1.86066084696873,0.0092526329003042,0.476066357592323,6305.63266666667,7185,2613
-1.68557921540379,0.174619447403054,0.474093043554405,6306.26663333333,7186,2613
-1.49262428852594,0.67879021844205,0.438468654584631,6307.5012,7187,2614
-1.36386811915779,1.32726003244802,0.386457489752002,6308.76913333333,7188,2615
-0.283756590256866,0.367984351363903,0.338822351739678,6316.87723333333,7189,2616
-0.367006552147705,0.574373465349237,0.340495867236862,6317.5112,7190,2616
-0.372950963358382,0.754413607260442,0.311561967956764,6318.14516666667,7191,2616
-0.352440489316532,0.98898101844587,0.32562695406447,6318.77913333333,7192,2616
0.26206716790593,2.69635177305322,0.593323728670903,6326.28663333333,7193,2617
4.91903983501345,2.05298077194744,0.276648430422822,6328.78913333333,7194,2618
8.35595804630741,1.80536437526662,0.146934533816621,6329.38973333333,7195,2619
7.97275859424527,1.75875620965863,0.142858273560988,6330.6243,7196,2620
3.6773888671396,2.11044796344363,0.31576020654743,6331.25826666667,7197,2621
3.29972708515278,2.04508411799455,0.33756658205963,6331.89223333333,7198,2621
2.05260624891705,4.84403729697952,0.28966310731208,6331.89223333333,7199,2622
2.6810513733189,1.69220559499373,0.355468867901001,6333.1268,7200,2623
2.39133930116688,1.46559286301068,0.353492005068637,6333.76076666667,7201,2623
5.14989696255259,2.93822938956622,0.417457008360171,6337.49783333333,7202,2624
4.54881451025087,2.13536970950902,0.496102268951651,6338.7324,7203,2625
4.30759721649993,1.86284344463034,0.524078311804245,6339.36636666667,7204,2625
4.05519661932306,1.76341611675095,0.48734312227955,6339.96696666667,7205,2625
4.05519661932306,1.76341611675095,0.48734312227955,6340.00033333333,7205,2625
3.82701902206629,1.69245949541035,0.42663163919158,6340.6343,7206,2625
3.72046563672887,1.61103311860441,0.334774555774813,6341.2349,7207,2625
3.33667517434916,1.51704708524065,0.434975674711216,6341.86886666667,7209,2625
3.2820915321348,1.45446632967014,0.286318735615054,6342.50283333333,7211,2625
2.99837716170571,1.60930627882201,0.322760830031786,6343.1368,7212,2625
2.55278481619751,1.51809562535166,0.365864878960536,6343.77076666667,7214,2625
2.09024428978377,1.35582498196674,0.37726573266141,6344.37136666667,7215,2625
2.08444532228399,1.35353959072247,0.377057822553051,6344.40473333333,7215,2625
1.7532903877672,1.17123828111856,0.321022670642209,6345.00533333333,7218,2625
1.45908357780615,1.02682814258523,0.264559170461607,6345.6393,7221,2625
1.61762350511401,-6.29698179752518,5.83025063956787,6341.70203333333,7208,2626
1.61180484730622,-6.22836948698036,5.78913664597751,6341.7354,7208,2626
-1.67262891646993,3.8211983665238,0.361708174659985,6341.90223333333,7210,2627
-1.47136570167577,3.29467536143022,0.339657739129573,6343.77076666667,7213,2628
-1.3687893670456,3.11830233397445,0.342079689544506,6344.40473333333,7216,2628
0.625772506085022,2.42530051519367,0.451692302732236,6345.00533333333,7217,2629
0.448130549280791,2.13002959727462,0.383196098014022,6345.6393,7220,2629
-1.22308446339811,2.79905650766479,0.275319403872927,6345.6393,7219,2630
-1.17923081566419,2.63631925716895,0.285720193165289,6346.27326666667,7222,2630
-1.10884854454457,2.48759388341058,0.323985971307921,6346.87386666667,7223,2630
-1.13035460560824,2.31601119744073,0.303218784476825,6347.50783333333,7224,2630
-2.68461078563849,-0.690004254372689,0.455362441620433,6351.2449,7225,2631
-2.54847613456558,-0.644945931810563,0.481664870167582,6351.87886666667,7226,2631
-2.06529768074395,-0.552897448698755,0.365781186355963,6353.7474,7227,2632
-1.85975073827724,-0.596437179578898,0.325677638360723,6354.38136666667,7228,2632
-0.529817895253816,-0.837585382106313,0.371233049541549,6358.7524,7229,2633
-0.345569300059242,-0.674323677478698,0.384468203481824,6359.38636666667,7230,2633
5.15926960561434,4.65811090368752,0.491150438163073,6361.2549,7231,2634
4.87965101591627,4.47874329224783,0.365078022828181,6361.88886666667,7233,2634
4.56239840912503,4.29289161949535,0.312575345599856,6362.52283333333,7235,2634
0.0217770417770783,-0.489317702422343,0.3731568432374,6361.2549,7232,2635
0.115792791843134,-0.312339675692728,0.404215542920454,6361.88886666667,7234,2635
0.949569814900671,-0.0207046507408695,0.525189730657221,6364.39136666667,7236,2636
1.18969504431765,-0.0904124385586653,0.533366392847308,6365.02533333333,7237,2636
1.50843895074136,-0.119785575110932,0.559719920793085,6365.6593,7238,2636
-2.75551218626263,-0.234695449852203,0.454699945307212,6366.29326666667,7239,2637
-2.54907913083799,0.352145836344951,0.351828197835387,6367.52783333333,7240,2638
2.17517979336172,-0.0920884137064402,0.692361928819344,6367.52783333333,7241,2639
2.47438896363731,0.0373562228334272,0.653130777823723,6368.79576666667,7242,2640
2.26225123516714,0.175666134713713,0.60419616655796,6369.42973333333,7243,2640
2.13563188059184,0.372774391928201,0.643311144264523,6370.03033333333,7244,2640
2.13542680511298,0.375984791858325,0.644443401759632,6370.0637,7244,2640
1.93004281493948,0.516321313127172,0.708246822521972,6370.6643,7245,2640
1.73411615226054,0.671196675737331,0.661936903442842,6371.29826666667,7246,2640
1.63750690852114,0.822343580150317,0.553016657035856,6371.93223333333,7247,2640
1.38704202804327,0.96287987355464,0.552046336818898,6372.53283333333,7248,2640
1.38264718205779,0.965296750324406,0.553104572993683,6372.5662,7248,2640
1.1427759126206,1.19018059090892,0.562532205645586,6373.1668,7250,2640
0.88067050245954,1.39724090953233,0.578055905782556,6373.80076666667,7251,2640
-2.15937461162654,1.86120813462468,0.306377261812873,6372.5662,7249,2641
-0.977867747031776,2.81463540083785,0.657044461726641,6380.70766666667,7252,2642
-1.10898583827403,2.50010432007434,0.626212430287552,6381.30826666667,7253,2642
-3.21913602097087,3.21565571181881,0.394634830244532,6384.44473333333,7254,2643
2.85342922445363,0.170899410248942,0.367617944191173,6386.94723333333,7255,2644
-2.04746792659112,3.44517431527025,0.386753552713864,6387.5812,7256,2645
2.37423801767035,0.764611848781085,0.33301234759617,6388.81576666667,7257,2646
2.25966874341488,0.924999543734887,0.337283573431022,6389.44973333333,7259,2646
2.27675765961035,1.12514261116888,0.334336258177855,6390.0837,7261,2646
-1.50356117793717,3.54010549620344,0.291625178966106,6389.44973333333,7258,2647
-1.35530393773829,3.51561050890798,0.341668236810504,6390.0837,7260,2647
-1.14262294625718,3.49095445854208,0.327507515979411,6390.6843,7262,2647
-0.830683808588688,3.63505483416899,0.333162528322938,6391.95223333333,7263,2648
-0.723235932397174,3.70772596769094,0.334686032943279,6392.5862,7264,2648
4.58854894499362,1.71782831243947,0.296846300015559,6393.22016666667,7265,2649
-0.175482916586368,3.80585334434052,0.355264470107728,6394.45473333333,7266,2650
3.88643263021312,1.73059182172586,0.352567577214083,6395.0887,7267,2651
3.62053782612286,1.71038802544098,0.311528433828946,6395.72266666667,7268,2651
3.36883282631131,1.73251926928707,0.304867050004832,6396.35663333333,7269,2651
3.12809481526601,1.71913627294421,0.344856362449517,6396.95723333333,7270,2651
2.8609042493135,1.67131484145782,0.359785854854148,6397.5912,7271,2651
2.61962919860578,1.57426100594832,0.341169744815739,6398.22516666667,7272,2651
2.37134072710986,1.47883239911311,0.340740401181402,6398.82576666667,7273,2651
2.16904564868351,1.26950136365612,0.316009123728103,6399.45973333333,7274,2651
1.91026312200848,1.09823527091305,0.321709319616746,6400.0937,7275,2651
1.63789646942977,1.02726656865851,0.289878990148869,6400.72766666667,7276,2651
1.37382606508673,1.04033357379245,0.279941107504191,6401.32826666667,7277,2651
1.37324461494908,1.04046459000142,0.279069460682053,6401.36163333333,7277,2651
1.19763727133394,1.08992994863775,0.213118244088533,6401.96223333333,7278,2651
1.05408190003108,1.15261701821948,0.230912448316739,6402.5962,7279,2651
0.835383514334299,1.2534145881399,0.281610490124532,6403.23016666667,7281,2651
0.518659920506482,0.688800426015052,0.365918398607203,6403.86413333333,7283,2651
3.1560253189007,0.381154596451951,0.414705455043974,6403.1968,7280,2652
2.89556825664589,0.40276998989142,0.381526164422882,6403.83076666667,7282,2652
2.68815969244573,0.527608298397924,0.375655488670194,6404.46473333333,7284,2652
2.55146943874551,0.728582915548307,0.342697337425209,6405.06533333333,7285,2652
2.41711919888663,0.907292719074905,0.263520961619595,6405.6993,7286,2652
2.26283099363694,1.15082890049181,0.28280862250646,6406.33326666667,7287,2652
2.12475966395478,1.34036005233422,0.359255030186312,6406.96723333333,7288,2652
1.99518666061063,1.53987398255575,0.398435294400164,6407.6012,7289,2652
1.84609755767635,1.71018713612849,0.414945751047534,6408.2018,7291,2652
1.84537023389313,1.71134164966468,0.415533919984779,6408.23516666667,7291,2652
1.72087013868144,1.78856357825051,0.345118153185706,6408.83576666667,7293,2652
1.54272839606522,1.85981397879227,0.279832377739322,6409.43636666667,7294,2652
1.54036419629317,1.85891742283587,0.279393102230159,6409.46973333333,7294,2652
1.21723336102657,1.7983856118851,0.256609234487063,6410.07033333333,7295,2652
0.956949575211649,1.67048057518409,0.299836857271993,6410.7043,7296,2652
0.813876361859014,0.105760073586588,0.386645944754915,6408.2018,7290,2653
1.11658769984259,0.121661326372047,0.441775831692596,6408.83576666667,7292,2653
3.2177385930162,2.01840361830766,0.244060040340434,6415.7093,7297,2654
-0.147478876949883,3.8126001567741,0.410542420166512,6416.3099,7298,2655
0.0334409093550683,3.61786274012342,0.344097032033567,6416.94386666667,7299,2655
0.215706425407086,3.4535767379634,0.316568152141404,6417.57783333333,7301,2655
0.38063950826017,3.24266938381203,0.315631626227307,6418.17843333333,7303,2655
0.380929034646074,3.24263090911225,0.315103148648852,6418.2118,7303,2655
0.49378462804555,3.05672499533779,0.268553657305428,6418.8124,7304,2655
0.565096173121119,2.82187832531811,0.258570214927316,6419.44636666667,7305,2655
2.71331814821379,1.69101937980633,0.256211773616941,6416.94386666667,7300,2656
2.54363661645931,1.55871087419624,0.256218641757214,6417.57783333333,7302,2656
1.84342230497907,0.901510599202927,0.21951394069377,6420.08033333333,7306,2657
1.65962798251397,0.873818070189833,0.288626357870656,6420.68093333333,7307,2657
1.43258471558396,0.788322448107804,0.331623129811366,6421.3149,7310,2657
1.26018622386357,0.725468586284618,0.235312306741898,6421.94886666667,7312,2657
5.17292325234653,2.71269945561345,0.269547078007874,6421.3149,7308,2658
0.633698944926715,2.12638732848217,0.334238885464512,6421.3149,7309,2659
0.658314540637027,2.33136803286223,0.411636841654526,6421.94886666667,7311,2659
3.25576389555259,0.276861045610303,0.430144625604462,6423.8174,7313,2660
3.12722971356514,0.392789392406728,0.419023683531233,6424.45136666667,7314,2660
3.01456637409132,0.470622624377631,0.418186134202993,6425.08533333333,7315,2660
2.79971748311412,0.65220513582835,0.435540643949929,6425.7193,7316,2660
2.57604880923342,0.724208386010909,0.392039338963932,6426.3199,7317,2660
2.26330131107003,0.800756229531521,0.363135819185522,6426.95386666667,7318,2660
2.0613248581404,0.928651826754224,0.33103355446087,6427.55446666667,7319,2660
2.05899955733337,0.930179559084376,0.330472362529595,6427.58783333333,7319,2660
1.77199826615351,1.09668088058139,0.302439075533305,6428.18843333333,7320,2660
1.47034553378001,1.19075770174312,0.329580550204252,6428.8224,7321,2660
1.1175111519598,1.29452626472346,0.399013781805049,6429.45636666667,7322,2660
0.793257014766874,1.40512851432634,0.423611395445572,6430.09033333333,7323,2660
0.996938439880118,-1.29124541212732,0.406110426708779,6433.8274,7324,2661
0.960995092118198,-1.12822698294809,0.373784151979113,6434.46136666667,7326,2661
0.982454154440887,-0.931994680628109,0.414474325650597,6435.06196666667,7327,2661
1.06424501998065,-0.69962330370573,0.457561507476623,6435.69593333333,7328,2661
1.14918894726445,-0.463061148205738,0.404828694387514,6436.3299,7330,2661
1.18212652950144,-0.243905232104719,0.380426366262914,6436.96386666667,7332,2661
1.30485656704849,0.0138358196375252,0.434355717644214,6437.59783333333,7334,2661
1.42781013797582,0.221591612485795,0.491912793741786,6438.19843333333,7335,2661
1.57388355346017,0.38130854991516,0.455911047565894,6438.8324,7338,2661
-1.6372308833156,3.46661491637584,0.32978037902272,6434.46136666667,7325,2662
-1.05504867481958,3.20840002009211,0.328645136091118,6436.3299,7329,2663
-0.911071230325157,3.05643625568867,0.330475731953461,6436.96386666667,7331,2663
-0.718486508264062,2.900553229262,0.364869908085297,6437.59783333333,7333,2663
-0.552398544063535,2.81210040663441,0.406370506679306,6438.2318,7336,2663
-0.34446677789862,2.75845990603744,0.421332174998874,6438.8324,7337,2663
-0.10528085443819,2.71624816684477,0.411044387948071,6439.46636666667,7339,2663
0.104983313059182,2.68192811714207,0.377060871442942,6440.10033333333,7340,2663
0.229895767329841,2.63087181973291,0.3174536894392,6440.70093333333,7341,2663
0.366943830263987,2.58442042850902,0.29252501819676,6441.3349,7342,2663
0.499980183624387,2.51257926174554,0.346735930787074,6441.96886666667,7343,2663
3.01908804506436,1.2758467858967,0.600235622895617,6443.8374,7344,2664
2.8119890699675,1.32672193563098,0.568279392141857,6444.47136666667,7345,2664
2.50240660437724,1.33595206225416,0.533280420421139,6445.10533333333,7346,2664
2.11047530835729,1.3633714908025,0.534020881590993,6445.70593333333,7347,2664
2.10637092417395,1.36391495624596,0.533974372857334,6445.7393,7347,2664
1.82247005307542,1.41147152658173,0.493420961420886,6446.3399,7348,2664
1.1094043532229,2.21574887449888,0.526467565688002,6446.97386666667,7349,2664
1.42329469778266,1.54162398993896,0.506783583858371,6446.97386666667,7350,2664
1.08996217256216,1.53241932636174,0.56161322009238,6447.60783333333,7351,2664
0.3405836108074,1.48143923771052,0.436862489898581,6449.47636666667,7352,2665
0.101147402391141,1.4784588314989,0.581056849682615,6450.11033333333,7353,2665
-2.99831414892152,1.65949488358433,0.463047126646117,6450.71093333333,7354,2666
-2.801414053142,1.47868714112247,0.44095518902573,6451.3449,7355,2666
-2.59452465882753,1.34028254343568,0.372357341290619,6451.97886666667,7356,2666
-0.720810473096726,1.24996916974008,0.925703686920331,6452.61283333333,7357,2667
-0.665369308941483,1.23457189556503,0.948605110491392,6453.21343333333,7359,2667
-2.11529855397307,1.26507162001708,0.280473376909444,6453.21343333333,7358,2668
-1.99642910059873,1.32713416728765,0.292819942979887,6453.8474,7360,2668
-1.88681553869473,1.35660668913636,0.351860377932556,6454.48136666667,7361,2668
-1.69568503444742,1.35736809959486,0.394762321354449,6455.11533333333,7362,2668
-1.50734163448119,1.44126402920613,0.390420244731956,6455.71593333333,7363,2668
-1.16393455437928,1.65135163476084,0.324982138746722,6456.98386666667,7364,2669
-0.976407722963713,1.74288280766147,0.339637175280015,6457.61783333333,7365,2669
-0.728785471339129,1.8050385596886,0.371742851711241,6458.21843333333,7366,2669
-0.724951798393327,1.80471790000406,0.371854943515026,6458.2518,7366,2669
-0.511028712239111,1.85625021880983,0.357991967758849,6458.8524,7367,2669
-0.297677171996337,1.92885236349627,0.363558044851221,6459.48636666667,7368,2669
-0.00557079955974837,2.04090727713988,0.367015060953969,6460.12033333333,7369,2669
0.284870078821266,2.15621629909174,0.368287724581722,6460.7543,7370,2669
0.497556821825279,2.22264551379118,0.345952320824176,6461.3549,7371,2669
0.749308789873549,2.36663213265105,0.48342749463213,6462.62283333333,7372,2670
1.01477809658059,2.09672935598441,0.417260806597287,6463.22343333333,7373,2670
1.33484378544451,1.9842621133687,0.446755813106748,6463.8574,7374,2670
-1.87694817319419,1.69071581818455,0.397314222718112,6469.52973333333,7375,2671
-1.17299732116673,1.52836322750157,0.386639637907433,6471.39826666667,7376,2672
-0.894992221290499,1.49730400731837,0.366953668140388,6472.03223333333,7377,2672
-0.634208953885844,1.52625997569468,0.356394542025552,6472.63283333333,7378,2672
-0.632725090453865,1.5267430233634,0.355630481965536,6472.6662,7378,2672
-0.38519078195986,1.60875712524794,0.351951210381969,6473.2668,7379,2672
-0.207261478277152,1.59493740920106,0.299916404534829,6473.90076666667,7381,2672
-0.0372201017191722,1.56534874740983,0.270751526345787,6474.53473333333,7382,2672
0.156401757425284,1.47256656946544,0.317828927867167,6475.13533333333,7383,2672
0.158347275459015,1.47074343369666,0.318605753655922,6475.1687,7383,2672
0.367146450840391,1.33344915992631,0.361661204294373,6475.7693,7385,2672
0.369053082505519,1.33290347549028,0.361846821462703,6475.80266666667,7385,2672
-2.89419249713616,1.99737609069315,0.367997552231544,6473.90076666667,7380,2673
-5.27512757155439,3.66187616317357,0.299903726158692,6475.1687,7384,2674
-1.87494077015844,2.08893956821912,0.383394183997493,6476.40326666667,7386,2675
-1.66073518480833,2.10249246101554,0.371954134173521,6477.03723333333,7387,2675
-1.50120323524966,2.15384441774595,0.368906926119348,6477.6712,7391,2675
-1.3409314967177,2.16820227232925,0.344954719784072,6478.2718,7392,2675
-1.1616178910451,2.1903201106666,0.340599488139616,6478.90576666667,7395,2675
-0.973476901425598,2.2498120378372,0.376722526768686,6479.53973333333,7397,2675
-0.791604952402499,2.37253445928343,0.381761452298554,6480.1737,7400,2675
-2.83431661295458,0.583156543778411,0.521557881223636,6477.03723333333,7388,2676
0.845215279781259,1.27734623679755,0.355934200737708,6477.03723333333,7389,2677
1.07201156892688,1.27528922726756,0.372930380751931,6477.63783333333,7390,2677
1.07493934252632,1.27382268327924,0.373325686394956,6477.6712,7390,2677
-2.21321935345774,0.192104869991044,0.542996155773017,6478.30516666667,7393,2678
-1.85408755347736,3.36610140925748,0.380384496937399,6478.90576666667,7394,2679
-1.69053890611281,3.32356279471614,0.413401213014673,6479.53973333333,7396,2679
-1.58571162326445,3.33550505721669,0.445700494619816,6480.1737,7399,2679
-1.15562886379312,3.37261136074059,0.311204837836462,6480.7743,7403,2679
-1.36201884022064,3.28931858130029,0.491694260172006,6481.40826666667,7404,2679
-1.46746427868994,3.14881680824301,0.568662208805082,6482.04223333333,7405,2679
-1.38690481729818,3.01298829619026,0.598554750650485,6482.64283333333,7406,2679
-1.22807532405043,2.82751919908256,0.566893710329987,6483.2768,7407,2679
-0.824478457912471,3.42337941447292,0.25673527526568,6483.91076666667,7408,2679
-1.12889526871379,2.56270078869262,0.50157234307004,6483.91076666667,7409,2679
-1.13904969835796,2.27472449758445,0.442804979853899,6484.54473333333,7410,2679
-1.23257340964466,2.02824536938864,0.40111441989335,6485.1787,7411,2679
-0.627457338075542,2.80642584051889,0.300322109965385,6485.7793,7412,2679
-1.30551110962343,1.76769465280553,0.396564304543538,6485.7793,7413,2679
-0.605626157402846,2.59067407033435,0.299579278313202,6486.41326666667,7414,2679
-1.33000307529869,1.56755444965075,0.343249040156982,6486.41326666667,7415,2679
-0.520422478363837,2.31685419118641,0.280259071061022,6487.04723333333,7416,2679
-1.25134503314872,1.35092809243552,0.313704509813763,6487.04723333333,7417,2679
-4.95867846215621,5.78978117733731,11.0707166872222,6480.10696666667,7398,2680
-4.96167748687366,5.79198724886077,11.0791406333949,6480.14033333333,7398,2680
-4.9563530871907,5.78867155297461,11.0769655000197,6480.1737,7398,2680
-4.94089645797479,5.77869797357409,11.0587690040956,6480.20706666667,7398,2680
-0.669288205680911,0.59446346493483,0.283786398910457,6480.1737,7401,2681
-1.17218697594732,-0.390703579439741,0.513718366597354,6480.1737,7402,2682
-1.3998295343189,4.40603038729893,0.469136812937916,6488.2818,7418,2683
-0.403293401647821,1.80183112954596,0.25469235847281,6488.2818,7419,2684
-0.353130424462375,1.63810881757401,0.265660111416762,6488.91576666667,7420,2684
-1.50730190343894,3.93383005373921,0.503105065402071,6489.54973333333,7421,2685
1.78662305334197,1.4950309320381,0.498602187315541,6492.05223333333,7422,2686
3.81512999436228,0.273590422506068,0.596966726985496,6494.55473333333,7423,2687
3.87787275340941,0.508795630962675,0.662785126998999,6495.1887,7425,2687
-2.24446709371974,1.849743307013,0.513608789242455,6495.1887,7424,2688
3.8575567823349,1.38488859159856,0.443664768460746,6497.6912,7426,2689
-1.0254076389355,3.47984239393345,0.350802652123368,6500.82766666667,7427,2690
-0.771092326184371,3.21056391410244,0.350814180955047,6501.46163333333,7428,2690
-0.487845030504948,3.04279715393958,0.397798706401782,6502.06223333333,7430,2690
-0.116130435411745,2.89193822241035,0.414856472727559,6502.6962,7432,2690
0.254313242882628,2.76687804069931,0.385027453326022,6503.33016666667,7434,2690
1.53685866403858,-0.94859395063003,0.459382055919753,6501.46163333333,7429,2691
1.69165639134682,-0.728503889117044,0.488436111519722,6502.0956,7431,2691
1.74250766609914,-0.484686242092766,0.504461790116557,6502.6962,7433,2691
1.7363667594602,-0.149604799207579,0.509273774142773,6503.33016666667,7435,2691
1.76942268754973,0.113865801280629,0.470076287725223,6503.93076666667,7436,2691
1.77074824919186,0.115819381339405,0.469649351467485,6503.96413333333,7436,2691
1.80262159020324,0.31166119091048,0.391869422566156,6504.56473333333,7437,2691
1.77936332536898,0.468373104070267,0.388802707202461,6505.1987,7438,2691
1.52714667378752,0.558569901024663,0.459228127608226,6505.7993,7439,2691
1.52565314756542,0.559077517649201,0.460337398619011,6505.83266666667,7439,2691
1.22627872682196,0.667192172175446,0.502051906391604,6506.43326666667,7440,2691
1.00937561526749,0.810614775153975,0.458072030132983,6507.06723333333,7441,2691
1.00706033838343,0.812997260605306,0.456545114888892,6507.1006,7441,2691
0.737027106709463,0.914631166317327,0.39274939535933,6507.7012,7442,2691
0.381498174945273,0.960889041333285,0.40710346194622,6508.3018,7443,2691
0.37962768944745,0.959414004381161,0.408722022134708,6508.33516666667,7443,2691
0.0163629676635016,1.07216858052549,0.461110898474885,6508.93576666667,7444,2691
-0.150333752299486,1.28675960254124,0.551634400023143,6509.56973333333,7445,2691
0.0987177799079274,-0.106671278195489,0.246175160586679,6512.7062,7446,2692
0.378652057929894,0.271058113338859,0.346075364844169,6513.94076666667,7447,2693
0.549418796441113,0.632444842661915,0.461547283759827,6514.57473333333,7448,2693
0.47154481489416,0.793877096304099,0.331001217895316,6515.8093,7449,2694
0.464671005235068,0.676440310933034,0.43101034294721,6516.44326666667,7450,2694
0.438224959230755,0.741055105695237,0.352817796898741,6517.07723333333,7451,2694
1.66355786333407,-1.06656739855142,0.476820912457713,6517.67783333333,7452,2695
1.71280567964335,-0.897845735287485,0.398526360024568,6518.3118,7454,2695
-1.96974142605491,1.40331010303109,0.320634591693239,6518.3118,7453,2696
1.81169480376771,-0.343509786609715,0.35127187337514,6519.57973333333,7455,2697
1.85080464043561,-0.025712459341321,0.409384294790148,6520.18033333333,7457,2697
1.87551631898983,0.283421961155282,0.448695177159115,6520.8143,7460,2697
1.94380419047964,0.492029486823611,0.42522930720836,6521.44826666667,7463,2697
1.29273163355093,0.714416155515971,0.194929798005001,6522.08223333333,7465,2697
-1.25032528633823,1.68039128384506,0.302377640895266,6520.18033333333,7456,2698
-1.13024493305277,1.8376429914261,0.263898020650907,6520.8143,7459,2698
-0.924169488477132,1.92550802019336,0.223170274044363,6521.44826666667,7461,2698
-2.03900640644183,1.51514706584583,0.390856873678035,6521.44826666667,7462,2698
-1.8609490919932,1.52107688047475,0.452679908990665,6522.08223333333,7464,2698
-1.67698462183538,1.6406752350953,0.519655375571663,6522.68283333333,7466,2698
-2.37878570055634,1.57506788021876,0.49313061165834,6520.2137,7458,2699
-2.58852709070681,-1.62997730512304,0.458512854663369,6523.3168,7467,2700
-2.47366354508801,-1.4609964050643,0.428332768404507,6523.95076666667,7470,2700
1.74216725779358,1.46818874038366,0.452170696521648,6523.3168,7468,2701
-1.36133864787332,1.99256080165054,0.71456168233853,6523.95076666667,7469,2702
-1.27987732798799,2.17300837117285,0.825420246429511,6524.58473333333,7471,2702
0.443611861768123,3.06619092425147,0.308792010875371,6525.2187,7472,2703
-1.0803695090706,2.41781699598335,0.75721992764818,6525.85266666667,7473,2704
-2.525491267613,0.4310709238352,0.468251953191084,6528.35516666667,7474,2705
-2.36232514002934,0.960456041471218,0.488948932644153,6529.58973333333,7475,2706
-2.2582352455997,1.2187303878085,0.517407556553878,6530.2237,7477,2706
-2.17999147245238,1.48489637493164,0.453589404366194,6530.85766666667,7479,2706
-1.75661546040939,-0.360435463528813,0.301909875000583,6529.58973333333,7476,2707
4.13606404882043,3.63512645856882,0.618833423057041,6530.8243,7478,2708
-1.67280395246655,0.434637632279085,0.365739964914894,6531.45826666667,7480,2709
-1.5611422096341,0.644684942325173,0.366900279832029,6532.09223333333,7482,2709
-1.41317011676337,0.828264488856857,0.362685648443506,6532.7262,7484,2709
-2.1117235575122,1.27490036418972,0.347382096939847,6533.36016666667,7486,2709
-1.16209914937648,1.27477275101552,0.29124294608714,6533.96076666667,7487,2709
-1.01826355820858,1.46104339175114,0.296807086251657,6534.59473333333,7489,2709
-0.798607949688783,1.60956842078707,0.298822383262332,6535.2287,7490,2709
-0.64977528399382,1.68863495867502,0.30308559772785,6535.86266666667,7492,2709
-0.490497960374237,1.81655819264,0.311767578402528,6536.49663333333,7495,2709
-0.350899557183126,2.01007338432327,0.336519286701958,6537.09723333333,7496,2709
-3.80319143949178,0.700895095213449,0.428079825612962,6532.09223333333,7481,2710
3.65692482053566,2.96158381795846,0.519938535332629,6532.7262,7483,2711
3.55148798669743,2.57442851325285,0.508293857985856,6533.36016666667,7485,2711
3.16940524038661,1.89332947033349,0.496419685118545,6534.59473333333,7488,2712
2.97647374683213,1.70737730705402,0.542152148206863,6535.2287,7491,2712
2.727021005861,1.40116572803163,0.50036901453105,6535.86266666667,7493,2712
2.53234437347861,1.14665539990291,0.455966467767118,6536.46326666667,7494,2712
-1.10939640530869,0.685029904323168,0.805952464300155,6541.535,7497,2713
-1.08485526243421,0.295638716664201,0.652251191966051,6542.76956666667,7498,2714
-0.398881688627594,3.2209080077079,0.484881915904683,6545.27206666667,7499,2715
0.210979499198503,3.06946079188258,0.641719920727775,6546.54,7500,2716
0.336073316884395,2.925992282091,0.515447090141512,6547.1406,7501,2716
1.03871904362268,1.85449387222867,0.488315818695229,6550.31043333333,7502,2717
-2.08401128312349,2.00097613448209,0.315852700596744,6556.58336666667,7503,2718
-3.71800380100967,0.794436126877201,0.471013054854674,6557.21733333333,7504,2719
3.38875522762154,1.01135060398092,0.514024191669796,6557.21733333333,7505,2720
-1.93419312275267,1.33717553352033,0.42351466406618,6558.4519,7506,2721
-3.17303488306065,0.761862811183051,0.552159795707637,6559.71983333333,7507,2722
-3.05071001157691,0.935458509627819,0.567447629149733,6560.3538,7508,2722
-1.91806593553645,0.518914922813644,0.299299977377149,6560.3538,7509,2723
3.38748284408666,1.01115668821397,0.514471533240118,6560.98776666667,7510,2724
3.39089921375706,1.00932814796358,0.514360628837518,6561.62173333333,7512,2724
-2.81884249000298,1.4030790670417,0.504856076049626,6561.62173333333,7511,2725
3.38748284408666,1.01115668821397,0.514471533240118,6562.8563,7513,2726
-2.23828945838586,1.80452296076259,0.534286910865071,6564.12423333333,7514,2727
-2.03377698932327,1.80792671037647,0.580639593452173,6564.7582,7516,2727
3.39089921375706,1.00932814796358,0.514360628837518,6564.12423333333,7515,2728
5.69474570079546,-0.244423951995796,0.560923683566297,6565.99276666667,7517,2729
-1.52833321419346,1.69154222018946,0.574446925434649,6566.02613333333,7518,2730
-1.27821092865678,1.68773683094434,0.5547012699098,6566.62673333333,7519,2730
-1.14170919836593,1.7245292749998,0.476028246616343,6567.2607,7521,2730
-1.00734802991293,1.83889198580845,0.48168537149406,6567.89466666667,7523,2730
-0.832792773980164,2.04217530623863,0.512961905243271,6568.52863333333,7524,2730
2.07123619638042,1.71125435460828,0.506584137594015,6566.62673333333,7520,2731
3.38843714759967,1.01130209057119,0.514136053612988,6567.2607,7522,2732
-0.624465721575322,2.33857656835354,0.566793030243038,6569.7632,7525,2733
