1.92569569044978,0.507472775157116,0.501343186859053,532.098233333333,1,1
1.92025267158536,0.502509388207035,0.503491764162076,532.1316,1,1
1.91105679852678,0.497622402376212,0.506494889282812,532.164966666667,1,1
1.90248746778455,0.491998675909895,0.509787168414141,532.198333333333,1,1
1.89534553530238,0.486437542522662,0.512612756999197,532.2317,1,1
1.88728839939918,0.480891236174557,0.516511786931004,532.265066666667,1,1
1.88200204265603,0.47638969363015,0.520283157679191,532.298433333333,1,1
1.87536183538694,0.473028578956959,0.523736700084388,532.3318,1,1
1.86935903466888,0.469134804381535,0.526450091648112,532.365166666667,1,1
0.568582989024298,-0.159719276283627,0.830261616584625,535.301433333333,2,2
0.560616468846244,-0.162619998972335,0.83607439003216,535.3348,2,2
0.552638870634631,-0.168628887014997,0.842171313721825,535.368166666667,2,2
-1.98892431293802,-0.138241940105837,0.67631216593269,537.203333333333,3,3
0.455669171016244,2.33355898444419,0.803717380680697,539.272066666667,4,4
0.946353134550112,7.94489645227111,1.18735523849479,539.705833333333,5,5
-5.08249032771384,-3.3505547409897,1.65926224595675,540.373166666667,6,6
0.882608678018259,7.70526028699177,1.3743159024379,541.607733333333,7,7
0.880928717290038,7.70494933559078,1.3754374022832,541.6411,7,7
0.878918352383365,7.68742422138202,1.37647161784348,541.674466666667,7,7
0.874036799071819,7.64798098845389,1.37158690497178,541.707833333333,7,7
-0.13573604959556,1.62371523590922,0.510891721209088,541.707833333333,8,8
-0.134199396711731,1.6160732221777,0.508578910364354,541.7412,8,8
-0.132746949904545,1.60826324370753,0.507038294295243,541.774566666667,8,8
-0.130250090969926,1.6008865782515,0.506755401101443,541.807933333333,8,8
-0.127719622360911,1.59345485229953,0.506831254545601,541.8413,8,8
-0.124206946379934,1.58630843183586,0.506869227389023,541.874666666667,8,8
-0.120148741235722,1.57942084714375,0.507009346956285,541.908033333333,8,8
-0.116322121026997,1.57426989549844,0.508166795955592,541.9414,8,8
-0.1126148213891,1.56959768542126,0.510152088461194,541.974766666667,8,8
-0.108665921300465,1.56609257987431,0.512335090954907,542.008133333333,8,8
-0.104940579820574,1.56316482769495,0.514173874529918,542.0415,8,8
0.644146031231878,7.23553355103589,1.32747190928972,543.809933333333,9,9
0.644915458958841,7.35065739270816,1.33501809979591,543.8433,9,9
0.632799332271181,7.22074633128494,1.31873248098424,543.876666666667,9,9
0.630545014732596,7.23273425815087,1.31581755219434,543.910033333333,9,9
0.627292279928869,7.26616566059447,1.31787065897743,543.9434,9,9
-2.71233684541453,-2.42541860473738,1.50068958889067,544.110233333333,10,10
-2.69898298577464,-2.41948720132395,1.49575116946783,544.1436,10,10
-2.68143595383361,-2.41062180097513,1.49154807009401,544.176966666667,10,10
-2.65819856090239,-2.39603562603909,1.48604048265145,544.210333333333,10,10
-2.65128436249571,-2.39867784724703,1.48625438389442,544.2437,10,10
-2.63140077049662,-2.39046838551952,1.48522781156392,544.277066666667,10,10
-0.88670345171232,1.08833730682007,0.743403810254519,545.211333333333,11,11
-0.900448267617504,1.08982510668291,0.748124746246753,545.2447,11,11
-0.91210337078299,1.09147395694452,0.753306887308522,545.278066666667,11,11
-0.923649441947182,1.09285472720949,0.760170005015076,545.311433333333,11,11
-0.932952802881961,1.0930782019855,0.766014309412461,545.3448,11,11
-0.942243630618507,1.09373450063121,0.771827102546507,545.378166666667,11,11
-0.949878264431975,1.09355006718854,0.777844698790606,545.411533333333,11,11
-0.957328305084023,1.09209116393008,0.78276599754112,545.4449,11,11
0.462506559344313,7.37247912611134,1.25082916685757,546.379166666667,12,12
0.454497873961433,7.36790946744688,1.24810328776824,546.412533333333,12,12
0.446618779624685,7.31468623482785,1.24189845748822,546.4459,12,12
0.438819041504571,7.30996521820165,1.23759249579894,546.479266666667,12,12
-0.62985830296849,-1.64796874531662,1.45309402292672,547.079866666667,13,13
-0.608925466829871,-1.62989462917076,1.44974953841367,547.113233333333,13,13
-0.592640556356054,-1.62637196888622,1.45123667712587,547.1466,13,13
-0.574687541589366,-1.61581685651409,1.45126068280636,547.179966666667,13,13
-0.559319630635587,-1.61051456493318,1.45464033828722,547.213333333333,13,13
-0.5457187690816,-1.60271085682151,1.45793839140504,547.2467,13,13
-0.535775809263496,-1.60013914440724,1.46405935017497,547.280066666667,13,13
-0.520742041869368,-1.58605249539582,1.46649300690741,547.313433333333,13,13
-1.856519068727,1.11257749773924,0.833273128690139,547.980766666667,14,14
-1.86320321624186,1.10830489461476,0.837535305263247,548.014133333333,14,14
-0.257855883036383,0.499416351061677,0.746905146052925,550.516633333333,15,15
-0.253974694846192,0.51586326216995,0.740979083594401,550.55,15,15
-0.248926574016009,0.535704106583464,0.734240540988921,550.583366666667,15,15
-0.245271232619838,0.556434115756207,0.728869727019026,550.616733333333,15,15
-0.242825014522616,0.576011562060388,0.724753999035141,550.6501,15,15
-0.24079229382732,0.593753441828253,0.721905869529377,550.683466666667,15,15
-0.2380458948286,0.609351215168793,0.720000002022207,550.716833333333,15,15
-0.231682967396307,0.623086772496512,0.717824490996093,550.7502,15,15
-0.223041812202906,0.635835894033836,0.71669572184493,550.783566666667,15,15
-0.213843253743859,0.649538073123185,0.716088740883078,550.816933333333,15,15
-0.205929731430942,0.663633736719988,0.715870971370206,550.8503,15,15
-0.20004804416124,0.678009817329645,0.71658834266992,550.883666666667,15,15
0.382379973733301,0.499745658378117,0.875889002585845,552.585366666667,16,16
0.451947679951524,0.634008198158634,0.861277315592876,552.618733333333,16,16
0.382102269334727,0.649452006258739,0.831923765471996,552.6521,16,16
0.421723935897018,0.620647702212839,0.743204321387844,552.685466666667,16,16
0.736793091454773,0.663133893017787,0.736447220858216,553.085866666667,17,16
0.820904739238502,3.17575457307191,0.778571871203572,555.087866666667,18,17
0.829652021319674,3.19714291660087,0.779405813454844,555.121233333333,18,17
0.83466248728977,3.21273023583575,0.780573068532443,555.1546,18,17
0.843815408743688,3.23395061169844,0.783293889038968,555.187966666667,18,17
0.851187980724102,3.25213327373828,0.785669148498766,555.221333333333,18,17
0.856618992214503,3.2668033356513,0.78879901508508,555.2547,18,17
0.853488246425332,3.26897576647359,0.791677092694407,555.288066666667,18,17
0.860185083860656,3.28221618097503,0.796332855151735,555.321433333333,18,17
-1.717073008457,4.80939900622325,1.35296123848894,556.188966666667,19,18
-1.74049890760059,4.81890127278706,1.3548055389223,556.222333333333,19,18
-1.74624412252339,4.79858005331688,1.35028551729766,556.2557,19,18
-1.77017060136142,4.80949705656224,1.35331468282244,556.289066666667,19,18
-1.76926063601602,4.78605580422558,1.34773436079381,556.322433333333,19,18
-1.77345031012069,4.77067485511104,1.34665016133581,556.3558,19,18
-1.80152603267877,4.78619762281407,1.35208131260538,556.389166666667,19,18
-2.05008899415861,4.30183783548658,1.36834209170414,558.090866666667,20,19
-2.05683829606283,4.29939878223616,1.36624115488456,558.124233333333,20,19
-2.05604119321109,4.29094402029513,1.36267025828535,558.1576,20,19
-2.06138939740401,4.2871303630791,1.36098869999354,558.190966666667,20,19
-2.06522605204806,4.28129465915299,1.35814969032268,558.224333333333,20,19
-2.06302856593999,4.2725479360346,1.35385659669457,558.2577,20,19
1.45319214770086,4.88902559149201,0.982498302668303,558.791566666667,21,20
1.44508661219101,4.89394424888085,0.98230056470691,558.824933333333,21,20
1.43301067964913,4.88632606342721,0.982003771907637,558.8583,21,20
1.42478047962882,4.89509814717193,0.983291789682338,558.891666666667,21,20
1.40651898131949,4.88191951200868,0.981289312281315,558.925033333333,21,20
1.41095931508766,4.91385356707193,0.982940123833024,558.9584,21,20
1.40416694504448,4.91913949790238,0.988650093262083,558.991766666667,21,20
1.39783557403788,4.92135482486097,0.986285808325624,559.025133333333,21,20
-2.05754351292706,3.82001161825984,1.22546912436937,560.126233333333,22,21
-2.0664777254174,3.81878360845916,1.22511128557085,560.1596,22,21
-2.06394032815027,3.81221075169633,1.22566873873996,560.192966666667,22,21
-2.06353843587217,3.80648693495553,1.2239255110227,560.226333333333,22,21
-2.06045765053468,3.8014623190124,1.22350029504417,560.2597,22,21
-2.05301039746486,3.79237314618531,1.22330830860116,560.293066666667,22,21
-2.05412592740382,3.78997026103674,1.22519563052339,560.326433333333,22,21
-2.16901171296816,3.52803251306976,1.28210410270281,562.0615,23,22
-2.17167555431387,3.52017693668359,1.27984238554136,562.094866666667,23,22
-2.1776036480259,3.51730070779486,1.27783624929368,562.128233333333,23,22
-2.18140290075756,3.51361640144571,1.27505756445555,562.1616,23,22
-2.18272554273932,3.50679719730014,1.2730980206766,562.194966666667,23,22
-2.19002606362458,3.50188523431919,1.27166945132175,562.228333333333,23,22
-2.19045117549961,3.49521598833169,1.2699885136874,562.2617,23,22
-2.20229342777709,3.49405265051271,1.27040332231949,562.295066666667,23,22
-2.32768557311845,3.21287179424819,1.37006156253098,563.930033333333,24,23
-2.3353997118718,3.20451460241363,1.37009168844591,563.9634,24,23
-2.34215991274657,3.19834742590277,1.37128586692169,563.996766666667,24,23
-2.33780804778224,3.18561973523335,1.36842377265024,564.030133333333,24,23
-2.34371012955163,3.17476551644783,1.36733975811197,564.0635,24,23
-2.33988166199736,3.16358077504426,1.36626577934118,564.096866666667,24,23
-2.34474676373014,3.15501561265788,1.36731603450171,564.130233333333,24,23
0.320657810486311,4.14993511625884,0.741408361913164,565.2647,25,24
0.328302703085859,4.15193457084769,0.742633567947102,565.298066666667,25,24
0.335596268371985,4.15732081507463,0.745110717404496,565.331433333333,25,24
0.342561461524072,4.14480329420709,0.747819746390419,565.3648,25,24
0.350661542766102,4.14595678694167,0.75059346606876,565.398166666667,25,24
0.357689252043372,4.12969726216596,0.753503443694121,565.431533333333,25,24
0.365402679409471,4.12383303790298,0.758342178121355,565.4649,25,24
0.372017314923994,4.12640959811507,0.764336165065135,565.498266666667,25,24
0.375468420304856,4.12388970210036,0.772007868134953,565.531633333333,25,24
0.378566980515898,4.11631877101496,0.779769802432423,565.565,25,24
0.38427269087332,4.14645701179902,0.7871696202843,565.598366666667,25,24
0.387293481629016,4.14403726265636,0.793498134027681,565.631733333333,25,24
-2.64431658031958,2.85483485958185,1.37750630743908,565.9654,26,25
-2.63888315307211,2.84795986526769,1.37420579140114,565.998766666667,26,25
-2.64202450645854,2.84096814317591,1.3735773904703,566.032133333333,26,25
7.36631943911246,-2.82515807945886,0.0315662642709917,566.566,27,26
0.894499529957148,3.42774919591,0.891040099284629,567.633733333333,28,27
0.915975275252828,3.42796001591626,0.890301866408928,567.6671,28,27
0.935846088257722,3.42207602711071,0.890096152351806,567.700466666667,28,27
0.958618669335805,3.4201749295069,0.890279713995626,567.733833333333,28,27
0.978278474660215,3.41424793304748,0.890574262140101,567.7672,28,27
0.99961951029328,3.4127451787798,0.892728420697572,567.800566666667,28,27
1.01393399650452,3.40526793700102,0.89297262552449,567.833933333333,28,27
1.03151338154839,3.40431099630476,0.894429335099225,567.8673,28,27
1.0517884552021,3.40779648416839,0.895208818322463,567.900666666667,28,27
1.06995031497628,3.41059220989639,0.8953322824244,567.934033333333,28,27
1.08420019937296,3.41010195738706,0.894195121837817,567.9674,28,27
1.10201827944107,3.41611580256722,0.893491138691066,568.000766666667,28,27
6.17737226270987,7.12648851654307,0.348495192039286,568.634733333333,29,28
6.1936741775085,7.14508427537994,0.343266200190714,568.6681,29,28
6.1975041047059,7.15800221630268,0.341786186336379,568.701466666667,29,28
6.18665748523379,7.15748939559936,0.335294217139362,568.7682,30,28
7.06492042980688,-2.3406844391146,0.146205037346298,569.2687,31,29
2.47775658551522,2.54560434364417,0.342375541466886,570.3698,32,30
2.48836257852118,2.53754671459399,0.343450937738542,570.403166666667,32,30
2.50007001137012,2.5287976725682,0.343181156318027,570.436533333333,32,30
2.51169198923071,2.52048275249384,0.345063029295185,570.4699,32,30
2.52385880701117,2.51231958342006,0.345826753719516,570.503266666667,32,30
2.53371648034933,2.50431818263594,0.34814959594574,570.536633333333,32,30
2.54342028881005,2.49687917994388,0.351058765514484,570.57,32,30
-3.76625177631644,1.84912598956923,1.35954190427477,574.140233333333,33,31
-3.77712453607277,1.84159715065721,1.3585935049202,574.1736,33,31
-3.76536244906935,1.82460000931494,1.35277269776435,574.240333333333,34,31
-3.66362345911665,1.25267117078678,1.15294299940132,576.108866666667,35,32
-3.67021604805996,1.24695273682144,1.15071777067563,576.142233333333,35,32
-3.66523519459244,1.23279775874595,1.14010546540155,576.208966666667,36,32
-3.6592634769788,0.673065209252459,1.25115813155423,578.144233333333,37,33
-3.66460988249636,0.667110116771008,1.25365172921194,578.1776,37,33
-3.66932073301817,0.654208171187161,1.25851960944858,578.210966666667,37,33
7.02222111823122,-1.16642449845441,0.259930940808472,579.412166666667,38,34
7.05025722988577,-1.16556682568387,0.263127630283319,579.445533333333,38,34
7.26656150990399,-0.582725380608657,0.554996362793396,581.6811,39,35
7.43154723775189,0.306914222032638,0.880845685555132,587.553633333333,40,36
7.45627352822789,0.300167204402956,0.883502901299758,587.587,40,36
-2.4314483756687,-2.38860151413963,0.829635828973974,588.588,41,37
-1.33985228841963,5.04683520309496,1.66586677716051,590.7902,42,38
-1.34984408556605,5.05470681682597,1.66862230146597,590.823566666667,42,38
-1.36646238384656,5.07368073424264,1.67407066472959,590.856933333333,42,38
-1.36391968326449,5.0609449388892,1.67084688400624,590.8903,42,38
-1.3718548671792,5.06606555874402,1.67374187920951,590.923666666667,42,38
-1.39216850725785,5.0948131893225,1.68233030556606,590.957033333333,42,38
-1.3899482698983,5.08584747906245,1.68063992143166,590.9904,42,38
8.79637457955686,0.920839438930339,-0.798270338093343,591.3908,43,39
-1.56988958205828,4.96738833414281,1.56735083803858,592.425166666667,44,40
-1.57528483911042,4.96630385136971,1.56623607570784,592.458533333333,44,40
-1.57706989848093,4.95745975856934,1.56392157723326,592.4919,44,40
-1.575688818859,4.94521488013638,1.55883816614053,592.525266666667,44,40
-1.59127831333227,4.95976713030232,1.56295362020084,592.558633333333,44,40
-1.59452154836291,4.95580177640634,1.562629382594,592.592,44,40
-1.5852257775749,4.93451820197876,1.55714553668213,592.625366666667,44,40
-1.59294588232665,4.94093411899134,1.55630988902417,592.658733333333,44,40
7.92640810532172,1.21399654497844,-0.525803833766689,593.659733333333,45,41
7.89687069912459,1.21854991936581,-0.52491238848451,593.759833333333,46,41
7.86618114343471,1.21915006160217,-0.522617616484857,593.7932,46,41
-1.68179415436319,4.62320396611238,1.36078121533141,594.0935,47,42
-1.68374789101958,4.61831760373136,1.35464716993491,594.126866666667,47,42
-1.68842317558158,4.61922292616613,1.3487948393069,594.160233333333,47,42
-1.68802965817605,4.61308594903792,1.34201447485432,594.1936,47,42
-1.69601658314335,4.61909704420138,1.33845837010342,594.226966666667,47,42
-1.68189027810636,4.59605527186452,1.32890096822747,594.260333333333,47,42
-1.69593756331391,4.61170352548744,1.32786392382937,594.2937,47,42
7.40705734803181,1.23119603516859,-0.519205024915487,595.461533333333,48,43
-1.65581768588829,4.37476988575148,1.35563517573691,595.561633333333,49,44
-1.64481300717374,4.35668611828187,1.35348072508747,595.595,49,44
-1.64358038171956,4.349871110992,1.35298154135163,595.628366666667,49,44
-1.63661914077338,4.33608783363574,1.35153859498913,595.661733333333,49,44
-1.63912934155053,4.3352808747066,1.35316968455091,595.6951,49,44
-1.64054714240763,4.32776189426137,1.35299610741841,595.728466666667,49,44
-1.63009862241128,4.30766661028862,1.3504356191145,595.761833333333,49,44
-1.64824676292256,3.78900473881806,1.34369204192495,597.063133333333,50,45
-1.64541880372019,3.76969207486461,1.34193232141034,597.0965,50,45
-1.65040373970912,3.75733935753162,1.34247534707721,597.129866666667,50,45
-1.64782803696849,3.73739102266009,1.34068978501601,597.163233333333,50,45
-1.64610164948488,3.71765249137809,1.34010981513147,597.1966,50,45
-1.64942997374787,3.70203429077151,1.3390019574068,597.229966666667,50,45
-1.65540699683715,3.68798726172256,1.33890554107106,597.263333333333,50,45
-1.66545497990115,3.67455966036159,1.34078520062119,597.2967,50,45
7.14526011714269,1.21828451164861,-0.505226783388546,598.1976,51,46
-1.71620487008433,3.12825395656273,1.16622067569574,598.3978,52,47
-1.71499087535206,3.10441432255189,1.16337425546501,598.431166666667,52,47
-1.72704450605644,3.08547188783727,1.16071030888999,598.464533333333,52,47
-1.7324966359039,3.06124900243783,1.15660252616864,598.4979,52,47
-1.74815664423612,3.04230542097552,1.15642269461512,598.531266666667,52,47
-1.76035430636988,3.01908576910229,1.15592485236203,598.564633333333,52,47
-1.7703686730888,2.99877875016157,1.15581547243578,598.598,52,47
8.66938719032657,3.3546433200593,-0.505192069409312,599.465533333333,53,48
6.56487077089726,1.08333722871564,-0.447886823097254,600.166233333333,54,49
6.55516817409864,1.08535645152515,-0.447821299671688,600.1996,54,49
6.56040516364351,1.08783167855205,-0.451962980919275,600.232966666667,54,49
8.26937386620083,0.895795405690225,-0.602573516273728,601.167233333333,55,50
6.02302304389744,0.866427885878649,-0.152073013283958,601.7011,56,51
5.99883722529759,0.862933564502371,-0.143968174832687,601.734466666667,56,51
5.17795762198201,0.80436866422178,0.0367339318191104,603.4028,57,52
5.16781619577476,0.806063550482081,0.0402006815088193,603.436166666667,57,52
5.14000935047214,0.806344690573829,0.045511915099216,603.469533333333,57,52
5.13434481888136,0.808063045534645,0.0481022898548955,603.5029,57,52
5.11286569190366,0.810618154395968,0.0520774092908384,603.536266666667,57,52
6.27558767787705,0.991628880845528,-0.101116314480605,604.7041,58,53
6.26455016991604,0.989289508114679,-0.102607796698669,604.737466666667,58,53
6.25378660299555,0.986737008466583,-0.0984076179359595,604.770833333333,58,53
6.2377872104419,0.985526034400452,-0.0979397079932629,604.8042,58,53
6.23190886836807,0.986866119673593,-0.097928404947579,604.837566666667,58,53
4.28587635800976,0.346539739752954,0.0242597570849256,605.738466666667,59,54
4.27085900637978,0.338561743273818,0.019938383034531,605.771833333333,59,54
4.26798661720573,0.327224680147237,0.0205383644599317,605.8052,59,54
4.32109196258005,0.554345074235461,0.162026137369979,607.173233333333,60,55
4.29470899249303,0.553035548346524,0.168606967408787,607.2066,60,55
4.27157321181873,0.550702424947467,0.173471503767956,607.239966666667,60,55
4.24855283522491,0.55274969510497,0.180003352917098,607.273333333333,60,55
4.22910439451508,0.554977470202718,0.184237211058279,607.3067,60,55
4.19785575801396,0.558573909899317,0.193014340440584,607.340066666667,60,55
4.18897983126277,0.558829074952273,0.196018223812746,607.373433333333,60,55
4.16311169113425,0.563078234314532,0.202408418277335,607.4068,60,55
3.6485476308734,-0.0841569794648234,0.296449170794701,607.373433333333,61,56
3.64591163262643,-0.09038174324439,0.303162885016567,607.4068,61,56
3.6261828293223,-0.0912857617521595,0.308260544218693,607.440166666667,61,56
3.61708654093771,-0.0950650330423263,0.313243692516653,607.473533333333,61,56
3.60492078142709,-0.0968700848944837,0.320052256085487,607.5069,61,56
3.60073313853853,-0.101058324742131,0.323931276426864,607.540266666667,61,56
-3.53187901995394,2.97817256294319,1.4083519653355,608.674733333333,62,57
-3.53799701076903,2.97498000082218,1.42200973894149,608.7081,62,57
-3.52166392002619,2.96340527593245,1.43279844503139,608.741466666667,62,57
-3.49404121011619,2.93924350210904,1.4618928312655,608.8082,63,57
-3.50076658785529,2.93474681048859,1.47014482652822,608.841566666667,63,57
2.72503122012957,0.583193238627505,0.575647708962775,609.075133333333,64,58
2.70372458803352,0.575826949892708,0.576658845489386,609.1085,64,58
2.68382634073645,0.568674202048554,0.577115956165697,609.141866666667,64,58
2.66318270036183,0.562064891702153,0.578109538812016,609.175233333333,64,58
2.64479005564865,0.555146890544447,0.580090755222618,609.2086,64,58
2.62496066504077,0.549124968835583,0.581494919160191,609.241966666667,64,58
2.6083950613004,0.544156532744388,0.5831349339916,609.275333333333,64,58
2.59020200501851,0.540727838191801,0.58483361325461,609.3087,64,58
2.57004199341927,0.538810107339794,0.588267645088865,609.342066666667,64,58
2.55132942281751,0.538813855960382,0.591727935174594,609.375433333333,64,58
2.5381374003829,0.537617199913015,0.595708777328397,609.4088,64,58
2.81166749531091,-0.265479430348435,0.367583458837763,609.2086,65,59
2.79882443779864,-0.267615068789576,0.368666042945563,609.241966666667,65,59
2.78814615624078,-0.272292074012376,0.36835037003978,609.275333333333,65,59
2.77945752688921,-0.274117059717891,0.368079676199867,609.3087,65,59
2.76491979470632,-0.273450654077502,0.368639478214096,609.342066666667,65,59
2.76014950441708,-0.277500318037079,0.366236070106662,609.375433333333,65,59
2.74979042828971,-0.277565367262326,0.365966949505019,609.4088,65,59
2.73878368152905,-0.279622467441158,0.366035120887756,609.442166666667,65,59
1.74717535352445,-0.242314142088248,0.290535602712354,611.1105,66,60
1.7321831340987,-0.240726611956724,0.291726050149309,611.143866666667,66,60
1.72400059270924,-0.242846289397658,0.291596663677363,611.177233333333,66,60
1.71077297169355,-0.239504439297872,0.293743192782842,611.2106,66,60
1.6994052986326,-0.238327018302759,0.294639680508451,611.243966666667,66,60
1.68600426063961,-0.237253718802117,0.295905926030279,611.277333333333,66,60
1.67846990737176,-0.240218878015243,0.295219627523959,611.3107,66,60
1.66796375078508,-0.239899990828318,0.29649477905424,611.344066666667,66,60
1.6520983566018,-0.235052268277004,0.299353402802955,611.377433333333,66,60
-3.02337891959338,2.63123059006138,1.74995291148072,611.243966666667,67,61
-3.01455327332285,2.6290595945414,1.74460597407966,611.277333333333,67,61
-3.01229819887236,2.62893720052758,1.74121604671019,611.3107,67,61
-3.01007486423231,2.62825295219025,1.73823743806633,611.344066666667,67,61
-3.00264341544022,2.62343915284399,1.73366322321822,611.377433333333,67,61
-2.99711543174345,2.62159856602803,1.73048655543341,611.4108,67,61
-2.99396232266404,2.61760625702789,1.72880124617274,611.444166666667,67,61
0.792500966690038,0.347688449907922,0.852674157693522,611.243966666667,68,62
0.771048922688123,0.335327038566082,0.853632652047251,611.277333333333,68,62
0.613834153659928,0.28686847382478,0.867880056215145,611.477533333333,69,62
0.593532679922079,0.27912054003348,0.874515153708565,611.5109,69,62
0.579061360050174,0.252446301459058,0.883691015144632,611.544266666667,69,62
0.558369374515047,0.245322917238819,0.893027819444256,611.577633333333,69,62
0.535511715440328,0.243557830124007,0.902178834609073,611.611,69,62
-5.5788283549294,4.84586165719733,2.00628045135376,612.745466666667,70,63
0.221356300567433,-0.0551058548580288,0.565429650545872,613.446166666667,71,64
0.20462645638247,-0.0471372444660839,0.569727921951308,613.479533333333,71,64
0.184752828456416,-0.0449381085988831,0.574504373484757,613.5129,71,64
0.169493685215182,-0.0360628777332677,0.579409105888184,613.546266666667,71,64
0.153768412633108,-0.030604953717312,0.584385909983801,613.579633333333,71,64
0.139837698577657,-0.0242905895805036,0.589707140408307,613.613,71,64
0.127914828016964,-0.019455934408573,0.595397324117167,613.646366666667,71,64
0.116307665823301,-0.0169587353703606,0.600481588995029,613.679733333333,71,64
0.104753112282074,-0.0167531172684617,0.60553880495058,613.7131,71,64
-2.14366778665782,1.99774534972953,1.52809246408623,614.380433333333,72,65
-2.13928243654101,1.99139012539539,1.52677406765859,614.4138,72,65
-2.12880786222065,1.9837574993879,1.52285171039022,614.447166666667,72,65
-2.12611784990562,1.97633951600732,1.52143246994795,614.480533333333,72,65
-2.12241073394641,1.96909420638009,1.51823244178946,614.5139,72,65
-2.11551877139491,1.96162778042852,1.51461005045884,614.547266666667,72,65
-2.10898719233925,1.95429829999644,1.51109863248194,614.580633333333,72,65
-2.10524494746853,1.94807412699807,1.5080606010359,614.614,72,65
-2.09606837446487,1.94163422191249,1.50290801860086,614.647366666667,72,65
-4.80693035067952,4.3125493936878,1.85827640836456,614.947666666667,73,66
-4.76420984565054,4.28612437191165,1.84268678875055,614.981033333333,73,66
-4.76168044609561,4.28184757608647,1.83981086708717,615.0144,73,66
-1.84014912750276,1.71451843883742,1.29892742371408,615.681733333333,74,67
-1.83264751238662,1.70709568385763,1.29313202899563,615.7151,74,67
-1.82246208895605,1.69834151086388,1.28567797985093,615.748466666667,74,67
-1.81612385304481,1.68732801616873,1.27883348731516,615.781833333333,74,67
-1.81170376264078,1.67506436688238,1.27175447635932,615.8152,74,67
-1.80634505697171,1.66323559762773,1.26480631963545,615.848566666667,74,67
-1.79598385212512,1.65262152434837,1.25658891236985,615.881933333333,74,67
-1.78650423995404,1.64274601824529,1.24928782135092,615.9153,74,67
-1.77650176452307,1.6331691630824,1.24165795712376,615.948666666667,74,67
-1.76893135924393,1.62407352265765,1.23349453267527,615.982033333333,74,67
-1.76245720562696,1.61737340174503,1.22769484382735,616.0154,74,67
-1.55098937544799,0.492683366659796,0.921040829219625,615.781833333333,75,68
-1.56584858537214,0.513632613701546,0.926666901546997,615.8152,75,68
-1.58145143435515,0.535436196641493,0.934049836781713,615.848566666667,75,68
-1.59494379924628,0.553559950869495,0.940802984030884,615.881933333333,75,68
-1.60709534882946,0.570775206157878,0.947146806602771,615.9153,75,68
-1.62199371798563,0.582465236583652,0.952954770272584,615.948666666667,75,68
-1.63213351280326,0.595444172019458,0.958570031643144,615.982033333333,75,68
-1.64011465221024,0.606397191164493,0.961472948020093,616.0154,75,68
-1.6520675888676,0.613998422110284,0.96544964752643,616.048766666667,75,68
-1.66118874550438,0.619466745012671,0.969771568559173,616.082133333333,75,68
-1.84854899999183,1.08472403616164,1.0052141828054,617.383433333333,76,69
-1.85765943593338,1.06599699391302,1.0050801755155,617.4168,76,69
-2.91606320963867,1.1373826619864,1.16818369711361,617.950666666667,77,70
-8.61636388800894,5.11561972899734,2.89369753388824,618.184233333333,78,71
-3.5480019389193,2.93259190292047,1.53927145886783,619.685733333333,79,72
-3.54790767218436,2.92591953447162,1.53926900976874,619.7191,79,72
-3.54710124973339,2.92046601270553,1.54036197563485,619.752466666667,79,72
-3.5511413772681,2.91875895167735,1.54366113270908,619.785833333333,79,72
-3.53422245083403,2.90939533473047,1.54312592846543,619.8192,79,72
-3.53262939848678,2.90900004982853,1.54715274444857,619.852566666667,79,72
-2.87124696397759,3.27384666338565,1.69146185839125,621.887933333333,80,73
-2.87159947897362,3.29281346447823,1.69651069551457,621.9213,80,73
-2.8481039252513,3.30353026721612,1.69645899930013,621.954666666667,80,73
-2.85111571100507,3.3233917972284,1.70218640467112,621.988033333333,80,73
-2.83727644429868,3.33585511219086,1.70399584207064,622.0214,80,73
-2.8341133471667,3.34836833593907,1.70833960351317,622.054766666667,80,73
-2.8191633890149,3.35852343377047,1.70881465627956,622.088133333333,80,73
-2.81587684399953,3.37102881491851,1.71269527373948,622.1215,80,73
-2.80712505148308,3.37951818018671,1.71339673363511,622.154866666667,80,73
-5.69570386698761,5.20961585493305,2.79164766883038,622.7221,81,74
-5.70814649846246,5.22154934586875,2.79962476587401,622.755466666667,81,74
-5.67707321329352,5.21028421852105,2.79134269041343,622.788833333333,81,74
-5.65663474140298,5.20904856757739,2.78944372778289,622.8222,81,74
-0.144604374507901,-4.27567051643349,0.308839432905897,623.623,82,75
-2.33253995400215,4.78470758621258,1.75245498574307,624.256966666667,83,76
-2.31785308967133,4.79712578277878,1.74980342145158,624.290333333333,83,76
-2.31124791979798,4.81924776454527,1.74684101825889,624.3237,83,76
-2.28603383260552,4.82435796411094,1.7417565708275,624.357066666667,83,76
-2.29286781328684,4.86349954571905,1.74673271747338,624.390433333333,83,76
-2.27353858588888,4.87195245512672,1.74334503205276,624.4238,83,76
-2.26829570566198,4.89573571407729,1.74618757667301,624.457166666667,83,76
-2.22948144538846,4.88398256927299,1.73585943485819,624.490533333333,83,76
-2.22168982752476,4.89961944601881,1.73977981914247,624.5239,83,76
-5.01236102494287,4.8615570538495,2.59308021814165,624.490533333333,84,77
-4.99238848754476,4.84924230478238,2.58202120300888,624.5239,84,77
-4.98912527277886,4.84581454872254,2.57933857926879,624.557266666667,84,77
-4.98613853774089,4.84248179122469,2.57739267064425,624.590633333333,84,77
-4.97170235053461,4.82747794018625,2.5700769939765,624.624,84,77
-4.9640230539663,4.82107526851139,2.56811029147057,624.657366666667,84,77
-0.715954311392104,-2.66125963844949,0.384176533214878,625.758466666667,85,78
-0.718163804060008,-2.63087243810019,0.389584322033619,625.791833333333,85,78
-0.727708882937505,-2.61819692452544,0.392499067779617,625.8252,85,78
-0.733748446645147,-2.56871248084241,0.398758603715834,625.891933333333,86,78
-1.40635455640336,5.64863438423852,1.71591710782641,626.2256,87,79
-1.38592120182378,5.6409916703167,1.70690445489527,626.258966666667,87,79
-1.39219241920312,5.68401077858168,1.71130118296852,626.292333333333,87,79
-1.36857240708575,5.66970914733611,1.69969302437253,626.3257,87,79
-1.35404592113837,5.6769961711369,1.69377227805095,626.359066666667,87,79
-1.35165851388904,5.70984131441767,1.69706054185577,626.392433333333,87,79
-1.3339004922415,5.70919659427064,1.69140328931537,626.4258,87,79
-1.31013222576128,5.69123140452438,1.68321139027425,626.459166666667,87,79
-1.29796487147861,5.70097705305003,1.68132024168131,626.492533333333,87,79
-1.2916274325205,5.71513920337841,1.6845672687257,626.5259,87,79
-1.19807063964198,-1.78254087315952,0.701624571100798,627.627,88,80
-1.20711079099276,-1.76736985557383,0.707117013463411,627.660366666667,88,80
-1.21767984344359,-1.76077361976077,0.714148569727583,627.693733333333,88,80
-1.22011212678614,-1.73868509423745,0.720091589242653,627.7271,88,80
-1.23132339449999,-1.73088240477298,0.727742952307476,627.760466666667,88,80
-1.2412387548801,-1.72039656452572,0.736519028336249,627.793833333333,88,80
-2.75363310396431,4.1718307955314,2.05842721415027,628.628,89,81
-2.72602886568842,4.17497112712189,2.05656606765898,628.661366666667,89,81
-2.70942538438602,4.18726680568201,2.05947509116998,628.694733333333,89,81
-2.68116295901667,4.19226957854867,2.05921289414874,628.7281,89,81
-2.65783722676814,4.20111994396273,2.06175617159965,628.761466666667,89,81
-2.6424083874118,4.21666863690879,2.06760970484527,628.794833333333,89,81
-2.61475519089513,4.22206242075837,2.06941420690436,628.8282,89,81
-2.60560843752681,4.24030795073782,2.07712884725422,628.861566666667,89,81
-2.58664042527392,4.24584679265121,2.08123858946266,628.894933333333,89,81
-1.928233955337,-0.789043801741452,1.19892703526237,629.662366666667,90,82
-1.94324394748748,-0.773276990980793,1.20595116106089,629.695733333333,90,82
-1.95396179607158,-0.754786211569922,1.21327378023137,629.7291,90,82
-1.96935211376528,-0.739128856274815,1.22067575187932,629.762466666667,90,82
-1.98092123151129,-0.722503765301579,1.22873590824401,629.795833333333,90,82
-1.99250738391508,-0.707188616523564,1.23644049291943,629.8292,90,82
-2.00104234474057,-0.68888515333008,1.24366190413424,629.862566666667,90,82
-2.00558927139644,-0.672966052797473,1.24851398047885,629.895933333333,90,82
-1.82126995743395,4.80156987002134,2.10020438369209,630.3297,91,83
-1.8025293136974,4.79906137055422,2.09151362568495,630.363066666667,91,83
-1.78918300482785,4.80661150047657,2.09000091361487,630.396433333333,91,83
-1.77524147540937,4.81179731148332,2.08815345972654,630.4298,91,83
-1.76262324437535,4.82013595609584,2.08735970005755,630.463166666667,91,83
-1.73123052255749,4.80526018956046,2.07703634161271,630.496533333333,91,83
-1.72696596256103,4.81949663156953,2.0813176620056,630.5299,91,83
-1.71680666931479,4.82682770814199,2.083345722812,630.563266666667,91,83
-1.70447357888086,4.82820761342912,2.08305725733754,630.596633333333,91,83
-1.68758384348791,4.82168686770818,2.08043842276156,630.63,91,83
-1.68755020932752,4.83313106138816,2.08642115437091,630.663366666667,91,83
0.906541652362881,6.47247366153921,1.23480642756613,630.596633333333,92,84
0.91466648153403,6.44436696237469,1.22819332361142,630.63,92,84
0.949593999807643,6.59115393537492,1.23964480422279,630.663366666667,92,84
-3.16450182220346,0.0152258874733355,1.53301608178592,631.797833333333,93,85
-3.18046817651802,0.0185453654443928,1.53526073358568,631.8312,93,85
-3.18002711438262,0.0304937056412157,1.53142159979147,631.864566666667,93,85
-0.641595129996561,4.90281056982366,1.75001791355412,632.632,94,86
-0.629901481963465,4.90806647784697,1.74608697686783,632.665366666667,94,86
-0.61641103111129,4.91041903630549,1.74100469328289,632.698733333333,94,86
-0.601503616507034,4.91210152063738,1.7377291784263,632.7321,94,86
-0.582277993608254,4.90388976737047,1.72973315985451,632.765466666667,94,86
-0.556049330613818,4.8740221069538,1.71749965208848,632.798833333333,94,86
-0.540767881690302,4.87365843718948,1.71537599212709,632.8322,94,86
-0.525540453119551,4.87279236471351,1.71485909219278,632.865566666667,94,86
-0.50903752770354,4.8691753684753,1.71299051979431,632.898933333333,94,86
-0.488646517513493,4.85008425272317,1.70609424631538,632.9323,94,86
-0.486347820364364,4.89056839272543,1.71996897300003,632.965666666667,94,86
2.21091658656465,7.46881223394216,1.12548794183172,633.065766666667,95,87
2.22046502228802,7.46973116206284,1.12800754160761,633.099133333333,95,87
1.21943762382768,3.86350244496797,1.06102875607812,635.7351,96,88
1.23149569467216,3.85330177246998,1.05382320017684,635.768466666667,96,88
1.24497586805221,3.84723982637777,1.04770092222175,635.801833333333,96,88
1.25483979020923,3.83634244429418,1.04102326509367,635.8352,96,88
1.26355194868134,3.82456963186287,1.0346192784722,635.868566666667,96,88
1.27627084905235,3.81950394306128,1.02929474042624,635.901933333333,96,88
1.28626401539728,3.81222707869584,1.02374144663291,635.9353,96,88
1.29600059324178,3.80700042734706,1.02032332075066,635.968666666667,96,88
1.3051957615542,3.80515212974291,1.01673648185193,636.002033333333,96,88
1.31461436309839,3.80554991051832,1.01415847180701,636.0354,96,88
2.21648292975043,3.06344381790657,0.413674951674881,637.803833333333,97,89
2.22530765876555,3.06068148634646,0.410047800611773,637.8372,97,89
2.23811246683569,3.05695604924771,0.40730403480814,637.870566666667,97,89
2.24676358191077,3.05216798995717,0.403579853962202,637.903933333333,97,89
2.25526719117658,3.04616427424591,0.400907876882051,637.9373,97,89
2.26500948293945,3.04033609085148,0.397742860761086,637.970666666667,97,89
2.27670436652859,3.03669223194582,0.396329631362193,638.004033333333,97,89
2.28767990734148,3.03168816486139,0.39691643599289,638.0374,97,89
3.03097726007883,2.57605431490621,0.515652643493668,639.505533333333,98,90
3.04298828713652,2.56715422336968,0.523210247653269,639.5389,98,90
3.05354983622732,2.5581209850193,0.532831286389631,639.572266666667,98,90
3.06405905632727,2.54652877441234,0.541977859387385,639.605633333333,98,90
3.07821912121773,2.53821150279996,0.550029400344434,639.639,98,90
3.09081168968865,2.5275500360443,0.558547655600774,639.672366666667,98,90
3.70356855575409,1.55981612154868,0.659410856806312,641.407433333333,99,91
3.71175231276641,1.54382422491896,0.658948970352561,641.4408,99,91
3.72123656710787,1.52571508822252,0.659252227349203,641.474166666667,99,91
3.72728702844312,1.50793252518783,0.659341387852368,641.507533333333,99,91
3.72849316704699,1.49039914633169,0.662745575287305,641.5409,99,91
3.74112277999312,1.47379997003431,0.667011979117302,641.574266666667,99,91
3.9246639602085,0.197354776268162,0.396744626727213,643.8432,100,92
3.92890719913414,0.185373388067782,0.393098159511411,643.876566666667,100,92
3.92309850523601,0.175754673511209,0.389095597593326,643.909933333333,100,92
3.92079084186709,0.166050171548576,0.386639434257117,643.9433,100,92
3.92025995899865,0.15610236393477,0.384880803659674,643.976666666667,100,92
5.77574340993377,-0.0534806501180234,0.620124887946577,650.4498,101,93
-2.27005330336007,-2.24337693666263,0.943798020210723,665.598266666667,102,94
-2.25774915567568,-2.23820907397245,0.944879134097943,665.631633333333,102,94
-1.34835521598887,-1.66877851988185,1.03261140217596,667.833833333333,103,95
-1.33382728130028,-1.65567639456491,1.03188019299192,667.8672,103,95
-1.32502446067443,-1.64791761139668,1.03148685870421,667.900566666667,103,95
-1.31191571424181,-1.63585933519906,1.0304770049974,667.933933333333,103,95
-0.900726710436869,-0.778267119595814,0.607237519980685,670.302966666667,104,96
-0.897792692077031,-0.767427158990598,0.602642475942366,670.336333333333,104,96
-0.892841851009467,-0.753921092223994,0.598452485105032,670.3697,104,96
-0.889209608049912,-0.741580389040203,0.595190470116515,670.403066666667,104,96
-0.881531756944095,-0.72520634828316,0.592066067621384,670.436433333333,104,96
-0.519068064537381,-0.195290446146167,0.456414323987204,672.104766666667,105,97
-0.512802443814781,-0.191435817834811,0.457720444461989,672.138133333333,105,97
-0.505190790934077,-0.184803742154798,0.460566002411162,672.1715,105,97
-0.498586156206981,-0.179210963364769,0.462590758341818,672.204866666667,105,97
-0.490457301682352,-0.172091597208882,0.465752987621005,672.238233333333,105,97
-0.484835782091964,-0.168509425526497,0.468408322899756,672.2716,105,97
-0.482499544756966,-0.166496069061242,0.473094505590366,672.304966666667,105,97
-0.132631166153986,0.182924568350015,0.643139210927431,673.939933333333,106,98
-0.122389362335818,0.205889593548449,0.653745616330055,674.040033333333,107,98
-0.114861430846154,0.216477797628743,0.656142337122099,674.0734,107,98
-0.103304861388204,0.228571988652917,0.658672378681568,674.106766666667,107,98
-0.0905518908074614,0.240745625145359,0.661216754237002,674.140133333333,107,98
-0.0775463308079762,0.251669345723772,0.663286011370591,674.1735,107,98
1.21811349831114,0.298080344218196,0.415181151523262,678.110766666667,108,99
1.22460425308212,0.293235394294913,0.415018488982223,678.144133333333,108,99
1.2310555852251,0.289637288988986,0.414896149652113,678.1775,108,99
1.24193625165785,0.283852095941264,0.413611101954918,678.210866666667,108,99
1.93259443855029,0.0178598844988301,0.256192468982562,680.446433333333,109,100
1.93991330540102,0.0153818476140887,0.252379470546968,680.4798,109,100
-4.95392247988314,-1.66506555546636,1.48343445938735,682.415066666667,110,101
-4.93774095944105,-1.64649594275222,1.48256642483519,682.4818,111,101
2.49552558697773,0.186550274125558,0.108316440626434,682.615266666667,112,102
2.49866700943903,0.197352814637977,0.108687607176757,682.648633333333,112,102
2.50870452527351,0.205674376492097,0.10783632153992,682.682,112,102
2.51871774970923,0.2149841544934,0.107644036518025,682.715366666667,112,102
2.5294238347243,0.22492374641982,0.107339090584122,682.748733333333,112,102
2.53413788720717,0.234999380811006,0.110509319596282,682.7821,112,102
-4.23300242967508,-0.981458158109422,1.50759768885196,684.450433333333,113,103
-4.22195156454725,-0.976924701089415,1.51023248093948,684.4838,113,103
-4.20814471004771,-0.971776255106464,1.51180973172113,684.517166666667,113,103
-4.20213863314654,-0.973393326426171,1.51479858670867,684.550533333333,113,103
-4.184720707809,-0.96550981549376,1.51895573475147,684.5839,113,103
-4.18328795430143,-0.970197373418941,1.5257560149495,684.617266666667,113,103
2.81835026295537,1.06641407104527,0.121805078917175,684.850833333333,114,104
2.82443092595015,1.07910231753604,0.119415511012027,684.8842,114,104
2.83316798476851,1.09379554073298,0.116098720440101,684.917566666667,114,104
2.83729424537234,1.10842078593054,0.11596688080361,684.950933333333,114,104
2.83878586694304,1.11900389368791,0.116698109324439,684.9843,114,104
2.83856010009301,1.12755037077051,0.118294686930692,685.017666666667,114,104
2.84304981965777,1.13417072548378,0.121892773726884,685.051033333333,114,104
-3.41595973702516,-1.08825800949904,1.00489146883723,686.819466666667,115,105
-3.41633463561475,-1.09574577247191,1.00044446056321,686.852833333333,115,105
-3.40920731222805,-1.09932035590892,0.996363575420407,686.8862,115,105
-3.39415771976807,-1.09876521387867,0.992190153778788,686.919566666667,115,105
2.8631588250799,1.92448243123012,0.330420065767336,687.153133333333,116,106
2.86148028644899,1.93592945705392,0.33135578629906,687.1865,116,106
2.85634995577116,1.94435421626069,0.332362272276858,687.219866666667,116,106
2.86784742738571,1.96345808572119,0.33218774587673,687.253233333333,116,106
2.87087259172205,1.97747921082625,0.333828307006398,687.2866,116,106
2.87445658055507,1.99093176597508,0.33553482441051,687.319966666667,116,106
2.87666539342324,2.00298725649344,0.336451611453325,687.353333333333,116,106
2.99475728514585,2.85817170098768,0.354631007749772,689.321966666667,117,107
2.99145599070279,2.87123194565542,0.354073545723931,689.355333333333,117,107
2.99239913905076,2.8858497932785,0.352349727765337,689.3887,117,107
2.99739504275385,2.90111878718122,0.35180430901297,689.422066666667,117,107
2.99863530833076,2.91423408236323,0.35276379515656,689.455433333333,117,107
3.00055670141426,2.92742436101176,0.353445198347627,689.4888,117,107
-2.52780144133027,-2.86546240762022,0.909820471086018,691.524166666667,118,108
-2.49578167528021,-2.86280802038503,0.910288919328187,691.5909,120,108
2.78267806448063,3.80348408628825,0.505411588430335,691.557533333333,119,109
2.78151564526782,3.81837219506557,0.506038685827116,691.5909,119,109
2.78098487499391,3.82911615846383,0.506055310072581,691.624266666667,119,109
2.7796200867563,3.84101178969207,0.504168407629429,691.657633333333,119,109
2.7808742786902,3.85237857317409,0.50337573512493,691.691,119,109
2.77880179700847,3.86342335936606,0.502319927666982,691.724366666667,119,109
2.73180736726182,4.6625105914504,0.513267836669373,693.526166666667,121,110
2.73194123045049,4.68035753332892,0.509823820824024,693.559533333333,121,110
2.7407455041489,4.70495486404262,0.507180809692148,693.5929,121,110
2.73462924023756,4.71356003536368,0.505854639776987,693.626266666667,121,110
2.73881576308373,4.73788576961508,0.504981664639159,693.659633333333,121,110
-2.03840196965698,-2.21565748478772,1.06910313606297,693.559533333333,122,111
-2.02942860940687,-2.20585772734679,1.06612342161965,693.5929,122,111
-2.01526428871122,-2.1919106668345,1.06299130655894,693.626266666667,122,111
-2.00049304859258,-2.17623426298902,1.06067241186226,693.659633333333,122,111
-1.98994896081053,-2.16859509397154,1.05928962499821,693.693,122,111
-1.98381994547732,-2.1622059466674,1.05823401763758,693.726366666667,122,111
-1.97272505085475,-2.15115825254151,1.05826740241116,693.759733333333,122,111
-1.1324034883405,-1.31656197601994,0.721808528157164,695.928566666667,123,112
-1.12038886002789,-1.30511454993139,0.715769270153379,695.961933333333,123,112
-1.11299373940877,-1.30167506159106,0.711285640077515,695.9953,123,112
-1.10276702327911,-1.29649664065538,0.704957917022373,696.028666666667,123,112
-1.09286807269257,-1.29243876175002,0.701606279623705,696.062033333333,123,112
-1.08547833038914,-1.28905557466234,0.697016684093828,696.0954,123,112
-1.0748152855687,-1.28133160961436,0.693151025527232,696.128766666667,123,112
-1.06935824590171,-1.27808261081077,0.691345680959081,696.162133333333,123,112
-1.05947571748295,-1.26788453265463,0.692559588229882,696.1955,123,112
-0.509462242606434,-0.44429212958507,0.768566616522461,698.064033333333,124,113
-0.49893418455006,-0.431049982248872,0.766253821331413,698.0974,124,113
-0.48595084773946,-0.416797200065985,0.76283867637719,698.130766666667,124,113
-0.477616492881626,-0.406995264604543,0.761361262630451,698.164133333333,124,113
-0.467243957218192,-0.39517809588472,0.759859759304831,698.1975,124,113
-0.457259111226783,-0.383403016978854,0.758403403008383,698.230866666667,124,113
-0.449423969535607,-0.373000571891032,0.757925514561535,698.264233333333,124,113
-0.439836689130337,-0.36066358828466,0.757709935733418,698.2976,124,113
-0.432953513772227,-0.352009979123395,0.757607110208534,698.330966666667,124,113
-0.428839621833612,-0.347476414937141,0.759649434109106,698.364333333333,124,113
-0.417211663943773,-0.337922227625593,0.761032825497549,698.3977,124,113
-0.414371568496743,-0.335530998441211,0.763118313847942,698.431066666667,124,113
0.375535248130584,0.416061199225283,0.862402072730857,700.166133333333,125,114
0.392635748552659,0.426466839131369,0.866277103710003,700.1995,125,114
0.4114452156449,0.43898023964947,0.870381263435082,700.232866666667,125,114
0.42930689842865,0.451280517319561,0.875216586929749,700.266233333333,125,114
0.44813258149662,0.463885032486463,0.880988729237727,700.2996,125,114
0.46672788184041,0.475705338946117,0.887024152279058,700.332966666667,125,114
0.484029131309804,0.485583356107205,0.891612890523834,700.366333333333,125,114
0.501295310558447,0.494117730743976,0.896281333721993,700.3997,125,114
0.517643266123951,0.502419206263833,0.899901415837689,700.433066666667,125,114
0.532322609684229,0.511124119531304,0.903699218504156,700.466433333333,125,114
0.544816352938732,0.520303935225099,0.907193326592104,700.4998,125,114
0.55564275819785,0.530876446978172,0.909917053886029,700.533166666667,125,114
0.564698115686811,0.54189488603035,0.913589549615388,700.566533333333,125,114
0.579537130473042,0.564647946709131,0.921510529160654,700.633266666667,126,114
1.76741537099919,1.23688232341551,0.5367353953025,702.9022,127,115
1.77727745761287,1.24138980937451,0.527495019685338,702.935566666667,127,115
1.78835286200433,1.24625610711588,0.519304287494091,702.968933333333,127,115
1.7994205894342,1.25112704189624,0.511261154399182,703.0023,127,115
1.80837776461468,1.25591018919929,0.504641291247379,703.035666666667,127,115
1.81620864180205,1.26088381881501,0.498734725457994,703.069033333333,127,115
1.82376052234764,1.26482734695857,0.493222657588239,703.1024,127,115
1.8301507222618,1.27010485238735,0.488729573084022,703.135766666667,127,115
1.83862346222336,1.27539826266728,0.483957576266502,703.169133333333,127,115
2.7552024954292,1.41635400346006,0.256322944922341,704.970933333333,128,116
4.14896920594095,7.0979329222466,0.684176400261142,715.3146,129,117
4.15397790714737,7.10435151291312,0.679453892163424,715.347966666667,129,117
4.17687625212736,7.12479254893653,0.677650526651161,715.381333333333,129,117
4.76151895707124,6.51813819268241,0.451671610423869,717.5168,130,118
4.75526945746166,6.49962824128028,0.452058531613189,717.550166666667,130,118
5.31061027038124,5.97488840446494,0.453509619817883,719.585533333333,131,119
-1.9918054038957,-0.149303982800827,0.676427722587897,722.888833333333,132,120
-1.98998129588184,-0.147450980953147,0.679594204291277,722.9222,132,120
-1.99042841985607,-0.148855539085411,0.679489255822176,722.955566666667,132,120
-1.99156409823743,-0.14912100060195,0.678233820825483,722.988933333333,132,120
-1.99008505250295,-0.149004489976259,0.678054461992161,723.0223,132,120
-8.57102677137342,0.715487286804587,2.26200989278512,750.1494,133,121
-7.26037028256468,1.25769270540235,1.98156712494293,754.019933333333,134,122
-6.25410345253803,1.31757745111267,2.14478278249098,755.988566666667,135,123
-6.21007729916023,1.31301915584168,2.16303504404023,756.088666666667,136,123
-5.57827673477259,0.968899739657418,2.34567010782767,757.757,137,124
-5.57004573679275,0.962479006757315,2.35235167632401,757.790366666667,137,124
-5.58080708398296,0.951239452643442,2.36219610533204,757.823733333333,137,124
-4.69036062039871,0.496340780832565,2.08935129894512,759.6589,138,125
-4.65458092706579,0.495305521796993,2.07818522654615,759.692266666667,138,125
-4.63948262868245,0.488297089011663,2.07319998752596,759.725633333333,138,125
-4.62939158246686,0.482141116372846,2.070323925149,759.759,138,125
-4.60437181865105,0.479025056917137,2.06652033760994,759.792366666667,138,125
-3.5350843842396,-0.00600802582104631,1.52758981985126,761.694266666667,139,126
-3.5267759933507,-0.0150761273704164,1.52873028166978,761.727633333333,139,126
-3.50934118473633,-0.0179283599987868,1.52519018031476,761.761,139,126
-3.4935121883429,-0.0198243423364277,1.52366220786775,761.794366666667,139,126
-3.49071329951538,-0.0258899462013401,1.52265442493336,761.827733333333,139,126
-3.46869469181899,-0.023862414243796,1.51929680615426,761.8611,139,126
-3.4539492462394,-0.0246698573413361,1.51668395311322,761.894466666667,139,126
-2.83119185322798,-0.463384839674271,1.28999264411737,763.5628,140,127
-2.82067190562533,-0.474760323722959,1.28313231568977,763.596166666667,140,127
-2.81327866129645,-0.487375598113192,1.27901538088295,763.629533333333,140,127
-2.79826710045671,-0.497098102139885,1.27290555470747,763.6629,140,127
-2.79550803567394,-0.50845633171559,1.27114129476811,763.696266666667,140,127
-2.78433531534915,-0.519339830445645,1.26553322303623,763.729633333333,140,127
2.44870712220842,9.90960972374123,1.23656038961468,767.032933333333,141,128
2.45115581203504,9.95233627818047,1.23982344564399,767.099666666667,142,128
-1.96209445340416,-0.139169908230801,0.657130883883057,768.0673,143,129
-1.96108733801596,-0.138890157215648,0.657606730702732,768.100666666667,143,129
-1.9603476587033,-0.138021516820211,0.6574911667139,768.134033333333,143,129
-1.96254935095946,-0.138114920706861,0.656381060596827,768.1674,143,129
-1.96142265639035,-0.136209796521318,0.656847922093291,768.200766666667,143,129
-1.14299476413818,-1.3386381186503,0.774657779404779,768.134033333333,144,130
-1.13029826944901,-1.33525262360082,0.770839981853538,768.1674,144,130
-1.11578708940088,-1.33030868924847,0.76694447146267,768.200766666667,144,130
-1.10475883944335,-1.32619814795554,0.765220015183615,768.234133333333,144,130
-1.10062122390808,-1.32516709568073,0.763709775288907,768.2675,144,130
-1.08919810455875,-1.31184297229652,0.761221566019595,768.300866666667,144,130
-1.08544547469733,-1.30672293466911,0.759928250656792,768.334233333333,144,130
1.87653819394489,8.80958397906993,1.20164117772465,769.235133333333,145,131
1.8614600366585,8.75124888124373,1.19655065445396,769.2685,145,131
1.857476376742,8.7544533035834,1.20453018858507,769.301866666667,145,131
1.86587018036726,8.82780408751892,1.21452073049901,769.335233333333,145,131
-0.509772468742699,-0.384721255653765,0.430311899507924,770.302866666667,146,132
-0.502758920592512,-0.367862686508116,0.42530461831077,770.336233333333,146,132
-0.497386239724409,-0.354298923315501,0.41854491699778,770.3696,146,132
-0.489745443778329,-0.340793191344521,0.41327068287276,770.402966666667,146,132
-0.482760961084699,-0.329567214370155,0.407901214757209,770.436333333333,146,132
-0.476798553527519,-0.321571615309982,0.403874532886199,770.4697,146,132
-0.474173090676047,-0.316295715929184,0.400721270952023,770.503066666667,146,132
-0.469486684619674,-0.308513236008369,0.400112842019751,770.536433333333,146,132
1.53298055731323,7.81755204516218,1.24550175957041,771.337233333333,147,133
1.52562007597372,7.78682222985863,1.24343776945071,771.3706,147,133
1.53449426862029,7.82379348092306,1.2462558849307,771.403966666667,147,133
1.53737748497292,7.84502627423332,1.24858074853364,771.437333333333,147,133
1.55097146087042,7.86665238682882,1.2543143590548,771.4707,147,133
1.5637592841604,7.9368971332544,1.26135722350042,771.504066666667,147,133
0.0449139028283894,0.8030365916656,0.66828894598762,772.805366666667,148,134
0.0537474622942076,0.821900313156001,0.672390675934271,772.838733333333,148,134
0.0636317554800506,0.838594663931641,0.677311323982566,772.8721,148,134
0.0732617442018246,0.854778963336419,0.68246797312931,772.905466666667,148,134
0.0832264749800875,0.871242981577486,0.688288106854257,772.938833333333,148,134
0.0929252632355407,0.884895565569935,0.693746375219297,772.9722,148,134
0.102790616884413,0.897062547140254,0.698928558208958,773.005566666667,148,134
0.11203845752417,0.908093914684085,0.704328618765448,773.038933333333,148,134
0.1209730141403,0.919934546775802,0.709776510544861,773.0723,148,134
0.130128804110393,0.931985867321371,0.714884500982467,773.105666666667,148,134
0.138425378851773,0.944770896711388,0.719555421517765,773.139033333333,148,134
0.147494449602411,0.958698911063509,0.724470937640065,773.1724,148,134
1.45179669183294,7.25363496427581,1.25295420015262,773.105666666667,149,135
1.44884206270256,7.22014495629364,1.25374079578791,773.139033333333,149,135
1.43989129502703,7.16473594897654,1.25026353388458,773.1724,149,135
1.44676973468513,7.16983153122117,1.25208994588526,773.205766666667,149,135
1.44704853465144,7.15458214004478,1.25518122455365,773.239133333333,149,135
-1.96081514749581,-0.143108922570307,0.66636800719112,773.739633333333,150,136
-1.96363227888569,-0.143401249460255,0.665374153416871,773.773,150,136
-1.95882549218394,-0.14159498925965,0.664815942772276,773.806366666667,150,136
-1.95951326295843,-0.141355055001511,0.66412702284177,773.839733333333,150,136
-1.95984813880717,-0.142811231680246,0.665062550184431,773.8731,150,136
-1.96069056123874,-0.143693364505905,0.664476241805996,773.906466666667,150,136
1.2536767522493,6.9740680145299,1.22635098203146,774.840733333333,151,137
1.23962347698318,6.94480281645315,1.22205037036665,774.8741,151,137
1.23554878831948,6.97184368536039,1.22121547855412,774.907466666667,151,137
1.22313794478576,6.9551459662136,1.21769112845726,774.940833333333,151,137
1.20939793454065,6.91382990999209,1.21265028949655,774.9742,151,137
1.19625557043449,6.88233179189993,1.21007790172278,775.007566666667,151,137
0.891212272577348,1.86707936913541,0.723083502005592,774.840733333333,152,138
0.904745932426935,1.87858682583743,0.724910497748423,774.8741,152,138
0.918747389960043,1.89198166544256,0.727518566381397,774.907466666667,152,138
0.931524830710994,1.90539617939759,0.730513367981184,774.940833333333,152,138
0.944114978821396,1.91930201532124,0.73367663344227,774.9742,152,138
0.955188327440811,1.93331151152035,0.736626225310131,775.007566666667,152,138
0.965723740133754,1.94593248912881,0.739922073135052,775.040933333333,152,138
0.975603215060319,1.95750137623812,0.743637410569193,775.0743,152,138
0.984426841663256,1.96791288100299,0.746726879366236,775.107666666667,152,138
0.993098616413756,1.97792870270297,0.749358754061786,775.141033333333,152,138
1.00089982727281,1.98748670691856,0.751575880430537,775.1744,152,138
1.01037727520358,1.99634179492355,0.753632101065253,775.207766666667,152,138
1.01740884766078,2.00536033662627,0.753913406963538,775.241133333333,152,138
0.665997170181461,6.33815784798186,1.21248761238833,776.6759,153,139
0.675657758347104,6.52946184255461,1.2382785640321,776.709266666667,153,139
0.657416976815792,6.48218826879352,1.23730182659456,776.742633333333,153,139
0.652573121252064,6.49144493886739,1.24166240727439,776.776,153,139
0.645631052722251,6.54335163927268,1.25044528715945,776.809366666667,153,139
0.63306985951376,6.54748651238582,1.25325918716437,776.842733333333,153,139
2.10739256538975,2.37991989980208,0.358263924203343,777.143033333333,154,140
2.1191047380915,2.37723364223347,0.354120373214897,777.1764,154,140
2.13188024966154,2.37743401866388,0.350941587562059,777.209766666667,154,140
2.142660445832,2.37670206794127,0.348384670401932,777.243133333333,154,140
2.15184798099631,2.37622359943374,0.346536025113336,777.2765,154,140
2.1608228719198,2.37635236395006,0.34440385696006,777.309866666667,154,140
0.409660855580889,6.1133775851534,1.34909749347259,778.511066666667,155,141
0.403733429729064,6.05130630561969,1.34325825017027,778.544433333333,155,141
0.397300999057057,6.0641532320535,1.34657917529366,778.5778,155,141
0.391497881741563,6.08414707236475,1.35131693761872,778.611166666667,155,141
0.386131155695959,6.01492724859555,1.34334702099118,778.644533333333,155,141
0.386347480881763,6.07154932786623,1.35535299157069,778.6779,155,141
0.391701466875335,6.17917194139626,1.37130684399592,778.711266666667,155,141
0.388185052510285,6.16701656590776,1.37315434978492,778.744633333333,155,141
-0.55508959565884,3.18331724485302,1.12208995396135,786.051933333333,156,142
-0.557976172169029,3.17577224339635,1.11483225337273,786.0853,156,142
-0.563357720484143,3.1700904117123,1.10842733952756,786.118666666667,156,142
-0.564855045889869,3.1603054593517,1.10025615478359,786.152033333333,156,142
-0.566035504899742,3.14936215160426,1.09216805331204,786.1854,156,142
-0.567513388695148,3.13877825506522,1.08585860577299,786.218766666667,156,142
-0.572631101860586,3.13066226560959,1.07999493800985,786.252133333333,156,142
-0.572992654268286,3.11873000415236,1.07400187383771,786.2855,156,142
-0.577021386137879,3.11126445620251,1.07076945425361,786.318866666667,156,142
-0.580672622294382,3.10565344225227,1.06802451384825,786.352233333333,156,142
-0.583398562848335,3.10086107311009,1.06430974650308,786.3856,156,142
-0.582951074924104,3.09267578580176,1.06062835463229,786.418966666667,156,142
-0.583448888009515,3.0869982002798,1.05773526422174,786.452333333333,156,142
-0.586199086075842,3.08360012710081,1.05414986467273,786.4857,156,142
-0.678095862917017,2.51667721726484,1.07645723540309,787.720266666667,157,143
-0.681299719864425,2.50145965762778,1.0767496157557,787.753633333333,157,143
-0.685769272685563,2.48642643203348,1.07771588348809,787.787,157,143
-0.687976636029367,2.47109973084792,1.07818779330638,787.820366666667,157,143
-0.690371390823484,2.45635139399786,1.07842277846071,787.853733333333,157,143
-0.694022422517403,2.44223317678367,1.07856288936333,787.8871,157,143
-0.696624835403021,2.42900186542348,1.07923525497694,787.920466666667,157,143
-0.697833618285724,2.41675729733957,1.07844667514702,787.953833333333,157,143
-0.702625824441042,2.40606046516683,1.0790452450318,787.9872,157,143
-0.702585834989548,2.39540171151986,1.07891948742976,788.020566666667,157,143
-0.706845405766576,2.38632953040337,1.07787283460498,788.053933333333,157,143
-0.709133817912476,2.37777610827661,1.0767149144309,788.0873,157,143
-0.713002804810817,2.37111899242066,1.07608782036852,788.120666666667,157,143
-0.715500028718275,2.36430776328196,1.07499672690296,788.154033333333,157,143
-0.717361239422358,2.35796555704739,1.07140038661961,788.1874,157,143
-0.857661973766278,1.95260485575453,0.879664869743596,789.522066666667,158,144
-0.861832812211141,1.9429209832425,0.876802860026413,789.555433333333,158,144
-0.868482285083152,1.93096984257159,0.874328474655109,789.5888,158,144
-0.871340710268741,1.91911788058506,0.872626697333304,789.622166666667,158,144
-0.875289340693218,1.90654443934957,0.871428300300835,789.655533333333,158,144
-0.879596172986941,1.89381448194201,0.871153677524628,789.6889,158,144
-0.882984067037503,1.88147346861215,0.872010606561934,789.722266666667,158,144
-0.888162661363651,1.86927898175685,0.873613521645789,789.755633333333,158,144
-0.89376203903536,1.85852548156945,0.875946185748752,789.789,158,144
-0.900562207444661,1.84056551831276,0.879947086026465,789.855733333333,159,144
-1.2284297332773,1.43704633312995,0.889660803548232,791.257133333333,160,145
-1.2430243503641,1.43482061935163,0.888727932488649,791.2905,160,145
-1.2573319737347,1.43129638945248,0.887926513490454,791.323866666667,160,145
-1.27284380519756,1.42765285870154,0.887686717771854,791.357233333333,160,145
-1.28675983156255,1.4226655066721,0.887517816633878,791.3906,160,145
-1.92500916759949,1.16089502878082,1.08635659342886,793.025566666667,161,146
-1.93601832842635,1.16130943634705,1.09327103778144,793.058933333333,161,146
-1.95001990906693,1.16233481775511,1.10000312818578,793.0923,161,146
-2.35025952461837,0.913402469112535,1.25079442338479,794.827366666667,162,147
-1.98190001425111,-0.199063198239147,0.675821877108391,796.262133333333,163,148
-1.98129634943431,-0.199560208446952,0.673924130261208,796.2955,163,148
-1.97811993879704,-0.196034778437725,0.675314244629769,796.328866666667,163,148
-1.98579440188714,-0.201114284949119,0.676543040699006,796.362233333333,163,148
-1.97807767747528,-0.19578726424916,0.674450551497335,796.3956,163,148
-3.89424122293861,1.62854557522736,1.65240276155725,798.664533333333,164,149
-5.42914271693758,2.26449684301025,2.02870279119667,805.2044,165,150
-5.42804771203087,2.24653090217215,2.04052840326641,805.271133333333,166,150
-4.89923750137068,1.77712104215677,2.06097417271323,807.1063,167,151
-4.88862883976839,1.76611592874394,2.06346583498114,807.139666666667,167,151
-4.87509899748212,1.75546153174587,2.06394939075232,807.173033333333,167,151
7.81140130876469,1.43532287912727,-0.53809097152444,808.808,168,152
-4.28769577903368,1.19453684732229,2.12474110906885,808.808,169,153
-4.27705847769296,1.18330725438315,2.12521429746775,808.841366666667,169,153
-4.25283403243837,1.17367817884173,2.12241190945086,808.874733333333,169,153
-4.24703412701734,1.16179251433126,2.12538069113852,808.9081,169,153
-4.24025524520842,1.14830183159459,2.12924077970619,808.941466666667,169,153
-4.21183858110505,1.13991670364226,2.1249616228057,808.974833333333,169,153
-3.5550186731002,0.369609290356468,1.90180312349482,810.843366666667,170,154
-3.54675199890607,0.357275301749681,1.8947304823102,810.876733333333,170,154
-3.53265754390127,0.344789302032408,1.88907742194409,810.9101,170,154
-3.52186306771015,0.333263175390725,1.884240204261,810.943466666667,170,154
-3.51369979815341,0.321754257186802,1.87954428972954,810.976833333333,170,154
-3.50239683019748,0.311208823480815,1.87383553712986,811.0102,170,154
-3.49095067238086,0.301512362119276,1.86798710153209,811.043566666667,170,154
6.78032881340578,1.35380267489984,-0.295717031250535,811.6108,171,155
6.78701468971698,1.35441967039219,-0.294026987554998,811.644166666667,171,155
6.73997446312629,1.34603828529988,-0.284737418331206,811.677533333333,171,155
6.75283734394425,1.34403949024961,-0.287582516765972,811.7109,171,155
6.74979346764084,1.34025458886593,-0.282868511817044,811.744266666667,171,155
-2.77196984434372,0.0961042737808,1.73334204407167,812.678533333333,172,156
-2.75853954117766,0.0992014614449438,1.73467289661501,812.7119,172,156
-2.74621406307436,0.100750663023321,1.73642833578079,812.745266666667,172,156
-2.73163258132438,0.103211948160775,1.73658403748345,812.778633333333,172,156
-2.71724357417274,0.103674528029341,1.7365441526523,812.812,172,156
-2.7096073157142,0.101334591697771,1.73633993830041,812.845366666667,172,156
5.67613597317455,0.642968042175095,-0.0375295393690217,814.146666666667,173,157
5.65990346700966,0.63570296489397,-0.0344145390705267,814.180033333333,173,157
5.64800344469163,0.629468853043284,-0.0285485468789843,814.2134,173,157
5.64639544083759,0.622617842497236,-0.0288918979165599,814.246766666667,173,157
-1.73479971247948,0.332972936657616,1.42633709626959,815.3145,174,158
-1.71896095934822,0.335955656878319,1.41802740214489,815.347866666667,174,158
-1.7045408159494,0.339095184020693,1.41009870757443,815.381233333333,174,158
-1.68675217537024,0.34138930214634,1.40207270534707,815.4146,174,158
-1.67203089657058,0.344970073916782,1.39396670618074,815.447966666667,174,158
-1.65722395614461,0.348208043377868,1.38671459286076,815.481333333333,174,158
-1.64328000891025,0.351666756996275,1.38090695382507,815.5147,174,158
-1.62881201547234,0.355721672146984,1.37476969722279,815.548066666667,174,158
-1.61850490133285,0.35911319626703,1.37006460237857,815.581433333333,174,158
-1.60862105634546,0.361926200711319,1.36611115173549,815.6148,174,158
-1.59897172298356,0.365212412535278,1.36197735293603,815.648166666667,174,158
-1.59287270848222,0.366079163108418,1.35828027142099,815.681533333333,174,158
-0.924499245088492,0.509855195966333,1.07491541642958,817.082933333333,175,159
-0.912216425083355,0.511006518696242,1.06904251337281,817.1163,175,159
-0.897510105587338,0.513075377973932,1.06261925337891,817.149666666667,175,159
-0.881437470257353,0.51664257561326,1.05689254636803,817.183033333333,175,159
-0.866454925668478,0.521638114139362,1.05101952193674,817.2164,175,159
-0.85338103157097,0.526861729165417,1.0468337427456,817.249766666667,175,159
-0.839582921109027,0.53279118670688,1.04227179591145,817.283133333333,175,159
-0.827926550533539,0.537153484112414,1.03892888870202,817.3165,175,159
-0.817788257410109,0.540528961288803,1.03556192680428,817.349866666667,175,159
-0.811201510256331,0.54301205851205,1.03307518075453,817.383233333333,175,159
-0.804235072120121,0.545060388049836,1.03100577291756,817.4166,175,159
-0.798949884769311,0.546901350130125,1.02918432783889,817.449966666667,175,159
3.86450030251543,0.769134506898588,0.188454180076537,817.349866666667,176,160
3.8480552204893,0.77039745218789,0.193977684926607,817.383233333333,176,160
3.83548183902514,0.768444138960779,0.202468125931497,817.4166,176,160
3.82251217154506,0.76781619056938,0.208480495529009,817.449966666667,176,160
3.80404578176302,0.765620657945218,0.217726142340388,817.483333333333,176,160
3.79503609827433,0.762320069319827,0.224051422578132,817.5167,176,160
3.78293216081454,0.760625237949728,0.23119591445359,817.550066666667,176,160
3.77580502019352,0.75837107041424,0.236121503756712,817.583433333333,176,160
3.77097187480745,0.754419266604236,0.241148631989889,817.6168,176,160
-0.31437327181981,0.891084967989612,1.03743068600719,818.784633333333,177,161
-0.305211739230949,0.898908909304918,1.0378407302031,818.818,177,161
-0.294542640780035,0.907906671159538,1.038044160985,818.851366666667,177,161
-0.284651388674562,0.91627745964179,1.03884192544469,818.884733333333,177,161
-0.274259791127068,0.924028346004199,1.03928557987695,818.9181,177,161
-0.264402420624425,0.930814711974696,1.03983640480656,818.951466666667,177,161
-0.254440554645385,0.937630791296954,1.04030173285236,818.984833333333,177,161
-0.243588984955801,0.94370909609708,1.0402007888902,819.0182,177,161
-0.232270284901807,0.949893694337182,1.03935141183518,819.051566666667,177,161
-0.222541912985725,0.954976662119804,1.03918685409123,819.084933333333,177,161
-0.213058236713627,0.959899686516549,1.03869029181443,819.1183,177,161
-0.204183550897933,0.964143073901572,1.03814124480759,819.151666666667,177,161
-0.196779276247646,0.96774520314486,1.03733952246726,819.185033333333,177,161
-0.189798771821007,0.970570532400233,1.03693553716891,819.2184,177,161
-0.183448653856128,0.973514091622803,1.0360164386838,819.251766666667,177,161
2.45227086505587,1.54506877532713,0.540655441120459,820.1193,178,162
2.44470295434016,1.56156056422874,0.546909435859463,820.152666666667,178,162
2.43643216805908,1.57945731224867,0.553703532588584,820.186033333333,178,162
2.4246252142261,1.59776423543633,0.56282398839803,820.2194,178,162
2.41667673279983,1.61565435291928,0.572349943495106,820.252766666667,178,162
2.40909827879806,1.63264621029184,0.58099621948662,820.286133333333,178,162
2.40318065114201,1.64691707961242,0.589860313793703,820.3195,178,162
2.39846844879738,1.65841789815886,0.598124227234107,820.352866666667,178,162
2.39694669725386,1.66984936409834,0.605950910071632,820.386233333333,178,162
2.39405644199267,1.67848334026869,0.613172947410248,820.4196,178,162
2.39083113543337,1.68577472791751,0.619954805751768,820.452966666667,178,162
2.38998944184089,1.69188482530155,0.627687835732737,820.486333333333,178,162
1.05406580297396,1.43337770916224,0.895361648846365,821.487333333333,179,163
1.06925975377003,1.43643151776951,0.891673092152478,821.5207,179,163
1.08764431659884,1.43920249372707,0.887655950261544,821.554066666667,179,163
1.10606869022525,1.44229584510912,0.884184271220206,821.587433333333,179,163
1.12328626811066,1.44516880902734,0.880526061115378,821.6208,179,163
1.14231548611405,1.44885665309165,0.877153735651559,821.654166666667,179,163
1.16032789321235,1.45234861878854,0.873898478055641,821.687533333333,179,163
1.17820163899576,1.45473113999865,0.871033649422204,821.7209,179,163
1.19475067451155,1.45645037143632,0.868283997713277,821.754266666667,179,163
1.20997337427001,1.45761647975327,0.866422356372969,821.787633333333,179,163
1.22476027887255,1.45812933202088,0.864569857371604,821.821,179,163
1.23651128522393,1.45960526804112,0.863102046023565,821.854366666667,179,163
-1.9347083868049,-0.181309319938997,0.652061134827206,822.655166666667,180,164
-1.93708411308897,-0.18153374511821,0.652805391744836,822.688533333333,180,164
1.40505672127783,3.21294243542102,0.722666294858963,822.888733333333,181,165
1.39420771242399,3.22893597801991,0.719860565072627,822.9221,181,165
1.3806501833794,3.24643395669777,0.71808815563977,822.955466666667,181,165
1.36841060964828,3.26404474287821,0.717217021004432,822.988833333333,181,165
1.35765000195135,3.28098267204598,0.716942609672939,823.0222,181,165
1.34811311277938,3.2950682163252,0.717587744469273,823.055566666667,181,165
1.33914471037923,3.30801232741271,0.718742488279501,823.088933333333,181,165
1.32924627593866,3.31755638062215,0.721666724973731,823.1223,181,165
1.32257507896138,3.32999054706686,0.725169796328482,823.155666666667,181,165
1.31847431658617,3.3422607886394,0.729845346730369,823.189033333333,181,165
1.31382627034434,3.35097506883405,0.73543668285614,823.2224,181,165
1.3048278390696,3.35838627616101,0.73856601376658,823.255766666667,181,165
2.15686984752772,1.68319224828779,0.60798896052183,823.889733333333,182,166
2.17299377017382,1.6843410279022,0.607314062941896,823.9231,182,166
2.19001569254595,1.68415191035789,0.607000619214503,823.956466666667,182,166
2.20756896071535,1.68505719636768,0.60530464202934,823.989833333333,182,166
2.22576425177258,1.68523013424573,0.605227437578523,824.0232,182,166
2.24536381969419,1.68728573963217,0.60623528953884,824.056566666667,182,166
1.8368227084693,4.81620465602783,0.991189712452562,825.558066666667,183,167
-6.95232174944893,5.54620342076271,3.10847057363862,835.6348,184,168
-5.2930642290322,5.89694502180754,2.90058419546007,838.904733333333,185,169
-5.26711790812906,5.89410436887775,2.89735509999269,838.9381,185,169
-5.23837219050194,5.88948114109038,2.89182628512922,838.971466666667,185,169
-5.20708643736161,5.88475576569595,2.89467196244787,839.004833333333,185,169
-4.17558635805186,5.73418260475876,2.82521917705275,840.706533333333,186,170
-4.17907645131045,5.74597088789148,2.83233326960357,840.7399,186,170
-4.14412980201402,5.72500482362041,2.82033755646364,840.773266666667,186,170
-4.14593010546962,5.73428456139332,2.83178465797378,840.806633333333,186,170
-4.13279620436492,5.72846635859072,2.83199863193457,840.84,186,170
-4.12634114287566,5.72734308068313,2.83557563120131,840.873366666667,186,170
-4.07837926846761,5.69149128683626,2.82024795294639,840.906733333333,186,170
-3.08141662943679,5.16225000704712,2.45947765860915,843.175666666667,187,171
-3.0795768544883,5.15078655516848,2.45327495202176,843.209033333333,187,171
-3.07930731781602,5.13985139620837,2.450049381104,843.2424,187,171
-3.07501854812584,5.11820756257832,2.43991141095125,843.275766666667,187,171
-3.07931220177964,5.10940647426257,2.43897086322805,843.309133333333,187,171
-3.07460800110242,5.09533077503012,2.43613676962649,843.3425,187,171
-3.05708217052247,5.06763202836201,2.4276194431742,843.375866666667,187,171
-3.04832744762312,5.05683821298679,2.42438068150847,843.409233333333,187,171
-6.64117235985721,-2.41821588824678,1.96254776655486,843.375866666667,188,172
-2.9459053438546,3.36406501101735,2.4620589866063,847.780266666667,189,173
-4.55619796188929,-2.11839747497747,1.48521946278764,849.081566666667,190,174
-4.54080816895054,-2.11783256058004,1.48182598721956,849.114933333333,190,174
-4.53311102701058,-2.12238350503408,1.48008343964783,849.1483,190,174
-4.52237250015141,-2.12469877178092,1.47745184607736,849.181666666667,190,174
-4.509411343735,-2.1286534076846,1.47433704326506,849.215033333333,190,174
-4.49827804788699,-2.12942672421094,1.47186339119136,849.2484,190,174
-4.4982294014994,-2.14057708743798,1.47332399932286,849.281766666667,190,174
-4.56566498977536,-1.79405831632285,1.42584382728021,849.2484,191,175
-3.10761323210428,-2.02400325369608,1.0904245239144,851.717533333333,192,176
-3.09461301876019,-2.01824978936665,1.08611607849869,851.7509,192,176
-3.07675929277063,-2.01216239835746,1.08515419779806,851.784266666667,192,176
-3.05926798347555,-2.00571870448348,1.08295271416858,851.817633333333,192,176
-3.05112523606367,-2.00412921518049,1.08207623286689,851.851,192,176
-3.03464462474704,-1.99599994678593,1.08239359672709,851.884366666667,192,176
-3.02408393671975,-1.98903447608034,1.0822172812733,851.917733333333,192,176
-3.0168881336,-1.98643504135786,1.08048551407333,851.9511,192,176
-3.00978491513835,-1.9837434922907,1.08115399813994,851.984466666667,192,176
-3.41910685021597,1.18711728933814,2.4160042136789,853.219033333333,193,177
-3.42053499908452,1.17498752063358,2.42072525548036,853.2524,193,177
-3.40912126479469,1.16235373713958,2.41976375127173,853.285766666667,193,177
-3.40008065121782,1.15180839825976,2.42214777153721,853.319133333333,193,177
-3.39105047381476,1.13836159679417,2.42302519140545,853.3525,193,177
-3.38481520762487,1.12651625260159,2.42423173669,853.385866666667,193,177
-3.37447227469546,1.1149656966142,2.42417915002895,853.419233333333,193,177
-3.71711026224393,-2.49730346724337,1.53400430596441,853.3525,194,178
-3.70796824454023,-2.49313157952661,1.53139190725686,853.385866666667,194,178
-3.692455822457,-2.49729188501279,1.52769259103627,853.4526,195,178
-2.10620905930681,-1.64163388977157,0.845265272240904,853.853,196,179
-2.09303612244054,-1.63826086422798,0.845812819597788,853.886366666667,196,179
-2.07274327853936,-1.6306950985015,0.844913620933737,853.919733333333,196,179
-2.06180462208154,-1.62885017505557,0.847635142821091,853.9531,196,179
-2.04895671600715,-1.62795735372684,0.848044202815576,853.986466666667,196,179
-2.0383588008127,-1.62610489001296,0.849375717518862,854.019833333333,196,179
-2.02056288989401,-1.61825488732732,0.850993601566885,854.0532,196,179
-2.01401287562782,-1.62016767432703,0.852249073677116,854.086566666667,196,179
-2.00468057719236,-1.61885308544811,0.853342174078685,854.119933333333,196,179
-1.99406780389784,-1.61655331015374,0.854604322705249,854.1533,196,179
-1.98143497099975,-1.61556296653813,0.854709281289674,854.186666666667,196,179
-2.93404567323187,0.636806013399101,2.25525023493271,854.854,197,180
-2.93558139744064,0.624872320956068,2.24941963618499,854.887366666667,197,180
-2.93470264935809,0.613057246031239,2.2423702874731,854.920733333333,197,180
-2.93997990198161,0.597288147440014,2.23985620097704,854.9541,197,180
-2.93694861598329,0.583280227375655,2.23183365136571,854.987466666667,197,180
-2.94021703660242,0.570138985720555,2.2300915338373,855.020833333333,197,180
-3.22679251338604,-2.35823890985024,1.39344080087295,855.0542,198,181
-3.21049840201065,-2.34640698770299,1.39325789392618,855.087566666667,198,181
-3.20590589655517,-2.34750544610318,1.39595001583366,855.120933333333,198,181
-3.19480271165341,-2.34057127312827,1.39631711311527,855.1543,198,181
-2.72271914381903,0.223798210618842,2.06037053066579,856.222033333333,199,182
-2.71130057186566,0.215468394616607,2.05698670017121,856.2554,199,182
-2.69991286209312,0.208392373002704,2.05497150915764,856.288766666667,199,182
-2.69214224041487,0.198699161979605,2.05444153248844,856.322133333333,199,182
-2.68111590455339,0.19095480848691,2.05237453155444,856.3555,199,182
-2.67510500104522,0.184830009349021,2.05289261861066,856.388866666667,199,182
-0.926630402784941,-0.883442710196395,0.701533309068134,856.222033333333,200,183
-0.913270683582155,-0.868989473012935,0.700017883781545,856.2554,200,183
-0.89809363875557,-0.85190181489911,0.701706429873356,856.288766666667,200,183
-0.881733564156122,-0.835264156094584,0.704266075155441,856.322133333333,200,183
-0.865640856152466,-0.818952291807209,0.707047832322412,856.3555,200,183
-0.852747461070084,-0.805001337800274,0.708910094436456,856.388866666667,200,183
-0.840606388836348,-0.79279508219162,0.711697227277384,856.422233333333,200,183
-0.831218107919404,-0.782579223963143,0.715280368669074,856.4556,200,183
-0.823992191394489,-0.77444737759226,0.717775894436737,856.488966666667,200,183
-0.813577154687346,-0.76208807355148,0.71936840037082,856.522333333333,200,183
-0.806187975051681,-0.752483033913982,0.720085427056558,856.5557,200,183
-0.794971402677684,-0.73784579174457,0.719381925264758,856.589066666667,200,183
-0.790282946272376,-0.731589327032051,0.718790842614135,856.622433333333,200,183
-2.5324705010329,-1.99423457240402,1.27193664204713,857.2564,201,184
-2.52544071655165,-1.99050876793368,1.26801418739462,857.289766666667,201,184
-2.50371127976202,-1.97482532770675,1.26420701360813,857.323133333333,201,184
-2.49863789972062,-1.97699042324367,1.26221247673159,857.3565,201,184
-2.49430512108963,-1.98435907832972,1.26125848918578,857.389866666667,201,184
-0.874877557979455,1.39808249306313,1.80468281621681,861.927733333333,202,185
-0.865200826006912,1.40110266393367,1.79871943864715,861.9611,202,185
-0.854463951312706,1.40286132090603,1.79174931163911,861.994466666667,202,185
-0.843337217719589,1.40394119350726,1.78537985982626,862.027833333333,202,185
-0.831337060159501,1.40396100826147,1.77935890843766,862.0612,202,185
-0.820677703980166,1.40375336583463,1.7740835701831,862.094566666667,202,185
-0.810640022929348,1.40271766954146,1.76963532683854,862.127933333333,202,185
-0.798803872037604,1.40268236690171,1.76505704968972,862.1613,202,185
-0.788830746256579,1.40199944109772,1.76220073647537,862.194666666667,202,185
-0.779703088172793,1.40208836367604,1.75909909079374,862.228033333333,202,185
-0.771032790323163,1.40231463074297,1.7571777174328,862.2614,202,185
-0.762327320427501,1.40283872880065,1.7547543461243,862.294766666667,202,185
-0.753573984853126,1.40422694202594,1.75163560570608,862.328133333333,202,185
-0.745305516648442,1.405562231305,1.74925985755956,862.3615,202,185
-0.30476533856162,-0.786167395205127,0.700042097028567,862.895366666667,203,186
-0.295744394952668,-0.778568189754386,0.700933448065627,862.928733333333,203,186
-0.290026576430755,-0.77663203416146,0.703268217928097,862.9621,203,186
-0.284393638667941,-0.775834158627838,0.706608756806508,862.995466666667,203,186
-0.28550587958021,-0.783351998838605,0.710710030740877,863.028833333333,203,186
-0.27900189077418,-0.779637801194638,0.714677015793382,863.0622,203,186
-0.263971835673496,-0.770037457027272,0.728417435767177,863.1623,205,186
2.03668205331282,1.04169636489469,0.514093893009246,863.095566666667,204,187
2.04882073458428,1.04793822730321,0.511372346042355,863.128933333333,204,187
2.06078072351716,1.05369199237444,0.508160122294395,863.1623,204,187
2.07071547774391,1.05823458822183,0.505792585957403,863.195666666667,204,187
2.07877401556775,1.06170369038549,0.504749897851965,863.229033333333,204,187
2.08751157226152,1.06489010309935,0.503295006059844,863.2624,204,187
2.09501049134414,1.06716903754308,0.503225797729532,863.295766666667,204,187
2.1031686188126,1.06909033942138,0.50032618992313,863.329133333333,204,187
2.10889098359436,1.07231408359499,0.499041597007449,863.3625,204,187
2.120083552365,1.0747044531132,0.497767186689316,863.395866666667,204,187
2.12604020260737,1.07710484341458,0.496905070814317,863.429233333333,204,187
-0.146741356624499,1.60253586295195,1.46778526979048,864.0632,206,188
-0.13571338319689,1.60565984566221,1.46420646390902,864.096566666667,206,188
-0.123698463173467,1.60732441201499,1.46086655105622,864.129933333333,206,188
-0.110945234251029,1.60738920522367,1.45809351874878,864.1633,206,188
-0.0976107853714225,1.60691455600266,1.45650956578074,864.196666666667,206,188
-0.0846526505941511,1.60809820254139,1.45437697293648,864.230033333333,206,188
-0.0722206943195387,1.61014301050226,1.4531052244732,864.2634,206,188
-0.0591868626854023,1.61330603218903,1.45216831356518,864.296766666667,206,188
-0.0462307078011484,1.61683470738376,1.45152936400737,864.330133333333,206,188
-0.0335545159760281,1.62091618532055,1.45161700173188,864.3635,206,188
-0.0216585935141018,1.62489880567349,1.45171406848446,864.396866666667,206,188
-0.0110977403852321,1.628017596071,1.45213065512683,864.430233333333,206,188
-0.000691453565200062,1.62983271204197,1.45307196317985,864.4636,206,188
0.0096867345721785,1.63210333536646,1.45338562512152,864.496966666667,206,188
0.0194182101047714,1.63388108015603,1.45461477947385,864.530333333333,206,188
0.496791889495102,-0.512497889406772,0.720387140434809,864.9641,207,189
0.707209392635949,2.23799024265702,1.57977366250302,866.198666666667,208,190
0.721373780010281,2.26350173243436,1.58607186740812,866.232033333333,208,190
0.734893209511279,2.28092851517935,1.58926016733915,866.2654,208,190
0.749554650120738,2.29885817656197,1.59221956675301,866.298766666667,208,190
0.764439652628754,2.31652200486039,1.59525134718263,866.332133333333,208,190
0.77695879566541,2.3339080859095,1.59838332033643,866.3655,208,190
0.78932427694224,2.35158523584505,1.60228541592033,866.398866666667,208,190
0.799642709697073,2.36846514792658,1.60597941030463,866.432233333333,208,190
0.808168073523933,2.38477002465863,1.60913583617232,866.4656,208,190
0.816006276009734,2.4005115404467,1.61352530489375,866.498966666667,208,190
0.823355842970255,2.41488777468064,1.61723626465579,866.532333333333,208,190
0.832582018154916,2.42918799510369,1.62005768915622,866.5657,208,190
1.50706160825759,0.0102570597852216,0.620714374734375,866.899366666667,209,191
1.51884184242956,0.0152553537016845,0.622749768256208,866.932733333333,209,191
1.52816750482447,0.0215732756391619,0.625811350598494,866.9661,209,191
1.53525799653685,0.0287523757993006,0.629382738816269,866.999466666667,209,191
1.54536500985025,0.0322319775972667,0.631912946812117,867.032833333333,209,191
1.55144976133314,0.0373909924058371,0.634395143548522,867.0662,209,191
1.55556135132269,0.0425730355826378,0.635516662998931,867.099566666667,209,191
1.62327704696827,3.38569870131807,1.62213336682473,868.200666666667,210,192
1.64090463400376,3.39610509989439,1.62266366991732,868.234033333333,210,192
1.65577657696307,3.40337316899934,1.62131494597846,868.2674,210,192
1.67880517426044,3.41543031661739,1.62367428603336,868.300766666667,210,192
1.69597587523261,3.42283863663322,1.62329544585022,868.334133333333,210,192
1.71536883860994,3.43137494518658,1.62339824351209,868.3675,210,192
1.73356334158269,3.44021848008896,1.62412949641042,868.400866666667,210,192
1.75417476308275,3.45227484699094,1.62595588320697,868.434233333333,210,192
2.0501601651758,0.363664015091875,0.433381765409668,868.701166666667,211,193
2.0632405759975,0.365736816512246,0.430066118301933,868.734533333333,211,193
2.07096822677856,0.371977909764844,0.429475807039119,868.7679,211,193
2.07557358233175,0.378459435232109,0.429382401260877,868.801266666667,211,193
2.08226965112069,0.384346523300002,0.429678250174513,868.834633333333,211,193
2.08426373506739,0.39025619433039,0.430039391806713,868.868,211,193
2.08871064727829,0.395777710977823,0.429684563163593,868.901366666667,211,193
2.09286073664881,0.401252927093928,0.429458338621311,868.934733333333,211,193
2.09614098293749,0.406087756718586,0.429526623625408,868.9681,211,193
2.35129071347435,3.7803071945791,1.49082743451541,869.7689,212,194
2.36891444387673,3.78395359511859,1.48547041112703,869.802266666667,212,194
2.38534498725621,3.78550635902682,1.47835620866716,869.835633333333,212,194
2.40236820590125,3.78627012713219,1.47487486622118,869.869,212,194
2.42174605523749,3.78476618145617,1.470357566113,869.902366666667,212,194
2.43563391847361,3.78000373414988,1.46673446278121,869.935733333333,212,194
2.44855146354117,3.77470053027135,1.46430912453413,869.9691,212,194
2.46064568948248,3.77120776571492,1.46261927332095,870.002466666667,212,194
2.47606244146164,3.76857856959921,1.46011794527814,870.035833333333,212,194
2.71437733138736,3.60339808395136,1.43958947875854,871.103566666667,213,195
2.7202561775217,3.59600177362782,1.44306030810009,871.136933333333,213,195
2.72453183916646,3.58908506889718,1.44372403921092,871.1703,213,195
2.72558363754773,3.57921388623294,1.44637608926216,871.203666666667,213,195
2.73653330176473,3.5732057234097,1.44887385502106,871.237033333333,213,195
2.74261693071809,3.56650781152352,1.45152121808923,871.2704,213,195
2.74699109773021,3.55828692640861,1.45397959041396,871.303766666667,213,195
2.75638151318785,3.55379399444337,1.45676068052321,871.337133333333,213,195
2.76302477940878,3.54988721194995,1.45641849583418,871.3705,213,195
2.83773701899904,0.897933597456176,0.291594451793163,871.136933333333,214,196
2.84557924062512,0.904934606827505,0.288316726655989,871.1703,214,196
2.85404866126288,0.910174481643796,0.287320501272569,871.203666666667,214,196
2.8662962642583,0.914833175332099,0.28445748431323,871.237033333333,214,196
3.18432854022753,9.34317155202949,1.04402799077288,872.605066666667,215,197
3.18615233967433,9.3168851118657,1.04381344574176,872.638433333333,215,197
3.06289290423071,3.13663533643743,1.45293818898817,872.638433333333,216,198
3.07514385782228,3.12539818127141,1.45554336439625,872.6718,216,198
3.08289179177661,3.10938390935923,1.45831224586849,872.705166666667,216,198
3.09055658619963,3.09533893855385,1.46004382274299,872.738533333333,216,198
3.10001055910165,3.08092638580286,1.46251629224904,872.7719,216,198
3.10898343328435,3.0701265668598,1.46355589404366,872.805266666667,216,198
3.11819418206929,3.05709258553845,1.46317147532086,872.838633333333,216,198
3.13257208153317,3.05009640874661,1.46173670285656,872.872,216,198
3.56495893395196,2.78235317880868,1.2658325002556,873.9731,217,199
3.56318738259746,2.76573162837203,1.25818352613941,874.006466666667,217,199
3.5685475188419,2.75113084809061,1.25227539565456,874.039833333333,217,199
3.56681203510942,2.73207335750555,1.24662418924705,874.0732,217,199
3.57467195027869,2.71584777358517,1.24438029365229,874.106566666667,217,199
3.57106735533425,2.69432076413423,1.23938075360245,874.139933333333,217,199
3.58254187733448,2.67910591917938,1.23929894948826,874.1733,217,199
3.67731366135694,2.41860939661163,1.1292230423053,875.140933333333,219,199
3.68007664993825,2.41097970703472,1.12444138392607,875.1743,219,199
3.68418641732996,2.40071118672958,1.11822048119027,875.207666666667,219,199
3.6872324096705,2.39039890910225,1.1126666323036,875.241033333333,219,199
3.6915722442868,2.38275657480315,1.10883579633923,875.2744,219,199
3.31237182942554,8.22958539743227,0.913093900362978,874.6738,218,200
3.99075442143924,1.99630220399549,0.966995229032718,876.609066666667,220,201
3.98648659494282,1.98240659256296,0.960423094313845,876.642433333333,220,201
3.99444387582103,1.97309392259929,0.955867483461886,876.6758,220,201
0.866373181487076,7.63628475979914,1.3539631484084,877.843633333333,221,202
0.868007891417895,7.63762501126601,1.35638193567328,877.877,221,202
4.83240468159109,-3.47499622657133,1.00534069979473,878.644433333333,222,203
3.96410921673138,7.14530230594818,0.690131837261881,879.0782,223,204
3.9805975657456,7.1362994216167,0.688306671920271,879.144933333333,224,204
4.42499606102409,6.47826225207706,0.646785029894817,881.113566666667,225,205
4.42975291339881,6.47064322903321,0.644396002081493,881.146933333333,225,205
4.44056495957931,6.45621302230229,0.639586875216617,881.213666666667,226,205
-1.93056707470191,-0.185963620921062,0.654598712578383,881.2804,227,206
-1.92994522822978,-0.185258215464284,0.654832560519012,881.313766666667,227,206
-1.92894057613795,-0.184108285107667,0.655137567686772,881.347133333333,227,206
0.562111063801851,7.50094612789858,1.31622195930971,882.047833333333,228,207
0.562588843477127,7.56638525416369,1.324683920737,882.0812,228,207
0.553681401635672,7.49250556380257,1.31675421070926,882.114566666667,228,207
0.553102552590507,7.50390750044812,1.3187271245625,882.147933333333,228,207
5.7217029471502,-0.36337056632313,0.423313688853227,882.3815,229,208
5.73581991161887,-0.359863635965063,0.426902279092366,882.414866666667,229,208
4.96242373463022,5.54073364638822,0.607433172949351,883.315766666667,230,209
4.95763615010376,5.52634421444101,0.614151613614467,883.349133333333,230,209
4.97546129037631,5.53817780381768,0.616654043412411,883.3825,230,209
4.97465880447388,5.53361360394504,0.62405468181094,883.415866666667,230,209
0.373464498308735,7.26862223379231,1.33915448026685,884.2834,231,210
0.36146819189751,7.12708058655931,1.32178645840369,884.316766666667,231,210
0.358667301401405,7.1543765699487,1.32523808891895,884.350133333333,231,210
5.98312988373834,0.738049714358036,0.538446165940307,885.0842,232,211
5.98822238242471,0.758848892912412,0.541476411439631,885.150933333333,233,211
5.48910363322462,4.96553542352454,0.437356774649523,885.1843,234,212
5.8882063268126,4.40120718845625,0.400421545678561,886.7859,235,213
5.88876150427773,4.39178256003229,0.398352824259068,886.819266666667,235,213
5.89214050649927,4.37816378998942,0.398631198884955,886.852633333333,235,213
4.0030599831984,-1.37978444796801,0.640047527047854,886.919366666667,236,214
4.00051026596432,-1.36521972266652,0.637450386045029,886.952733333333,236,214
4.01093137461399,-1.35848893443416,0.634351332066804,886.9861,236,214
3.9164153269049,-0.728569507883244,0.494557666076628,888.621066666667,237,215
3.91052691726666,-0.712436780898418,0.494332800246567,888.654433333333,237,215
3.90556509722177,-0.694174549694155,0.495575161304198,888.6878,237,215
3.91330465421462,-0.682677724347118,0.496402015371058,888.721166666667,237,215
3.91533495469088,-0.668831167206748,0.498516433116353,888.754533333333,237,215
3.90809539858379,-0.648820322636837,0.500139837407166,888.7879,237,215
3.89684071127417,-0.62849671886843,0.501473307216021,888.821266666667,237,215
6.354152140565,3.39171896852829,0.361214108615892,888.7879,238,216
6.34663897391941,3.34944058424115,0.369668036995252,888.854633333333,239,216
3.58119541864796,0.282844638065013,0.567462688959616,890.6898,240,217
3.56882645174677,0.293924437626871,0.566702933785658,890.723166666667,240,217
3.56079839827052,0.306030162916361,0.568676049257224,890.756533333333,240,217
3.55129693803209,0.318002851108948,0.569517650698405,890.7899,240,217
3.54036066681583,0.328887492686889,0.571787753003212,890.823266666667,240,217
3.52869076572457,0.342967655232218,0.57359228332563,890.856633333333,240,217
3.52004442390555,0.353941338264199,0.57495422864902,890.89,240,217
3.50997226291833,0.366553410354039,0.577425454400142,890.923366666667,240,217
3.50743303374393,0.376496368550246,0.579606634599606,890.956733333333,240,217
6.36707935842049,2.11537733533543,0.21914253145743,891.056833333333,241,218
6.35229240775355,2.10450632017013,0.221716898628704,891.0902,241,218
6.33301213275934,2.0911239410391,0.22323569771327,891.123566666667,241,218
6.34415302783416,2.08583240987765,0.225554198501845,891.156933333333,241,218
-1.90262549534465,5.81889425435165,1.5863496188049,892.157933333333,242,219
-1.90725115626126,5.80028765331122,1.58470937647777,892.1913,242,219
-1.9156790544177,5.79086918857353,1.58402499627757,892.224666666667,242,219
-1.9431015313038,5.81219180539949,1.59057555147847,892.258033333333,242,219
2.89000364533093,1.02854250238176,0.663315913043308,892.558333333333,243,220
2.87797627409133,1.03701445566882,0.664070121943031,892.5917,243,220
2.87032503284334,1.0457869904249,0.665762347602498,892.625066666667,243,220
2.86061633138555,1.05561972866775,0.668856188656457,892.658433333333,243,220
2.84899277816487,1.06493294808113,0.671560287278957,892.6918,243,220
2.83681393607793,1.07451735326344,0.675555396743653,892.725166666667,243,220
2.82721057612252,1.08349662176547,0.678832809189187,892.758533333333,243,220
2.81925661254643,1.09097818204964,0.682713158349445,892.7919,243,220
2.81042865917958,1.09896402366651,0.686973047946583,892.825266666667,243,220
2.80129991491726,1.10535353754438,0.68915732992391,892.858633333333,243,220
5.73384425688338,1.08596716751406,0.105886611289795,892.658433333333,244,221
-2.65003439069103,5.67165910742413,1.75644287291398,894.360133333333,245,222
-2.65063414230812,5.65749255945032,1.75428988749228,894.3935,245,222
-2.6695110069541,5.66142524043377,1.75761963501012,894.426866666667,245,222
-2.68606655468998,5.6676911592615,1.7620488556826,894.460233333333,245,222
1.55244061585982,1.17153390325889,0.941890467241601,895.1943,246,223
1.53232294088809,1.17096903481991,0.94417925330305,895.227666666667,246,223
1.51123370224566,1.17000668192938,0.946859476136156,895.261033333333,246,223
1.49104572138562,1.16973852019815,0.949874643018629,895.2944,246,223
1.47192534381583,1.1694379612436,0.953648397245622,895.327766666667,246,223
1.45379769090544,1.17037407775553,0.957145163808503,895.361133333333,246,223
1.43627424310021,1.17134996398641,0.960636083318157,895.3945,246,223
1.41979421766639,1.1723435415528,0.963724180329468,895.427866666667,246,223
1.40660315314155,1.17363467716277,0.966738057317816,895.461233333333,246,223
1.39344563189313,1.17424670148608,0.968584559836516,895.4946,246,223
1.38184732280954,1.17492602116301,0.970388656214764,895.527966666667,246,223
1.37132526422865,1.17628220461853,0.970769534212581,895.561333333333,246,223
1.36069989179938,1.17676930692562,0.971010080960932,895.5947,246,223
1.35161783432045,1.17877364826747,0.970472749739567,895.628066666667,246,223
1.34119946581423,1.18060622823142,0.969549863367247,895.661433333333,246,223
-4.35953420383558,3.45490075142409,1.84300511262944,895.427866666667,247,224
-4.34258115201962,3.44307733617137,1.84452817083773,895.461233333333,247,224
-4.32900601529974,3.43239063276211,1.84074765645652,895.4946,247,224
0.0326865110945582,1.35878900384402,0.994791054598259,897.730166666667,248,225
0.0179149234925217,1.36267082145128,0.995344425925954,897.763533333333,248,225
0.00284379987816719,1.36692547064347,0.995900903744842,897.7969,248,225
-0.0130222651761008,1.37019533817253,0.996163916086303,897.830266666667,248,225
-0.0284163072212461,1.37379223653407,0.996186591489765,897.863633333333,248,225
-0.044534524415199,1.37698726086648,0.996190587852774,897.897,248,225
-0.0601555494947992,1.38073455437287,0.996683787479468,897.930366666667,248,225
-0.0747960390745817,1.38323541336467,0.997466450038487,897.963733333333,248,225
-0.0881826835551424,1.38643422023672,0.998062139870621,897.9971,248,225
-0.0996500841228443,1.38824742076607,0.998914758199559,898.030466666667,248,225
-0.109205670572985,1.39005464188798,0.999866957148575,898.063833333333,248,225
-0.117554083299308,1.39132511568718,0.999769448763508,898.0972,248,225
-0.124284371815672,1.39233737201293,0.99909797281476,898.130566666667,248,225
-3.07827580358293,3.37634291048207,1.69402624476844,897.897,249,226
-3.08507344442721,3.39690323768205,1.70280230176339,897.930366666667,249,226
-3.0676172480353,3.40802105088857,1.70558247938185,897.963733333333,249,226
-3.04849259600626,3.41840637589122,1.70858926372914,897.9971,249,226
-3.02953955097428,3.42479442736623,1.71047708148494,898.030466666667,249,226
-3.01713869161019,3.43191187831167,1.71541282015275,898.063833333333,249,226
-2.99130951375015,3.42935750351344,1.71664063003496,898.0972,249,226
-2.97883585104639,3.43276064862342,1.7200673556215,898.130566666667,249,226
-2.97567101427436,3.43699353744589,1.72592586710471,898.163933333333,249,226
-2.9723722898035,3.44115349907673,1.73193402792567,898.1973,249,226
-2.53007652720696,3.47745092493347,1.70961200595982,899.5987,250,227
-2.52223161299634,3.48558111186634,1.70306492291386,899.632066666667,250,227
-2.51231696516611,3.49497786347682,1.69571538456974,899.665433333333,250,227
-2.4962038614582,3.49875207003109,1.68631159710993,899.6988,250,227
-2.49688935199718,3.51406712517635,1.68292980984604,899.732166666667,250,227
-2.48852025705402,3.52127413874041,1.67663280086864,899.765533333333,250,227
-2.47469996089518,3.52788383886579,1.66862429384872,899.7989,250,227
-2.46963101162407,3.53572607471436,1.66461886334715,899.832266666667,250,227
-2.47069925913225,3.54819384091364,1.66119930148546,899.865633333333,250,227
-2.45449247274074,3.5509433117797,1.65284800214117,899.899,250,227
-2.45039950185267,3.56084416945708,1.65029809718152,899.932366666667,250,227
-2.44551107868274,3.56555496962006,1.64623084724318,899.965733333333,250,227
-2.44462235056485,3.57689380163105,1.64409386902342,899.9991,250,227
3.6530746764016,-1.64976932162361,0.172765704685893,899.832266666667,251,228
3.64534533877705,-1.64702220530221,0.177320750984545,899.932366666667,252,228
-1.52460290392746,1.05426044222384,1.28691448112872,900.733166666667,253,229
-1.54099767016762,1.04735643916609,1.2940952895228,900.766533333333,253,229
-1.55564244892549,1.04137565283725,1.30019197118166,900.7999,253,229
-1.96982144857667,4.40193714430133,1.59048097174674,901.7008,254,230
-1.95739100708754,4.40451306918549,1.59144508043545,901.734166666667,254,230
-1.9392708506911,4.4082956286769,1.59561793374883,901.767533333333,254,230
-1.93495331899719,4.42482351885997,1.60163110019996,901.8009,254,230
-1.92314785592121,4.43337963349748,1.60509834527781,901.834266666667,254,230
-1.91250100510221,4.44443584011499,1.60833228960194,901.867633333333,254,230
-1.89794367211753,4.45360068551342,1.611335575891,901.901,254,230
-1.87887014037468,4.45750096100263,1.612078545514,901.934366666667,254,230
-1.86995568562875,4.46751941129348,1.61346154416644,901.967733333333,254,230
-1.86539674889601,4.48231486800238,1.61605323267627,902.0011,254,230
-1.85446419530925,4.49136563785441,1.61682946469093,902.034466666667,254,230
-1.83732987690148,4.49503590013759,1.61322758002143,902.067833333333,254,230
-1.82650230896884,4.50509058163656,1.61266359353406,902.1012,254,230
-1.11177157200384,4.93336607403309,1.24076278091441,903.569333333333,255,231
-1.08711221306643,4.91080598425777,1.22947533104033,903.6027,255,231
-1.07248972371353,4.91022942870268,1.22449692906829,903.636066666667,255,231
-1.05373246531261,4.89811309754804,1.21657138189616,903.669433333333,255,231
-1.04062894379606,4.89633071555849,1.20907261261886,903.7028,255,231
-1.0329420044728,4.90156985155164,1.20637632722434,903.736166666667,255,231
-1.0266358467054,4.91370123796929,1.2029708801014,903.769533333333,255,231
-1.02084264313281,4.92183108281677,1.20028847501164,903.8029,255,231
-0.999399251007628,4.89230327955176,1.1927455286303,903.836266666667,255,231
-0.998268957243055,4.90985609607917,1.19195861273064,903.869633333333,255,231
-1.88764361254622,-0.147391079096981,0.613578995643597,906.7058,256,232
-1.88734683387347,-0.145049363881354,0.613082432035475,906.739166666667,256,232
-1.88371799765511,-0.142048635859003,0.612956433622665,906.772533333333,256,232
-1.88654581927023,-0.144209184878904,0.612637499217441,906.8059,256,232
-1.88469789826699,-0.142644324395879,0.612339170772225,906.839266666667,256,232
-1.88397585226015,-0.141612401559523,0.611380725389448,906.872633333333,256,232
-1.88811751581163,-0.144962642422518,0.61196480014964,906.906,256,232
-1.8887809557697,-0.145495747512897,0.611528772744999,906.939366666667,256,232
0.330587287344444,2.64707657138849,0.893756811586139,907.3064,257,233
0.331059474862344,2.64121820578972,0.893739305150997,907.339766666667,257,233
0.331134840111901,2.6401153679697,0.892622906183092,907.373133333333,257,233
0.331352344016189,2.63253156934882,0.892760658130581,907.4065,257,233
0.334601187222694,2.64047032656946,0.893063141435542,907.439866666667,257,233
0.333537557049719,2.63346957908292,0.891763555100464,907.473233333333,257,233
0.334980740712416,2.63314937391132,0.891563697814707,907.5066,257,233
0.60077763941779,4.12758739542416,0.824394109968535,907.539966666667,258,234
0.625785443392968,4.19320949574956,0.82609902356573,907.573333333333,258,234
0.63603698637383,4.18989906737456,0.824756609000401,907.6067,258,234
0.646340366160401,4.18960264783219,0.822277199540157,907.640066666667,258,234
0.653507586129599,4.17708645427013,0.820833797104631,907.673433333333,258,234
0.663445103384824,4.17006962348426,0.817747319007684,907.7068,258,234
0.672895803957276,4.15596785927547,0.815529485084518,907.740166666667,258,234
0.677699154965457,4.12761956293435,0.812893825065424,907.773533333333,258,234
0.689709725957801,4.12980977669496,0.809188709666461,907.8069,258,234
1.2408289348638,3.49860609975936,0.535742795198164,909.275033333333,259,235
1.24625537505774,3.48492325362171,0.532291697489634,909.3084,259,235
1.25694900932708,3.47567579816698,0.527317132306222,909.341766666667,259,235
1.2636430361389,3.45838775381934,0.522994060172947,909.375133333333,259,235
1.27343801745898,3.44513023186986,0.517235296459509,909.4085,259,235
1.27881580221394,3.42735432060171,0.512982535651697,909.441866666667,259,235
1.28712906839402,3.41412361596198,0.508505033378887,909.475233333333,259,235
1.2958715352869,3.40317787402683,0.506258326954656,909.5086,259,235
1.29960971553919,3.38918690847177,0.50442198974943,909.541966666667,259,235
1.30564211680634,3.37818588376637,0.503165162201026,909.575333333333,259,235
1.30954670991728,3.36696632930056,0.502103159024246,909.6087,259,235
1.31231044924191,3.35788149092523,0.501849977503717,909.642066666667,259,235
1.31266761050219,3.34476420122282,0.501520033228293,909.675433333333,259,235
1.31700482808147,3.33551533147984,0.499674992587598,909.7088,259,235
1.31679467679698,3.32255004600618,0.498288348510647,909.742166666667,259,235
1.32194664398568,3.31198652684549,0.496063688646059,909.775533333333,259,235
1.32333429910767,3.30013080990748,0.493455260561431,909.8089,259,235
-3.97351421143175,6.05224594115142,1.86217167827702,911.043466666667,260,236
-3.95552141224144,6.02147937028558,1.8569225381733,911.076833333333,260,236
-3.98791097292868,6.03289207660393,1.85976124490858,911.1102,260,236
1.68379707907661,2.5159035820379,0.506713802118478,911.2103,261,237
1.6886633080565,2.50265570556245,0.509185674515997,911.243666666667,261,237
1.69443011964993,2.48867757979764,0.511902164616469,911.277033333333,261,237
1.69988971298722,2.47391146711616,0.514616075369443,911.3104,261,237
1.70553205222518,2.45883579414131,0.516529066885999,911.343766666667,261,237
1.714077181221,2.44649451177866,0.517754274957281,911.377133333333,261,237
1.72053324138713,2.43317569748184,0.518900306258942,911.4105,261,237
1.7279596912467,2.42041105582097,0.519699387389389,911.443866666667,261,237
1.73489763004821,2.4103257545427,0.520456634631686,911.477233333333,261,237
1.74323520802549,2.40143489230591,0.520782943402369,911.5106,261,237
1.75066570583275,2.39187629649194,0.52073149281932,911.543966666667,261,237
1.75600018461923,2.3827583837136,0.520599113739513,911.577333333333,261,237
1.75910668796815,2.37198591660181,0.520213692082957,911.6107,261,237
1.76413958905502,2.3627127229373,0.519003300959776,911.644066666667,261,237
1.77088662667656,2.35180335448551,0.517112733696602,911.677433333333,261,237
1.77691873682982,2.3414014023967,0.514526072871056,911.7108,261,237
1.7819595513199,2.33008790019486,0.512416239441363,911.744166666667,261,237
-4.52472027959047,5.45918341612534,1.74821184339768,913.245666666667,262,238
-4.52475835533807,5.44345370456147,1.74490042016574,913.279033333333,262,238
-5.0014423364963,5.0707314996699,1.86714188885675,915.247666666667,263,239
-5.14685220926235,3.47062465159742,1.85620010679091,919.551966666667,264,240
-1.88448969089443,-0.118046551277939,0.586751386684242,920.6197,265,241
-5.0116787193666,2.36248689325745,1.78121940494254,923.8229,266,242
-4.85130210367238,1.62499393789732,1.9344874572481,925.891633333333,267,243
7.71744402265851,0.824913647423853,-0.125790297514362,945.311033333333,268,244
7.70143685863916,0.83392700560827,-0.117327712494105,945.3444,268,244
7.69555840114857,0.844907545171632,-0.109162104076764,945.377766666667,268,244
7.67755427774508,0.850326647118746,-0.102866347272104,945.411133333333,268,244
7.65650584064434,0.860289688522698,-0.0966330213143227,945.4445,268,244
6.97396487753634,1.50316436497279,-0.0989930269114035,948.380766666667,269,245
6.94454500252452,1.50153173136723,-0.0924474529559302,948.414133333333,269,245
6.94438747174972,1.50487743179366,-0.0881094947504262,948.4475,269,245
6.91869125837946,1.50972349846151,-0.0820882403468758,948.480866666667,269,245
6.90688089611703,1.5111185830064,-0.0772181433798762,948.514233333333,269,245
6.90750360819304,1.51615129444563,-0.0752195198399216,948.5476,269,245
6.88112648203717,1.51930030067147,-0.0676953696334558,948.580966666667,269,245
6.86389941945664,1.52313092462167,-0.0633620249071403,948.614333333333,269,245
5.27351880564467,1.02531923903514,0.00580801882269999,951.116833333333,270,246
5.24524948970987,1.0197552213608,0.00523910092533131,951.1502,270,246
5.2333397935999,1.01160258088518,0.00608064042279044,951.183566666667,270,246
5.20842962432925,1.00761160683051,0.00689742876934751,951.216933333333,270,246
5.18965927730755,1.00030204754181,0.00946999379026459,951.2503,270,246
5.17576305695331,0.994747865885233,0.0108755909783962,951.283666666667,270,246
5.16553625904186,0.98856402344982,0.0157502437597407,951.317033333333,270,246
5.15064282165141,0.983517740887993,0.016873333294235,951.3504,270,246
3.73974432662392,0.882104575234631,0.440127111409392,953.319033333333,271,247
3.71473268732183,0.880517998314015,0.441520825871069,953.3524,271,247
3.68719097146968,0.879085483293135,0.445197315004025,953.385766666667,271,247
3.66561251450567,0.877063261910411,0.447567242070893,953.419133333333,271,247
3.64006156550021,0.874424229314091,0.452069454681205,953.4525,271,247
3.62720092851519,0.872370099370812,0.455524881033214,953.485866666667,271,247
3.606695282522,0.869377578570324,0.459535377800326,953.519233333333,271,247
3.57995374956916,0.869368734325022,0.464357393754387,953.5526,271,247
3.56521296875762,0.867607663329115,0.467534670574353,953.585966666667,271,247
3.54779302608823,0.867391849111993,0.471883205787778,953.619333333333,271,247
3.52958396306175,0.868082228690661,0.475074792537819,953.6527,271,247
3.50931357502179,0.868227162341043,0.477515612117337,953.686066666667,271,247
1.98924054326704,0.353523346877003,0.485206527007297,955.888266666667,272,248
1.97632066799058,0.345005617229598,0.485441049324433,955.921633333333,272,248
1.9632273319385,0.336438165678799,0.486080180696514,955.955,272,248
1.94985662119548,0.327477104817461,0.48837281400514,955.988366666667,272,248
1.93815445245321,0.319206462200566,0.489829740067865,956.021733333333,272,248
1.92547719693208,0.311146693275135,0.493041885913429,956.0551,272,248
1.91338481840351,0.304093930398285,0.495254583301998,956.088466666667,272,248
1.90153352452677,0.296965411143403,0.496581105543391,956.121833333333,272,248
1.8863942270928,0.290596455027168,0.498535204011412,956.1552,272,248
1.87388092267987,0.283790249423108,0.499304854219512,956.188566666667,272,248
1.85945000026938,0.275727705108587,0.499809190367981,956.221933333333,272,248
1.84722522781004,0.268204058866276,0.500061058925212,956.2553,272,248
1.83936702958458,0.258392487085001,0.498352969269887,956.288666666667,272,248
-0.129579792353087,-0.107588516664114,0.878328092681552,960.492866666667,273,249
-0.141602276654286,-0.100645487287211,0.883302397000316,960.526233333333,273,249
-0.15376290269699,-0.091714388942931,0.888592734137787,960.5596,273,249
-0.1584111678124,-0.0758599392259501,0.893727396787193,960.592966666667,273,249
-0.155740929376795,-0.0234093536687621,0.906932933913313,960.693066666667,276,249
-0.158293808265696,-0.0105159729531495,0.912787400670115,960.726433333333,276,249
-0.166080024508342,-0.00319203525916534,0.919641220734102,960.7598,276,249
-0.170502184562107,0.00638589984421845,0.925647965397457,960.793166666667,276,249
-0.1761398524909,0.0148460017246816,0.93047050387847,960.826533333333,276,249
-0.181693369001138,0.0239387286908869,0.935997980150755,960.8599,276,249
-0.187925617342357,0.0324682258458829,0.940784354200193,960.893266666667,276,249
-0.1969535988625,0.0411034253612182,0.945632044573793,960.926633333333,276,249
-0.203512577522344,0.051597041647826,0.949870548412697,960.96,276,249
-0.209601242626879,0.0624851484139645,0.953377539193223,960.993366666667,276,249
-6.80527697080923,4.38225440268375,2.45676838106735,960.592966666667,274,250
-6.78107170362411,4.38656375020532,2.46038970560911,960.6597,275,250
-5.84491533007064,6.0821650344104,2.97280409827848,960.726433333333,277,251
-5.81803679914394,6.06112813966426,2.97028039705528,960.7598,277,251
-5.80902247687728,6.0617978352526,2.97342212005913,960.793166666667,277,251
-5.77666395333637,6.04835496818827,2.97370639300102,960.826533333333,277,251
-5.7629143429245,6.05246825912029,2.97901984515135,960.8599,277,251
-5.77074227293584,6.06990505888642,2.98913738170872,960.893266666667,277,251
-1.90312990984645,-0.163281759241997,0.608768224007268,961.226933333333,278,252
-1.90659714957894,-0.164227716768636,0.608838189420455,961.2603,278,252
-1.90477769286651,-0.162280470554434,0.60927800842399,961.293666666667,278,252
-1.90385064555852,-0.162966862300776,0.60976123978582,961.327033333333,278,252
-1.90011419760359,-0.161090700946935,0.610249452540168,961.3604,278,252
-1.90420407177705,-0.16415842740656,0.608768495059367,961.393766666667,278,252
-4.44073548700243,5.84915826232429,2.96019029136381,962.4615,279,253
-4.42815774705838,5.85000613139313,2.96476551038945,962.494866666667,279,253
-4.42498708937901,5.85645706753446,2.97631674330184,962.528233333333,279,253
-4.38900460371946,5.83614141564672,2.97483480966992,962.5616,279,253
-4.37533268387024,5.83500065353447,2.98232431812414,962.594966666667,279,253
-4.36781122551415,5.83671193796428,2.99111424000224,962.628333333333,279,253
-4.33914730902051,5.82751744513634,2.99373034369727,962.6617,279,253
-4.32314034580515,5.82646606959889,2.99912849549161,962.695066666667,279,253
-5.92395040421919,3.94022307166544,2.46197358627108,962.6617,280,254
-5.91421636136262,3.9353313666036,2.46301551550927,962.695066666667,280,254
-5.89919377259099,3.92332512762546,2.46338214478169,962.728433333333,280,254
-5.90768976987838,3.92553512995799,2.46769385495892,962.7618,280,254
-5.86853133436014,3.90340798800449,2.46213097261239,962.795166666667,280,254
-5.85317518833296,3.89584102122869,2.46105610678823,962.828533333333,280,254
-0.774875416524523,0.0180509285409691,0.838897162865328,962.695066666667,281,255
-2.66069815929477,5.59871677227623,2.91779847519847,964.5636,282,256
-2.62465613549721,5.58657702142973,2.91105399482773,964.596966666667,282,256
-2.59759185592433,5.57876625414531,2.90795392294754,964.630333333333,282,256
-2.57778491894645,5.58655026518318,2.91395238732141,964.6637,282,256
-2.54639650120115,5.57439279017918,2.91198363141804,964.697066666667,282,256
-2.52910752739566,5.57832804846714,2.91680540737472,964.730433333333,282,256
-4.98819979591971,2.96655043319344,2.41714726989701,965.197566666667,283,257
-4.97858736274403,2.95749455676178,2.41631635622009,965.230933333333,283,257
-4.9639309969527,2.94579262417134,2.41573333860986,965.2643,283,257
-4.95657729181923,2.93523091380869,2.41626978516728,965.297666666667,283,257
-0.71974293380264,5.78459757831888,3.1055461237934,966.8659,284,258
-0.691470704206461,5.75240441529345,3.09427743746285,966.899266666667,284,258
-0.672976546371656,5.75118977404077,3.10395069047092,966.932633333333,284,258
-0.648479190161574,5.73466635669898,3.10538235205548,966.966,284,258
-0.624557142062219,5.71891639595002,3.11250222832901,966.999366666667,284,258
-0.603086219396487,5.70312262551749,3.11619917562948,967.032733333333,284,258
-0.58249023377481,5.69870756700908,3.12925951005596,967.0661,284,258
-0.559152237860176,5.67476348758585,3.12982147515861,967.099466666667,284,258
-0.535172117696014,5.65652657645334,3.13252570333091,967.132833333333,284,258
-0.511869451599578,5.63361820138535,3.13206909558177,967.1662,284,258
-0.49069592940762,5.61807581849917,3.13563131317492,967.199566666667,284,258
-4.14315699078169,2.09945760020801,2.23880738320802,967.333033333333,285,259
-4.135226524246,2.08404205813622,2.23784227067131,967.3664,285,259
-4.11976207244455,2.06969191048008,2.23271087858893,967.399766666667,285,259
-4.119855894053,2.05871464974217,2.23323980112342,967.433133333333,285,259
-4.09954865862723,2.04220914546621,2.2261889382331,967.4665,285,259
-4.08749342356917,2.02694997286286,2.22227469060789,967.499866666667,285,259
-4.09146221740524,2.01510451196458,2.22429606450091,967.533233333333,285,259
-4.0740656906428,1.99827209871745,2.21942351648148,967.5666,285,259
-4.07088164734647,1.98548136333631,2.21786627550833,967.599966666667,285,259
-1.61477901080126,-0.987716388949982,0.791855196636977,967.967,286,260
-1.61067175458846,-0.985772536560185,0.790214540046402,968.000366666667,286,260
-1.61200502253689,-0.986058620670662,0.790610618383313,968.033733333333,286,260
-1.61463264679449,-0.98638088293633,0.789289159958947,968.0671,286,260
-1.61613832091931,-0.985171772021892,0.789847384411479,968.100466666667,286,260
-1.6190557426656,-0.985188683624545,0.790326667908681,968.133833333333,286,260
-1.62322062471058,-0.984851074890618,0.790021443530609,968.1672,286,260
-1.62629970518207,-0.987071417368292,0.787821095556604,968.233933333333,287,260
0.293536025858225,4.28985701845381,2.76878378265743,969.034733333333,288,261
0.300450382909385,4.28146598118975,2.76924592243222,969.0681,288,261
0.310662376230009,4.26556343588971,2.76474569870421,969.101466666667,288,261
0.319637802340128,4.24971598821586,2.75993564203824,969.134833333333,288,261
0.329819466140179,4.23356436004499,2.75684164592653,969.1682,288,261
0.339876527093149,4.21669784059664,2.7540760001721,969.201566666667,288,261
0.348695651824868,4.20758302731612,2.75870549557671,969.234933333333,288,261
0.356124295436161,4.19645261451946,2.76260123830612,969.2683,288,261
0.361821136958931,4.1759560323714,2.75789341087998,969.301666666667,288,261
0.36999838554235,4.1654963639112,2.7608912924069,969.335033333333,288,261
0.374789154712682,4.15914647331206,2.76943122026986,969.3684,288,261
-3.61314766501906,1.17218180624355,2.06513400146133,969.2683,289,262
-3.61232726821654,1.15819068428549,2.0635930324843,969.301666666667,289,262
-3.60307267865707,1.14734058009862,2.05696991102912,969.335033333333,289,262
-3.60843787631592,1.13544658143726,2.05530378557718,969.3684,289,262
-3.60105125499617,1.1242532806497,2.05069823665707,969.401766666667,289,262
-3.5936486333382,1.11278746338585,2.0468065929661,969.435133333333,289,262
-3.59664392227448,1.10065819072667,2.04493617679322,969.4685,289,262
-3.59128383484759,1.08866959156391,2.04191337168061,969.501866666667,289,262
-3.58888081537733,1.07754811525956,2.03793620263112,969.535233333333,289,262
-1.52893282462366,-1.0792582988317,0.662605363274762,969.902266666667,290,263
-1.52258662408296,-1.0795590615946,0.660518266678764,969.935633333333,290,263
-1.51754814574702,-1.07995600159605,0.658961265356102,969.969,290,263
-1.51704244229777,-1.08297870895897,0.657524166641754,970.002366666667,290,263
-1.51429539160369,-1.08495099273568,0.655633550001444,970.035733333333,290,263
-1.5144271400705,-1.0887460954323,0.652618089539999,970.0691,290,263
-1.51061681678665,-1.08749220317849,0.650687344852514,970.102466666667,290,263
-1.50777581154613,-1.08810858825798,0.646966726961405,970.135833333333,290,263
-1.5006403911422,-1.08665769387822,0.645549523481408,970.1692,290,263
6.09700901353718,10.6429358755811,4.87743901225371,970.102466666667,291,264
6.06991315001014,10.6114755390149,4.8776597273694,970.1692,292,264
-3.20628601774425,0.354274124701082,1.76449472355394,971.203566666667,293,265
-3.19985393986043,0.34565620532465,1.7575551432348,971.236933333333,293,265
-3.19821987107862,0.334339628346569,1.75349124575793,971.2703,293,265
-3.19497458853819,0.326944714974087,1.75003188441401,971.303666666667,293,265
-3.19171242437361,0.318401608147007,1.74491425222145,971.337033333333,293,265
-3.18242546645289,0.311869568878486,1.7390816860934,971.3704,293,265
-3.17899346648477,0.303795602454467,1.73324770403066,971.403766666667,293,265
-3.17692087504339,0.294621717850799,1.73007840626696,971.437133333333,293,265
-3.1712361208053,0.287690187350913,1.72338350658815,971.4705,293,265
0.591674644139261,2.82250273359292,2.28944272483911,971.236933333333,294,266
0.58616796433767,2.8087423853965,2.28656809454203,971.2703,294,266
0.58113600157283,2.79427985615724,2.28368225982268,971.303666666667,294,266
0.576637099315551,2.78159277039321,2.28322074343843,971.337033333333,294,266
0.572766296932057,2.76799965720661,2.28150205548858,971.3704,294,266
0.569070061670131,2.75516959463469,2.2799068784014,971.403766666667,294,266
0.564885960070001,2.74234805044781,2.28032014741644,971.437133333333,294,266
0.560187338018286,2.7304350122847,2.28116951385689,971.4705,294,266
0.558240701390108,2.71980512901231,2.28593267807103,971.503866666667,294,266
0.554170069948126,2.70837501891966,2.287817700342,971.537233333333,294,266
0.550698971014601,2.69711661466053,2.28896613450127,971.5706,294,266
0.547287612181677,2.68584223969415,2.29142141430655,971.603966666667,294,266
-1.26478105471049,-0.928122201281635,0.691597069512262,972.004366666667,295,267
-1.26324218101086,-0.924521385674765,0.691123068832355,972.037733333333,295,267
-1.2583466645288,-0.918481845980576,0.691529083338018,972.0711,295,267
-1.25492131531966,-0.915210388357524,0.689897592953507,972.104466666667,295,267
-1.25056295007144,-0.911980664824527,0.690178127686637,972.137833333333,295,267
-1.24842155872285,-0.90903399780428,0.689674388578839,972.1712,295,267
-1.24627147952484,-0.904831681502465,0.690444577839842,972.204566666667,295,267
-1.24229451878454,-0.902591832187553,0.691156565437637,972.237933333333,295,267
-1.23749737849707,-0.896264745279099,0.692622730440642,972.2713,295,267
-1.23697768900223,-0.895217980965107,0.692976271447117,972.304666666667,295,267
4.82650544648728,8.63899240708953,4.05346346327814,972.4715,296,268
4.85291576022966,8.64223534213073,4.0711610709622,972.504866666667,296,268
4.86365155886517,8.63057440372211,4.07840016221644,972.538233333333,296,268
4.85703635622553,8.58883264259593,4.07445252728776,972.5716,296,268
-2.72954581067385,-0.147433003985644,1.51843766802548,973.1722,297,269
-2.71985786115503,-0.150163254489938,1.51467321597978,973.205566666667,297,269
-2.71132833689981,-0.152252989958822,1.51244586558171,973.238933333333,297,269
-2.70015256352315,-0.154236925056422,1.51028188314266,973.2723,297,269
-2.69326013556308,-0.157971822055542,1.50863273176153,973.305666666667,297,269
-2.68762247702883,-0.161445078510301,1.50555465415683,973.339033333333,297,269
-2.67422945283558,-0.163692713785942,1.50273796024124,973.3724,297,269
-2.66893673883899,-0.170468111147444,1.50148990325744,973.405766666667,297,269
-2.65738776759743,-0.171377391875612,1.49890346999953,973.439133333333,297,269
0.298793632233762,1.66476328267944,2.10235720200323,973.205566666667,298,270
0.291130088162787,1.65271683363595,2.09602762965857,973.238933333333,298,270
0.281134735318601,1.6375496219847,2.08989714039047,973.2723,298,270
0.271528243239637,1.62270424814862,2.08309622038753,973.305666666667,298,270
0.262706188250412,1.60749167697277,2.07689424433242,973.339033333333,298,270
0.253675753396584,1.59295532927493,2.06985419337465,973.3724,298,270
0.24484392846381,1.57959280306528,2.06603103710855,973.405766666667,298,270
0.235037805761671,1.56796026872497,2.06197342357413,973.439133333333,298,270
0.225083615297999,1.55675711104826,2.05872962298207,973.4725,298,270
0.215059337007743,1.54719596870242,2.05729776041325,973.505866666667,298,270
0.206106269071029,1.53747611935604,2.05638764525792,973.539233333333,298,270
0.197952480636554,1.52800807675745,2.05500032424496,973.5726,298,270
0.190268814039313,1.51736129213207,2.05452860457374,973.605966666667,298,270
0.185186283638743,1.50684777887306,2.05428190315114,973.639333333333,298,270
8.61074973332918,1.59714519406355,-0.416737803906893,974.006366666667,299,271
8.59999208908373,1.59175310447053,-0.420289449551255,974.039733333333,299,271
-1.03297138421633,-0.788872468271167,0.581687374983754,974.0731,300,272
-1.03463619986945,-0.792717956294437,0.577748719113611,974.106466666667,300,272
-1.03295385118903,-0.791885186880351,0.573208749381352,974.139833333333,300,272
-1.03216646773226,-0.790850394092402,0.569638356831397,974.1732,300,272
-1.03161694643867,-0.792679438870961,0.56679709414064,974.206566666667,300,272
-1.03121476227598,-0.791295198024884,0.56579028648067,974.239933333333,300,272
-1.0274968704786,-0.78950127088965,0.566257951619531,974.2733,300,272
-1.025383088022,-0.787783850744063,0.567958323278014,974.306666666667,300,272
-1.02615079878545,-0.790586594222595,0.570591046665724,974.340033333333,300,272
-1.01975370495173,-0.786310816028801,0.573128755868361,974.3734,300,272
-0.0670075722102644,0.736438346632668,1.87992515302738,975.0741,301,273
-0.0744596040495996,0.725481989643564,1.87561354218356,975.107466666667,301,273
-0.0825598873836636,0.714473130619389,1.87107122371728,975.140833333333,301,273
-0.0909001371975819,0.702839120034267,1.86695979297787,975.1742,301,273
-0.099557183331629,0.692005300926529,1.86182792362983,975.207566666667,301,273
-0.108351683335851,0.680420784959454,1.85762243607711,975.240933333333,301,273
-0.117142268449322,0.669466598808486,1.85459161962466,975.2743,301,273
-0.124593187724195,0.658424678606408,1.85147449922899,975.307666666667,301,273
-0.132294269452375,0.648186449091645,1.84929206745205,975.341033333333,301,273
-0.13938844492169,0.638340115365537,1.84719733907018,975.3744,301,273
-0.145980536339817,0.628315526416261,1.84576494772079,975.407766666667,301,273
-2.16958744103479,-0.368661100936996,1.35111864055264,975.1742,302,274
-2.16090415371066,-0.369596226284386,1.34683347841615,975.207566666667,302,274
-2.15535608218818,-0.370398785587252,1.34422106377173,975.240933333333,302,274
-2.15227229623806,-0.373026665285509,1.34188530150464,975.2743,302,274
-2.14378839872443,-0.372374895969714,1.33899135004929,975.307666666667,302,274
-2.13874832611957,-0.375568122054024,1.33741613810809,975.341033333333,302,274
-2.13492196281894,-0.376093095742483,1.33488599220871,975.3744,302,274
-2.13423544453072,-0.380308476324542,1.33324265842406,975.407766666667,302,274
-7.4088461547713,3.89019693667989,2.30218851243641,975.5746,303,275
-1.00029709760774,-1.16423882818217,0.723874888633107,976.709066666667,304,276
-1.00255726450782,-1.17078233302197,0.723813728875762,976.742433333333,304,276
-1.00372876428723,-1.17420896763501,0.723845652109315,976.7758,304,276
-1.00959829873014,-1.18294058093533,0.72694067644535,976.809166666667,304,276
-0.460451187402445,-0.0416636308463063,1.79484428782062,976.7758,305,277
-0.465429064444481,-0.0560601405965381,1.79129969600839,976.809166666667,305,277
-0.472488708924787,-0.0721177560776378,1.7886536469548,976.842533333333,305,277
-0.48022200122952,-0.0880410571988334,1.78638361728847,976.8759,305,277
-0.486024801656478,-0.102294830045217,1.78387840191506,976.909266666667,305,277
-0.491098395553068,-0.116844242766614,1.78106409942276,976.942633333333,305,277
-7.26979552129027,3.82284203153475,2.19648571948378,977.2763,306,278
-7.28981442328283,3.83266186060678,2.20450247060514,977.309666666667,306,278
-1.24609297968894,-0.683450314002103,1.25629138479336,978.310666666667,307,279
-1.23193566288092,-0.683376845474731,1.25783668543839,978.344033333333,307,279
-1.21995416552844,-0.686090889369502,1.26101988348881,978.3774,307,279
-1.20407465067666,-0.686844861659542,1.26370880152651,978.410766666667,307,279
-1.19280754600586,-0.691563662819849,1.26725428210425,978.444133333333,307,279
-1.17663190005815,-0.69202084576992,1.27007981479489,978.4775,307,279
-1.16336252525987,-0.69757747710572,1.27337988247667,978.510866666667,307,279
-1.15091760562887,-0.701996399598355,1.27813621469653,978.544233333333,307,279
-1.14172905689798,-0.706229180750093,1.28201729528503,978.5776,307,279
-0.92325031888983,-1.09627041848316,0.672798453236847,979.645333333333,308,280
-0.921778779376189,-1.08903241038426,0.673029875590438,979.6787,308,280
-0.920196899879952,-1.08147273562405,0.673016406891677,979.712066666667,308,280
-0.917645646152629,-1.07313165132845,0.673136635421342,979.745433333333,308,280
-0.917534599165727,-1.06773472530403,0.674467056653855,979.7788,308,280
-0.918234777461044,-1.06365321422364,0.67610458141457,979.812166666667,308,280
-0.914807989229046,-1.05471586748536,0.679890199557633,979.845533333333,308,280
-0.91003786075255,-1.0453960276068,0.683581886730705,979.8789,308,280
-0.904613086263118,-1.0381103138841,0.688567209128541,979.912266666667,308,280
-0.899521367982036,-1.03038604166988,0.693313821653538,979.945633333333,308,280
-0.900679596072259,-1.03136402640913,0.698689739152681,979.979,308,280
-0.895293767186537,-1.02425614931965,0.703647331935623,980.012366666667,308,280
-0.894112985686587,-1.0215153349662,0.708568547656407,980.045733333333,308,280
5.91485312336179,0.361617118190223,0.0769491212619365,980.0791,309,281
5.91131719155895,0.35537767847944,0.0848979614266029,980.112466666667,309,281
-1.10209103179247,-1.24907870373703,2.00049145664779,980.813166666667,310,282
-1.10449514954196,-1.25997060034896,2.00751359884809,980.846533333333,310,282
-1.1022943527354,-1.26667824130285,2.01454101069808,980.8799,310,282
-1.09762396722265,-1.27309690599571,2.02215694355084,980.913266666667,310,282
-1.09497253580904,-1.27967238411019,2.02924138666395,980.946633333333,310,282
-1.09169302348181,-1.28476726375069,2.0380135104155,980.98,310,282
-1.09088195127366,-1.2911867865077,2.04588505094782,981.013366666667,310,282
-6.430039617222,3.99781562618274,2.03787112722828,980.846533333333,311,283
-6.42608350959865,3.9892605566653,2.04538333530726,980.913266666667,312,283
-0.0384621198969261,-0.799025393022989,1.5533489748806,981.7808,313,284
-0.0281459329930595,-0.799800746051165,1.55764603774915,981.814166666667,313,284
-0.0169248314152429,-0.800883451001121,1.56364250292048,981.847533333333,313,284
-0.00552455577740329,-0.801199779191362,1.56876445637859,981.8809,313,284
0.00592224471458724,-0.799929387040568,1.57268819146974,981.914266666667,313,284
0.016811756395342,-0.800692731468779,1.57862536323578,981.947633333333,313,284
0.026035252255095,-0.798450857033844,1.58138224918213,981.981,313,284
0.0348741789784301,-0.801409556166663,1.58818101846538,982.014366666667,313,284
0.0427344427631529,-0.799359908931237,1.59163924816894,982.047733333333,313,284
-0.753809903951053,-0.542465191076606,0.864670491524502,981.947633333333,314,285
-0.752197243425127,-0.531239738958198,0.86417601449341,981.981,314,285
-0.751780258671631,-0.521046834944117,0.865237777994886,982.014366666667,314,285
-0.751566719498192,-0.511506190712579,0.866027702698074,982.047733333333,314,285
-0.749455096954859,-0.499453383400353,0.867945844952479,982.0811,314,285
-0.748847846226331,-0.489870787057777,0.869808868408124,982.114466666667,314,285
-0.748856970914905,-0.483422745994676,0.872302945883476,982.147833333333,314,285
-0.750539059171632,-0.477246053501848,0.873728981777429,982.1812,314,285
-0.749328712038971,-0.468882403663592,0.875391194567321,982.214566666667,314,285
-0.750642935234907,-0.464168282503774,0.87627342341842,982.247933333333,314,285
-0.432922396655063,-1.74707834799121,2.33895417262675,983.015366666667,315,286
-0.431984554683439,-1.75574362322794,2.35268164640961,983.048733333333,315,286
-0.424281183678636,-1.75207102546135,2.36105263127278,983.0821,315,286
-0.421442742470658,-1.75281655705094,2.37102814413728,983.115466666667,315,286
-0.41699406459207,-1.75374643119065,2.3804658674514,983.148833333333,315,286
-0.414952643211935,-1.75792372417527,2.39338413956319,983.1822,315,286
-0.410682194912333,-1.75787636859895,2.40308117373586,983.215566666667,315,286
-0.409784310852184,-1.75791630466254,2.4144398609703,983.248933333333,315,286
-6.08366737969163,3.2799453543605,2.05605580820996,983.315666666667,316,287
-6.08204308971091,3.27950261315508,2.06076655090631,983.349033333333,316,287
3.75550073493446,0.0281255434461026,0.67303175644363,983.349033333333,317,288
3.73078062216178,0.0278807203771834,0.674817941476618,983.3824,317,288
3.71749873371575,0.0250197936590368,0.679386025516418,983.415766666667,317,288
3.69559119256034,0.0271467085433477,0.684024451197464,983.449133333333,317,288
3.67699116491044,0.0275748187790337,0.688963845549953,983.4825,317,288
3.66262108509651,0.0274852101188249,0.694566410929789,983.515866666667,317,288
3.64970015813522,0.0283795058662825,0.69839821206663,983.549233333333,317,288
3.63608434755844,0.0299690304057284,0.703783020501958,983.5826,317,288
-1.21492850232569,0.0306611945566574,0.938926658900534,984.550233333333,318,289
-1.23024001117046,0.0241376963088616,0.940135401919161,984.5836,318,289
-1.24378730284259,0.0185690933551399,0.940596684066271,984.616966666667,318,289
-1.25797965708631,0.0133884950036913,0.942217657989683,984.650333333333,318,289
-1.2710496001881,0.00864925154812768,0.943159590899099,984.6837,318,289
-1.28419471970696,0.00484088898927082,0.946204015323182,984.717066666667,318,289
-1.29692786202121,-0.000779831898927164,0.95018939680078,984.750433333333,318,289
0.0872398650278469,-2.03547222360418,2.88910653780918,984.717066666667,319,290
0.0969299061862677,-2.02790029133106,2.89705150830677,984.750433333333,319,290
0.104044575113063,-2.03264687531312,2.91346183605021,984.7838,319,290
0.114118862207461,-2.02736002945441,2.92226927036216,984.817166666667,319,290
0.124719862752141,-2.02377663858947,2.93372719608125,984.850533333333,319,290
0.131514679655913,-2.03100572977981,2.95163808921558,984.8839,319,290
0.140731356461665,-2.02589297590006,2.95900802441368,984.917266666667,319,290
0.145070856244265,-2.02998177190148,2.97493789795202,984.950633333333,319,290
0.154309293140725,-2.02101046033997,2.98193698648239,984.984,319,290
1.06018495927116,-0.371920749960901,1.84487677312791,985.017366666667,320,291
1.07148759471413,-0.365865996100998,1.84820270121102,985.050733333333,320,291
1.08413320188493,-0.360203329635242,1.85331146488252,985.0841,320,291
1.09910098233263,-0.356684568544952,1.86049166405211,985.117466666667,320,291
1.11104769335459,-0.350041181636992,1.86527180203938,985.150833333333,320,291
1.12326762586641,-0.344899519581658,1.87085194106987,985.1842,320,291
1.13579066484411,-0.338274411471348,1.87505125108519,985.217566666667,320,291
1.14876819414659,-0.334845719519529,1.88160977108047,985.250933333333,320,291
1.16006578007844,-0.33157155033731,1.88630494778157,985.2843,320,291
1.17222928420781,-0.329526751868716,1.89148124093247,985.317666666667,320,291
2.04559301119234,0.216807319591655,0.727730812259444,986.1852,321,292
2.02740132707107,0.218864433991929,0.734657638976793,986.218566666667,321,292
2.00483933539732,0.221676994477812,0.744051819629463,986.251933333333,321,292
1.98536204905419,0.222421898359121,0.7533639167272,986.2853,321,292
1.96592729858952,0.223365742273112,0.762541056112248,986.318666666667,321,292
1.94655559522879,0.224155176718165,0.772327769898777,986.352033333333,321,292
1.92537616669531,0.22575448225734,0.780764669721437,986.3854,321,292
1.91118546399335,0.224983447447791,0.790212658282101,986.418766666667,321,292
1.89599589925142,0.223919044655307,0.799092768601359,986.452133333333,321,292
1.87992701966893,0.224039079113577,0.806829515366726,986.4855,321,292
0.754682994792057,-1.53651438182186,3.22727357806684,986.418766666667,322,293
0.762246674292138,-1.52690486102397,3.23220988791601,986.452133333333,322,293
0.772392543477997,-1.52571230087801,3.24442706891951,986.4855,322,293
0.780905945572221,-1.52653070318414,3.26108869593912,986.518866666667,322,293
0.788717874101492,-1.52198268227756,3.27174076633485,986.552233333333,322,293
0.797981435944431,-1.51537810660303,3.28048728033837,986.5856,322,293
0.805478643286045,-1.51542671216033,3.29426302544581,986.618966666667,322,293
0.816696728667892,-1.51070557495327,3.30893594137559,986.652333333333,322,293
0.824820698140915,-1.5031654536122,3.31744244957427,986.6857,322,293
0.505949560996827,-0.241027101883688,1.10419553451606,988.220566666667,323,294
0.483360171855767,-0.251214890067703,1.10594467854894,988.253933333333,323,294
0.460801380703089,-0.260442234739296,1.10766146057063,988.2873,323,294
0.437232352970294,-0.269039412701126,1.10982587014674,988.320666666667,323,294
0.414558994368506,-0.27492869147849,1.11121679985627,988.354033333333,323,294
0.393475361462001,-0.278436263620419,1.11207000634542,988.3874,323,294
0.372817155244169,-0.282878507311988,1.11319373037428,988.420766666667,323,294
0.352456871233428,-0.289357507703234,1.1154839191628,988.454133333333,323,294
0.332085647262696,-0.2968816509503,1.11830678644801,988.4875,323,294
2.71190705477364,0.404351361116483,2.16693275479622,988.454133333333,324,295
2.72096361965435,0.410381662523433,2.16788976289791,988.4875,324,295
2.73411281449324,0.41775201836585,2.17151879599404,988.520866666667,324,295
2.74465712190143,0.428030827953834,2.17429901839648,988.554233333333,324,295
2.75761018185815,0.435869166293955,2.17804586204233,988.5876,324,295
2.76468215154179,0.44597663289791,2.17972675329255,988.620966666667,324,295
2.775012152852,0.452974530576707,2.18333112457728,988.654333333333,324,295
2.78253864156091,0.458553982440799,2.18645566215413,988.6877,324,295
2.12642889662417,-1.13800964433544,3.20839469039523,988.620966666667,325,296
2.14656041016187,-1.14449825094886,3.21326447276977,988.654333333333,325,296
2.16408756955475,-1.14793665629013,3.21878032547541,988.6877,325,296
2.17953418691042,-1.14875022527286,3.21711282866053,988.721066666667,325,296
2.20081364569512,-1.15773153508689,3.2259332054522,988.754433333333,325,296
2.21820953398766,-1.16253462181752,3.22813347033585,988.7878,325,296
-1.08051211216307,-0.704807563188568,1.20450573164428,990.122466666667,326,297
-1.09971827906462,-0.710948954334672,1.20691554258557,990.155833333333,326,297
-1.11685919815975,-0.711777655801561,1.20606635337653,990.1892,326,297
-1.13373526964716,-0.712184380642583,1.20556592727833,990.222566666667,326,297
-1.14815996639776,-0.712606489365116,1.20634667209738,990.255933333333,326,297
0.621822530707193,0.608877016093469,0.751797651803567,990.322666666667,327,298
3.58800611800435,-1.44071723416302,2.75384712767674,990.656333333333,328,299
3.60946524272169,-1.45156449482583,2.74325310311761,990.6897,328,299
3.87094436655028,1.7003114641045,2.36450406823136,991.6907,329,300
3.8832156471009,1.72147780299676,2.37623460486015,991.724066666667,329,300
3.88560377339331,1.74163203488852,2.38364847364906,991.757433333333,329,300
3.8853150088585,1.75877921590176,2.39024528954326,991.7908,329,300
3.88980820701026,1.77729129482632,2.39776778240285,991.824166666667,329,300
3.8877341469968,1.79290017483067,2.40360685273684,991.857533333333,329,300
3.88697622474687,1.8087894767408,2.40952390986181,991.8909,329,300
3.88460176891963,1.82228079915171,2.41402975723679,991.924266666667,329,300
3.88132522611727,1.83441870876431,2.41576510258816,991.957633333333,329,300
-2.89003733444369,-2.24465576951,0.860141980590516,993.859533333333,330,301
-2.88148655995162,-2.24719278096515,0.862662169023768,993.8929,330,301
-2.87381429187514,-2.25122075290938,0.862933712403049,993.926266666667,330,301
-2.85801931144258,-2.247677232298,0.866400083131366,993.959633333333,330,301
-2.86413286712606,-2.26039770146737,0.870589402851278,993.993,330,301
-0.169120609372268,-4.4331184790442,1.43426594371254,995.5946,331,302
-0.188140553589111,-4.4615525842055,1.43608662824463,995.627966666667,331,302
-2.06094419349882,-2.24546314032177,0.779395652340708,996.3954,332,303
-2.05486128192862,-2.24644534735106,0.774680410917481,996.428766666667,332,303
-2.0416398591873,-2.23805035910374,0.773235236174147,996.462133333333,332,303
-2.02857641828748,-2.23042086731216,0.767821515327298,996.4955,332,303
-2.0205184290092,-2.22745062880757,0.765857137748142,996.528866666667,332,303
-2.0060484896393,-2.21705438741754,0.76538912466069,996.562233333333,332,303
-2.00408685909294,-2.2224279839365,0.763563793825396,996.5956,332,303
-1.98852235635367,-2.21103896213532,0.760966357358791,996.628966666667,332,303
-1.37259180557721,-1.36227079021333,0.872155557422219,999.164833333333,333,304
-1.36443086731633,-1.343428955747,0.871039484844358,999.1982,333,304
-1.35670855357284,-1.32566749706892,0.872884713244759,999.231566666667,333,304
-1.3499013176981,-1.3083930031224,0.876798228292859,999.264933333333,333,304
-1.34285410300972,-1.2940184283674,0.881183923751776,999.2983,333,304
-1.33496789996658,-1.27997300379211,0.886673437601021,999.331666666667,333,304
-1.32956374821567,-1.26832061961606,0.890895167794761,999.365033333333,333,304
-1.32484222960686,-1.2597371772147,0.896179886016236,999.3984,333,304
-1.31831411499555,-1.24901018870106,0.901064893435344,999.431766666667,333,304
-1.31724494389649,-1.24551364863923,0.905646833618159,999.465133333333,333,304
-1.30976176813178,-1.23575887704141,0.907773182154344,999.4985,333,304
-1.76507347819861,-2.70532963008924,0.920755202826029,1000.0991,334,305
-1.77974148771004,-2.68407712123744,0.911918189269441,1000.16583333333,335,305
-1.08320876085687,-0.267028935098785,0.964649767169786,1001.4004,336,306
-1.08324822831592,-0.250260304904258,0.966081798583863,1001.43376666667,336,306
-1.08353660149371,-0.233015957674457,0.968407303736235,1001.46713333333,336,306
-1.08221672488529,-0.215517503596055,0.971431922594,1001.5005,336,306
-1.08061617484025,-0.199597424381002,0.97541107549729,1001.53386666667,336,306
-1.07789431859984,-0.183932859733005,0.978787578130824,1001.56723333333,336,306
-1.07670642967012,-0.171346112875405,0.982211780704714,1001.6006,336,306
-1.07361443582437,-0.160722552277407,0.985490953870015,1001.63396666667,336,306
-1.06762037933448,-0.14981043878694,0.988112373883379,1001.66733333333,336,306
-1.06452953261863,-0.140483568394274,0.990502609634682,1001.7007,336,306
-1.05968513027402,-0.131454202949438,0.99350542120301,1001.73406666667,336,306
-1.05638766685093,-0.123209459847793,0.995355344125314,1001.76743333333,336,306
-1.05258836684054,-0.114332295111295,0.997334709104775,1001.8008,336,306
-1.05056797016476,-0.104877211253349,0.999217082485505,1001.83416666667,336,306
-2.11361212761395,-2.36772868078311,0.765093617986803,1001.43376666667,337,307
-0.833553712773155,0.745781408606501,0.947399447824808,1003.73606666667,338,308
-0.834098010036796,0.751517351117864,0.945827285595949,1003.76943333333,338,308
-0.834356831048353,0.757658745127804,0.945468345936331,1003.8028,338,308
-0.831400282219807,0.762008624105131,0.945459409683689,1003.83616666667,338,308
-0.827408587416721,0.766408600448518,0.944924072490342,1003.86953333333,338,308
-0.823384688051512,0.77051994139248,0.945663433223303,1003.9029,338,308
-0.820149214378069,0.774984945261277,0.947006637766866,1003.93626666667,338,308
-0.816983513221291,0.779172080515321,0.948914452811197,1003.96963333333,338,308
-0.817209834202114,0.781731260748518,0.95135985212674,1004.003,338,308
-0.816961497385719,0.783916184141934,0.953289346845922,1004.03636666667,338,308
-0.817426700793082,0.786514850238414,0.955007294543868,1004.06973333333,338,308
-0.820076113608757,0.787323482618478,0.956615055724587,1004.1031,338,308
-0.82216835782397,0.788976087951879,0.957822073459464,1004.13646666667,338,308
-0.822032832511182,0.790424333073889,0.957720047440361,1004.16983333333,338,308
-0.824461991013149,0.79281808812259,0.957588711207489,1004.2032,338,308
-0.826118455611532,0.795638446328442,0.956762425326188,1004.23656666667,338,308
-0.826589284785648,0.79931817949801,0.955705151309182,1004.26993333333,338,308
-0.826336238563271,0.805986638040567,0.951824385899794,1004.33666666667,339,308
4.73625087809129,-2.11346110162597,0.434017431300463,1005.7047,340,309
4.72166776930504,-2.1038216358196,0.42675098594822,1005.73806666667,340,309
4.72114844786737,-2.10007145307694,0.422787239251592,1005.77143333333,340,309
4.7074358679998,-2.09154821080427,0.418935331499038,1005.8048,340,309
-0.492858054233629,1.43895080930516,0.772266055355758,1006.47213333333,341,310
-0.489906267848196,1.44586998980309,0.770034985921681,1006.5055,341,310
-0.484965682313219,1.45354487668711,0.768571911489939,1006.53886666667,341,310
-0.480739392469671,1.45974963110713,0.768365257006536,1006.57223333333,341,310
-0.474573462264273,1.46637075117944,0.768461176334067,1006.6056,341,310
-0.469300337046463,1.47170144452127,0.768991717643145,1006.63896666667,341,310
-0.464883204960015,1.475144960449,0.770759619079102,1006.67233333333,341,310
-0.46088445342691,1.47759415790709,0.773469258426681,1006.7057,341,310
-0.457350597788957,1.47951196501179,0.776824347460992,1006.73906666667,341,310
-0.453700180142758,1.48073390496027,0.78052048475315,1006.77243333333,341,310
-0.449174375904454,1.48144944846578,0.784264442777116,1006.8058,341,310
-0.445551288067707,1.47953065325996,0.787518380097389,1006.83916666667,341,310
-0.441588720105523,1.47726934864952,0.791016370446453,1006.87253333333,341,310
-0.437769928498766,1.47460349086438,0.794061116636615,1006.9059,341,310
-0.434674727543448,1.47265006006063,0.79643505327371,1006.93926666667,341,310
-0.431663819473476,1.47160169054717,0.799193553905887,1006.97263333333,341,310
-0.429166499107152,1.47142014284206,0.801181370799444,1007.006,341,310
-0.427517495608966,1.47273261512466,0.803569469240572,1007.03936666667,341,310
-0.425688637439694,1.47388512868658,0.805995013283397,1007.07273333333,341,310
-0.423282459774834,1.47455058270353,0.808936702893661,1007.1061,341,310
-2.83900322787196,-2.48705477065465,0.742766089784832,1006.9059,342,311
-2.82613306365025,-2.47541546568398,0.747411465630753,1006.93926666667,342,311
-4.25898102733593,-3.76675849889817,0.933332083478891,1007.13946666667,343,312
-2.55652588104897,-2.27765591990635,0.877778015261331,1008.5075,344,313
-2.5594493005221,-2.28012151490181,0.88375168024096,1008.54086666667,344,313
0.344296887218201,0.927931149333062,0.820335786779854,1009.74206666667,345,314
0.353451004760922,0.929578109938746,0.819515912311833,1009.77543333333,345,314
0.362140658516734,0.930776603572965,0.820174421750668,1009.8088,345,314
0.370797984717422,0.929658522684952,0.821449390087909,1009.84216666667,345,314
0.378473378453113,0.928153320056474,0.823197497680724,1009.87553333333,345,314
0.385453754264032,0.926888081151532,0.825166266641826,1009.9089,345,314
0.392117235016805,0.92467139911206,0.827047404112154,1009.94226666667,345,314
0.396759340746596,0.921817561119125,0.829603441899861,1009.97563333333,345,314
0.40051144085313,0.919643967976575,0.832283183171436,1010.009,345,314
0.403296712400473,0.917257492396206,0.835256993707134,1010.04236666667,345,314
0.40554829966912,0.916115370888284,0.838479278059748,1010.07573333333,345,314
0.408584453721272,0.912343835518133,0.840794355466845,1010.1091,345,314
0.410940707830824,0.9084866724772,0.842639501548033,1010.14246666667,345,314
0.413477157838008,0.905182739683384,0.844929333071468,1010.17583333333,345,314
0.416935285282018,0.901744216404273,0.846900829165008,1010.2092,345,314
0.420081430931478,0.897803013472247,0.848207617946311,1010.24256666667,345,314
0.42294816161153,0.894773663252066,0.850884378706423,1010.27593333333,345,314
0.426758286263732,0.891503277593498,0.85321355144468,1010.3093,345,314
0.430419484386679,0.88789091085331,0.854899809845608,1010.34266666667,345,314
-2.2173034028805,-2.25073747420333,0.82191701033163,1010.2092,346,315
-2.22629527410871,-2.26778646537258,0.822227635157376,1010.24256666667,346,315
-2.21176204201291,-2.25735431380622,0.821629388815164,1010.27593333333,346,315
-2.21678344688626,-2.26691082068898,0.82180296597484,1010.3093,346,315
-2.22421055625885,-2.2810965018399,0.82218722914731,1010.34266666667,346,315
4.37611300331851,-1.93693436007565,0.36175619723065,1011.6106,347,316
-1.88561810670579,-4.08909327154512,0.710833762168443,1012.04436666667,348,317
-1.88811476316786,-4.03428430801501,0.738067031394639,1012.14446666667,349,317
1.0521648860495,1.63490812220108,0.814710291237274,1012.4114,350,318
1.0569657242745,1.64580875195954,0.818903621847832,1012.44476666667,350,318
1.06189670814628,1.65648579566051,0.823219617690506,1012.47813333333,350,318
1.0654760799977,1.66750755384048,0.828648569609457,1012.5115,350,318
1.0685252228368,1.6761008050084,0.833977225467532,1012.54486666667,350,318
1.07032194355823,1.68365961796033,0.839246121739912,1012.57823333333,350,318
1.07253481102851,1.68874799349281,0.844905745187197,1012.6116,350,318
1.07517632164438,1.69251890999391,0.850065912769637,1012.64496666667,350,318
1.07718373106382,1.69662254430443,0.855759434131219,1012.67833333333,350,318
1.07962109674843,1.70021834044084,0.86084529848503,1012.7117,350,318
1.08241899458098,1.70504109294708,0.86566413661288,1012.74506666667,350,318
1.08444353783314,1.71078622995513,0.869831017757753,1012.77843333333,350,318
1.08715135452356,1.7166057371866,0.873472510179445,1012.8118,350,318
1.08875849496036,1.72378627117385,0.877714077561262,1012.84516666667,350,318
1.09109287839317,1.73005127054986,0.881739758382692,1012.87853333333,350,318
1.09172304976509,1.73551774578814,0.88500360827315,1012.9119,350,318
1.09466204024875,1.74031252142041,0.88850584129527,1012.94526666667,350,318
1.09584383867725,1.74511826545999,0.890961978411165,1012.97863333333,350,318
1.097916701736,1.75004898662665,0.8943899066381,1013.012,350,318
1.1430043140707,3.01773144660475,0.795525872583865,1015.14746666667,351,319
1.14370840305425,3.02941660424708,0.793091821941404,1015.18083333333,351,319
1.14194993511133,3.03906058169423,0.791980060932559,1015.2142,351,319
1.14408936754226,3.04887049325647,0.7921462573547,1015.24756666667,351,319
1.14509361935368,3.05656916491991,0.791563899624241,1015.28093333333,351,319
1.14601104719231,3.06366723812638,0.791760280557009,1015.3143,351,319
1.14956096151659,3.07074160494337,0.792564608236704,1015.34766666667,351,319
1.15168646944813,3.07649467769554,0.794875429018181,1015.38103333333,351,319
1.15443171313276,3.08270221662197,0.797269631899051,1015.4144,351,319
1.15996526791606,3.09308062298359,0.80224509516728,1015.48113333333,352,319
-1.70758215137836,-3.230305943876,1.33021896438647,1017.1161,353,320
-1.7022445706889,-3.21561390516053,1.33340607953556,1017.14946666667,353,320
-1.69054156508391,-3.18710911048984,1.33432029589589,1017.18283333333,353,320
-1.68737624980786,-3.17574111805175,1.34002570836377,1017.2162,353,320
-1.6873112476945,-3.16467603328984,1.34426359854349,1017.24956666667,353,320
-1.68257164640062,-3.14715155364839,1.34845211295808,1017.28293333333,353,320
1.60466818139835,3.91141085244085,0.693924259656665,1017.88353333333,354,321
1.61321993832492,3.92119432355295,0.691682392220345,1017.9169,354,321
-2.07636499965083,-1.29895294796435,1.34633934229463,1020.3193,355,322
-2.07624854466148,-1.28919784227363,1.35144355820606,1020.35266666667,355,322
-2.07289182222121,-1.27556692086608,1.35644036327134,1020.38603333333,355,322
-2.06906886782135,-1.25930815793178,1.36096212563579,1020.4194,355,322
-2.06991157329575,-1.24741115419306,1.36631293016452,1020.45276666667,355,322
-2.06690845245548,-1.2295229876143,1.36808907234143,1020.48613333333,355,322
-2.06730834266905,-1.21688173389438,1.37073337031118,1020.5195,355,322
-3.09152843686355,-1.94767669445124,1.23885061430628,1021.48713333333,356,323
-3.07996744205723,-1.93920410506639,1.23364574942288,1021.5205,356,323
-3.07606630470697,-1.93354591098753,1.23142043485265,1021.55386666667,356,323
-3.07058080346143,-1.9262466342503,1.22707412168224,1021.58723333333,356,323
-3.067095709058,-1.92117054903982,1.22500044955692,1021.6206,356,323
-3.07693000572662,-1.92723439916075,1.22626583482225,1021.65396666667,356,323
4.69328265143086,-1.01484918609713,0.699396231245424,1021.95426666667,357,324
4.69685472028819,-1.00468204628037,0.699745453059184,1021.98763333333,357,324
4.70648786872271,-0.995972796323468,0.701627303000649,1022.021,357,324
4.72533294973374,-0.992791590250825,0.707248405124499,1022.05436666667,357,324
4.72641562468325,-0.98246286873195,0.710431266224208,1022.08773333333,357,324
-1.76179223695142,0.571750446938489,0.829688527895133,1022.98863333333,358,325
-1.75278132002204,0.583368383722301,0.826314798569846,1023.022,358,325
-1.74346435643108,0.593342192958909,0.825371001026087,1023.05536666667,358,325
-1.73396808269948,0.601124097215654,0.82358375089236,1023.08873333333,358,325
-1.7272056502698,0.606084860350435,0.824052943251448,1023.1221,358,325
-1.72118226961129,0.611666984042618,0.823653982593798,1023.15546666667,358,325
-1.71813802546012,0.616015355574341,0.824155306967415,1023.18883333333,358,325
-1.71750111075647,0.621033210026562,0.825307258544527,1023.2222,358,325
-3.27029746832873,-0.557575676038378,1.59641912310026,1023.18883333333,359,326
-2.87921836983647,-1.25650851342718,1.35547054000975,1023.18883333333,360,326
-3.26232688219059,-0.537490323651505,1.59649376144754,1023.2222,359,326
-2.88248722947426,-1.24374189853008,1.35557004135675,1023.2222,360,326
-3.25004421160308,-0.514191710622801,1.59386445447525,1023.25556666667,359,326
-2.88501174292847,-1.23035631464759,1.35769415590854,1023.25556666667,360,326
-2.88464018006901,-1.20214903033648,1.36201714041685,1023.3223,361,326
5.43143621756887,-0.0830385803839458,0.635505114717517,1024.18983333333,362,327
5.42800291428343,-0.0655196129502269,0.636008428647565,1024.2232,362,327
5.44058832262447,-0.0453592727156794,0.635599647994898,1024.25656666667,362,327
5.44222612999911,-0.0275447152419084,0.635970145204041,1024.28993333333,362,327
-2.70378893895025,-0.157113645392519,1.40258746034683,1024.8238,363,328
-2.6944960374462,-0.137992961178439,1.4068332546918,1024.85716666667,363,328
-2.68705837968313,-0.120846117522938,1.40950535028242,1024.89053333333,363,328
-2.68573167620069,-0.10477927100929,1.41521916181265,1024.9239,363,328
-2.67959645434825,-0.0861110159161383,1.41413413150606,1024.95726666667,363,328
-2.67109203600301,-0.0662328616144539,1.4152272268174,1024.99063333333,363,328
-2.66194297001267,-0.0475560441890907,1.41659405626322,1025.024,363,328
-2.65452840841949,-0.03056568043701,1.419777072529,1025.05736666667,363,328
-2.65212189285796,-0.0144270139492816,1.42295694279681,1025.09073333333,363,328
-2.75718588736305,0.300531122979927,1.51862841534845,1024.85716666667,364,329
-2.75331827774228,0.309832826124606,1.51751994851367,1024.89053333333,364,329
-2.74325971389355,0.319964962575395,1.51706201322717,1024.9239,364,329
-2.74336048440599,0.325546364001357,1.51758056840134,1024.95726666667,364,329
-2.73791869831247,0.333277498270008,1.51675403716705,1024.99063333333,364,329
-1.31131746223991,0.739470870802267,0.85901106831476,1024.85716666667,365,330
-1.3012779800372,0.73910326240313,0.855576544806338,1024.89053333333,365,330
-1.29055026411017,0.739815338776563,0.851471215956201,1024.9239,365,330
-1.27983407131154,0.741604676315425,0.848057118420238,1024.95726666667,365,330
-1.26875088211057,0.74459139297367,0.844714770403663,1024.99063333333,365,330
-1.2602432706777,0.746851067429254,0.841263315889418,1025.024,365,330
-1.25112941673045,0.749206173838637,0.838512393560249,1025.05736666667,365,330
-1.24557749858791,0.748970906937532,0.835322208096461,1025.09073333333,365,330
-1.23767872214067,0.750007880487349,0.833190240148723,1025.1241,365,330
-1.23146584938977,0.748663219429149,0.830927616877163,1025.15746666667,365,330
-1.22648128166895,0.746892370750528,0.829084925286641,1025.19083333333,365,330
-2.43784176437835,0.605072979891412,1.40774519190477,1026.6256,366,331
-2.44258933173081,0.613550601952569,1.40594600477739,1026.65896666667,366,331
-2.43891728602724,0.621006927201895,1.40525512383104,1026.69233333333,366,331
-2.43656897309816,0.630793529641693,1.40407487646978,1026.7257,366,331
-2.43431173706989,0.639209078387273,1.40231265055274,1026.75906666667,366,331
-2.43096199127495,0.64887225021559,1.40021386482283,1026.79243333333,366,331
-2.42919862734827,0.656960347898592,1.3989737463562,1026.8258,366,331
-2.42500607255269,0.666357073374347,1.39672457764866,1026.85916666667,366,331
-2.42041899820045,0.674155919527866,1.39426402729308,1026.89253333333,366,331
-2.41749325979829,0.681705742822457,1.39323952552158,1026.9259,366,331
-2.31795624972324,0.998052538159017,1.30749663332597,1026.7257,367,332
-2.30770778138796,1.00590348841709,1.304407338815,1026.79243333333,369,332
-2.30069795638478,1.01045230611973,1.30624891012103,1026.8258,369,332
-2.2927059744765,1.01365079092248,1.30700745433642,1026.85916666667,369,332
-2.28613026259718,1.01866730783524,1.30678830416565,1026.89253333333,369,332
-2.2752631687039,1.02267226608145,1.30775667471776,1026.9259,369,332
-0.713257737264528,0.699911227326423,0.739915048558801,1026.75906666667,368,333
-0.703551060258938,0.702911929412426,0.736964521201603,1026.79243333333,368,333
-0.691009697896032,0.707540938241147,0.73536728074967,1026.8258,368,333
-0.678904156951178,0.712261043632192,0.73352447767913,1026.85916666667,368,333
-0.667158454017621,0.716980198150336,0.731983712200225,1026.89253333333,368,333
-0.656678837613468,0.721007617912399,0.730736616703441,1026.9259,368,333
-0.646356814380938,0.724624257657797,0.730300503211547,1026.95926666667,368,333
-0.636358723149784,0.728563921967616,0.729212376951332,1026.99263333333,368,333
-0.627007516639209,0.732047918567404,0.728887696535918,1027.026,368,333
-0.619243792511797,0.734266400016722,0.72783599225934,1027.05936666667,368,333
-0.611640237250673,0.735731194546983,0.726855743305878,1027.09273333333,368,333
-0.603807802157471,0.736148358731743,0.724591254628526,1027.1261,368,333
0.84713691447824,6.30205096139815,1.46165979844447,1028.06036666667,370,334
0.823439603044445,6.26967074885214,1.46261047430962,1028.09373333333,370,334
0.807825414531601,6.29551669501469,1.47632566989819,1028.1271,370,334
0.788933610977144,6.27135433907031,1.47811298132041,1028.16046666667,370,334
0.776258365722301,6.28021308449679,1.48618081728428,1028.19383333333,370,334
0.765737447882524,6.27799496209321,1.49407481045728,1028.2272,370,334
0.753751686817594,6.2675088417759,1.49467234990194,1028.26056666667,370,334
-2.12855939898699,0.667430615655463,1.22864826059223,1028.3273,371,335
-2.1237526625454,0.666462595204538,1.22296574548268,1028.36066666667,371,335
-2.11794358698022,0.664722366143535,1.21838030183059,1028.39403333333,371,335
-2.11561642544797,0.661687984322951,1.21415947882979,1028.4274,371,335
-2.1131159529615,0.659524938175774,1.21064909953512,1028.46076666667,371,335
-2.10776306427462,0.656547241768131,1.20732184450821,1028.49413333333,371,335
-2.10655926414338,0.65402854366517,1.2038161907858,1028.5275,371,335
-2.10482143891157,0.650900529886921,1.20067106403843,1028.56086666667,371,335
-2.09690281392761,0.651377422295179,1.19729655676919,1028.59423333333,371,335
-1.84815448672255,1.42544980205725,1.22502292954285,1028.69433333333,372,335
-1.84089014854591,1.42889888619909,1.22330846857289,1028.7277,372,335
-1.83432194562759,1.43185380634257,1.22356080298733,1028.76106666667,372,335
-1.8273026350778,1.43709913737655,1.22245031236285,1028.79443333333,372,335
-1.82263756111686,1.44060463783457,1.22287950349508,1028.8278,372,335
-1.81391954326572,1.44496872971899,1.2208631032858,1028.86116666667,372,335
-1.80526355216284,1.44797881095906,1.21993703161676,1028.89453333333,372,335
-1.88993908228735,0.493508331071516,0.988367898526672,1029.86216666667,374,335
-1.88578906502378,0.48972678149002,0.984608151090983,1029.89553333333,374,335
-1.88135128646026,0.485810292539737,0.981016745074013,1029.9289,374,335
-1.87624381306272,0.483429658889862,0.977266517177536,1029.96226666667,374,335
-1.8686902944138,0.481933569247868,0.97334797832554,1029.99563333333,374,335
-1.86261613768115,0.478065009735701,0.97169667248747,1030.029,374,335
-1.85609909700484,0.475274709071409,0.970244353241859,1030.06236666667,374,335
-1.84927789084945,0.472501557382662,0.97091269339818,1030.09573333333,374,335
-1.84678079106959,0.469123340286708,0.971473969857071,1030.1291,374,335
-0.181153429197141,1.19649999489611,0.616636208398766,1028.69433333333,373,336
-0.174959476399701,1.20992469976718,0.615724401800873,1028.7277,373,336
-0.167279366567928,1.22262130517626,0.614859429925532,1028.76106666667,373,336
-0.159175894504298,1.23664287277351,0.614781124187904,1028.79443333333,373,336
-0.150550805466396,1.25118531775811,0.615070550729074,1028.8278,373,336
-0.140723338194273,1.26606079727228,0.616027407178315,1028.86116666667,373,336
-0.131334193297403,1.27878958101458,0.617908534534232,1028.89453333333,373,336
-0.121767506820269,1.29042213662786,0.621340058282347,1028.9279,373,336
-0.113141302949336,1.29908395358676,0.625394389408343,1028.96126666667,373,336
-0.107009228461762,1.30769026525762,0.630003529580044,1028.99463333333,373,336
-0.102912025667658,1.31454587271893,0.63517698843063,1029.028,373,336
-0.0998343451149785,1.32017067334478,0.639577403085151,1029.06136666667,373,336
-0.0988410427349933,1.32653960363312,0.644069955801329,1029.09473333333,373,336
-0.0986877455336994,1.3305571151351,0.648663267493997,1029.1281,373,336
0.164885593571892,1.70897519440258,0.79252363677936,1030.56286666667,375,337
0.171876849422968,1.71512716392971,0.793464181423402,1030.59623333333,375,337
0.179593562027147,1.72003026373884,0.794662269381518,1030.6296,375,337
0.18764980107506,1.72738928151054,0.796223333957234,1030.66296666667,375,337
0.347656505157098,0.60130381982023,0.668506708538089,1030.76306666667,376,338
0.299291104801907,-0.0936792335277047,0.917104926641918,1030.8298,377,338
-1.48466467923028,0.408399933439063,0.894250491077351,1031.2302,378,339
-1.48019810054611,0.407677658239496,0.891912877155554,1031.26356666667,378,339
-1.47355912219646,0.406368158318722,0.889747039628133,1031.29693333333,378,339
-1.46804789879429,0.40374335217875,0.888445945244591,1031.3303,378,339
-1.4615561905833,0.400667682032258,0.88617147811507,1031.36366666667,378,339
-1.45760570725553,0.398744197670396,0.885028162474635,1031.39703333333,378,339
-1.45509267062859,0.397781461681917,0.88387611404435,1031.4304,378,339
-1.45322916434706,0.396568798334066,0.882356923274645,1031.46376666667,378,339
-1.45034754887401,0.39785113192466,0.879152238221543,1031.49713333333,378,339
-1.44880181417713,0.399820705088143,0.878386473463441,1031.5305,378,339
-1.44551322622006,0.400664617720789,0.878110789825825,1031.56386666667,378,339
-0.749519497271124,2.11989414479673,0.928291715110189,1031.66396666667,379,340
-0.741558121470637,2.12492629762672,0.927974595807385,1031.69733333333,379,340
-0.733852968407125,2.13087172363554,0.928403948241307,1031.7307,379,340
-0.725446813424773,2.13732475565327,0.928444810976942,1031.76406666667,379,340
-0.715794551754342,2.14443451917961,0.928943732254838,1031.79743333333,379,340
-0.705615864697954,2.15105272428254,0.929872405231698,1031.8308,379,340
-0.696682988516444,2.15717532674707,0.932044077384017,1031.86416666667,379,340
-0.689693425072157,2.16219838989198,0.93542216457512,1031.89753333333,379,340
-0.685306042804411,2.16627754736346,0.940657103587915,1031.9309,379,340
-0.683190657364828,2.16860593162082,0.945996247758999,1031.96426666667,379,340
-1.16076904157677,0.360246534444033,0.81038201475835,1032.7317,380,341
-1.15203946137274,0.360831212679285,0.806257023326113,1032.76506666667,380,341
-1.14588182385218,0.361048386999587,0.80308347369714,1032.79843333333,380,341
-1.13968770536973,0.361288641766778,0.799855641787969,1032.8318,380,341
-1.13565110063913,0.360953084954305,0.797084216262047,1032.86516666667,380,341
-1.13051307484266,0.362133193257297,0.794532410575633,1032.89853333333,380,341
-1.12733200665732,0.362966179380403,0.793616488013961,1032.9319,380,341
-1.12465000585899,0.364349540432791,0.793488003718733,1032.96526666667,380,341
-1.12438630092512,0.363397024103595,0.794750139564548,1032.99863333333,380,341
-1.12274863701015,0.3629022738673,0.797692470936174,1033.032,380,341
0.718235602995063,2.54331679165256,0.737711095022203,1032.96526666667,381,342
0.717615994039744,2.55796604072231,0.738700257469931,1032.99863333333,381,342
0.720126316297378,2.57438069679718,0.739547017886283,1033.032,381,342
0.721278878410463,2.58992398373051,0.74072457496639,1033.06536666667,381,342
0.722614177857331,2.60489702961504,0.741917598977674,1033.09873333333,381,342
0.722306243044257,2.6175107819516,0.743418807439606,1033.1321,381,342
0.722474057897545,2.62938797509835,0.744627350452617,1033.16546666667,381,342
0.723846778349252,2.64017580372739,0.745641240474918,1033.19883333333,381,342
0.722454404650674,2.64846141368191,0.747429294157051,1033.2322,381,342
0.723043719117873,2.65677211306309,0.748248674345475,1033.26556666667,381,342
0.722323995743394,2.66338733278712,0.749159453439164,1033.29893333333,381,342
0.72456071729358,2.6746072059819,0.75055834198263,1033.36566666667,382,342
-1.46413496954243,5.72693229935628,1.58055526417939,1034.1331,383,343
-1.46803835011754,5.70098394848591,1.57949827643538,1034.16646666667,383,343
-1.46933176310586,5.67234121969056,1.57625746280812,1034.19983333333,383,343
-1.49078190924924,5.68295543477661,1.58319884135629,1034.2332,383,343
-1.50574020928132,5.6806587253523,1.58905863597281,1034.26656666667,383,343
-1.5204644517462,5.68058440674528,1.59395257811624,1034.29993333333,383,343
-1.53956849536928,5.69351282979312,1.60203214729911,1034.3333,383,343
-1.57008792598536,5.73004460206478,1.61282310563532,1034.36666666667,383,343
-1.5760894130475,5.71832194362757,1.61396126413887,1034.40003333333,383,343
-1.58069734084773,5.69703281604555,1.61145372366563,1034.4334,383,343
-1.60777620407764,5.72352342155668,1.62101511677603,1034.46676666667,383,343
-0.905038898392819,0.517153385013745,0.921585506447095,1034.2332,384,344
-0.901658813301134,0.523648713845045,0.925478983434733,1034.26656666667,384,344
-0.900479092246567,0.529607450765776,0.93109142589008,1034.29993333333,384,344
-0.899246335197671,0.536600139892575,0.936705647373023,1034.3333,384,344
-0.897543326630012,0.544657524689641,0.941514584390469,1034.36666666667,384,344
-0.897069817900167,0.552009897866168,0.946433718597983,1034.40003333333,384,344
-0.895218447399333,0.560074578759672,0.949078504823908,1034.4334,384,344
-0.890510692039339,0.567388681861046,0.951161736335971,1034.46676666667,384,344
-0.886288478563502,0.574073174242026,0.952822074810871,1034.50013333333,384,344
-0.883586312732703,0.580489894899383,0.95361728124749,1034.5335,384,344
-0.876274693870342,0.600639712420644,0.95831593669218,1034.6336,385,344
1.12675503464856,3.5795963472393,0.744925943822241,1035.2342,386,345
1.13121619019958,3.59098138589325,0.747474240386635,1035.26756666667,386,345
1.13827302369634,3.60681857808718,0.75075340245808,1035.30093333333,386,345
1.14554597616908,3.62306759225441,0.753800179813489,1035.3343,386,345
1.14800035094726,3.63178140974974,0.75633542226847,1035.36766666667,386,345
0.76802024312162,2.30811827212311,0.964676978605934,1035.3343,387,346
0.780259955717872,2.31045662179309,0.965952472648057,1035.36766666667,387,346
0.792262901081248,2.31291001354238,0.968851727484254,1035.40103333333,387,346
0.801149363451789,2.31554258945345,0.9716612641523,1035.4344,387,346
0.813406881591652,2.31839085905183,0.975688460638313,1035.46776666667,387,346
0.824835748990183,2.32140593434852,0.978563825317623,1035.50113333333,387,346
0.837111830098666,2.3241285271067,0.980532666473539,1035.5345,387,346
0.848344237750069,2.32638157188623,0.981992402612122,1035.56786666667,387,346
0.861223444252696,2.32860518326508,0.982624640645162,1035.60123333333,387,346
0.875887846743078,2.32946360362064,0.985004829968818,1035.6346,387,346
-0.705198267901423,1.02100338773148,0.917766704770813,1035.90153333333,388,347
-0.701635758761851,1.032986905104,0.914344294720225,1035.9349,388,347
-0.699506401972337,1.04382033362835,0.911880709093599,1035.96826666667,388,347
-0.696625516260285,1.05459272174742,0.908819348199753,1036.00163333333,388,347
-0.694630154563398,1.0636454501765,0.905717852698056,1036.035,388,347
-0.692925611372377,1.07157497903307,0.904150047054495,1036.06836666667,388,347
-0.692856652748598,1.07848494277514,0.902506784091885,1036.10173333333,388,347
-0.693285266221941,1.08364448353962,0.902200195456226,1036.1351,388,347
-0.695280123764135,1.08708723340238,0.902388129862777,1036.16846666667,388,347
-0.699890669915399,1.08981316766009,0.904224650666669,1036.20183333333,388,347
-0.70480660300789,1.09250087090057,0.906092700848186,1036.2352,388,347
-0.711033391556442,1.09442112170813,0.908441637627321,1036.26856666667,388,347
-3.08471756719807,5.84335378582656,1.79455433922775,1036.96926666667,389,348
-0.419042703482291,1.2158610860302,0.874428088516185,1037.46976666667,390,349
-0.413793873496728,1.21276731592393,0.871773709216712,1037.50313333333,390,349
-0.407377491117297,1.20937683780151,0.868931911445242,1037.5365,390,349
-0.401761351932179,1.20628302162173,0.866848324015675,1037.56986666667,390,349
-0.39615221572619,1.20308364264564,0.865255722977371,1037.60323333333,390,349
-0.390685057911637,1.19955740230396,0.863237981049855,1037.6366,390,349
-0.384660679531181,1.19566552114667,0.860093566828692,1037.66996666667,390,349
-0.37814836343405,1.19172542258801,0.857376626294249,1037.70333333333,390,349
-0.371768316477377,1.18899080726615,0.85523838658136,1037.7367,390,349
-0.366381238444304,1.18661210760476,0.853999725494995,1037.77006666667,390,349
-0.361195410717949,1.18597854594075,0.853167804630499,1037.80343333333,390,349
-0.356586440965408,1.18607474320622,0.853069673084854,1037.8368,390,349
-0.353177382030685,1.18638884326098,0.853252883356549,1037.87016666667,390,349
-0.35042523882379,1.18568397257284,0.854311885341238,1037.90353333333,390,349
-0.348147624094876,1.18528446975282,0.854344487604118,1037.9369,390,349
2.30274485393586,2.76057269698302,1.31487692765929,1038.30393333333,391,350
2.31386453389031,2.76592121150504,1.32308387585316,1038.3373,391,350
2.32221144780313,2.77181426039178,1.33058232274292,1038.37066666667,391,350
2.33003137582038,2.77808345534433,1.3395520365834,1038.40403333333,391,350
2.33991091074138,2.78359572112979,1.3487798552525,1038.4374,391,350
2.34782735088781,2.78935418966475,1.35773067730232,1038.47076666667,391,350
-0.105118516191417,0.927768135667405,0.809115047077442,1039.20483333333,392,351
-0.106798613998744,0.918419815693588,0.80658855658963,1039.2382,392,351
-0.107303715302344,0.907863521978294,0.804160319968432,1039.27156666667,392,351
-0.10841660258478,0.89704977757407,0.802156346246686,1039.30493333333,392,351
-0.110809182396887,0.88688929454633,0.801124452890322,1039.3383,392,351
-0.112505192404496,0.876440888643853,0.799147669432484,1039.37166666667,392,351
-0.11539523774706,0.867736723271383,0.798319624596646,1039.40503333333,392,351
-0.117864130921831,0.859164052811423,0.797668114649476,1039.4384,392,351
-0.120479827994404,0.850675482419687,0.797656792066758,1039.47176666667,392,351
-0.123766535208251,0.843173284237386,0.798558673201429,1039.50513333333,392,351
-0.127582740523859,0.836582315278686,0.799246362776431,1039.5385,392,351
-0.130107761989397,0.830875028945351,0.800884693324012,1039.57186666667,392,351
-0.1311947202664,0.826281020190972,0.802841179975615,1039.60523333333,392,351
3.03511952484451,2.97623577041182,1.64681109098195,1040.6396,393,352
3.03074819341936,2.9748703344335,1.65289571205438,1040.67296666667,393,352
3.03007108462567,2.97490744965824,1.66328803184031,1040.70633333333,393,352
-0.0453988203350922,0.369895761296127,0.735241961096898,1040.90653333333,394,353
-0.0405965411153582,0.360567894636963,0.733226791209336,1040.9399,394,353
-0.0357859742887491,0.350980362007485,0.731055749814949,1040.97326666667,394,353
-0.0279126045794988,0.343469100444532,0.728234826933054,1041.00663333333,394,353
-0.0222982752788382,0.335022235816903,0.727388780131901,1041.04,394,353
-0.0156324623320516,0.329205513339579,0.726822567577358,1041.07336666667,394,353
-0.0107019671959931,0.323117702960906,0.726421161343242,1041.10673333333,394,353
-0.00749355201257773,0.315970410427943,0.726890813618553,1041.1401,394,353
-0.00330370585604156,0.310333101177984,0.727436489913444,1041.17346666667,394,353
2.85002278221283,3.43362834810639,1.51609615747289,1042.5415,395,354
2.8464001036773,3.44131219123073,1.51077911599841,1042.57486666667,395,354
2.84597213341934,3.45372120162994,1.50821817196227,1042.60823333333,395,354
2.84736025984951,3.46613809817996,1.50666913046925,1042.6416,395,354
2.8423756694483,3.47483783180557,1.50286537450173,1042.67496666667,395,354
2.83757333046004,3.48210886469701,1.49963499969224,1042.70833333333,395,354
2.83719118543993,3.49512219732477,1.49714598813947,1042.7417,395,354
-3.84418462184874,6.55389196093285,2.08928318409479,1043.77606666667,396,355
0.430710782476104,-0.697815709954036,0.483211541368952,1044.5435,397,356
2.76673060767091,3.23416040222895,1.02864775193907,1045.044,398,357
2.76836459349658,3.22491903449991,1.02017322902141,1045.07736666667,398,357
2.77382466468391,3.21644816598405,1.0119283808195,1045.11073333333,398,357
2.7770738103505,3.20842435879134,1.00497697348299,1045.1441,398,357
2.77412144492994,3.19959180682583,0.9975408370714,1045.17746666667,398,357
2.77732047170215,3.1933614157586,0.991462443047041,1045.21083333333,398,357
2.78029991890524,3.18970540176317,0.987228448738756,1045.2442,398,357
-0.250267203572955,-0.964090503861843,0.62439666970009,1046.2452,399,358
-0.259811496173931,-0.968851137033491,0.625855306630155,1046.27856666667,399,358
-0.275632292994595,-0.97172200113563,0.627370701761379,1046.3453,400,358
-0.28944738247965,-0.977739518512306,0.628233111773932,1046.37866666667,400,358
-0.303424190669065,-0.983338524997476,0.632257948460692,1046.41203333333,400,358
2.82716888393959,3.02692988984126,0.573676475085511,1047.2462,401,359
2.82356256759454,3.03645957006668,0.572801288960145,1047.27956666667,401,359
2.81629339574103,3.04384544707186,0.57264640017798,1047.31293333333,401,359
2.81539263558971,3.0566136352888,0.569717491690393,1047.3463,401,359
2.80153550232478,3.06278837293201,0.570567242864166,1047.37966666667,401,359
2.80154445314752,3.07004810864289,0.569920560149576,1047.41303333333,401,359
-0.980414139136325,-0.91540749151357,0.811084943297615,1047.9469,402,360
-0.990784607605676,-0.904998020882914,0.813572885844054,1047.98026666667,402,360
-1.00395120227808,-0.896757984125778,0.81499206638482,1048.01363333333,402,360
-1.01876141615596,-0.89150751327603,0.816662766614356,1048.047,402,360
-1.03000964463143,-0.884022656114905,0.818742016508286,1048.08036666667,402,360
-1.04426650408926,-0.881975746599838,0.82054616292957,1048.11373333333,402,360
-1.05573601993425,-0.87501838802537,0.822654894730551,1048.1471,402,360
-2.91322684395207,6.51325692750315,2.44897520238432,1048.61423333333,403,361
-2.91717294657338,6.50394665750746,2.4501907654822,1048.6476,403,361
-2.92643331173151,6.50123157334033,2.46119139487566,1048.68096666667,403,361
-2.93334920929807,6.49506627834655,2.46800472083707,1048.71433333333,403,361
-2.91583184589507,6.45738506926626,2.46432176844715,1048.7477,403,361
-2.94919332346762,6.49138038125859,2.48710213627049,1048.78106666667,403,361
-2.94736695661511,6.47532056180197,2.49094954389924,1048.81443333333,403,361
-2.94359111783682,6.45181478528652,2.49183122383734,1048.8478,403,361
-2.96175342732932,6.46215093414819,2.5056671880733,1048.88116666667,403,361
-2.96173866419606,6.4452586279945,2.51025771945228,1048.91453333333,403,361
-1.6985744322697,-0.369253715409565,1.17014892671168,1049.71533333333,404,362
-1.71312566779077,-0.360468538460903,1.17795751211036,1049.7487,404,362
-1.72471548959678,-0.351149365829279,1.18511878277951,1049.78206666667,404,362
-1.73750546033638,-0.342264002914921,1.19154007086847,1049.81543333333,404,362
-1.7500740950119,-0.334833994905551,1.19872448296624,1049.8488,404,362
-1.75771523176073,-0.322463034051036,1.20428846251675,1049.88216666667,404,362
-1.77424674516798,-0.316583128462066,1.2106050867419,1049.91553333333,404,362
-1.79077982485982,-0.309384009405984,1.21831290445402,1049.9489,404,362
2.18740285734548,3.80808242982624,0.664808754747659,1049.78206666667,405,363
2.18766851507869,3.81984395352246,0.664282282587874,1049.81543333333,405,363
2.18597937371275,3.83007727082057,0.662447188790062,1049.8488,405,363
2.18598672448227,3.84272140549453,0.662425871835702,1049.88216666667,405,363
2.18313131094008,3.84929000919831,0.662089450119465,1049.91553333333,405,363
-2.74312367416957,0.502130361202164,1.30604917700939,1051.6506,406,364
-2.76151991416592,0.522108811014592,1.30586322526064,1051.68396666667,406,364
-2.7778743237413,0.540379911019697,1.30621234009637,1051.71733333333,406,364
-2.78875829214357,0.556819345569654,1.30480085235268,1051.7507,406,364
-2.79890498969724,0.573792369294317,1.30239001768135,1051.78406666667,406,364
-2.81399386126953,0.583133181154427,1.30135800091944,1051.81743333333,406,364
-2.81296052063432,0.592229813640113,1.29650726946409,1051.8508,406,364
-3.2245158013697,4.38538095068638,2.13487500136417,1051.68396666667,407,365
-3.22555423797563,4.36235992381898,2.13138322827179,1051.71733333333,407,365
-3.22858482897233,4.33888185450963,2.12841141122488,1051.7507,407,365
-3.23662773667762,4.32012266753876,2.12823227044049,1051.78406666667,407,365
-3.23132303756705,4.29435875349027,2.12323402795231,1051.81743333333,407,365
-3.24697016649717,4.28549733926969,2.12428679101845,1051.8508,407,365
-3.24895781334315,4.26867017758697,2.1222713669402,1051.88416666667,407,365
-3.25583821769269,4.25681234866625,2.12084593724345,1051.91753333333,407,365
-3.2685051082064,4.24868393543655,2.12229879177514,1051.9509,407,365
-3.26551311683102,4.23482883670278,2.11506072198314,1051.98426666667,407,365
-3.27101748999142,4.22491105968479,2.11551410362393,1052.01763333333,407,365
-3.28584870198857,4.22053570766505,2.11694978300942,1052.051,407,365
-3.28781210338874,4.20918238048925,2.11221085860586,1052.08436666667,407,365
2.21358819196159,4.50337908273166,0.670024394599403,1051.71733333333,408,366
2.2116364267288,4.50908755805009,0.669309183430764,1051.7507,408,366
2.22204437313777,4.53054712496625,0.665242042938035,1051.78406666667,408,366
-4.03145709610404,2.71602257716303,1.8253828194371,1054.58686666667,409,367
-4.03823871940913,2.7054560296631,1.82897867495468,1054.62023333333,409,367
-4.05260832897283,2.69423189819141,1.8375550506814,1054.6536,409,367
-4.05909691930046,2.6846855206339,1.84089687209433,1054.68696666667,409,367
3.27508076629762,6.00733060340291,0.712610192361379,1055.9549,410,368
3.30378290302295,6.03069013119398,0.709392180037223,1055.98826666667,410,368
3.3066158610624,6.02255427610228,0.709426403540047,1056.02163333333,410,368
-4.30531353830056,1.81273972747995,1.70137705549966,1056.4554,411,369
-4.30691132015593,1.79547176816821,1.69704702154711,1056.48876666667,411,369
-4.31101331038353,1.78144203839921,1.69683882649954,1056.52213333333,411,369
-4.32687453395571,1.76906595036746,1.69672496431032,1056.5555,411,369
-4.32516074364209,1.7560461964692,1.69305550163293,1056.58886666667,411,369
-4.31935343445622,1.74361122190848,1.68868325323799,1056.62223333333,411,369
-4.32976212717119,1.73201752944172,1.6875906132121,1056.6556,411,369
-4.3314361858019,1.7200429245948,1.6838190941957,1056.68896666667,411,369
-4.28359155225374,-0.476763182123092,1.62042785399745,1056.6556,412,370
-4.53717204404933,0.82488750315605,1.61577081641865,1058.5575,413,371
-4.56213041761535,0.805200647771035,1.61190507299191,1058.62423333333,414,371
-4.55928169413419,0.794144530753791,1.60766104088865,1058.6576,414,371
-2.89936769006407,-2.03204366702846,0.726955567353594,1062.32793333333,415,372
-2.89450808925395,-2.03891199302675,0.724327696550604,1062.3613,415,372
-2.87278131430821,-2.02679882093331,0.715594885525611,1062.39466666667,415,372
-2.86598047575307,-2.02614526088643,0.712440479686881,1062.42803333333,415,372
-2.8544252710982,-2.02005733885556,0.708307437010745,1062.4614,415,372
-2.85690803728609,-2.02714559967514,0.708080530468401,1062.49476666667,415,372
-2.85440138121773,-2.0237353042278,0.70879748411686,1062.52813333333,415,372
4.1909284520997,2.7963857137107,2.68918390765789,1063.79606666667,416,373
4.19355390490038,2.79664127764455,2.69077139399736,1063.82943333333,416,373
-2.27002943396006,-1.9449960196094,0.842342056634323,1063.99626666667,417,374
-2.24137534760152,-1.93416205724584,0.846335605519832,1064.063,418,374
-2.23116967564212,-1.92915621486841,0.84715963787769,1064.09636666667,418,374
-2.21551329754342,-1.91977308920824,0.851784758766045,1064.12973333333,418,374
-1.41907076637938,-1.65040929142219,0.833644743587841,1065.6646,419,375
-1.39864193721676,-1.63153675157805,0.835854586159022,1065.69796666667,419,375
-1.3867502730298,-1.62469154234169,0.838349442470985,1065.73133333333,419,375
-1.37667077774124,-1.61765356775901,0.841196269228977,1065.7647,419,375
-1.35563835806245,-1.6005297231258,0.84578547866198,1065.79806666667,419,375
-1.33691261849599,-1.58965703409783,0.854346247067738,1065.8648,420,375
-5.7005097596472,3.40138677868319,2.24639744986725,1067.83343333333,421,376
-5.68763412795016,3.40835513088039,2.24743540299227,1067.8668,421,376
-5.67496818872876,3.4137055042498,2.24784840493841,1067.90016666667,421,376
-5.66023749183201,3.41998022997456,2.25133611031611,1067.93353333333,421,376
-5.65543382357712,3.42565044058879,2.2534985983508,1067.9669,421,376
-1.11264213011389,-0.800941160135717,0.698284631645253,1067.90016666667,422,377
-1.1081825391246,-0.794032379130947,0.692573738865731,1067.93353333333,422,377
-1.10401686772334,-0.787394940578538,0.687129046708309,1067.9669,422,377
-1.1008454711729,-0.783788290433926,0.681943880390684,1068.00026666667,422,377
-1.09600500033817,-0.776678368925863,0.67823793870349,1068.03363333333,422,377
-1.09292322865364,-0.770670318426459,0.675892021524024,1068.067,422,377
-1.08809199029424,-0.761336172071137,0.676570864310043,1068.10036666667,422,377
4.56546446023648,2.51761882935707,2.8047876216555,1068.30056666667,423,378
4.56050308811321,2.51047291452064,2.81019361714301,1068.33393333333,423,378
4.55517082094826,2.50187390982474,2.81565742112541,1068.3673,423,378
4.56369686156468,2.50041842811664,2.82478885844128,1068.40066666667,423,378
4.55710272068532,2.4946922329485,2.82620920221867,1068.43403333333,423,378
-5.1933432810801,3.97162094589499,2.00772203568832,1069.50176666667,424,379
-5.16082851520409,3.97511635616039,1.99978062266918,1069.53513333333,424,379
-5.15122775729557,3.98730330628597,1.99959342898666,1069.5685,424,379
-5.13607752235207,3.99617774545508,2.00016296534031,1069.60186666667,424,379
-5.1165380425407,4.00372434040284,1.99824255624454,1069.63523333333,424,379
-5.10572961816092,4.01236604187185,1.99768211499585,1069.6686,424,379
-0.912058691617759,-0.473676255413788,0.629459416815586,1069.53513333333,425,380
-0.906553661951253,-0.472513681467955,0.629691524222884,1069.5685,425,380
-0.89560421299421,-0.468327219495121,0.627852575581927,1069.60186666667,425,380
-0.889423190351847,-0.469314002879147,0.627487402458564,1069.63523333333,425,380
-0.883034720928913,-0.468070234231155,0.627744537576974,1069.6686,425,380
-0.877087503123975,-0.467126940419634,0.627347628535659,1069.70196666667,425,380
-0.875220776257269,-0.466724868849002,0.62754807121278,1069.73533333333,425,380
-0.87422036581339,-0.466233634595982,0.627622525680102,1069.7687,425,380
-0.869446620509781,-0.460495377881562,0.629781940689572,1069.80206666667,425,380
4.3015127739924,2.34682624976108,3.17350533778002,1069.93553333333,426,381
4.28012999190987,2.35097151829772,3.18147450707882,1069.9689,426,381
4.26785435115391,2.35512239301182,3.1947409161974,1070.00226666667,426,381
4.25468152840493,2.35689631148924,3.20273013616755,1070.03563333333,426,381
4.23798609615668,2.35746946098792,3.21144822181919,1070.069,426,381
4.2254892690055,2.35643105314414,3.21896984905061,1070.10236666667,426,381
4.21577164619672,2.35752496610915,3.23032676512492,1070.13573333333,426,381
4.20533103236634,2.36033669711747,3.24210791686786,1070.1691,426,381
4.19014405132161,2.36627817418913,3.2496604437136,1070.20246666667,426,381
-5.83972036209391,-2.01968274701917,3.34413370156668,1070.3693,427,382
-0.702455867815571,-0.231704498183903,0.688978945076406,1071.1701,428,383
-0.705477855576658,-0.228031738880808,0.693245136660505,1071.20346666667,428,383
-0.704814637701765,-0.221268729080465,0.695891154896041,1071.23683333333,428,383
-0.706493391521518,-0.214639189420571,0.699118534115761,1071.2702,428,383
-0.707051736878218,-0.205872528316426,0.701241980103588,1071.30356666667,428,383
-0.706166309639743,-0.195826105896754,0.703830125713481,1071.33693333333,428,383
-0.705166179837279,-0.185987885961387,0.707739806238757,1071.3703,428,383
-0.704610862720322,-0.178061521669028,0.710944276705092,1071.40366666667,428,383
-0.701195868690801,-0.171358347528878,0.714164735482161,1071.43703333333,428,383
-0.70247819853335,-0.169422271234491,0.717525585844148,1071.4704,428,383
-0.55919982348484,0.338854770979921,0.789108317038084,1072.83843333333,429,384
-0.554896263893013,0.351585822335391,0.791364413731886,1072.8718,429,384
-0.552026739742071,0.364516018330117,0.795212934466337,1072.90516666667,429,384
-0.549321420030278,0.375807660668868,0.799583752625775,1072.93853333333,429,384
-0.547249559759091,0.386497649093277,0.804300141679149,1072.9719,429,384
-0.544567499652652,0.395214501076946,0.808889375296305,1073.00526666667,429,384
-0.543341686967709,0.402926026683229,0.81334342252285,1073.03863333333,429,384
-0.54120303007195,0.410764336042742,0.816563395224123,1073.072,429,384
-0.539422885941811,0.416988486076559,0.819658682016962,1073.10536666667,429,384
-0.535065105754602,0.42511487392126,0.821504198777392,1073.13873333333,429,384
-0.533040583120174,0.432809585397878,0.822433855868216,1073.1721,429,384
1.5606368943255,1.96612559303784,3.81451706823724,1073.30556666667,430,385
1.55113926157667,1.96475924079343,3.82796476790232,1073.33893333333,430,385
1.54017535089071,1.96239362993723,3.84214912487257,1073.3723,430,385
1.53017510874986,1.96214228792549,3.85675115686149,1073.40566666667,430,385
1.52450299721404,1.96296255257056,3.86886407572421,1073.43903333333,430,385
1.51744242537185,1.96461723611183,3.88165453704997,1073.4724,430,385
1.51002603661362,1.96643916586795,3.89131752398545,1073.50576666667,430,385
1.50395477324277,1.96863791818786,3.90525148677201,1073.53913333333,430,385
1.49611078693069,1.96914272227477,3.91181730256353,1073.5725,430,385
-3.75158558515596,3.23539336422362,1.95225613914619,1073.63923333333,431,386
-3.72904014570232,3.22092930629002,1.95094204844675,1073.6726,431,386
-3.72423044005932,3.21069869343097,1.95672314120002,1073.70596666667,431,386
-3.70300092137289,3.1978070995106,1.95623140637715,1073.73933333333,431,386
-3.68770385077083,3.18333768694142,1.95607379397249,1073.7727,431,386
-3.67585815379688,3.17175399163078,1.95741186733945,1073.80606666667,431,386
-3.66536511825882,3.16205016408211,1.96124581754841,1073.83943333333,431,386
-3.65982905736323,3.15519125812694,1.96705222217819,1073.8728,431,386
-3.64082365324464,3.14278533104458,1.9657511371146,1073.90616666667,431,386
-0.306928458963019,1.08235889030472,0.926187868897046,1074.54013333333,432,387
-0.303395207071652,1.0931206581237,0.929281584406369,1074.5735,432,387
-0.29889201564423,1.10542531000497,0.933185816542226,1074.60686666667,432,387
-0.293262865459065,1.11774941227266,0.937017830863017,1074.64023333333,432,387
-0.287734036467938,1.12993322053419,0.941226329770847,1074.6736,432,387
-0.282322809747193,1.14270182054716,0.945661031353823,1074.70696666667,432,387
-0.277458397272475,1.15476251680315,0.950756363888912,1074.74033333333,432,387
-0.272772083359445,1.16612816346889,0.955750289709069,1074.7737,432,387
-0.267534624148642,1.17719870438836,0.960037416249524,1074.80706666667,432,387
-0.263818260706298,1.18807353311555,0.964005231407907,1074.84043333333,432,387
-0.259597279957382,1.19803191885631,0.967614584855539,1074.8738,432,387
-0.256550968405648,1.20813707669878,0.97162646686334,1074.90716666667,432,387
-0.253887178020086,1.21723307118408,0.974982428797925,1074.94053333333,432,387
-0.252241856849402,1.22580146430224,0.978680989811407,1074.9739,432,387
-0.251660682586131,1.2338539074701,0.983214171454322,1075.00726666667,432,387
-0.251021196450027,1.24184810446651,0.986794627259333,1075.04063333333,432,387
-3.40401868575883,-1.75082340727577,2.80600772585243,1074.5735,433,388
-3.39718354349593,-1.74857939271842,2.8055963755407,1074.60686666667,433,388
-3.38377458508765,-1.73978893052964,2.80223071561999,1074.64023333333,433,388
-3.37256810194598,-1.73304557021305,2.79862932035675,1074.6736,433,388
-3.37068323678644,-1.73246970257983,2.79909071372053,1074.70696666667,433,388
-3.35121882568854,-1.72263930117365,2.7947008136495,1074.74033333333,433,388
-3.25658684539545,1.95936206885091,2.14250290218495,1075.84143333333,434,389
-3.26696670216961,1.94448768822252,2.1472648644086,1075.8748,434,389
-3.26703797372558,1.92452804643763,2.15132520320579,1075.90816666667,434,389
-3.27762743484337,1.90939214740623,2.15949842293155,1075.94153333333,434,389
-3.28023372562711,1.89283306242567,2.16523905566864,1075.9749,434,389
-3.28808266244162,1.87993046923029,2.17210871557051,1076.00826666667,434,389
-3.2876097541766,1.86461113219869,2.17465437654467,1076.04163333333,434,389
-0.0147150888482368,1.762972661246,1.01234756388667,1076.50876666667,435,390
-0.00952423105648725,1.7608682794761,1.01242214343423,1076.54213333333,435,390
-0.00388313513586047,1.75842710236732,1.0129020680011,1076.5755,435,390
0.0025955724087845,1.75660759069118,1.0137979640025,1076.60886666667,435,390
0.00893921145884713,1.75579580839451,1.01459054176453,1076.64223333333,435,390
0.0158104112180546,1.75582757460786,1.0149490607861,1076.6756,435,390
0.02282284163938,1.75556051187506,1.01555350171628,1076.70896666667,435,390
0.0298440814550153,1.75554192137387,1.01609453365484,1076.74233333333,435,390
0.036116773597497,1.755811352823,1.01658141000361,1076.7757,435,390
0.0412372827590525,1.75476393431074,1.01765702969812,1076.80906666667,435,390
0.0454538636812868,1.75458562265256,1.01902207263262,1076.84243333333,435,390
0.0488275529017905,1.75426465816746,1.02002318283956,1076.8758,435,390
0.0519322202996845,1.75386949106177,1.02130050920468,1076.90916666667,435,390
0.0550514605075303,1.75384985840555,1.02212294417803,1076.94253333333,435,390
0.0584708290710005,1.75423386731613,1.02293160002787,1076.9759,435,390
0.0625396634602916,1.75519725014687,1.02260724782576,1077.00926666667,435,390
0.0674329322487978,1.75526834354588,1.02262493988357,1077.04263333333,435,390
1.16608383293901,2.70379235940945,4.3049740497181,1076.94253333333,436,391
1.17950672589237,2.7193151517562,4.30485202766704,1076.9759,436,391
1.1931524090321,2.73504293642515,4.30056978031893,1077.00926666667,436,391
1.20847103339687,2.75349146976242,4.29978277726123,1077.04263333333,436,391
1.22141619143634,2.77293559868086,4.2960773232641,1077.076,436,391
1.2363563666315,2.79319760459001,4.29112199601937,1077.10936666667,436,391
1.2491421654526,2.81235410490599,4.28042358402259,1077.14273333333,436,391
1.26394172238258,2.83306312332913,4.27463755380795,1077.1761,436,391
1.27637674806176,2.85196190725551,4.26850870025589,1077.20946666667,436,391
-2.03862605039366,-0.702368663596546,2.373424112097,1077.54313333333,437,392
-2.02183932095217,-0.690845004905104,2.36998850827692,1077.5765,437,392
-2.0081530147349,-0.681888109647856,2.37034577572371,1077.60986666667,437,392
-1.99027253543271,-0.669860609375709,2.36808685599358,1077.64323333333,437,392
-1.97745989632117,-0.660990033460092,2.36658396942646,1077.6766,437,392
-1.96122819116534,-0.649711404210381,2.36494827761852,1077.70996666667,437,392
-1.94813243447227,-0.641733829595863,2.36510158018344,1077.74333333333,437,392
-1.930847760005,-0.628693368986335,2.36157647503457,1077.7767,437,392
-2.95157349090681,1.28814022500703,2.16460277829554,1077.5765,438,393
-2.94280898477491,1.28461703472082,2.16909529104456,1077.60986666667,438,393
-2.93043118911502,1.28418881516848,2.1746908046576,1077.64323333333,438,393
-2.92335052965392,1.28443516330586,2.18497909483269,1077.6766,438,393
-2.90919061844659,1.28406572438791,2.19169695958318,1077.70996666667,438,393
-2.89908368147338,1.28513535550514,2.20046029579504,1077.74333333333,438,393
-2.89023137694356,1.28292360489978,2.20777958073597,1077.7767,438,393
-2.88251977598547,1.2840020688223,2.21247153554045,1077.81006666667,438,393
-2.87624821008034,1.2849198594181,2.22003015526615,1077.84343333333,438,393
0.573638830879091,1.73561041713127,0.814068085095469,1078.21046666667,439,394
0.581672954936208,1.73812403121144,0.809366293864817,1078.24383333333,439,394
0.591715145278373,1.74016674385977,0.804049563121078,1078.2772,439,394
0.598113629727571,1.74630939230604,0.799925230657975,1078.31056666667,439,394
0.599505295088309,1.8166028848771,0.777268351111854,1078.51076666667,440,394
0.603347370397383,1.82148069930573,0.774607829844627,1078.54413333333,440,394
0.610399062150348,1.82189583158172,0.771837572257622,1078.5775,440,394
0.618185661425267,1.82097843931991,0.76996751769712,1078.61086666667,440,394
0.624485203063966,1.82010436213773,0.768981645046191,1078.64423333333,440,394
0.630708086454976,1.81910203553799,0.768398138376518,1078.6776,440,394
0.636515388084792,1.81765000522324,0.767572858372765,1078.71096666667,440,394
0.64217861508443,1.81678153424938,0.766685482054712,1078.74433333333,440,394
-2.19835876416613,1.50776057031948,2.03825192279172,1079.41166666667,441,395
-2.18414588401442,1.50980100464383,2.03335713941562,1079.44503333333,441,395
-2.17277399075605,1.51108860686958,2.03146265230422,1079.4784,441,395
-2.16116386577821,1.51293321755805,2.02887244690067,1079.51176666667,441,395
-2.1475943458597,1.51540083985978,2.02752082329519,1079.54513333333,441,395
-2.13342193311791,1.51813848150168,2.02535289002172,1079.5785,441,395
-2.12658708293505,1.51988384301548,2.02711485582446,1079.61186666667,441,395
-2.11560090131601,1.51974821659579,2.02624558191846,1079.64523333333,441,395
-2.10853692775112,1.5201046643453,2.02556351736707,1079.6786,441,395
-2.10379795648691,1.51952169019027,2.02649814590756,1079.71196666667,441,395
-2.09467809659291,1.52070231945651,2.02659900915243,1079.74533333333,441,395
-1.03903305161013,-0.00845286700827586,2.03630459521097,1079.54513333333,442,396
-1.02684981079903,-0.00216503747652275,2.03890416003501,1079.5785,442,396
-1.01432393994101,0.00575483009960942,2.04183823395844,1079.61186666667,442,396
-1.0014708569555,0.0139741350012943,2.04632317710058,1079.64523333333,442,396
-0.990083267931779,0.0220054704348995,2.05049352207646,1079.6786,442,396
-0.98013330025991,0.0283871567391785,2.05800838539508,1079.71196666667,442,396
-0.971651366335414,0.0350588772517257,2.06391250151101,1079.74533333333,442,396
-0.964029276767401,0.0418861865699094,2.06914216661652,1079.7787,442,396
-0.957940682639998,0.047467144119308,2.07510354615156,1079.81206666667,442,396
-0.954262803068581,0.050566633440848,2.08255828627943,1079.84543333333,442,396
2.36982639643277,4.85865926477866,2.9206021202513,1080.079,443,397
2.38488816943726,4.86753051094489,2.90999525860171,1080.11236666667,443,397
2.3978001250072,4.87171545702714,2.89777550747497,1080.14573333333,443,397
2.41620931618981,4.88415279400156,2.8900439586951,1080.1791,443,397
2.42565610017488,4.88761142101671,2.87461078914053,1080.21246666667,443,397
2.43683888866374,4.89425675739914,2.86304465916786,1080.24583333333,443,397
2.45480203558568,4.90796185376036,2.85214785885729,1080.2792,443,397
2.45894567543897,4.90495708210416,2.83671817410817,1080.31256666667,443,397
1.37088903027941,1.77371560509106,0.42157415174485,1080.079,444,398
1.37975296004984,1.77376423171771,0.415775953385241,1080.11236666667,444,398
1.38856646828346,1.77472813754164,0.409588071289007,1080.14573333333,444,398
1.39700654462901,1.77593452881584,0.403675802659637,1080.1791,444,398
1.40334657861721,1.77760501625916,0.398468560847847,1080.21246666667,444,398
1.41064245650023,1.77899260611156,0.393429186037407,1080.24583333333,444,398
1.4165048647288,1.78028479971321,0.389285041142378,1080.2792,444,398
1.42231124649565,1.78150952472689,0.387550613506445,1080.31256666667,444,398
1.42724153620146,1.78283250430484,0.387933851856593,1080.34593333333,444,398
1.42991810499355,1.78411567340936,0.390666628019908,1080.3793,444,398
1.43030008725967,1.78603594298955,0.395605667028815,1080.41266666667,444,398
1.43015085690087,1.78793125335391,0.400112805165369,1080.44603333333,444,398
-1.29690260773499,1.43292516071559,1.79270731197881,1081.21346666667,445,399
-1.28065664797134,1.43042459079787,1.7890312443394,1081.24683333333,445,399
-1.26842784000405,1.42657836935773,1.78803810968025,1081.2802,445,399
-1.25335800681702,1.4231444421635,1.78619731513383,1081.31356666667,445,399
-1.23961552990044,1.42025161673768,1.78540641155784,1081.34693333333,445,399
-1.22779942910282,1.41765836054361,1.78485803900115,1081.3803,445,399
-1.2164009625739,1.41719020698685,1.78344258708171,1081.41366666667,445,399
-1.2069622410507,1.41786421811456,1.78252829787729,1081.44703333333,445,399
-1.19707873239031,1.41924024146667,1.78214253689597,1081.4804,445,399
-1.18990267757742,1.4199470290857,1.78149863333505,1081.51376666667,445,399
-1.18145436451467,1.42024535840125,1.77822616112153,1081.54713333333,445,399
-1.17398889579225,1.419862562338,1.7770350291651,1081.5805,445,399
-1.16663286296095,1.42043065021318,1.77620959114129,1081.61386666667,445,399
-0.275093746083601,0.494260890389655,1.85925177332077,1081.31356666667,446,400
-0.260491022732473,0.502494710127369,1.85589158270485,1081.34693333333,446,400
-0.246444793108577,0.510164993767129,1.85306709039356,1081.3803,446,400
-0.233571175601392,0.518687217543662,1.84957368057309,1081.41366666667,446,400
-0.224034390738937,0.526007521296009,1.84831058635159,1081.44703333333,446,400
-0.215028028425269,0.532954180495198,1.84653292718311,1081.4804,446,400
-0.207721102025764,0.539135826977024,1.84627035821413,1081.51376666667,446,400
-0.202651642009283,0.544684447845952,1.84755182395694,1081.54713333333,446,400
-0.197813855450587,0.55147643447505,1.84805451998168,1081.5805,446,400
-0.19476911803963,0.556790323039691,1.85033706231633,1081.61386666667,446,400
-0.190573362975777,0.562292834637876,1.85289045725193,1081.64723333333,446,400
1.98874949030329,1.72973223976366,0.382210567964326,1081.8808,447,401
2.00327035588045,1.72721972407977,0.384286574067254,1081.91416666667,447,401
2.01681911559952,1.726412145247,0.384925173333655,1081.94753333333,447,401
2.03143788440747,1.72596245116369,0.385579891297222,1081.9809,447,401
2.04545194719927,1.72577719498713,0.385778861466141,1082.01426666667,447,401
2.05883363751629,1.72378250484667,0.384705421513114,1082.04763333333,447,401
2.07351279733159,1.72212872123878,0.384263075544462,1082.081,447,401
2.08555320555485,1.71827241074703,0.38516136263791,1082.11436666667,447,401
2.80670591805876,5.19955625265862,2.24374855783456,1082.81506666667,448,402
2.80335151796421,5.19414834894421,2.2418574423802,1082.84843333333,448,402
2.7973563518339,5.18305960852154,2.23772773224362,1082.8818,448,402
2.79051060441892,5.16797650683457,2.23088015837919,1082.91516666667,448,402
2.79692797977914,5.17243592951509,2.23501964833046,1082.94853333333,448,402
2.78545581115725,5.15450948332289,2.22790945334904,1082.9819,448,402
0.43068386844466,0.99988847480537,1.67512673228543,1083.11536666667,449,403
0.443818425451031,1.00684022945123,1.67025005177593,1083.14873333333,449,403
0.459157979148857,1.01578944335509,1.6659010896449,1083.1821,449,403
0.474846078000873,1.02499067751097,1.66170072803554,1083.21546666667,449,403
0.489069780279084,1.0337779126752,1.65925955866284,1083.24883333333,449,403
0.502329445910981,1.04277027794518,1.65752551455054,1083.2822,449,403
0.51291401529552,1.05005003751885,1.6561671551042,1083.31556666667,449,403
0.522411285872772,1.05666134205595,1.65623200993905,1083.34893333333,449,403
0.529716732343695,1.06184729685145,1.65590019339365,1083.3823,449,403
0.535476117972168,1.0669409478922,1.6561354954927,1083.41566666667,449,403
0.539495399351126,1.07190577301814,1.65770922432498,1083.44903333333,449,403
0.542510711756757,1.07745536316634,1.65914927933103,1083.4824,449,403
-0.292048454203084,1.58579300822836,1.52877402312004,1083.14873333333,450,404
-0.281078065305144,1.58785864630502,1.52981212634447,1083.1821,450,404
-0.268736846285394,1.58811918416178,1.5331474974226,1083.21546666667,450,404
-0.255109013946324,1.58695787978245,1.53653814593606,1083.24883333333,450,404
-0.241129049114947,1.58468681230219,1.54133785015476,1083.2822,450,404
-0.226528476125499,1.58444455497054,1.54571456253982,1083.31556666667,450,404
-0.212950943466514,1.58597626814615,1.55072149071484,1083.34893333333,450,404
-0.200914776383661,1.58805998140235,1.55637625516637,1083.3823,450,404
-0.190510170623213,1.58969991409759,1.5622096941406,1083.41566666667,450,404
-0.181650491423742,1.58950792080144,1.56846660691775,1083.44903333333,450,404
-0.173456744713812,1.58866102004263,1.57427184531945,1083.4824,450,404
-0.165642369330768,1.58761058706997,1.57846786327628,1083.51576666667,450,404
-0.157892456873395,1.58744623222569,1.58276771889426,1083.54913333333,450,404
-0.149913713606269,1.5872495326062,1.58618089455281,1083.5825,450,404
-0.140618814512705,1.58753462105625,1.58868226643704,1083.61586666667,450,404
2.65463587620793,1.61671268535603,0.396532299546568,1083.71596666667,451,405
2.67031370357718,1.61236662538627,0.398549663055031,1083.7827,452,405
2.68128623548572,1.61311477055544,0.399679518529317,1083.81606666667,452,405
2.60872611962856,4.37126628426596,1.90976004149669,1084.45003333333,453,406
2.60482464243984,4.34953838042508,1.90170750062698,1084.4834,453,406
2.60342014397585,4.3266409360516,1.89581391846568,1084.51676666667,453,406
2.60346702702275,4.30680364863972,1.88803169821317,1084.55013333333,453,406
2.59902899027534,4.2836646802652,1.87614834645573,1084.5835,453,406
2.6026845154503,4.26930059930348,1.86927233645528,1084.61686666667,453,406
2.59818733525739,4.24692618662665,1.85875146880404,1084.65023333333,453,406
0.752983304897429,1.67429177299333,1.20141403093456,1084.9839,454,407
0.767841030441377,1.67276426545249,1.20077075289479,1085.01726666667,454,407
0.78453202605574,1.67063302387004,1.20121467845134,1085.05063333333,454,407
0.801153589812901,1.66870768080237,1.20205313503416,1085.084,454,407
0.817651532058955,1.66716193483443,1.2036190445191,1085.11736666667,454,407
0.833716987364375,1.66591914797944,1.20599690074346,1085.15073333333,454,407
0.847563578015751,1.6661180821096,1.20997778211754,1085.1841,454,407
0.858997208135305,1.66650621037461,1.21486994154634,1085.21746666667,454,407
0.868019943641196,1.66689661546788,1.22028376167359,1085.25083333333,454,407
0.875294341843398,1.66879737338983,1.22655605232885,1085.2842,454,407
0.881254460863857,1.67001161385968,1.23250969841614,1085.31756666667,454,407
0.886979277807246,1.67091496330028,1.23822951923937,1085.35093333333,454,407
0.892951480445635,1.67226072824314,1.24379518362074,1085.3843,454,407
1.23200721522679,1.40629495793565,1.45257643237717,1085.084,455,408
1.24605964649304,1.41028806885251,1.45078337747673,1085.11736666667,455,408
1.26061053230217,1.41442375205863,1.45129351896274,1085.15073333333,455,408
1.27585960734148,1.41954315784071,1.45192315683509,1085.1841,455,408
1.28979913914078,1.42341777857046,1.45367467981117,1085.21746666667,455,408
1.30352145746429,1.42833775695259,1.45648612777681,1085.25083333333,455,408
1.31534571252441,1.43236936585915,1.46067319483272,1085.2842,455,408
1.32543207498347,1.43590795290112,1.4643862694425,1085.31756666667,455,408
1.33334349245798,1.44016159585959,1.46977459519512,1085.35093333333,455,408
1.34085802005114,1.44350543544082,1.47478405717549,1085.3843,455,408
1.34644390279018,1.44711649647898,1.47943522720354,1085.41766666667,455,408
3.36474687429436,1.63117558383493,0.329884433576662,1085.51776666667,456,409
3.37324211813215,1.63172415369847,0.330821783915787,1085.55113333333,456,409
2.5700133259036,3.59887469598272,1.5675738995436,1086.085,457,410
2.56733285963653,3.58305406760457,1.56179714117707,1086.11836666667,457,410
2.57710164781896,3.57749367724683,1.55814219970764,1086.15173333333,457,410
2.58005719495361,3.56633446914801,1.55264733171658,1086.1851,457,410
2.58184636070032,3.55460857136875,1.54534849701786,1086.21846666667,457,410
2.58674028886424,3.54520629476793,1.54051633877159,1086.25183333333,457,410
2.5875006632102,3.53279684443852,1.53317886650503,1086.2852,457,410
2.59266705243494,3.52259665300705,1.52948158930504,1086.31856666667,457,410
1.88711783547235,1.51642078370677,0.884948518266607,1086.9859,458,411
1.90450290823906,1.51485568862936,0.887266555205275,1087.01926666667,458,411
1.92182321817769,1.5130592851989,0.890850276088692,1087.05263333333,458,411
1.9361728730955,1.51290059026327,0.893021023701063,1087.086,458,411
1.95215821653348,1.51394222887243,0.896860261506006,1087.11936666667,458,411
4.15752286859154,1.73891637499392,0.253842155512699,1087.31956666667,459,412
2.83837358967268,3.20000212280356,1.24742156210174,1087.9869,460,413
2.84142780780965,3.197048359275,1.24471517247224,1088.02026666667,460,413
2.85000979862837,3.19551124149666,1.24089193933868,1088.05363333333,460,413
2.8542635249085,3.19164729994775,1.23587860128784,1088.087,460,413
2.85921338894733,3.1903857348296,1.23128530934851,1088.12036666667,460,413
2.8614307007179,3.18531697043818,1.22794648904248,1088.15373333333,460,413
2.86270056221869,3.18170034828529,1.22357890554026,1088.1871,460,413
2.86316467653536,3.17534442507984,1.22044125656375,1088.22046666667,460,413
4.65959487674245,1.98254950702881,0.113515857534557,1089.05463333333,461,414
6.07626356567085,4.56013513502292,0.317522198314866,1089.12136666667,462,415
6.06477296678714,4.55054097205551,0.316815368022652,1089.15473333333,462,415
3.12730751758394,2.91184985487133,1.01954960821348,1090.5895,463,416
3.12684093345813,2.90873777000695,1.01803066446266,1090.62286666667,463,416
3.13060765921464,2.90483248889026,1.01751663621025,1090.65623333333,463,416
3.13426003789871,2.90229429276586,1.01610445990894,1090.6896,463,416
3.13960894010516,2.89842287898602,1.0121759480444,1090.72296666667,463,416
3.77040149428346,2.45165514122953,0.870828155290688,1093.75933333333,464,417
3.76882863518861,2.44363148190642,0.86558864553076,1093.7927,464,417
3.78659495946353,2.44419425752443,0.863566097503203,1093.82606666667,464,417
5.80391576483609,6.02174039731843,0.675962111861542,1096.095,465,418
-3.39432350753828,8.05608763459827,3.35981291164919,1110.34256666667,466,419
-3.05035932668732,7.78689669123574,3.73953166849086,1113.6125,467,420
-2.99823754684474,7.69919122817167,3.71459159777473,1113.67923333333,468,420
-2.6467144780003,7.32852546848699,3.50319040457448,1115.94816666667,469,421
4.46264283833829,-1.5365851899726,2.02747988185534,1118.75096666667,470,422
4.46329934531192,-1.52032720703219,2.04019064690649,1118.78433333333,470,422
4.4586927801493,-1.50414833907638,2.04351391723842,1118.8177,470,422
-2.26365474042605,7.06691953592409,3.48508846703614,1120.45266666667,471,423
-2.26378937655505,7.08015280746869,3.48569844102044,1120.48603333333,471,423
-2.25886576909181,7.08633231761005,3.47994631997578,1120.5194,471,423
-2.24830664620029,7.08492302802848,3.46785022708499,1120.55276666667,471,423
-2.22796020110851,7.06475145174922,3.45112437960842,1120.58613333333,471,423
-0.801488395169571,6.36247931072211,2.21587558240513,1123.2221,472,424
-0.79564668249898,6.34398167037774,2.21083877588838,1123.25546666667,472,424
-0.801060409766043,6.35945611633189,2.21697581927128,1123.28883333333,472,424
-0.802965642775642,6.35468417299687,2.21602338674468,1123.3222,472,424
-0.788463077924036,6.279014754995,2.19228654380166,1123.35556666667,472,424
-0.789154455243603,6.26926169291751,2.19187528218063,1123.38893333333,472,424
-0.792199179217247,6.25904583096735,2.19135174175336,1123.4223,472,424
-0.763067390590588,5.17582848110548,1.69114418462335,1125.15736666667,473,425
-0.767861895648276,5.19300886735685,1.69187672519064,1125.19073333333,473,425
-0.754310794797276,5.15890819915481,1.67608001295036,1125.2241,473,425
2.12081395026636,-2.58748466919559,4.0434358565804,1128.69423333333,474,426
2.10348892966967,-2.53128950185928,4.02854767525933,1128.7276,474,426
2.11880699796581,-2.56288163611404,4.0888529525852,1128.76096666667,474,426
2.10277791137955,-2.51491565340899,4.08538606752521,1128.79433333333,474,426
2.09545828423105,-2.48899102738547,4.10144276544235,1128.8277,474,426
2.09184432369897,-2.47692265570519,4.1200473529893,1128.86106666667,474,426
2.07575566054962,-2.4401385196267,4.12720036915257,1128.89443333333,474,426
2.07092892127664,-2.43073922659444,4.14839100311282,1128.9278,474,426
2.05395136335351,-2.40179235680294,4.15270338116395,1128.96116666667,474,426
4.05606749102522,8.52724357673832,0.929628674910567,1128.76096666667,475,427
4.07123405691909,8.54083888704638,0.9274827532984,1128.79433333333,475,427
4.06281021614,8.50990182334125,0.927952328091222,1128.8277,475,427
4.39509784914683,7.74417745559025,0.825414628338464,1131.19673333333,476,428
4.42618036068678,7.77571767399787,0.824007258489354,1131.2301,476,428
4.40141894346167,7.72147704057312,0.820499046591928,1131.26346666667,476,428
-0.0686065558340667,2.59682679998479,1.03866935198584,1131.29683333333,477,429
-0.0741770556187641,2.57682033603768,1.03411915350783,1131.3302,477,429
-0.0802148890687913,2.55789134478256,1.03134876695287,1131.36356666667,477,429
-0.0852734570357674,2.53968781986867,1.02892869824743,1131.39693333333,477,429
-0.0897430183381864,2.52148245201792,1.02616671544347,1131.4303,477,429
-0.0948198740054483,2.50402237660407,1.0238613424335,1131.46366666667,477,429
-0.100486575458692,2.48672536764097,1.02215744228423,1131.49703333333,477,429
-0.106048844675243,2.47012807521232,1.02050553094607,1131.5304,477,429
-0.111397625961695,2.45406154097273,1.01976919694003,1131.56376666667,477,429
-0.115512248891397,2.43845208569446,1.01896572937889,1131.59713333333,477,429
-0.120208330435671,2.42364505453643,1.01890205499361,1131.6305,477,429
-0.124130670994248,2.40929557739517,1.0179837276185,1131.66386666667,477,429
-0.129867569432415,2.39640310836436,1.0178853534301,1131.69723333333,477,429
-0.13180415934651,2.38449199656894,1.01662289607781,1131.7306,477,429
1.11489354834075,0.77981659524228,3.5794288812041,1131.8307,478,430
1.11900098791467,0.795253771953602,3.57206971352393,1131.86406666667,478,430
1.12519144384844,0.811714997109686,3.56877738766725,1131.89743333333,478,430
1.13085541637752,0.830403182387362,3.56285168015233,1131.9308,478,430
1.13554527159405,0.849832609448179,3.55402334355061,1131.96416666667,478,430
1.14168788570494,0.868394283818784,3.54433585197704,1131.99753333333,478,430
1.15048195766076,0.885532738851365,3.54290710524362,1132.0309,478,430
1.15923397683965,0.903321319569946,3.53621515271015,1132.06426666667,478,430
1.16711638615816,0.92060091402219,3.52745710049979,1132.09763333333,478,430
1.17554679028415,0.937318379299168,3.52571416645334,1132.131,478,430
1.18268494683703,0.953107335198681,3.5258264453043,1132.16436666667,478,430
-1.00855975785371,1.52203618097064,1.22012946376009,1133.29883333333,479,431
-1.01983430690356,1.50754251557351,1.22497776946958,1133.3322,479,431
-1.03275845769492,1.49317497686591,1.23049051551525,1133.36556666667,479,431
-1.04520918407009,1.48140909421994,1.2361840705364,1133.39893333333,479,431
-1.05821433906586,1.46883886074506,1.24135248911804,1133.4323,479,431
-1.07063824960276,1.4580119857096,1.24666384466249,1133.46566666667,479,431
-1.08437159749272,1.44551315216399,1.25292383561259,1133.49903333333,479,431
4.93342707490232,6.56456683109064,0.606275842422518,1134.19973333333,480,432
4.96253763398638,6.57133043848811,0.59725507452488,1134.26646666667,481,432
4.98887659990431,6.58047219542494,0.594342882376958,1134.29983333333,481,432
4.98018034191137,6.54423177174206,0.59056233981226,1134.36656666667,482,432
-1.58606050899924,0.88296409386512,1.3685646334501,1134.86706666667,483,433
-1.5967992916861,0.872002083393238,1.37205266909661,1134.90043333333,483,433
-1.60616617771738,0.861623804656094,1.37452664315832,1134.9338,483,433
-1.61173768133177,0.849915370152202,1.37544092129011,1134.96716666667,483,433
-1.61768611304265,0.838866507743595,1.37675853850115,1135.00053333333,483,433
2.69043094333683,3.22823279231052,2.35172426796441,1135.3342,484,434
2.69183614270562,3.25142965836617,2.35749411652809,1135.36756666667,484,434
2.68342443119357,3.27052026767087,2.35488058836474,1135.40093333333,484,434
2.6804884421851,3.29303880925443,2.3568418218667,1135.4343,484,434
2.67924346481541,3.31611538264558,2.36033643199451,1135.46766666667,484,434
2.67469368020564,3.33693407264977,2.36236012279686,1135.50103333333,484,434
2.66647424521702,3.35519887444479,2.36329665951754,1135.5344,484,434
2.66409794807666,3.37695761730419,2.36723034980951,1135.56776666667,484,434
2.65890148342972,3.39710076988326,2.37354131933449,1135.60113333333,484,434
-1.75587356295868,0.314523043135084,1.27771456371139,1136.70223333333,485,435
-1.75554062399188,0.309272432308687,1.2732549876533,1136.7356,485,435
-1.75395042798216,0.305021591317801,1.2688673587783,1136.76896666667,485,435
-1.7507991619518,0.302375666565528,1.26412549177305,1136.80233333333,485,435
-1.74893438897311,0.300179690042734,1.25995115343256,1136.8357,485,435
-1.74900580875089,0.293340459781155,1.25282524404363,1136.90243333333,486,435
2.28942039912478,4.61454837892736,2.44070246226804,1137.26946666667,487,436
2.28044185290793,4.63218385450165,2.43853153481677,1137.30283333333,487,436
2.27336786384816,4.65533994653285,2.43755691321412,1137.3362,487,436
2.26502761294593,4.6743680579005,2.43636430657701,1137.36956666667,487,436
2.25877846918999,4.69627237227728,2.43800592699119,1137.40293333333,487,436
2.2512866542544,4.71135290171881,2.43569814841428,1137.4363,487,436
2.24051548777611,4.72802485045744,2.43821403149901,1137.46966666667,487,436
-1.38504684055519,0.283904839679448,0.912006489672254,1138.6375,488,437
-1.37768719695182,0.291272267971667,0.906220936959658,1138.67086666667,488,437
-1.37163923570884,0.29874901463049,0.901423618766539,1138.70423333333,488,437
-1.36463464576389,0.307548490185841,0.896167159556716,1138.7376,488,437
-1.35838764444774,0.317436321698705,0.889890997374005,1138.77096666667,488,437
-1.35029173003461,0.328552836293697,0.883853050395153,1138.80433333333,488,437
-1.34242881113724,0.339352812670699,0.878213988653626,1138.8377,488,437
-1.33306310385175,0.348696390224132,0.87355034541644,1138.87106666667,488,437
-1.32500996790184,0.356898497383545,0.869925772325302,1138.90443333333,488,437
-1.31947776504312,0.36181185658754,0.868151133048972,1138.9378,488,437
2.00477432143634,6.05855207261437,2.4140817587691,1139.10463333333,489,438
7.18730474519442,7.12675318494689,1.40809907397824,1139.27146666667,490,439
-0.940085828840071,0.315367326794314,0.771972649686339,1140.57276666667,491,440
-0.938351972913525,0.307760854051635,0.769678744264742,1140.60613333333,491,440
-0.938680214541857,0.298925563145232,0.768162870504095,1140.6395,491,440
-0.938145225111555,0.291437632961718,0.766280990043449,1140.67286666667,491,440
-0.935409576910545,0.283966036618239,0.764540755224898,1140.70623333333,491,440
-0.935915612181934,0.275824562819536,0.762888199002216,1140.7396,491,440
-1.44684355553277,-0.0742712972118784,0.862383944713986,1142.8417,492,441
-1.46180675034412,-0.0721437838009091,0.866365209238275,1142.87506666667,492,441
-1.47213202842253,-0.0659783548408329,0.868463302780955,1142.90843333333,492,441
-1.48424662340154,-0.0615262957007187,0.873048238361407,1142.9418,492,441
4.48154783104427,6.31203769816068,3.45936922843093,1145.8447,493,442
4.4631120693029,6.28924779678737,3.45676012946523,1145.87806666667,493,442
4.44374535868545,6.27497222661118,3.46218385722246,1145.91143333333,493,442
4.42814908537008,6.25974608151983,3.46309420678284,1145.9448,493,442
4.43526413931451,6.27137469430003,3.47908743357954,1145.97816666667,493,442
-3.01809617132359,-0.185942305049268,0.98889605198598,1147.9468,494,443
-3.00993573283802,-0.179099581325296,0.982038918605313,1147.98016666667,494,443
-3.01223304986063,-0.17672769626006,0.9773756112952,1148.01353333333,494,443
-6.06141868003358,6.29269018219978,2.26696068834798,1166.29846666667,495,444
-5.68769368426447,5.66687428068794,2.58777131327031,1168.80096666667,496,445
-5.64548164560343,5.64095624144238,2.58390059314155,1168.83433333333,496,445
-5.63470762920532,5.6367741481804,2.58585180067595,1168.8677,496,445
-5.6218845403565,5.63376951873093,2.58995692707078,1168.90106666667,496,445
-5.59987169593856,5.62880505840724,2.59056333635595,1168.93443333333,496,445
-5.63404918212595,5.65991756850252,2.608588148628,1168.9678,496,445
-3.94580567275858,5.52555387989868,2.15316882123951,1171.20336666667,497,446
-3.92198487272241,5.52795064345096,2.14982586691437,1171.23673333333,497,446
-3.90990447486014,5.54947621119119,2.15450717505148,1171.2701,497,446
-3.85823856520018,5.53111760904252,2.14609956510389,1171.30346666667,497,446
-3.86425698298098,5.56357550964485,2.15805811145306,1171.33683333333,497,446
-3.82738569107696,5.55583532004184,2.15423889775898,1171.3702,497,446
-3.79439327493506,5.54514421862792,2.15138380825574,1171.40356666667,497,446
-3.79171104301134,5.56087519227745,2.15651507868077,1171.43693333333,497,446
-2.74005744957804,5.67890270179597,1.87624730203218,1173.20536666667,498,447
-2.729903007971,5.69199449424017,1.87697662100193,1173.23873333333,498,447
-2.71649033795048,5.69977229850874,1.87569878904437,1173.2721,498,447
-2.68636181718003,5.68544020669876,1.86983012535563,1173.30546666667,498,447
-2.6836082282121,5.70342618127952,1.87540597821348,1173.33883333333,498,447
-2.66311303619168,5.69846685125859,1.87489970013064,1173.3722,498,447
-2.64514338855792,5.6897564280087,1.87251664132216,1173.40556666667,498,447
-2.64366562509696,5.70399751363946,1.87917293533613,1173.43893333333,498,447
-2.62019012015903,5.69420387439426,1.87648049032161,1173.4723,498,447
-1.71951074610982,4.85994484793078,1.57160581782293,1175.84133333333,499,448
-1.71775341097276,4.85680782856705,1.56491013387712,1175.8747,499,448
-1.70672652128095,4.84252108898033,1.55490669563294,1175.90806666667,499,448
-1.69980691848119,4.83942825385046,1.55048622352659,1175.94143333333,499,448
-1.69405312842843,4.83858222058557,1.54482166317256,1175.9748,499,448
-1.67978130671522,4.82731856772456,1.54026072125081,1176.00816666667,499,448
-1.67313610337421,4.82553934209412,1.53607504200199,1176.04153333333,499,448
-1.66097823338591,4.81555690407647,1.53107425816169,1176.0749,499,448
-1.6475072199289,4.80345220780505,1.52577335970058,1176.10826666667,499,448
-1.64545740452359,4.80270728355498,1.52297226187272,1176.14163333333,499,448
-1.6434011669047,4.80433719637059,1.5227926548476,1176.175,499,448
-0.938237827625673,4.23658130937987,1.21321782267046,1178.2771,500,449
-0.926709424640341,4.22345125116988,1.21699418712378,1178.31046666667,500,449
-0.92424605433405,4.22655196710853,1.22429028623854,1178.34383333333,500,449
-0.916560264538102,4.22271664111273,1.22881549918707,1178.3772,500,449
-0.904274441474351,4.21902296431241,1.23408289175621,1178.41056666667,500,449
-0.894753341634484,4.21785668647646,1.23752551709163,1178.44393333333,500,449
-0.875027354513472,4.20097880702393,1.23844577711333,1178.4773,500,449
-0.866736597331995,4.20403994974795,1.24512885378853,1178.51066666667,500,449
-0.85197796905588,4.19213318967373,1.24726031116568,1178.54403333333,500,449
-0.846286015171063,4.19463712928121,1.25298620839333,1178.5774,500,449
-0.834631796752086,4.18393560557847,1.25467639238105,1178.61076666667,500,449
-0.828040624997212,4.1796222415254,1.25870113203394,1178.64413333333,500,449
-0.828703314667526,4.18957092325591,1.26517729744363,1178.6775,500,449
0.217332199682108,3.7386678948909,1.27689805942607,1180.9798,501,450
0.228040508902139,3.72650343724246,1.2771335597763,1181.01316666667,501,450
0.237751317157915,3.72516152053974,1.28166358722505,1181.04653333333,501,450
0.246951201662342,3.7323026730791,1.28785374237784,1181.0799,501,450
0.257414910550327,3.72067804254918,1.28645128462682,1181.11326666667,501,450
1.66087674390628,3.54126907598867,0.664963550332822,1183.4823,502,451
1.66979101574133,3.53198797727303,0.664559917887802,1183.51566666667,502,451
1.67999654409262,3.5240682826294,0.665721946368661,1183.54903333333,502,451
1.69314018510632,3.51662766020073,0.666561179485164,1183.5824,502,451
1.70516848828659,3.51058967301719,0.667644586903352,1183.61576666667,502,451
1.71997896648146,3.50922651543833,0.669078428906151,1183.64913333333,502,451
1.73033266825496,3.50585857654112,0.671089295912547,1183.6825,502,451
1.73629951722415,3.50503799241246,0.673875644917635,1183.71586666667,502,451
1.74026117618281,3.5021759207469,0.678294851342876,1183.74923333333,502,451
2.05365965885046,2.31722793394728,0.611981523783976,1186.15163333333,503,452
2.06169799397516,2.29679577557405,0.611207421443804,1186.185,503,452
2.06965161381257,2.27637463672324,0.610650519643349,1186.21836666667,503,452
2.07978984884895,2.2561205148597,0.610607047199122,1186.25173333333,503,452
2.09105973988574,2.2357966874885,0.611294145991059,1186.2851,503,452
2.09930703630102,2.21706639306394,0.612865261957269,1186.31846666667,503,452
2.10632037552991,2.19996450960963,0.61626316559662,1186.35183333333,503,452
2.11409701270038,2.18555530794426,0.620253379266601,1186.3852,503,452
2.12059946235005,2.1746884936939,0.624718200543586,1186.41856666667,503,452
2.12452485062553,2.164073585598,0.630486273173345,1186.45193333333,503,452
2.12814800519063,2.15550763889747,0.635228905228258,1186.4853,503,452
2.6338582922044,0.806887926023874,0.607449946147164,1188.62076666667,504,453
2.64197646240788,0.790300631322423,0.608760467191486,1188.65413333333,504,453
2.64787626095204,0.773166669982697,0.610568789312059,1188.6875,504,453
2.65114609824961,0.757679758466823,0.613700740067815,1188.72086666667,504,453
-4.98515481598054,-2.85249879412147,1.37105928887066,1197.42956666667,505,454
-3.40702434948325,-1.44191560335668,1.25044172709381,1202.53466666667,506,455
-2.93342172426872,-1.14798480647206,1.09151782287801,1204.3031,507,456
-2.9066353921505,-1.13121607374143,1.09256171325369,1204.36983333333,508,456
-2.91104628430906,-1.13471845750314,1.09524732285242,1204.4032,508,456
-2.89857689290061,-1.12643802214643,1.09878429836297,1204.43656666667,508,456
-2.90472935365222,-1.12950811573899,1.10397337527778,1204.46993333333,508,456
-2.48932133052761,-0.943338866469091,1.17859566698764,1206.0048,509,457
-2.48528688206158,-0.939080275498884,1.18001534365608,1206.03816666667,509,457
-2.47059405137852,-0.928617281085979,1.18221644044395,1206.07153333333,509,457
-2.46520680160675,-0.924902772068971,1.18487265717541,1206.1049,509,457
-2.45110460590731,-0.91797636676693,1.18587545041842,1206.13826666667,509,457
-1.89580083695228,-0.466804762723713,1.236173228163,1207.9067,510,458
-1.88632188066743,-0.458735800449177,1.23763451786534,1207.94006666667,510,458
-1.87620498750407,-0.447276895874145,1.23746131838153,1207.97343333333,510,458
-1.86662192641797,-0.437764165355498,1.23742995597267,1208.0068,510,458
-1.85968068624385,-0.428909346276928,1.23792623784016,1208.04016666667,510,458
-1.0001052492504,0.135028834293459,0.812352563557889,1210.17563333333,511,459
-0.988462710071422,0.139556708458456,0.804776184919544,1210.209,511,459
-0.97939457483432,0.143309219450109,0.798348523378908,1210.24236666667,511,459
-0.970544541607599,0.147775738606037,0.792109172530453,1210.27573333333,511,459
-0.960688806308233,0.152701917289527,0.786433924537002,1210.3091,511,459
-0.952872270768686,0.157242336249843,0.780757781545363,1210.34246666667,511,459
-0.944534888505572,0.160789944144518,0.777308108894073,1210.37583333333,511,459
-0.937298291856496,0.162651749720598,0.775547439514113,1210.4092,511,459
-0.929794935416959,0.164755521955923,0.773790746387525,1210.44256666667,511,459
-0.921961872768731,0.167602958971692,0.772462349021491,1210.47593333333,511,459
-0.917478291546445,0.168094480891044,0.773425118279723,1210.5093,511,459
-0.388469483803339,0.571814107694223,0.812093047172397,1211.97743333333,512,460
-0.377617514252207,0.585771808048357,0.813160838144674,1212.0108,512,460
-0.367504003459862,0.600122469150443,0.815022045244777,1212.04416666667,512,460
-0.357386403289574,0.613019591793615,0.817621251283018,1212.07753333333,512,460
-0.348069403377592,0.625301856969848,0.820302679582728,1212.1109,512,460
-0.339254507071926,0.637269566931381,0.824127457647321,1212.14426666667,512,460
-0.331638312538363,0.648931637230359,0.826426633060605,1212.17763333333,512,460
-0.32232753619482,0.660841958639449,0.829220379561808,1212.211,512,460
-0.313860990874209,0.673472234568737,0.831176062392355,1212.24436666667,512,460
-0.305210337803334,0.684294810472285,0.833440911674233,1212.27773333333,512,460
-0.297676748896478,0.694961378989688,0.835614906119975,1212.3111,512,460
-0.290510467864397,0.705139225443083,0.83824868696175,1212.34446666667,512,460
-0.2837719638181,0.714871348225593,0.84103382643886,1212.37783333333,512,460
0.599876595518653,1.31325329225746,0.759990146628034,1214.3131,513,461
0.60917572771579,1.33105842941192,0.760867331210888,1214.34646666667,513,461
0.622811833612074,1.33476383151808,0.760715526147037,1214.37983333333,513,461
0.635868528866778,1.3393555775116,0.761648216621401,1214.4132,513,461
0.648025240471292,1.34310801979383,0.762964174832805,1214.44656666667,513,461
0.658479363990695,1.34409515593928,0.764693172242729,1214.47993333333,513,461
0.667067008198237,1.34743155877106,0.766530042672474,1214.5133,513,461
1.40690429628014,1.56967545014336,0.590446515409146,1216.0148,514,462
1.42146978599642,1.57562004367147,0.584439087402333,1216.04816666667,514,462
1.43623931024672,1.58136232520211,0.579545693857306,1216.08153333333,514,462
1.45011237039077,1.58727608366435,0.575278534067585,1216.1149,514,462
1.4637323369548,1.59200054024515,0.571395928248466,1216.14826666667,514,462
1.47690763257206,1.59753591849689,0.567902002594228,1216.18163333333,514,462
1.49019198936635,1.60291836129935,0.565160916124081,1216.215,514,462
1.50493639841615,1.60889144741657,0.563370318667561,1216.24836666667,514,462
1.51698904571849,1.6143704091127,0.564617368005323,1216.28173333333,514,462
1.52835571419161,1.61899548391785,0.567873667707151,1216.3151,514,462
2.26162774368975,1.88543616613175,0.558537061360793,1218.1169,515,463
2.27577639712913,1.89324864102145,0.5519579453634,1218.15026666667,515,463
2.28763389308243,1.9016619502584,0.546269684729274,1218.18363333333,515,463
2.30055702215883,1.90905987362395,0.541673847164654,1218.217,515,463
2.31059465580598,1.91676467454751,0.537010205407002,1218.25036666667,515,463
2.32381741183141,1.92602020860604,0.532209935133612,1218.28373333333,515,463
2.33476842378467,1.93448983007993,0.528115185974891,1218.3171,515,463
2.34551139417051,1.94099761868114,0.524630540561902,1218.35046666667,515,463
8.53453802673126,0.823217150307068,1.37087099022335,1224.79023333333,516,464
8.51893105176897,0.823840807480342,1.37330752251046,1224.8236,516,464
8.49612402357059,0.829960265052214,1.3701482060023,1224.85696666667,516,464
7.40616788688067,0.674859214071988,1.12605883656413,1227.09253333333,517,465
7.4041663673485,0.673625971209601,1.1258026648082,1227.1259,517,465
6.56184926777413,0.678470722287456,0.872117772494263,1229.228,518,466
6.53223397305611,0.686675926120946,0.86496036639851,1229.26136666667,518,466
6.5182434310927,0.693905676407437,0.859629362302625,1229.29473333333,518,466
6.51757711218649,0.699038536408192,0.852197175239323,1229.3281,518,466
6.508613604058,0.709020333392992,0.845388116765892,1229.36146666667,518,466
6.49728217565333,0.712149195014102,0.840330923020445,1229.39483333333,518,466
5.7061376978267,0.827632419122546,0.590634495871399,1230.96306666667,519,467
5.70213392776152,0.827437241287952,0.585223738580332,1230.99643333333,519,467
5.69534074576452,0.828100322996536,0.577532838338283,1231.0298,519,467
5.67766609673709,0.830175266644199,0.5703736175575,1231.06316666667,519,467
5.66912051171756,0.831503022455445,0.562258472565823,1231.09653333333,519,467
5.65526875436625,0.834063799332447,0.553662814851439,1231.1299,519,467
5.64661856234287,0.835415590264746,0.545895462480837,1231.16326666667,519,467
-4.80746996554165,-3.24954124665225,1.74234756648393,1232.46456666667,520,468
-4.81502828662056,-3.2618427902997,1.7484610951384,1232.49793333333,520,468
-4.77952769206742,-3.2460780158485,1.74858806167353,1232.56466666667,521,468
4.73239616757327,1.26886878431479,0.0934941529053265,1233.39883333333,522,469
4.72894619311068,1.27729573188896,0.0873484461685207,1233.4322,522,469
4.71873960197602,1.28639348071067,0.0822531407949394,1233.46556666667,522,469
4.70699945841727,1.29511090217246,0.0739899029480765,1233.49893333333,522,469
4.70402754298238,1.30404205900121,0.0648271866481699,1233.5323,522,469
4.69297780848035,1.31262143278211,0.059123331224458,1233.56566666667,522,469
-3.8395947628798,-2.57801090750908,1.54826396411867,1234.96706666667,523,470
-3.82513537272585,-2.5678639590037,1.54148223039358,1235.00043333333,523,470
-3.81414303921866,-2.5523675014762,1.5358577057515,1235.0338,523,470
-3.81768966384185,-2.55077339863485,1.53855216609414,1235.06716666667,523,470
-3.19820626888342,-1.70971764020548,1.07477417399194,1237.60303333333,524,471
-3.19777217645326,-1.70722041771091,1.06824994803913,1237.6364,524,471
-3.19483358853663,-1.70220232708373,1.06478991817793,1237.66976666667,524,471
-3.19510701042001,-1.70279665440145,1.06185408643166,1237.70313333333,524,471
-3.1843992518135,-1.69390957514397,1.05780234578759,1237.7365,524,471
-3.18113658620777,-1.69147590140453,1.05638065759977,1237.76986666667,524,471
-3.18400192726801,-1.69354195884868,1.0581536362357,1237.80323333333,524,471
-3.18292463969762,-1.69247569751694,1.05884386512938,1237.8366,524,471
-2.57222844919254,-1.47691256219882,1.26743918934329,1239.90533333333,525,472
-2.56252074425722,-1.47485126383089,1.26849094045294,1239.9387,525,472
-2.55130314667546,-1.47332309296904,1.26773673343032,1239.97206666667,525,472
-2.53168393087439,-1.46574766420128,1.26731924195956,1240.00543333333,525,472
-2.51531788168871,-1.4587085175007,1.26510129307685,1240.0388,525,472
-2.50368928529055,-1.45609959202883,1.26567819658155,1240.07216666667,525,472
-2.49526103355698,-1.45462523996885,1.26636679740228,1240.10553333333,525,472
-2.49086398143359,-1.45752110204733,1.26954192147476,1240.1389,525,472
-2.47443015196034,-1.44717879898008,1.27123575663205,1240.17226666667,525,472
-1.35308274816317,-1.06560699232441,1.07945333393973,1242.241,526,473
-1.33588931593493,-1.05513226442082,1.07605704534846,1242.27436666667,526,473
-1.32603311715003,-1.05089133611958,1.07372510016764,1242.30773333333,526,473
-1.31494053491646,-1.04662540850401,1.07001504435513,1242.3411,526,473
-1.30212322605332,-1.03910733935751,1.06600458620989,1242.37446666667,526,473
-1.29771943720044,-1.03958917993744,1.06413505448336,1242.40783333333,526,473
-1.28597123379647,-1.03156794178638,1.06105411082867,1242.4412,526,473
-1.28199769493572,-1.03078060598415,1.05965140389691,1242.47456666667,526,473
-1.27483099185398,-1.02890700144431,1.05719237295493,1242.50793333333,526,473
-1.26839982852383,-1.02785968645167,1.05365769073704,1242.5413,526,473
-1.26167258414875,-1.02475984471735,1.05117730651711,1242.57466666667,526,473
-1.25376975805232,-1.02189444517445,1.0466658714942,1242.60803333333,526,473
-1.24492722550006,-1.01746808372919,1.04387824576075,1242.6414,526,473
-0.461641664528102,-0.647724799388195,0.600678577286851,1244.77686666667,527,474
-0.456514149998456,-0.64569581754691,0.596481632581649,1244.81023333333,527,474
-0.449801935364781,-0.639400117034873,0.593072526535902,1244.8436,527,474
-0.444513153653672,-0.636298133206975,0.589399452043982,1244.87696666667,527,474
-0.438151721604801,-0.632784091967972,0.586127496102743,1244.91033333333,527,474
-0.431675718377548,-0.628818673848723,0.583359936913826,1244.9437,527,474
-0.427071583403201,-0.627302690459551,0.580283593143797,1244.97706666667,527,474
-0.422093697997615,-0.625545578577973,0.579162612031217,1245.01043333333,527,474
-0.416671924572014,-0.624100257563763,0.576981542269189,1245.0438,527,474
-0.409374147432291,-0.619351234761209,0.577181017749896,1245.07716666667,527,474
-0.406146134125776,-0.622226080994986,0.576553384840635,1245.11053333333,527,474
-0.400255772970755,-0.62056995049383,0.576172700834201,1245.1439,527,474
-0.394494523838186,-0.618811870534016,0.57700416049226,1245.17726666667,527,474
2.69551516237772,8.88035695978066,1.7663639522563,1245.87796666667,528,475
2.66314784562453,8.82484716939746,1.75555890517466,1245.9447,529,475
7.95997329663994,2.3813890858431,-0.222905068791529,1247.17926666667,530,476
0.289128876491074,-0.526542384034456,0.501291156185564,1248.0468,531,477
0.293280246650785,-0.531268267315635,0.4946151135992,1248.08016666667,531,477
0.29949359026361,-0.528388726410596,0.488240417499748,1248.11353333333,531,477
0.304928240072123,-0.529133371815078,0.481573947361996,1248.1469,531,477
0.30824628507267,-0.536063772849773,0.474761340287027,1248.18026666667,531,477
0.313626225461166,-0.535166169793217,0.468764523212671,1248.21363333333,531,477
0.31863334886535,-0.538347035820469,0.463133034506736,1248.247,531,477
0.322980914925307,-0.539026447191166,0.458492069820017,1248.28036666667,531,477
0.327310129329182,-0.54084652360707,0.453897193682933,1248.31373333333,531,477
0.331255624897043,-0.543645775503957,0.449105116434164,1248.3471,531,477
0.337581491549678,-0.537028717618373,0.446344239199567,1248.38046666667,531,477
0.342893045472243,-0.536045256532624,0.44374405154044,1248.41383333333,531,477
7.05201648387802,1.30484447640891,-0.234654681174594,1249.41483333333,532,478
7.06407876054694,1.29224897639331,-0.237893646373281,1249.4482,532,478
3.56691303189678,8.4596334906682,1.34807407392069,1250.71613333333,533,479
6.1799826630519,0.291709847472675,-0.122167529230398,1251.68376666667,534,480
1.17706914561025,8.33748609612138,1.90514523040306,1252.38446666667,535,481
1.19463310329664,8.38592605216108,1.91834554981988,1252.41783333333,535,481
5.31097833356767,-0.535791402111243,0.608654113060537,1254.38646666667,536,482
5.28964398979978,-0.548105723800938,0.616282073480347,1254.41983333333,536,482
5.28217671881147,-0.566406901410607,0.623333128135908,1254.4532,536,482
5.24664115252787,-0.592778190278743,0.640676390206074,1254.51993333333,537,482
1.97706523023221,9.93297717492997,2.20737807362268,1254.5533,538,483
1.75700794769384,-0.66148384682003,0.630593797015818,1256.38846666667,539,484
1.75943833552846,-0.650593438821906,0.635163034872797,1256.42183333333,539,484
1.76632306838593,-0.64340064766026,0.639741696855087,1256.4552,539,484
1.77322754150733,-0.638323558043085,0.645530511629576,1256.48856666667,539,484
1.77657272114675,-0.6302257271399,0.650903805653407,1256.52193333333,539,484
1.7800338617623,-0.624758665694024,0.655327552017444,1256.5553,539,484
1.77865521549252,-0.615229017678267,0.660170818996253,1256.58866666667,539,484
1.78308861941631,-0.612664699883241,0.662900316241063,1256.62203333333,539,484
1.78116729588791,-0.603481013959487,0.665736817953472,1256.6554,539,484
1.78886633970405,-0.596051047641723,0.668260378926354,1256.72213333333,541,484
4.30611938387286,7.53353241329316,1.06558102106934,1256.42183333333,540,485
2.7053933171868,8.68756001323282,1.94823934261211,1257.62303333333,542,486
2.72016366350622,8.69974208691167,1.95482142234569,1257.6564,542,486
2.72850233350677,8.70117128561953,1.95808650706078,1257.68976666667,542,486
3.97462199311744,-1.46474814336296,0.67259773835283,1257.62303333333,543,487
3.97258347780499,-1.47317324026355,0.668174359210877,1257.6564,543,487
3.95650329812635,-1.47193534251266,0.665069502364274,1257.68976666667,543,487
3.94902720385372,-1.47641927351432,0.657296934898754,1257.72313333333,543,487
3.94166965553678,-1.48003880121896,0.65262838178064,1257.7565,543,487
2.34973847735423,0.335621939414211,0.513217339741891,1259.22463333333,544,488
2.35414201111404,0.349571202134425,0.512654713804855,1259.258,544,488
2.35384527901286,0.364384000212316,0.512342461254052,1259.29136666667,544,488
2.35546739369289,0.378161587230688,0.512480025800709,1259.32473333333,544,488
2.35861361595955,0.3904639399831,0.511831063711472,1259.3581,544,488
2.35637909821297,0.40291804109323,0.512549891171595,1259.39146666667,544,488
2.36030961437853,0.413041087879629,0.511886663675755,1259.42483333333,544,488
2.36410765714175,0.423619609885155,0.511275276073991,1259.4582,544,488
2.36724823612588,0.434486123770067,0.510087867643453,1259.49156666667,544,488
2.36926167456962,0.446714682097002,0.508987158072881,1259.52493333333,544,488
2.37292747448881,0.458263032333583,0.508487264844606,1259.5583,544,488
2.3777996635265,0.47156810637086,0.507042634087766,1259.59166666667,544,488
2.38552177672706,0.48338270806627,0.506070251788181,1259.62503333333,544,488
2.65567053846098,0.982822222339954,0.627477132731248,1261.26,545,489
2.66290243529897,0.980604247712179,0.63423085289677,1261.29336666667,545,489
2.66912835576936,0.978440215465316,0.639488431921589,1261.32673333333,545,489
2.67888487946881,0.976714884504295,0.64633075176031,1261.3601,545,489
2.68476957533764,0.973315284807773,0.651124620828895,1261.39346666667,545,489
2.68871862399791,0.971506309706569,0.657800118198403,1261.42683333333,545,489
2.69700712915597,0.971154499389261,0.662963468345825,1261.4602,545,489
2.70310314698104,0.972684210338716,0.668526033518445,1261.49356666667,545,489
2.70544820818539,0.972837904450641,0.671538598181135,1261.52693333333,545,489
3.01209448067703,6.50186387226107,2.2320554686572,1262.3611,546,490
3.02154332102655,6.50990131140617,2.24104565525086,1262.39446666667,546,490
3.01185771461419,6.48907857403319,2.24201786573375,1262.42783333333,546,490
3.00345172851285,6.46708339854356,2.24215152134586,1262.4612,546,490
3.00155807572371,6.46128153469097,2.24859690925195,1262.49456666667,546,490
2.99587792425255,6.44804699990396,2.25127288422026,1262.52793333333,546,490
2.98613661455257,6.43280556806691,2.25362096731651,1262.5613,546,490
4.51967829348609,6.42696736617145,0.610645361590074,1262.5613,547,491
4.5322712891512,6.44588638674218,0.606496957183536,1262.59466666667,547,491
4.53071667263305,6.44081830997007,0.599660377450812,1262.62803333333,547,491
4.52156884232034,6.43657764055016,0.596911764217312,1262.6614,547,491
4.56637016164281,6.07000073456734,0.535476816324157,1264.0628,548,492
4.54671462355944,6.04325540131968,0.539364751625244,1264.09616666667,548,492
4.13167987443286,1.1603490764257,0.349667484572376,1264.73013333333,549,493
2.37428287211361,5.35347786773802,2.31196121259564,1265.03043333333,550,494
2.36630628391565,5.33745962323966,2.30849511894253,1265.0638,550,494
2.37162783069539,5.33972805651069,2.31202689674567,1265.09716666667,550,494
2.36293602200874,5.31965431946748,2.30628484047406,1265.13053333333,550,494
2.36053450476127,5.30968744856228,2.30403193134075,1265.1639,550,494
2.36041359279279,5.3005212611684,2.30353196511598,1265.19726666667,550,494
2.36292777284383,5.2979868936477,2.30659751531556,1265.23063333333,550,494
4.63244866265575,5.49030947029844,0.525349364365158,1265.7645,551,495
4.63842685191814,5.48256490745316,0.524747173417608,1265.79786666667,551,495
4.62917598678924,5.45752420764283,0.522803702829922,1265.83123333333,551,495
4.65026756030039,0.427293657405473,1.07095979787089,1266.69876666667,552,496
4.64184160227768,0.436249264989937,1.0712020015676,1266.73213333333,552,496
4.63712598745229,0.447220464438193,1.07018253883443,1266.7655,552,496
4.63293136196149,0.455945026341258,1.07143766021851,1266.79886666667,552,496
4.63245684613729,0.465189904627595,1.07134539787658,1266.83223333333,552,496
4.62425858827847,0.476544989647662,1.07182226985404,1266.8656,552,496
4.63034655746598,0.484833274312234,1.07485314350244,1266.89896666667,552,496
4.53357938849981,5.17409072431774,0.506817738466794,1266.99906666667,553,497
4.55767354282471,4.77314533023101,0.51272008931161,1268.33373333333,554,498
4.56467634052084,4.76820950183124,0.51295503507493,1268.3671,554,498
1.76520771118116,3.30057676085075,2.00743136944696,1268.70076666667,555,499
1.75874791234449,3.28618667714874,2.00302163095786,1268.73413333333,555,499
1.75140706395156,3.27024000542623,1.99704837135899,1268.7675,555,499
1.74562622302234,3.25487674479998,1.99073715046582,1268.80086666667,555,499
1.73940574415844,3.23879534172006,1.98386383643098,1268.83423333333,555,499
1.7359041243446,3.22458965233435,1.97896603696412,1268.8676,555,499
1.73207334169459,3.21007789260057,1.9770799489861,1268.90096666667,555,499
1.72697769198918,3.19717057046812,1.97532048825377,1268.93433333333,555,499
1.72139165825567,3.18439697012225,1.97479766954682,1268.9677,555,499
1.71655877385689,3.17574299796607,1.97593262932082,1269.00106666667,555,499
1.67733682632554,2.06640222081738,1.680359461097,1271.03643333333,556,500
1.67908913999552,2.05509133063505,1.68383694151702,1271.0698,556,500
1.67924881169595,2.04223396140092,1.68610189814147,1271.10316666667,556,500
1.68018238410139,2.03002422718447,1.68929055252025,1271.13653333333,556,500
1.68136794813343,2.01769497646983,1.69307653645921,1271.1699,556,500
1.68284270531012,2.00581352987678,1.69668079531835,1271.20326666667,556,500
1.68645024098512,1.99559960457865,1.70062239113566,1271.23663333333,556,500
1.68826482248133,1.98520892235159,1.70504669086205,1271.27,556,500
1.69171448354237,1.97548402973475,1.71102132234654,1271.30336666667,556,500
1.69268292718544,1.96577752508554,1.71427317721416,1271.33673333333,556,500
5.13523262589448,4.17303928174918,0.35005234066917,1272.50456666667,557,501
5.1848187398089,3.82488650837009,0.301589164016156,1274.40646666667,558,502
5.11916735678,3.48968529127839,0.3189257789807,1276.0748,559,503
5.12281515949164,3.47921262404763,0.319589277108638,1276.10816666667,559,503
4.30230482040328,1.52820392770488,-0.21612526854498,1276.1749,560,504
4.297507776263,1.52776387585533,-0.215650628137759,1276.20826666667,560,504
4.29837261133187,1.5214166991299,-0.219037949693885,1276.24163333333,560,504
4.29808070067348,1.51603619210863,-0.219184135662511,1276.275,560,504
4.29722192569774,1.51944785135465,-0.218499801042771,1276.30836666667,560,504
-1.92442709654604,-0.187026967289638,0.620821767823014,1282.71476666667,561,505
-1.92612257045334,-0.188170537358359,0.620627406890962,1282.74813333333,561,505
-1.92770649115752,-0.187884433924233,0.621330719148432,1282.7815,561,505
4.05953434409594,7.51223573632898,0.87970580733552,1286.25163333333,562,506
6.16208656332607,6.43460694185951,0.556960060713721,1296.4952,563,507
-1.90091349183498,-0.195935418497393,0.625632199162981,1308.27363333333,564,508
-5.34744465366965,5.25565686197704,2.32919671019915,1324.85686666667,565,509
-5.36767095040841,5.25126046042098,2.33826880290552,1324.9236,566,509
-5.33381727202012,5.21555853324185,2.3321619505011,1324.99033333333,567,509
-3.69775383835024,3.15087339649011,1.54059122616569,1328.46046666667,568,510
-3.68688172112022,3.13917010208788,1.53892404893073,1328.49383333333,568,510
-3.66299350617643,3.12411693964327,1.53785773442558,1328.5272,568,510
-3.63934481842085,3.10913249543752,1.53626591390308,1328.56056666667,568,510
-3.62433532034061,3.09688992238262,1.53980132040214,1328.59393333333,568,510
-3.61040816189384,3.08722286679723,1.54203223196834,1328.6273,568,510
-3.58985198061779,3.07593036489563,1.54131171866269,1328.66066666667,568,510
-3.57588593122064,3.06818208501757,1.53848916188172,1328.69403333333,568,510
-3.55828357137292,3.05774942551846,1.53609447994129,1328.76076666667,569,510
4.0171513256127,8.05298064127975,1.00730926801059,1329.56156666667,570,511
3.99432377261627,8.04047129671033,1.01827422740224,1329.59493333333,570,511
3.98541365995831,8.0512113644167,1.03063413606474,1329.6283,570,511
3.95882235333307,8.02611439571884,1.04217627661695,1329.66166666667,570,511
3.94794990192417,8.03319171275531,1.05599029675366,1329.69503333333,570,511
3.92129973865662,8.01033820293671,1.06649305272702,1329.7284,570,511
-2.98159235970792,2.5999713190039,1.46102165449604,1330.19553333333,571,512
-2.98355784512581,2.59301910158419,1.46458030688885,1330.2289,571,512
3.22083030504833,7.22729039298854,1.29858706903809,1331.5302,572,513
3.21659265061418,7.19546863098869,1.2944686625329,1331.56356666667,572,513
3.23233784133651,7.21174804772776,1.30466653084066,1331.59693333333,572,513
3.21912192616294,7.18187492559492,1.3040802423877,1331.6303,572,513
-2.92481333507288,1.86148749610236,1.63483286561284,1331.56356666667,573,514
-2.92722469996137,1.84044703051697,1.63732939015027,1331.59693333333,573,514
-2.92362912094701,1.82191703262867,1.63927504349509,1331.6303,573,514
-2.91981195708597,1.80159587838851,1.6409245686457,1331.66366666667,573,514
-2.92313157971276,1.78222795284819,1.64432953762049,1331.69703333333,573,514
-2.92612182803938,1.76219734444022,1.64727993276221,1331.7304,573,514
-2.92752582895549,1.7427650708117,1.65120123839187,1331.76376666667,573,514
-2.93497239385759,1.72333175139774,1.65494385489534,1331.79713333333,573,514
-2.93058228231807,1.70520696569086,1.65642615632592,1331.8305,573,514
-2.93459303351798,1.68797706566903,1.66007379014814,1331.86386666667,573,514
-2.5780542319201,1.01043844748584,1.54148903959348,1333.0317,574,515
-2.56181623035892,1.00278123214363,1.53959384498952,1333.06506666667,574,515
-2.5445969536681,0.995850057161538,1.53840514957717,1333.09843333333,574,515
-2.52929608737928,0.989420846648887,1.53918478162612,1333.1318,574,515
-2.51540182431744,0.981823697672785,1.53835752059444,1333.16516666667,574,515
-2.50072014197237,0.977300690812937,1.53805169968465,1333.19853333333,574,515
-2.48832811102124,0.972696201795107,1.53783232808061,1333.2319,574,515
-2.47681647587347,0.967930469677371,1.53749715532573,1333.26526666667,574,515
-2.46958687584401,0.965303680829195,1.5365673703505,1333.29863333333,574,515
-2.46133250092089,0.960903976273053,1.53456466144958,1333.332,574,515
-2.44660190505782,0.959011268040422,1.53037680377214,1333.36536666667,574,515
-2.43741036498164,0.956022368128841,1.52664304596778,1333.39873333333,574,515
2.74848129747775,6.03174526820766,1.07793207857494,1334.19953333333,575,516
2.7320726914043,6.00796882082198,1.07486824725619,1334.2329,575,516
2.73101693038026,6.01271999820594,1.07255569451606,1334.26626666667,575,516
2.72648105897471,6.00600329697452,1.07284382694891,1334.29963333333,575,516
2.7148196385345,5.99075111735567,1.07040905513881,1334.333,575,516
2.71353269884099,5.99267270627358,1.07075592619126,1334.36636666667,575,516
2.70121842113013,5.97606733866617,1.06808739940463,1334.39973333333,575,516
-1.50778381790501,0.434225974854904,1.10511991962603,1334.86686666667,576,517
-1.48759532999681,0.429967920335253,1.09839422818777,1334.90023333333,576,517
-1.46930286288048,0.426346894331179,1.09261895513197,1334.9336,576,517
-1.44959685570802,0.423557650235477,1.08601768527232,1334.96696666667,576,517
-1.43139086899508,0.420804817958726,1.08079406380674,1335.00033333333,576,517
-1.41439468955754,0.418265392777747,1.07411079436749,1335.0337,576,517
-1.3975670221659,0.41332955501229,1.06936755515938,1335.06706666667,576,517
-1.38262591772647,0.409173813386912,1.06421086238437,1335.10043333333,576,517
-1.36868619237647,0.404920423168911,1.05922991140109,1335.1338,576,517
-1.35613108745113,0.400598030477658,1.05538909052412,1335.16716666667,576,517
-1.34408914007592,0.395734116184457,1.05164185374529,1335.20053333333,576,517
-1.33537057535886,0.391320580010175,1.04779567691431,1335.2339,576,517
2.28674830582556,4.81713267473602,0.78553835787741,1336.5352,577,518
2.27559087191379,4.78875024603778,0.781532835539202,1336.56856666667,577,518
2.27446444616835,4.77384915330404,0.777796260400138,1336.60193333333,577,518
2.27282461577167,4.75525249256845,0.77190030512429,1336.6353,577,518
2.26793869741072,4.73684380966777,0.766198703144364,1336.66866666667,577,518
2.26724754154756,4.72293620681698,0.76345900687075,1336.70203333333,577,518
2.2632103927603,4.70887738161485,0.760344856736001,1336.7354,577,518
2.26185644001723,4.7026693144444,0.758432911333199,1336.76876666667,577,518
2.25459745012609,4.68947313793275,0.758039962436263,1336.80213333333,577,518
2.2423095312269,4.67046492214789,0.758252945544539,1336.8355,577,518
-0.505201774056804,0.173190885573696,0.650668337487734,1336.60193333333,578,519
-0.492960751141168,0.16928882225205,0.642799988936664,1336.6353,578,519
-0.484263039489288,0.164091494034523,0.63521223619395,1336.66866666667,578,519
-0.474687809300705,0.159853722378509,0.628143919524016,1336.70203333333,578,519
-0.461784509465922,0.157179967151255,0.621237096832104,1336.7354,578,519
-0.452900573929453,0.153443911715817,0.615812169299938,1336.76876666667,578,519
-0.445006326847355,0.149475679324117,0.611050806596261,1336.80213333333,578,519
-0.436076937267623,0.146738553963791,0.607769187342237,1336.8355,578,519
-0.429488813279899,0.143223143432886,0.60421828678896,1336.86886666667,578,519
-0.425405778327577,0.140317349620906,0.601357317604955,1336.90223333333,578,519
-0.129770133075202,-0.104340714286486,0.684157090951528,1338.00333333333,579,520
-0.116740530136492,-0.115808614238692,0.687953423033973,1338.0367,579,520
-0.103992686960258,-0.128150011930408,0.692565958128954,1338.07006666667,579,520
-0.0880348251372095,-0.137870220805824,0.696771819428845,1338.10343333333,579,520
-0.0736001811432935,-0.148796273458377,0.701542366502352,1338.1368,579,520
-0.0612228502685637,-0.15922625702289,0.704567640259155,1338.17016666667,579,520
-0.0501963713386814,-0.171521668632645,0.707100831129983,1338.20353333333,579,520
-0.043514024135991,-0.185339458621895,0.709102385226735,1338.2369,579,520
2.04194640109512,3.02517574502547,0.462369094343679,1339.2379,580,521
2.03596860812984,3.00504146772897,0.457479632171432,1339.27126666667,580,521
2.02610632272377,2.98288853581058,0.45436242447503,1339.30463333333,580,521
2.01651008248407,2.96043241271057,0.452845659093935,1339.338,580,521
2.00769474884278,2.93988922122064,0.452584609614793,1339.37136666667,580,521
2.00098646914312,2.92005053687741,0.451126951044402,1339.40473333333,580,521
1.99563179964194,2.9013177124213,0.450940387000444,1339.4381,580,521
1.99517737932003,2.88642634517914,0.451345704360918,1339.47146666667,580,521
1.99233617228927,2.86885871516611,0.453373640664955,1339.50483333333,580,521
1.99360447239162,2.85570118992489,0.455064355642167,1339.5382,580,521
1.9933389050962,2.84186499232827,0.457448020008496,1339.57156666667,580,521
1.99291418739923,2.82897705769278,0.461008603225749,1339.60493333333,580,521
0.426509599165423,-0.505569699527498,0.46641976922855,1339.50483333333,581,522
2.39513783824292,1.54462650659647,0.489291692947777,1341.7404,582,523
2.40262686492417,1.52651035818136,0.490421338420127,1341.77376666667,582,523
2.41304160824787,1.50752575094574,0.492017150167017,1341.80713333333,582,523
2.42323126294585,1.48985155330372,0.493052796786005,1341.8405,582,523
2.435932434431,1.47140163164473,0.495591589426061,1341.87386666667,582,523
2.44794577473656,1.45306129817564,0.497713436833476,1341.90723333333,582,523
2.46189798171723,1.43794024819062,0.500496896341462,1341.9406,582,523
3.56658944128368,6.98576502721083,1.14827798184722,1342.17416666667,583,524
3.57628246976885,6.98127517053317,1.14630498744054,1342.20753333333,583,524
3.90399955611366,5.73388923502286,0.999021952064249,1344.1428,584,525
3.91478064439176,5.71780330962441,0.996418177132959,1344.17616666667,584,525
3.9276499429946,5.70459934298201,0.994690777050617,1344.20953333333,584,525
3.94149059650517,5.69343031353131,0.992804420556114,1344.2429,584,525
3.95794987869465,5.68759212200971,0.992107714719754,1344.27626666667,584,525
4.45918839361464,4.82511256998616,0.791838940904994,1345.87786666667,585,526
4.46774904400331,4.81435533536731,0.793140036605718,1345.91123333333,585,526
4.48263078813018,4.77603648032023,0.794362994410083,1345.97796666667,586,526
4.50080606424452,4.76881520752826,0.797240292982117,1346.01133333333,586,526
0.762240126737934,-0.443219422613124,-0.0661027506410675,1348.0467,587,527
0.762593848500824,-0.444461916900434,-0.0672787755636571,1348.08006666667,587,527
0.762272961911949,-0.445702239154587,-0.0676440385126089,1348.11343333333,587,527
0.761922730937741,-0.44494725978524,-0.067375729907423,1348.1468,587,527
0.772478124703875,-0.448216857387181,-0.0526052666607101,1351.11643333333,588,528
0.772932706436465,-0.448719689508535,-0.0528162602570219,1351.1498,588,528
5.38929557414819,-1.28141290254232,0.655463945289119,1352.28426666667,589,529
5.39217717168793,-1.28640347512039,0.669361640068887,1352.31763333333,589,529
5.39244406500001,-1.28904923241737,0.679359003117608,1352.351,589,529
5.3809257514244,-1.28924948723238,0.690454871122664,1352.38436666667,589,529
5.37293055040405,-1.28735939012661,0.70115928922934,1352.41773333333,589,529
3.9955305753624,-0.138048261993943,1.2394210366163,1355.52083333333,590,530
3.98132315239085,-0.123107091487913,1.24165917085561,1355.5542,590,530
3.96389966109841,-0.107258771273488,1.24394500298514,1355.58756666667,590,530
3.94998963014809,-0.0920989979108618,1.24834813237559,1355.62093333333,590,530
3.9374898081562,-0.0802185677644355,1.25287765375957,1355.6543,590,530
3.91505561491169,-0.065716497198406,1.25687325133022,1355.68766666667,590,530
3.9040456375705,-0.0566845239062548,1.26078083720532,1355.72103333333,590,530
3.88991501862672,-0.0475778153937584,1.26611490039668,1355.7544,590,530
0.69631679380989,0.215381996796693,0.9079309002525,1359.0577,591,531
0.677013377730474,0.212804980582903,0.913967510470094,1359.09106666667,591,531
0.657448034438636,0.210717573361805,0.920639123542951,1359.12443333333,591,531
0.63801890172107,0.207474442549553,0.928710858347997,1359.1578,591,531
0.61960861508663,0.202640497984338,0.936936237608148,1359.19116666667,591,531
0.604763323337811,0.198026794391295,0.943992764765972,1359.22453333333,591,531
0.582146314495092,0.129645256701707,0.972141668011397,1359.358,592,531
0.572560079073656,0.123312775809345,0.978586043333924,1359.39136666667,592,531
0.564672796754127,0.119758809828655,0.979916527595763,1359.42473333333,592,531
0.307395042750554,-0.50774746832189,0.50932477399815,1361.4601,593,532
0.305947810088648,-0.506374298849108,0.501208846123435,1361.49346666667,593,532
0.306697834891146,-0.505453347998281,0.492446774969155,1361.52683333333,593,532
0.310107450873543,-0.501566752147091,0.483681317626918,1361.5602,593,532
0.312226594146116,-0.504346639289418,0.474286363867179,1361.59356666667,593,532
0.314592894081988,-0.504831461020487,0.465438233135981,1361.62693333333,593,532
0.316511786443592,-0.502081460631407,0.458315135597492,1361.6603,593,532
0.315680537282709,-0.501168296723069,0.452217238422139,1361.69366666667,593,532
0.31428666817361,-0.494409052367906,0.446957239158413,1361.72703333333,593,532
0.611798101188058,-0.210384917367915,0.0417779302048591,1364.22953333333,594,533
0.619344965612015,-0.200806035703751,0.0461017171192476,1364.2629,594,533
0.629257314209941,-0.202171394997608,0.0459936298874215,1364.29626666667,594,533
0.64020127665599,-0.196726062984742,0.0501829360501881,1364.32963333333,594,533
1.16892678883092,-0.35157932455634,0.284337418299663,1371.00296666667,595,534
1.17136638148297,-0.349179941094691,0.281509261486957,1371.03633333333,595,534
0.889372685989898,-0.216148571832616,0.0831236439805102,1373.53883333333,596,535
0.797938162404377,-0.446809352946208,0.0422412312967538,1375.4741,597,536
0.797104682290028,-0.448628672568785,0.0423606076605568,1375.50746666667,597,536
0.797792609616152,-0.447113538459484,0.0426442913922352,1375.54083333333,597,536
0.79969325812309,-0.450396313283415,0.041675158737614,1375.5742,597,536
0.798470347436358,-0.444590047362583,0.0446157319218639,1375.60756666667,597,536
0.832107551255943,-0.475484434302965,0.0192074458690333,1380.21216666667,598,537
0.831292081166022,-0.471991413178375,0.0210284632768395,1380.24553333333,598,537
0.830828707149186,-0.471740434961873,0.0211274703523056,1380.2789,598,537
0.832037086198484,-0.474681800995349,0.0194151345566814,1380.31226666667,598,537
0.83181021665039,-0.474222299156224,0.0201856251499969,1380.34563333333,598,537
2.17050228712607,8.62374187084358,1.36526771744743,1383.44873333333,599,538
2.16368388169334,8.6348897175081,1.37298771097685,1383.4821,599,538
2.1554532513624,8.63712549159558,1.37760652036389,1383.51546666667,599,538
2.15840962828842,8.66778251537777,1.38677698702122,1383.54883333333,599,538
2.1404434616569,8.62575356232598,1.38743824796322,1383.5822,599,538
2.1279637100334,8.63500466602045,1.39867101291476,1383.64893333333,600,538
0.832745736802727,-0.468090696419097,0.0396462713502446,1383.6823,601,539
0.834377974173272,-0.47214475573047,0.0383151571709275,1383.71566666667,601,539
0.833133404880524,-0.469672586846153,0.0394112472490058,1383.74903333333,601,539
0.833953028621589,-0.472560020752066,0.0382423293682123,1383.7824,601,539
0.832534842237984,-0.466219413723065,0.0413812158929869,1383.81576666667,601,539
0.83335989317013,-0.47115135701207,0.0393556226449018,1383.84913333333,601,539
0.833168328738551,-0.473067712295978,0.0377231596174853,1383.8825,601,539
0.831012230015144,-0.467355231203518,0.0518465672569515,1387.7864,602,540
0.830407913294848,-0.467506707323071,0.0514967156745885,1387.81976666667,602,540
0.830949452702325,-0.469633033060928,0.0505214100003993,1387.85313333333,602,540
0.831170163052703,-0.469960146865745,0.050426588144327,1387.8865,602,540
0.831787989549854,-0.471088382605269,0.0501067060437477,1387.91986666667,602,540
0.830805123299316,-0.469666547149784,0.0505362021944015,1387.95323333333,602,540
0.767484319114433,-0.477338800026748,0.0354652491419761,1402.3009,603,541
0.767316262672934,-0.477942419428852,0.0356779220726446,1402.33426666667,603,541
0.767375972992431,-0.477679288227012,0.0350930708799321,1402.36763333333,603,541
0.767427339212751,-0.476422304474647,0.036264804082331,1402.401,603,541
0.767677011616673,-0.477880981923913,0.0354944939071843,1402.43436666667,603,541
1.24643932661903,-0.436510817742438,0.610227534745122,1406.2048,604,542
-1.84985265224174,-0.126684802245242,0.566685286346723,1406.97223333333,605,543
-1.85435316359187,-0.128390863985461,0.565375825343589,1407.0056,605,543
-1.85238135936758,-0.128439580176033,0.566119818767015,1407.03896666667,605,543
8.77662078152565,-3.64332627241109,3.76642971060919,1407.07233333333,606,544
1.94778882449627,-0.382772080520118,0.886287405507022,1407.47273333333,607,545
1.96366336283273,-0.374337986033069,0.895461198522111,1407.5061,607,545
1.98541714133553,-0.371399611356457,0.90618952947079,1407.53946666667,607,545
1.99995048157068,-0.362417975107187,0.917145064833104,1407.57283333333,607,545
2.01622925029353,-0.35721152192156,0.928591759128355,1407.6062,607,545
2.0278706662445,-0.349993640156971,0.938602812543921,1407.63956666667,607,545
2.04169953817317,-0.346626499840956,0.950006173651412,1407.67293333333,607,545
2.05169444792085,-0.341963485853857,0.957958560573374,1407.7063,607,545
0.726153844491335,-0.316121809172909,0.0641958503211587,1417.14906666667,608,546
0.733239581693463,-0.309523453610613,0.0634601550782417,1417.18243333333,608,546
0.743208361373351,-0.306938724918321,0.0613742594114344,1417.2158,608,546
0.751319077100124,-0.299105153296546,0.0640139197137471,1417.24916666667,608,546
0.754624698616835,-0.297555483484301,0.0664416031975148,1417.28253333333,608,546
0.753611921218876,-0.297991188106593,0.0670111547470557,1417.3159,608,546
0.746509540243172,-0.2892637017477,0.0731342339634687,1417.34926666667,608,546
0.740256484292637,-0.28109757071725,0.0789644424232804,1417.38263333333,608,546
1.08181400386355,0.0375153327691146,0.550870566252241,1420.68593333333,609,547
1.09033244269708,0.0380745734309316,0.558173824726216,1420.7193,609,547
1.0975309334104,0.0388404136433675,0.565463726564878,1420.75266666667,609,547
1.10192174767313,0.0422352057293246,0.572970154778634,1420.78603333333,609,547
1.10967601511028,0.0409773795354806,0.580744443823105,1420.8194,609,547
1.11171500770269,0.0465352064193876,0.587515343194883,1420.85276666667,609,547
1.11814318835724,0.0468681579792952,0.594647367780017,1420.88613333333,609,547
1.11785063541735,0.0538658041756391,0.600297980535448,1420.9195,609,547
1.7522751723747,-0.222241768537017,0.730225569117382,1422.95486666667,610,548
1.7632265786759,-0.228666123215054,0.733275463889956,1422.98823333333,610,548
0.10753924234052,11.9184279201819,4.1211397165362,1428.16006666667,611,549
0.154696066602066,9.62316552802407,4.1087432078477,1431.06296666667,612,550
0.155726487071765,9.50880531868072,4.0679343671323,1431.09633333333,612,550
0.149561585991717,9.48902934615145,4.07081865868502,1431.1297,612,550
0.152744276171886,9.45043464593586,4.0648492618724,1431.16306666667,612,550
0.144888268939012,9.4036103766133,4.05889729519045,1431.19643333333,612,550
0.138321165331169,9.43670508589453,4.08171044995767,1431.2298,612,550
-0.583959318847429,6.68152453907934,3.08374011224462,1434.09933333333,613,551
-0.581629838297013,6.65325794232306,3.07242342907599,1434.1327,613,551
-0.587111931053584,6.64664149987402,3.07494461241599,1434.16606666667,613,551
-0.589615241314533,6.63647361204175,3.0721714873107,1434.19943333333,613,551
-0.589768862170849,6.62392110966321,3.0697179542897,1434.2328,613,551
-0.59314083040343,6.64502939634193,3.08096116576124,1434.26616666667,613,551
-0.588337507481995,6.62706209649904,3.07185634422377,1434.29953333333,613,551
-0.583525674494203,6.59327995827924,3.05432878945694,1434.3329,613,551
-0.582036991184261,6.57344387627222,3.04636153409167,1434.36626666667,613,551
0.104393946317783,6.05343985133408,2.25507597595628,1436.435,614,552
0.109456205080464,6.03126364617337,2.23934133434071,1436.46836666667,614,552
0.116571200608288,6.01883439997407,2.22580067770364,1436.50173333333,614,552
0.12278874986776,6.04016259773611,2.22494448596857,1436.5351,614,552
0.133538590938369,6.02613066691608,2.21088685929923,1436.56846666667,614,552
0.141612484991189,6.00119492802876,2.19506566927943,1436.60183333333,614,552
0.147084475013966,6.01077171729554,2.19374135943672,1436.6352,614,552
0.150947853851763,6.01467766053984,2.19060322925777,1436.66856666667,614,552
0.156888144482535,6.00139964494522,2.18031835167541,1436.70193333333,614,552
0.160160027674217,5.9603322503551,2.16328130804486,1436.7353,614,552
7.96063366868567,-2.20378603464254,4.91834208530363,1436.46836666667,615,553
0.253361295325873,5.10646662256913,1.676159520425,1438.80403333333,616,554
0.244432507957433,5.11302510490807,1.67605036377767,1438.8374,616,554
0.235961554831029,5.09437863106189,1.668994820878,1438.87076666667,616,554
0.226040247926985,5.08995078061674,1.6662830753393,1438.90413333333,616,554
0.213402152833834,5.07472269468271,1.66128820087524,1438.9375,616,554
0.201917034542371,5.07196632300203,1.65983131280128,1438.97086666667,616,554
0.189546068054876,5.05874986175946,1.65563684370772,1439.00423333333,616,554
0.177701194910822,5.03748713777938,1.64830619440907,1439.0376,616,554
0.165760194795449,5.0459482449292,1.64926417593977,1439.07096666667,616,554
0.154526839135396,5.04238064991294,1.64606020172648,1439.10433333333,616,554
0.144594186484198,5.01251544228899,1.63377330567862,1439.1377,616,554
0.132853876560485,5.01661642205147,1.62990709816593,1439.17106666667,616,554
0.0866014558081086,1.98732280237359,0.813548177459503,1446.81203333333,617,555
0.0803198610403468,1.98442554702052,0.814710360656807,1446.8454,617,555
0.0748061489047689,1.98268815234035,0.815449345692342,1446.87876666667,617,555
0.0684451326514774,1.97960881631647,0.816023780404421,1446.91213333333,617,555
-0.45681735592074,1.36374801887744,1.01161327408721,1448.6472,618,556
-0.464173706722368,1.35549118426891,1.01153870154466,1448.68056666667,618,556
-0.471052006534266,1.34747023575246,1.01182007885723,1448.71393333333,618,556
-0.47832610997545,1.33965977375996,1.01107415888617,1448.7473,618,556
-0.487709919916319,1.33253454706293,1.01041586545674,1448.78066666667,618,556
-0.496926762532058,1.32516980763873,1.01043386181848,1448.81403333333,618,556
-0.505807258833652,1.31893919664595,1.01067144510912,1448.8474,618,556
-0.514946812007278,1.31369327201422,1.01108884101473,1448.88076666667,618,556
-1.90188337474478,-1.33380753176948,1.08893204429154,1455.48736666667,619,557
-1.86673182102353,-1.3373440417689,1.07546135378933,1455.5541,620,557
-1.0803791317013,-1.41771021325483,0.892994981504369,1457.68956666667,621,558
-1.06542216090996,-1.40359370563799,0.89070399779849,1457.72293333333,621,558
-1.05180926898568,-1.39377522587074,0.888607304765166,1457.7563,621,558
-1.03977514011488,-1.38561698874677,0.885578413909882,1457.78966666667,621,558
-1.02725153331105,-1.37919589814217,0.882792982779988,1457.82303333333,621,558
-1.0147591155133,-1.37137303328373,0.877964649399471,1457.8564,621,558
-1.00441871952801,-1.36944487448761,0.874116926297955,1457.88976666667,621,558
-2.58948179095843,-2.74881654358024,1.36096137687155,1458.8574,622,559
-2.57023034197124,-2.72958073600984,1.35287637489372,1458.89076666667,622,559
-0.0501435003866886,1.30693912747996,1.10698061035744,1458.99086666667,623,560
-0.304545656101918,-1.49916455844141,0.70264013872448,1459.59146666667,624,561
-0.285777697043668,-1.48744895773519,0.698797065956777,1459.62483333333,624,561
-0.268117752342986,-1.48165323586533,0.694443225243862,1459.6582,624,561
-0.242383902107991,-1.45285311862246,0.688840330544001,1459.69156666667,624,561
-0.22052294624784,-1.43618474936153,0.683565982196839,1459.72493333333,624,561
-0.192877689633354,-1.39732964179708,0.678291703182088,1459.7583,624,561
-0.177231701837455,-1.39301931469381,0.675910159969333,1459.79166666667,624,561
-0.152869136433295,-1.3601102115559,0.672893417909802,1459.82503333333,624,561
-1.99863707085735,-1.93770594331745,1.37798176173066,1460.82603333333,625,562
-1.99222642943996,-1.93326180971551,1.3784489725186,1460.8594,625,562
-1.9657992079591,-1.91327777255976,1.37816228921593,1460.92613333333,626,562
-1.0390136555698,-1.21717707088351,1.24182902201543,1462.62783333333,627,563
-1.02715505651489,-1.20902859213308,1.2400798180213,1462.6612,627,563
-1.01818212770197,-1.20862924837205,1.24039689383941,1462.69456666667,627,563
-1.00610150148158,-1.2021612310378,1.23913710581235,1462.72793333333,627,563
-0.998976573198694,-1.20466694182695,1.24120352909881,1462.7613,627,563
-0.986683262794013,-1.19986250436683,1.23852472805149,1462.79466666667,627,563
1.61461986915849,0.611733438847104,0.391119618493377,1463.39526666667,628,564
1.63492637268873,0.621062139328825,0.385995841317925,1463.42863333333,628,564
1.65661721890162,0.630331394336347,0.37959183424487,1463.462,628,564
1.67695833970392,0.639226741074894,0.373733011160274,1463.49536666667,628,564
1.69775563571577,0.649654924457801,0.366859789655031,1463.52873333333,628,564
-0.183388440773109,-0.803597792605666,0.788232264762041,1464.8634,629,565
-0.171239483613171,-0.808362932990151,0.781759613036456,1464.89676666667,629,565
-0.158081255919835,-0.812229664859929,0.775157906327006,1464.93013333333,629,565
-0.144041775558593,-0.814814508774219,0.767544640280183,1464.9635,629,565
-0.131673992541211,-0.820500368529761,0.76223537477185,1464.99686666667,629,565
-0.117118632858991,-0.821105045227317,0.756214965257637,1465.03023333333,629,565
-0.101781618722443,-0.816478457816496,0.750882390752448,1465.0636,629,565
-0.0804392697130134,-0.800920772150089,0.74503684564483,1465.09696666667,629,565
-0.0660086346434332,-0.798716359143747,0.740442606757962,1465.13033333333,629,565
1.06944969706568,0.240446373831795,0.534135623330602,1466.8654,630,566
1.08588887310182,0.240230137934471,0.533231382133189,1466.89876666667,630,566
1.10406296275249,0.237441565111935,0.532925303214089,1466.93213333333,630,566
1.12546228448005,0.232473185898864,0.531878391227273,1466.9655,630,566
1.14555786826437,0.22820909817105,0.531007903573485,1466.99886666667,630,566
1.16455415529218,0.225005275976507,0.530567925594931,1467.03223333333,630,566
1.18189658311542,0.223086256071385,0.530404257719658,1467.0656,630,566
1.19935747149077,0.22254264739645,0.531360859867999,1467.09896666667,630,566
2.11420305459777,0.694814473621866,0.489884111110466,1468.80066666667,631,567
2.12145608012166,0.704932390874595,0.491250707861381,1468.83403333333,631,567
2.12706032331429,0.714152169975493,0.493004135408594,1468.8674,631,567
2.13727114935412,0.722487677556343,0.494307828195747,1468.90076666667,631,567
2.14594227216277,0.733569443249332,0.49657309950423,1468.93413333333,631,567
5.66929936701048,2.01764193936517,4.80923111554257,1489.12096666667,632,568
5.62546840260338,2.55204331119608,5.07702449926148,1490.55573333333,633,569
4.05093973950454,1.30496677275752,0.0449476360872819,1556.8553,634,570
4.03716349488165,1.30442638539782,0.0559330496644543,1556.88866666667,634,570
3.92701234341773,0.985528842250681,0.424453473357541,1558.29006666667,635,571
3.92497057767346,0.975775761161206,0.431507739499342,1558.32343333333,635,571
3.9184781063932,0.966481388492433,0.441277163457744,1558.3568,635,571
3.90985418167476,0.960367873922996,0.449554971395425,1558.39016666667,635,571
3.41049650098916,-0.32371655411537,0.427745614995259,1561.3598,636,572
2.81062956295794,-0.379698989038838,0.350939255829088,1563.29506666667,637,573
2.80478856133874,-0.375231214887867,0.351070843657281,1563.32843333333,637,573
2.79663249461972,-0.369174555448961,0.352773488825866,1563.3618,637,573
2.79161914376025,-0.364206508400021,0.352639045189216,1563.39516666667,637,573
2.78111161851622,-0.355305710516121,0.353054237503085,1563.42853333333,637,573
-2.22313434885403,-0.823225329058957,1.11200159714021,1564.3628,638,574
-2.21894312086723,-0.807154584205503,1.11279329530116,1564.39616666667,638,574
-2.21859299688263,-0.795039032089145,1.11502483595824,1564.42953333333,638,574
-2.21295563432463,-0.783355100005613,1.11791788210321,1564.4629,638,574
-2.21056144520396,-0.770947385485809,1.11876374170901,1564.49626666667,638,574
-2.21253850431735,-0.763887607418431,1.12399081502434,1564.52963333333,638,574
2.45602770055312,0.501292735584859,0.0926662787300768,1565.19696666667,639,575
2.46362927978631,0.511565644187216,0.0894736560155865,1565.23033333333,639,575
2.47457176325413,0.519904131748745,0.0856103588522541,1565.2637,639,575
2.48788714215677,0.529284249627794,0.0805104337371627,1565.29706666667,639,575
2.49820739191764,0.538932699618695,0.0777732700902921,1565.33043333333,639,575
2.50588647580677,0.547378519789994,0.07511787776081,1565.3638,639,575
2.50981868705929,0.557746110859227,0.0750981038370404,1565.39716666667,639,575
1.40751240592525,1.42780273158076,0.472189325836749,1565.43053333333,640,576
-1.65172975611508,0.39962836175239,1.15253066961798,1566.23133333333,641,577
-1.64305260775801,0.417456068966062,1.15222450247784,1566.2647,641,577
-1.63732301352572,0.434046397414442,1.15281152041841,1566.29806666667,641,577
-1.62947254068587,0.449245426210234,1.15418506040036,1566.33143333333,641,577
-1.6249960649811,0.46421523049169,1.15393600752068,1566.3648,641,577
-1.62234419565289,0.476148584428272,1.15425997908044,1566.39816666667,641,577
-1.61553985126423,0.490847811809919,1.15323375706833,1566.43153333333,641,577
-1.20919439706485,1.18282404072002,1.00030471642631,1567.6661,642,578
-1.19508706187961,1.20066455011236,0.9980009920668,1567.69946666667,642,578
-1.18189296557337,1.21825662972492,0.996272171018902,1567.73283333333,642,578
-1.16944327671863,1.23389599498503,0.99529176391568,1567.7662,642,578
-1.16064190419476,1.24816212011564,0.995433855359263,1567.79956666667,642,578
-1.15724671874263,1.25811465973235,0.995908534268733,1567.83293333333,642,578
-1.15144012305822,1.26885006562979,0.997321071744785,1567.8663,642,578
-0.488769263992584,1.88876019799684,0.970972218550964,1569.23433333333,643,579
-0.473555536486281,1.90142409765671,0.971812786212191,1569.2677,643,579
-0.461436794119508,1.91259185213702,0.973559425890396,1569.30106666667,643,579
-0.448139798450167,1.92354207991127,0.975218305111642,1569.33443333333,643,579
-0.436476539469958,1.93375586861961,0.977156369216985,1569.3678,643,579
-0.425478770939241,1.9447269358125,0.978959040692097,1569.40116666667,643,579
-0.417527508737641,1.95375970839976,0.980731659900904,1569.43453333333,643,579
2.5173170812333,0.704673156251058,0.127348479918635,1570.90266666667,644,580
2.51384015756423,0.706947262139116,0.129175019677789,1570.93603333333,644,580
2.51618507538489,0.708533536990827,0.12920742020811,1570.9694,644,580
2.51419640840531,0.710930001535048,0.130822587355291,1571.00276666667,644,580
2.51863462225432,0.711351177260163,0.129658249295787,1571.03613333333,644,580
0.545470444635715,4.09532152666359,1.17997888089071,1572.6711,645,581
2.40864683010117,0.761262692122202,0.246718768446453,1572.70446666667,646,582
2.40288173820753,0.765453606382709,0.248237361826454,1572.73783333333,646,582
2.39760638381812,0.767472409072782,0.249207590074671,1572.7712,646,582
2.3905285733931,0.770793838788245,0.249563658435403,1572.80456666667,646,582
2.38334651938488,0.772914215592944,0.250325279641478,1572.83793333333,646,582
2.11800603923315,0.826209341902214,0.28608223687675,1574.3728,647,583
2.10939546869443,0.828284250674269,0.28756295064812,1574.40616666667,647,583
2.0960587666479,0.83045319458992,0.28946910390507,1574.43953333333,647,583
2.08748260921397,0.832983870486737,0.291744903110388,1574.4729,647,583
2.0835000293151,0.834849077220791,0.292861573995533,1574.50626666667,647,583
2.07785338820055,0.837102875766469,0.294516029287327,1574.53963333333,647,583
2.07466913830748,0.839557007278009,0.294947509848665,1574.573,647,583
1.78955892760617,0.817440719615924,0.51880105637385,1576.10786666667,648,584
1.78072472739874,0.818694554114458,0.522515940796134,1576.14123333333,648,584
1.77311903528144,0.819848455183723,0.525264114594923,1576.1746,648,584
1.76702886171029,0.821127238101772,0.527868121521427,1576.20796666667,648,584
1.76120336640593,0.822175182043729,0.530117380166677,1576.24133333333,648,584
1.75529112514862,0.823122505879868,0.532149140801413,1576.2747,648,584
1.74742959292159,0.825103642338934,0.533971214672651,1576.30806666667,648,584
1.74277433085938,0.826393072078701,0.534781950482626,1576.34143333333,648,584
1.73766803888909,0.829147770578934,0.535373061265652,1576.3748,648,584
1.31956405810038,0.76113703992341,0.597860059274632,1577.90966666667,649,585
1.30835718870826,0.757564641874291,0.598294156065235,1577.94303333333,649,585
1.30005176064754,0.754576252426804,0.598872278908029,1577.9764,649,585
1.29164167764668,0.752049366593021,0.599399616677486,1578.00976666667,649,585
1.28393274002361,0.749742592632456,0.600074205535934,1578.04313333333,649,585
1.27586318691785,0.749064271551605,0.600778229184881,1578.0765,649,585
1.26658237738717,0.748512395801583,0.601475011772489,1578.10986666667,649,585
1.25859058476138,0.748623270450184,0.601448765101059,1578.14323333333,649,585
1.25163109950219,0.748595346887881,0.601221414409385,1578.1766,649,585
1.2438804964425,0.747824995626693,0.600798089224601,1578.20996666667,649,585
1.23862824715311,0.747235811027552,0.600671085530408,1578.24333333333,649,585
1.23539509028747,0.746910728088357,0.600432654869026,1578.2767,649,585
0.817552126147499,0.488904105030397,0.799713143686954,1579.6781,650,586
0.810832757957213,0.483687624704031,0.806007484706814,1579.71146666667,650,586
0.805250223102954,0.477594431200382,0.812712420585706,1579.74483333333,650,586
0.800020604449045,0.470858981544017,0.819530350231303,1579.7782,650,586
0.794744773534861,0.462882916297796,0.826955512532251,1579.81156666667,650,586
0.789563735265623,0.453789793802474,0.834335044871816,1579.84493333333,650,586
0.78521004845889,0.442984471247308,0.842414386542231,1579.8783,650,586
0.781447154795535,0.43109924711258,0.850706911344601,1579.91166666667,650,586
0.778086643063612,0.418714065913568,0.8596362544395,1579.94503333333,650,586
0.774555799939538,0.408011889055053,0.866593303288509,1579.9784,650,586
0.772806039641745,0.39700553135384,0.875650074538691,1580.01176666667,650,586
0.387448801319934,-0.247295939125181,1.2016004293853,1581.61336666667,651,587
0.383081800178387,-0.254030344933163,1.20747878424062,1581.64673333333,651,587
0.378000033247332,-0.265859708336449,1.2163151829818,1581.6801,651,587
0.37195988949594,-0.28179822727098,1.22643008189739,1581.71346666667,651,587
0.366290397443194,-0.300930267000517,1.23907570946024,1581.74683333333,651,587
0.361370441577878,-0.31971939819583,1.24966887622547,1581.7802,651,587
0.358251033394756,-0.336123478913591,1.25960109980331,1581.81356666667,651,587
0.351797673655638,-0.361585324520291,1.27310373523175,1581.84693333333,651,587
5.94934577648174,1.70947953332647,1.25239181289962,1585.15023333333,652,588
5.6830477837592,1.2552132773777,1.65046879902074,1586.8853,653,589
5.01501872573021,1.46720170607753,2.19935584240278,1589.1876,654,590
5.01427242435617,1.46992939215755,2.21210878043851,1589.22096666667,654,590
4.33642420710754,1.62145593815976,2.80783265995734,1591.62336666667,655,591
4.33556603907307,1.62812341832291,2.82059952762534,1591.65673333333,655,591
2.99697236425135,1.88236472777095,3.11469001602028,1594.22596666667,656,592
2.99065366842704,1.88382808808524,3.12276006124459,1594.25933333333,656,592
2.98309214731883,1.88448674234923,3.1322082067964,1594.2927,656,592
1.58030921703722,2.039728346659,3.48268195720737,1596.86193333333,657,593
1.57594886858213,2.04780857189324,3.49435946252232,1596.8953,657,593
1.57349441355541,2.05535561887138,3.51158970876531,1596.92866666667,657,593
1.57576484626676,2.06356274628944,3.52763620855975,1596.96203333333,657,593
1.02820466776826,2.15426024639726,3.7520580248581,1598.93066666667,658,594
1.02809995839386,2.15325980891566,3.7551594630429,1598.96403333333,658,594
-3.52427061933525,-0.985362521841633,1.51800050570094,1626.25796666667,659,595
-3.52183494480329,-0.979865278146819,1.51340727717407,1626.29133333333,659,595
-2.95715697009202,0.0999519056417609,1.51182938051036,1628.36006666667,660,596
-2.96131632625293,0.114583897463613,1.51482676904472,1628.39343333333,660,596
-2.96504678956286,0.128066325526709,1.52034884400482,1628.4268,660,596
-2.9661943143875,0.140256611653273,1.52493935138415,1628.46016666667,660,596
-2.966492151652,0.153709765742874,1.52743434099028,1628.49353333333,660,596
-2.96768227470187,0.166678617920732,1.53207855254543,1628.5269,660,596
-2.59051751954216,1.23628054805106,1.73437135271723,1630.46216666667,661,597
-2.59262500161183,1.25002622580299,1.73869918818139,1630.49553333333,661,597
-2.59546843201497,1.26392063172469,1.74240040052152,1630.5289,661,597
-2.60339087203408,1.27579494713212,1.74984430451607,1630.56226666667,661,597
-2.60220188293272,1.29036514460229,1.75062151014664,1630.59563333333,661,597
-2.60458785807751,1.30372613538385,1.75679540287923,1630.629,661,597
-2.2657119334405,2.27139409004827,1.56657666661971,1632.76446666667,662,598
-2.27584926830282,2.28605486316303,1.57012565110623,1632.79783333333,662,598
-2.29286511309884,2.30119941124443,1.57548914323014,1632.8312,662,598
-2.30534701591097,2.3164824965217,1.58252335305523,1632.86456666667,662,598
0.716900560585293,7.89222729423852,2.86220996248235,1636.7351,663,599
-2.72600662536785,3.72632064862795,1.9489058052315,1637.0354,664,600
0.569179894236851,2.28085954996667,0.769272574466424,1638.70373333333,665,601
-0.986351107449234,7.15687257433197,3.29419435531331,1642.80783333333,666,602
-2.34605375374595,6.11332590863112,2.88032783283747,1648.51353333333,667,603
-2.32165951877453,6.08189174264043,2.8686360507304,1648.5469,667,603
-2.30251743395271,6.05926601652263,2.86624996168135,1648.58026666667,667,603
-0.464888692211771,4.64934067467196,2.0401174289744,1650.68236666667,668,604
-0.448110222558902,4.66951976095002,2.04797189508461,1650.71573333333,668,604
-0.436467713355147,4.70349705067551,2.0608289036096,1650.7491,668,604
-0.431317996150833,4.75537998667238,2.08396724275693,1650.78246666667,668,604
1.75623372504585,4.68705488520653,1.32713792672187,1653.1515,669,605
1.77620645792577,4.66793474129218,1.31372992018235,1653.18486666667,669,605
1.78663156550468,4.62696804195357,1.29605518384437,1653.21823333333,669,605
1.79429427401784,4.58175447476949,1.27971892906649,1653.2516,669,605
1.80509415754238,4.54385756642321,1.26542531457529,1653.28496666667,669,605
2.83501290356372,3.50448905753269,0.668599119468702,1655.08676666667,670,606
2.83704300981786,3.47140177625097,0.660613033995948,1655.12013333333,670,606
2.83204689260536,3.43697902227853,0.653498180081375,1655.1535,670,606
2.82657980539049,3.40226036085216,0.648681165877954,1655.18686666667,670,606
3.34073452998041,2.24904955998329,0.37992481122416,1656.8552,671,607
3.34274010645191,2.2230187089101,0.378303889734159,1656.88856666667,671,607
3.3431801223518,2.19709931405948,0.378919908808466,1656.92193333333,671,607
3.33828452228121,2.17045208809853,0.380446266970635,1656.9553,671,607
3.85965626736915,0.634404354782616,0.399772574766745,1658.7571,672,608
3.84384459180626,0.61330036197248,0.399536074768913,1658.79046666667,672,608
3.86517438559585,0.578091779183506,0.398736814609587,1658.82383333333,672,608
3.86959875085345,0.553343536854697,0.397571626366279,1658.8572,672,608
3.84634738269286,0.531159536793887,0.399020885219115,1658.89056666667,672,608
0.296328582852887,2.12549688241975,1.56246020120779,1683.11476666667,673,609
0.881967277265227,-1.3988596249702,3.25928890490427,1685.91756666667,674,610
0.883342491129609,-1.40727522881243,3.2480169264453,1685.95093333333,674,610
0.507326011030059,-2.39799073134288,3.22628823990476,1687.8862,675,611
0.494680790363943,-2.41668404215332,3.23169498855129,1687.91956666667,675,611
5.62766753913479,-0.473655476185713,1.75747616903182,1717.44906666667,676,612
5.6749879616044,-0.477601028382331,1.76004280798522,1717.48243333333,676,612
5.70905393580826,-0.474369684513004,1.76360914030569,1717.5158,676,612
1.89489999973515,11.9327286669279,4.50922426187299,1750.3486,677,613
1.91453749569519,11.8995494055619,4.51749982771409,1750.38196666667,677,613
1.92565104884014,11.7559685998022,4.49422914489211,1750.41533333333,677,613
-0.299518594973261,7.18811005773938,3.36222373834453,1753.88546666667,678,614
-0.32851262955343,7.3460929968255,3.42192883623735,1753.91883333333,678,614
2.9748566816397,5.92906894772277,0.920418188504954,1777.4757,679,615
2.49780228404707,5.71213874494136,0.656065399044408,1779.74463333333,680,616
2.49475821948704,5.69212685351723,0.646280277686457,1779.778,680,616
2.35722493127394,6.04940475251877,1.22892517007944,1786.15103333333,681,617
2.11889812168308,5.676223494018,1.34251129727756,1788.05293333333,682,618
2.10913498804452,5.652988625983,1.34102711129776,1788.0863,682,618
2.27861896897235,5.26882299068883,1.24652293428047,1790.4887,683,619
2.28008508392739,5.25502618119399,1.24233227770075,1790.52206666667,683,619
2.29586240404325,5.26065420619895,1.24390618386047,1790.55543333333,683,619
2.46332649322463,4.41383893746411,0.990062672650105,1792.72426666667,684,620
2.46080995388281,4.40132154173556,0.987454397737099,1792.75763333333,684,620
2.45838261970671,4.39038016196741,0.983787664788492,1792.791,684,620
2.45444284618225,4.37665969186272,0.977400077890005,1792.82436666667,684,620
2.40638716919487,3.67376776321645,0.556130304196384,1794.793,685,621
2.40652089144002,3.66782119464043,0.551532751508295,1794.82636666667,685,621
2.40433177911719,3.66104051724025,0.545219291191749,1794.85973333333,685,621
2.40487866092443,3.65669890194142,0.541475714857513,1794.8931,685,621
1.9634536270007,3.18205587189123,0.570221663424895,1797.02856666667,686,622
1.95562305379136,3.17899506978655,0.569462999307051,1797.06193333333,686,622
1.94853448020246,3.17729373530098,0.569290711837714,1797.0953,686,622
1.93666811746929,3.173458981865,0.568184857734551,1797.12866666667,686,622
1.26127197051335,3.32063919532888,0.792025160001753,1799.13066666667,687,623
1.25775842200786,3.33489640633758,0.794910837270912,1799.16403333333,687,623
1.2547909444902,3.3502156961054,0.798346040720077,1799.1974,687,623
1.25281484650993,3.36622350757956,0.80190844477039,1799.23076666667,687,623
1.25052189275559,3.38004501266144,0.805666130090152,1799.26413333333,687,623
1.24422190340239,3.39112046946994,0.808609669465168,1799.2975,687,623
0.662413030943407,3.65343335657467,1.10293020085377,1801.16603333333,688,624
0.65879918401267,3.67494471472077,1.11079697890745,1801.1994,688,624
0.659113014746343,3.71210032278458,1.12233600025527,1801.23276666667,688,624
-0.800453735388872,8.83887539987615,3.82822760106408,1811.04256666667,689,625
-0.821777249261237,8.93246841800174,3.87468951613149,1811.07593333333,689,625
-0.819333847805574,8.8925058336118,3.8587930720107,1811.1093,689,625
0.543193264458352,9.14896258008333,2.94213738916129,1812.37723333333,690,626
0.237549375496497,2.42912988640154,1.01326327467139,1812.57743333333,691,627
2.33054641567328,6.74317570039475,1.36673220945391,1815.48033333333,692,628
2.32013537191009,6.668949223359,1.35130061029752,1815.5137,692,628
2.31504762023912,6.6278898602802,1.3398285930115,1815.54706666667,692,628
2.88449866903441,5.7197791367898,0.741577153326487,1818.0162,693,629
2.87888639996672,5.70779433172015,0.737547800406156,1818.04956666667,693,629
2.87269968512569,5.69499277299605,0.733210746589544,1818.08293333333,693,629
2.80870225689008,5.1624168109721,0.919566134758132,1820.08493333333,694,630
2.82280666261049,5.16769651197271,0.922234104265944,1820.1183,694,630
2.82805632814574,5.16602666370617,0.922846917699431,1820.15166666667,694,630
2.83615641085102,5.16149592057907,0.925035495324686,1820.18503333333,694,630
2.50684905973103,3.8362698330319,0.600794319448207,1822.55406666667,695,631
2.49958837943355,3.81930456483442,0.597901138162937,1822.58743333333,695,631
2.49856758642168,3.80850392853608,0.595229591487987,1822.6208,695,631
2.49139300907059,3.79272896388692,0.59168573244591,1822.65416666667,695,631
2.40358089094732,2.30166578226511,0.412904798049046,1825.08993333333,696,632
2.38634221221167,2.27890609430422,0.414719453261781,1825.1233,696,632
2.36523394250895,2.25491252684563,0.416392085052614,1825.15666666667,696,632
2.34725766547397,2.23469454315662,0.416708744131058,1825.19003333333,696,632
2.33475828638366,2.21823832569704,0.417374615390606,1825.2234,696,632
2.32262935589973,2.20593674922183,0.418577195202787,1825.25676666667,696,632
2.3202931899194,2.19685223106071,0.416311437810147,1825.29013333333,696,632
1.84121822001204,0.921960009516121,0.450476665541481,1827.65916666667,697,633
1.83301400137226,0.913052202038944,0.451592460677301,1827.69253333333,697,633
1.82347662072237,0.904015391595106,0.452534797140973,1827.7259,697,633
1.8154144403356,0.895308452330584,0.453203218118443,1827.75926666667,697,633
1.8078540952032,0.886719618742925,0.453132233275019,1827.79263333333,697,633
1.80121448120828,0.877315840558814,0.453695131360363,1827.826,697,633
1.79435218714104,0.868184752335764,0.453932188147343,1827.85936666667,697,633
1.79069948226794,0.858705296261331,0.453704884283075,1827.89273333333,697,633
1.78312414436497,0.848559797735386,0.453707838391927,1827.9261,697,633
1.77539797588555,0.840117268240351,0.452785638524099,1827.95946666667,697,633
-0.0588288853644766,-0.590049974915205,0.728313445890316,1832.69753333333,698,634
-0.0717972449534011,-0.606362901266715,0.733301111581639,1832.7309,698,634
-0.0819075302037009,-0.615306643427688,0.736826832473113,1832.76426666667,698,634
-0.0924616953916024,-0.625881805453338,0.740843496531203,1832.79763333333,698,634
-0.100124745491431,-0.631584388492243,0.742671749197326,1832.831,698,634
0.314725266307879,0.630812005134733,0.678865188303123,1832.89773333333,699,635
-3.41934283933955,6.35713324706631,2.48791272183899,1851.11593333333,700,636
-1.92456306285879,5.48629690112786,2.26116204654501,1853.5517,701,637
-1.89307133868542,5.45864865063262,2.25369438276511,1853.58506666667,701,637
-1.86468919933464,5.43633012528746,2.24915106575798,1853.61843333333,701,637
-1.84780962174946,5.43550367345222,2.25322889172131,1853.6518,701,637
-1.80428077266013,5.39350501549647,2.24096777300625,1853.68516666667,701,637
-1.7893480985825,5.39515616516926,2.24432485044647,1853.71853333333,701,637
-1.79493397080801,5.42649547194658,2.2656523250895,1853.7519,701,637
-0.493096673873803,4.38836352170177,1.67919654787755,1856.48796666667,702,638
-0.494696115323452,4.40777757555287,1.68689838275159,1856.52133333333,702,638
-0.490574212854243,4.41116421503623,1.68768737978956,1856.5547,702,638
-0.491725487864486,4.4292559281725,1.69458239445419,1856.58806666667,702,638
-0.480299872977246,4.41772437932815,1.69119985752911,1856.62143333333,702,638
-0.464758265659975,4.38954377891774,1.68169181732058,1856.6548,702,638
0.226787469649831,4.39690308428691,1.79678495344602,1858.28976666667,703,639
0.229558590680554,4.48409545619095,1.83508408858354,1858.32313333333,703,639
0.230581319376757,4.56001320622578,1.87015965787692,1858.3565,703,639
0.23504007788078,4.63215967555968,1.90193978265633,1858.38986666667,703,639
0.239153858667989,4.70156281480934,1.93415392070943,1858.42323333333,703,639
0.244164145103194,4.78709327382474,1.97266987929922,1858.4566,703,639
0.320740776117215,3.78248313840716,1.65646735962138,1858.48996666667,704,640
0.337060991338406,3.76696328473518,1.65624201168865,1858.52333333333,704,640
0.350965525616152,3.74293407745921,1.65138028072727,1858.5567,704,640
0.367543718047823,3.71402794765137,1.64293047919138,1858.59006666667,704,640
0.382642743425529,3.68884869768745,1.63675722987711,1858.62343333333,704,640
7.95695574680297,1.46027237339287,2.88409658665032,1860.4586,705,641
-0.72689700047242,8.05776542625653,3.55572212702079,1860.69216666667,706,642
0.753742699759854,1.14900776027139,1.15276793376069,1861.79326666667,707,643
0.75784070833877,1.12672223607384,1.15185133240401,1861.82663333333,707,643
0.76206807262084,1.10615510973282,1.15136554006074,1861.86,707,643
0.766707354624375,1.0857783608373,1.15021210751161,1861.89336666667,707,643
0.771522709876578,1.06675207421796,1.14898437517571,1861.92673333333,707,643
0.776853960204665,1.04906172447012,1.14793880062335,1861.9601,707,643
0.783227632047455,1.03235980052322,1.14733800796485,1861.99346666667,707,643
0.790005682237885,1.0163560690875,1.14720882379933,1862.02683333333,707,643
0.797387881516862,1.00187199056242,1.14798621117717,1862.0602,707,643
0.804639672249878,0.98700113137891,1.14815294170954,1862.09356666667,707,643
-1.14766512687527,7.94336001646314,3.53082852721444,1863.59506666667,708,644
-1.1263536706895,7.89583721454719,3.5219821667584,1863.62843333333,708,644
-1.09724281955722,7.80704221321198,3.48927987062058,1863.6618,708,644
1.69302980766692,-0.314143652898947,0.83501400332632,1864.52933333333,709,645
0.238814532128963,6.75694405602809,3.70592105117913,1866.49796666667,710,646
0.254587046163886,6.76996813504444,3.73483189781037,1866.53133333333,710,646
0.267372638975623,6.72801355953411,3.72661234636118,1866.5647,710,646
0.281557605467826,6.71989295279482,3.74353938432763,1866.59806666667,710,646
0.433708582507484,2.98506515725746,1.22026124417382,1866.63143333333,711,647
0.434058287660398,2.99223942818831,1.22544119001033,1866.6648,711,647
2.81022601203334,-0.234119286657079,0.303802619250842,1867.1653,712,648
2.82532744294569,-0.231273616463849,0.297502365999212,1867.19866666667,712,648
2.83566950562443,-0.225385652348208,0.293038750264953,1867.23203333333,712,648
1.12899582382159,4.33077180303349,3.19806109804696,1868.83363333333,713,649
1.14438042423881,4.33033523510833,3.21314408110491,1868.867,713,649
1.15344245588016,4.31412673732266,3.21453062476146,1868.90036666667,713,649
1.16665162384256,4.30197916712389,3.22278132044188,1868.93373333333,713,649
1.17681138468495,4.28032322771272,3.22201034581675,1868.9671,713,649
1.18550874932127,4.25598037639115,3.22030775824501,1869.00046666667,713,649
1.19467696869327,4.23688353232011,3.22309368462214,1869.03383333333,713,649
1.2004026765638,4.20681512849565,3.21560536193639,1869.0672,713,649
1.20370120715797,4.17688280337304,3.20499410171268,1869.10056666667,713,649
1.33309369659378,7.35149314581186,2.33937326346841,1870.43523333333,714,650
1.79328162403415,2.45883987702961,2.61777356583273,1871.40286666667,715,651
1.79524899204119,2.43959684397734,2.61641238974433,1871.43623333333,715,651
1.79840632978195,2.41991059786801,2.61693382901318,1871.4696,715,651
1.80004227330438,2.40033175996809,2.61538053307768,1871.50296666667,715,651
1.80272647851565,2.38043206637194,2.61540824421166,1871.53633333333,715,651
1.8066162315207,2.36000850926302,2.61766010030615,1871.5697,715,651
1.80945804282233,2.34000185014447,2.61720574283879,1871.60306666667,715,651
1.80867830285472,2.31853091110982,2.61388900028992,1871.63643333333,715,651
1.80928057145114,2.29791380822048,2.6114455490283,1871.6698,715,651
1.80887099396688,2.27780462469091,2.6078507799328,1871.70316666667,715,651
1.49152318849588,6.02600870487786,1.90913453140021,1872.33713333333,716,652
-0.170989161886582,-4.84690037862744,1.49801423702669,1873.83863333333,717,653
0.400137466323123,0.944135390028488,0.791133613085043,1873.872,718,654
0.400400267551766,0.942212830795021,0.792007130484513,1873.90536666667,718,654
1.62002099413503,5.41088649408597,1.706647607082,1874.00546666667,719,655
1.61101159467564,5.36271488452139,1.6936109703545,1874.03883333333,719,655
1.60736471895658,5.32208865398515,1.68186382912725,1874.0722,719,655
1.59084025352313,5.25104492386785,1.66317127590059,1874.10556666667,719,655
1.59713907240332,5.2326686029074,1.65719945929873,1874.13893333333,719,655
-0.429618312135236,-3.95313088239432,2.18753716362135,1876.0742,720,656
0.290204496919073,0.232975190679571,1.21289485277039,1876.10756666667,721,657
0.577196917292008,-1.33659830447279,3.39302054848126,1876.14093333333,722,658
0.562179209225348,-1.37095465915947,3.42050744631272,1876.1743,722,658
0.545232481718514,-1.39950226206377,3.44285222164714,1876.20766666667,722,658
0.530761092148771,-1.42274210808535,3.45807814154651,1876.24103333333,722,658
0.514237172741464,-1.44014193221912,3.46619639587336,1876.2744,722,658
0.500670093908686,-1.45466417702362,3.47540655371118,1876.30776666667,722,658
1.8729988844743,4.12936872959724,1.01660447347594,1876.7749,723,659
1.87524109233005,4.11534596844791,1.01048980728001,1876.80826666667,723,659
1.87148485767463,4.0931524073436,1.00302465038706,1876.84163333333,723,659
1.86873364409508,4.0733205187435,0.996689559340372,1876.875,723,659
1.87140139470028,4.05847813135979,0.991190822164836,1876.90836666667,723,659
-0.457402960317598,-3.8353647639115,2.64217388495903,1878.04283333333,724,660
1.9637565966804,3.3538933561047,0.595181823056809,1879.04383333333,725,661
1.95826801361068,3.33543618255645,0.591451325952245,1879.0772,725,661
1.95185926271601,3.31601740335025,0.58769970678597,1879.11056666667,725,661
1.94415303425631,3.29703327617281,0.58476789995862,1879.14393333333,725,661
-1.41761813919975,-2.3785231986144,4.28490137096967,1879.4776,726,662
-1.43689723699634,-2.38872733821872,4.30593688278861,1879.51096666667,726,662
0.0555373059122267,-2.98790400825831,1.94647743297697,1880.6788,727,663
0.0527335144305151,-2.99135330379354,1.94460779706325,1880.71216666667,727,663
0.380578571445842,0.664099409663837,0.863373990084942,1880.74553333333,728,664
1.43686546099825,2.72336366342168,0.339806921308011,1881.5797,729,665
1.43322060070038,2.72636627327688,0.339897602789553,1881.61306666667,729,665
1.42850373993561,2.72828952075773,0.339299139912559,1881.64643333333,729,665
1.4240894239078,2.72922298610811,0.339647115697827,1881.6798,729,665
1.42018984958165,2.73020851312229,0.338762056232392,1881.71316666667,729,665
0.757652829895511,2.57956116859102,0.452948352354236,1883.41486666667,730,666
0.751656046835843,2.57701812001839,0.455326433099829,1883.44823333333,730,666
0.743814153785303,2.57454557833267,0.456750920315411,1883.4816,730,666
0.737217287299115,2.57316885893356,0.457701657972994,1883.51496666667,730,666
0.730703906113278,2.57208394732031,0.459045608109266,1883.54833333333,730,666
-3.09585505314781,-2.23004751579676,6.20108994335939,1884.5827,731,667
-3.40450469663754,-1.9266310975739,6.39142745341552,1888.11956666667,732,668
5.38699546505917,2.25340368516572,0.423072006690079,1893.3915,733,669
4.28608228318131,1.81305391298441,0.445902717767115,1896.32776666667,734,670
4.26977635824808,1.8095427904828,0.448806308262054,1896.36113333333,734,670
4.24900904941417,1.80692751019919,0.450895747854308,1896.3945,734,670
4.23200636514759,1.8042586620215,0.45162256157992,1896.42786666667,734,670
4.21463116044722,1.80142201235919,0.452442837563112,1896.46123333333,734,670
4.19846713535075,1.79935700594277,0.454843194648559,1896.4946,734,670
3.54498533596754,1.67120656607429,0.752989156498157,1898.1963,735,671
3.52809819146635,1.66271926277426,0.758150756153177,1898.22966666667,735,671
3.50380958223013,1.65083932979987,0.762746336613819,1898.26303333333,735,671
3.47730854099568,1.64110867750652,0.768450213555854,1898.2964,735,671
3.45837067437919,1.63054575386219,0.773256927540316,1898.32976666667,735,671
3.44076919001835,1.62328249980023,0.778416459777731,1898.36313333333,735,671
3.42804759060841,1.61433371003174,0.783019211559755,1898.3965,735,671
3.41155522295584,1.60670442752761,0.788627470406881,1898.42986666667,735,671
3.39614112942124,1.60260563280904,0.79199283742426,1898.46323333333,735,671
3.38336665858034,1.59786463279318,0.796785625064893,1898.4966,735,671
-1.30628244061171,-0.181172687894858,1.54791845193442,1898.3965,736,672
-1.30781147819425,-0.172692029375921,1.5453445173292,1898.42986666667,736,672
-1.30811700895717,-0.164212960916536,1.54345778597039,1898.46323333333,736,672
-1.30683971461825,-0.155750904432125,1.54001390833418,1898.4966,736,672
2.62158931936967,0.966717593931108,0.819763983346441,1900.83226666667,737,673
2.60810792969013,0.957858478258706,0.816401190063131,1900.86563333333,737,673
2.59183177253258,0.950339787076576,0.813284451192638,1900.899,737,673
2.57754690635263,0.943461808239669,0.810602912680228,1900.93236666667,737,673
2.55708867462861,0.937494680687143,0.809436765716002,1900.96573333333,737,673
2.53983926895644,0.931233128283267,0.807432328659127,1900.9991,737,673
2.52406711253695,0.925237636824643,0.805878679754989,1901.03246666667,737,673
2.5079448227321,0.919744789545589,0.804078822393268,1901.06583333333,737,673
2.50152904784172,0.912673900439447,0.804131866231064,1901.0992,737,673
-1.75231676607138,2.21825394716894,0.963615260210183,1901.7999,738,674
-1.77380391502368,2.23601604181681,0.964225530701084,1901.83326666667,738,674
-1.79546827833292,2.25427319967556,0.965975647796928,1901.86663333333,738,674
-1.52193440705363,2.73727425096603,1.08802814489047,1903.53496666667,739,675
-1.53033882670596,2.7535961391934,1.09393036374544,1903.56833333333,739,675
0.106264420840319,1.13321101463364,0.298126338033703,1905.57033333333,740,676
-0.0854869183345781,2.01789552232316,1.08169083428678,1906.1042,741,677
-1.07760810309306,3.93867691805637,1.64597956105169,1906.3044,742,678
0.613748179304333,-0.481320603659873,1.01222500067661,1907.13856666667,743,679
0.61120354883268,-0.491284008736108,1.02180979751368,1907.17193333333,743,679
0.60927797920848,-0.50254998611434,1.0318726455251,1907.2053,743,679
0.606532293299826,-0.514773016313065,1.04360354913914,1907.23866666667,743,679
0.604375235149602,-0.522787339083101,1.05339213170058,1907.27203333333,743,679
0.601348052880118,-0.524356989511009,1.06092648801425,1907.3054,743,679
0.124218331514438,2.15231011707558,1.12007396914384,1907.17193333333,744,680
0.126563666396644,2.15459882442875,1.12605099120492,1907.2053,744,680
0.129269526177197,2.15726980536194,1.13243739727713,1907.23866666667,744,680
0.131039091389967,2.16035538385661,1.13714063537164,1907.27203333333,744,680
0.0765182462191295,1.93462576829829,1.47103344115909,1908.7068,745,681
0.0745826384841064,1.92900345023631,1.4811174835243,1908.74016666667,745,681
0.0730121219261962,1.92383304815676,1.49061926806047,1908.77353333333,745,681
0.0725208034365729,1.91937432788531,1.49928975897307,1908.8069,745,681
-0.0972432881443999,1.56535001631659,1.8242200796074,1910.24166666667,746,682
-0.101064016938326,1.55857371955569,1.83144759663043,1910.27503333333,746,682
-0.103312678680402,1.55188090106316,1.83833302230352,1910.3084,746,682
-0.10481694861399,1.54704074964907,1.84314271583281,1910.34176666667,746,682
-0.106366280781977,1.54122847252352,1.85036922520375,1910.37513333333,746,682
-0.107746364862326,1.53688591548353,1.85674305384692,1910.4085,746,682
-0.504215480243634,-0.425642519183251,1.84647269122006,1910.3084,747,683
-0.520806206178488,-0.432282746785371,1.86244266170735,1910.34176666667,747,683
-0.534232283560928,-0.439117339191866,1.87560780322597,1910.37513333333,747,683
-0.547099099398158,-0.445078908997811,1.88876434899265,1910.4085,747,683
-0.564197392684486,-0.456364215313723,1.90544579223489,1910.44186666667,747,683
-0.577723364482419,-0.465696908091223,1.9197079769465,1910.47523333333,747,683
-0.20180999547194,1.29565731779847,2.05769050906652,1912.04346666667,748,684
-0.204735810808782,1.28887890777895,2.06516003796999,1912.07683333333,748,684
-0.206690740371215,1.28285063164121,2.07151440761229,1912.1102,748,684
-0.208584687064909,1.27749430921959,2.07692315826705,1912.14356666667,748,684
-0.208707038157726,1.27201622821346,2.08322962168977,1912.17693333333,748,684
-0.209297691145888,1.26572419742696,2.08765484142998,1912.2103,748,684
-0.386262302046704,0.909384670173618,2.35077190488033,1913.7118,749,685
-0.393253180216882,0.899461677904845,2.35783743544722,1913.74516666667,749,685
-0.398918613766286,0.890272646740499,2.36473238850696,1913.77853333333,749,685
-0.404877153433425,0.880070763381339,2.37082451977666,1913.8119,749,685
-1.30320496139598,-0.934380126273981,3.96317722487877,1913.87863333333,750,686
-1.30861081510606,-0.938703826816674,3.9639392053859,1913.912,750,686
-0.775075483238452,0.496597620528778,2.65584823442863,1915.58033333333,751,687
-0.784870696514909,0.495331969791402,2.66522404739074,1915.6137,751,687
-1.44824866729929,0.574064176104551,3.62352355134213,1919.58433333333,752,688
-1.45003366095705,0.576492440741154,3.63526698894535,1919.6177,752,688
-1.37122051390839,0.937633330241394,4.12581834835764,1921.68643333333,753,689
-1.36227355544645,0.939872457035766,4.13132696427683,1921.7198,753,689
0.173501262434942,2.92588264821359,0.325009771853366,1981.31266666667,754,690
5.12277612142297,0.820534258235777,0.377969396282714,2009.1071,755,691
5.11921287694572,0.821512289125289,0.382150064380842,2009.14046666667,755,691
4.00817746765463,0.888937163872523,0.525168754744379,2011.34266666667,756,692
4.0001629884744,0.886824608850762,0.529974874735625,2011.37603333333,756,692
3.98598953527146,0.887541035824954,0.533462745306749,2011.4094,756,692
2.7534352029208,0.960401160520811,0.40876478017081,2013.6116,757,693
2.74350662456181,0.959852402813396,0.408545595259358,2013.64496666667,757,693
2.73526435133566,0.959905536113175,0.407170135169966,2013.67833333333,757,693
2.72496042276045,0.960582815445628,0.406774119989772,2013.7117,757,693
2.71275339426794,0.962191598531879,0.406635608284802,2013.74506666667,757,693
2.6979587356365,0.963933324758745,0.406975364863664,2013.77843333333,757,693
2.68785503204207,0.96495834170436,0.406411732085499,2013.8118,757,693
1.91793806671654,0.849999214896647,0.445755180293761,2015.74706666667,758,694
1.90537423928619,0.851328241556268,0.446480894922224,2015.78043333333,758,694
1.89224277922706,0.851922213832135,0.448872534886519,2015.8138,758,694
1.88158389773777,0.850879054896002,0.449688744240664,2015.84716666667,758,694
1.87607374919719,0.850163131468748,0.450030107581257,2015.88053333333,758,694
1.8705726643033,0.850484718369643,0.450450112600063,2015.9139,758,694
1.86428917869641,0.850423827386633,0.451583242509148,2015.94726666667,758,694
1.8583866568042,0.852212553415913,0.452751065742039,2015.98063333333,758,694
1.21924186198994,0.845421779936782,0.663354512804382,2017.84916666667,759,695
1.20910585180027,0.845745325473633,0.66651005884023,2017.88253333333,759,695
1.2005844163676,0.846697108564844,0.669221710320701,2017.9159,759,695
1.19308153522947,0.848776528136548,0.672219795511913,2017.94926666667,759,695
1.18733163181984,0.850736241582263,0.675288881572033,2017.98263333333,759,695
1.18300947327017,0.852983131900072,0.677789645194131,2018.016,759,695
1.18165624877138,0.855710473908777,0.680338421310107,2018.04936666667,759,695
1.18032049077667,0.858248533320161,0.682903312693024,2018.08273333333,759,695
1.1798665285086,0.86073357598858,0.6853879523354,2018.1161,759,695
1.1780140462518,0.862938793304939,0.688338520538343,2018.14946666667,759,695
1.17400130403775,0.864509325940432,0.69053260239659,2018.18283333333,759,695
0.942855965783721,1.55831087220295,1.0922055891856,2020.35166666667,760,696
0.944825085236703,1.56324738966517,1.09760917002558,2020.38503333333,760,696
0.946648595702347,1.56990115418127,1.10345736453776,2020.4184,760,696
0.948405865669618,1.57706457575324,1.10957380619941,2020.45176666667,760,696
0.949270021396584,1.5852631073063,1.11589660017566,2020.48513333333,760,696
0.949665652380169,1.59343614798395,1.12167464330546,2020.5185,760,696
0.949040225452996,1.6025468580722,1.12684966521703,2020.55186666667,760,696
0.94744360064992,1.61157201468488,1.1303880439197,2020.58523333333,760,696
0.945937150594118,1.62024825959956,1.13384865196308,2020.6186,760,696
0.944719666644718,1.62772328157601,1.13703620395072,2020.65196666667,760,696
1.65508296973722,1.0278479872118,1.42576291546226,2020.85216666667,761,696
0.450352904087439,2.53525298601903,1.32440822159296,2022.88753333333,762,697
0.452995320692812,2.55027106307691,1.32991553632083,2022.9209,762,697
0.455511189620748,2.56626494754955,1.33625180277352,2022.95426666667,762,697
0.457536391080702,2.58151369131829,1.34189574377504,2022.98763333333,762,697
0.460729219281714,2.59619555142673,1.34774777356846,2023.021,762,697
0.103631306769246,2.25077662150757,0.524649393794962,2023.3213,763,697
-0.192575639795069,3.26656462026083,1.43066049287752,2025.5235,764,698
-0.19553190941211,3.2686996896044,1.42717350621798,2025.55686666667,764,698
-0.196740587823805,3.26729839254113,1.42264528920797,2025.59023333333,764,698
-0.204586346760236,3.27843676899503,1.42634233544732,2025.6236,764,698
-0.205841034006261,3.27815145468468,1.42270629777301,2025.65696666667,764,698
-0.808153996625376,3.668616516417,1.14200064017797,2028.09273333333,765,699
-0.652218133711034,2.9609366953925,1.11991523748706,2030.59523333333,766,700
-0.640465447595322,2.94386050464711,1.1165656487734,2030.6286,766,700
-0.62477179079509,2.92231807091503,1.11101110697582,2030.66196666667,766,700
-0.608538019185806,2.89915209639349,1.10601422184811,2030.69533333333,766,700
-0.589933416131816,2.87504795212081,1.10001221229845,2030.7287,766,700
-0.578248769227683,2.85783920449548,1.09647677239146,2030.76206666667,766,700
-0.727526365811342,1.50853563524045,1.03168350700925,2032.89753333333,767,701
-0.72698610545079,1.49333707938598,1.03180343799155,2032.9309,767,701
-0.724899485205719,1.47755310929207,1.03126550646515,2032.96426666667,767,701
-0.724493204128103,1.46249723232571,1.03131253785202,2032.99763333333,767,701
-0.724870697144242,1.44761850548296,1.03137944434838,2033.031,767,701
-0.724967989587809,1.43282158854375,1.03193660051248,2033.06436666667,767,701
-0.726131616911072,1.41824243150421,1.03344200651511,2033.09773333333,767,701
-0.728353004618414,1.40122226280708,1.03445657614033,2033.1311,767,701
-1.17940391155547,0.219792503927932,1.13514979911802,2035.19983333333,768,702
-1.1848651330501,0.209202682339872,1.1370619266734,2035.2332,768,702
-1.19391837002406,0.195539488728124,1.14069858671635,2035.26656666667,768,702
-0.271588397624709,-0.40940097694663,0.665158106647247,2037.4354,769,703
-0.251865879600281,-0.408509781706231,0.656006026781264,2037.46876666667,769,703
-0.243936100993014,-0.422288451485747,0.646103236747621,2037.50213333333,769,703
0.490949418290985,-0.606186118210396,0.193074769945661,2039.07036666667,770,704
0.504060446094486,-0.612464435881887,0.182734266026214,2039.10373333333,770,704
0.515467202449426,-0.619952148625214,0.173175860416343,2039.1371,770,704
0.488556197659597,0.606404791350964,0.516542211004334,2039.20383333333,771,705
0.904591248221153,-0.481051588282892,0.0228959212775894,2040.77206666667,772,706
0.904643918957389,-0.482523960385639,0.0230312032542114,2040.80543333333,772,706
0.74807856626161,-0.0887014403159225,0.152136651499173,2040.8388,773,706
0.569247978216017,0.709861181868911,0.358401050823871,2054.61923333333,774,707
0.900986246171764,-0.467127034176084,0.0353949696332511,2056.8548,775,708
0.612015243267466,0.637671535462901,0.468435864507294,2056.92153333333,776,709
3.38038725727877,6.87091278762062,1.79090082538044,2063.59486666667,777,710
3.32892263745779,6.77517641866572,1.7761007934698,2063.62823333333,777,710
3.27310696080953,6.67899665254439,1.75971985317632,2063.6616,777,710
3.22272049797886,6.5861233002496,1.74349153865955,2063.69496666667,777,710
3.17430768463838,6.50626568861383,1.73575393734815,2063.72833333333,777,710
2.3869517498937,5.50835665767527,1.64612389000728,2065.19646666667,778,711
2.37946753075225,5.49192942069051,1.64413588296811,2065.22983333333,778,711
2.35949204769923,5.4524030561907,1.63703625866724,2065.2632,778,711
2.3363548849747,5.40360721292894,1.62843836288613,2065.29656666667,778,711
2.29896575826888,5.33460996017394,1.61176574110342,2065.32993333333,778,711
2.26895289859427,5.27847239510304,1.59788530429316,2065.3633,778,711
0.910081742300671,-0.476044131345256,0.0198960577379901,2066.6646,779,712
0.621836120121082,0.750453018089694,0.490027986331823,2066.69796666667,780,713
0.621444701131103,0.747914956972205,0.489459098934537,2066.73133333333,780,713
0.621646522849764,0.747663701649142,0.489348239001349,2066.7647,780,713
0.622127459898025,0.747223254757167,0.48943387011563,2066.79806666667,780,713
0.621776058975,0.745262502671829,0.489131438234138,2066.83143333333,780,713
2.05897309917177,4.72315301425041,1.36378629156485,2066.8648,781,714
2.07092477509923,4.71682354960887,1.36451354768108,2066.89816666667,781,714
2.07422759734472,4.70142230222216,1.36154508450963,2066.93153333333,781,714
2.07373614515759,4.67461594517797,1.3563509830352,2066.9649,781,714
2.07932482008432,4.65592087322389,1.35242168571218,2066.99826666667,781,714
2.07961502586018,4.63007339828118,1.34753055195406,2067.03163333333,781,714
2.07900499764654,4.60649078514136,1.34240610211363,2067.065,781,714
2.1529055791492,3.23060954487666,0.869035964126684,2068.63323333333,782,715
2.14627900660164,3.19692097563737,0.86048191930619,2068.6666,782,715
2.14426118620273,3.16844596003471,0.853828536973579,2068.69996666667,782,715
2.13990706977652,3.13703998502166,0.847927047000117,2068.73333333333,782,715
2.13313406150375,3.10720114112907,0.841640920899543,2068.7667,782,715
2.12515444740279,3.07659292682996,0.836462741190522,2068.80006666667,782,715
2.11502798885494,3.0457091144001,0.831847237731368,2068.83343333333,782,715
2.10602996646219,3.01865844230252,0.827904166278684,2068.8668,782,715
2.09634154777704,2.99064462026066,0.823073101812758,2068.90016666667,782,715
2.0877823624663,2.96478859998718,0.819472139334327,2068.93353333333,782,715
1.39137636022717,2.08706009519965,0.587662801848403,2070.40166666667,783,716
1.3779751227537,2.07577156597638,0.58471683003938,2070.43503333333,783,716
1.36755071950957,2.06371234265983,0.581569302322417,2070.4684,783,716
1.35857560837616,2.05302592707833,0.578847099606678,2070.50176666667,783,716
1.35094626202254,2.04193591625288,0.576112854429178,2070.53513333333,783,716
1.34465405962007,2.02996368348381,0.573180048178196,2070.5685,783,716
1.33864214330699,2.01685146142678,0.570604676306328,2070.60186666667,783,716
1.33247121100733,2.00479991045314,0.568082365726928,2070.63523333333,783,716
1.32594228358009,1.99229901906193,0.565734424705322,2070.6686,783,716
1.31843164081162,1.9808225269787,0.563236133433015,2070.70196666667,783,716
1.31027171546241,1.96971504587206,0.561574548038254,2070.73533333333,783,716
1.30216168378157,1.95963769547469,0.559564856489828,2070.7687,783,716
1.29232219952824,1.95110282398398,0.558798010501071,2070.80206666667,783,716
1.28217900097044,1.94428056332042,0.558228617228361,2070.83543333333,783,716
0.467786602622995,0.51635738775165,0.368986157396022,2074.40566666667,784,717
0.461639306176631,0.507678234266445,0.366043345280356,2074.43903333333,784,717
0.456031312854368,0.499719667008181,0.364135139230476,2074.4724,784,717
0.449208745805502,0.491915332015988,0.36184860587425,2074.50576666667,784,717
0.442782836764328,0.48498140961311,0.360504505098855,2074.53913333333,784,717
0.435980823552106,0.477276410554901,0.359193708577531,2074.5725,784,717
0.428924621723709,0.468622417768486,0.358132488705805,2074.60586666667,784,717
0.425113299758688,0.461058597044009,0.357976299579855,2074.63923333333,784,717
0.440936267451558,-0.0393714500705563,0.328733152045765,2075.94053333333,785,718
0.443988489291892,-0.0530603583272653,0.328148119344555,2075.9739,785,718
0.641223792123697,-0.405264515199678,0.0151716033655989,2083.04763333333,786,719
0.641035126846411,-0.40165260219063,0.0168669576628976,2083.081,786,719
0.648163912472702,-0.4006243268902,0.0184548350660212,2084.51576666667,787,720
0.64830797129264,-0.401047758433626,0.0184866194473071,2084.54913333333,787,720
0.647683710346566,-0.400085421126598,0.0183861207764399,2084.5825,787,720
0.647633623328238,-0.398400579300487,0.0193501871178342,2084.61586666667,787,720
0.6002207412045,0.582056005062668,0.382288002446775,2084.64923333333,788,721
0.660054233420749,-0.402562233161618,0.0117281571164196,2085.91716666667,789,722
0.660260619409165,-0.401379655865669,0.0120953612537811,2085.95053333333,789,722
0.545535462836485,0.631940023656934,0.454081830570447,2086.01726666667,790,723
0.666633652701702,-0.406326603389039,0.00972310395368925,2087.1851,791,724
0.667266503676464,-0.402370036295658,0.011399037687739,2087.21846666667,791,724
0.66665750150227,-0.40184112878544,0.0110184666229516,2087.25183333333,791,724
0.667529283707728,-0.402444020315802,0.0107826553319194,2087.2852,791,724
0.686669490408962,-0.421090275101229,-0.00487840016009378,2090.3883,792,725
0.687475119465466,-0.423518722507196,-0.00593157079931106,2090.42166666667,792,725
0.687475898187078,-0.424403622350669,-0.00612985326163074,2090.45503333333,792,725
0.687170095552449,-0.420816763445382,-0.00404885665091725,2090.4884,792,725
0.737382536711875,-0.473532764264784,-0.0449870359119831,2107.57213333333,793,726
0.738635658269997,-0.474968225679561,-0.0454974864400909,2107.6055,793,726
0.839686370504634,-0.444158403497061,-0.0955944400293656,2116.58113333333,794,727
0.87384281759739,0.747757659220104,2.96440829118177,2120.7186,795,728
1.9410357311786,-1.33457546549336,5.81902411686062,2120.75196666667,796,729
0.491516374114975,0.600209605528344,0.314395198566208,2130.36156666667,797,730
0.781081110803272,-0.457180432556968,-0.0296330454551674,2131.59613333333,798,731
0.780043342424682,-0.454881968281226,-0.0296117762160507,2131.6295,798,731
0.780069008413224,-0.451962357191946,-0.0287270343146404,2131.66286666667,798,731
0.778977334484774,-0.446259003887248,-0.026501171676667,2131.69623333333,798,731
0.736825383176744,-1.75064662460385,3.73307297643201,2149.58076666667,799,732
0.733202567268953,-1.75105274081092,3.75210398410381,2149.61413333333,799,732
0.727095641309954,-1.74477339104343,3.76297847942934,2149.6475,799,732
0.72119484746277,-1.73797686163613,3.77547239473528,2149.68086666667,799,732
0.699020523775663,-0.488474303604891,3.43963800016113,2152.2501,800,733
0.699848635163461,-0.476495683198663,3.4409561902054,2152.28346666667,800,733
0.70299787552916,-0.465469673159227,3.44387777635733,2152.31683333333,800,733
0.705844128372836,-0.456382443087674,3.45130265011843,2152.3502,800,733
0.70718913921635,-0.445530654711882,3.45611662758929,2152.38356666667,800,733
0.709900853345449,-0.432416693114595,3.45791323849546,2152.41693333333,800,733
1.10638073837435,1.29939717672037,3.00945532834941,2154.61913333333,801,734
1.11394695032459,1.31601318349965,3.01279646241896,2154.6525,801,734
1.1224362450783,1.33261013561479,3.01766556516734,2154.68586666667,801,734
1.13090982389107,1.34740881338867,3.02491689846902,2154.71923333333,801,734
1.13898912500402,1.36306003887356,3.03041258362544,2154.7526,801,734
1.14708825665671,1.37727799118434,3.03565469147236,2154.78596666667,801,734
1.15521528753431,1.39157303718144,3.04204088687088,2154.81933333333,801,734
1.39747175311783,3.52615380557656,2.45487184454514,2157.2551,802,735
1.40090989904054,3.55645384108111,2.45671321456686,2157.28846666667,802,735
1.41137969452894,3.59727462858774,2.47032947461307,2157.32183333333,802,735
1.43307443025391,3.67594722807432,2.49398406779407,2157.38856666667,803,735
0.751244385778884,-0.463729296390474,0.0342268294700206,2175.64013333333,804,736
0.753272527084128,-0.471121511759146,0.0314021251310597,2175.6735,804,736
0.749801411703283,-0.441831388217679,0.0614582347222753,2178.14263333333,805,737
0.502908649438229,0.600690355332328,0.75316497540435,2192.72386666667,806,738
1.0339631825614,-0.941549331689722,1.17533376075765,2194.4923,807,739
1.03944395296489,-0.925534138045875,1.16835970960235,2194.52566666667,807,739
1.04597821984525,-0.918354420268455,1.16499203930299,2194.55903333333,807,739
1.05018449029597,-0.901017096584813,1.15894699761783,2194.5924,807,739
1.05666388819413,-0.895135978118959,1.15578884043953,2194.62576666667,807,739
1.06221835964179,-0.885974320808745,1.15284181664521,2194.65913333333,807,739
1.06941210060406,-0.88086498607656,1.15073918675339,2194.6925,807,739
1.07412631643324,-0.871610313604373,1.14725311995546,2194.72586666667,807,739
1.08054979605713,-0.86209696089183,1.14455065582556,2194.75923333333,807,739
1.50386454611118,-0.568410366742453,0.954909249578092,2196.42756666667,808,740
1.50977995802506,-0.564891168029722,0.949843505508128,2196.46093333333,808,740
1.5147733232957,-0.558472301676786,0.944603857047859,2196.4943,808,740
1.51655129291041,-0.546776974536839,0.939836778258843,2196.52766666667,808,740
1.51842025720402,-0.535604621306228,0.934101810278954,2196.56103333333,808,740
1.51906528961887,-0.523052358120166,0.928900243969058,2196.5944,808,740
1.52100125976262,-0.512155292592968,0.923572676149526,2196.62776666667,808,740
1.52589971915112,-0.506443302013105,0.919734419334869,2196.66113333333,808,740
1.52635479696238,-0.493493857569462,0.913463279796782,2196.6945,808,740
1.9103510798558,-0.154127349522045,0.703559837608404,2198.26273333333,809,741
1.92097917721406,-0.151783439078751,0.702206685393957,2198.2961,809,741
1.93649572117275,-0.153149242498265,0.699566616949677,2198.32946666667,809,741
1.95333184183618,-0.15493646974649,0.697099838883357,2198.36283333333,809,741
1.96842823863838,-0.154828075623914,0.69479930269373,2198.3962,809,741
1.9782414762228,-0.15180929157604,0.693188323658554,2198.42956666667,809,741
1.98946182077933,-0.148318210830884,0.691894414809257,2198.46293333333,809,741
1.9981853556074,-0.143162898587319,0.689379351776995,2198.4963,809,741
2.0036883952875,-0.136056257079467,0.687776715752835,2198.52966666667,809,741
2.00940917683017,-0.129086595360497,0.686891783928506,2198.56303333333,809,741
2.45344447234009,0.447612987898712,0.452607928201304,2200.36483333333,810,742
2.46581355797823,0.454647579934315,0.448644876879633,2200.3982,810,742
2.47970270181981,0.461844414596266,0.444302919589816,2200.43156666667,810,742
2.48788561412219,0.469020899316884,0.439143153905237,2200.46493333333,810,742
2.49716244188873,0.476740573911557,0.435377398994746,2200.4983,810,742
2.50249764428887,0.484432185994957,0.432264545366505,2200.53166666667,810,742
2.50861372251652,0.49188287102567,0.429099002903367,2200.56503333333,810,742
2.51399283511116,0.500855463122642,0.426589295928935,2200.5984,810,742
3.02705831613506,1.09460788050158,0.198682861313054,2202.36683333333,811,743
3.0370407829153,1.1034383042234,0.196013623532654,2202.4002,811,743
3.04939001994489,1.11233216405493,0.192895224689118,2202.43356666667,811,743
3.05977032449403,1.11978537586148,0.19000744015743,2202.46693333333,811,743
3.06962699729829,1.12659328404141,0.187717661736491,2202.5003,811,743
3.83621948263242,1.53132244164498,-0.0273074332309815,2204.63576666667,812,744
5.33772797410788,1.12933994095591,0.397164931900518,2210.97543333333,813,745
5.34203577951202,1.12975969984479,0.396371416205115,2211.0088,813,745
5.33396226711484,1.13178283363938,0.392079597045312,2211.04216666667,813,745
5.33092452087217,1.13128658905708,0.388936225184065,2211.07553333333,813,745
4.68965497287904,1.08597303717844,0.237459410651733,2213.24436666667,814,746
4.67005933677061,1.08994585523763,0.23942931301681,2213.27773333333,814,746
4.03869832425212,0.825905015471234,0.356960517064797,2215.24636666667,815,747
4.02670853561015,0.818102497812647,0.361436263809535,2215.27973333333,815,747
4.0066799700251,0.812887063658386,0.365599071649401,2215.3131,815,747
3.98300483181961,0.809381863049323,0.371165876289405,2215.34646666667,815,747
3.96015623851212,0.805276583288955,0.376725709093998,2215.37983333333,815,747
3.94372727960473,0.802443700854735,0.381531263506298,2215.4132,815,747
1.7202383346752,1.71535275950602,0.559460880527798,2215.47993333333,816,748
3.33387355855969,0.315500109098047,0.328295829317986,2217.1149,817,749
3.31203056428234,0.316048978217446,0.329688369090284,2217.14826666667,817,749
3.27864977812835,0.319887939174399,0.332083576495039,2217.18163333333,817,749
3.24907168936936,0.324699194317577,0.333859995107947,2217.215,817,749
3.22395887266078,0.327207769519455,0.335799067283123,2217.24836666667,817,749
3.20185766708072,0.329536438661221,0.337569992027077,2217.28173333333,817,749
3.18944395962603,0.32794288382365,0.336263572043147,2217.3151,817,749
3.17087181594267,0.330530028396628,0.338361343878678,2217.34846666667,817,749
2.47549609906669,0.0672078613564479,0.360908634920353,2219.0168,818,750
2.44736211628545,0.073464809874264,0.366010644049968,2219.05016666667,818,750
2.41674991312569,0.0822259733032402,0.372566283799696,2219.08353333333,818,750
2.38480496989316,0.0935351293666763,0.380593375929324,2219.1169,818,750
2.3600124202483,0.102458003064912,0.386867939396298,2219.15026666667,818,750
2.33357033019235,0.112506089741988,0.393352988833052,2219.18363333333,818,750
2.30352997458911,0.123698849018505,0.400583374453255,2219.217,818,750
2.2880723685924,0.129057067747435,0.405033879733742,2219.25036666667,818,750
2.27634801229326,0.132214717676263,0.408160021482821,2219.28373333333,818,750
2.26535413036637,0.133783291800886,0.411922758227929,2219.3171,818,750
1.75660054208536,0.964461794424747,0.811600456139561,2221.1189,819,751
1.76234774994769,0.979180198430395,0.819071539202468,2221.15226666667,819,751
1.76936183229806,0.993794731850216,0.827366555501723,2221.18563333333,819,751
1.776832965322,1.00856677555875,0.835400268445923,2221.219,819,751
1.78452752854861,1.02305752955264,0.843112983296246,2221.25236666667,819,751
1.79100756956933,1.03774776315064,0.850432222932671,2221.28573333333,819,751
1.79818182747429,1.05251766238022,0.857894686716577,2221.3191,819,751
1.80426747862543,1.06856097820075,0.86467737109492,2221.35246666667,819,751
1.80723970195943,1.08572303898101,0.87063490561894,2221.38583333333,819,751
1.81143165673465,1.10314948929172,0.876773417325183,2221.4192,819,751
1.81307274372754,1.12140910384328,0.88179118753194,2221.45256666667,819,751
1.81492821926671,1.13953889727385,0.886550295732347,2221.48593333333,819,751
1.81457611419035,1.157463427973,0.891319051238625,2221.5193,819,751
1.81724598554752,1.17447468048661,0.895902319200596,2221.55266666667,819,751
1.86105242625515,2.41959485053098,1.31680941712086,2223.221,820,752
1.86236808119831,2.44347607924722,1.32890641835896,2223.25436666667,820,752
1.86515147851888,2.4700966871316,1.34312440399523,2223.28773333333,820,752
1.87270998520162,2.49758658506054,1.35790633483312,2223.3211,820,752
1.8799920957097,2.52654669259893,1.37354099552643,2223.35446666667,820,752
1.88874675961935,2.55544500986496,1.38883043132545,2223.38783333333,820,752
1.89649001187173,2.58348848221313,1.40294408666853,2223.4212,820,752
1.90274137836424,2.61010873045866,1.41655493657301,2223.45456666667,820,752
1.90554756407967,2.63426016175395,1.42788326286725,2223.48793333333,820,752
1.90870058022592,2.65680367478163,1.43879140194148,2223.5213,820,752
1.90643479053982,2.67771833844042,1.44768002313618,2223.55466666667,820,752
2.06923920025549,4.52447324617454,1.98505751227871,2225.35646666667,821,753
2.09776301325676,4.57478761026186,2.00279876149391,2225.38983333333,821,753
2.12079242143341,4.61225193480921,2.01598409264574,2225.4232,821,753
2.14704149802066,4.65240334906418,2.03057218368807,2225.45656666667,821,753
2.15588511747319,4.66561815466428,2.03145788294107,2225.48993333333,821,753
2.18132429398224,4.69424564372324,2.03581722460186,2225.55666666667,822,753
2.20046920533256,4.71435373191387,2.04294003380848,2225.59003333333,822,753
-0.632514418804759,-2.98021851988402,4.23640689179227,2233.39783333333,823,754
0.89719568899474,-0.870252059885577,1.08170132576258,2239.6374,824,755
-1.13852812852901,-1.14205234580649,3.59121726289833,2240.8386,825,756
-1.26124854068816,0.56533645638483,2.4892999253012,2245.3431,826,757
7.29428565029999,1.41046965028095,1.00768871316776,2249.0468,827,758
7.30096462026556,1.41129417802215,1.00807540660242,2249.08016666667,827,758
6.76159581987024,1.21637656359403,0.719910037921595,2251.3491,828,759
6.75570774878304,1.21752052772515,0.715755997895374,2251.38246666667,828,759
5.16535021205779,1.47307342266405,0.321878125717607,2253.71813333333,829,760
5.15159575846221,1.4853730904399,0.314217784618375,2253.7515,829,760
5.14353850550254,1.49507935806548,0.310828883264536,2253.78486666667,829,760
3.51049443781906,1.79255283223568,0.437584352394342,2253.8516,830,761
4.74110400721621,1.86139341685783,0.0908443490405999,2256.28736666667,831,762
4.71520187088432,1.86369067324261,0.0872632031023779,2256.3541,832,762
4.76022326545499,1.86834391018199,-0.0482254836102329,2257.7555,833,763
4.76260535300809,1.86929594349801,-0.0488177522929122,2257.78886666667,833,763
4.59546218357106,1.65858244529345,0.128356871979991,2260.4582,834,764
4.57640729560893,1.6544220798519,0.137742061641548,2260.49156666667,834,764
4.56904940639728,1.64848101312692,0.146209129101498,2260.52493333333,834,764
4.56010619655066,1.6437376919373,0.153688605701181,2260.5583,834,764
5.54229492970995,-0.648166023718771,1.27060427956358,2267.7655,835,765
5.53227984441371,-0.651012049407954,1.28168606181224,2267.79886666667,835,765
5.53060089815284,-0.655784074175505,1.29091790814222,2267.83223333333,835,765
4.94512100589986,-0.774638876493706,1.98663275856095,2270.10116666667,836,766
4.95209440015071,-0.783621684033108,2.00042158840817,2270.13453333333,836,766
4.9558078459675,-0.788857082552096,2.01379871483299,2270.1679,836,766
4.94502639206565,-0.789603452660738,2.02605859632882,2270.20126666667,836,766
4.9575499212327,-0.798211467311239,2.04237771340589,2270.23463333333,836,766
4.37066853141412,-1.20168237751345,2.66485524728133,2272.27,837,767
3.32610654815224,-2.09675151741427,2.95195011832692,2274.63903333333,838,768
3.29068092066295,-2.07748661805851,2.93787371771044,2274.6724,838,768
3.262460341784,-2.06770923636467,2.9338305360948,2274.70576666667,838,768
3.23094179552608,-2.04563951354327,2.920978211997,2274.73913333333,838,768
3.20779764819706,-2.03832724125807,2.91869786433032,2274.7725,838,768
3.17448193588889,-2.00833473232487,2.90367647421496,2274.80586666667,838,768
3.15620206886291,-1.9987041945504,2.90227401518752,2274.83923333333,838,768
2.58755942506338,-1.46367220928558,3.04355359693316,2279.64403333333,839,769
2.5853119083283,-1.45180754642142,3.03704879697939,2279.6774,839,769
2.5878630613782,-1.44498262993986,3.03879681067937,2279.71076666667,839,769
2.59663269954512,-1.44606410544849,3.04557331037415,2279.74413333333,839,769
2.60271380968947,-1.44550569684231,3.04873062075311,2279.7775,839,769
2.61388162344248,-1.45166117889253,3.05984439220933,2279.81086666667,839,769
3.24169106335277,-1.02508765414412,2.61789191583802,2281.74613333333,840,770
3.25715588534427,-1.02769945587595,2.62031744855561,2281.7795,840,770
3.25733659376035,-1.01734711222107,2.61100277044765,2281.81286666667,840,770
3.26865318542008,-1.01633956226998,2.60906390522791,2281.84623333333,840,770
3.27700618130111,-1.01443592237058,2.60695206122596,2281.8796,840,770
3.2947981486849,-1.02118173643111,2.60893502346937,2281.91296666667,840,770
3.30463038227965,-1.01876422740954,2.60772124681125,2281.94633333333,840,770
3.82543479341009,6.58181267507722,1.82799568066936,2283.61466666667,841,771
3.79234164092008,-0.242835839972534,2.29801871536358,2284.5823,842,772
3.78978448275247,-0.230936024077452,2.29043765833997,2284.61566666667,842,772
3.80076735357705,-0.2209378151511,2.28882276614864,2284.64903333333,842,772
3.81506647279717,-0.213724986164229,2.29048989092145,2284.6824,842,772
3.83225738150586,-0.207317877984418,2.29119567300534,2284.71576666667,842,772
3.84907306490006,-0.202223978731359,2.29457650690079,2284.74913333333,842,772
3.89021178993194,-0.193769137825341,2.29854298350965,2284.81586666667,843,772
7.51001931205584,1.32223602715789,-0.185436135078554,2286.284,844,773
5.03169704066715,8.71059152943291,1.57857066760399,2287.41846666667,845,774
4.17472009030309,0.801630036706527,2.5080574361792,2287.91896666667,846,775
4.16973050062483,0.804324516403054,2.52490868841994,2287.95233333333,846,775
4.1726543629435,0.80598566725935,2.54156487287801,2287.9857,846,775
4.17346466507144,0.808032585206423,2.55940961977185,2288.01906666667,846,775
4.18066898817766,0.809786714594677,2.579845620116,2288.05243333333,846,775
4.18353283371023,0.810891419931924,2.59759223731962,2288.0858,846,775
4.18477321187907,0.813195280705761,2.61347570021963,2288.11916666667,846,775
1.61038140427307,2.15725360636865,0.651603982553625,2288.8866,847,776
1.61570209131874,2.1559892875839,0.650256104018201,2288.95333333333,849,776
7.44991799175164,1.37167747574297,-0.0761720225966479,2288.91996666667,848,777
3.08362931199369,0.7416427224563,3.68428541170213,2290.42146666667,850,778
3.06353710856516,0.73429190559156,3.6922262286293,2290.45483333333,850,778
3.04576555275451,0.727775717301719,3.70261555438182,2290.4882,850,778
3.02860384578695,0.721565855777525,3.7137504551576,2290.52156666667,850,778
3.01210624853788,0.715630611206065,3.72566236299303,2290.55493333333,850,778
2.99399020999003,0.710158816222912,3.73635402812775,2290.5883,850,778
2.97642679337171,0.707057843707014,3.74254034650054,2290.62166666667,850,778
2.96167069344384,0.700834250202672,3.75665628200013,2290.65503333333,850,778
2.94208562119411,0.699320657852741,3.76218914810242,2290.6884,850,778
2.91792065822026,0.698921497161033,3.76770551470448,2290.72176666667,850,778
6.90832162294761,0.7112008141703,0.144160979136256,2291.82286666667,851,779
6.90134312766426,0.703782935345553,0.150684490961104,2291.85623333333,851,779
6.88882313524909,0.698432720515946,0.151970058887347,2291.8896,851,779
6.00366478615253,7.86201345261532,0.742396599911354,2292.85723333333,852,780
1.3232249229874,0.36905177978933,4.46946314880872,2293.02406666667,853,781
1.30819673470717,0.36602788215843,4.48300084440127,2293.05743333333,853,781
1.29130299655541,0.366727614079185,4.49155026135439,2293.0908,853,781
1.27372544873718,0.367820498743425,4.49703549981956,2293.12416666667,853,781
1.25779324977857,0.370024556720504,4.49665657382746,2293.15753333333,853,781
1.23812740245693,0.375535612620462,4.49189869068362,2293.1909,853,781
1.22134750138807,0.381847861076132,4.48754628365595,2293.22426666667,853,781
1.20653295284167,0.38709598000902,4.48409785016886,2293.25763333333,853,781
6.23712072802653,0.291528982060758,0.47000409053358,2294.12516666667,854,782
1.45142462463727,1.92740759156307,0.698250830573253,2294.15853333333,855,783
1.4482636880843,1.92703932692706,0.699386655809061,2294.1919,855,783
0.205943537203314,0.61177949585719,5.68253228677971,2295.12616666667,856,784
0.202507077326804,0.611933752947164,5.71067172898931,2295.15953333333,856,784
5.16329377890008,-0.400315219945806,0.636353905151361,2296.62766666667,857,785
5.13238298446099,-0.395639621618036,0.633460563935369,2296.66103333333,857,785
5.09069296193976,-0.390039075960908,0.632721370621888,2296.6944,857,785
5.06555056742426,-0.387465177891141,0.631649853675386,2296.72776666667,857,785
5.04560106376123,-0.38664658034284,0.629703504727584,2296.76113333333,857,785
5.03478575296756,-0.389081919409438,0.627634317965721,2296.7945,857,785
-0.918415100214786,0.484785914981935,6.66688695055016,2297.7955,858,786
-0.92932835839981,0.482754438186501,6.67981188995084,2297.82886666667,858,786
-0.935652825708047,0.485796736381303,6.68033752310761,2297.86223333333,858,786
-0.941101560993012,0.484695584199659,6.69291731529761,2297.8956,858,786
3.83777732523835,-0.111916058721895,0.571348182955236,2298.9967,859,787
3.82953398593707,-0.102421550845794,0.571888066282455,2299.03006666667,859,787
3.82756932194039,-0.0944731898713099,0.572223971877068,2299.06343333333,859,787
3.8296770964777,-0.0888238946303479,0.572856264596896,2299.0968,859,787
3.82302211552774,-0.0806151594542726,0.572830044819087,2299.13016666667,859,787
3.82376360264387,-0.0745528977903513,0.57314020432169,2299.16353333333,859,787
3.82620475963467,-0.0723109769993003,0.572649912328186,2299.1969,859,787
3.81759502180501,-0.0652971030018561,0.574905159879166,2299.23026666667,859,787
2.53611915522074,0.133128794972778,0.536196508961443,2301.76613333333,860,788
2.5136906258079,0.134088544726795,0.538272078686528,2301.7995,860,788
2.48779234808184,0.135218185003151,0.54064435806474,2301.83286666667,860,788
2.44546749897825,0.133217517780406,0.546170563210088,2301.8996,862,788
2.42238882379269,0.132859174005365,0.549054295723111,2301.93296666667,862,788
2.41088367830141,0.128196991031291,0.551539451407767,2301.96633333333,862,788
2.39580065398485,0.124628005942839,0.555510252900994,2301.9997,862,788
2.38748183201844,0.118362912532405,0.557461352682845,2302.03306666667,862,788
2.37825963391748,0.111370672186065,0.561360401784893,2302.06643333333,862,788
2.36926741409126,0.105649347392859,0.564855961719498,2302.0998,862,788
2.35933699226096,0.0986971884933161,0.569387580835404,2302.13316666667,862,788
2.35053852291146,0.0901557473241353,0.573577577325028,2302.16653333333,862,788
0.82811309812301,1.74834632978198,0.713128239680121,2301.86623333333,861,789
0.129682646090526,1.89876430892317,1.32475214735823,2302.8005,863,789
1.26761885030076,-0.526447549557759,0.968635587308256,2304.16853333333,864,790
1.24666402404408,-0.524055537883372,0.970959423345782,2304.2019,864,790
1.22713396912591,-0.518192439243405,0.972272540946752,2304.23526666667,864,790
1.20804855305505,-0.515604685682213,0.975082570536559,2304.26863333333,864,790
1.19189917361285,-0.515146642579884,0.978423818205915,2304.302,864,790
1.17389924442845,-0.509584895120585,0.981202312425792,2304.33536666667,864,790
1.15774931671924,-0.505750051501461,0.984040354740267,2304.36873333333,864,790
1.14240439679287,-0.505740307149218,0.987302915358221,2304.4021,864,790
1.12779682110313,-0.504958916131963,0.990705526977495,2304.43546666667,864,790
1.11529647224443,-0.50997552384602,0.995866860697056,2304.46883333333,864,790
1.10383326625009,-0.509481107572621,0.997603978673298,2304.5022,864,790
-0.268195120692116,-1.20581310180851,0.940665696724907,2307.23826666667,865,791
-0.286360457833672,-1.23060080470762,0.937565613707392,2307.27163333333,865,791
-0.304431240052272,-1.25738532957128,0.935478431042922,2307.305,865,791
-0.315740215500278,-1.26943429182299,0.932262941810681,2307.33836666667,865,791
-0.327672406536705,-1.28833818957394,0.929389814931078,2307.37173333333,865,791
-1.68797381763342,0.530563500973864,8.24380528009543,2334.19853333333,866,792
-1.34539125276357,-2.0711229779459,7.14429869438202,2336.9346,867,793
-1.35340051873334,-2.08386897101657,7.11035274280329,2336.96796666667,867,793
-1.36124839508101,-2.09546964004101,7.07845268479967,2337.00133333333,867,793
-1.3659786051822,-2.09453207223346,7.02741943343332,2337.0347,867,793
0.997914020118301,-0.934618289656809,1.7024224435449,2356.2539,868,794
0.99873831322536,-0.927086140251978,1.70602926219285,2356.28726666667,868,794
0.998725608164197,-0.919499182037346,1.71020958595318,2356.32063333333,868,794
0.998451906462735,-0.916571977269661,1.71643670311356,2356.354,868,794
0.997319125807847,-0.908394309925563,1.71957632754996,2356.38736666667,868,794
0.869134887371516,-1.15594536653295,1.83732149576233,2358.18916666667,869,795
0.86363855656841,-1.13704164193646,1.83171632842009,2358.22253333333,869,795
0.859329524735877,-1.13286769518382,1.83348636970065,2358.2559,869,795
0.855733802613567,-1.14378037000958,1.84259262104071,2358.28926666667,869,795
0.557353149828296,-1.82100845296995,1.92579073548256,2360.02433333333,870,796
0.546305317963744,-1.78542758770597,1.90959087449477,2360.0577,870,796
0.53666979333968,-1.75444699152162,1.89498039846387,2360.09106666667,870,796
0.526733608723445,-1.72966898685102,1.88567537993018,2360.12443333333,870,796
0.516665117674361,-1.6984425741503,1.87521738769782,2360.1578,870,796
0.507278014823424,-1.6856721972885,1.87220428535339,2360.19116666667,870,796
0.106077142384848,-1.76777571248881,2.11650312237282,2361.99296666667,871,797
0.0983954219221107,-1.77974554350662,2.12778307183773,2362.02633333333,871,797
0.0911766300311867,-1.79940387847368,2.13934526490405,2362.0597,871,797
-0.466144729477913,-1.73022993770191,2.32486708352378,2363.92823333333,872,798
-0.471377995439184,-1.72529603714857,2.32659791370054,2363.9616,872,798
-0.478697444938241,-1.72332817760417,2.329730473256,2363.99496666667,872,798
-1.22894012716465,-1.50813177909306,2.49738283328659,2366.19716666667,873,799
-1.24499436821561,-1.51552650146687,2.50244013244858,2366.23053333333,873,799
4.83669366280648,8.33020880219764,2.61888613268047,2416.2138,874,800
4.19494513822281,8.19530280196688,3.3992822161338,2418.48273333333,875,801
4.18269557772923,8.15773375415341,3.40259113765022,2418.5161,875,801
4.14349583488461,8.07453088127694,3.38805066106275,2418.54946666667,875,801
-0.101102495962928,3.030245278122,1.47406843447044,2420.85176666667,876,802
0.887673927020833,2.07156622598739,0.713229340822951,2451.61583333333,877,803
4.74764271545215,-0.332243854052795,1.09369860518487,2457.7553,878,804
4.733950670248,-0.323963369938759,1.08819637303827,2457.78866666667,878,804
4.7313868831967,-0.31749036850684,1.08258613207674,2457.82203333333,878,804
4.73410284865785,-0.314239303231885,1.07790253894974,2457.8554,878,804
4.30900992030869,0.374279239018066,0.77533904736793,2459.62383333333,879,805
4.31846125592588,0.381434163150908,0.769278099175995,2459.6572,879,805
4.32173056354203,0.391605718330463,0.764158555323944,2459.69056666667,879,805
3.60590162761913,0.757173072934009,0.440120442660675,2461.69256666667,880,806
3.598687901829,0.757501275605599,0.434995182616444,2461.72593333333,880,806
3.59367803670745,0.756077155615513,0.429845691217275,2461.7593,880,806
3.58541943197678,0.754555161234546,0.423479700671477,2461.79266666667,880,806
3.5856826759213,0.754570063368803,0.417585072689735,2461.82603333333,880,806
2.94110572771328,0.465332554995851,0.17586792923495,2463.79466666667,881,807
2.9280902314218,0.458736174321103,0.17345187485745,2463.82803333333,881,807
2.91848899971082,0.44993982056095,0.169874107971961,2463.8614,881,807
2.90389399188648,0.443987044377795,0.167045342348431,2463.89476666667,881,807
2.88814240850706,0.437457351432153,0.163963016192684,2463.92813333333,881,807
2.8770146495388,0.429878676633574,0.161042699822904,2463.9615,881,807
2.46661268757712,0.0256890951980325,0.25709030129583,2465.3629,882,808
2.46358250190252,0.0149518570576004,0.259509352275624,2465.39626666667,882,808
2.44969090384942,0.00950967818118664,0.263611629283699,2465.42963333333,882,808
2.43705525766343,0.00464028143200745,0.265920052464498,2465.463,882,808
2.41811059309599,0.00288850313519584,0.271087261510623,2465.49636666667,882,808
2.40152010309554,0.000400918205676226,0.274533027197777,2465.52973333333,882,808
2.39162121546383,-0.00515726982701326,0.277121016913376,2465.5631,882,808
2.37919595992994,-0.00994064411338591,0.280337686560772,2465.59646666667,882,808
1.21311651844115,1.25370744387685,0.585086703344057,2465.62983333333,883,809
1.83205774192388,-0.365332078778296,0.503762523888867,2467.09796666667,884,810
1.81189401916994,-0.355978922956778,0.509043743675128,2467.13133333333,884,810
1.79063032969568,-0.347427426295058,0.513443992214471,2467.1647,884,810
1.77505232793913,-0.345482372988306,0.516809490807492,2467.19806666667,884,810
1.76903201136163,-0.352172064244807,0.519368498613504,2467.23143333333,884,810
1.772201042011,-0.369569638013523,0.520333947781284,2467.2648,884,810
1.77326379439728,-0.385969546200447,0.522113839446961,2467.29816666667,884,810
1.77876806004271,-0.40589164990919,0.523474953711279,2467.33153333333,884,810
1.78481559615524,-0.432103122597046,0.525876247719401,2467.3649,884,810
1.11555987693461,-0.559795211658385,0.815793288770994,2468.89976666667,885,811
1.10397961556883,-0.557760227417145,0.819821823269684,2468.93313333333,885,811
0.329193709984749,-0.800183186189923,1.06919581600284,2470.9685,886,812
0.318975907242461,-0.822085512959676,1.07559589105344,2471.00186666667,886,812
0.308475068575914,-0.845990683158321,1.08307462535357,2471.03523333333,886,812
0.29864973916188,-0.864416370026518,1.08869560818133,2471.0686,886,812
0.287877245821632,-0.88534478363463,1.09585408420317,2471.10196666667,886,812
0.278037951976534,-0.895481605687982,1.09905404892873,2471.13533333333,886,812
0.267581144548167,-0.897745254477463,1.10100013822846,2471.1687,886,812
0.258304786375591,-0.884911241895512,1.09964261104398,2471.20206666667,886,812
0.247643025565151,-0.867921755664309,1.0987979581245,2471.23543333333,886,812
-0.637820129313978,-0.806377341594248,1.25127257690897,2473.33753333333,887,813
-0.646698450993374,-0.804852846859464,1.25128011775409,2473.3709,887,813
-0.674025668218507,-0.814734031929882,1.25770062995226,2473.43763333333,889,813
-0.684999931769105,-0.815051611997502,1.25916385843976,2473.471,889,813
-0.694736185619532,-0.814795557119334,1.26133222079295,2473.50436666667,889,813
-0.39735538860475,-0.00129044374235743,0.851093903376522,2473.53773333333,890,813
-0.136976127681345,1.08316970483611,0.964779754104637,2473.40426666667,888,814
-1.85382088833722,-0.843523621373078,1.23798502100747,2475.80666666667,891,815
-1.86235536046883,-0.845463432769461,1.23638799909372,2475.84003333333,891,815
-1.8720816749812,-0.843654476675857,1.23210866840698,2475.8734,891,815
4.16040107791881,4.60935134673696,4.5999883577479,2566.79756666667,892,816
5.01824152380268,5.18209730803145,0.106784861499839,2623.35406666667,893,817
5.0014843709476,5.16245310709041,0.106913040934809,2623.38743333333,893,817
4.19363749402678,4.7108335750961,0.256776450474167,2625.0224,894,818
4.17583504527031,4.70140251866211,0.258730426962635,2625.05576666667,894,818
3.33245571099662,4.1986991089235,0.530051975634531,2626.65736666667,895,819
3.31368675188346,4.19437663869349,0.539460076669227,2626.69073333333,895,819
3.29845785054707,4.19135390225436,0.546305316059952,2626.7241,895,819
3.2779511705369,4.18208104696036,0.553898190825763,2626.75746666667,895,819
2.6076293290993,3.63359317988581,0.816210644549476,2628.19223333333,896,820
2.58391539648663,3.60890216522712,0.821798333746881,2628.2256,896,820
2.55227010119536,3.57936921139233,0.826698823988724,2628.25896666667,896,820
2.52714953000727,3.55453476033701,0.832282573844304,2628.29233333333,896,820
2.49806943161176,3.52906915541057,0.838436385919741,2628.3257,896,820
2.47002370595538,3.50517747494166,0.844906907373111,2628.35906666667,896,820
2.4533681929271,3.48997386303514,0.850130121070106,2628.39243333333,896,820
2.43007466044197,3.47377882717374,0.857370236020618,2628.4258,896,820
2.41256895880646,3.46150904744879,0.86342174555031,2628.45916666667,896,820
1.83560641019017,2.57362551427032,1.05755904086835,2630.06076666667,897,821
1.82246343607813,2.55242319850961,1.06214237534859,2630.09413333333,897,821
1.80752406464613,2.53044936753752,1.0665781506864,2630.1275,897,821
1.79419156564121,2.51028014986887,1.07201373564129,2630.16086666667,897,821
1.78187128230484,2.49324841148166,1.07882757017801,2630.19423333333,897,821
1.77061141549447,2.47805778995247,1.08583149043051,2630.2276,897,821
1.75907566748393,2.46289692229901,1.09264749788722,2630.26096666667,897,821
1.74878308739926,2.44962002202497,1.09839027725691,2630.29433333333,897,821
1.7347861010348,2.4342921211162,1.1047225378043,2630.3277,897,821
1.72332981161948,2.41918835320798,1.11032511643076,2630.36106666667,897,821
1.71202665301899,2.40363486851519,1.11553181138477,2630.39443333333,897,821
1.69923510043714,2.38857185181788,1.12128801936501,2630.4278,897,821
1.68914093469281,2.37268131892794,1.12817217891381,2630.46116666667,897,821
1.23700276159749,0.863855153642165,1.13417833103531,2632.39643333333,898,822
1.22081966465028,0.843654802434504,1.13343566919979,2632.4298,898,822
1.20364903091763,0.825609842795379,1.13353066213812,2632.46316666667,898,822
1.18640216687358,0.809227819278898,1.13406389969456,2632.49653333333,898,822
1.16982280857286,0.79416915633183,1.13614042610783,2632.5299,898,822
1.15367354432847,0.780452669375586,1.13934581138159,2632.56326666667,898,822
1.13752238296409,0.767293001774756,1.14296649644144,2632.59663333333,898,822
1.12195438296837,0.754894893601459,1.14723782111233,2632.63,898,822
1.10785012055246,0.743245620200526,1.15173725379947,2632.66336666667,898,822
1.09361821561547,0.731127275425909,1.15653436169719,2632.69673333333,898,822
1.0795775141428,0.719010415463474,1.16106572846545,2632.7301,898,822
1.0631025807982,0.705330633020692,1.16486884993441,2632.76346666667,898,822
1.05090590197507,0.692895236844096,1.16940292197708,2632.79683333333,898,822
0.653283218555372,0.689794457027004,1.08948918089331,2634.4318,899,823
0.544111911804683,0.682066065073545,0.945704079692875,2634.632,900,823
1.08910951909205,-1.18848050072034,2.03074253079876,2636.86756666667,901,824
1.09480973216139,-1.1905008564238,2.03546761982786,2636.90093333333,901,824
1.10081318307064,-1.18369321956397,2.03435446624177,2636.9343,901,824
1.24415711694076,-1.37368477459697,2.10697624140454,2653.98466666667,902,825
0.458226106804805,1.36352196055786,1.12946293634191,2654.08476666667,903,826
-4.3499432568806,-4.09282581184034,5.01244181858102,2691.1885,904,827
0.987178685455175,2.56402540655444,0.770166100298999,2695.22586666667,905,828
-4.53547025095924,-2.49358361996691,5.51025087547819,2695.82646666667,906,829
-4.50750615282107,-2.45708743687183,5.49856218971475,2695.85983333333,906,829
-4.2447289712054,-1.99165976906504,6.33768526885806,2698.3957,907,830
-4.26589894381792,-2.00421007854319,6.38036370830485,2698.42906666667,907,830
-4.28703794682029,-2.01844726380839,6.42685273224822,2698.46243333333,907,830
2.27405940316035,2.95047525758567,0.858660667105966,2699.32996666667,908,831
0.569169367807427,2.28080663003232,0.769903552354942,2714.84546666667,909,832
1.22250798219743,5.18088464009217,1.41275806515248,2719.34996666667,910,833
1.29495250529705,3.86923221153165,1.26240684706357,2721.58553333333,911,834
1.29161490293734,3.8497484301287,1.26160932138734,2721.6189,911,834
1.29140941978106,3.83944765597248,1.26340908545789,2721.65226666667,911,834
1.52195305238021,3.02087738173053,1.08642480540751,2723.85446666667,912,835
1.52370788270864,3.00759480616863,1.0847914281921,2723.88783333333,912,835
1.52698351372353,2.9971606728797,1.08314693060917,2723.9212,912,835
1.52984582508532,2.98544317850869,1.08162522206565,2723.95456666667,912,835
1.88980855927992,2.5007108970732,1.02838617858722,2726.25686666667,913,836
1.8915064988258,2.50249713714873,1.03113376922463,2726.29023333333,913,836
1.89419596351084,2.50462505597703,1.03308942987292,2726.3236,913,836
2.42687731403056,2.61857846801529,1.20512448551237,2728.79273333333,914,837
1.31706431655568,-1.24103632776601,2.25792799390454,2728.79273333333,915,838
1.37626262262885,-1.66656207361849,2.68198058135234,2730.19413333333,916,839
1.38129158107333,-1.67833288088434,2.69637383720606,2730.2275,916,839
1.3894035252024,-1.69667011945706,2.71559030029823,2730.26086666667,916,839
1.90201569644233,-1.98516332478601,3.14086749444175,2731.86246666667,917,840
1.91076863478898,-1.99004419369258,3.14609936939039,2731.89583333333,917,840
1.91987875948331,-2.00511929441798,3.15923391067256,2731.9292,917,840
-3.18405022412099,-1.74259607694186,6.45417165797527,2747.17776666667,918,841
-0.768743167883222,0.356595739002024,1.93101900772265,2845.57606666667,919,842
-0.763573586624109,0.356990603987768,1.93009017791895,2845.60943333333,919,842
-0.755510363028004,0.357326927629411,1.92793260869497,2845.6428,919,842
0.589781693368266,0.991172333214251,1.55813303070784,2853.38386666667,920,843
1.22545064627448,2.34924743572633,1.45362944387532,2860.4576,921,844
1.22657811102244,2.35422075471607,1.4563868298652,2860.49096666667,921,844
1.22773440980463,2.35782559454728,1.45779057410138,2860.52433333333,921,844
1.22776679865994,2.36169547149114,1.45957165402571,2860.5577,921,844
1.2279152336934,2.36440041672589,1.46116101151229,2860.59106666667,921,844
1.22795097870297,2.36705327265631,1.46231990919644,2860.62443333333,921,844
0.0500319324386312,2.24578009118245,0.586057370458209,2910.97473333333,922,845
0.113741681521789,0.921150514768598,1.96980367959675,2911.07483333333,923,846
-0.133548410644737,1.28369392879841,1.41905114297093,3063.39366666667,924,847
-0.131029337655221,1.28425156393461,1.41966063857384,3063.42703333333,924,847
-0.127390721960019,1.28605545834782,1.42131512148101,3063.4604,924,847
-0.124814723593974,1.28681436659541,1.42209885651053,3063.49376666667,924,847
0.259773575380241,1.25706519972271,1.52442891183993,3129.65986666667,925,848
-0.0791820450537898,1.07016783611168,1.63300013004687,3129.69323333333,926,848
0.28453176017036,1.16534122490336,1.75758394678173,3131.46166666667,927,849
0.88979877667781,1.8786796156173,1.26943982041938,3137.96816666667,928,850
1.00441129399433,2.11454354650766,1.21709998571446,3146.57676666667,929,851
0.318274871387515,1.93569050920426,1.3146416090556,3157.12063333333,930,852
1.84284337176734,-0.318117400637433,2.12566143715594,3267.09716666667,931,853
0.89171698174709,2.95651913838942,1.01449452493428,3343.50683333333,932,854
0.123284592649345,2.2875869423116,0.894366812418753,3753.9502,933,855
