-4.63430618392016,-1.64881893711367,1.63538219026885,106.3062,1,1
-4.65048312434848,-1.65284691599528,1.63735729962198,106.339566666667,1,1
-4.64278332820128,-1.64228473790057,1.63226676402365,106.372933333333,1,1
-4.65573196647502,-1.64274752498296,1.63329231079721,106.4063,1,1
-4.68516686832702,-1.64338013444016,1.63594828335187,106.439666666667,1,1
-4.72902394721591,-1.61750634676963,1.60755856221737,107.140366666667,2,1
-4.74000479170624,-1.62003526585069,1.60752618536643,107.173733333333,2,1
-4.7292462303298,-1.61761358867533,1.6051689298375,107.2071,2,1
-4.72299975955475,-1.61500040381604,1.60238873429858,107.240466666667,2,1
-1.46336724243616,1.30394841220387,1.91800510169293,107.240466666667,3,2
-1.45049960039073,1.30059674551705,1.92493642784974,107.273833333333,3,2
-1.43471698751212,1.29558451185487,1.93101321663821,107.3072,3,2
-1.41695343673608,1.2869044958887,1.93421410717244,107.340566666667,3,2
-1.40292794606233,1.27966277038497,1.94121765012851,107.373933333333,3,2
-1.38915023834102,1.27298721068875,1.94629986154932,107.4073,3,2
-1.37763795233091,1.26619447417309,1.95243515437704,107.440666666667,3,2
-1.36374047902041,1.25849167560993,1.95689828381834,107.474033333333,3,2
-1.3478648936933,1.25049892160915,1.95981711996171,107.5074,3,2
-1.33391669721176,1.24300663852028,1.96298105535745,107.540766666667,3,2
-1.32049810895202,1.23673593255657,1.966660892795,107.574133333333,3,2
-1.31372107924831,1.23274389508624,1.9745493563097,107.6075,3,2
-1.15537408352039,1.1638701954452,2.02363575442235,108.174733333333,4,2
-1.14886736921804,1.15986253045734,2.02733536471931,108.2081,4,2
-1.14075721602755,1.15575983830167,2.03063921917965,108.241466666667,4,2
-1.13184603989763,1.15303058766072,2.03252433128362,108.274833333333,4,2
-1.12352595007951,1.15237851552561,2.03681794118038,108.3082,4,2
-1.11168802902336,1.14882759391383,2.03772980419015,108.341566666667,4,2
-1.09951685727923,1.14547905225958,2.03951870098752,108.374933333333,4,2
-1.08888576454933,1.14232916563329,2.04086713634211,108.4083,4,2
-1.08110268637534,1.14001079863857,2.04446341749717,108.441666666667,4,2
-1.07074890511145,1.13586615362604,2.04578391955799,108.475033333333,4,2
-1.06140540785313,1.13175510959133,2.04817592410428,108.5084,4,2
-1.05079173547879,1.12613115158966,2.04957193535542,108.541766666667,4,2
-1.04534215905729,1.12301155668105,2.05416544554384,108.575133333333,4,2
5.18390051324683,-1.04008225868171,2.24723759458326,109.109,5,3
5.19450269732839,-1.04401369806701,2.25114614218764,109.142366666667,5,3
5.20294880800729,-1.04549269333176,2.25347460894995,109.175733333333,5,3
5.202578785169,-1.04545029502299,2.25416135440189,109.2091,5,3
5.20762036762821,-1.04713297645182,2.25478181865331,109.242466666667,5,3
5.20530015837842,-1.04686837036957,2.25419637541684,109.275833333333,5,3
5.20812059395956,-1.0447189783469,2.25413756033166,109.3092,5,3
-5.34322774751379,-0.836923577784766,1.13022119562243,113.546766666667,6,4
-5.31451227592857,-0.835073885989865,1.13341580214852,113.580133333333,6,4
-5.32554402647188,-0.84287371288398,1.13476815466452,113.6135,6,4
2.03146307830213,5.36986332175229,0.914343388088922,116.149366666667,7,5
2.05646720431884,5.46536831511993,0.916246585406107,116.182733333333,7,5
2.06363077218323,5.48828380099322,0.917078235039105,116.2161,7,5
2.07061086463688,5.51797337184792,0.918236741042965,116.249466666667,7,5
2.06590281555039,5.49680629592498,0.916830735984754,116.282833333333,7,5
0.750899854402011,0.562357786600493,0.655901458551156,116.3162,8,6
0.5285176027556,1.26091372520628,1.87518759709815,116.983533333333,9,7
0.530222611906679,1.26184553997963,1.87708103531315,117.0169,9,7
0.531937118628104,1.26090420035203,1.87661006361304,117.050266666667,9,7
0.533498432645896,1.25989302123955,1.87722360446943,117.083633333333,9,7
0.533105475203255,1.25689049580337,1.87759182903311,117.117,9,7
0.53176727642119,1.2546095012789,1.88109432296433,117.150366666667,9,7
0.530272352128866,1.25108832684604,1.88340434203806,117.183733333333,9,7
0.529170932744223,1.24704942410385,1.88413460467595,117.2171,9,7
0.52806838916597,1.24264042309388,1.88458121901471,117.250466666667,9,7
0.527242077131571,1.23718916761487,1.88452422778533,117.283833333333,9,7
0.526904153271061,1.23171404452673,1.88318150074515,117.3172,9,7
0.514030277392495,1.20809245111624,1.90446422590202,117.750966666667,10,7
0.512868877525713,1.20721988721693,1.90569774730288,117.784333333333,10,7
0.510257373251178,1.20570121294213,1.9080566739561,117.8177,10,7
0.50786681958713,1.20263310271369,1.90821280378967,117.851066666667,10,7
0.504212127349448,1.20048078926362,1.91031884977277,117.884433333333,10,7
0.500205251666881,1.19702461804662,1.91078299517459,117.9178,10,7
0.497758696584689,1.19351889250495,1.91187990119133,117.951166666667,10,7
0.495448278100257,1.19110297079281,1.91503296155845,117.984533333333,10,7
0.491828321682038,1.18610586328571,1.91590174288398,118.0179,10,7
0.488662494286435,1.18190549766686,1.91676160150059,118.051266666667,10,7
0.48261429194356,1.1799292061744,1.91982307232192,118.084633333333,10,7
0.477796892344392,1.18030994226256,1.92165537368771,118.118,10,7
-5.24690622058821,-0.642604129728068,0.840235566311298,119.7196,11,8
2.23954217873824,2.21643776726082,2.09154844203718,125.191733333333,12,9
2.2428239915233,2.21736701586154,2.09202220384708,125.2251,12,9
2.24473193687362,2.21931788477218,2.09226697287946,125.258466666667,12,9
2.24738061851178,2.2209184730849,2.0920951473543,125.291833333333,12,9
2.6099993678071,0.191311004211301,1.79467781387886,133.967166666667,13,10
2.61186084886223,0.190514545278431,1.7929535113198,134.000533333333,13,10
2.6136913904601,0.189195507999393,1.7896749993205,134.0339,13,10
2.61951887360653,0.188185686252118,1.788992858776,134.067266666667,13,10
2.62428433040812,0.187020877432559,1.78806265796459,134.100633333333,13,10
2.63299826820204,0.186170959294376,1.78849811264191,134.134,13,10
2.63550913221122,0.185689764860702,1.78597068255999,134.167366666667,13,10
2.70425844018133,0.206549681918405,1.77390936192639,134.7346,14,10
2.70593260890187,0.206163869284948,1.7739134685364,134.767966666667,14,10
2.71707687624392,0.209443592356142,1.77978308139706,134.801333333333,14,10
2.72202589336149,0.2121629172571,1.78136968940271,134.8347,14,10
2.71943211113845,0.214861819980094,1.77825405290674,134.868066666667,14,10
-1.40760486603042,-1.72068069275083,2.21230736881273,143.910433333333,15,11
-1.42697107152437,-1.73428203105891,2.22024856958632,143.9438,15,11
-1.43656949526399,-1.73884332972153,2.2200184331794,143.977166666667,15,11
-1.45125749006371,-1.74925010783975,2.22447483215994,144.010533333333,15,11
-1.45867201262933,-1.75373954083543,2.22508411000541,144.0439,15,11
-1.47222493951869,-1.76213007321854,2.22903770849539,144.077266666667,15,11
-1.4734930437703,-1.76317938826265,2.22473069835363,144.110633333333,15,11
-1.58737349830862,-1.88357207558974,2.28465020532809,144.6445,17,11
-1.5887791867976,-1.88905620713983,2.2887560939009,144.677866666667,17,11
-1.5888089608873,-1.89427149853471,2.29056380495556,144.711233333333,17,11
-1.59336313040267,-1.90292115682914,2.29766416227534,144.7446,17,11
-1.59478457691774,-1.90839825941579,2.30129313663974,144.777966666667,17,11
-1.59915177872585,-1.9167488228143,2.30734637420222,144.811333333333,17,11
-1.58849302361352,-1.91305174898469,2.30264087406587,144.8447,17,11
-1.59456199694058,-1.92212604627454,2.31074559088132,144.878066666667,17,11
-1.59031001201927,-1.92097802437472,2.30814241907259,144.911433333333,17,11
-1.62351033668062,-2.00033752944978,2.37275650597417,145.4453,19,11
-1.62144849809446,-2.00181902971816,2.37288894040045,145.478666666667,19,11
-1.62144849809446,-2.00181902971816,2.37288894040045,145.512033333333,19,11
-1.62795997211192,-2.00877236502803,2.37809019310648,145.5454,19,11
-1.62573866382841,-2.00864623074141,2.3778230800735,145.578766666667,19,11
-0.397100631090891,6.72077973534957,1.43432020035627,144.377566666667,16,12
-0.407901984935435,6.80264183022165,1.44219645656998,144.410933333333,16,12
-0.399869889646846,6.76298228332569,1.43915906340888,144.4443,16,12
-0.388241137977418,6.71064745306775,1.43388118389608,144.477666666667,16,12
-0.403643072678146,6.68190357981248,1.43661685009269,145.211733333333,18,12
-0.413212165448533,6.73550224762667,1.44243199467451,145.2451,18,12
-0.417738799662749,6.7726137132233,1.44661407488256,145.278466666667,18,12
0.827225462011382,0.499478921228043,0.413788956381582,147.413933333333,20,13
0.827478589101694,0.499612155580248,0.413733616104218,147.4473,20,13
0.827594439417394,0.499319180836655,0.41379505812788,147.480666666667,20,13
0.827928141704611,0.499305841198251,0.413866457172287,147.514033333333,20,13
0.827908319306629,0.499313240766146,0.41384105461102,147.5474,20,13
0.827683641309917,0.503450729059057,0.411540774326581,147.580766666667,20,13
0.827650158711583,0.503489580785882,0.411362740271546,147.614133333333,20,13
-0.741912789882563,-0.790242393269745,2.11344689315441,153.386566666667,21,14
-0.740814699312892,-0.786437801902474,2.11488199661018,153.419933333333,21,14
-0.737700424185391,-0.78103495259014,2.11387119652818,153.4533,21,14
-0.733480724563299,-0.777011759441424,2.11280032299513,153.486666666667,21,14
-0.72987385496827,-0.77257653427699,2.11214235479859,153.520033333333,21,14
-0.729908746718756,-0.76943113063573,2.1135545875768,153.5534,21,14
-0.728977730007564,-0.765296269452496,2.11491407390829,153.586766666667,21,14
-0.728847593587461,-0.760585394489946,2.1145571388339,153.620133333333,21,14
-0.727788763210224,-0.753749874527607,2.11438891841531,153.6535,21,14
-0.725742175293511,-0.746498432670221,2.1120412947754,153.686866666667,21,14
-0.725406587876254,-0.740862402060636,2.11275868037673,153.720233333333,21,14
-0.698494337035028,-0.670484158211651,2.10658280638534,154.120633333333,22,14
-0.69519252463993,-0.666461820402459,2.10620535127091,154.154,22,14
-0.690595496575529,-0.662918129202557,2.10358488539493,154.187366666667,22,14
-0.687890481091097,-0.659867785499558,2.10385767226497,154.220733333333,22,14
-0.684597836720927,-0.657620491555669,2.10407147339047,154.2541,22,14
-0.683861893673482,-0.656431316023003,2.10590233392229,154.287466666667,22,14
-0.682511701458192,-0.654637305824756,2.1072526265573,154.320833333333,22,14
-0.679333944912858,-0.653029303272363,2.10611589029361,154.3542,22,14
-0.673466993790089,-0.651773544904623,2.1028950015313,154.387566666667,22,14
-0.670257876940158,-0.653051460166216,2.10121727274057,154.420933333333,22,14
-0.670106888487655,-0.655213452380065,2.1030956055369,154.4543,22,14
-0.667724587920489,-0.656803037757857,2.1031909985401,154.487666666667,22,14
-0.668143984461042,-0.658300017333185,2.1070128335043,154.521033333333,22,14
-0.654443457297435,-0.637331331817847,2.11091552034108,154.8547,23,14
-0.654374090707071,-0.635396871717973,2.11349799650916,154.888066666667,23,14
-0.651690010992662,-0.631160585214303,2.11225803525909,154.921433333333,23,14
-0.650841281002072,-0.628703204528058,2.11100769602714,154.9548,23,14
-0.650929823667729,-0.626166158297298,2.11156849986934,154.988166666667,23,14
-0.651689562546492,-0.624811702235154,2.11108922357747,155.021533333333,23,14
-0.651881344023135,-0.622565248273809,2.11012771726994,155.0549,23,14
-0.654581929843976,-0.621305131610739,2.11176871010718,155.088266666667,23,14
-0.654645895139072,-0.619570331431171,2.1096633952821,155.121633333333,23,14
-0.654577206794568,-0.618126559066061,2.10725817908603,155.155,23,14
-0.654314220053713,-0.618752681896264,2.10810056508607,155.188366666667,23,14
-0.658952681189701,-0.61870750493087,2.11248737663621,155.221733333333,23,14
9.52442889275922,-9.31855140825355,11.533104677747,157.390566666667,24,15
9.5485526975729,-9.3466720124035,11.5704674638951,157.423933333333,24,15
0.825210467446296,0.50565979014259,0.411771608032075,162.228733333333,25,16
0.824990436097191,0.505844700929164,0.411452396486147,162.2621,25,16
0.826379578923053,0.500310178285873,0.414324036480841,162.295466666667,25,16
0.826977868996758,0.499907780541309,0.414341366200211,162.328833333333,25,16
0.826961978402379,0.499943671406235,0.414449780765588,162.3622,25,16
0.827070908058509,0.500035797173186,0.414278876072546,162.395566666667,25,16
0.827063440468187,0.500184977643732,0.414054312900787,162.428933333333,25,16
0.826083508523977,0.505252250187114,0.410673222865363,162.4623,25,16
0.825657535500495,0.505478930842278,0.410946831466972,162.495666666667,25,16
0.826232908249366,0.500301742511097,0.414347373436254,163.196366666667,26,16
0.827618384158505,0.499638189776937,0.413582955520862,163.229733333333,26,16
0.82784820529918,0.499726480235283,0.413411261550945,163.2631,26,16
0.828093543949643,0.499540307936601,0.413358189095524,163.296466666667,26,16
0.828103636390451,0.49955089524166,0.413399685867415,163.329833333333,26,16
0.828025985101565,0.499616447651334,0.413537712275838,163.3632,26,16
0.827834443532157,0.499668703703153,0.413821948633966,163.396566666667,26,16
0.826632821588984,0.505469908556428,0.410368458197423,163.429933333333,26,16
0.825934668061397,0.505407301245903,0.410538842942414,163.4633,26,16
0.825087202933786,0.505863469635082,0.411091436278648,164.164,28,16
0.825833154934796,0.506457951044528,0.410291291337223,164.197366666667,28,16
0.827040955767814,0.49989728327514,0.413745330213829,164.230733333333,28,16
0.827333301868746,0.499822329624554,0.413683833546457,164.2641,28,16
0.827575020252902,0.499701801148033,0.41343960949597,164.297466666667,28,16
0.827487942434608,0.499744759634189,0.413526064308747,164.330833333333,28,16
0.826354290325,0.506169997659339,0.409903135278316,164.3642,28,16
0.825544166640624,0.505698594741056,0.410587349157363,164.397566666667,28,16
0.824369128492677,0.5054592866565,0.411303920378173,164.430933333333,28,16
-0.199727057680292,-0.904710000113831,1.54739653927682,163.997166666667,27,17
-0.201932089878832,-0.901015703761454,1.54699571183395,164.030533333333,27,17
-0.203403170558558,-0.897678447186213,1.54606577023735,164.0639,27,17
-0.203953913521118,-0.893152046081608,1.54427496010568,164.097266666667,27,17
-0.204734736957272,-0.889331547696011,1.5440005293003,164.130633333333,27,17
-0.206543941503214,-0.885738776995833,1.54414837729697,164.164,27,17
-0.206955663434974,-0.880247316031663,1.54417227346599,164.197366666667,27,17
-0.205474423614891,-0.874048371742615,1.54262663496683,164.230733333333,27,17
-0.203957091605557,-0.867139687985036,1.54261119863708,164.2641,27,17
-0.203904443558708,-0.861261773585568,1.54321056912091,164.297466666667,27,17
-0.20460233734045,-0.853839681717568,1.54390335166032,164.330833333333,27,17
-0.205598614245769,-0.846848522124613,1.54444495903572,164.3642,27,17
-0.204479119966745,-0.840202512053812,1.5421683997832,164.397566666667,27,17
-0.208977542102982,-0.78676257330078,1.5731454383875,164.7646,29,17
-0.206301711501765,-0.784929150004168,1.57467934831655,164.797966666667,29,17
-0.204523412211206,-0.783195547238973,1.57644088522804,164.831333333333,29,17
-0.204682724754905,-0.783617384253428,1.58042058364974,164.8647,29,17
-0.203221488526347,-0.783610980133674,1.58140270201501,164.898066666667,29,17
-0.200966835796745,-0.784394951655854,1.58374895805946,164.931433333333,29,17
-0.200157736537223,-0.786095805676665,1.58671132630853,164.9648,29,17
-0.198014166585907,-0.786920924244945,1.58907037941726,164.998166666667,29,17
-0.198257090201198,-0.789349718229314,1.59448592022597,165.031533333333,29,17
-0.196128500728438,-0.790842236087502,1.59764668386971,165.0649,29,17
-0.195668119482611,-0.792971245829863,1.60239569334184,165.098266666667,29,17
-0.192974999949286,-0.79400718041108,1.60461997895561,165.131633333333,29,17
-0.191530920378036,-0.796023497869567,1.60852983082591,165.165,29,17
7.26882218060282,8.1365744561464,2.51345486997465,166.6665,30,18
6.8568158205018,8.05629507046019,2.48584021563712,167.333833333333,31,18
6.84355344056413,8.05266494344283,2.48329049291214,167.3672,31,18
0.573927853951115,-2.33430613402565,1.9614635294257,171.4713,32,19
0.573078779698018,-2.32988787884537,1.95734620480324,171.504666666667,32,19
0.566318123686763,-2.33994210143456,1.96099586634874,171.538033333333,32,19
0.564037629491561,-2.34507488601724,1.96167369258733,171.5714,32,19
0.560481677888556,-2.35827292841433,1.96804166757997,171.604766666667,32,19
0.55735969791841,-2.36356376388973,1.97067414198415,171.638133333333,32,19
0.553993281684132,-2.38019659939527,1.97796348455874,171.6715,32,19
0.5133793457253,-2.42102706391286,1.96807458229966,172.2721,33,19
0.510847940045537,-2.41325982491159,1.96459553790814,172.305466666667,33,19
0.507163074479021,-2.42103670661287,1.9705957311409,172.338833333333,33,19
0.504134269735708,-2.42870986571662,1.97794350365936,172.3722,33,19
0.502346584801205,-2.42511079266685,1.97646978360518,172.405566666667,33,19
0.50048694955647,-2.42333024954981,1.97537974733812,172.438933333333,33,19
0.49935451896757,-2.42197642852599,1.97456905994093,172.4723,33,19
4.86212286777407,6.15210161993936,2.44103065200239,173.173,34,20
4.88149921014336,6.18262098044369,2.44943755009778,173.206366666667,34,20
4.8753779670724,6.17838346885009,2.44799302898496,173.239733333333,34,20
4.73578733119394,5.8704802920073,2.40315124604365,173.907066666667,35,20
4.72100633518774,5.854972349721,2.39931062919173,173.940433333333,35,20
4.76720946427296,5.90935731710068,2.41718356566304,173.9738,35,20
4.76113450444064,5.90150696313066,2.42145641058672,174.007166666667,35,20
4.73831908761535,5.86599983295992,2.41130591766197,174.040533333333,35,20
4.71968389029386,5.83908966056459,2.40831072931269,174.0739,35,20
1.97164886747684,-2.51000854346157,2.07118331745264,180.847333333333,36,21
1.97488118410876,-2.51454992023504,2.07551057041257,180.8807,36,21
1.97727703187913,-2.51731337663016,2.07929369310058,180.914066666667,36,21
1.96922456155084,-2.50405865578589,2.07479292239464,180.947433333333,36,21
1.96578467548108,-2.49683247148575,2.07291265588173,180.9808,36,21
1.96942862478299,-2.50360944437413,2.07898891334114,181.014166666667,36,21
1.96425741493948,-2.4929646129089,2.07398600881185,181.047533333333,36,21
1.96352613896164,-2.49164882261741,2.075695918325,181.0809,36,21
1.93793997873429,-2.47232968764154,2.10527509573532,181.614766666667,37,21
1.94082193982813,-2.47575186732413,2.10722709023227,181.648133333333,37,21
1.94825146080756,-2.4840650590117,2.11611727695893,181.6815,37,21
1.94229366368094,-2.47123874820499,2.11011628906069,181.714866666667,37,21
0.823753255687744,0.501657817873516,0.418963670187831,184.8847,38,22
0.823688402602924,0.502284212770948,0.4186693052684,184.918066666667,38,22
0.823808183022478,0.502304536753507,0.418565111501042,184.951433333333,38,22
0.823399749940879,0.502490095625538,0.418641261297185,184.9848,38,22
0.823415696809825,0.502357031036892,0.418718835668037,185.018166666667,38,22
0.823255377188208,0.502152760847465,0.418783993277756,185.051533333333,38,22
0.823501071067772,0.501554399905308,0.419208558419541,185.0849,38,22
0.823626504629595,0.501877110636753,0.418838595534074,185.818966666667,39,22
0.823364491844284,0.503563274383586,0.417694450934791,185.852333333333,39,22
0.823592667341838,0.503561796540938,0.417230721329539,185.8857,39,22
0.823627872197398,0.503738026146489,0.416884150450398,185.919066666667,39,22
0.823700656224379,0.503806083288749,0.416792307995761,185.952433333333,39,22
0.823895353377363,0.503501147213219,0.416821804609595,185.9858,39,22
0.824062891296327,0.50298643632167,0.41714923339008,186.019166666667,39,22
0.824256544496245,0.501464122376008,0.418435488770819,186.052533333333,39,22
0.823936602913059,0.502405629275626,0.419048787027594,186.7866,43,22
0.824214018914322,0.503561773717737,0.417591231409269,186.819966666667,43,22
0.824210389603852,0.503527166530667,0.417641913343445,186.853333333333,43,22
0.824145083584616,0.503643956681987,0.417627318267583,186.8867,43,22
0.823997997619842,0.50363382454813,0.417755949907843,186.920066666667,43,22
0.824504692206743,0.502183638837569,0.418521850454336,186.953433333333,43,22
0.824155022729683,0.501965345655538,0.419030664892448,186.9868,43,22
0.824077256681412,0.501751195740741,0.419610920635096,187.020166666667,43,22
5.38590560714345,4.95840963933301,1.75907960028404,185.9858,40,23
5.39794754299499,4.93973629308284,1.71160973167045,186.753233333333,42,23
5.38229588240056,4.918935719565,1.70862842253768,186.7866,42,23
5.18112282967858,-1.04912291289108,2.27041279304074,186.619766666667,41,24
5.19360530944165,-1.0532579789634,2.27523411978047,186.653133333333,41,24
5.18817229570596,-1.05126929569909,2.27281141354373,186.6865,41,24
5.18817229570596,-1.05126929569909,2.27281141354373,186.719866666667,41,24
5.18645221957024,-1.05101645645946,2.27202763598139,186.753233333333,41,24
2.25925065390129,-2.46968064582688,1.42205191951328,193.8937,44,25
2.25639563520777,-2.46458044298457,1.42091406207143,193.927066666667,44,25
-0.856534070488634,1.02973299957289,0.342741314270507,200.934066666667,45,26
-0.856356376828204,1.02955616513507,0.342921530774177,201.868333333333,46,26
-0.858028138596128,1.03112434088582,0.343391049739442,201.9017,46,26
-0.855968850279113,1.03051082470365,0.34327448147326,201.935066666667,46,26
-0.857436643070699,1.03094112469114,0.342690111658024,201.968433333333,46,26
-0.855968850279113,1.03051082470365,0.34327448147326,202.0018,46,26
-0.857322422183729,1.03039026227005,0.343360223057332,202.035166666667,46,26
-0.85714181156338,1.03034559098174,0.344270697695533,202.869333333333,47,26
-0.857177973416924,1.03035410936092,0.344538391962004,202.9027,47,26
-0.856370933271421,1.03010848555993,0.344003856986492,202.936066666667,47,26
-0.852882558920247,1.02906219566948,0.343520137603816,202.969433333333,47,26
-0.856370933271421,1.03010848555993,0.344003856986492,203.0028,47,26
-0.856585932652567,1.02982774900105,0.344445752378679,203.036166666667,47,26
-0.858764731392419,1.03081752466453,0.344477887264918,203.069533333333,47,26
5.22114602221387,-1.05794175399579,2.28267370447309,240.506933333333,48,27
5.19431842107781,-1.05250090471433,2.27264456877324,240.5403,48,27
5.1931456387049,-1.05203400713661,2.27163547082264,240.573666666667,48,27
5.1931456387049,-1.05203400713661,2.27163547082264,240.607033333333,48,27
5.21230345135099,-1.05477357044096,2.27950686965733,240.6404,48,27
5.1895645093828,-1.05070650292813,2.26980689108179,241.241,49,27
5.20943041351987,-1.05360485963306,2.27669260057077,241.274366666667,49,27
5.21464361490304,-1.0555330108926,2.27935187656726,241.307733333333,49,27
5.20943041351987,-1.05360485963306,2.27669260057077,241.3411,49,27
-0.820055333031705,1.04554364289231,0.351119485954936,242.8426,50,28
-0.817076670490001,1.0440550846367,0.350623191652545,242.875966666667,50,28
-0.819242126652052,1.04452288272365,0.350052055202279,242.909333333333,50,28
-0.818956688459191,1.04443244891347,0.349858513847369,242.9427,50,28
-0.819853663653798,1.04471242817368,0.349515183879383,242.976066666667,50,28
-0.819853663653798,1.04471242817368,0.349515183879383,243.009433333333,50,28
-0.820333189712725,1.04515629727932,0.349558559574852,243.0428,50,28
-0.819407387678289,1.04482677174227,0.350140225902401,243.076166666667,50,28
-0.821677768452771,1.04464634202203,0.349561967633558,243.8436,51,28
-0.819563746165836,1.04398169286458,0.349370465428981,243.876966666667,51,28
-0.821329593328095,1.04377248754167,0.349137148686812,243.910333333333,51,28
-0.821329593328095,1.04377248754167,0.349137148686812,243.9437,51,28
-0.821903938705556,1.04431131158624,0.349101009962262,243.977066666667,51,28
-0.821707214616167,1.04413974380592,0.348981878146854,244.010433333333,51,28
-0.821305862859736,1.04491234571888,0.349576469351774,244.0438,51,28
-0.823608222357434,1.04643446088211,0.349704386408901,244.077166666667,51,28
-0.822470808614039,1.04553561487398,0.350180487061345,244.877966666667,52,28
-0.81857760660643,1.04405836829398,0.350064757838122,244.911333333333,52,28
-0.822361134804065,1.04524086233991,0.349093234767589,244.9447,52,28
-0.819208304218824,1.04387376821723,0.349951147568976,244.978066666667,52,28
-0.820551543109373,1.04429365641417,0.349672156400718,245.011433333333,52,28
-0.820551543109373,1.04429365641417,0.349672156400718,245.0448,52,28
-0.821536119789987,1.04524025099703,0.349384419794639,245.078166666667,52,28
-0.821459995946242,1.04576142105269,0.350167320687973,245.111533333333,52,28
0.0348869086152981,0.243170232728583,0.603452853166903,245.1449,53,29
0.836788028440237,0.495400833917199,0.384046945047521,251.6514,54,30
0.843277778610486,0.491666615534195,0.375871967067736,251.684766666667,54,30
0.843455442637583,0.491706943129267,0.375880021518661,251.718133333333,54,30
0.841521933445647,0.492177954583173,0.376947401821561,251.7515,54,30
5.15003765950406,-1.0618766614579,2.2642647694647,269.702766666667,55,31
5.15940479070447,-1.06093232297862,2.26986180587393,270.3701,56,31
5.17615672511863,-1.06711862490356,2.27708132427614,270.403466666667,56,31
5.17615672511863,-1.06711862490356,2.27708132427614,270.436833333333,56,31
5.17721748876509,-1.06743559749104,2.27657567483689,270.4702,56,31
5.17810620235604,-1.06369297881509,2.27414647113684,270.503566666667,56,31
5.15766182275715,-1.06181817784767,2.26935625620254,271.137533333333,57,31
5.16522241217227,-1.06563185027603,2.2719453328905,271.1709,57,31
5.1570986623455,-1.0644055839931,2.26844413355246,271.204266666667,57,31
0.812449737859464,0.485542147573173,0.534151037217428,302.0017,58,32
0.812572138562986,0.485604563110044,0.53434646281021,302.035066666667,58,32
8.83200985751212,-0.394812755847576,3.2916636613142,322.5222,59,33
8.88303796985145,-0.394126256037978,3.3165055691631,322.555566666667,59,33
3.56232472612273,-5.19418851500517,2.90851572896327,323.656666666667,60,34
3.53019258172902,-5.13951031737306,2.88224348128241,323.690033333333,60,34
3.50772488093118,-5.1195409822195,2.87303857516937,323.7234,60,34
5.26231831771834,-0.0395017058292828,2.96889721787741,327.660666666667,61,35
5.24455686520305,-0.0385123390553997,2.96121151720794,327.694033333333,61,35
5.23046524064506,-0.0404182089513623,2.95583077448338,327.7274,61,35
5.22827926324496,-0.0401962528722309,2.95752046586497,327.760766666667,61,35
2.38448725905832,-4.96825190488021,2.62451808551338,331.297633333333,62,36
2.39919986696346,-5.02037954232559,2.64507218465193,331.331,62,36
2.38013920014939,-4.96707074955651,2.62545439546001,331.364366666667,62,36
2.39916353158063,-5.02505955994737,2.65156742012526,331.397733333333,62,36
2.37760606634842,-4.9736891387294,2.63239297142143,331.4311,62,36
2.35254315721207,-4.86345745198103,2.62468290521059,332.098433333333,63,36
2.36056280620852,-4.88571394889918,2.63218836999261,332.1318,63,36
2.37747728037933,-4.9227771775037,2.64827656262801,332.165166666667,63,36
2.38374176093742,-4.93959687798084,2.65561854707394,332.198533333333,63,36
2.37693146709584,-4.91922297551783,2.64754806927042,332.2319,63,36
2.35523273918596,-4.86283627290679,2.62722369515313,332.265266666667,63,36
3.15929857992294,-0.372355275954942,2.71452789109234,333.366366666667,64,37
3.13492884169724,-0.366049342806732,2.7074425102963,333.399733333333,64,37
3.11315359808767,-0.361819344554457,2.70434364233624,333.4331,64,37
0.643564994315607,-0.92252143827014,0.295239153134357,334.567566666667,65,38
0.645502439620817,-0.92130959401748,0.295473505735892,334.600933333333,65,38
0.645946099034331,-0.919243027833369,0.296906547637302,334.6343,65,38
0.644838324426449,-0.922554650063553,0.294531702971783,334.667666666667,65,38
0.606710213890999,-0.954353742407511,0.278055942019159,334.701033333333,65,38
0.647765473391046,-0.943871308113972,0.290086295600274,334.701033333333,65,38
0.607166951927415,-0.955372759375434,0.277244973072714,334.7344,65,38
0.647270304747243,-0.943848853060827,0.29025450870751,334.7344,65,38
0.607538949662012,-0.953612053294891,0.278637305219938,334.767766666667,65,38
0.64783957497073,-0.943015978296341,0.290680686092022,334.767766666667,65,38
0.64612068855759,-0.917546110114974,0.298204156964535,334.801133333333,65,38
0.629299473125134,-0.94683153432291,0.285487889241598,335.601933333333,66,38
0.629261919616706,-0.943443471100938,0.286484296637151,335.6353,66,38
0.627064482244802,-0.944955989558636,0.285983299664833,335.668666666667,66,38
0.626848412610856,-0.946360323239146,0.28696052970394,335.702033333333,66,38
0.627463852102703,-0.945520552822877,0.287754681900507,335.7354,66,38
0.627775244261317,-0.946073566998245,0.287943949959708,335.768766666667,66,38
0.625286693108411,-0.946755319662548,0.287293195599847,335.802133333333,66,38
0.627040939550899,-0.942325489785098,0.290225656822759,335.8355,66,38
-1.90364864305688,-1.1424249101514,2.00900885282047,339.8395,67,39
-1.93865840763903,-1.1430776612628,2.00220962650296,339.872866666667,67,39
-1.97386418290723,-1.1426773714019,1.99314140039198,339.906233333333,67,39
2.56177920421585,-3.8506250626222,3.02477606601901,340.34,68,40
2.56106672322547,-3.84589311597505,3.02558897923548,340.373366666667,68,40
2.56596391692248,-3.8506530884852,3.03475647991037,340.406733333333,68,40
2.55321196816718,-3.82534435977745,3.02050616673256,340.4401,68,40
2.54812471884341,-3.81512031999798,3.01735825752476,340.473466666667,68,40
2.51195930620504,-3.77153790249968,3.02237595501498,341.107433333333,69,40
2.51298750504048,-3.77611594220815,3.02566386866969,341.1408,69,40
2.52274959898205,-3.79756180090834,3.04022342947742,341.174166666667,69,40
2.52274959898205,-3.79756180090834,3.04022342947742,341.207533333333,69,40
2.51636448504021,-3.78715614196068,3.03534391601689,341.2409,69,40
2.52240720567959,-3.80415526111377,3.04646141396033,341.274266666667,69,40
2.50579663361437,-3.776868779165,3.02851931061066,341.307633333333,69,40
5.15373597651621,-1.08440310195059,2.25252793407001,349.716033333333,70,41
5.14972340442482,-1.08279188189017,2.25215559273265,349.7494,70,41
5.15585153224142,-1.08474161142087,2.2539872179045,349.782766666667,70,41
5.15585153224142,-1.08474161142087,2.2539872179045,349.816133333333,70,41
5.15907480861863,-1.08525387847755,2.25622234089683,350.416733333333,72,41
5.15738220786314,-1.08483374169826,2.25643934168395,350.4501,72,41
5.1467459064287,-1.08170300244891,2.25123301643889,350.483466666667,72,41
5.15029262334617,-1.08305117927299,2.2529786705912,350.516833333333,72,41
5.15869954856422,-1.08434903112859,2.25588451359365,350.5502,72,41
5.15621934026358,-1.08097401492784,2.25421990671042,350.583566666667,72,41
5.13667442133269,-1.07796942262278,2.24746755559102,351.1508,75,41
5.15863972899997,-1.08517390128864,2.2550438874277,351.184166666667,75,41
5.15807616975975,-1.08412338330647,2.25571608955429,351.217533333333,75,41
5.16275286254397,-1.08581654962022,2.2569793919348,351.2509,75,41
5.15863972899997,-1.08517390128864,2.2550438874277,351.284266666667,75,41
5.15780864413409,-1.08336292638624,2.25543676154816,351.317633333333,75,41
4.01489346446025,-3.03995766598652,3.04488096853809,350.016333333333,71,42
4.00255720669903,-3.02198194755768,3.03219342629859,350.0497,71,42
4.19037596043463,-3.00816074507941,3.13945653745327,350.783766666667,73,42
4.1859888954877,-2.99514783151351,3.13472750795854,350.817133333333,73,42
4.20972513974428,-3.00432220711685,3.14770941135325,350.8505,73,42
4.20149088516944,-2.98944378978735,3.13811059770814,350.883866666667,73,42
2.20700333413883,11.9020684334527,5.32245645591786,351.1508,74,43
2.21563455425955,11.7884873718834,5.27955947495589,351.617933333333,76,43
-9.41641189848841,1.7356123160706,2.60445453064942,357.123433333333,77,44
4.50298374805591,-0.664443465275091,2.98967431934018,358.591566666667,78,45
4.50374431409059,-0.666877136067625,2.99316398580335,358.624933333333,78,45
4.5047265489246,-0.669340270807625,2.99566254213648,358.6583,78,45
4.50367617298938,-0.67068504414745,2.99728891516931,358.691666666667,78,45
4.51686426834608,-0.676093661538569,3.00905085525993,358.725033333333,78,45
4.52620337017701,-0.679084497777982,3.01437722668268,358.7584,78,45
4.62547023332247,-0.732955690636704,3.06886907729899,359.392366666667,79,45
4.62796894440508,-0.733855103231414,3.07096692052673,359.425733333333,79,45
4.63130843158949,-0.735290491294456,3.07403639314511,359.4591,79,45
4.63801671937489,-0.737446697150977,3.07762949571902,359.492466666667,79,45
4.64537705407291,-0.740736144345056,3.08341277463438,359.525833333333,79,45
4.65265412575898,-0.742152237987996,3.08826115095659,359.5592,79,45
0.836801134617011,0.516121816969503,0.364868626536677,362.128433333333,80,46
0.836821817660087,0.516352342715567,0.365836115893725,362.1618,80,46
0.83689325578832,0.516361865786381,0.365703505432385,362.195166666667,80,46
0.837048042316903,0.516348600620511,0.365652101652451,362.228533333333,80,46
0.837045254693205,0.516305252216436,0.365670817872646,362.2619,80,46
0.837063386205772,0.51619674080753,0.365740555985896,362.295266666667,80,46
0.836974287358188,0.516186326515515,0.36567740086824,362.328633333333,80,46
0.837156049009365,0.514520762097805,0.367073615443436,362.362,80,46
0.83817847664001,0.516037480393186,0.364743729332672,363.129433333333,81,46
0.838521103017996,0.515945108899737,0.364681764967477,363.1628,81,46
0.838496760457571,0.515945681325299,0.364659457699863,363.196166666667,81,46
0.838237392826756,0.516028073608102,0.364812464608338,363.229533333333,81,46
0.838144333234297,0.51589146072876,0.36487135265102,363.2629,81,46
0.838161244140657,0.51413615337254,0.366063512486376,363.296266666667,81,46
3.13599695592424,0.970752125314915,3.04935439856486,367.333633333333,82,47
3.13228839787098,0.96753542100993,3.0465059384405,367.367,82,47
3.12943293134772,0.965534578004877,3.04497599701049,367.400366666667,82,47
3.13613156405498,0.966628334132331,3.05400824866316,367.433733333333,82,47
3.12996839362766,0.963473957320739,3.04985722195762,367.4671,82,47
3.12663059080613,0.962054174604306,3.04909330044143,367.500466666667,82,47
3.12412356933567,0.961554496475111,3.05099377551059,367.533833333333,82,47
3.1291270680869,0.926575701161365,3.04663655148109,368.101066666667,84,47
3.13105048119734,0.92403417027849,3.04699110165559,368.134433333333,84,47
3.13278534986128,0.922886875985927,3.04647499597223,368.1678,84,47
3.12935338740226,0.918383658896901,3.04019772457392,368.201166666667,84,47
3.12891178325246,0.915123528813763,3.03735614305277,368.234533333333,84,47
3.13234633353754,0.912748727436199,3.03678296840093,368.2679,84,47
3.13709374509021,0.910791891483897,3.03718350027893,368.301266666667,84,47
3.13561803660899,0.907201148880594,3.03050022417992,368.334633333333,84,47
3.13459803178158,0.904297653382955,3.02439591948496,368.368,84,47
5.17083463436637,-1.09126584942583,2.25712227862476,367.367,83,48
5.16189835791423,-1.08987830359649,2.25431773761955,367.400366666667,83,48
5.17419439850313,-1.09178988961168,2.25844095599829,367.433733333333,83,48
5.18773805809869,-1.09776245508941,2.26406320152818,367.4671,83,48
5.16729120663665,-1.09070823395033,2.25528018977584,367.500466666667,83,48
0.92486229909085,2.81204053906104,2.25590134618174,375.2749,85,49
0.922096596963033,2.80019962799881,2.24741311583121,375.308266666667,85,49
0.920757146638347,2.80713659371962,2.25089338464806,375.341633333333,85,49
0.917749525488516,2.79515031694998,2.24356889527238,375.375,85,49
0.912150397027125,2.78349491051976,2.23683356105183,375.408366666667,85,49
0.902717995038462,2.76694193745015,2.22940056158362,375.441733333333,85,49
0.870897402579472,2.77893392503248,2.30225415142381,375.9756,86,49
0.869232041715108,2.7705209115061,2.30199882995774,376.008966666667,86,49
0.868043146121799,2.76516601199944,2.30580671080124,376.042333333333,86,49
0.869187516608416,2.76600548694142,2.31264043607354,376.0757,86,49
0.870902128032718,2.76784012714974,2.31991712097049,376.109066666667,86,49
0.87595954738755,2.76838259367324,2.32471066328945,376.142433333333,86,49
0.880159805285279,2.77650667903736,2.33318996542646,376.1758,86,49
0.769876129910287,2.06912081225165,1.81136122936117,381.647933333333,87,50
0.76785518114147,2.06780761749872,1.81292410897275,381.6813,87,50
0.765546207361907,2.06202938325501,1.81146565150515,381.714666666667,87,50
0.762233521122095,2.05939617258016,1.81081569809184,381.748033333333,87,50
0.757368434773515,2.05742592659467,1.81209008354412,381.7814,87,50
0.75141690207957,2.05330852088505,1.81178272624581,381.814766666667,87,50
0.66629363010251,1.97713502501994,1.82715450649966,382.348633333333,88,50
0.66397506345692,1.97711260164739,1.82967407267726,382.382,88,50
0.660488463190852,1.97529200702014,1.83248689677181,382.415366666667,88,50
0.655296262209064,1.97552665711454,1.83645145567648,382.448733333333,88,50
0.651575876104659,1.96783865187703,1.83359544068174,382.4821,88,50
0.64586008165475,1.96408248477602,1.83487527322536,382.515466666667,88,50
0.640575386169866,1.96005423587024,1.8353925755786,382.548833333333,88,50
0.635624428336051,1.95486090339417,1.83612549587544,382.5822,88,50
0.565367173907086,1.93971425602329,1.90127655773149,383.0827,89,50
0.561569873924799,1.94097812296444,1.90365348926032,383.116066666667,89,50
0.557682024966433,1.94294591054718,1.90775620593119,383.149433333333,89,50
0.551506810312796,1.94569681039686,1.91185097813348,383.1828,89,50
0.546808370453858,1.94612231774822,1.91467550219514,383.216166666667,89,50
0.545289360016193,1.94859350612715,1.9170054763577,383.249533333333,89,50
0.542031614608431,1.94697889157823,1.91662711222714,383.2829,89,50
0.541430932613537,1.94560999158522,1.91680561655636,383.316266666667,89,50
0.539534680472607,1.94567290673199,1.91639436342334,383.349633333333,89,50
2.17317456278503,0.698403803879567,0.923651151037071,383.5832,90,51
2.16996667870276,0.695760616993929,0.923146822891021,383.616566666667,90,51
2.16664521712499,0.693968122639796,0.922887877882083,383.649933333333,90,51
2.16736568002728,0.694105743169269,0.92253139874768,383.6833,90,51
2.16773067827798,0.693551870931897,0.922693990563398,383.716666666667,90,51
2.16729112281258,0.693704131171563,0.922561027120538,383.750033333333,90,51
2.16669591114773,0.694223837775879,0.922683813260039,383.7834,90,51
2.16980356379585,0.696065425287394,0.923084499018158,383.816766666667,90,51
2.17188515806434,0.698151850315812,0.923625756090938,383.850133333333,90,51
2.17048480386489,0.697939881176834,0.923682558519048,383.8835,90,51
2.17174860785101,0.698023577044306,0.925373017970201,384.5842,91,51
2.16634640030768,0.693613230112646,0.924475568077273,384.617566666667,91,51
2.16668158471982,0.693641347302809,0.92476753823211,384.650933333333,91,51
2.16765580414464,0.693275691866045,0.924283940389123,384.6843,91,51
2.16697139233689,0.692691808632042,0.923540561422053,384.717666666667,91,51
2.1669488866033,0.69278183778157,0.924084042742901,384.751033333333,91,51
2.16724658889064,0.692951854393839,0.92388659055307,384.7844,91,51
2.16863332291027,0.694077957758471,0.925090691177221,384.817766666667,91,51
2.16618272375265,0.694107394674234,0.924238528946469,384.851133333333,91,51
2.17237249176197,0.698065560597788,0.925556482650603,384.8845,91,51
2.17108335918537,0.69798985994517,0.925372597965773,384.917866666667,91,51
-0.52814411065005,1.63138195435269,2.0911817126677,388.9886,92,52
-0.535785626614243,1.63121380683436,2.09126948547781,389.021966666667,92,52
-0.542535054741099,1.6344433967411,2.09369818688803,389.055333333333,92,52
-0.545972047334634,1.63261840511053,2.09191460610346,389.0887,92,52
-0.550221512429937,1.62792407591989,2.08876160245236,389.122066666667,92,52
-0.556796878808402,1.62240293647351,2.0877737988986,389.155433333333,92,52
-0.565331433427726,1.61920083752423,2.08860490583082,389.1888,92,52
-0.576018782637598,1.62086166716007,2.09268841043418,389.222166666667,92,52
-0.71941406799573,1.64179212354057,2.08278164333732,389.756033333333,93,52
-0.729440818760322,1.64123074732859,2.08252891977987,389.7894,93,52
-0.734212962694166,1.63625227157816,2.07646060784524,389.822766666667,93,52
-0.748139607211498,1.63733902378616,2.07803411974096,389.856133333333,93,52
-0.760710163445064,1.63497273149631,2.07671577630177,389.8895,93,52
-0.772978667962489,1.63273782333413,2.07417131876078,389.922866666667,93,52
-0.783348029241558,1.62978792467977,2.07045636136514,389.956233333333,93,52
0.592704790512247,-0.992446747991594,0.489121682297884,392.024966666667,94,53
0.594795491306419,-0.988674648727767,0.489658003239882,392.058333333333,94,53
0.594286347342754,-0.992976518089433,0.487880379811795,392.0917,94,53
0.5945362672378,-0.992944499151255,0.487751532023496,392.125066666667,94,53
0.593295322480986,-0.997463453414636,0.486791114932395,392.158433333333,94,53
0.593739447233294,-0.998369198895354,0.486670772199053,392.1918,94,53
0.594229995005547,-0.999642320043939,0.486026176788934,392.225166666667,94,53
0.593690785361567,-1.00290509990884,0.485856702390629,392.258533333333,94,53
0.591823558446955,-1.0150851374708,0.482429760679687,392.2919,94,53
0.590718338945383,-1.00691314330103,0.48922949233042,393.0927,95,53
0.590556921154208,-1.01150544417553,0.487523224049412,393.126066666667,95,53
0.591656844166609,-1.013987816058,0.486387859475913,393.159433333333,95,53
0.592724516608528,-1.00594877518631,0.489216087441535,393.1928,95,53
0.592217945367311,-1.00761142739049,0.489246446666586,393.226166666667,95,53
0.591453069111673,-1.0143601137816,0.487185614094555,393.259533333333,95,53
0.590531467449675,-1.02225635382945,0.485157695893604,393.2929,95,53
0.583627085125273,-1.03498404869695,0.487440880560342,394.1938,96,53
0.585158483601265,-1.02637010549941,0.490569930599735,394.227166666667,96,53
0.587054223354389,-1.01835122776017,0.492491464634057,394.260533333333,96,53
0.59070177305764,-1.00202002252916,0.496473923764876,394.2939,96,53
0.59192869673,-0.999743039584893,0.496787973668522,394.327266666667,96,53
0.592740971430017,-0.998489830631895,0.496937086484553,394.360633333333,96,53
0.592600776261509,-0.997338832244514,0.497220917209312,394.394,96,53
-0.867850512357181,1.46653622872157,1.93769380008048,397.063333333333,97,54
-0.86727741507241,1.47174894781858,1.93918891732409,397.0967,97,54
-0.86013759551589,1.47325364781339,1.93463437969298,397.130066666667,97,54
-0.852590659733309,1.47397168184335,1.93076494758348,397.163433333333,97,54
-0.851693802565015,1.47695968414534,1.93057715780911,397.1968,97,54
-0.850785350461922,1.47729269694685,1.93005471169559,397.230166666667,97,54
-0.850581439124609,1.47630507125971,1.92578561308071,397.263533333333,97,54
-0.853720765133975,1.4788536280655,1.9254343976923,397.2969,97,54
-0.841997038515062,1.52386814381676,1.91679613430762,397.864133333333,98,54
-0.847488914914742,1.52830296160826,1.9166779935639,397.8975,98,54
-0.850541131284697,1.5315778527641,1.91407567970108,397.930866666667,98,54
-0.851972307768109,1.53301206258167,1.91048572430561,397.964233333333,98,54
-0.852964455948329,1.53390779786985,1.90555676720139,397.9976,98,54
-0.858719411628572,1.53650847606717,1.90433468932847,398.030966666667,98,54
-0.86324528517021,1.54210048796891,1.90285610420843,398.064333333333,98,54
-0.870098951697132,1.54666148004241,1.90639671500117,398.564833333333,99,54
-0.867219961883042,1.54378309493532,1.90679642265969,398.5982,99,54
-0.86394980409315,1.53750669552965,1.90498927785076,398.631566666667,99,54
-0.868294207978152,1.53692960801249,1.90964612182599,398.664933333333,99,54
-0.868991167576806,1.53123115722248,1.91004546592821,398.6983,99,54
-0.146276593696861,1.33556096970623,1.72034192348709,405.171433333333,100,55
-0.144451753008716,1.33589039692658,1.72039467174522,405.2048,100,55
-0.143110071468752,1.33633595805576,1.72230383075389,405.238166666667,100,55
-0.140379057309857,1.3339424818043,1.72144437343313,405.271533333333,100,55
-0.138937449092797,1.33316141130358,1.72363008426208,405.3049,100,55
-0.134998502987985,1.33069144573539,1.72298724466153,405.338266666667,100,55
-0.132261622896021,1.33115101426623,1.72490734226699,405.371633333333,100,55
-0.127354089511621,1.32938985834546,1.72439057828111,405.405,100,55
-0.123148187732006,1.32806970201041,1.72443019147483,405.438366666667,100,55
-0.0911520811022076,1.32898723108862,1.7436036553142,405.972233333333,101,55
-0.0902151967203967,1.32937830784903,1.74622285015415,406.0056,101,55
-0.0883241421585653,1.32714632165816,1.74546395717211,406.038966666667,101,55
-0.0867754698149029,1.32742541860372,1.74724564568149,406.072333333333,101,55
-0.0841159713764104,1.32660670180554,1.74722325251897,406.1057,101,55
-0.081995543297304,1.32650067778233,1.74820735947803,406.139066666667,101,55
-0.0804436089440398,1.32515747778424,1.74916916568226,406.172433333333,101,55
-0.0779482392974581,1.32371674103049,1.75025225638563,406.2058,101,55
-0.0753905801549936,1.32272974036295,1.75137376783537,406.239166666667,101,55
-0.0746037484373253,1.32446635099767,1.75493882779763,406.272533333333,101,55
-0.070730017863068,1.32340679668206,1.75557704980289,406.3059,101,55
-0.385995275540574,-3.5915720140177,2.25379664128689,409.5091,102,56
-0.386028937718786,-3.63100719537319,2.2693919089915,409.542466666667,102,56
0.338881304093497,1.44651439642153,1.78512243426706,414.380633333333,103,57
0.339927649990099,1.44879110857449,1.78453063863005,414.414,103,57
0.340253742394853,1.45365906530841,1.7875307749614,414.447366666667,103,57
0.341086235985842,1.45396755329289,1.78745162688824,414.480733333333,103,57
0.342756130302798,1.45807589838213,1.78933391216342,414.5141,103,57
0.344379916948253,1.4592220891533,1.78953896094189,414.547466666667,103,57
0.345728820359119,1.46236166707153,1.79049513281921,414.580833333333,103,57
0.347347317672772,1.46411446978569,1.78906030668159,414.6142,103,57
0.392460519654995,1.50759915947244,1.82436231777632,415.181433333333,105,57
0.394791821127888,1.50867515356969,1.82778697378132,415.2148,105,57
0.397275597224691,1.51206461748773,1.83236716052549,415.248166666667,105,57
0.400121352557804,1.51387289466844,1.83460418959237,415.281533333333,105,57
0.402324507422483,1.51725433710425,1.83821621611078,415.3149,105,57
0.404471493012194,1.51951110165437,1.84038844263194,415.348266666667,105,57
0.406144442120269,1.52665001382368,1.84672687761213,415.381633333333,105,57
0.407199976708299,1.53151169395529,1.85194321412278,415.415,105,57
0.836719665516866,0.519477736502653,0.362415199148045,414.9145,104,58
0.836840789437087,0.519867742660152,0.362747559257676,414.947866666667,104,58
0.836640843314215,0.519609820410973,0.362800886485763,414.981233333333,104,58
0.836653113665,0.519588603261845,0.362822346564834,415.0146,104,58
0.836640320166065,0.517310634701233,0.363509873617587,415.047966666667,104,58
0.836253406681971,0.517398807436337,0.363909537823753,415.081333333333,104,58
0.83830684144779,0.520682674656371,0.361629364586737,415.848766666667,106,58
0.839343437044118,0.518116452245073,0.363898431523452,415.882133333333,106,58
0.838768400200939,0.518402820578286,0.364324507710386,415.9155,106,58
0.841317911903361,0.53724225047984,0.357080667562807,415.948866666667,106,58
0.841525442113879,0.537315053564545,0.357082336195122,415.982233333333,106,58
0.841525442113879,0.537315053564545,0.357082336195122,416.0156,106,58
0.838963129132864,0.518217227838446,0.364317292185768,416.048966666667,106,58
0.837283244480976,0.517465581543404,0.36405729730321,416.082333333333,106,58
2.20462087146369,-1.93862527356581,2.23375736834342,417.784033333333,107,59
2.21809817396716,-1.94074849565568,2.23816623925521,417.8174,107,59
2.22591567127759,-1.9365784121591,2.23839884798095,417.850766666667,107,59
2.23121331984007,-1.92899168838824,2.23640819776807,417.884133333333,107,59
2.24149579380904,-1.9265591554557,2.2392906092842,417.9175,107,59
2.24764234806526,-1.91870421903064,2.23811817211111,417.950866666667,107,59
2.25874677080244,-1.91886137582329,2.24285884063236,417.984233333333,107,59
2.26556369330604,-1.91401039269676,2.24301732572875,418.0176,107,59
2.35536214901206,-1.88618211738962,2.28625699351339,418.551466666667,108,59
2.35992857983939,-1.88587405378679,2.28884324301596,418.584833333333,108,59
2.36810271746045,-1.8882153416598,2.29628930367585,418.6182,108,59
2.37453093217274,-1.88831473381978,2.30032728467213,418.651566666667,108,59
2.37671933821536,-1.8814635584623,2.29844894232601,418.684933333333,108,59
2.38732810531089,-1.88468477107421,2.30833613183299,418.7183,108,59
2.38655321780772,-1.87809605442222,2.30685732647765,418.751666666667,108,59
2.38829599560109,-1.8728100159577,2.30773275597995,418.785033333333,108,59
2.39271283864821,-1.87049495470842,2.30822861861071,418.8184,108,59
0.733899721488772,1.33540411925566,1.93150234979633,422.555466666667,109,60
0.735595781171148,1.33232418492648,1.93076620655753,422.588833333333,109,60
0.736158357369419,1.33174399498124,1.93321488813567,422.6222,109,60
0.736430942852802,1.33207360526561,1.9353565287279,422.655566666667,109,60
0.735787459161822,1.32894584121905,1.93401213842863,422.688933333333,109,60
0.736581757107787,1.32689493747943,1.93395719500913,422.7223,109,60
0.737796704139221,1.323428049086,1.93325850093553,422.755666666667,109,60
0.739054438675061,1.31987609960441,1.93338079861762,422.789033333333,109,60
0.739998286780173,1.31490509152,1.93169660098889,422.8224,109,60
0.742264825128823,1.27893631690881,1.92196679417879,423.356266666667,110,60
0.74138803363089,1.27751858072377,1.92192881995863,423.389633333333,110,60
0.740482200915949,1.27584647175985,1.9218877429395,423.423,110,60
0.739327997747095,1.27306137257121,1.92018343193564,423.456366666667,110,60
0.739643096099657,1.27189349085181,1.92201993648628,423.489733333333,110,60
0.739595525534176,1.2710414737243,1.92264701906894,423.5231,110,60
0.739672857831806,1.26834259874369,1.92111162059087,423.556466666667,110,60
0.739458819757445,1.2662606719892,1.92013875164568,423.589833333333,110,60
0.738668055212061,1.2673238144485,1.92143715279152,423.6232,110,60
0.73753390859426,1.26816357568677,1.92095002387507,423.656566666667,110,60
0.737127154608795,1.26868983794558,1.91932957995775,423.689933333333,110,60
2.11249357294684,0.703913837288183,1.03118635777793,423.9235,111,61
2.11345167858633,0.704012132507876,1.03113155847114,423.956866666667,111,61
2.112400270383,0.703788902015478,1.03086109566184,423.990233333333,111,61
2.11194888214548,0.703368765161175,1.03058357506207,424.0236,111,61
2.1122161348017,0.703219417410527,1.03035749963471,424.056966666667,111,61
2.11162588195493,0.702795694107271,1.03033630048695,424.090333333333,111,61
2.11114976182346,0.702453454091233,1.0304582987417,424.1237,111,61
2.1118502863091,0.702675856151459,1.03077595773453,424.157066666667,111,61
2.11474991515419,0.70427404993775,1.03157530967148,424.857766666667,112,61
2.11533113865553,0.704605172253056,1.03172148317001,424.891133333333,112,61
2.11363480174702,0.703885982438904,1.03060350762174,424.9245,112,61
2.11316438228367,0.703946537272542,1.03111399921619,424.957866666667,112,61
2.11333263614005,0.704144435163442,1.03098584675595,424.991233333333,112,61
2.11358376406103,0.704238065635108,1.03109158546691,425.0246,112,61
2.11416595456076,0.704548499863546,1.03090077355957,425.057966666667,112,61
2.1133060957677,0.704294455028617,1.03137099044139,425.091333333333,112,61
2.11374607164653,0.704959070406815,1.03183685217158,425.1247,112,61
2.11292400158324,0.705519663098742,1.03136646703257,425.158066666667,112,61
1.1113454745175,1.59909658430759,1.58153163090553,431.197433333333,113,62
1.10962915182232,1.60234387121506,1.58194729416728,431.2308,113,62
1.10876763503282,1.60395680561244,1.58209139946871,431.264166666667,113,62
1.11002469071184,1.6042278435245,1.58143481329975,431.297533333333,113,62
1.11142996770657,1.60487089716985,1.58144284094515,431.3309,113,62
1.10581178855601,1.61745394866845,1.584378261118,431.998233333333,115,62
1.10434981880115,1.61601532760446,1.58368144039561,432.0316,115,62
1.10495350089115,1.62083506525596,1.58581982243041,432.064966666667,115,62
1.10348382853211,1.62057197363261,1.58475843426725,432.098333333333,115,62
1.10390881202543,1.62244135606637,1.58532206200641,432.1317,115,62
1.10173830450977,1.62167641675362,1.58466857162252,432.165066666667,115,62
1.09783227101869,1.61993873292707,1.58361659163789,432.198433333333,115,62
1.09672015960776,1.62273274087831,1.58632209437712,432.2318,115,62
1.06355186977149,1.60982034588801,1.58593820434122,432.765666666667,117,62
1.06575334236388,1.61147818955488,1.58815895782918,432.799033333333,117,62
1.0674278627996,1.61036425663953,1.58717993046266,432.8324,117,62
1.07045659520217,1.6128415210972,1.58860755189195,432.865766666667,117,62
1.07243324962457,1.61476850854244,1.58959735063783,432.899133333333,117,62
1.07227044748606,1.61616117485762,1.58996733039028,432.9325,117,62
1.07104073588368,1.61595379956454,1.58869383815624,432.965866666667,117,62
1.06862361546797,1.61573783962378,1.58805149834623,432.999233333333,117,62
1.06618260544192,1.61571362929786,1.5882763983912,433.0326,117,62
1.0613266439472,1.61112073049096,1.58596904874162,433.065966666667,117,62
1.05778990719298,1.6065484826152,1.5847318729621,433.099333333333,117,62
0.912707351392691,0.341325336190368,1.99623482271437,431.597833333333,114,63
0.921906864516763,0.350731272173667,1.9963820972228,431.6312,114,63
0.9322911401055,0.360618672203217,1.99667424547958,431.664566666667,114,63
0.942221135747403,0.370642958074663,1.99655078486667,431.697933333333,114,63
0.95213639794202,0.379951026664946,1.99560615041162,431.7313,114,63
0.962549507240938,0.388342863266677,1.99436406935699,431.764666666667,114,63
0.973364754119068,0.396742308238595,1.99524809731247,431.798033333333,114,63
0.983067753433009,0.406095689146297,1.99461913938842,431.8314,114,63
0.99138958859303,0.416093011124372,1.99564160475861,431.864766666667,114,63
1.06844396777989,0.594785102422496,2.00364301989887,432.432,116,63
1.06776301611751,0.598439571160884,1.99958447801707,432.465366666667,116,63
1.07057492633425,0.612641528291073,2.00890350146845,432.498733333333,116,63
1.07146054078487,0.62164346109893,2.01036923875698,432.5321,116,63
1.07301554397924,0.629620103613758,2.01281603878481,432.565466666667,116,63
1.07482465113844,0.636699007823863,2.01400773097957,432.598833333333,116,63
1.07757239854114,0.643146089296545,2.01650777111941,432.6322,116,63
1.08144808818549,0.650324750290248,2.02045734362028,432.665566666667,116,63
1.08455844472965,0.657241021509271,2.02160968948942,432.698933333333,116,63
1.08902844315042,0.665845419509825,2.02545975905995,432.7323,116,63
1.09273672558827,0.674648016218445,2.02752944565978,432.765666666667,116,63
1.01913382237123,1.97100863779253,1.39064911720151,439.005233333333,118,64
1.02144207904818,1.9774914791717,1.39263000413451,439.0386,118,64
1.02214086887147,1.97768086166759,1.39147013731921,439.071966666667,118,64
1.02148687402377,1.97546731073572,1.38978192877478,439.105333333333,118,64
1.02379881135979,1.98418434765801,1.39220026382605,439.1387,118,64
1.02287499660994,1.98469429304757,1.39042881716452,439.172066666667,118,64
1.02366691653509,1.99298682397857,1.3922565095266,439.205433333333,118,64
1.02338872550158,1.99637822039986,1.3914290443783,439.2388,118,64
0.999837083469542,2.06608784269842,1.40728443869877,439.8394,119,64
0.999528929088043,2.06682571316341,1.40685171962004,439.872766666667,119,64
0.999898738109429,2.07540006373031,1.41106936833711,439.906133333333,119,64
0.999564414489173,2.07551031467691,1.41172321392109,439.9395,119,64
0.999561124007397,2.07477290381157,1.41219447761383,439.972866666667,119,64
0.998452420454662,2.07386792984389,1.41340010060818,440.006233333333,119,64
0.999296421297383,2.08120826743831,1.41801728474105,440.0396,119,64
0.997978966982434,2.07627207760455,1.41794180505028,440.072966666667,119,64
0.996762529013881,2.08004783227606,1.42177174851453,440.106333333333,119,64
0.99431695365032,2.07620449837409,1.42125647984834,440.1397,119,64
2.10157125994408,0.706820430361831,1.03313537518301,446.312533333333,120,65
2.10361757841439,0.707009170140102,1.03380152955933,446.3459,120,65
2.10265289287388,0.706961352880481,1.03340531299209,446.379266666667,120,65
2.10185851344916,0.706346392636339,1.03287761739256,446.412633333333,120,65
2.10237183605897,0.70647064308467,1.03286192564288,446.446,120,65
2.10282944690859,0.707187470195007,1.03307965128204,446.479366666667,120,65
2.10212823950263,0.707005054108948,1.03293975343708,446.512733333333,120,65
2.10245216347002,0.706871604654054,1.03318821557704,446.5461,120,65
2.10359935725157,0.70785016586427,1.03371268070599,446.579466666667,120,65
2.10315239269787,0.708525383477244,1.03360995146453,446.612833333333,120,65
2.10188599519695,0.707494438104582,1.03310416692904,447.213433333333,121,65
2.10275120741463,0.707126478597432,1.03323706283693,447.2468,121,65
2.10360917460137,0.707346644266557,1.03331894625366,447.280166666667,121,65
2.10268370778257,0.707254381011546,1.03299337978536,447.313533333333,121,65
2.10268370778257,0.707254381011546,1.03299337978536,447.3469,121,65
2.10248412544611,0.707125990277998,1.03305193136672,447.380266666667,121,65
2.10268174163063,0.707284391834073,1.0331215102518,447.413633333333,121,65
2.1029406902453,0.707461505396773,1.03334872870275,447.447,121,65
2.10332241458175,0.707595130228177,1.03348188259349,447.480366666667,121,65
2.10201697866742,0.707199012829419,1.03310648214629,447.513733333333,121,65
2.10331218952392,0.708261579855393,1.03368413511092,448.1477,124,65
2.10192911100809,0.708074347041307,1.03355059178409,448.181066666667,124,65
2.10220545361315,0.707314418002945,1.03358742515065,448.214433333333,124,65
2.10148189174739,0.707210699902754,1.0331253071473,448.2478,124,65
2.10172750625568,0.707392282624128,1.03314933105644,448.281166666667,124,65
2.10172750625568,0.707392282624128,1.03314933105644,448.314533333333,124,65
2.10397342571434,0.708468203436633,1.03417492915093,448.3479,124,65
2.10424496704377,0.708342161537159,1.0346601225691,448.381266666667,124,65
2.10363249875943,0.708095689672549,1.03434229076443,448.414633333333,124,65
2.10335653315297,0.707336418077594,1.03421932861322,448.448,124,65
0.531638308280264,2.02277194449261,1.11321627315298,447.313533333333,122,66
0.530694092682241,2.01636150922698,1.10997859339838,447.3469,122,66
0.528335437091502,2.01164250592135,1.10711945340166,447.380266666667,122,66
0.524637646708847,2.02410765938068,1.09787096051203,448.080966666667,123,66
0.530823054324824,2.02244487970195,1.09464043554286,448.114333333333,123,66
0.538732010523851,2.00980390796433,1.08966745238875,448.1477,123,66
0.54442807715644,2.00459956772077,1.0876435075373,448.181066666667,123,66
0.549629697174891,2.00115159624131,1.08717823599549,448.214433333333,123,66
0.551474888488891,1.9989402574479,1.08617292612467,448.2478,123,66
0.553803893814722,1.99513763587769,1.08355353902512,448.281166666667,123,66
0.513908532645151,2.01836909569629,1.02778663183827,448.881766666667,126,66
0.510540309098794,2.01287644725414,1.02497647046113,448.915133333333,126,66
0.505730944208869,2.02008297681036,1.02418090582334,448.9485,126,66
0.499645150052754,2.03058441497437,1.02317097106763,448.981866666667,126,66
0.494811612413218,2.04031243938779,1.02073800448101,449.015233333333,126,66
0.487247415051252,2.05334178045691,1.01978490319737,449.0486,126,66
0.48161602805737,2.06140322803053,1.01716749214802,449.081966666667,126,66
0.476738124655748,2.08108172101986,1.01799380436436,449.115333333333,126,66
3.52683321304183,7.43718172863548,3.44488966159348,448.514733333333,125,67
3.49674062242767,7.41913951722533,3.44064176155626,448.5481,125,67
3.51059922657942,7.48677364256813,3.47403324365634,448.581466666667,125,67
3.46942440519954,7.43337417179855,3.4608800634038,448.614833333333,125,67
3.44852506890837,7.42200507496898,3.46224708960559,448.6482,125,67
3.44635641851645,7.46948206681912,3.48338385481391,448.681566666667,125,67
3.41823336244049,7.44890654147996,3.47891745919233,448.714933333333,125,67
3.11518260607392,7.34538006019104,3.53889150274807,449.215433333333,127,67
3.1071981997857,7.36299095636902,3.5512615856755,449.2488,127,67
3.09505558938799,7.38560666191493,3.56653303335237,449.282166666667,127,67
3.03673278753246,7.27730786147725,3.52287592617158,449.315533333333,127,67
3.04680125330453,7.36985538259217,3.56631772010156,449.3489,127,67
3.01911911112336,7.32978703880582,3.54980980279014,449.382266666667,127,67
2.77848480822444,7.17831309227419,3.54374403097345,449.882766666667,128,67
2.8133929465846,7.31394423813018,3.60078431230906,449.916133333333,128,67
2.75662865413255,7.17806991718819,3.54516748881822,449.9495,128,67
1.00922641970268,1.44863128157025,0.473280974260216,469.035233333333,129,68
1.00763329697553,1.44554909983127,0.473841332661067,469.0686,129,68
1.00764554684386,1.44571747604696,0.473699710633238,469.101966666667,129,68
1.00891139260257,1.44740828478438,0.47395865063289,469.135333333333,129,68
5.19887904484937,-1.15430249033552,2.0284215771137,470.3699,130,69
5.18245085630997,-1.15057212143003,2.024702582162,470.403266666667,130,69
5.18704452129638,-1.15134224278651,2.02567012927326,470.436633333333,130,69
5.18293828280859,-1.15075613316509,2.02482056304781,470.47,130,69
5.19240576471814,-1.15321756018448,2.02724519559694,470.503366666667,130,69
5.18627937586164,-1.15216269352998,2.02340385284435,470.536733333333,130,69
5.19322540993066,-1.15335557118805,2.02746409495969,471.103966666667,131,69
5.19860585408587,-1.15426374264072,2.02921648754218,471.137333333333,131,69
5.19172326597593,-1.1540734125352,2.02694654731655,471.1707,131,69
5.19172326597593,-1.1540734125352,2.02694654731655,471.204066666667,131,69
5.19705784394909,-1.15497307782818,2.02837118111187,471.237433333333,131,69
5.19152838916012,-1.15305483256689,2.0254935379552,471.2708,131,69
5.19327833472468,-1.15335203679268,2.02619042918964,471.838033333333,132,69
5.1961905014059,-1.15484771649138,2.02712104960702,471.8714,132,69
5.19152838916012,-1.15305483256689,2.0254935379552,471.904766666667,132,69
5.19901344941365,-1.15528304333973,2.02690407237279,471.938133333333,132,69
5.20459946090569,-1.15623197079489,2.02903312041665,471.9715,132,69
5.19141010264564,-1.15401401327087,2.02591800041087,472.004866666667,132,69
5.18627937586164,-1.15216269352998,2.02340385284435,472.038233333333,132,69
0.593116321536622,-0.190830213024973,0.714854687776431,472.7723,133,70
0.592685384544527,-0.190350709206823,0.714962195426997,472.905766666667,135,70
0.364796778064217,7.44360489804583,3.44500792361248,472.805666666667,134,71
0.367890758136576,7.43981597872627,3.44401657047438,472.839033333333,134,71
0.375002821625955,7.44861112696003,3.44719788323025,472.8724,134,71
0.515132725334227,7.26057381460114,3.44962739459099,473.539733333333,136,71
0.522763781047848,7.21729853483691,3.43286573432516,473.5731,136,71
0.524550852078689,7.29743841161829,3.46210496179177,473.606466666667,136,71
0.529565331091396,7.35666911653665,3.48728188659288,473.639833333333,136,71
3.63257478968426,2.65932577342849,2.62528494421259,485.852033333333,137,72
3.633547061443,2.65585661963918,2.62370056016774,485.8854,137,72
3.6323308291851,2.64968251730273,2.61957508854657,485.918766666667,137,72
3.62110362187158,2.63107535473365,2.60840229958266,485.952133333333,137,72
3.61773459681744,2.62086104402667,2.60384705550447,485.9855,137,72
3.7135280210744,2.43030356579568,2.49205917675213,486.7863,138,72
3.71515921797876,2.41697504560818,2.48325934415525,486.819666666667,138,72
-0.900344630860812,1.04723546727319,0.473140156847807,490.356533333333,139,73
-0.899403599199782,1.04638009995414,0.473338787511206,490.3899,139,73
-0.899417634901505,1.04637159728197,0.472984899133138,490.423266666667,139,73
-0.898671685391661,1.04569408796488,0.473104835033443,490.456633333333,139,73
-0.898671685391661,1.04569408796488,0.473104835033443,490.49,139,73
-0.899497218344328,1.04644898703531,0.472515112061556,490.523366666667,139,73
-0.900507155457965,1.04591325369089,0.472765405769251,490.556733333333,139,73
-0.899752484323696,1.04669525152841,0.473440655202394,491.2908,140,73
-0.899765560479334,1.04668620992622,0.47308679436275,491.324166666667,140,73
-0.900347233615148,1.04721392364956,0.473063975668808,491.357533333333,140,73
-0.89927782696329,1.046902258064,0.473344491193872,491.3909,140,73
-0.89927782696329,1.046902258064,0.473344491193872,491.424266666667,140,73
-0.898696784469614,1.04637493837293,0.473367209715391,491.457633333333,140,73
-0.898353418874774,1.04542665202085,0.473465909784334,491.491,140,73
-0.898867311637531,1.04588921198486,0.473798525622249,491.524366666667,140,73
-0.899011054862351,1.04601934624747,0.473825296831072,492.225066666667,141,73
-0.896980334923398,1.0451935044348,0.473894136365863,492.258433333333,141,73
-0.897417642857552,1.04559222048927,0.473696153611426,492.2918,141,73
-0.89808428881424,1.04619828307814,0.473577879313876,492.325166666667,141,73
-0.899752484323696,1.04669525152841,0.473440655202394,492.358533333333,141,73
-0.8990843954953,1.04608830678326,0.473559118697411,492.3919,141,73
-0.897344449723356,1.04552334794041,0.473962031082503,492.425266666667,141,73
-0.898175369372846,1.04601938644083,0.473163936809035,492.458633333333,141,73
-0.345924639139457,-8.40946159224646,1.57246835872722,494.494,142,74
-0.365241036690686,-8.57915692826038,1.58948730993058,494.527366666667,142,74
-0.347489498634844,-8.40345908537561,1.56852560312836,494.560733333333,142,74
-0.365067032544083,-8.51498429407695,1.57930657403155,494.5941,142,74
-0.351077775341383,-8.40761651806295,1.56997701803025,494.627466666667,142,74
-0.383756994807445,-8.69118286101518,1.61719724055382,495.5951,143,74
-0.448474978366641,-9.22901268873857,1.68056417816588,495.628466666667,144,74
-0.641383639479992,-10.7916483260507,1.86687780600831,495.661833333333,145,75
-0.694680077363753,-11.2301473883187,1.92063268980595,495.6952,146,75
5.18017927635098,-1.1342729003085,2.03905077330585,496.229066666667,147,76
5.18703464157248,-1.13520505326346,2.04266931989,496.262433333333,147,76
5.18855335431407,-1.13697448494141,2.04166676515802,496.2958,147,76
5.1887841458946,-1.13700577924429,2.04099336105246,496.329166666667,147,76
5.19443226563267,-1.13795706032493,2.04431623899829,496.362533333333,147,76
5.18703464157248,-1.13520505326346,2.04266931989,497.029866666667,148,76
5.18703464157248,-1.13520505326346,2.04266931989,497.063233333333,148,76
5.18703464157248,-1.13520505326346,2.04266931989,497.0966,148,76
5.18703464157248,-1.13520505326346,2.04266931989,497.129966666667,148,76
5.18703464157248,-1.13520505326346,2.04266931989,497.163333333333,148,76
5.18703464157248,-1.13520505326346,2.04266931989,497.1967,148,76
5.17918557783292,-1.1339162777889,2.04076592293906,497.864033333333,149,76
5.16706164463469,-1.13191452366057,2.03671550091289,497.8974,149,76
5.18487242900618,-1.13612529738669,2.04335523566929,497.930766666667,149,76
5.17918557783292,-1.1339162777889,2.04076592293906,497.964133333333,149,76
5.18776864424181,-1.13534084146638,2.04507348828728,497.9975,149,76
0.828755202924323,0.500596084923412,0.416485363297655,500.766933333333,150,77
0.8285290948068,0.500839994646735,0.416608946422952,500.8003,150,77
0.828475214140225,0.500886997232311,0.416745697219817,500.833666666667,150,77
0.828496530732225,0.500784230212957,0.4168152791463,500.867033333333,150,77
0.828996752714496,0.500186660914676,0.416589744985427,500.9004,150,77
0.829129887558494,0.499404796609142,0.417091775802733,500.933766666667,150,77
0.828912401435587,0.501618620677362,0.415799085700083,501.734566666667,151,77
0.829293959447539,0.501645880264881,0.414778133532693,501.767933333333,151,77
0.829049634365311,0.50181195437599,0.414749164007086,501.8013,151,77
0.82910563132794,0.501732373000905,0.41466624892666,501.834666666667,151,77
0.828913269631212,0.501743785278153,0.414635405371184,501.868033333333,151,77
0.828958497144085,0.501446044344558,0.414920214095585,501.9014,151,77
0.828577683359904,0.500913675476585,0.41560342547171,501.934766666667,151,77
0.828676840861212,0.499698802585854,0.417595164470494,501.968133333333,151,77
0.828437646796034,0.501026421492267,0.415408971242847,502.668833333333,152,77
0.828776592995423,0.501670681404515,0.416023860220918,502.7022,152,77
0.828912989216805,0.501531967241857,0.415577470457221,502.735566666667,152,77
0.829121578421525,0.50163854627265,0.415162495496119,502.768933333333,152,77
0.829055006695742,0.501549761694216,0.415256752093238,502.8023,152,77
0.828720346294776,0.501417798165008,0.415601584050193,502.835666666667,152,77
0.828875428837328,0.500406338146935,0.416430826782952,502.869033333333,152,77
0.828221957790354,0.499437184615526,0.417403199388568,502.9024,152,77
0.554642626576923,-0.975943572291382,0.850314689685953,519.085233333333,153,78
0.556710348186728,-0.968198566906984,0.847949035019751,519.1186,153,78
0.557551581131105,-0.96287384876673,0.84751755959775,519.3188,154,78
5.1817426787024,-1.09386297585213,2.09650279433489,526.7262,155,79
5.17404970290679,-1.09059938841784,2.09428609149462,526.759566666667,155,79
5.17404970290679,-1.09059938841784,2.09428609149462,526.792933333333,155,79
5.17404970290679,-1.09059938841784,2.09428609149462,526.8263,155,79
5.17404970290679,-1.09059938841784,2.09428609149462,526.859666666667,155,79
5.16805434159921,-1.08870063104282,2.09229417414545,526.893033333333,155,79
5.19222627071062,-1.09548171019206,2.09854526707211,526.9264,155,79
5.16400781584267,-1.08808414589743,2.09247894941575,527.527,156,79
5.17200086821914,-1.09114562750368,2.09475541129532,527.560366666667,156,79
5.17200086821914,-1.09114562750368,2.09475541129532,527.593733333333,156,79
5.17200086821914,-1.09114562750368,2.09475541129532,527.6271,156,79
5.17747429628828,-1.09316656608095,2.09649397867131,527.660466666667,156,79
5.18161082453759,-1.0938151808259,2.09821620229904,527.693833333333,156,79
5.18954827897893,-1.09493302560922,2.10248388301194,527.7272,156,79
5.183261192778,-1.09092744637488,2.10056681446839,527.760566666667,156,79
5.17454911730197,-1.0920133319636,2.0988692661305,528.3278,157,79
5.1677082454261,-1.08953402552206,2.09736320268803,528.361166666667,157,79
5.16579762091045,-1.08871633024982,2.09508978233654,528.394533333333,157,79
5.16819604267187,-1.08957910837195,2.09548965680488,528.4279,157,79
5.16819604267187,-1.08957910837195,2.09548965680488,528.461266666667,157,79
5.19194338218079,-1.09592522331007,2.10488261752826,528.494633333333,157,79
5.19259884282142,-1.09438365675698,2.10598428343868,528.528,157,79
-8.43871117573178,-4.2311090404847,1.61568413619847,536.302433333333,158,80
-7.85253855693742,-4.24315571093488,1.70576357566229,537.003133333333,159,80
-7.88880440037937,-4.27015082478624,1.71661307815683,537.0365,159,80
-7.84344816045636,-4.26245989019362,1.71973684249407,537.069866666667,159,80
0.561662264462232,-0.923918988110681,0.885521744535327,537.169966666667,160,81
0.560699230954884,-0.931548978315248,0.888452328436322,537.203333333333,160,81
0.560930531879837,-0.929999091332773,0.887507249933411,537.2367,160,81
0.560798731592753,-0.930961975023665,0.887639299312769,537.270066666667,160,81
0.559732052357998,-0.93307362032824,0.888142604770591,537.303433333333,160,81
0.559870224099593,-0.933042766195142,0.887782277878476,537.3368,160,81
0.560667512300641,-0.929014790129831,0.886095113492225,537.370166666667,160,81
0.557957498031634,-0.943282560567197,0.893110290854671,538.070866666667,161,81
0.559149821175319,-0.941690822710058,0.892331488423518,538.104233333333,161,81
0.560007848910801,-0.939803059989987,0.891644509789114,538.1376,161,81
0.560602568201197,-0.938292788656654,0.890976047751936,538.170966666667,161,81
0.559813882721139,-0.941625160935604,0.891922543424339,538.204333333333,161,81
0.559848078723581,-0.941650957006441,0.89194200731912,538.2377,161,81
0.559673612337191,-0.941605146884865,0.89185921047619,538.271066666667,161,81
0.559308158235162,-0.94462559600658,0.893548350678418,538.304433333333,161,81
0.560143523512387,-0.943118446170176,0.892976911013065,539.105233333333,162,81
0.560944741776286,-0.941530756012032,0.892372190611687,539.1386,162,81
0.562309723218732,-0.935352487752935,0.889868208940014,539.171966666667,162,81
0.563707072185233,-0.928513030549478,0.887264897563171,539.205333333333,162,81
0.562874904191694,-0.930262238701659,0.887879167825503,539.2387,162,81
-3.50724007309586,-5.70136323366499,2.75899641870078,543.075866666667,163,82
-3.44682561757678,-5.65218771208498,2.74138223419321,543.109233333333,163,82
-3.41817488852497,-5.66010418445976,2.74602865975709,543.1426,163,82
-3.41175524099952,-5.68023061263648,2.75731486838091,543.175966666667,163,82
-3.39314765289424,-5.70036316865563,2.76492562161506,543.209333333333,163,82
5.16254445206897,-1.07188295560436,2.2074929094633,545.4449,164,83
5.16576012667855,-1.07188292942211,2.20649780417136,545.478266666667,164,83
5.16736674607653,-1.07241292834967,2.20883196863657,545.511633333333,164,83
5.16736674607653,-1.07241292834967,2.20883196863657,545.545,164,83
5.16785724525642,-1.07249902160261,2.21026198731117,545.578366666667,164,83
5.16076220390261,-1.0711373861969,2.20568690088746,545.611733333333,164,83
5.17338879111177,-1.0746379025896,2.21121091155453,545.6451,164,83
5.16224956895562,-1.07213171281969,2.21039246482904,546.2457,165,83
5.16940328798757,-1.07418927527935,2.21371530605607,546.279066666667,165,83
5.15892073392868,-1.07117052752096,2.21093461128058,546.312433333333,165,83
5.15892073392868,-1.07117052752096,2.21093461128058,546.3458,165,83
5.16257948296836,-1.07171704923948,2.21165319054641,546.379166666667,165,83
5.15410094453213,-1.07186072026829,2.20813711522284,546.412533333333,165,83
5.16049523591341,-1.06986412265817,2.21038049966291,546.4459,165,83
5.13991220625309,-1.06659801860714,2.20432949001205,546.979766666667,166,83
5.16373348993863,-1.07240427495217,2.21433709997254,547.013133333333,166,83
5.16318345011871,-1.07094905503588,2.21262187381456,547.0465,166,83
5.16318345011871,-1.07094905503588,2.21262187381456,547.079866666667,166,83
5.16318345011871,-1.07094905503588,2.21262187381456,547.113233333333,166,83
5.15359853704015,-1.06868273940724,2.21064764388893,547.1466,166,83
5.17724802962219,-1.07608126135876,2.2173673559996,547.179966666667,166,83
-4.39380931627627,-4.17180061086035,1.61716359301964,554.587366666667,167,84
-4.31038159066228,-4.1464853827873,1.59703296946189,554.7542,168,84
-4.28263218634042,-4.1301351215206,1.59234726326269,554.787566666667,168,84
-4.27149129786403,-4.12849641586411,1.59016552190766,554.820933333333,168,84
-4.25795560410233,-4.12267190560464,1.58682875309509,554.8543,168,84
-4.04004868242584,-3.988563772899,1.56709807933866,555.321433333333,170,84
-4.01281339165478,-3.97536978593464,1.56471695963397,555.3548,170,84
-4.02441146417217,-3.98803486904896,1.56817363885611,555.388166666667,170,84
-3.96632680961074,-3.949952782627,1.55751495282539,555.421533333333,170,84
0.830388893757519,0.508518365092549,0.384090126994034,555.087866666667,169,85
0.830486207764949,0.508494907798779,0.383870428988228,555.121233333333,169,85
0.830641965475005,0.508438691044453,0.38374525727901,555.1546,169,85
0.830546876352836,0.509473425387222,0.38299547356851,555.9554,171,85
0.831628992949536,0.508750858666899,0.381340193700068,555.988766666667,171,85
0.832101253419897,0.508314581075396,0.380216462954281,556.022133333333,171,85
0.832464258148018,0.508164445817774,0.379991893175763,556.0555,171,85
0.832207461873629,0.508282871011561,0.380314646953371,556.088866666667,171,85
0.832127267793472,0.50835002952936,0.380418831604165,556.122233333333,171,85
0.831992383037577,0.508272048421644,0.38041162562265,556.1556,171,85
0.831524648152429,0.507631667186017,0.381808699043304,556.188966666667,171,85
0.82953847957673,0.518837866826457,0.376498945660442,556.989766666667,172,85
0.830697106118909,0.509591424417634,0.380239457906117,557.023133333333,172,85
0.830704081957895,0.509634068805146,0.380240119101979,557.0565,172,85
0.830610858468262,0.509639498806626,0.379916355704411,557.089866666667,172,85
0.830694711852988,0.509700693983485,0.379858362734576,557.123233333333,172,85
0.830657617420782,0.509569115749667,0.379766758171683,557.1566,172,85
-1.16183381384504,-11.0607788027015,3.66070469590018,557.123233333333,173,86
-1.12942160269771,-10.8804678484934,3.60996796780766,557.1566,173,86
0.234539057695267,-0.322724733283087,1.57374117527448,563.0625,174,87
0.249054898028493,-0.310384100547518,1.5740337971125,563.095866666667,174,87
0.265933063173057,-0.296260657727263,1.57448088915845,563.129233333333,174,87
0.283574174847806,-0.282863489267171,1.57579490972637,563.1626,174,87
0.302433830143748,-0.269798776881471,1.57629138920744,563.195966666667,174,87
0.320805299903767,-0.258185023374339,1.57723004801689,563.229333333333,174,87
0.367776296382886,-0.233135482448033,1.58416969376267,563.296066666667,175,87
0.383071715850213,-0.225581361189121,1.5861749054475,563.329433333333,175,87
0.399920007645637,-0.217877367653064,1.58786253096876,563.3628,175,87
0.415652907737751,-0.211661680275668,1.58988531948849,563.396166666667,175,87
0.430339000722808,-0.20715928652657,1.59117167126673,563.429533333333,175,87
0.444508865690575,-0.203011613853561,1.59233308304817,563.4629,175,87
0.456693028852442,-0.1990437463088,1.59406459235267,563.496266666667,175,87
0.469707616042192,-0.193593025951447,1.59537352478116,563.529633333333,175,87
0.481290882090098,-0.187161708873606,1.59403584920866,563.563,175,87
0.489468909582694,-0.18196548986317,1.59239996778324,563.596366666667,175,87
0.497404966680422,-0.176279786942393,1.5904337797797,563.629733333333,175,87
0.50394863003668,-0.171286755070679,1.58898008297163,563.6631,175,87
0.51109281508327,-0.166127598777318,1.58647037636788,563.696466666667,175,87
0.518764028206516,-0.160497371364502,1.58409142027572,563.729833333333,175,87
0.526302407341294,-0.154271853934689,1.58095530294292,563.7632,175,87
0.532729709673536,-0.147411150639666,1.58043398554476,563.796566666667,175,87
0.5379848719258,-0.141543863288172,1.58162567482505,563.829933333333,175,87
0.542271349397692,-0.134571150847726,1.58785990361579,563.8633,175,87
0.548300712963442,-0.128706679955325,1.59141586255524,563.896666666667,175,87
0.556128715249568,-0.121906144898151,1.59247190253274,563.930033333333,175,87
0.563928120890253,-0.113651932862583,1.59361476070308,563.9634,175,87
0.571565102208006,-0.106782967420154,1.59388254338639,563.996766666667,175,87
0.579993648630786,-0.0997984641231099,1.59400513673319,564.030133333333,175,87
0.587225560347822,-0.0948001275921951,1.59515851760041,564.0635,175,87
0.594191565578007,-0.0896449985872861,1.59727556499511,564.096866666667,175,87
0.602957036701469,-0.0835396724132408,1.59996169143504,564.130233333333,175,87
0.611767449779017,-0.0777441576169625,1.5996218739888,564.1636,175,87
0.619653765596525,-0.0722901672213125,1.59942105278824,564.196966666667,175,87
0.626851484761293,-0.0680889340142818,1.60049295275114,564.230333333333,175,87
0.633502044104304,-0.0630965668403707,1.60053594978516,564.2637,175,87
0.639524468965271,-0.057702426068775,1.60041134750081,564.297066666667,175,87
0.64486618559813,-0.0513277278510825,1.60206246935215,564.330433333333,175,87
0.64884773663754,-0.0432786220643105,1.6032602472402,564.3638,175,87
0.651750692583381,-0.0359698328126153,1.60384579070956,564.397166666667,175,87
0.655011542860153,-0.0285056202242466,1.60351068967362,564.430533333333,175,87
0.658244210340594,-0.0221857412469421,1.6031557734201,564.4639,175,87
0.661685848636703,-0.015658486120391,1.60340203247988,564.497266666667,175,87
0.665491444907033,-0.00896793138079044,1.60262246884941,564.530633333333,175,87
0.669447115620785,-0.00247278299635456,1.60181382626555,564.564,175,87
0.672494971074254,0.00421807455565093,1.60219204498094,564.597366666667,175,87
0.676391614935423,0.011683872845781,1.60071208197666,564.630733333333,175,87
0.680105878509018,0.019727271729106,1.60183034594639,564.6641,175,87
0.684746701011412,0.0276744936816878,1.60090370010398,564.697466666667,175,87
0.690420655032191,0.0347929075175005,1.59963112116546,564.730833333333,175,87
5.49396485562846,3.16430473307834,3.12396698220413,565.1646,176,88
5.49253035966375,3.17404905862167,3.12812078240288,565.197966666667,176,88
5.48988429499943,3.18802227767164,3.1285548953949,565.231333333333,176,88
5.45809795434473,3.17614056725044,3.11804377570819,565.2647,176,88
5.31317488872779,3.20892570719219,3.07485220669514,565.9654,177,88
5.31509888080036,3.21409446507558,3.07630476796458,565.998766666667,177,88
5.30592492297047,3.20892067637849,3.07114140289492,566.032133333333,177,88
5.32884728053662,3.23163698039322,3.08498057885738,566.0655,177,88
5.31699370516987,3.226172784831,3.07713673238749,566.098866666667,177,88
-3.86271498319745,12.8278069727398,5.76607522988404,570.803566666667,178,89
-3.78505310239036,12.6459347124344,5.69554480215748,570.836933333333,178,89
-3.64254185268588,12.3048028252819,5.55627781553584,571.337433333333,179,89
0.562018333586336,-0.917611362041493,0.94897416501708,572.138233333333,180,90
0.562462450707828,-0.916334090352114,0.948083216800072,572.1716,180,90
0.563144991134641,-0.914176099322539,0.946626965224961,572.204966666667,180,90
0.563994643527408,-0.913762168149056,0.94635919511141,572.238333333333,180,90
0.563648416219658,-0.914808957976839,0.946578212681503,572.2717,180,90
0.563341616796062,-0.915408714245376,0.94685575970113,572.305066666667,180,90
0.562837928270303,-0.917914212444571,0.948251535796308,572.338433333333,180,90
0.562646375930529,-0.916771254721968,0.947807060748354,572.3718,180,90
0.562402328583078,-0.917496823301357,0.948390372517525,572.405166666667,180,90
0.563903423397872,-0.913057561615838,0.946393731638857,572.438533333333,180,90
0.565059041700773,-0.910826483787209,0.945659991035108,572.4719,180,90
0.563607657588603,-0.91738163678608,0.948939318705112,573.005766666667,181,90
0.563722022438253,-0.915581818195527,0.947638667664414,573.039133333333,181,90
0.564578036410888,-0.912185966629555,0.945981697240705,573.0725,181,90
0.56414111461865,-0.913562507414785,0.946326599838327,573.105866666667,181,90
0.563912654788709,-0.915003750327441,0.94687378188746,573.139233333333,181,90
0.564207815423324,-0.914676725010373,0.946814026070616,573.1726,181,90
0.564244052452064,-0.914324802461004,0.946743379072888,573.205966666667,181,90
0.563706977952009,-0.91481666374358,0.94701998258078,573.239333333333,181,90
0.563292746279583,-0.915529556392127,0.947720102362033,573.2727,181,90
0.564015372148865,-0.912347016153679,0.946302819550997,573.306066666667,181,90
0.56394090063939,-0.910449803936474,0.944913210121602,573.339433333333,181,90
0.568036662115555,-0.904132085906279,0.942361316272661,573.940033333333,182,90
0.566416968393195,-0.911558419334948,0.946272914130591,573.9734,182,90
0.565062977949371,-0.916082925309785,0.948065368326158,574.006766666667,182,90
0.564885901903944,-0.915861925629489,0.947954701944225,574.040133333333,182,90
0.564663419336615,-0.916848739070632,0.948349133437741,574.0735,182,90
0.5649191627621,-0.916331056334737,0.948076031680083,574.106866666667,182,90
0.564005611308607,-0.915555118068744,0.947298264295006,574.140233333333,182,90
0.566361745953464,-0.912109708791744,0.946664975144429,574.1736,182,90
0.565230801154043,-0.915245612597841,0.948124065978361,574.206966666667,182,90
0.565938056870615,-0.912256382155871,0.946670225929105,574.240333333333,182,90
0.563261203979054,-0.916725766858001,0.948500269067804,574.2737,182,90
0.728111732589667,-0.357636941714527,0.771598571291677,575.141233333333,184,90
0.727953992841396,-0.357485880009515,0.771962658463514,575.1746,184,90
0.72781907875048,-0.357458574390315,0.772086234910375,575.207966666667,184,90
0.727502909841294,-0.357860258707219,0.771519339540758,575.241333333333,184,90
0.726905435267185,-0.358147820789975,0.771311420085918,575.2747,184,90
1.42287115564736,-3.76226263336518,1.88163860529298,574.907666666667,183,91
1.42388375897348,-3.76602521895919,1.88258334497603,574.941033333333,183,91
1.41263531707996,-3.89622710393931,1.89964255608287,575.308066666667,185,91
1.33621076383102,-3.76741611169057,1.85859956561553,575.508266666667,186,91
1.34107254589231,-3.84566101370057,1.88765523063721,575.541633333333,186,91
1.34156441069921,-3.89231305348696,1.90473462872125,575.575,186,91
5.13653024926369,-1.04326243985328,2.32181791282219,577.2767,187,92
5.12216596368407,-1.03897807868198,2.31501502819131,577.310066666667,187,92
5.12113023138511,-1.03867281700745,2.3154965626068,577.343433333333,187,92
5.12336929880133,-1.0394521986978,2.31594993002746,577.3768,187,92
5.12336929880133,-1.0394521986978,2.31594993002746,577.410166666667,187,92
5.13792842911105,-1.04338989807631,2.32049593827417,577.443533333333,187,92
5.15286073689126,-1.04710014633121,2.32675563246442,578.010766666667,189,92
5.13275388261286,-1.04189115680774,2.32034284442879,578.044133333333,189,92
5.13042508842302,-1.04107790196263,2.31834730332418,578.0775,189,92
5.13042508842302,-1.04107790196263,2.31834730332418,578.110866666667,189,92
5.13514267391825,-1.0426803809274,2.32028284778798,578.144233333333,189,92
5.13514267391825,-1.0426803809274,2.32028284778798,578.1776,189,92
5.13526439163535,-1.04071764925469,2.31988786077636,578.210966666667,189,92
5.12555119739326,-1.04034177258239,2.31543909881059,578.244333333333,189,92
5.12719579585293,-1.03954381800183,2.31691041237002,578.811566666667,190,92
5.14020102839702,-1.0429645769458,2.32212896780275,578.844933333333,190,92
5.13318507092709,-1.04041917265867,2.31939025154223,578.8783,190,92
5.13318507092709,-1.04041917265867,2.31939025154223,578.911666666667,190,92
5.12662855889032,-1.03934495486021,2.31800285865965,578.945033333333,190,92
5.14228594542527,-1.04326446285698,2.32262828605104,578.9784,190,92
5.12763687793035,-1.03962140939055,2.31806094049241,579.011766666667,190,92
5.02581761199773,3.84455214449054,1.78196417667578,577.510266666667,188,93
5.04190496002201,3.86015647761029,1.78574747018317,577.543633333333,188,93
4.10929164248484,2.99056796342202,1.72798886255759,582.4819,191,94
4.1003507065758,2.98134030858665,1.7307462749386,582.515266666667,191,94
4.09803870780046,2.97839100306575,1.73512944222933,582.548633333333,191,94
4.10063738151076,2.98049404851912,1.7409634508947,582.582,191,94
4.03660282067383,2.88965150774067,1.79568053521126,583.2827,192,94
4.03539616930876,2.88585336962876,1.79767315049447,583.316066666667,192,94
4.04710260248625,2.88676536994299,1.80241680412036,583.349433333333,192,94
4.03447435673334,2.87099189143216,1.79940091773014,583.3828,192,94
4.03956734977122,2.8682513923211,1.80400623179347,583.416166666667,192,94
4.04050392787194,2.86366645095322,1.80740563179709,583.449533333333,192,94
3.76149475338068,2.60023369886808,2.02189853935604,595.461533333333,193,95
3.73136842150252,2.59129370191908,2.01935901338206,595.4949,193,95
3.71267599288201,2.59036396953691,2.02281358967582,595.528266666667,193,95
3.68965730656016,2.58320446537603,2.02216150149538,595.561633333333,193,95
3.66420941288828,2.57284450212129,2.02249795122634,595.595,193,95
3.64946951319433,2.57054731459797,2.02540250384317,595.628366666667,193,95
3.64462655160779,2.5788652692977,2.03441483309704,595.661733333333,193,95
3.62711984100356,2.57784449657146,2.03768796745947,595.6951,193,95
4.73018240223505,4.50652129986785,2.11604386994374,601.834566666667,194,96
4.73207829476039,4.50808826595786,2.11613024343014,601.867933333333,194,96
4.73018240223505,4.50652129986785,2.11604386994374,601.9013,194,96
4.72686226517594,4.50298915432717,2.11590759347695,601.934666666667,194,96
4.72686226517594,4.50298915432717,2.11590759347695,601.968033333333,194,96
0.466066448375085,0.700271098464581,0.749872445634626,613.279333333333,195,97
0.548266332406846,0.304269879712137,0.733625864760201,613.446166666667,196,97
0.409566517481228,-0.205362933637113,0.913892396390708,613.479533333333,197,97
6.847670829218,4.54172384658295,8.41408658826093,670.803466666667,198,98
6.83933767117817,4.51354441515769,8.40251068559945,670.836833333333,198,98
6.90448066350847,4.53317619493801,8.48227582784173,670.8702,198,98
6.93366020236317,4.53420954819638,8.51878657773343,670.903566666667,198,98
6.98852279938778,4.43416684550185,8.60383754853882,671.237233333333,199,98
7.03216458421292,4.45913143095029,8.66461002926177,671.2706,199,98
7.03932787894502,4.4609761641063,8.6866849691196,671.303966666667,199,98
8.47925367724571,4.08535519143936,6.91554680527532,675.8752,200,99
8.42162816159409,4.0519462258348,6.86584210256655,675.908566666667,200,99
8.61957768301636,-7.2278415031846,15.9451143880796,680.646633333333,201,100
5.11029545943904,-1.03724164485537,2.37116521036065,687.5869,202,101
5.12299408116305,-1.03972835244554,2.37592994329799,687.620266666667,202,101
5.12610703421241,-1.04083040059147,2.37685870538575,687.653633333333,202,101
5.12610703421241,-1.04083040059147,2.37685870538575,687.687,202,101
5.11615039505675,-1.03939004976056,2.37373055661937,687.720366666667,202,101
5.10975601775305,-1.0364370726989,2.37207380998972,687.753733333333,202,101
5.11243758588434,-1.03696391097821,2.37352990014252,688.354333333333,203,101
5.10362118032729,-1.03487673981183,2.36920627047985,688.3877,203,101
5.10362118032729,-1.03487673981183,2.36920627047985,688.421066666667,203,101
5.10648196271833,-1.03596170257762,2.37084743404836,688.454433333333,203,101
5.10102707623747,-1.03450916971327,2.36879421292008,688.4878,203,101
5.12197396035585,-1.0390488344434,2.37634505940905,688.521166666667,203,101
1.06230188760267,-0.267648307830879,0.831308471831712,704.670633333333,204,102
1.06327758007455,-0.267680845058956,0.831322984122205,704.8041,205,102
1.06306011889666,-0.268252392189368,0.831349620710554,704.937566666667,206,102
-0.375409366810196,-10.1190623716131,2.0773374027586,706.972933333333,207,103
-0.329960849148179,-9.65458870047076,2.0126140004867,707.0063,208,103
-0.318028956403452,-9.55201118458687,1.99746420551551,707.039666666667,208,103
-0.335404016136136,-9.72799576907597,2.02355856169309,707.073033333333,208,103
-0.350137382945158,-9.88220302209514,2.0439809233122,707.1064,208,103
0.594370112975309,-0.380376868531112,0.702832761420434,707.8071,209,104
-0.193328791111892,-8.04666107768954,1.79023202873158,707.840466666667,210,105
-0.193328791111892,-8.04666107768954,1.79023202873158,707.873833333333,210,105
-0.230015452679239,-8.40380564230762,1.84501457036841,707.9072,211,105
-0.181906964511654,-7.97142674420594,1.78337280413587,707.973933333333,213,105
-0.0365918832775111,-6.53821757793598,1.58035824720598,707.940566666667,212,106
-0.0499982357389636,-6.66690197930125,1.59428247964402,708.0073,214,106
2.18119583541481,-2.40439526244967,1.44624536874655,737.470066666667,215,107
2.17997516499277,-2.40136655734468,1.44664259459827,737.503433333333,215,107
2.17965435012039,-2.400637194681,1.4456130020578,737.5368,215,107
2.17967506608753,-2.40091273327846,1.44610815145585,737.570166666667,215,107
2.17740579854051,-2.39774449624028,1.44498317331351,737.603533333333,215,107
2.18194753071561,-2.40493113010095,1.44792107739667,737.770366666667,216,107
2.18194753071561,-2.40493113010095,1.44792107739667,737.803733333333,216,107
2.18119583541481,-2.40439526244967,1.44624536874655,738.2375,217,107
2.18119583541481,-2.40439526244967,1.44624536874655,738.270866666667,217,107
2.18119583541481,-2.40439526244967,1.44624536874655,738.304233333333,217,107
2.17852038824165,-2.39949463784969,1.44506942144098,738.3376,217,107
2.18029915327961,-2.40257092554224,1.44678896508943,738.370966666667,217,107
-2.09636608970403,-12.3201998459956,7.75119596187134,748.414333333333,218,108
-1.98097463101469,-11.9439461685038,7.55990451207242,748.4477,219,108
-1.93776459396011,-11.9030364481434,7.55751136577632,748.481066666667,219,108
-3.63999311709869,3.47658176368573,0.952317125899372,749.5488,220,109
-3.62805834081252,3.46849877526021,0.951393181010142,749.582166666667,220,109
-3.63999311709869,3.47658176368573,0.952317125899372,749.615533333333,220,109
-3.61956197289724,3.45884158014457,0.951422681935883,749.6489,220,109
-3.62755414677132,3.46407172734742,0.951202945509164,749.682266666667,220,109
0.989844295248717,4.07202283151568,1.71725734367519,751.5508,221,110
1.00470412914437,4.04054014224298,1.71512842949071,751.584166666667,221,110
1.02326801426754,4.04139236121481,1.72162710987577,751.617533333333,221,110
1.03688697762367,4.0210801842949,1.72335697436343,751.6509,221,110
1.05545171572563,4.04255566405355,1.73645101295719,751.684266666667,221,110
1.07106167158807,4.01064218308269,1.7344164974812,751.717633333333,221,110
1.08639951610124,3.97457879389563,1.73138783492805,751.751,221,110
1.37634530883008,3.85124546905968,1.82237629874253,752.284866666667,222,110
1.39443728303399,3.84385050283896,1.82792174347982,752.318233333333,222,110
1.40293501092514,3.80177059511456,1.82273431320896,752.3516,222,110
1.42077721850025,3.79960756075203,1.82861164595468,752.384966666667,222,110
1.44289581080744,3.80490476244994,1.83913325503548,752.418333333333,222,110
1.45997319002175,3.78862823054811,1.83879174598582,752.4517,222,110
1.48101895351491,3.79199542577647,1.84790754263305,752.485066666667,222,110
1.49704687250075,3.76780777623993,1.84520302504108,752.518433333333,222,110
1.5101021687048,3.74419987365257,1.84243784508909,752.5518,222,110
3.61722764487555,-7.83980609727137,9.76029141552197,754.386966666667,223,111
3.68027293376185,-7.96824673118395,9.9383363093792,754.420333333333,223,111
3.68809915710224,-7.40727592577578,9.67316868738619,754.820733333333,224,111
3.70255857841199,-7.41633793458602,9.70391185024921,754.8541,224,111
3.73771800334517,-7.42078062114387,9.74551029604336,754.887466666667,224,111
5.33072557827213,9.21871030854795,6.9567926428212,770.6699,225,112
5.22992120086892,9.10143549933025,6.86430610033768,770.703266666667,225,112
5.2595712502932,9.23746532524406,6.94976177740133,770.736633333333,225,112
5.18233024060645,9.14234856675999,6.8745275751945,770.77,225,112
4.98242726005938,9.40857073752403,6.93918771548975,771.137033333333,226,112
4.90272465505867,9.2846196098505,6.83843545640421,771.1704,226,112
4.94517816554889,9.42440449060818,6.92078365128005,771.203766666667,226,112
0.832898910531269,0.499934562114941,0.398525702608995,782.214766666667,227,113
0.832778021830302,0.500137844790151,0.398847859759796,782.248133333333,227,113
0.832692835901875,0.500066073478605,0.398645593987986,782.2815,227,113
0.832833744922422,0.500122292739513,0.398617549242057,782.314866666667,227,113
0.832855445339191,0.500109073375711,0.398563358672249,782.348233333333,227,113
0.832746863686298,0.500152595702037,0.398627869432466,782.3816,227,113
0.832724805620198,0.500243654453068,0.398828299037324,782.414966666667,227,113
0.832859610018931,0.500170419613001,0.398758982738175,782.448333333333,227,113
0.833215410089651,0.500136318148055,0.39885904650909,782.4817,227,113
0.833490306690152,0.49991573087748,0.398643399118036,782.515066666667,227,113
0.833865138170919,0.500134295031953,0.399159287274145,783.1824,228,113
0.833551887090487,0.500490600620983,0.398985531136864,783.215766666667,228,113
0.833572908719421,0.500173107966806,0.398783658775104,783.249133333333,228,113
0.833875179915454,0.500120678768126,0.398831140984845,783.2825,228,113
0.833791799002088,0.500112679079754,0.399052042864095,783.315866666667,228,113
0.833932631379771,0.499991446717166,0.398997234848161,783.349233333333,228,113
0.834122411954031,0.499865057810202,0.398791732158595,783.3826,228,113
0.833917786961409,0.499572349550167,0.399334210967059,783.415966666667,228,113
0.834575184464169,0.499396434851449,0.399506543848798,783.449333333333,228,113
0.834605278661829,0.499536495467644,0.400136970395059,783.4827,228,113
0.833731118340826,0.49958520591037,0.399063139090342,784.1834,229,113
0.834236449610582,0.499327528875063,0.398391607979833,784.216766666667,229,113
0.834175696466506,0.499557442849063,0.398555758498338,784.250133333333,229,113
0.833770273662081,0.499628521954929,0.398425957672396,784.2835,229,113
0.833660963821036,0.499510593717225,0.398415131991247,784.316866666667,229,113
0.833591546105352,0.499432020839038,0.398464302800722,784.350233333333,229,113
0.833664525056274,0.499190226860427,0.399061856592466,784.3836,229,113
0.833668736826213,0.499336195489028,0.399409276748164,784.416966666667,229,113
0.833815808286842,0.499234278244744,0.39944413367549,784.450333333333,229,113
-5.67516878562782,4.51957849724464,3.25814763971805,788.320866666667,230,114
-5.67072456967301,4.5152232818644,3.25437801131208,788.354233333333,230,114
-5.65089025238898,4.49266399719762,3.24240007325,788.3876,230,114
-5.68913702183506,4.51418037176173,3.25762533496964,788.420966666667,230,114
-5.6793634024136,4.49991871516087,3.2536523011099,788.454333333333,230,114
-5.75796076275988,4.55048712083199,3.2842881616819,788.4877,230,114
-0.269382412005378,5.94121596240597,3.75753492258478,801.5007,231,115
-0.270441542533093,6.01540864810949,3.80298684092412,801.534066666667,231,115
-0.262509353380319,5.99941631913767,3.7954556534901,801.567433333333,231,115
-0.253446169291986,6.00406892204474,3.79885207332839,801.6008,231,115
-0.263026572542677,6.09352003415595,3.85045620087157,801.634166666667,231,115
-0.248270428245876,6.03387891667493,3.82076026759079,801.667533333333,231,115
-0.247533974649146,6.05548159005778,3.83368605424522,801.7009,231,115
0.826526092944964,0.502478185233649,0.418078334554971,803.0022,232,116
0.826732493592324,0.503156402024104,0.417140564584182,803.035566666667,232,116
0.827117907875715,0.503095599175969,0.416523260687968,803.068933333333,232,116
0.826947596754137,0.503042029613286,0.416482381073828,803.1023,232,116
0.827161032388312,0.503007883014709,0.416126583046157,803.135666666667,232,116
0.827010584223202,0.503012815119756,0.416221170393563,803.169033333333,232,116
0.827261378893063,0.502507914944396,0.416800104149655,803.2024,232,116
0.827249737392569,0.50232278498936,0.417760316463433,803.235766666667,232,116
0.827844697695643,0.50159128432533,0.418571719309845,803.269133333333,232,116
0.828662386324577,0.50302957687309,0.419215288716613,803.936466666667,233,116
0.828139078653835,0.50290892003968,0.417319281986525,803.969833333333,233,116
0.828309129529666,0.503121477563722,0.416314250290145,804.0032,233,116
0.828110274043854,0.503270630167703,0.416098642052351,804.036566666667,233,116
0.833841549662394,0.498939592928396,0.424510670678227,804.069933333333,233,116
0.834027838253432,0.498428557958865,0.424916220653796,804.1033,233,116
0.83400776069615,0.498454389917332,0.424919303962022,804.136666666667,233,116
0.828312532303295,0.502958522024773,0.41594630613425,804.170033333333,233,116
0.828353936735884,0.502566492272906,0.416123560179751,804.2034,233,116
0.829403560399125,0.5023620224385,0.417878243121202,804.236766666667,233,116
0.828635058366324,0.499785361984634,0.419068786599144,804.270133333333,233,116
0.828941165428489,0.502939305594977,0.418880507414458,804.970833333333,234,116
0.828328626029628,0.502917978747846,0.41711788799625,805.0042,234,116
0.828452205206904,0.502883060208734,0.416149643463309,805.037566666667,234,116
0.828392682114589,0.503006226827786,0.415741784421449,805.070933333333,234,116
0.828152350165039,0.503137277966175,0.41597350268113,805.1043,234,116
0.82823811739523,0.503049166417427,0.415878385285104,805.137666666667,234,116
0.828452602977978,0.502788910378061,0.41570967303989,805.171033333333,234,116
0.828875722100864,0.502306820591719,0.415762346743547,805.2044,234,116
0.828562765982939,0.501754184804713,0.416815021827033,805.237766666667,234,116
0.82859402538795,0.499713706083269,0.418373201383619,805.271133333333,234,116
-11.4227605314454,8.08751696171492,5.3482880668378,814.146666666667,235,117
-11.1686361160051,7.90649424395686,5.26883981603199,814.180033333333,236,117
-11.4316568573426,8.06418389269871,5.38202739157364,814.2134,237,117
-11.2828139303837,7.94825308437688,5.33774243352051,814.246766666667,237,117
-11.6258579004165,8.02300098781405,5.58158984666808,814.780633333333,239,117
-1.95873480229723,4.80585039981093,2.54175928121195,814.380233333333,238,118
-1.94367359705879,4.7828881145786,2.53646308814202,814.4136,238,118
-1.94008471507529,4.77281441370937,2.53621878579419,814.446966666667,238,118
-1.94020319372744,4.77240982381396,2.53918449620857,814.480333333333,238,118
-1.95087244474615,4.78506437992576,2.54708797785045,814.5137,238,118
-1.95530622776761,4.78534986892382,2.54858110313388,814.547066666667,238,118
-1.9476984975953,4.76644213927644,2.54410599095478,814.580433333333,238,118
-1.94895624183376,4.7620855939895,2.54498870972766,814.6138,238,118
2.65787170288607,4.54807563431825,0.863947402613268,815.848366666667,240,119
2.65889869748772,4.54905582375363,0.863714000586947,815.881733333333,240,119
2.6551439520336,4.53967859696687,0.864204638845348,815.9151,240,119
2.6551439520336,4.53967859696687,0.864204638845348,815.948466666667,240,119
2.65715383793921,4.54447226353628,0.864060663954825,815.981833333333,240,119
2.65894206339293,4.55064492098306,0.865009319082382,816.0152,240,119
2.65193275454787,4.53250712436417,0.86243239282664,816.048566666667,240,119
2.6820042285364,4.58987832140599,0.866808519294733,816.682533333333,241,119
2.66499377320285,4.55889016453566,0.864476833065076,816.7159,241,119
2.67305198404473,4.57400753942195,0.864907021502911,816.749266666667,241,119
2.67266725381784,4.57574713306285,0.865111121996649,816.782633333333,241,119
2.67305198404473,4.57400753942195,0.864907021502911,816.816,241,119
2.66499377320285,4.55889016453566,0.864476833065076,816.849366666667,241,119
2.66533075553066,4.56011425355211,0.865044737126649,816.882733333333,241,119
2.64372994208985,4.51839306202588,0.861735803854425,816.9161,241,119
2.65880659294053,4.550667653217,0.866978338021061,816.949466666667,241,119
2.66783831440772,4.56168912444474,0.865394587845187,817.6168,243,119
2.64942909287591,4.52662489093292,0.863446008921586,817.650166666667,243,119
2.65179328588489,4.53104861004977,0.863557868151739,817.683533333333,243,119
2.65458065254037,4.53864587440475,0.864669189440302,817.7169,243,119
2.65458065254037,4.53864587440475,0.864669189440302,817.750266666667,243,119
2.65668297395173,4.54371418888297,0.864598822187531,817.783633333333,243,119
2.65203600938607,4.5290466437763,0.864265834516361,817.817,243,119
5.22484792294164,8.61892112235714,1.93309296859114,817.183033333333,242,120
5.21396006299967,8.58647009572533,1.92631862673685,817.2164,242,120
5.21677908379395,8.59048243902981,1.92591334041683,817.249766666667,242,120
5.20519165480261,8.56905526121404,1.9245661441095,817.283133333333,242,120
2.18992615236215,-2.41875760384604,1.4520133807784,819.785633333333,244,121
2.1791565290362,-2.40135739369716,1.44683292723639,819.819,244,121
2.17067417318816,-2.38675079451853,1.44110275905262,819.852366666667,244,121
2.18011074246617,-2.39914177128755,1.44541145702156,819.885733333333,244,121
2.17334829898427,-2.39086904636906,1.44366095679191,819.985833333333,245,121
2.17161853821575,-2.38906681236146,1.44233227164009,820.0192,245,121
2.17648701615584,-2.39635765806302,1.44501516371611,820.052566666667,245,121
2.17648701615584,-2.39635765806302,1.44501516371611,820.085933333333,245,121
2.1765630531235,-2.39631388244624,1.44476724749476,820.1193,245,121
2.17106760087146,-2.38737353743885,1.44260011617748,820.152666666667,245,121
2.16944049855211,-2.38481445482905,1.44101294338077,820.186033333333,245,121
2.17489869751015,-2.39547176737524,1.44431943250167,820.286133333333,246,121
2.1765510924567,-2.39807354449674,1.44592309087214,820.3195,246,121
2.18342914134101,-2.40726277655426,1.44935545134069,820.352866666667,246,121
2.17884108240998,-2.39920684922095,1.44679189600276,820.82,247,121
2.1786764521584,-2.40043791944583,1.44604695049696,820.853366666667,247,121
2.17311624010582,-2.38978151447772,1.4429739254484,820.886733333333,247,121
2.17311624010582,-2.38978151447772,1.4429739254484,820.9201,247,121
2.17319512125742,-2.38974264926655,1.44272814159387,820.953466666667,247,121
2.17729314459873,-2.39575838345811,1.44364852110238,820.986833333333,247,121
2.17548148513853,-2.39186888987755,1.44207563690443,821.0202,247,121
2.16944049855211,-2.38481445482905,1.44101294338077,821.086933333333,248,121
2.17489869751015,-2.39547176737524,1.44431943250167,821.1203,248,121
2.18165142858414,-2.40527597549962,1.44701867277513,821.153666666667,248,121
2.17901704049556,-2.40194726261953,1.44609606199884,821.187033333333,248,121
2.17884934409795,-2.39716322745415,1.44531096830999,821.2204,248,121
-0.584984949042673,4.23285068255602,2.15954404824497,826.792633333333,249,122
2.65897256363412,4.54633472262755,0.866887137948484,832.698533333333,250,123
2.65913494490459,4.54814290715174,0.866632332218925,832.7319,250,123
2.65991510470657,4.55221669638365,0.866074063581305,832.765266666667,250,123
2.65991510470657,4.55221669638365,0.866074063581305,832.798633333333,250,123
2.65991510470657,4.55221669638365,0.866074063581305,832.832,250,123
2.65340209236965,4.53706709012982,0.865736484950745,832.865366666667,250,123
2.6539970832055,4.53850092033767,0.866351963577172,832.898733333333,250,123
2.65729731767064,4.54293868177792,0.8663286732029,832.9321,250,123
2.65758200005378,4.54772272181942,0.865740981066123,832.965466666667,250,123
2.66335982623861,4.55380630138512,0.867287689367974,833.599433333333,251,123
2.66582769690723,4.5610948125249,0.867718654303653,833.6328,251,123
2.66582769690723,4.5610948125249,0.867718654303653,833.666166666667,251,123
2.66582769690723,4.5610948125249,0.867718654303653,833.699533333333,251,123
2.66582769690723,4.5610948125249,0.867718654303653,833.7329,251,123
2.65583559000724,4.5394653125959,0.866451906076884,833.766266666667,251,123
2.66226860974885,4.5526268331985,0.867267844350111,833.799633333333,251,123
2.6463559458027,4.51917237543274,0.865356895179742,833.833,251,123
1.4385779477352,3.72524119881835,1.99648951341197,840.472966666667,252,124
1.44120450661257,3.73631289345473,2.00212809983964,840.506333333333,252,124
1.44164905349738,3.73022497583807,2.00144034620147,840.5397,252,124
1.44446661224239,3.73179419085788,2.00395028893053,840.573066666667,252,124
1.44476869640415,3.72093993821948,2.0005708411496,840.606433333333,252,124
1.44593635781622,3.71867463703113,2.00225306293495,840.6398,252,124
1.44902296585914,3.72946207459239,2.00895022313011,840.673166666667,252,124
1.45243286833891,3.74018222307702,2.01673506449951,840.706533333333,252,124
9.99072954922214,4.76214633250641,3.75933988429758,847.880366666667,253,125
10.0430665708526,4.79468022423829,3.77858051669358,847.913733333333,253,125
9.98047563676998,4.77681466921573,3.76277063685555,847.9471,253,125
9.83340167991994,4.737971832102,3.74080313161943,848.1473,254,125
9.67045367404286,4.64745042918531,3.69373901636627,848.3475,255,125
9.65212611249321,4.63497311888098,3.69323435069677,848.380866666667,255,125
4.17298510177489,0.440796875225529,2.18819628694316,850.883366666667,256,126
4.17456737806577,0.441190870353896,2.18897163653305,850.916733333333,256,126
4.17456737806577,0.441190870353896,2.18897163653305,850.9501,256,126
4.1775239171948,0.44185464088163,2.18992757417183,850.983466666667,256,126
6.69733631734442,2.45930891858305,3.26755473347564,853.686166666667,257,127
6.72397418544747,2.45800122677385,3.2837343842464,853.719533333333,257,127
6.64638148714745,2.35358803641803,3.25732227485455,853.919733333333,258,127
6.64228022920128,2.33987811847809,3.25523952912248,853.9531,258,127
6.65931250849597,2.33760273321788,3.26441277568153,853.986466666667,258,127
6.62024240739344,2.26128978917116,3.24533398479712,854.186666666667,259,127
6.6061465009275,2.23587507278003,3.23961899768166,854.2534,261,127
0.780340628618061,0.580655826160089,0.523247279528879,854.220033333333,260,128
6.11350378691894,-1.23672326696626,2.43001053247113,857.2564,262,129
6.10576838798414,-1.23397846323036,2.4248824484789,857.289766666667,262,129
6.09661830476918,-1.23096424967239,2.42239885951498,857.323133333333,262,129
6.12472282582853,-1.23531347302405,2.43134795648499,857.3565,262,129
2.17489869751015,-2.39547176737524,1.44431943250167,859.525333333333,263,130
2.17884934409795,-2.39716322745415,1.44531096830999,859.5587,263,130
2.17739569776433,-2.39939499094582,1.44450922017892,859.6588,264,130
2.17755908739132,-2.39827527264235,1.44542371915353,859.692166666667,264,130
2.18071558522589,-2.40311830089995,1.44697938497627,859.725533333333,264,130
2.17967506608753,-2.40091273327846,1.44610815145585,859.7589,264,130
2.17489869751015,-2.39547176737524,1.44431943250167,859.792266666667,264,130
2.17489869751015,-2.39547176737524,1.44431943250167,860.426233333333,265,130
2.18110750311971,-2.40441994210807,1.44648758349128,860.4596,265,130
2.1809668609971,-2.40509916062961,1.44772847515271,860.492966666667,265,130
2.1786764521584,-2.40043791944583,1.44604695049696,860.526333333333,265,130
2.17946409757521,-2.40183328318993,1.44488915062178,860.5597,265,130
2.1786764521584,-2.40043791944583,1.44604695049696,861.393866666667,266,130
2.17642182087712,-2.39725669815554,1.44459140170766,861.427233333333,266,130
2.61630387042398,-2.17035400132532,2.72394983641175,863.529333333333,267,131
2.62450409386638,-2.19327551681037,2.7301467712064,863.5627,267,131
2.62645674485783,-2.20949171740244,2.72878902426539,863.596066666667,267,131
2.63626028788837,-2.23421892128135,2.73631233527407,863.629433333333,267,131
2.63565937638309,-2.29155103072501,2.72586456658825,863.729533333333,268,131
2.64915883649613,-2.32052692468789,2.7367838016116,863.7629,268,131
2.65577122388609,-2.34028309048752,2.73903473904891,863.796266666667,268,131
2.65849868835599,-2.36180790023193,2.7400734134575,863.829633333333,268,131
-7.45333454985652,1.7274648139701,1.1543797735198,877.243033333333,269,132
-7.46674559781824,1.73057399470315,1.15723298324372,877.2764,269,132
-7.45802665943513,1.72821168550018,1.15575659057394,877.309766666667,269,132
-7.46674559781824,1.73057399470315,1.15723298324372,877.343133333333,269,132
-7.46867677296637,1.73109786744295,1.15756093860365,877.3765,269,132
-7.49197368815119,1.73263914471546,1.16122470304997,877.409866666667,269,132
0.828517867273226,0.504189746150558,0.403648982526962,903.035466666667,270,133
0.827805036143322,0.504241948106218,0.403595032356637,903.068833333333,270,133
0.827983740789595,0.504215937096011,0.403515346053688,903.1022,270,133
0.827853078493962,0.504089298478648,0.403387679209681,903.135566666667,270,133
0.82784631096956,0.504138350931571,0.403358549576208,903.168933333333,270,133
0.827849100142547,0.504170997802182,0.403346366813298,903.2023,270,133
0.827736215368653,0.504170323736736,0.403485463919515,903.235666666667,270,133
0.82719671586382,0.504358555707094,0.403874752503058,903.269033333333,270,133
0.827487329070413,0.504050486795868,0.40401726877116,903.3024,270,133
0.827416776686899,0.503945098931466,0.404156748675703,903.335766666667,270,133
0.827954020769387,0.503904900021024,0.403753828080114,904.036466666667,271,133
0.828746966216301,0.503121004284593,0.403547458950161,904.069833333333,271,133
0.828752698206089,0.50271955676254,0.403801001807802,904.1032,271,133
0.829199007742184,0.502410510643774,0.403408207065982,904.136566666667,271,133
0.829469566355048,0.502253639141796,0.403440739304774,904.169933333333,271,133
0.829279188093189,0.502316955904816,0.40360446566454,904.2033,271,133
0.829201123281576,0.50231489157663,0.40365837133773,904.236666666667,271,133
0.829059887080753,0.502605692061416,0.403709474103873,904.270033333333,271,133
0.828707017021139,0.50290888964536,0.403673643056794,904.3034,271,133
0.82850960563412,0.502995392800013,0.403915514233118,904.336766666667,271,133
0.8281612188928,0.503018263545571,0.404352927837165,904.370133333333,271,133
0.827954162985157,0.502826217154185,0.404439286550405,904.4035,271,133
0.827698147468764,0.503663258979658,0.403763128152,905.037466666667,272,133
0.829047499305119,0.500251983394101,0.40591718938424,905.070833333333,272,133
0.828603060143221,0.502385721138955,0.403162008166782,905.1042,272,133
0.828910602085895,0.502109946924044,0.402925095967906,905.137566666667,272,133
0.8287602229188,0.502147744962136,0.40275270041953,905.170933333333,272,133
0.828666145436817,0.502293639936641,0.402828429570363,905.2043,272,133
0.828601192358874,0.502547787968205,0.402956473851678,905.237666666667,272,133
0.82783547793,0.503346462801438,0.402834483581215,905.271033333333,272,133
0.82771897286747,0.50276226521804,0.40351220140006,905.3044,272,133
0.827445260921765,0.503042975825934,0.403964715150802,905.337766666667,272,133
0.8257349064203,0.518924142003899,0.37839977506345,942.074466666667,273,134
0.826435500567184,0.519112832796782,0.377706928555135,942.107833333333,273,134
0.826614718951812,0.519127015843464,0.377847602461779,942.1412,273,134
0.826614718951812,0.519127015843464,0.377847602461779,942.174566666667,273,134
0.826629821779486,0.51883942203066,0.377907998853748,942.207933333333,273,134
0.829407017573577,0.522566504493082,0.375793748124612,943.0421,274,134
0.828567503525608,0.518427754811145,0.377221197669534,943.075466666667,274,134
0.829365055120362,0.518166771202125,0.37660119923473,943.108833333333,274,134
0.829542810825806,0.518167176313367,0.37639332467261,943.1422,274,134
0.829520339274108,0.51814498111451,0.376274675515536,943.175566666667,274,134
0.829468396371358,0.518210665085471,0.37638247479707,943.208933333333,274,134
0.828954371936609,0.51824002834625,0.376712851454008,943.2423,274,134
0.82975435315228,0.522508767067503,0.375311680071691,943.275666666667,274,134
0.828587465011078,0.518484761387965,0.376696184161779,943.309033333333,274,134
0.828393693433281,0.522796832417019,0.376150934200699,944.076466666667,275,134
0.828097069869534,0.518671395771452,0.377052693610232,944.109833333333,275,134
0.828858263843076,0.51840477330295,0.37660966073689,944.1432,275,134
0.82894373868476,0.518406218422661,0.376503296007231,944.176566666667,275,134
0.828825800443794,0.51840078499698,0.376533986873552,944.209933333333,275,134
0.829085601108899,0.518268825444403,0.376314699423958,944.2433,275,134
0.829079024886282,0.518288701842061,0.376296134185146,944.276666666667,275,134
0.828748116046925,0.518495138010951,0.376556094771515,944.310033333333,275,134
0.828162417289959,0.518605127776463,0.377074141537355,944.3434,275,134
0.824780413846376,0.510740181144386,0.379316924966609,957.723433333333,276,135
0.825490669800419,0.510286105854094,0.379670982649199,957.7568,276,135
0.82767829825856,0.50940042358706,0.378416931001957,957.790166666667,276,135
0.828623510678824,0.509225094881985,0.377813372936339,957.823533333333,276,135
0.828909603833825,0.509182261981162,0.377800540574538,957.8569,276,135
0.828841477184714,0.509178305381072,0.377750434934727,957.890266666667,276,135
0.828478483390839,0.509364869927561,0.377684512744795,957.923633333333,276,135
0.827612558328531,0.509466683387619,0.378367720230982,957.957,276,135
0.825481095537392,0.510146869025053,0.379243811959783,957.990366666667,276,135
0.824505246825158,0.509667302089402,0.379900777799185,958.724433333333,277,135
0.828315585187024,0.498534070892248,0.382752289911896,958.7578,277,135
0.829256050701697,0.498232684285153,0.38182288349092,958.791166666667,277,135
0.829315105949092,0.498248876293518,0.381908105263788,958.824533333333,277,135
0.829575007743652,0.498018286062244,0.381831334771482,958.8579,277,135
0.829436064746822,0.49813706762981,0.382153529339079,958.891266666667,277,135
0.829136274123811,0.498058524539662,0.382259462360649,958.924633333333,277,135
0.828028634455109,0.508760062443381,0.37818143780167,958.958,277,135
0.825339144018072,0.509412735617744,0.380094146188009,958.991366666667,277,135
0.823392812685295,0.509917055677864,0.380677577728032,959.024733333333,277,135
0.827393535422168,0.50998212662455,0.378839750764172,959.792166666667,278,135
0.829009743149791,0.509414888784896,0.37786996709976,959.825533333333,278,135
0.829306125234105,0.509310660665537,0.377519222403214,959.8589,278,135
0.82964709329994,0.509217889662907,0.377347766305131,959.892266666667,278,135
0.830734069598174,0.517422269854693,0.374886488477847,959.925633333333,278,135
0.829066744858703,0.509583938262066,0.377941323292745,959.959,278,135
0.828340836378421,0.509691395113145,0.3781179617632,959.992366666667,278,135
4.13731019979222,0.44360928608122,2.1789539148521,966.198566666667,279,136
4.13647226557556,0.443003968764205,2.17715514659774,966.231933333333,279,136
4.13647226557556,0.443003968764205,2.17715514659774,966.2653,279,136
4.13744629065169,0.443626075671841,2.17706292649275,966.298666666667,279,136
2.21406685555204,-0.28033780131185,2.26401029374447,969.3684,280,137
2.21103438884024,-0.284496483234767,2.26271355791508,969.401766666667,280,137
2.20847987096387,-0.289479838594268,2.26222846711097,969.435133333333,280,137
2.2048348044628,-0.294207897492638,2.26234832482235,969.4685,280,137
2.19984870889288,-0.299757249321424,2.26214918245445,969.501866666667,280,137
2.19825350353363,-0.304128132187377,2.26393211079088,969.535233333333,280,137
2.19053780684216,-0.309757467629754,2.26068370407633,969.5686,280,137
2.18796322103229,-0.315879835942953,2.26184000618007,969.601966666667,280,137
2.18682876309074,-0.321267902500249,2.26393480534149,969.635333333333,280,137
0.568263403056074,-1.10900168844792,0.329801157097172,981.347033333333,281,138
0.565839733574992,-1.14733126352682,0.323810618306197,981.3804,281,138
0.566319639418717,-1.14477407456006,0.324772138284261,981.413766666667,281,138
0.565430328646888,-1.14391844849987,0.325358192967128,981.447133333333,281,138
0.563784239271757,-1.10931996817753,0.330642991534165,981.4805,281,138
0.563462638722642,-1.10494842605638,0.332437030561285,981.513866666667,281,138
0.559450724217599,-1.1083954479074,0.330769677337497,982.348033333333,282,138
0.558817673407143,-1.11202766158925,0.329578436248208,982.3814,282,138
0.556357987362883,-1.13985184626983,0.32689491812987,982.414766666667,282,138
0.557146162723878,-1.10581004761733,0.332150085867809,982.448133333333,282,138
0.557775776441928,-1.1057891248532,0.331970655007135,982.4815,282,138
0.558207324330209,-1.10526443645154,0.331685883592596,982.514866666667,282,138
0.559286886868594,-1.10629061497125,0.331823301634463,982.548233333333,282,138
0.574884255345499,-1.09993381560572,0.332506914537871,983.4825,283,138
0.574447423069533,-1.09222652650676,0.335633266254302,983.515866666667,283,138
0.574447423069533,-1.09222652650676,0.335633266254302,983.549233333333,283,138
0.562718378875178,-1.10890434250201,0.330344995785847,983.5826,283,138
0.564415584744862,-1.107733157967,0.330810050084836,983.615966666667,283,138
-0.800583483709427,-8.50505101824628,2.27029668326583,986.018366666667,284,139
-0.658244994757646,-7.66473458327196,2.11927554753086,986.051733333333,285,139
-1.61785455911975,-13.8103246842007,3.73071238222421,988.454133333333,286,140
-1.54735669826897,-13.299821023803,3.62111163039085,988.4875,287,140
-1.60996956276366,-13.548702832651,3.69355671172939,988.520866666667,287,140
-3.74895923050457,-1.45174586495727,1.98764049925539,999.865533333333,288,141
-3.75266911919995,-1.43831503041504,1.98894218476554,999.8989,288,141
-3.75145695102454,-1.42195885191877,1.98847667021702,999.932266666667,288,141
-3.75343395843024,-1.40860837432925,1.98782202604936,999.965633333333,288,141
-3.72910925302518,-1.38457289271179,1.98063498662658,999.999,288,141
-3.73270907933567,-1.37215303962555,1.98257666509299,1000.03236666667,288,141
-3.16107032810772,-0.643373802327605,1.89046068264117,1002.23456666667,289,142
-3.15292834032491,-0.632220850177941,1.89003806252405,1002.26793333333,289,142
-3.15473710799427,-0.623517707117268,1.89178095793158,1002.3013,289,142
-3.15960485763145,-0.611532302427154,1.89306622853102,1002.33466666667,289,142
-3.14470270317628,-0.596581673325834,1.8883158005992,1002.36803333333,289,142
-3.1389764454286,-0.5852786345208,1.88564272661142,1002.4014,289,142
-3.1324653417589,-0.573618981670042,1.88205773668542,1002.43476666667,289,142
-3.13147492018778,-0.56549602405592,1.88031024341051,1002.46813333333,289,142
1.73551222404552,-1.29809874593216,0.775423731655706,1003.96963333333,290,143
1.73761036646209,-1.30089556694391,0.776251529603026,1004.003,290,143
1.7385894677631,-1.30174094720939,0.77598352401866,1004.03636666667,290,143
1.7385894677631,-1.30174094720939,0.77598352401866,1004.06973333333,290,143
1.7367572120779,-1.30017654728978,0.775559027292285,1004.1031,290,143
-7.36648332070595,-2.74353595092692,1.23094279636289,1004.6036,291,144
-7.34353773645546,-2.73140323964035,1.22883071440239,1004.63696666667,291,144
-7.35572125091503,-2.73648662546594,1.23094449570478,1004.67033333333,291,144
-7.36278095806192,-2.73885005321653,1.23187331554151,1004.7037,291,144
1.73545409966849,-1.29804662248562,0.774507526407404,1005.1041,292,145
1.73670784785742,-1.30013544989633,0.774602153943671,1005.13746666667,292,145
1.73670784785742,-1.30013544989633,0.774602153943671,1005.17083333333,292,145
1.73676376026627,-1.30018499024944,0.775519085504541,1005.2042,292,145
0.539800254050602,-1.11576598255481,0.348920073757958,1008.87453333333,293,146
0.539330547351103,-1.11644356597819,0.348736495253753,1008.9079,293,146
0.539336588671316,-1.11726935368972,0.348141900077838,1008.94126666667,293,146
0.539476956811916,-1.12260951073106,0.345338785086538,1008.97463333333,293,146
0.540551346931362,-1.12115574902157,0.34581289861899,1009.008,293,146
0.545441934957791,-1.10918375510776,0.35053375414786,1009.04136666667,293,146
0.54650626296584,-1.10584860026323,0.351942996167003,1009.07473333333,293,146
0.545879037833076,-1.10769226191115,0.351164437320375,1009.1081,293,146
0.539480772449875,-1.10804251986077,0.354103763084535,1009.8088,294,146
0.537640841215498,-1.10945447265102,0.354194674200495,1009.84216666667,294,146
0.536980779570475,-1.1129676704813,0.352596108349378,1009.87553333333,294,146
0.53650921906819,-1.11267801734598,0.352983530180225,1009.9089,294,146
0.536397823225151,-1.11383335214891,0.35247896599048,1009.94226666667,294,146
0.535317270676047,-1.12029202465042,0.349495009833368,1009.97563333333,294,146
0.535670235938181,-1.11786347196793,0.350553156367232,1010.009,294,146
0.5366535960136,-1.11830051728213,0.350885670290621,1010.04236666667,294,146
0.536617746248091,-1.11684384555186,0.351122626284271,1010.07573333333,294,146
0.536648247179992,-1.11678778878718,0.351504991732623,1010.1091,294,146
0.53789642029051,-1.10688543161163,0.358235503362671,1010.8098,295,146
0.537283900857902,-1.10582262068562,0.358516797516913,1010.84316666667,295,146
0.53534650812866,-1.11029813447329,0.356725099334916,1010.87653333333,295,146
0.534097483492785,-1.11265307917231,0.355501943728384,1010.9099,295,146
0.532806037282938,-1.11536242111573,0.354616061169059,1010.94326666667,295,146
0.53249005979951,-1.11574866705795,0.354618795520825,1010.97663333333,295,146
0.533155976159613,-1.11583520307127,0.35476622749441,1011.01,295,146
0.532767005539513,-1.11869180669066,0.353433739472175,1011.04336666667,295,146
0.53156118168334,-1.11886098358084,0.353829310385945,1011.07673333333,295,146
0.531571951034273,-1.11931371328327,0.353489991672632,1011.1101,295,146
0.531208292440663,-1.1192988393269,0.353920510247042,1011.14346666667,295,146
0.531333870959757,-1.11809053637136,0.35431163815469,1011.17683333333,295,146
0.533311938322304,-1.11595790041612,0.355245402520072,1011.2102,295,146
5.22836074790763,8.61248811004602,1.93147365516101,1021.28693333333,296,147
5.22836074790763,8.61248811004602,1.93147365516101,1021.3203,296,147
5.21562724312083,8.58894082946072,1.93007708939604,1021.35366666667,296,147
6.61968151056656,1.63439066682351,2.42033772642067,1042.9419,297,148
6.5973190936218,1.63063362108098,2.41142426103204,1042.97526666667,297,148
6.5982574278455,1.62962830319643,2.41124793129776,1043.00863333333,297,148
6.5982574278455,1.62962830319643,2.41124793129776,1043.042,297,148
6.60368570193158,1.63160233028873,2.41507405268049,1043.07536666667,297,148
6.59516874990762,1.63023234580474,2.41351548470128,1043.10873333333,297,148
-6.40539382816428,1.70850404247925,1.8775154140678,1052.21783333333,298,149
-6.42322325559608,1.71126610723678,1.89224331265808,1052.2512,298,149
-6.39815474775533,1.70702415808134,1.89417502181962,1052.28456666667,298,149
-6.40897634768352,1.7147225501264,1.9073972650019,1052.31793333333,298,149
-6.37130536940897,1.71018907006442,1.90999711643668,1052.3513,298,149
-6.38020756462215,1.72340196995724,1.91870770030177,1052.38466666667,298,149
1.78126056429158,-15.0290350810327,8.47760170968209,1052.71833333333,299,150
1.91956387556708,-16.3540203372094,9.27868649259361,1053.11873333333,300,151
6.11344846606858,-1.23356875467467,2.42775788006462,1055.02063333333,301,152
6.10664053786819,-1.23220417164748,2.42772119865873,1055.054,301,152
6.11285552691101,-1.2331678967845,2.42987865238818,1055.08736666667,301,152
6.10424644607697,-1.23184193745238,2.42760552146412,1055.12073333333,301,152
6.12052517823153,-1.23514945739131,2.43100581817811,1055.1541,301,152
-1.12035601903922,-10.1241591266399,3.96229909420375,1060.12573333333,302,153
-0.551382109446027,-8.86836742004337,2.89228206888857,1064.1631,303,154
-0.568091852851881,-8.96394065065024,2.92410141399204,1064.19646666667,303,154
-0.577979325610553,-8.90567980362504,2.99256344103744,1064.59686666667,305,154
-0.615932693791992,-9.15952198564486,3.06620433596583,1064.63023333333,305,154
-4.50401585402189,2.1623461195352,2.95430633506987,1064.5635,304,155
-4.51828896749851,2.16851801528153,2.96422733841032,1064.59686666667,304,155
-4.52448039336535,2.17060078783253,2.97350131704923,1064.63023333333,304,155
-4.5047612826367,2.15854007402515,2.96716552591105,1064.6636,304,155
-4.52647048738182,2.16638671645652,2.98174853180314,1064.69696666667,304,155
-4.50845765305522,2.15569779470571,2.97553335578292,1064.73033333333,304,155
-4.55167614409477,2.17135495944169,2.99955090761619,1064.7637,304,155
4.72945620583555,4.49815816445326,2.11280476392388,1070.73633333333,306,156
4.72797870675167,4.49758257364086,2.11229882955505,1070.7697,306,156
4.74002400350129,4.51037227059879,2.11684810932255,1070.80306666667,306,156
4.7347260174512,4.50395363709302,2.11494361346369,1070.83643333333,306,156
4.73634605309857,4.50575337329426,2.11576126542293,1070.8698,306,156
-0.101142226673741,-7.7152644093851,2.83717287162639,1076.60886666667,307,157
-0.0977561427703207,-7.668136132095,2.82488645686525,1076.64223333333,307,157
-0.177946102742181,-8.27498502389654,3.01502563533548,1077.10936666667,308,157
-0.114255774197659,-7.62276026023569,2.82331896186804,1077.14273333333,309,157
-2.03233418503214,-0.850729494274469,2.78146623172973,1078.51076666667,310,158
-2.03634155866571,-0.85160051363109,2.78521300752304,1078.54413333333,310,158
-2.03425676876457,-0.849502100742688,2.78340758912155,1078.5775,310,158
-2.03319367600865,-0.848353959810838,2.78310670989892,1078.61086666667,310,158
-2.03193952051369,-0.847069644134342,2.78496193191966,1078.64423333333,310,158
-2.01982889965547,-0.842902973176048,2.77982945214336,1078.6776,310,158
-2.01441631278507,-0.840782798126791,2.78087326287524,1078.71096666667,310,158
-2.01026421786686,-0.838158335323306,2.78152174106077,1078.74433333333,310,158
-1.99835442892069,-0.832054283996061,2.77727343509405,1078.7777,310,158
-8.5126247559218,13.9034994748741,6.68993837118472,1081.5805,311,159
2.60195117363296,-4.30494570082718,5.56530948888134,1083.04863333333,312,160
2.54604943238265,-4.23208799912844,5.51760117880519,1083.082,312,160
2.49879125386967,-4.18421696555295,5.498348611728,1083.11536666667,312,160
2.45386123587493,-4.14604873564993,5.48176332689321,1083.14873333333,312,160
2.410066292818,-4.11006637530389,5.4608782910125,1083.1821,312,160
1.88894365316482,-4.04761212305424,5.31452740031096,1083.54913333333,313,160
1.85388684053888,-4.09221879351116,5.33811081301075,1083.5825,313,160
1.80704199953117,-4.08888812429353,5.30789728150173,1083.61586666667,313,160
1.76931580558168,-4.11583865845393,5.31210684757452,1083.64923333333,313,160
1.32289695576013,-4.07545165267104,5.06580438030058,1083.9829,314,160
1.28613742585733,-4.0965463794976,5.06628687895888,1084.01626666667,314,160
1.25130215495706,-4.11046133360153,5.06689140705735,1084.04963333333,314,160
-9.38501203481291,11.0311635621307,6.52919296087981,1085.41766666667,315,161
-9.48245221186445,10.7793739707088,6.44255409926372,1085.7847,317,161
-9.47021876370094,-7.21921378209598,1.65106343575606,1085.5845,316,162
-9.41591175457582,-7.17735693659741,1.64002077637627,1085.61786666667,316,162
-9.51320305551393,-7.25294618165919,1.65048318568219,1085.65123333333,316,162
-9.72564084532533,8.92809947619223,5.87559432182692,1088.7877,318,163
1.5869450486493,-2.91471477663364,2.89869515823273,1089.32156666667,319,164
1.58534249492394,-2.87340676027872,2.87766712799023,1089.35493333333,319,164
1.58232563960248,-2.83250179670212,2.85492844503164,1089.3883,319,164
1.61922714618738,-2.75762053669747,2.83006601981658,1089.52176666667,320,164
1.63104488666706,-2.75455727862866,2.83431837905541,1089.55513333333,320,164
1.63383927374433,-2.73390191970604,2.82212281087136,1089.5885,320,164
1.65016547707346,-2.67929696187856,2.79214174567467,1089.6886,321,164
1.65362895078496,-2.66054582137374,2.78142081616237,1089.72196666667,321,164
1.65697403926864,-2.6532450708519,2.77729214710365,1089.75533333333,321,164
1.66036034090303,-2.65009487843163,2.77826189958153,1089.7887,321,164
1.66592239703075,-2.62547748857334,2.76114651102247,1089.8888,322,164
1.66292510954299,-2.61268126040562,2.75003932922207,1089.92216666667,322,164
1.66177731915793,-2.60083467599485,2.73810684726585,1089.95553333333,322,164
1.6683920398358,-2.60274909288667,2.73859006489245,1089.9889,322,164
1.66698121567048,-2.57825747018221,2.71756298684363,1090.05563333333,323,164
1.66428928525497,-2.56538294667327,2.70651828186953,1090.089,323,164
1.67142608789038,-2.57672858982723,2.71406815990834,1090.12236666667,323,164
1.66911883129448,-2.56885629403589,2.70519875391001,1090.15573333333,323,164
1.67191905224339,-2.56894723421597,2.70396506290274,1090.1891,323,164
1.673407512895,-2.57057815711778,2.70268023912945,1090.22246666667,323,164
1.67258545660192,-2.56865894159308,2.69786357902936,1090.25583333333,323,164
1.67342790757762,-2.57137407826936,2.69875379640633,1090.2892,323,164
1.67703761035406,-2.57376413295608,2.70092412287149,1090.32256666667,323,164
1.67975660517071,-2.57316143198634,2.70184467193455,1090.35593333333,323,164
1.66944623751935,-2.54306973927983,2.68115973394966,1090.42266666667,324,164
1.66625936011626,-2.53288783294559,2.67348371384677,1090.45603333333,324,164
1.66664456453695,-2.53203018279683,2.67416948070392,1090.4894,324,164
1.66838998721173,-2.528489886641,2.6744946535569,1090.52276666667,324,164
1.66562810921287,-2.51888655589523,2.66798714723194,1090.55613333333,324,164
1.66444361961461,-2.50697947624265,2.66591676617424,1090.62286666667,325,164
1.66667102593039,-2.50351724037232,2.66582108104001,1090.65623333333,325,164
1.66533195762727,-2.49679953505179,2.66196985456181,1090.6896,325,164
1.66514748005838,-2.48888827312194,2.65752691015447,1090.72296666667,325,164
1.66307093157665,-2.47773044153547,2.64996078946112,1090.75633333333,325,164
1.66708219938272,-2.48544248455834,2.65821119401043,1090.7897,325,164
1.66524967581596,-2.4734035162557,2.65219784349112,1090.82306666667,325,164
1.66234783226467,-2.46728927741891,2.64851146251211,1090.85643333333,325,164
1.65824584285711,-2.45993253564503,2.64603434136091,1090.8898,325,164
1.65315465186441,-2.44834789225988,2.64315011193386,1090.92316666667,325,164
1.64818098025897,-2.42619669639998,2.63828463270374,1090.9899,326,164
1.64764359199323,-2.41814484703901,2.63840356413293,1091.02326666667,326,164
1.64490419068577,-2.40734435869208,2.63661935125213,1091.05663333333,326,164
1.64115780595007,-2.39318636062084,2.63149880571821,1091.09,326,164
1.63552630515488,-2.37936409499778,2.62500295787506,1091.12336666667,326,164
-9.09605196611772,7.13839193715549,4.9058509712221,1091.82406666667,327,165
-9.13747103189902,7.11481829730534,4.82746630400426,1092.1911,328,165
-9.04358432815901,6.98201897234008,4.68376474656289,1092.55813333333,329,165
-0.231875038141044,-0.829009572485591,1.47872823710712,1094.5935,330,166
-0.228808047964662,-0.830632632868452,1.47964578905674,1094.62686666667,330,166
-0.224532806495725,-0.83073606013718,1.47815892038183,1094.66023333333,330,166
-0.220411483022517,-0.832149562814765,1.47827258853547,1094.6936,330,166
-0.214406788755775,-0.832124289002153,1.4757676673742,1094.72696666667,330,166
-0.208439786823934,-0.833677050147211,1.47574634152529,1094.76033333333,330,166
-0.200510486145208,-0.833677262363969,1.47451281780449,1094.7937,330,166
-0.191304170179479,-0.833903395182253,1.4750519807583,1094.82706666667,330,166
-0.183030326682296,-0.83397290326413,1.47630105031639,1094.86043333333,330,166
-0.174888310585351,-0.833505822098406,1.47827796107645,1094.8938,330,166
-0.169983267578668,-0.833520402870836,1.48170023678988,1094.92716666667,330,166
-5.05559462905891,-5.02991636790434,1.66150644112313,1095.06063333333,331,167
-5.02592056529224,-5.01566056582045,1.65615322491888,1095.094,331,167
-4.99206674501515,-4.99388227664761,1.64844906087615,1095.12736666667,331,167
-5.01124360764304,-5.02480531625474,1.65212366745187,1095.16073333333,331,167
-4.94711611294689,-4.98092452801845,1.64059408674614,1095.1941,331,167
-4.94983645219415,-4.99698916839285,1.63664947320649,1095.22746666667,331,167
-10.026735838137,5.13199536864484,5.17804118704731,1095.76133333333,332,168
-10.372702456606,4.98603268519756,5.27358234482137,1096.12836666667,333,168
0.540247609872496,-1.00479094314787,1.48355267086929,1105.73796666667,334,169
0.543111025696041,-1.00186316230372,1.4894794069005,1105.77133333333,334,169
0.547208314890792,-0.997197917552699,1.49191438076555,1105.8047,334,169
0.551200900655397,-0.992454164093198,1.49458976696919,1105.83806666667,334,169
0.554624929576197,-0.989218094153041,1.49822052022368,1105.87143333333,334,169
0.557524756590375,-0.98380539739164,1.49970105831665,1105.9048,334,169
0.560378573522761,-0.980100317315679,1.50158347211779,1105.93816666667,334,169
0.562660763915401,-0.978159725744371,1.50612143410977,1105.97153333333,334,169
0.566197499290839,-0.973640848682139,1.50663279179733,1106.0049,334,169
0.591678061763296,-0.92089652545956,1.53868656121016,1106.37193333333,335,169
0.592482068324274,-0.918251931119218,1.54262450092866,1106.4053,335,169
0.594074019326181,-0.913698258290646,1.54567334471534,1106.43866666667,335,169
0.595112447750266,-0.910803512991808,1.54941913703349,1106.47203333333,335,169
0.596607106656479,-0.906223314947507,1.55079661993386,1106.5054,335,169
0.596893445312248,-0.903253284053828,1.55342596121388,1106.53876666667,335,169
0.597582550005728,-0.901759035629143,1.55811795641476,1106.57213333333,335,169
0.599945645018567,-0.897326878799338,1.55877444273319,1106.6055,335,169
-1.46258162777751,-0.450796678183512,1.51855007879863,1106.6055,336,170
-1.45250251388702,-0.444078431810022,1.51712195002266,1106.63886666667,336,170
-1.44778028711984,-0.435943813210874,1.51813018511441,1106.67223333333,336,170
-1.44098376231254,-0.426229307169083,1.51725376104219,1106.7056,336,170
-1.43517404518384,-0.416048159774107,1.51589253322483,1106.73896666667,336,170
-1.43322613156778,-0.406395131553963,1.51534871146315,1106.77233333333,336,170
-1.43293877694312,-0.395253544857457,1.51419381307968,1106.8057,336,170
-1.43393562850398,-0.384431783248261,1.51321708728572,1106.83906666667,336,170
-1.43635374990129,-0.371599386109497,1.5123071563599,1106.87243333333,336,170
-1.43834290416625,-0.358963312291629,1.51032102716191,1106.9058,336,170
-1.44503497571574,-0.344806828894659,1.51117823729199,1106.93916666667,336,170
4.17251139785587,0.445012869874452,2.18833382454079,1111.47703333333,337,171
4.17499101310798,0.445478528813011,2.18918640021451,1111.5104,337,171
4.17499101310798,0.445478528813011,2.18918640021451,1111.54376666667,337,171
4.17679545860627,0.444803295512057,2.18998838987584,1111.57713333333,337,171
1.55965518802068,-0.49999738905647,1.64969583783805,1111.57713333333,338,172
1.56885374721403,-0.500224657453301,1.65303909691983,1111.6105,338,172
1.57742285035575,-0.49966732847947,1.65600315446423,1111.64386666667,338,172
1.58622569045382,-0.498535593402089,1.65910162058879,1111.67723333333,338,172
1.5944697943204,-0.496712626110017,1.66123519436235,1111.7106,338,172
1.60209778893686,-0.495831813572899,1.6631269356638,1111.74396666667,338,172
1.6089977205331,-0.494848159403631,1.66540036431248,1111.77733333333,338,172
1.61532584779683,-0.494108932192752,1.66750023355154,1111.8107,338,172
1.62122943726516,-0.493836719381743,1.66940766514759,1111.84406666667,338,172
1.68766783877972,-0.46307835464242,1.68916476695249,1112.2111,339,172
1.68975195202314,-0.460580296950955,1.68961137124402,1112.24446666667,339,172
1.69313985346606,-0.457825820539543,1.68987222108764,1112.27783333333,339,172
1.69883692706294,-0.454087348143831,1.69149785401188,1112.3112,339,172
1.70098293516906,-0.450257676131086,1.69095697424001,1112.34456666667,339,172
1.70564912921644,-0.446092134704134,1.69157237842406,1112.37793333333,339,172
1.70938917494165,-0.443563415730438,1.6917732568606,1112.4113,339,172
1.71083793721284,-0.439519502000738,1.6896406228437,1112.44466666667,339,172
1.71623947152989,-0.437521525457809,1.6921087688264,1112.47803333333,339,172
2.67485113363183,0.135751175103034,1.3890804180048,1117.74996666667,340,173
2.67739333870259,0.135681944866706,1.38347066357169,1117.78333333333,340,173
2.68144522254695,0.134310665305035,1.37896839022003,1117.8167,340,173
2.68680436397365,0.132687324005366,1.3738506790573,1117.85006666667,340,173
2.69107880423963,0.131061386051714,1.3692630759644,1117.88343333333,340,173
2.69804483232826,0.13120110861042,1.36596369567344,1117.9168,340,173
2.7339426680511,0.122706662190561,1.30089104942399,1118.4173,341,173
2.73454359617908,0.122442277439378,1.29744046584766,1118.45066666667,341,173
2.72727812622785,0.114275304951796,1.28015648795377,1118.55076666667,342,173
-1.09139785111847,-0.421963469883566,1.98213771316451,1118.68423333333,343,174
-1.09399083601268,-0.413509199727967,1.97935687753249,1118.7176,343,174
-1.0968279861005,-0.403659824088734,1.97551111490501,1118.75096666667,343,174
-1.10073175563521,-0.394785066215727,1.97332467900512,1118.78433333333,343,174
-1.10246911445184,-0.385638859301742,1.96872696797354,1118.8177,343,174
-1.10882416487163,-0.376992608822185,1.96815172849173,1118.85106666667,343,174
-1.10955197812164,-0.365696361696195,1.96322950725532,1118.88443333333,343,174
-1.11249439586746,-0.353273435144051,1.95956229177343,1118.9178,343,174
-1.11742422962131,-0.341385805034151,1.95942816592856,1118.95116666667,343,174
-1.12057254688928,-0.328563585041006,1.95834501319413,1118.98453333333,343,174
-1.12204895989133,-0.316003451466696,1.95542470778543,1119.0179,343,174
-3.53032896801131,4.36196183453587,1.65543119292037,1120.08563333333,344,175
-3.51458579751593,4.36845995757935,1.65878729806376,1120.119,344,175
-3.51409740259142,4.39372869048331,1.66529023623547,1120.15236666667,344,175
-5.12384508078814,0.849821622602191,1.66038061647713,1130.96316666667,345,176
-5.14029280208941,0.857376204821886,1.66940663125379,1130.99653333333,345,176
-5.13882124890589,0.863633008963689,1.6736938219978,1131.0299,345,176
0.880202075945207,0.325432889149213,0.238376104800657,1132.3312,346,177
0.88081717371683,0.325121554646152,0.238094075792168,1132.36456666667,346,177
0.881245640163822,0.323415414237325,0.239752646891258,1132.39793333333,346,177
0.881197141818001,0.322963814064238,0.23989750892219,1132.4313,346,177
0.881381971845307,0.322672036835904,0.240100939932095,1132.46466666667,346,177
0.88140931431514,0.32271963468995,0.240079558575383,1132.49803333333,346,177
0.8814025044833,0.32261003272537,0.240162463961557,1132.5314,346,177
0.881498838457632,0.322833490827922,0.23979797711226,1132.56476666667,346,177
0.881142513743723,0.323300398882786,0.239234433038259,1132.59813333333,346,177
0.880998297653497,0.324518990751973,0.238018607875103,1132.6315,346,177
0.881183554974158,0.324363449335031,0.238040432540851,1132.66486666667,346,177
3.20610596599425,4.10209528335781,2.66266141198002,1133.3322,347,178
3.20561775448843,4.05543385587261,2.65304883784916,1133.39893333333,348,178
3.2240067282685,4.02706091654755,2.65199073320612,1133.46566666667,349,178
3.23385179547779,4.01253391314187,2.65199193107325,1133.49903333333,349,178
-3.31408058370731,-0.549886792303311,1.15862161343606,1136.5354,350,179
-3.30223804852994,-0.548729466601344,1.15837018684797,1136.56876666667,350,179
-3.29488847242621,-0.546568103268023,1.15722904988751,1136.60213333333,350,179
-3.30080287936127,-0.548315638953996,1.15783599436393,1136.6355,350,179
-3.29121249702753,-0.548894827227647,1.15586096654837,1136.66886666667,350,179
-3.29621846221362,-0.562769258030109,1.1497842301116,1137.0359,351,179
-3.30479852142917,-0.563378866243759,1.14921295007565,1137.06926666667,351,179
-3.30559390669095,-0.562055464679637,1.14640516559366,1137.10263333333,351,179
-3.30495792591347,-0.561879802079646,1.14576088915511,1137.136,351,179
-3.31274988173659,-0.562245433048688,1.14600073240675,1137.16936666667,351,179
-3.30381459670318,-0.560524402342308,1.14413513202283,1137.20273333333,351,179
-3.31690976034417,-0.570450269126822,1.13703308576939,1137.60313333333,352,179
-3.31775890824636,-0.570710870288769,1.13625386763972,1137.6365,352,179
-3.31944440606222,-0.571238378133139,1.13554056974482,1137.66986666667,352,179
-3.32640511833524,-0.572387179389206,1.13699793230096,1137.70323333333,352,179
-3.32178681034155,-0.571923689575382,1.1383989731536,1137.7366,352,179
-1.78806609723962,2.07071030283118,2.46325693493328,1144.67686666667,353,180
-1.8087405461508,2.05868112334709,2.45817882877462,1144.71023333333,353,180
-1.82761366651371,2.04696061895839,2.45229915026568,1144.7436,353,180
-1.85383894637589,2.03734512502695,2.45084171284739,1144.77696666667,353,180
-1.87445306312558,2.02531604467591,2.4475240801318,1144.81033333333,353,180
-1.90259356208071,2.01856600093855,2.44902738924314,1144.8437,353,180
-1.93410553977913,2.0104488592127,2.45050423908831,1144.87706666667,353,180
-1.95416914098194,1.99865066524084,2.44659813604984,1144.91043333333,353,180
4.40386707397961,0.556534885502317,1.7978717802024,1147.01253333333,354,181
4.41941475374069,0.559437829072212,1.80479897679615,1147.0459,354,181
4.40704322699658,0.559579489317944,1.80119602714764,1147.07926666667,354,181
4.40704322699658,0.559579489317944,1.80119602714764,1147.11263333333,354,181
4.40704322699658,0.559579489317944,1.80119602714764,1147.146,354,181
0.88319742918684,0.320797333537287,0.259498458749149,1148.5474,355,182
0.883150405642597,0.320898331439057,0.25983693040276,1148.58076666667,355,182
0.883097407171778,0.320834556951769,0.260024905924684,1148.61413333333,355,182
0.883273916637335,0.320459246755998,0.260155863399351,1148.6475,355,182
0.883172876488295,0.320160606831688,0.26024123247412,1148.68086666667,355,182
0.88339664002369,0.320034776118444,0.260155148038332,1148.71423333333,355,182
0.883161318280505,0.319940692974043,0.260272226456927,1148.7476,355,182
0.883336513457948,0.32007318671424,0.26032455461416,1148.78096666667,355,182
0.883511632219111,0.320114605172252,0.260193684963628,1148.81433333333,355,182
0.88370742522546,0.320339046548039,0.260056195501458,1148.8477,355,182
0.884162355335732,0.320415337716269,0.260001838300137,1148.88106666667,355,182
0.884088773038426,0.320588820083625,0.259940487222758,1148.91443333333,355,182
0.883638265987866,0.320584240668225,0.261873169694111,1149.58176666667,357,182
0.88356757499771,0.320402782206201,0.261563230104535,1149.61513333333,357,182
0.882961916230326,0.319597197984984,0.261783486937023,1149.6485,357,182
0.882617978774255,0.319555452437076,0.26161118773468,1149.68186666667,357,182
0.886898517517648,0.308926479446805,0.250503412267378,1149.71523333333,357,182
0.887275435483425,0.308901756662316,0.251355348596296,1149.7486,357,182
0.887016725655906,0.308806349163999,0.25134026860781,1149.78196666667,357,182
0.88704091335706,0.308938339465266,0.251211659067921,1149.81533333333,357,182
0.879207232439958,0.312749962388394,0.264191495744115,1149.8487,357,182
0.888213430036483,0.311723816372449,0.250975270113801,1149.8487,357,182
0.883230540230648,0.320466203159723,0.261957454683872,1149.88206666667,357,182
0.883740776662189,0.320694942058324,0.261989240214697,1149.91543333333,357,182
0.884058274363064,0.321106607988383,0.261994148970075,1149.9488,357,182
0.883474514312379,0.320786123978461,0.262290306218196,1150.61613333333,360,182
0.883391327710288,0.320112067941659,0.262350856549083,1150.6495,360,182
0.88164151971638,0.318064340578754,0.262764014749767,1150.68286666667,360,182
0.887921279837453,0.309215820051408,0.251782244369387,1150.71623333333,360,182
0.887217796225337,0.309356824169035,0.251438983357592,1150.7496,360,182
0.887242310742384,0.309361728662256,0.251543817573623,1150.78296666667,360,182
0.879380643103894,0.313049697282479,0.265026750719376,1150.81633333333,360,182
0.888612961193168,0.311995295276551,0.251391344726442,1150.81633333333,360,182
0.883216428482829,0.320391554748433,0.262087749720217,1150.8497,360,182
0.883789668731696,0.320621678977388,0.262229385319708,1150.88306666667,360,182
0.883856765521174,0.320845667750161,0.262449368427387,1150.91643333333,360,182
-5.41197333881284,1.94471889533166,2.48578982670063,1149.51503333333,356,183
-5.39112802701976,1.93371153846751,2.47816605892703,1149.5484,356,183
-5.39425692987365,1.92788683642729,2.48117256443475,1149.58176666667,356,183
-5.40058561701681,1.92693573324332,2.48350943810448,1149.61513333333,356,183
-5.40560037618148,1.91796617373857,2.48898183106219,1149.6485,356,183
-4.17324166436103,-0.74453140871998,0.699830887651831,1150.149,358,184
-4.18773852007405,-0.72888446672765,0.705840084915937,1150.58276666667,359,184
-4.20026774456095,-0.728143064910892,0.705924885149756,1150.61613333333,359,184
-4.20026774456095,-0.728143064910892,0.705924885149756,1150.6495,359,184
-10.152358138331,-1.07557009247112,2.31364218843032,1155.92143333333,361,185
-10.1173954216676,-1.07322307895215,2.31127929734134,1155.9548,361,185
-4.15103682483507,-0.34882378255267,1.15814452089936,1156.88906666667,362,186
-4.16702541639773,-0.344288082248798,1.16068199903745,1156.92243333333,362,186
-4.15468925137408,-0.339111027656669,1.16053729531952,1156.9558,362,186
-4.15393924033807,-0.33245031953194,1.164827340506,1156.98916666667,362,186
-4.15874789958249,-0.329538415562956,1.16764449926288,1157.02253333333,362,186
-4.17067920234212,-0.327502270892133,1.1746399593646,1157.0559,362,186
-4.14597151309231,-0.319627681003317,1.17592794720284,1157.08926666667,362,186
-4.16029170667851,-0.32773639595618,1.2265856245445,1157.48966666667,363,186
-4.16190729452741,-0.327801443867083,1.2285421619586,1157.52303333333,363,186
-4.16459986235374,-0.328988984598446,1.23146439760471,1157.5564,363,186
-4.14991560597106,-0.329423885260142,1.23653720282993,1157.58976666667,363,186
-4.16201185634881,-0.332157306025062,1.24776327059291,1157.6565,364,186
-4.17818083583476,-0.303099725733818,1.29461980877796,1158.0569,366,186
-4.17736369921268,-0.297350759980866,1.29841521831045,1158.09026666667,366,186
-4.16611286441319,-0.291193088124912,1.30321030776874,1158.12363333333,366,186
-4.16220331553001,-0.287143957346488,1.30749513679589,1158.157,366,186
-4.16246220199665,-0.285475886795298,1.31336146197017,1158.19036666667,366,186
-4.16054378920363,-0.282047590158547,1.31944073682301,1158.22373333333,366,186
3.75623481651831,9.06607564776039,7.67853410473,1157.82333333333,365,187
3.74930061322421,9.04506906567519,7.65802891993438,1157.8567,365,187
3.64892289778386,8.95949722872835,7.49623844516324,1158.5574,367,187
3.63312265628441,8.90180985281463,7.45244989810278,1158.59076666667,367,187
3.67021147562419,8.99638905103318,7.52289149196848,1158.62413333333,367,187
-6.27211736507943,3.01227521845682,2.45998183865118,1163.89606666667,368,188
-6.30790067084136,3.0271406567689,2.46584492209629,1163.92943333333,368,188
-6.2867234960186,3.02349473269451,2.45522734458612,1163.9628,368,188
-6.31864954432013,3.03686120947257,2.46079463305155,1163.99616666667,368,188
-6.31250389469645,3.03694486437453,2.45147940191214,1164.02953333333,368,188
-6.28494891351302,3.02864912122631,2.43951393990876,1164.0629,368,188
-6.34370519437975,3.05793389063505,2.45324349776989,1164.09626666667,368,188
-3.07721878889326,1.88087885278229,1.67047685776031,1164.163,369,189
-3.0888476656682,1.90057723721483,1.68097645714054,1164.19636666667,369,189
-3.0588037818924,1.90105584293746,1.6805269992113,1164.22973333333,369,189
-3.06527293548002,1.91405629026624,1.68725976144309,1164.2631,369,189
-3.05892466191105,1.92401940598605,1.69063026185747,1164.29646666667,369,189
-3.04952473339095,1.92838038183042,1.69376372584656,1164.32983333333,369,189
-3.06323584699158,1.94489740258248,1.70182557539527,1164.3632,369,189
-2.9693480670179,2.00638058989976,1.72626057865099,1164.7636,370,189
-2.95658436042525,2.00509930969633,1.72387194159472,1164.79696666667,370,189
-2.95918597403265,2.01259204946787,1.72831101798922,1164.83033333333,370,189
-2.95445136787117,2.01491414987543,1.72916286114765,1164.8637,370,189
-2.92666667257084,2.00414267720045,1.72319606008359,1164.89706666667,370,189
-2.85860550630466,2.03657264734399,1.71550770629253,1165.2641,371,189
2.89854050899852,7.99785821035918,6.25168688647958,1170.20236666667,372,190
2.85158281752628,7.86345658707108,6.1611915367286,1170.23573333333,372,190
2.85173444843401,7.88701315033824,6.18335168754608,1170.2691,372,190
2.81633746874769,7.79218042795293,6.12334659788623,1170.30246666667,372,190
2.54466235401125,7.88690225714841,6.06334590211951,1170.9698,373,190
2.53690879509462,7.87695750922442,6.0543694043295,1171.00316666667,373,190
2.52979973847347,7.88953948716497,6.05660098122658,1171.03653333333,373,190
-2.1407439086639,3.41058660911951,1.97170351468514,1171.60376666667,374,191
-2.14563330373712,3.41882497777254,1.97314764673955,1171.63713333333,374,191
-2.12991869703208,3.42616010557521,1.92852084748538,1172.00416666667,375,191
-2.13497332599823,3.43582719526688,1.9266512835936,1172.03753333333,375,191
-2.14046773968749,3.45019840663377,1.92865654053622,1172.0709,375,191
-2.12181708577641,3.43310199296898,1.91686570311402,1172.10426666667,375,191
-2.12705149140032,3.4417176714764,1.9172465381561,1172.13763333333,375,191
0.867324433251244,0.309393743264123,0.329947255289101,1176.24173333333,376,192
0.867139999523517,0.309368830405734,0.329983740795811,1176.2751,376,192
0.867226617843,0.309255100136565,0.329912183842721,1176.30846666667,376,192
0.867207993448408,0.309194165617424,0.329939617479194,1176.34183333333,376,192
0.867291463395348,0.309145923852778,0.329907154535212,1176.3752,376,192
0.867240877488204,0.308985415097396,0.329978188149007,1176.40856666667,376,192
0.867294671365065,0.309037089623115,0.329986467741585,1176.44193333333,376,192
0.867452628880574,0.309343329823651,0.330207493371766,1176.4753,376,192
0.867714023251031,0.310060884948926,0.330328580814719,1176.50866666667,376,192
0.86701131642785,0.309341664473396,0.330811079928446,1177.2761,378,192
0.866916360283692,0.309277832054428,0.330436105678588,1177.30946666667,378,192
0.867103021216401,0.309088113485513,0.329676493070061,1177.34283333333,378,192
0.867072016068779,0.308876506697543,0.329605024430937,1177.3762,378,192
0.86731036266478,0.30854437637265,0.329396875011726,1177.40956666667,378,192
0.867305159561361,0.308528643841309,0.329403650661483,1177.44293333333,378,192
0.86727273036695,0.308500438811419,0.329396503889397,1177.4763,378,192
0.867184549586042,0.308628215650488,0.329815195591773,1177.50966666667,378,192
0.867316213951239,0.309037015387897,0.330726245108343,1177.54303333333,378,192
0.868201197437482,0.309817036551963,0.331177924354709,1177.5764,378,192
0.868228933255422,0.309681548852802,0.33129918383151,1177.60976666667,378,192
0.86780556879189,0.308871142422501,0.331177709828403,1178.2771,379,192
0.86765976694897,0.308670017177385,0.330442448144651,1178.31046666667,379,192
0.867402473292978,0.30855309045882,0.329914295086549,1178.34383333333,379,192
0.867371090089716,0.308346438532913,0.329529743969192,1178.3772,379,192
0.867361614081074,0.308225026674944,0.329607701546652,1178.41056666667,379,192
0.867307915789049,0.30836262027322,0.329689931946718,1178.44393333333,379,192
0.867264816561083,0.308556258965518,0.330173749392922,1178.4773,379,192
0.867417648596045,0.308906957062625,0.330845350529971,1178.51066666667,379,192
0.86809097957613,0.308440258384752,0.331532734135121,1178.54403333333,379,192
0.868708204144644,0.30934953624897,0.331753933267159,1178.5774,379,192
-8.12221848901262,5.84890862897348,4.41252242461994,1176.50866666667,377,193
-8.13350040904681,5.86100971458089,4.42496705054904,1176.54203333333,377,193
-8.13147643608315,5.86369915288358,4.43642105433262,1176.5754,377,193
-1.66500367930212,6.16535250738981,2.14301021710364,1178.7776,380,194
-1.65618580589286,6.1718567103083,2.13780842954639,1178.81096666667,380,194
-1.67983008312737,6.26360955416705,2.16094698431776,1178.84433333333,380,194
-1.48019304387997,6.13561972105487,2.13188221600034,1179.31146666667,381,194
-1.49021886558916,6.15937728565074,2.13291610046166,1179.34483333333,381,194
8.31090142529602,9.42352426055926,4.08609799810308,1182.41456666667,382,195
8.2795876153975,9.39961156578658,4.0790330007632,1182.44793333333,382,195
1.65608738033617,5.35143641072035,2.58318230075285,1185.41756666667,383,196
1.68025770450593,5.38064739699163,2.6016955728307,1185.45093333333,383,196
1.70492394981149,5.43465761039891,2.62691692124623,1185.4843,383,196
1.70884850987427,5.3264386051492,2.59894613660098,1185.51766666667,383,196
1.73013757161175,5.34973681011085,2.61451053470284,1185.55103333333,383,196
1.76832687039423,5.46731760324997,2.66395218795033,1185.5844,383,196
1.96324957006284,5.38345674377586,2.68179366158244,1185.9848,384,196
1.9838050319607,5.40880731183737,2.69296666306185,1186.01816666667,384,196
1.99573910658801,5.39644078154181,2.68975602611467,1186.05153333333,384,196
2.00496135888776,5.39195631437894,2.6863749282989,1186.0849,384,196
2.09895300303586,5.31222028113731,2.66314616470954,1186.4853,385,196
2.12294393046351,5.36612757686867,2.68537596662872,1186.51866666667,385,196
2.10534071793617,5.27494060770194,2.65159825826149,1186.55203333333,385,196
2.11656055663383,5.28052795744701,2.65630806823982,1186.5854,385,196
0.709374967979927,4.29357235161144,3.28366300752716,1189.72186666667,386,197
0.670828039688253,4.32698989868354,3.29488792535684,1189.75523333333,386,197
0.63601602897505,4.31637908609707,3.27658570446806,1189.7886,386,197
0.59992659202873,4.34646636642256,3.28555424682646,1189.82196666667,386,197
0.567004824018903,4.37719420200814,3.2946456843935,1189.85533333333,386,197
0.227157407886357,4.48727304685242,3.27886596544793,1190.25573333333,388,197
0.199990993840113,4.45558347169646,3.25930594043822,1190.2891,388,197
0.179701002848509,4.42931372224756,3.24393377219171,1190.32246666667,388,197
0.155356666673573,4.4439344183321,3.25775313197305,1190.35583333333,388,197
0.14002104016333,4.40336131346453,3.23787906071636,1190.3892,388,197
-0.0740795132372544,4.25048797505497,3.17142254076636,1190.75623333333,389,197
-0.0936099021448636,4.27079944908194,3.18794866225537,1190.7896,389,197
-0.107584384888369,4.26945533505428,3.18845202144962,1190.82296666667,389,197
-0.123904962709113,4.25445867179208,3.17686451746786,1190.85633333333,389,197
0.87432481899022,0.189839145388861,0.0157518074248855,1190.12226666667,387,198
0.874315795730224,0.189991109731357,0.0159812348116518,1190.15563333333,387,198
0.874262530475853,0.189895958780922,0.0158160861647223,1190.189,387,198
0.874320303126761,0.189810219831467,0.0157985496233096,1190.22236666667,387,198
0.874320303126761,0.189810219831467,0.0157985496233096,1190.25573333333,387,198
0.874142151199324,0.190125092128251,0.0155930060693196,1190.2891,387,198
0.874315872055153,0.190230979399137,0.0156738448935526,1190.32246666667,387,198
0.873991256128353,0.190577215151976,0.0154307528142652,1190.35583333333,387,198
0.872898905689866,0.195115076425415,0.0106361605298074,1191.22336666667,390,198
0.872643700234807,0.194931235422285,0.0107047130677602,1191.25673333333,390,198
0.872921995425994,0.19500255373989,0.0107897633604307,1191.2901,390,198
0.872956836942397,0.19513573333063,0.0106857067167473,1191.32346666667,390,198
3.7081439961029,4.59535743953826,2.37275794221508,1191.65713333333,391,199
3.72812303778649,4.60087860344472,2.37877515069994,1191.6905,391,199
3.73457613848418,4.58939406139813,2.37767680359276,1191.72386666667,391,199
3.76276069840822,4.61311034704304,2.39063505996827,1191.75723333333,391,199
3.88707145137964,4.49843983151233,2.44090024604271,1192.15763333333,392,199
3.8954250673078,4.49152081069583,2.44623795857697,1192.191,392,199
3.91556319116645,4.50042456647167,2.4585949147336,1192.22436666667,392,199
3.92974642203352,4.49875422734638,2.46790139015539,1192.25773333333,392,199
3.91266987330628,4.4610413368759,2.45861104113932,1192.2911,392,199
4.03859104012112,4.40735106048249,2.49430819284251,1192.65813333333,393,199
4.07006314720376,4.42844210724866,2.50590929063219,1192.6915,393,199
4.07888279073942,4.41654834451354,2.50662953073119,1192.72486666667,393,199
4.0905403397142,4.41083791301179,2.50635738509379,1192.75823333333,393,199
4.09893474333632,4.40138329322868,2.50454367031196,1192.7916,393,199
0.870837499035068,0.195868840048235,0.0146009388812541,1193.12526666667,394,200
0.871077826277676,0.195602639402961,0.0140042701422417,1193.15863333333,394,200
0.87110373529817,0.195542920810411,0.0135550036407593,1193.192,394,200
0.871108857335291,0.195648997227404,0.0136357343644914,1193.22536666667,394,200
0.871108857335291,0.195648997227404,0.0136357343644914,1193.25873333333,394,200
0.870788145787059,0.195714900562903,0.0137500179823952,1193.2921,394,200
0.870718220437313,0.195635078840663,0.0141739084635412,1193.32546666667,394,200
0.870517896946419,0.195959627603096,0.0139399809455735,1193.35883333333,394,200
0.870913956434313,0.195519884711128,0.0140534555385775,1193.3922,394,200
6.57186512968637,1.53431696883031,2.5915015518614,1193.82596666667,395,201
6.58873795847317,1.53856576734913,2.59803253073729,1193.85933333333,395,201
6.58873795847317,1.53856576734913,2.59803253073729,1193.8927,395,201
6.59684995396163,1.53978907978904,2.60018418183892,1193.92606666667,395,201
6.59070629243868,1.53879623506231,2.59779426879206,1193.95943333333,395,201
-2.68606998517122,4.94877923773163,2.96507979347264,1195.12726666667,396,202
-2.68582727554779,4.97506217759156,2.95690450488077,1195.16063333333,396,202
-2.70345930526312,5.03544121695632,2.9673063888607,1195.194,396,202
-2.69784238349539,5.05821969549697,2.9602919118315,1195.22736666667,396,202
-2.71415748461015,5.40520653913454,3.00124800809569,1195.6945,397,202
-2.91782389361024,8.1067764970434,3.52372254119985,1201.73386666667,398,203
-5.34995823973898,-5.23737533737316,1.91648728542191,1206.4052,399,204
-5.35659065629317,-5.24928651537351,1.92587070402403,1206.43856666667,399,204
-5.34822544073341,-5.24978112532933,1.93352723010881,1206.47193333333,399,204
-5.331278348196,-5.24433869193075,1.93726436171769,1206.5053,399,204
-5.27818266537525,-5.20513345159309,1.9334568350813,1206.53866666667,399,204
-5.30814143419544,-5.26270120421326,1.98121376255452,1206.73886666667,400,204
6.03991576362511,-2.02184020612593,4.21170158281906,1207.6064,401,205
6.02194140379841,-2.0197696778887,4.20536301725479,1207.63976666667,401,205
6.03436133679072,-2.02666477350578,4.21532702245355,1207.67313333333,401,205
-0.300161906613479,8.79284860222281,3.95012859930419,1208.54066666667,402,206
-0.30815761239293,9.00144688295337,4.04387238782277,1208.57403333333,402,206
-0.162096949429687,9.86118948119173,4.54805944671993,1209.0078,403,206
-0.133526935825575,9.60209934707798,4.45193240449817,1209.04116666667,403,206
-0.127244494551908,9.75372562682232,4.52830874637137,1209.07453333333,403,206
-0.0105939031026411,9.47043268737903,4.62860531516976,1209.5083,404,206
2.17489869751015,-2.39547176737524,1.44431943250167,1215.54766666667,405,207
2.17694382826732,-2.39724749347108,1.44597713930603,1215.58103333333,405,207
2.17954222062003,-2.40045524110801,1.44675974086004,1215.6144,405,207
2.16944049855211,-2.38481445482905,1.44101294338077,1215.64776666667,405,207
2.16956109905817,-2.38533323563077,1.4428909710321,1216.24836666667,406,207
2.17581994048101,-2.39603290708638,1.44608451470781,1216.28173333333,406,207
2.17442871832923,-2.39384375864588,1.4447230468315,1216.3151,406,207
2.18020069098403,-2.40145507522212,1.44741325548254,1216.34846666667,406,207
2.18133223097371,-2.40461821870081,1.44862156666511,1216.38183333333,406,207
2.17113287389857,-2.39052077935725,1.44259728803921,1217.1159,407,207
2.17604236447981,-2.39646279805674,1.44607225175496,1217.14926666667,407,207
2.17690165276991,-2.39781302686991,1.4461505051085,1217.18263333333,407,207
2.17610264253227,-2.39639393060665,1.44581599769948,1217.216,407,207
-6.13995692458068,5.68444293411674,5.17535330614881,1220.98643333333,408,208
-6.18917314951082,5.6927367141872,5.1580816116292,1221.0198,408,208
-6.24379114881718,5.70690628470848,5.15250630261947,1221.05316666667,408,208
-6.4512021655053,5.49374131664183,5.118606318973,1221.58703333333,409,208
-6.44068847623493,5.47907231406521,5.12358885755661,1221.6204,409,208
-6.31880570537008,5.42925724547694,5.16427402401411,1222.08753333333,410,208
-5.18757348452092,-2.00179767370954,1.6746488073255,1224.8236,411,209
-5.15841372393094,-1.98318194357341,1.67275453786279,1224.85696666667,411,209
-5.15307054647403,-1.97269204123022,1.6731492117467,1224.89033333333,411,209
-5.11546615098724,-1.95406037603869,1.66740282942232,1224.9237,411,209
-5.10314960930775,-1.90755896208971,1.66017542355674,1225.09053333333,412,209
-5.12256456718283,-1.91239109381659,1.66457518416585,1225.1239,412,209
-5.13134999262457,-1.90466792834095,1.66619729252364,1225.15726666667,412,209
-8.50996322063544,4.70702896777081,5.09985514867943,1226.5253,413,210
-8.55271171831643,4.69810867289344,5.12224722434884,1226.55866666667,413,210
7.25283544486466,9.20977799054157,2.6867842800775,1233.29873333333,414,211
7.30165550311795,9.27091520982709,2.69814195613461,1233.3321,414,211
7.30651734954968,9.2202676749285,2.61032280447324,1233.86596666667,416,211
1.25509291839219,0.423524424277475,0.793573722029709,1233.36546666667,415,212
-6.11342972254392,1.56257131162602,1.47742399884066,1235.86796666667,417,213
-6.09424140384232,1.56147948795203,1.47625438137419,1235.90133333333,417,213
-6.1203826480574,1.5692525566335,1.48166442554776,1235.9347,417,213
-6.096900434963,1.58377982016708,1.47950801260035,1236.1349,418,213
-6.11328713138284,1.58862460633636,1.48204917808036,1236.16826666667,418,213
-6.10965924554626,1.58815295349489,1.48223697389628,1236.20163333333,418,213
-6.0596564787107,1.57711013502085,1.47873667068287,1236.235,418,213
-6.01121347750838,1.57541816561606,1.48238441076663,1236.40183333333,419,213
-6.03827787715177,1.58348331038767,1.48655928656188,1236.4352,419,213
-5.99622345271753,1.589578853276,1.49323190779402,1236.5353,420,213
-5.99289387553317,1.59462905578742,1.49559243943734,1236.56866666667,420,213
-5.89262454303024,1.60140991929571,1.51139639520393,1236.76886666667,421,213
-5.88959619117824,1.60266374788901,1.51375329529116,1236.80223333333,421,213
-5.92383638398954,1.61712588314637,1.5212100599655,1236.8356,421,213
-4.51652894334275,3.25251956184862,1.77110037790402,1242.10753333333,422,214
-4.54414704758581,3.2787494622274,1.77960930443685,1242.1409,422,214
-4.48890013267277,3.26626466123221,1.77001058060218,1242.20763333333,423,214
-4.42790206026344,3.28297301848969,1.77070171485364,1242.3411,424,214
-4.42485911084068,3.28675651822348,1.77180522921996,1242.37446666667,424,214
-4.42597265115829,3.30285440849848,1.77727236974165,1242.40783333333,424,214
-4.40762517966489,3.30584061836812,1.77512108505287,1242.4412,424,214
-4.39342981602584,3.3137960890981,1.77714548146008,1242.47456666667,424,214
-4.347085237745,3.36423105527089,1.79128283882854,1242.6414,425,214
-4.32117236306725,3.36538368554454,1.79064103099321,1242.67476666667,425,214
-4.32085923604393,3.381367557024,1.79796737366884,1242.70813333333,425,214
-4.21868675426661,3.4316857819538,1.81334359806049,1242.97506666667,426,214
-4.23984720423625,3.45687210559046,1.8243315149874,1243.00843333333,426,214
-4.18746311490748,3.43500804044664,1.81742329345351,1243.0418,426,214
-4.21538751433705,3.46343575107438,1.82710633744916,1243.07516666667,426,214
-4.21504661898625,3.47361899705442,1.83415284039217,1243.10853333333,426,214
7.27959787472213,7.09562072926184,2.4750973071305,1243.1419,427,215
5.58685478096443,6.63181640568501,2.50812344024669,1248.61403333333,428,216
5.64653422200498,6.72209030002945,2.54136312487864,1248.6474,428,216
5.56813299926004,6.6358329040415,2.52788139748941,1248.68076666667,428,216
5.41747931377389,6.62717674035707,2.5827874438873,1249.08116666667,431,216
5.39925014476398,6.61789444473918,2.5796263214545,1249.11453333333,431,216
5.41070841236664,6.64813340892828,2.59071327674798,1249.1479,431,216
5.44192593759917,6.7012155677942,2.61288995229058,1249.18126666667,431,216
5.28672800336087,6.60302623759035,2.58667165764221,1249.58166666667,436,216
5.30957336746451,6.63700932940969,2.59500958913025,1249.61503333333,436,216
5.27051123622734,6.58795390548024,2.58031803308465,1249.6484,436,216
5.29226894790149,6.62155033851966,2.59007807973635,1249.68176666667,436,216
5.31272080803262,6.6558868856421,2.60043319338159,1249.71513333333,436,216
-1.03278516718973,4.18706535444513,2.07126616313006,1248.68076666667,429,217
-1.0017412297708,4.16221502610587,2.05721183865358,1248.71413333333,429,217
-0.989603606271452,4.18079831442034,2.05889599163786,1248.7475,429,217
-0.969039311461646,4.17428565599152,2.05364087221807,1248.78086666667,429,217
-0.95443508023538,4.17326267019575,2.04893549635542,1248.81423333333,429,217
-0.884618941704109,4.18598060820126,2.03604261343688,1248.9477,430,217
-0.871448272142836,4.19535319726526,2.03709168333684,1248.98106666667,430,217
-0.855099206745928,4.20208517123626,2.03456306874491,1249.01443333333,430,217
-0.845032377584937,4.22258177174052,2.03876623445019,1249.0478,430,217
-0.817456181856665,4.1970281410197,2.02692551057398,1249.08116666667,430,217
-0.807385299714796,4.20649282620034,2.02837347375803,1249.11453333333,430,217
-0.764398998729779,4.24646204446428,2.03285045853206,1249.21463333333,433,217
-0.700225942516249,4.23305157867052,2.02177155287187,1249.3481,434,217
-0.693958326015859,4.25841371485912,2.02793618484548,1249.38146666667,434,217
-0.676096469377821,4.24692632184404,2.02330374071245,1249.41483333333,434,217
-0.601241807773619,4.20635335443127,2.0022891705115,1249.5483,435,217
-0.592762586018197,4.19331294881821,1.99771095135375,1249.58166666667,435,217
-0.592270932426095,4.2108259001876,2.00244384215937,1249.61503333333,435,217
-0.592383325346131,4.22335367696708,2.00678442494596,1249.6484,435,217
-0.590920835176684,4.22927843099053,2.00853523177907,1249.68176666667,435,217
-0.583522567996182,4.22002665023665,2.00490176929851,1249.71513333333,435,217
-0.569974247775422,4.18830988953736,1.99310350641922,1249.7485,435,217
0.909985735518931,0.198629571195436,0.124435247593347,1249.08116666667,432,218
0.909603363190489,0.198525521410342,0.123644608518052,1249.11453333333,432,218
0.909194433431102,0.198143761365892,0.122879122154151,1249.1479,432,218
0.909114308949853,0.197785724740801,0.122389144544013,1249.18126666667,432,218
0.90905930716247,0.197387784671954,0.121952743395075,1249.21463333333,432,218
0.908830276108166,0.197029126756867,0.122079514697636,1249.248,432,218
0.908399171607858,0.193726380018998,0.116990539804885,1249.28136666667,432,218
0.909244882352098,0.19847428897825,0.12392261224125,1250.11553333333,437,218
0.909117671092107,0.198309414041534,0.123620484115717,1250.1489,437,218
0.909056508881746,0.197850862342777,0.12290450587087,1250.18226666667,437,218
0.909041344586973,0.198064527131215,0.123219731889826,1250.21563333333,437,218
0.909423840114889,0.198665153370212,0.124286637505235,1250.249,437,218
0.909365983504844,0.198554313902206,0.124886582233825,1250.28236666667,437,218
0.909624139400057,0.198523601310655,0.124666329137979,1250.31573333333,437,218
-0.00339306040363752,2.12889658716075,1.72101297311069,1255.48756666667,438,219
-0.00181307097554673,2.12460492950048,1.72117563583953,1255.52093333333,438,219
-5.22783879153277e-06,2.11932130604857,1.72016489496103,1255.5543,438,219
0.00302410252025143,2.11263244543758,1.71752314105418,1255.58766666667,438,219
0.00667063857875783,2.10245709613685,1.71199157520189,1255.62103333333,438,219
0.00819916852679348,2.09174141349184,1.70550649002113,1255.6544,438,219
0.0125817382150369,2.07185346008589,1.69191463239845,1255.72113333333,440,219
0.0125733848650873,2.06482033307981,1.68839204800253,1255.7545,440,219
0.0101046413834108,2.06309741436491,1.68824454428033,1255.78786666667,440,219
0.0100787570723263,2.0566320097452,1.6866963394283,1255.82123333333,440,219
0.00835129636287146,2.05422581041347,1.6872844693904,1255.8546,440,219
0.00852433878163217,2.04344920327224,1.68341297760817,1255.88796666667,440,219
0.0072639349764908,2.03897184396709,1.68287852025927,1255.92133333333,440,219
0.00178369209044693,2.03706590214779,1.68357268346954,1255.9547,440,219
-0.00420847967684967,2.03523768279424,1.68450082873792,1255.98806666667,440,219
-0.00864693125064131,2.03240801269179,1.68456328125029,1256.02143333333,440,219
-0.0114458918652138,2.02446458225084,1.67987969160973,1256.0548,440,219
-0.0165960059071523,2.02269579680979,1.67961100376643,1256.08816666667,440,219
-0.0237458288005141,2.02417003149961,1.68064198717709,1256.12153333333,440,219
-0.0316234990035175,2.02320823896954,1.68027521843746,1256.1549,440,219
-0.040583962424773,2.02577603268469,1.68062159951224,1256.18826666667,440,219
-0.0507572274155023,2.02857003018256,1.67984396361868,1256.22163333333,440,219
-0.0590668019270987,2.03065549610106,1.67771734313434,1256.255,440,219
-0.0709392242621089,2.03699559100402,1.67786522107812,1256.28836666667,440,219
-0.0806611430264882,2.04039950118592,1.67725952202233,1256.32173333333,440,219
-0.0939598639172016,2.04567124172714,1.67599713540472,1256.3551,440,219
-0.102708317310585,2.04610015621162,1.67177579899782,1256.38846666667,440,219
-0.11206511657974,2.05119123614254,1.67097616522408,1256.42183333333,440,219
-0.12450135061259,2.05804039793027,1.66948280516544,1256.4552,440,219
-0.134137787967287,2.0622947426119,1.66594569698228,1256.48856666667,440,219
-0.143087908101573,2.06674792729655,1.66300039906294,1256.52193333333,440,219
-0.153774820538618,2.07161033136857,1.65981950988824,1256.5553,440,219
-0.164378751828279,2.0753321452249,1.65587245641871,1256.58866666667,440,219
-0.174286759811459,2.07728514856503,1.6505311221069,1256.62203333333,440,219
-0.259542042679969,2.10821950837971,1.63541849473048,1256.8556,443,219
3.69284044406768,6.20193578334199,2.041355503003,1255.6544,439,220
3.66199820797324,6.18794411091281,2.0457107571438,1255.68776666667,439,220
3.69587621310298,6.29878067593919,2.07657693575928,1255.72113333333,439,220
3.67307272302609,6.30506670749698,2.08264099861168,1255.7545,439,220
3.62571168108407,6.26446845119238,2.07711441659274,1255.78786666667,439,220
3.38479739807479,6.32972143044687,2.13494907849414,1256.18826666667,441,220
3.37377890807159,6.34834094787861,2.14114337977082,1256.22163333333,441,220
3.35044676873792,6.3281049336389,2.14228329864843,1256.255,441,220
3.33707049737331,6.32053413010336,2.14543504588555,1256.28836666667,441,220
3.34272997152683,6.36969142508307,2.16039012886796,1256.32173333333,441,220
3.16785842948496,6.30394688867093,2.18651859387528,1256.72213333333,442,220
3.16331277083331,6.31457539593499,2.19271130146282,1256.7555,442,220
3.15064072546628,6.30817584939602,2.19331962453273,1256.78886666667,442,220
3.17032051681609,6.38032895759528,2.21395155699158,1256.82223333333,442,220
0.133162861886021,1.63489302197138,1.90053644105145,1260.59266666667,444,221
0.138516718208827,1.63161750650383,1.89841523155797,1260.62603333333,444,221
0.482376234677689,1.4892948003093,1.59597029383414,1262.39446666667,445,222
0.489571252156877,1.48709136239897,1.59133381028776,1262.42783333333,445,222
0.494786837913013,1.48337816128587,1.58583742310823,1262.4612,445,222
0.499528801396213,1.47972168299673,1.58060200738705,1262.49456666667,445,222
0.502872668652549,1.47520000698446,1.57627720832734,1262.52793333333,445,222
0.509386706655577,1.44801264255578,1.56332569714001,1262.62803333333,446,222
0.510259863540241,1.4386937499484,1.56171495887852,1262.6614,446,222
0.513261075067427,1.42967022626606,1.56162714818586,1262.69476666667,446,222
0.51553364109422,1.41760681121359,1.56089391687724,1262.72813333333,446,222
0.517727043346725,1.41242780324858,1.56395693361829,1262.7615,446,222
0.51845473973919,1.40538598305926,1.56448103467836,1262.79486666667,446,222
0.51903721304839,1.4046295239301,1.56950890393659,1262.82823333333,446,222
0.519139141517855,1.40582160966643,1.57538711209104,1262.8616,446,222
0.518601732098453,1.40811601451669,1.57949608489033,1262.89496666667,446,222
0.518502493190773,1.40306063703425,1.57767206065046,1262.92833333333,446,222
0.518623655019572,1.40506740658849,1.58001118058041,1262.9617,446,222
0.517663501932094,1.4066768779989,1.58179091678936,1262.99506666667,446,222
0.516965563171052,1.40949363914647,1.58411326052647,1263.02843333333,446,222
0.516777306313832,1.41033960134123,1.58494242091514,1263.0618,446,222
0.516657606841965,1.41250439904356,1.58578653075374,1263.09516666667,446,222
0.514517061285294,1.41095163169109,1.58369500751713,1263.12853333333,446,222
0.512958299051074,1.41037314739641,1.58320025509641,1263.1619,446,222
0.511882153928582,1.39979274630442,1.5774117019866,1263.19526666667,446,222
0.512591730299197,1.39622817977373,1.57566670068733,1263.22863333333,446,222
0.512696141634049,1.39164886037891,1.57468912210909,1263.262,446,222
0.511552699275389,1.38805112550486,1.5737006409867,1263.29536666667,446,222
0.51218086009981,1.38801855088583,1.57684192966478,1263.32873333333,446,222
0.517764842396831,1.37275952250532,1.57238650906576,1263.39546666667,447,222
0.521192604921831,1.36900354339824,1.57292308857571,1263.42883333333,447,222
0.524933573824335,1.36208852463694,1.56999161787887,1263.4622,447,222
0.525366774366518,1.35844470045067,1.56960297210401,1263.49556666667,447,222
0.526253932626958,1.34515757647348,1.56442530706214,1263.52893333333,447,222
0.526308103407233,1.34169379672415,1.5646698187996,1263.5623,447,222
0.525170654411701,1.31107147850692,1.5576906220163,1263.6624,448,222
0.525975339827945,1.30196917947675,1.55592981799365,1263.69576666667,448,222
0.527047119713339,1.29247325287305,1.55474989107816,1263.72913333333,448,222
0.530118342330818,1.2831443329601,1.55334235073048,1263.7625,448,222
0.53714663290546,1.27499400080355,1.55183453264165,1263.79586666667,448,222
0.541941193708841,1.26962684610207,1.55294252804302,1263.82923333333,448,222
4.34376234656907,0.554089446457188,2.21720407507324,1267.59966666667,449,223
4.33253124517235,0.551173733582166,2.21241873573458,1267.63303333333,449,223
2.36955663486598,0.116075208457297,1.64181582183895,1268.23363333333,450,224
2.37741516244288,0.103210721643678,1.63923348135347,1268.267,450,224
2.38635160460282,0.0880953009172217,1.63584079290962,1268.30036666667,450,224
2.3982381736926,0.0744403108003625,1.63498918042483,1268.33373333333,450,224
2.40945109593638,0.0603313328805692,1.63427833538648,1268.3671,450,224
2.43588185521882,0.00641015919468979,1.62594495815516,1268.50056666667,451,224
2.44240518125107,-0.00229258520982245,1.62906997690374,1268.53393333333,451,224
2.43950993260341,-0.0122138919030352,1.6276522740561,1268.5673,451,224
2.43973718024382,-0.0219473359424461,1.62805969252699,1268.60066666667,451,224
2.43926249401601,-0.0318110902671244,1.62892919120125,1268.63403333333,451,224
2.43919706515655,-0.0397807071205549,1.63116686685781,1268.6674,451,224
2.43569521414822,-0.0477118303542226,1.63116836433028,1268.70076666667,451,224
2.43387143846531,-0.0560549727395004,1.63149847087045,1268.73413333333,451,224
2.43638562284366,-0.062727054089561,1.63548574308386,1268.7675,451,224
2.43440799656907,-0.0686319168795927,1.63772631324757,1268.80086666667,451,224
2.43186352208975,-0.0722724331040844,1.6386327562035,1268.83423333333,451,224
2.42999581409161,-0.076861164889965,1.64138862621487,1268.8676,451,224
2.42587966773742,-0.0819286466861097,1.64261930257307,1268.90096666667,451,224
2.42170616937462,-0.0859096521694535,1.64317051393723,1268.93433333333,451,224
2.42002448361122,-0.0904322388390933,1.64583326808856,1268.9677,451,224
2.41390050925045,-0.0937034116173561,1.6457317471658,1269.00106666667,451,224
2.41914088630159,-0.101719962592756,1.6524612823928,1269.03443333333,451,224
2.40898890958582,-0.105154770118249,1.64914020405816,1269.0678,451,224
2.40144548614237,-0.108796663272848,1.6482425818605,1269.10116666667,451,224
2.39690327221544,-0.113502312119354,1.6492176628843,1269.13453333333,451,224
2.39095023462579,-0.119076063506455,1.65020418594356,1269.1679,451,224
2.38629296310735,-0.125049683448577,1.65117247534475,1269.20126666667,451,224
2.38124376418416,-0.132912590800613,1.65104671244093,1269.23463333333,451,224
2.37710295822307,-0.139944701340246,1.65206984896534,1269.268,451,224
2.37056790807344,-0.146360312642673,1.65163872444274,1269.30136666667,451,224
2.36511043184511,-0.152295720576082,1.65241785237816,1269.33473333333,451,224
2.36196829752342,-0.157985627444012,1.65254003188734,1269.3681,451,224
2.35815837347557,-0.163704901977797,1.65269996685246,1269.40146666667,451,224
2.33357068563862,-0.189150029862996,1.648030087697,1269.60166666667,452,224
2.33537154035313,-0.193076313888621,1.64981001978152,1269.63503333333,452,224
2.69655837007798,-2.10563962357077,2.37557928837519,1274.0728,453,225
2.69115317660593,-2.11056961537719,2.37341404618784,1274.10616666667,453,225
2.68265982182794,-2.11966747622277,2.37235700343366,1274.13953333333,453,225
2.680293798128,-2.12814099989283,2.3730696811107,1274.1729,453,225
2.68735869011191,-2.14666878720085,2.38464288022356,1274.20626666667,453,225
2.67967353067061,-2.19119270134929,2.39785209496996,1274.33973333333,454,225
2.67182966813171,-2.19488218585477,2.39794285486825,1274.3731,454,225
2.6587907943031,-2.19597548572434,2.39464716191664,1274.40646666667,454,225
2.66147951694722,-2.21377574866588,2.40373811410101,1274.43983333333,454,225
2.66437756351559,-2.2309565236866,2.41433182850733,1274.4732,454,225
2.78810821004698,-4.1367231179567,2.87053430804168,1279.9787,455,226
2.780548562832,-4.1245459882966,2.86816218431966,1280.01206666667,455,226
2.78620334464822,-4.1373598543482,2.87952052685492,1280.04543333333,455,226
2.75107004794566,-4.09709220588335,2.88014469962575,1280.21226666667,456,226
2.74056087666328,-4.08051225625584,2.87529227846665,1280.24563333333,456,226
2.74268229959846,-4.08944812328421,2.88291919216437,1280.279,456,226
2.73284868635944,-4.0728684282005,2.87786952105066,1280.31236666667,456,226
2.72248542424789,-4.07614774062892,2.89740167800452,1280.51256666667,457,226
2.73014556220614,-4.0932912895595,2.91101322537554,1280.54593333333,457,226
2.72808650249129,-4.09345154751762,2.91507874213715,1280.5793,457,226
2.71956180984151,-4.07899154857998,2.91275653371577,1280.61266666667,457,226
2.6997124050961,-4.05268005296853,2.90082628419496,1280.64603333333,457,226
2.66767172831017,-4.03276114111274,2.90074880348497,1280.84623333333,458,226
2.64848740127139,-4.00964398137432,2.88798245845298,1280.8796,458,226
2.64953946646745,-4.02228935383319,2.89546586060201,1280.91296666667,458,226
-4.24928063392794,1.45814803704848,1.12532657270049,1284.04943333333,459,227
-4.28723729631686,1.46731927440375,1.13058309499082,1284.0828,459,227
-4.28943494516534,1.46769501608568,1.13065763047269,1284.11616666667,459,227
-4.28943494516534,1.46769501608568,1.13065763047269,1284.14953333333,459,227
-4.28282527992438,1.46494174195285,1.12908529937386,1284.1829,459,227
-4.27993303646758,1.46516245562371,1.12887963466376,1284.21626666667,459,227
0.978107288686301,-4.69107410441761,2.7316969559526,1287.1859,460,228
0.902269544766967,-4.71019186230587,2.71973825582193,1287.65303333333,461,228
0.893904101166768,-4.77889711995588,2.74678947155252,1287.6864,461,228
0.881004921598226,-4.79954628989067,2.75624408954926,1287.71976666667,461,228
0.873745622035945,-4.90971011517786,2.80762491663829,1287.75313333333,461,228
0.81730771196103,-4.79412549665763,2.78128656134974,1287.9867,462,228
0.819025256811516,-4.70043528644741,2.74087353000033,1288.02006666667,462,228
0.817380265703585,-4.57680478079685,2.68046024430448,1288.05343333333,462,228
-5.80311873626462,0.720691933565074,3.20918655815736,1292.35773333333,463,229
-5.76466712336191,0.713869575512277,3.21312912627779,1292.3911,463,229
-5.73671873830057,0.711727258637371,3.22186213497324,1292.42446666667,463,229
-5.69598067480893,0.703497817992072,3.2254141044325,1292.45783333333,463,229
-5.67700352270134,0.699462459731989,3.24047391771609,1292.4912,463,229
-5.64102530749436,0.696382182875892,3.2471310447918,1292.52456666667,463,229
-5.05354253870784,0.632920282236079,3.33954760673484,1293.0918,464,229
-5.00849269582815,0.627989650079082,3.34017707937712,1293.12516666667,464,229
-4.96786946486555,0.625306379062368,3.34532973783004,1293.15853333333,464,229
-4.93675008190459,0.621865320905164,3.35093003590972,1293.1919,464,229
-4.90907711123253,0.619752708805825,3.35557133702261,1293.22526666667,464,229
-4.85723611996512,0.611321471448542,3.354139495817,1293.25863333333,464,229
4.78837524662551,4.5821318265424,2.04245046989681,1295.6944,465,230
4.78787185393785,4.58357589340618,2.04212738826603,1295.72776666667,465,230
4.78995616190954,4.58600265031716,2.04404578772499,1295.76113333333,465,230
4.78288401300969,4.57758839101431,2.04205056897665,1295.7945,465,230
4.78611493582602,4.58196295572354,2.04205548369046,1295.82786666667,465,230
-2.2918564119913,2.07189361613412,2.96132444997377,1300.4992,466,231
-2.29579125916383,2.07902880504484,2.95981379532085,1300.53256666667,466,231
-2.28683466212299,2.07719012264077,2.94875487297676,1300.56593333333,466,231
-2.29010072508355,2.08256952091943,2.94869401933028,1300.5993,466,231
-2.28441608077958,2.07974256885045,2.93799807369574,1300.63266666667,466,231
-2.28508327791889,2.08313473195438,2.93338439228804,1300.66603333333,466,231
-2.30688336538458,2.23908255518423,2.89763514403707,1301.1999,467,231
-2.30697588811389,2.24701094002008,2.89263690042225,1301.23326666667,467,231
-2.3061527036217,2.25147590465156,2.88587748002619,1301.26663333333,467,231
-2.31262236126116,2.26382558535685,2.88563638369814,1301.3,467,231
-2.31026563210649,2.27090567416157,2.87860040399087,1301.33336666667,467,231
-2.31391244423686,2.28161280850501,2.87833473466093,1301.36673333333,467,231
-2.39701499937807,1.90323189734984,2.69173554096457,1305.73776666667,468,232
-2.40682282901409,1.90510601609471,2.6990856534747,1305.77113333333,468,232
-2.40221749114994,1.89910436133869,2.6977618539238,1305.8045,468,232
-2.40902153400305,1.89793805981647,2.70458044947723,1305.83786666667,468,232
-2.40537679166148,1.89185071580556,2.70237625984733,1305.87123333333,468,232
-2.422988670535,1.75064076421369,2.72480524203488,1306.43846666667,469,232
-2.39117873596709,1.71011516609525,2.70916563423977,1306.53856666667,470,232
-2.39821026137388,1.70787966553854,2.71512019610449,1306.57193333333,470,232
-2.40780285478792,1.70736925850697,2.72210012224807,1306.6053,470,232
-2.40377408840968,1.69992030804412,2.71947112389602,1306.63866666667,470,232
-2.46129523679736,1.63552084127041,2.72995729414916,1307.13916666667,472,232
-2.46381257035163,1.63430764104225,2.73060856217187,1307.17253333333,472,232
-2.46232707700823,1.62969142588732,2.72960354088097,1307.2059,472,232
-2.46383509459201,1.62463648554399,2.72830422370229,1307.23926666667,472,232
-2.454352587141,1.61298487104072,2.71686445762439,1307.27263333333,472,232
-2.4647305999726,1.60990693306506,2.72177354961998,1307.306,472,232
-2.44595101042094,1.59077301922347,2.70671583311983,1307.33936666667,472,232
0.921315114014057,0.134876324868603,0.0118619094501009,1306.57193333333,471,233
0.921365307584139,0.13499435010135,0.011584286405307,1306.6053,471,233
0.921460808053221,0.134964126052805,0.0115708953300627,1306.63866666667,471,233
0.92124712026757,0.134828621866311,0.0117671805862423,1306.67203333333,471,233
0.921231818312317,0.135084919164696,0.0122528997205734,1306.7054,471,233
0.922120902983519,0.133241670012575,0.0114986170123844,1307.2059,473,233
0.922484180884002,0.132851537465243,0.012777650179454,1307.23926666667,473,233
0.922352955136254,0.13267540789201,0.0126748348480598,1307.27263333333,473,233
0.922127329775696,0.132339507150368,0.0131967632330093,1307.306,473,233
0.921942951734851,0.131780922486583,0.0137560134901092,1307.33936666667,473,233
0.921298374855204,0.130652823233471,0.0147246363745781,1307.37273333333,473,233
-4.84193532072988,1.2180253355503,2.67486486369134,1312.311,474,234
-4.89185476133633,1.21463525696641,2.68145835157692,1312.37773333333,475,234
-4.90488158579617,1.20826265373101,2.67923298093168,1312.4111,475,234
-5.20314791588134,1.17216770605915,2.60596285756477,1313.14516666667,476,234
-5.19938305698803,1.1622554107778,2.59675332259654,1313.17853333333,476,234
-5.3858096414053,1.09622103686655,2.55047320991429,1313.8125,477,234
-6.08971512720795,-0.905940618256293,2.77231865026301,1319.4181,478,235
-6.04093471203736,-0.908302016835925,2.75060512951382,1319.45146666667,478,235
-6.04854167141993,-0.921497200191773,2.74893508328182,1319.48483333333,478,235
0.918430785901012,0.0919832428411508,0.0182654970593924,1319.85186666667,479,236
0.914434781327482,0.0921494488107364,0.017338039559807,1319.88523333333,479,236
0.914799849170834,0.0919745495113173,0.0173586579395799,1319.9186,479,236
0.918506491056797,0.0913873313734493,0.0181098791257864,1319.95196666667,479,236
0.919126643727956,0.0906116802884053,0.0166362714164735,1320.55256666667,480,236
0.919190267798261,0.0907679456249812,0.0170238995392539,1320.58593333333,480,236
0.919306359258706,0.0907089486480466,0.0169840486054432,1320.6193,480,236
0.919695025430742,0.0903383586004506,0.0167503801541211,1320.65266666667,480,236
-5.78585772700098,-1.36581651801255,2.64409340857473,1320.95296666667,481,237
5.89833159648704,-1.26176388743698,2.25620816076642,1324.05606666667,482,238
5.89964417095953,-1.25262955424299,2.25787001311907,1324.08943333333,482,238
5.90103105447444,-1.24701915089947,2.25874604848658,1324.1228,482,238
5.86761621453213,-1.23064770932628,2.24941077544686,1324.15616666667,482,238
5.75218317990612,-1.00450276252086,2.23400096310038,1324.79013333333,483,238
5.77326718104158,-0.99712106709697,2.24365577838538,1324.8235,483,238
5.76325247960289,-0.983747511411703,2.24265522853812,1324.85686666667,483,238
5.74865140425252,-0.971014324010566,2.24212372574086,1324.89023333333,483,238
2.5554848891572,-1.17417300103188,1.15175754187631,1326.65866666667,484,239
2.55525442674977,-1.17483036417713,1.15231600838774,1326.69203333333,484,239
2.55787046879725,-1.17561957744208,1.15280200324555,1326.7254,484,239
2.55714993296626,-1.17498790400236,1.15273086086247,1326.75876666667,484,239
2.55629629756389,-1.17421043048706,1.15246993917544,1326.79213333333,484,239
2.55595311245717,-1.17448257505259,1.15232552526659,1326.8255,484,239
2.55575590359194,-1.17435505765041,1.15146376661496,1326.85886666667,484,239
-1.00265915435761,-2.14960105191549,3.01400049516755,1327.19253333333,485,240
-0.9739164290176,-2.14645016059636,3.01540038380501,1327.2259,485,240
-0.938902003160119,-2.13889700982953,3.01333721952359,1327.25926666667,485,240
-0.911092521265606,-2.13933609267166,3.02187573441357,1327.29263333333,485,240
-0.878096962839826,-2.13143004617875,3.02407540625955,1327.326,485,240
-0.85020622427903,-2.12303858578647,3.02760785984486,1327.35936666667,485,240
-0.821572314154181,-2.11035401975619,3.02578630881918,1327.39273333333,485,240
-0.305143738297516,-1.87519067152325,2.99751655797411,1327.95996666667,486,240
-0.276392096733409,-1.85732763074484,2.9911829651458,1327.99333333333,486,240
-0.244885619381152,-1.84223975102833,2.98843501687001,1328.0267,486,240
-0.213979255482359,-1.83011276632833,2.98694531629789,1328.06006666667,486,240
-0.178897531223652,-1.81660320924767,2.98322219500088,1328.09343333333,486,240
-0.144405128321574,-1.80407003986339,2.98117840905464,1328.1268,486,240
-0.108493928140248,-1.79368984518295,2.97921547822466,1328.16016666667,486,240
-0.0723679516893904,-1.78273372405238,2.97736494055722,1328.19353333333,486,240
7.88982274783219,3.49405851297655,2.41229723519469,1330.26226666667,487,241
7.86423124286115,3.47719808908727,2.40645630248678,1330.29563333333,487,241
7.86423124286115,3.47719808908727,2.40645630248678,1330.329,487,241
7.84458881695412,3.46984906768575,2.40443005033153,1330.86286666667,488,241
7.88437688533544,3.48810065915812,2.41151678860536,1330.89623333333,488,241
7.86377616933206,3.48006740941275,2.40725615320783,1330.9296,488,241
7.88437688533544,3.48810065915812,2.41151678860536,1330.96296666667,488,241
7.87424334511015,3.48307184071952,2.41125235191638,1330.99633333333,488,241
7.84458881695412,3.46984906768575,2.40443005033153,1331.56356666667,489,241
7.84385347270626,3.46929830115034,2.40249857964359,1331.59693333333,489,241
7.84385347270626,3.46929830115034,2.40249857964359,1331.6303,489,241
7.84458881695412,3.46984906768575,2.40443005033153,1331.66366666667,489,241
5.30585827549476,7.32635529165167,2.47908020505208,1331.8305,490,242
2.49752304130891,1.02509280976472,3.24639572892286,1333.9326,491,243
2.50469053254995,1.0378957967762,3.24880280870554,1333.96596666667,491,243
2.50846019251095,1.05165029503323,3.2464971175094,1333.99933333333,491,243
2.5131291344955,1.06331838781544,3.24622432166379,1334.0327,491,243
2.5165823145977,1.0745427492425,3.24629715972413,1334.06606666667,491,243
2.52309947767963,1.08662792105853,3.248335027224,1334.09943333333,491,243
2.53212000644855,1.32806593024652,3.25562673382431,1334.66666666667,493,243
2.53408791231927,1.34230342105622,3.2566317724933,1334.70003333333,493,243
2.53331201169152,1.35620862482747,3.25312864348972,1334.7334,493,243
2.53850013758581,1.37326586936329,3.25619886632735,1334.76676666667,493,243
2.5403224789298,1.38884654715505,3.25511449350276,1334.80013333333,493,243
2.54162908542093,1.40541704224143,3.25485314946287,1334.8335,493,243
2.54157288463195,1.41973811623656,3.25246785802768,1334.86686666667,493,243
2.53906038147745,1.43193697674754,3.24644194633579,1334.90023333333,493,243
2.53844071223033,1.44655279098722,3.24548207749755,1334.9336,493,243
2.53803849926639,1.59176451616329,3.25697798534356,1335.40073333333,497,243
2.54276605853286,1.60193482844051,3.26268632356501,1335.4341,497,243
2.54341479546258,1.60789635789629,3.2611692534272,1335.46746666667,497,243
2.54225132926739,1.61239474140052,3.25954379604415,1335.50083333333,497,243
2.54247976819592,1.61958407425754,3.26287062170592,1335.5342,497,243
2.54184303841177,1.62739962601835,3.2652491353826,1335.56756666667,497,243
2.54336396345858,1.63665992673593,3.26991232227271,1335.60093333333,497,243
2.54111370266979,1.64335631204602,3.27238698008477,1335.6343,497,243
2.97111169797983,-3.28954140788364,3.14197842112624,1334.59993333333,492,244
2.98838407790195,-3.32527505712117,3.13067858922056,1334.7334,494,244
2.99499094349072,-3.33774665600378,3.12977957348618,1334.76676666667,494,244
2.97846601261153,-3.31313344961411,3.10783305304542,1334.80013333333,494,244
2.99146657178301,-3.3284057855788,3.10957136894394,1334.8335,494,244
2.99062533509717,-3.32847629874451,3.10311958140998,1334.86686666667,494,244
2.9922152093414,-3.32975730488266,3.09585587418913,1334.90023333333,494,244
2.99464688657121,-3.33115005636598,3.08858347053274,1334.9336,494,244
2.99718264247781,-3.33436266703386,3.08328782626335,1334.96696666667,494,244
2.99622914691216,-3.32899459324556,3.06966855948454,1335.00033333333,494,244
3.00840310303626,-3.33980747059453,3.06766823310628,1335.0337,494,244
3.01880582583227,-3.34713961119801,3.06191713943214,1335.06706666667,494,244
3.02103434415673,-3.34642850991534,3.05109345495764,1335.10043333333,494,244
3.03017166909064,-3.34779590015614,3.04120438182924,1335.1338,494,244
3.03457022612273,-3.34493477369236,3.0273593106115,1335.16716666667,494,244
3.09245488798251,-3.40108146809037,3.02456420484772,1335.26726666667,495,244
3.1063339480103,-3.39952797201998,3.00353015202938,1335.334,496,244
3.11873039969981,-3.40436126883932,2.99928141297893,1335.36736666667,496,244
3.12619229376584,-3.403221363356,2.99198022898341,1335.40073333333,496,244
3.14702800036152,-3.41975873851498,2.99083238287103,1335.4341,496,244
3.19110425073054,-3.42659188320255,2.96189000851336,1335.60093333333,498,244
3.19892732872185,-3.42592034584787,2.95655449009143,1335.6343,498,244
4.05264593287595,7.05066094992582,2.62582345466427,1337.90323333333,499,245
4.04566929212223,7.03425243531651,2.62334121610632,1337.9366,499,245
4.03438148024922,7.03479458057292,2.62603160968852,1337.96996666667,499,245
4.0474791773052,7.07212580185478,2.64322568323051,1338.00333333333,499,245
4.05179377851382,7.08998951005857,2.64844601507612,1338.0367,499,245
4.05250300270511,7.10333901319424,2.65768131358582,1338.07006666667,499,245
3.85045939880127,7.03078089094405,2.72229120863615,1339.338,500,246
3.85524226733787,7.0382160931122,2.72215180559879,1339.37136666667,500,246
3.88339925523994,7.0976811631191,2.74318328054097,1339.40473333333,500,246
3.85524226733787,7.0382160931122,2.72215180559879,1339.4381,500,246
1.76726603643477,1.92256387722745,2.02168643733993,1341.34,501,247
1.77959684933661,1.92977081710432,2.02501044559512,1341.37336666667,501,247
1.79443850448617,1.9380227423446,2.02801536218235,1341.40673333333,501,247
1.80628523517758,1.94097893561072,2.02596656174137,1341.4401,501,247
1.82176766632903,1.94882576521146,2.02776756678445,1341.47346666667,501,247
1.83632830754058,1.9550191864474,2.02713448821764,1341.50683333333,501,247
1.85086086223366,1.96389735776654,2.02942698821859,1341.5402,501,247
1.85981800821553,1.96900549755269,2.02808908760711,1341.57356666667,501,247
2.01213383455811,2.00606635879989,2.07672120187351,1342.00733333333,503,247
2.03451098920708,2.01507885794464,2.08773827148698,1342.07406666667,504,247
2.0448730274366,2.02179886161757,2.09154671058939,1342.10743333333,504,247
2.05297643997899,2.02532242294388,2.09464312440326,1342.1408,504,247
2.06310314827332,2.02970171930222,2.09744317305067,1342.17416666667,504,247
2.07125253990201,2.02973141520912,2.09815527519832,1342.20753333333,504,247
2.08267111152797,2.03342478895616,2.10241330063475,1342.2409,504,247
2.0920961107598,2.03470333484352,2.10404229353653,1342.27426666667,504,247
2.09875312414622,2.03392472723262,2.10391751498791,1342.30763333333,504,247
2.10969807323727,2.03407947991799,2.10483683472663,1342.341,504,247
2.12078061167652,2.03381410659654,2.10398158095784,1342.37436666667,504,247
2.31263746892169,2.07488993987082,2.16286436519027,1342.80813333333,505,247
2.3277155626512,2.07834495383125,2.16835090475769,1342.8415,505,247
2.34423488273216,2.08281234786977,2.17484031597892,1342.87486666667,505,247
2.35999674098406,2.09040655086235,2.18298497765283,1342.90823333333,505,247
2.3720547998682,2.0944078699441,2.18688912176777,1342.9416,505,247
2.38456588946563,2.09863888085794,2.19271637716904,1342.97496666667,505,247
2.38876042607419,2.09399615157844,2.18978541207705,1343.00833333333,505,247
2.401142864196,2.10070008463012,2.19667690235369,1343.0417,505,247
4.19666168326217,0.455756784114523,2.19872266511839,1341.60693333333,502,248
4.19666168326217,0.455756784114523,2.19872266511839,1341.6403,502,248
4.19666168326217,0.455756784114523,2.19872266511839,1341.67366666667,502,248
4.20183407121691,0.457793578507518,2.20101618026478,1341.70703333333,502,248
4.20675530028112,0.458296446696415,2.20393276579809,1341.7404,502,248
3.59311757454154,6.26276838110985,2.68405305543874,1345.1438,506,249
3.61046195914692,6.30179881773369,2.6954413306455,1345.17716666667,506,249
3.60862447036687,6.29970874813951,2.69361977863229,1345.21053333333,506,249
3.62802021105535,6.34131382708968,2.70696988938474,1345.2439,506,249
3.61813590169566,6.31793450382518,2.69419548293292,1345.27726666667,506,249
3.66521013016783,6.41761085873835,2.61898411500632,1345.81113333333,507,249
3.66995979012676,6.43339554207978,2.61597122715171,1345.8445,507,249
3.66114829477894,6.41008876993906,2.60214788409083,1345.87786666667,507,249
3.64526640920782,6.37627771103249,2.58052098643367,1345.91123333333,507,249
3.63916757714343,6.3674758447829,2.57381997602524,1345.9446,507,249
4.78609566574407,1.71707707598428,3.39466629100284,1348.21353333333,508,250
4.81600365142002,1.72101120694152,3.40503057055398,1348.2469,508,250
4.83741483596084,1.72457791726904,3.4137795822766,1348.28026666667,508,250
4.85358210268975,1.72722390132257,3.41372886877007,1348.31363333333,508,250
4.87745159290934,1.73108054364826,3.42159060553107,1348.347,508,250
4.90385987161288,1.73826754471962,3.43322091576756,1348.38036666667,508,250
5.28699238163541,1.76735326476813,3.52919536046277,1348.98096666667,509,250
5.29896436083162,1.76599132299367,3.53404391441674,1349.01433333333,509,250
5.32997386840343,1.77214417746541,3.54552821129971,1349.0477,509,250
5.33423856190564,1.76869779461981,3.54244440308472,1349.08106666667,509,250
5.35187964221547,1.76974008117059,3.54481704471368,1349.11443333333,509,250
5.70288126616008,1.8300004361994,3.62891999882473,1349.71503333333,510,250
5.69031612773503,1.82379700214045,3.61518691219043,1349.7484,510,250
5.73760561368745,1.83722781452613,3.63914188610836,1349.78176666667,510,250
5.7306038151527,1.83213446704442,3.62660326443358,1349.81513333333,510,250
3.35781639031264,5.58039652201064,2.17929985399726,1352.18416666667,511,251
3.38331809205222,5.62691311157215,2.19065222247478,1352.21753333333,511,251
3.38022656724543,5.61991084574899,2.18342534871378,1352.2509,511,251
3.45601032903611,5.56538800836317,2.18003806692587,1352.8515,512,251
3.46394008213373,5.56984137306868,2.18227412022062,1352.88486666667,512,251
3.47187850612098,5.57428459328111,2.18451077983891,1352.91823333333,512,251
3.48153306663704,5.58131163738584,2.18217049815658,1352.9516,512,251
3.54546887677386,5.60295228314398,2.19773522865035,1353.58556666667,513,251
3.54053850561326,5.59163629135251,2.19413376363269,1353.61893333333,513,251
3.55242136667704,5.60737113922175,2.19663087170039,1353.6523,513,251
7.32827805328928,3.27769981715914,3.55674504572672,1355.5542,514,252
7.36613964866106,3.31402671626201,3.57821524017862,1355.58756666667,514,252
7.34520320147052,3.31885080966408,3.56857161377024,1355.62093333333,514,252
7.35219086707723,3.3340360104485,3.57095135145224,1355.6543,514,252
7.31155655709427,3.45684644648969,3.55530758341251,1356.32163333333,515,252
7.30454634991661,3.4674514548376,3.5574144996151,1356.355,515,252
7.33898523818631,3.49505932906749,3.57380473185389,1356.38836666667,515,252
4.56711538527714,5.15991557654906,1.96509993101895,1359.72503333333,516,253
4.55105860298413,5.12691739936515,1.957991122899,1359.7584,516,253
4.55734662675549,5.13469275946668,1.95627440525341,1359.79176666667,516,253
4.53807110262103,5.09742919863186,1.94645540784833,1359.82513333333,516,253
5.94184798236369,4.52900600351913,2.45606888153336,1362.6613,517,254
5.93246580130735,4.52032331886945,2.44647381082535,1362.69466666667,517,254
5.88314868368975,4.36622915624707,2.48142456131234,1363.42873333333,518,254
5.87023376196861,4.35465278871126,2.47765341285414,1363.4621,518,254
0.896970102494927,0.0259819319720774,0.0388173223476218,1364.8635,519,255
0.897317365641763,0.0266100930768333,0.0393955068636164,1364.89686666667,519,255
0.897067747300497,0.0266076507954229,0.0395843544226223,1364.93023333333,519,255
0.897921769446578,0.0260079964373502,0.0372587792583515,1365.69766666667,521,255
0.89734410544637,0.0261869425792945,0.0373836890690581,1365.73103333333,521,255
0.896946970719516,0.026097518372971,0.0372163331448364,1365.7644,521,255
0.897023085897568,0.0262703100915164,0.0373341988744529,1365.79776666667,521,255
0.897707793746754,0.0266274077351022,0.0375480626901427,1365.83113333333,521,255
0.897292764210846,0.0263901824228951,0.0379487458025837,1365.8645,521,255
0.896609681403978,0.0263470288516409,0.0378985198861189,1366.53183333333,523,255
0.896552943660318,0.0264085957970873,0.0381282534348778,1366.5652,523,255
0.896498268411199,0.02646598957609,0.0376987984385561,1366.59856666667,523,255
0.896382142979776,0.026182996450076,0.0374236805834317,1366.63193333333,523,255
0.896472101567279,0.0260489239065115,0.0376383997201757,1366.6653,523,255
0.896814996912706,0.0263668408876921,0.0378754036417143,1366.69866666667,523,255
4.32670258739073,4.87661263783731,1.96677683590299,1365.43073333333,520,256
4.31182625754688,4.84902832362323,1.96366875957426,1365.4641,520,256
4.3082585145508,4.83378841192428,1.96542605902635,1365.49746666667,520,256
4.31241342501845,4.83420151005447,1.96785478253382,1365.53083333333,520,256
4.40203019217287,4.87761724881702,1.99184095981153,1366.19816666667,522,256
4.40203019217287,4.87761724881702,1.99184095981153,1366.23153333333,522,256
3.58854475107259,7.55452642282005,2.89528693070255,1368.60056666667,524,257
3.59700882235758,7.57631472047919,2.90360993630458,1368.63393333333,524,257
3.59700882235758,7.57631472047919,2.90360993630458,1368.6673,524,257
4.44841643331411,4.7425961441472,2.66996773348718,1369.40136666667,525,258
4.42619252059637,4.70896401263336,2.65850039847959,1369.43473333333,525,258
4.43203821061195,4.71481461440221,2.662441029049,1369.4681,525,258
4.44121021775512,4.72006984065632,2.67044462912922,1369.50146666667,525,258
4.44179423260641,4.71463845271805,2.67034172071207,1369.53483333333,525,258
4.51307532106741,4.63139411401758,2.69168896108801,1370.1688,526,258
4.47795218223444,4.59308334658748,2.6697692614745,1370.20216666667,526,258
4.49175935171753,4.61050735085141,2.67580316325692,1370.23553333333,526,258
4.49175935171753,4.61050735085141,2.67580316325692,1370.2689,526,258
4.55205934656054,4.53888435194124,2.6761327176624,1370.93623333333,527,258
4.55205934656054,4.53888435194124,2.6761327176624,1370.9696,527,258
3.16982105191883,4.25302860438011,2.18563607502866,1375.374,528,259
3.17119972023161,4.25493008376698,2.18572492098542,1375.40736666667,528,259
3.16176767329487,4.24213607837525,2.17901092882838,1375.44073333333,528,259
3.15579542553647,4.23103179196548,2.175141618923,1375.4741,528,259
3.17884596317373,4.26741948790876,2.18688106652751,1375.50746666667,528,259
3.01606314096169,4.16419367711603,2.10391091242782,1376.0747,529,259
3.01940591609764,4.18004345591096,2.10822847360003,1376.10806666667,529,259
3.01788693004442,4.17932889842766,2.10847938809019,1376.14143333333,529,259
2.99859521127702,4.15626813544844,2.09788644466953,1376.1748,529,259
2.99185537745961,4.15074653280348,2.09389027928834,1376.20816666667,529,259
2.98761303792664,4.1466506074598,2.09270988878272,1376.24153333333,529,259
2.90940944459872,4.00017128294561,2.04120938740201,1376.80876666667,531,259
2.9084190656953,3.99452546524989,2.03762783546339,1376.84213333333,531,259
2.89655608653228,3.96837797820116,2.02573853015407,1376.8755,531,259
2.91238577155861,3.99307418181779,2.0326670252444,1376.90886666667,531,259
2.9013878764163,3.97055928956924,2.02369474788952,1376.94223333333,531,259
2.90421250366195,3.96703374503928,2.0195871684325,1376.9756,531,259
2.62636236738427,5.47212111205762,2.49682695809583,1376.70866666667,530,260
2.61261548644484,5.47426652445321,2.50510184916035,1376.74203333333,530,260
2.59291424018253,5.45468448072921,2.50505986990878,1376.7754,530,260
2.59716612686216,5.49783831871964,2.52793243330232,1376.80876666667,530,260
2.5568088369838,5.4268025765081,2.5077515658082,1376.84213333333,530,260
2.4291979800532,5.45028878923332,2.60053906802193,1377.50946666667,532,260
4.74059407943939,0.386638556871332,2.38929098568664,1378.04333333333,533,261
4.73319768362443,0.395424094320585,2.38882787209579,1378.0767,533,261
4.72760866817859,0.403978504460784,2.3904947917899,1378.11006666667,533,261
4.71789656962651,0.410381925889681,2.39007071804538,1378.14343333333,533,261
4.70206286733142,0.416589129452352,2.38745961854015,1378.1768,533,261
4.5552094619267,0.519093429763508,2.38859853156674,1378.74403333333,534,261
4.52589243327945,0.533779562095316,2.38724912080599,1378.81076666667,535,261
4.51717738313198,0.539835925217447,2.38964898397386,1378.84413333333,535,261
4.50278684283114,0.545698530001496,2.39094737390449,1378.8775,535,261
4.4826118205702,0.549153423201735,2.38926357535543,1378.91086666667,535,261
4.46592211070172,0.552535086801404,2.38922520703083,1378.94423333333,535,261
4.24490979511899,0.543331004371881,2.38995540514542,1379.41136666667,536,261
4.22992218148756,0.541191978257381,2.39190930847719,1379.44473333333,536,261
4.20895309778164,0.535527711331158,2.39199212271141,1379.4781,536,261
4.19189693313145,0.529967293993549,2.39143477317541,1379.51146666667,536,261
4.17893223533411,0.522991702055617,2.39154856301671,1379.54483333333,536,261
4.17139389019419,0.515220151110774,2.39288535515611,1379.5782,536,261
4.16878244001548,0.506545884966133,2.3968400261777,1379.61156666667,536,261
0.544503589574802,-1.07135997752031,0.320710774467684,1381.71366666667,537,262
0.546138794926199,-1.06962117349905,0.321295298796872,1381.74703333333,537,262
1.73498179886282,4.15078211900323,1.72025411316639,1382.8815,538,263
1.74493963344575,4.18488357801726,1.72864147226192,1382.91486666667,538,263
1.73753303987378,4.14103047630114,1.71519814125888,1382.94823333333,538,263
2.24650561014653,4.03537354521595,1.02139755438964,1383.5822,539,263
2.22497214169931,3.99727069407201,1.01776987268679,1383.61556666667,539,263
1.69309079424458,4.01467711825124,1.64574489370235,1383.6823,540,263
1.6931406693179,4.0099877589541,1.64520562197721,1383.71566666667,540,263
1.68488268451683,3.99281971985633,1.64304484958893,1383.74903333333,540,263
1.68047131309995,3.9874546216297,1.64069087157139,1383.7824,540,263
1.67321065337334,3.9643660456484,1.63512435362272,1383.81576666667,540,263
1.67092088222878,3.96859811480112,1.63678404541351,1383.84913333333,540,263
1.59538965915722,3.7852331404342,1.62861587248383,1384.383,542,263
1.5972409885321,3.79550304982491,1.63524565733563,1384.41636666667,542,263
1.5923125741872,3.77857349129484,1.63364602837878,1384.44973333333,542,263
1.59205766543497,3.78278510990077,1.6407197341979,1384.4831,542,263
1.58798781083638,3.77203037674697,1.64191409481417,1384.51646666667,542,263
1.58420469287229,3.76091040727957,1.64347825521641,1384.54983333333,542,263
2.90869165800604,-1.24398672023344,2.2035886889138,1384.31626666667,541,264
2.90220075480325,-1.25412135272434,2.20152006963969,1384.34963333333,541,264
2.90678636864366,-1.27133916206272,2.20790563995921,1384.383,541,264
2.89715522236227,-1.28003867218111,2.20178656880982,1384.41636666667,541,264
2.90220169329204,-1.29545127065963,2.20388917118132,1384.44973333333,541,264
2.89807387501127,-1.30714802445083,2.20043670841113,1384.4831,541,264
2.89823197588042,-1.36974551732548,2.19858065616194,1385.05033333333,544,264
2.89829159433193,-1.36897428442616,2.19753059725823,1385.0837,544,264
2.90402676227801,-1.37263243313269,2.20197721942822,1385.11706666667,544,264
2.90535713845605,-1.3727284584888,2.20240786926758,1385.15043333333,544,264
2.90384451786632,-1.37202167990705,2.20116089056757,1385.1838,544,264
-1.05025866413886,4.51294884453868,1.38629973576444,1384.81676666667,543,265
-1.05916745654315,4.53584442673447,1.39135470047567,1384.85013333333,543,265
-1.06272956320105,4.54804142781862,1.39353293113713,1384.8835,543,265
-1.05916745654315,4.53584442673447,1.39135470047567,1384.91686666667,543,265
4.76374267016304,-0.955583278923626,1.75080875123142,1389.1878,545,266
4.76374267016304,-0.955583278923626,1.75080875123142,1389.22116666667,545,266
4.77237215371115,-0.95752766956895,1.7521188058992,1389.25453333333,545,266
4.77697077679417,-0.958155332970148,1.75434930139879,1389.92186666667,546,266
4.78253908540843,-0.958750118637875,1.75647254934535,1389.95523333333,546,266
4.78458229966588,-0.959439147145989,1.75729000129562,1389.9886,546,266
4.78458229966588,-0.959439147145989,1.75729000129562,1390.02196666667,546,266
4.78442998830165,-0.959423953908194,1.75641467319942,1390.05533333333,546,266
4.76600639305246,-0.956468262041398,1.75217944550413,1390.0887,546,266
4.77029899819945,-0.959343702775313,1.75430853269886,1390.82276666667,547,266
4.76928934564055,-0.957599089627767,1.75505010200419,1390.85613333333,547,266
4.75084424362205,-0.954528010350334,1.74911759877339,1390.8895,547,266
0.886070039239178,-0.0299843911860028,0.020490707505903,1394.12606666667,548,267
0.886295394495536,-0.0296432560924015,0.0201025760814398,1394.15943333333,548,267
0.886251282718117,-0.0297607506589085,0.0208222955875773,1394.1928,548,267
0.885871466450359,-0.0298120755769943,0.0216302688393583,1394.22616666667,548,267
0.88555355993434,-0.0285635177127898,0.0233462065784132,1394.25953333333,548,267
0.884369348220006,-0.0302586838273591,0.0240053405808992,1394.96023333333,550,267
0.884458994253126,-0.0305632976809073,0.0244907353708179,1394.9936,550,267
0.884730964857907,-0.0304482172027507,0.0244786428260132,1395.02696666667,550,267
2.90450267037004,-1.37412348680243,2.2141266234131,1394.5932,549,268
2.90427116542649,-1.37310270402022,2.2147790298424,1394.62656666667,549,268
2.90434668568207,-1.37413123246357,2.21594238716621,1394.65993333333,549,268
2.90434668568207,-1.37413123246357,2.21594238716621,1394.6933,549,268
2.90433945352809,-1.3739969603201,2.21559675287592,1394.72666666667,549,268
2.90666904758354,-1.37420261329503,2.21665453909218,1394.76003333333,549,268
2.90136485132105,-1.37212153259506,2.21328543529301,1395.26053333333,551,268
2.90521836843419,-1.37468523600223,2.21631576952561,1395.2939,551,268
2.903759593348,-1.37296939526547,2.21490439336971,1395.32726666667,551,268
2.9029902728001,-1.37284427484603,2.21438520293415,1395.36063333333,551,268
2.903759593348,-1.37296939526547,2.21490439336971,1395.394,551,268
2.90539533412266,-1.37457797801961,2.21712334503428,1395.96123333333,552,268
2.90497699140118,-1.37470669392355,2.21674596487076,1395.9946,552,268
2.90604500916069,-1.37505408824403,2.21683843776321,1396.02796666667,552,268
2.90454148489873,-1.37376482060027,2.21578024930213,1396.06133333333,552,268
2.90442058857524,-1.37396638706454,2.21703044903038,1396.0947,552,268
2.90730109587379,-1.37624610659747,2.21855522245712,1396.12806666667,552,268
1.19260026571755,5.56224085331676,2.48678793803786,1399.36463333333,553,269
1.1879883053725,5.53379388093741,2.4763601825843,1399.398,553,269
1.1983994344469,5.56976772909923,2.48945910227557,1399.43136666667,553,269
1.19406482510226,5.51586431775104,2.47291899498594,1399.46473333333,553,269
0.880611554826845,-0.0743703176518966,0.0276698790275763,1405.97123333333,554,270
0.880538773207279,-0.0746582052528797,0.0277871911044002,1406.0046,554,270
0.880837374856674,-0.0747125957389509,0.0273180645119844,1406.03796666667,554,270
0.880808695377892,-0.0747470378789129,0.0275267109996393,1406.07133333333,554,270
0.880916542565173,-0.0748776361178154,0.0276410087467728,1406.1047,554,270
0.880379782019619,-0.0752048306125871,0.0274397562703655,1406.13806666667,554,270
0.879515855578421,-0.0764824744751958,0.0272456796590795,1406.77203333333,555,270
0.879510453709424,-0.0769334321739713,0.0265381762657958,1406.8054,555,270
0.87978666799833,-0.0766480471906733,0.0262366436237643,1406.83876666667,555,270
0.879578517714457,-0.0767319135319434,0.0264413069756364,1406.87213333333,555,270
0.879657973880586,-0.0767702226492216,0.0269220977417647,1406.9055,555,270
3.45204901406954,5.42972335749986,2.3265058809471,1407.406,556,271
3.46699647571032,5.4566414936323,2.33037712762726,1407.43936666667,556,271
3.45364068191633,5.43205527632283,2.32198771762845,1407.47273333333,556,271
3.46487569164726,5.45706824170891,2.3268248307333,1407.5061,556,271
3.49073158976172,5.50377843464755,2.33630085617347,1407.53946666667,556,271
3.50659939155013,5.61439407015574,2.30294071535776,1408.17343333333,557,271
3.49498398159214,5.59546419960745,2.29494264991763,1408.2068,557,271
3.51641197380969,5.64159021046778,2.30773891313133,1408.24016666667,557,271
3.55198810533024,5.70874905398158,2.32219692028117,1408.27353333333,557,271
5.23718835614249,5.50986397036324,2.49111254862548,1414.07933333333,558,272
5.36541462788343,5.6416419872263,2.62320580205123,1414.8134,559,272
5.34178262398479,5.62138854334892,2.61501743495762,1414.84676666667,559,272
5.39874314469797,5.69592393464225,2.64496354276428,1414.88013333333,559,272
0.876381747463535,-0.112174656972921,0.0269962662427327,1417.2158,560,273
0.87454794189785,-0.107360992030289,0.0303919996519841,1417.24916666667,560,273
0.876214727571556,-0.112121750307918,0.026512978748697,1417.28253333333,560,273
0.877246570456851,-0.111515221820618,0.0246644449133296,1417.94986666667,561,273
0.876816121874839,-0.11209157350677,0.0253638187342315,1417.98323333333,561,273
0.875074014376542,-0.107206028456584,0.029345626750006,1418.0166,561,273
0.877426207430118,-0.112261172687032,0.0250144251292197,1418.04996666667,561,273
2.50137808155846,-1.3305727069531,2.61540545269328,1425.7243,562,274
2.50368114071226,-1.33559061154321,2.62030628584538,1425.75766666667,562,274
2.50713943735791,-1.33758875932351,2.62622338339904,1425.79103333333,562,274
2.51587798205491,-1.34210879032493,2.63751921756203,1425.8244,562,274
2.51633909619162,-1.338933125472,2.63887313802642,1425.85776666667,562,274
2.52066824060084,-1.33886392329929,2.64438409946471,1425.89113333333,562,274
2.49707227512616,-1.37722638509381,2.69694558262467,1426.39163333333,563,274
2.49550856792558,-1.37947145775185,2.69737953757143,1426.425,563,274
2.49082920754693,-1.38479286981661,2.70158707640196,1426.45836666667,563,274
2.48865947330499,-1.3894913280623,2.70784424476863,1426.49173333333,563,274
2.48484930298519,-1.39218501139585,2.71247279194854,1426.5251,563,274
2.48587940843126,-1.39700960861968,2.72234727967942,1426.55846666667,563,274
2.48783162350371,-1.40106668580014,2.73525479773288,1426.59183333333,563,274
2.48397614174424,-1.39814237688458,2.73865126640915,1426.6252,563,274
2.40403645060817,-1.3382449648943,2.81592565328509,1427.09233333333,564,274
2.39598719031676,-1.34005064055083,2.81233169957453,1427.1257,564,274
2.395849919514,-1.34423530267239,2.81706064839184,1427.15906666667,564,274
2.39299770661906,-1.34766458267523,2.82165340861736,1427.19243333333,564,274
2.38453157433318,-1.34699415846762,2.81957539309196,1427.2258,564,274
2.38045048379795,-1.348420682378,2.82320770031181,1427.25916666667,564,274
2.37251627136218,-1.34595153606487,2.82192462195271,1427.29253333333,564,274
2.36514388215076,-1.34410277558935,2.82381573930528,1427.3259,564,274
2.5271534626699,-1.68349609551169,2.41490163927952,1431.2298,565,275
2.51911604324751,-1.67534946502604,2.4060036576189,1431.26316666667,565,275
2.52096738938845,-1.67632525897735,2.40629095319772,1431.29653333333,565,275
2.52338892438585,-1.67803208321714,2.40715912463184,1431.3299,565,275
2.51796523719554,-1.67472569526836,2.40117911286406,1431.36326666667,565,275
2.5212642647614,-1.6784075770502,2.4028850458929,1431.39663333333,565,275
2.54341275073285,-1.67056113296873,2.41330667187095,1431.89713333333,566,275
2.54409433736501,-1.66960194210745,2.41376997953961,1431.9305,566,275
2.54512337737353,-1.67102219165464,2.41510689043662,1431.96386666667,566,275
2.54611861698905,-1.67205103876342,2.41580651489847,1431.99723333333,566,275
2.54813477964788,-1.67520325507631,2.41803126911239,1432.0306,566,275
2.54678158690122,-1.67795653103855,2.41765599802342,1432.06396666667,566,275
2.54191717371763,-1.67924149042985,2.41562665715563,1432.09733333333,566,275
2.55750015378241,-1.69395528198002,2.42883061802036,1432.1307,566,275
2.56711033477899,-1.78696053154819,2.48267613700628,1432.59783333333,567,275
2.55877631481323,-1.78486660152579,2.4810419334607,1432.6312,567,275
2.55155264264025,-1.78446639677965,2.48152904916837,1432.66456666667,567,275
2.54733671591002,-1.78617692014801,2.48442873034712,1432.69793333333,567,275
2.55197564046689,-1.79329298352554,2.49304031702017,1432.7313,567,275
2.5430244734539,-1.79091584516385,2.48972304867545,1432.76466666667,567,275
2.54684774494052,-1.79839567283044,2.49798150275618,1432.79803333333,567,275
5.01045688135549,4.70941276875172,1.92459209329629,1432.79803333333,568,276
5.0083784358946,4.70703970632101,1.9227412536859,1432.8314,568,276
5.01482980981799,4.71267640739729,1.92364724179648,1432.86476666667,568,276
5.01482980981799,4.71267640739729,1.92364724179648,1432.89813333333,568,276
5.01794657609689,4.71565380434856,1.92478428782077,1432.9315,568,276
2.67518304968352,-1.20545530260137,2.95287081051544,1437.46936666667,569,277
2.68246789847516,-1.20630144391818,2.96108350915471,1437.50273333333,569,277
2.68120840160207,-1.20211479559683,2.95874494281449,1437.5361,569,277
2.68510503942586,-1.20328640799383,2.96253448896263,1437.56946666667,569,277
2.68849070547608,-1.20435475497986,2.96404713110909,1437.60283333333,569,277
2.68922328568551,-1.20252899056136,2.9620979931453,1437.6362,569,277
2.69798051849318,-1.21000761834907,2.97229681231816,1437.66956666667,569,277
2.69942075453089,-1.25641600757308,3.00886975263923,1438.1367,570,277
2.6987649578122,-1.25276012107537,3.00816656201029,1438.17006666667,570,277
2.70286115627,-1.25006008996944,3.01328577829221,1438.20343333333,570,277
2.7076701954313,-1.2498482964256,3.01828984203025,1438.2368,570,277
2.70343020326603,-1.24684567163517,3.01337059355551,1438.27016666667,570,277
2.70191246783336,-1.24600254880071,3.01183614971597,1438.30353333333,570,277
2.70508159641778,-1.24759644979502,3.01589081081093,1438.3369,570,277
2.70796864539415,-1.26881906649037,3.03515822098838,1438.8374,571,277
2.70744870606981,-1.27006863508626,3.03675630332956,1438.87076666667,571,277
2.71037127070338,-1.27290946621535,3.04069644896841,1438.90413333333,571,277
2.70854059870242,-1.27092431702532,3.03910839074533,1438.9375,571,277
2.70931605244256,-1.27113803155415,3.03944417679238,1438.97086666667,571,277
2.71063313429087,-1.27260953385755,3.03833896406843,1439.00423333333,571,277
2.71031554673363,-1.27642151783023,3.0367432460117,1439.0376,571,277
2.71454739530858,-1.28051509547452,3.03832924223304,1439.07096666667,571,277
1.38073541694824,-2.61159177277175,3.20393149315488,1444.2428,572,278
1.36831704236606,-2.61809559051967,3.20316782272424,1444.27616666667,572,278
1.3582286151813,-2.63153578313041,3.21227696082065,1444.30953333333,572,278
1.34277691915004,-2.62384074368302,3.20005789727848,1444.3429,572,278
1.33205461770881,-2.62742897530271,3.19878384012522,1444.37626666667,572,278
1.32498582976025,-2.64399052515701,3.21006524628864,1444.40963333333,572,278
1.14516329443146,-2.72878905774576,3.1277304557532,1444.91013333333,573,278
1.13148019420013,-2.74514905594895,3.12294275407306,1444.9435,573,278
1.11593327595455,-2.76015278731153,3.11309085035627,1444.97686666667,573,278
1.10452453029274,-2.79289889125089,3.12262494294036,1445.01023333333,573,278
1.08912534664167,-2.81861094829188,3.12511182103871,1445.0436,573,278
1.07438395393506,-2.84554155629997,3.13147048597434,1445.07696666667,573,278
1.06092790758791,-2.87808547763077,3.14526244668766,1445.11033333333,573,278
0.895356405735746,-3.15022389856295,3.21376798438622,1445.6442,574,278
0.889082834504121,-3.1654312689531,3.22142695332846,1445.67756666667,574,278
0.881236973438721,-3.18347095436476,3.23127235651004,1445.71093333333,574,278
0.876026311568982,-3.19786700649759,3.23762552489434,1445.7443,574,278
0.868614495611687,-3.18715763869395,3.22209503250098,1445.77766666667,574,278
0.519504406171128,-0.348021205277176,0.642079112586741,1445.8444,575,279
5.00828253442353,4.71029051370234,1.94515442815347,1446.11133333333,576,280
5.00504923949458,4.70567624719761,1.94229462247507,1446.1447,576,280
5.01608504886723,4.71120711735408,1.94709364202154,1446.77866666667,577,280
5.01994949305375,4.71587290269542,1.94848662417959,1446.81203333333,577,280
5.01492212842867,4.71335315170551,1.94635017748781,1446.8454,577,280
5.00646408428091,4.70308761562375,1.9431893933669,1446.87876666667,577,280
5.00544758427024,4.70229300905059,1.94384330533065,1446.91213333333,577,280
-0.227649218750285,-4.23590665426622,1.82232392201369,1452.21743333333,578,281
-0.246662573100457,-4.29073403098317,1.82737115499143,1452.2508,578,281
0.902362867483428,-0.132572526307736,0.0539256362943673,1453.6522,579,282
0.902618152057604,-0.132328340500177,0.0541299122111668,1453.68556666667,579,282
0.902783927019933,-0.132231837355913,0.0539573921607391,1453.71893333333,579,282
0.902650135914992,-0.132441296381468,0.0541846589813941,1453.7523,579,282
0.902698817935219,-0.134002071895725,0.055362672050525,1454.38626666667,580,282
0.903164311581923,-0.133855665648493,0.0552071312896038,1454.41963333333,580,282
0.903121061191387,-0.133814779356465,0.0549363899970888,1454.453,580,282
0.90286176637497,-0.133798978174403,0.0548033454568936,1454.48636666667,580,282
0.902875266090476,-0.133746403713051,0.0548395380403777,1454.51973333333,580,282
0.902886721287514,-0.133825783940866,0.0555036259387162,1454.5531,580,282
0.902770081619402,-0.133724822833883,0.0556732378181212,1454.58646666667,580,282
0.902056210843053,-0.133286243840552,0.055560116823363,1455.22043333333,581,282
0.903581804497052,-0.139671472307571,0.0507393475639727,1455.2538,581,282
0.90342645215367,-0.139832626514396,0.0508074015762957,1455.28716666667,581,282
0.903461700511541,-0.139934178650032,0.0511399640940986,1455.32053333333,581,282
0.902106069329755,-0.133779000525062,0.0559960029174501,1455.3539,581,282
-0.00879431528886088,-6.55228490637473,1.57648334583339,1456.6552,582,283
-0.0601774704253243,-7.14494322589286,1.65526744225651,1456.68856666667,583,283
-0.0068362626029409,-6.69902104312031,1.5876257662955,1456.72193333333,584,283
-0.896923195622003,1.27960056418551,0.286516844051226,1461.99386666667,585,284
-0.900218647482404,1.28112026912237,0.285242772792032,1462.02723333333,585,284
-0.900218647482404,1.28112026912237,0.285242772792032,1462.0606,585,284
-0.900218647482404,1.28112026912237,0.285242772792032,1462.09396666667,585,284
-0.896714180931565,1.27657340796713,0.289220278252087,1463.02823333333,586,284
-0.896520926793956,1.2768423427852,0.288476102272785,1463.0616,586,284
-0.894413563030793,1.27589324076069,0.288805749605954,1463.09496666667,586,284
-0.894413563030793,1.27589324076069,0.288805749605954,1463.12833333333,586,284
-0.894413563030793,1.27589324076069,0.288805749605954,1463.1617,586,284
-0.897056860505454,1.27676359565278,0.288179829991026,1463.19506666667,586,284
-0.895427897275865,1.27777822324446,0.288491957454729,1463.99586666667,587,284
-0.896987885048782,1.2784569033684,0.288981064496205,1464.02923333333,587,284
-0.896488097344269,1.27824981399501,0.288537429310073,1464.0626,587,284
-0.897278685617711,1.2790792348861,0.288382438131462,1464.09596666667,587,284
-0.896488097344269,1.27824981399501,0.288537429310073,1464.12933333333,587,284
-0.896194148255641,1.27786586478322,0.289122352259067,1464.1627,587,284
-0.895131464333181,1.27739255629868,0.289077153598574,1464.19606666667,587,284
-16.7644408276005,0.0981400714092538,2.90941092595711,1466.2648,588,285
4.75930427946802,-0.880706683258528,1.91051035898102,1468.8674,589,286
4.76829350862585,-0.882373716981958,1.91325170726635,1468.90076666667,589,286
4.76179669718105,-0.881595452512022,1.9113189200206,1468.93413333333,589,286
4.76179669718105,-0.881595452512022,1.9113189200206,1468.9675,589,286
4.7848453833097,-0.885896615982427,1.91742812389626,1469.00086666667,589,286
4.76715292006573,-0.882483868962023,1.91097734669083,1470.43563333333,590,287
4.76863732446745,-0.883970242987391,1.91248019414052,1470.469,590,287
4.76442645827368,-0.882504496427697,1.91170961510724,1470.50236666667,590,287
4.76442645827368,-0.882504496427697,1.91170961510724,1470.53573333333,590,287
4.76442645827368,-0.882504496427697,1.91170961510724,1470.5691,590,287
4.76762447474161,-0.883673587604331,1.91320953526031,1470.60246666667,590,287
-4.34100179696335,1.47441175353827,1.09838222691714,1470.6692,591,288
-4.33253086619366,1.47125532184699,1.09758415996634,1470.70256666667,591,288
-4.34100179696335,1.47441175353827,1.09838222691714,1470.73593333333,591,288
-4.34100179696335,1.47441175353827,1.09838222691714,1470.7693,591,288
7.9161727689662,3.51856733018696,2.43864682354369,1478.6772,592,289
7.9161727689662,3.51856733018696,2.43864682354369,1478.71056666667,592,289
7.8883339097583,3.50626155665019,2.43434990763893,1478.74393333333,592,289
7.9161727689662,3.51856733018696,2.43864682354369,1478.7773,592,289
7.86531833072666,3.49123945776324,2.4272006962451,1479.31116666667,593,289
7.86710078386198,3.49249131640094,2.43116208462152,1479.34453333333,593,289
7.86531833072666,3.49123945776324,2.4272006962451,1479.3779,593,289
7.86710078386198,3.49249131640094,2.43116208462152,1479.41126666667,593,289
7.86710078386198,3.49249131640094,2.43116208462152,1479.94513333333,594,290
7.86710078386198,3.49249131640094,2.43116208462152,1479.9785,594,290
7.86710078386198,3.49249131640094,2.43116208462152,1480.01186666667,594,290
7.86710078386198,3.49249131640094,2.43116208462152,1480.04523333333,594,290
-13.0040448804253,-7.32943302031052,3.11336457640141,1485.51736666667,595,291
-13.0691510340907,-7.36753005894504,3.12696294951987,1485.55073333333,595,291
-13.3060489027652,-7.4898593199469,3.16289745539343,1485.5841,595,291
2.50458496894897,-1.13985897067758,1.21171795553331,1485.6842,596,292
2.50532336762245,-1.14120975082784,1.21158723040828,1485.71756666667,596,292
2.50462362204075,-1.14088366054834,1.21129243090468,1485.75093333333,596,292
2.50347487971651,-1.13980718491978,1.21078838556523,1485.7843,596,292
2.50423794562727,-1.14049855265278,1.21100200576416,1485.81766666667,596,292
2.50462362204075,-1.14088366054834,1.21129243090468,1485.85103333333,596,292
2.50408629875534,-1.14025382482474,1.21167254059591,1485.8844,596,292
7.86079318088793,3.49636191587659,2.45392606509573,1492.52436666667,597,293
7.88710550914299,3.50684477983875,2.46056305290655,1492.55773333333,597,293
7.85853719211711,3.49108914165021,2.4520483883457,1492.5911,597,293
7.89528942959444,3.51063126878482,2.45923244750081,1492.62446666667,597,293
-4.00195509676977,11.0472557786639,6.14583237928248,1494.65983333333,598,294
-3.87677086395753,10.8235576322559,6.02855709925418,1494.6932,598,294
-3.94622941912979,11.0833133107943,6.15744484940468,1494.72656666667,598,294
-6.54502717056628,-1.44055394369445,3.5813593511696,1496.42826666667,599,295
-6.5521645060843,-1.45179179038369,3.58381702807729,1496.46163333333,599,295
-6.54700290717477,-1.46534661906272,3.58277937265013,1496.495,599,295
-6.53638467669175,-1.47282683008406,3.57913424742199,1496.52836666667,599,295
-6.55354977337819,-1.48766678415714,3.58445320131648,1496.56173333333,599,295
-6.56840788827094,-1.49822496838399,3.58863842687641,1496.5951,599,295
-6.45091636858909,-1.60902058088058,3.49483179543882,1496.9955,600,295
-6.45070173613002,-1.62144259188226,3.49323758571169,1497.02886666667,600,295
4.17008308985582,0.36013484948362,2.23693231287977,1497.16233333333,601,296
4.17007428100435,0.360135319701493,2.23694934978757,1497.1957,601,296
4.16948324101955,0.360175386478997,2.23821153517454,1497.22906666667,601,296
4.16948324101955,0.360175386478997,2.23821153517454,1497.26243333333,601,296
4.1714818811329,0.3606583866834,2.23956495564113,1497.2958,601,296
4.17008308985582,0.36013484948362,2.23693231287977,1497.32916666667,601,296
2.57161126741393,0.228308550798245,1.20357221429727,1497.26243333333,602,297
2.57161126741393,0.228308550798245,1.20357221429727,1497.2958,602,297
2.57065058070924,0.228079253350145,1.20397072772426,1497.32916666667,602,297
2.57181711660306,0.229048242023431,1.20920403033353,1498.06323333333,603,297
2.57147910420476,0.229589862423339,1.20975629312841,1498.0966,603,297
2.57147910420476,0.229589862423339,1.20975629312841,1498.12996666667,603,297
2.57147910420476,0.229589862423339,1.20975629312841,1498.16333333333,603,297
2.57402526145678,0.228111362016958,1.2102841623307,1498.1967,603,297
2.57042871176742,0.228680270909813,1.20949085615499,1498.23006666667,603,297
2.57072614902266,0.229346904746802,1.21436641718472,1498.93076666667,604,297
2.57072614902266,0.229346904746802,1.21436641718472,1498.96413333333,604,297
2.56950451222677,0.228895671492262,1.21365783522227,1498.9975,604,297
2.56848822914654,0.22849192513451,1.21268037523625,1499.03086666667,604,297
0.25854026748157,8.61145666479029,5.42520175915014,1500.33216666667,605,298
0.27007507033375,8.57756022104919,5.41022063631452,1500.36553333333,605,298
1.05703881571425,3.08381896110216,2.88477923321014,1504.87003333333,606,299
1.04666442539075,3.04655035504198,2.87267945886637,1504.9034,606,299
1.03383506894016,3.00973174316631,2.85985291185201,1504.93676666667,606,299
1.02106614083317,2.96443176898222,2.84151462140899,1504.97013333333,606,299
1.00995502753456,2.92686214256747,2.82817021377284,1505.0035,606,299
1.0011715010942,2.89317726644335,2.81490975404609,1505.03686666667,606,299
0.878066690520504,2.62681127262069,2.6971005370528,1505.33716666667,607,299
0.859224828945323,2.59296593736551,2.68348786596822,1505.37053333333,607,299
0.836834865180834,2.55923378728598,2.67256684204548,1505.4039,607,299
0.812509531174896,2.51967988753467,2.65665390625203,1505.43726666667,607,299
0.789400208114716,2.48459843738621,2.64387691623791,1505.47063333333,607,299
0.768249887984701,2.44944634090792,2.62936732594925,1505.504,607,299
0.571089278652149,2.22041981602094,2.5456434405947,1505.83766666667,608,299
0.55590768968025,2.20576893465889,2.53831887107378,1505.87103333333,608,299
0.539097403910183,2.18900649053146,2.52842998120336,1505.9044,608,299
0.526092594519422,2.17385101963752,2.5182323670951,1505.93776666667,608,299
0.513564637708042,2.15745083996732,2.50665046957647,1505.97113333333,608,299
0.476976253833722,1.07301894588299,1.4657225688172,1510.67583333333,609,300
0.481921828244113,1.06616363566419,1.46616856342458,1510.7092,609,300
0.485792422801169,1.05857003857827,1.46660466343161,1510.74256666667,609,300
0.491244866619109,1.05132106326328,1.46872335950053,1510.77593333333,609,300
0.495862694072787,1.04385662602332,1.47250773489994,1510.8093,609,300
0.53785667433195,0.956712478663017,1.48746898090881,1511.14296666667,610,300
0.539091998959734,0.950451063482388,1.48881907368955,1511.17633333333,610,300
0.539672242617409,0.946814880483676,1.49308987649659,1511.2097,610,300
0.540352836866947,0.941715264041413,1.49636983273397,1511.24306666667,610,300
0.542230186369185,0.935968375568878,1.50019723484599,1511.27643333333,610,300
0.544866534905207,0.928666985727688,1.50189593912771,1511.3098,610,300
0.560369105308227,0.918962337250184,1.53041255692537,1511.6101,612,300
0.564328836461343,0.921784086289071,1.5354158763815,1511.64346666667,612,300
0.567367020942422,0.925119290336634,1.53986489951412,1511.67683333333,612,300
0.57086157712799,0.92781569696913,1.54339565544806,1511.7102,612,300
0.574806810703068,0.931646441042178,1.54766418543311,1511.74356666667,612,300
0.578623964642957,0.933682032891735,1.55207671562982,1511.77693333333,612,300
0.967436251207264,2.8303381731613,3.45686820354767,1511.34316666667,611,301
0.965844806605767,2.83311824322235,3.4532354686626,1511.37653333333,611,301
0.969539255012325,2.84378821569576,3.45633873009141,1511.4099,611,301
0.97143882571625,2.85305604297591,3.45347507736269,1511.44326666667,611,301
0.973391968926141,2.86460372400677,3.45326048856185,1511.47663333333,611,301
0.97653475524932,2.87921222621643,3.45854685053076,1511.51,611,301
0.977682552346184,2.86451083702842,3.43373673523827,1511.54336666667,611,301
0.619977559289673,-0.241409441267875,1.02837121331014,1516.74856666667,613,302
0.634147476593731,-0.250608808046958,1.02005774683436,1516.78193333333,613,302
0.639146971021221,-0.255222843895102,1.02038145368497,1516.8153,613,302
0.642047476766294,-0.25907327344519,1.02269978078773,1516.84866666667,613,302
0.645676454159275,-0.261432572643871,1.02527262986132,1516.88203333333,613,302
0.680163043641622,-0.284889678678094,1.02158386366577,1517.1156,614,302
0.684988296551871,-0.287655462256327,1.0207902203018,1517.14896666667,614,302
0.689866942563233,-0.289773327814372,1.02026275423075,1517.18233333333,614,302
0.694099527860308,-0.291779858014349,1.02046906104161,1517.2157,614,302
0.697383963726912,-0.293811627522934,1.0200361070335,1517.24906666667,614,302
0.70113089018649,-0.296184408351921,1.01951775933407,1517.28243333333,614,302
0.705221069950891,-0.299104184895981,1.01920261481499,1517.3158,614,302
0.710004256527955,-0.303317109505644,1.01956262027364,1517.34916666667,614,302
0.749554952339383,-0.324032671643503,1.02674081483587,1517.6161,615,302
0.754502036283167,-0.327443568018365,1.02751358380404,1517.64946666667,615,302
0.757702213892875,-0.33007148918589,1.02753570696927,1517.68283333333,615,302
0.760484611096993,-0.331788029563117,1.02762301537497,1517.7162,615,302
0.763448213204953,-0.332635427512389,1.02808138786265,1517.74956666667,615,302
0.767871223781604,-0.333672882288524,1.02918787944447,1517.78293333333,615,302
0.77164311332522,-0.335260741643232,1.02971280093001,1517.8163,615,302
0.774848850787467,-0.337121049032378,1.03120048694291,1517.84966666667,615,302
0.791107929706843,-0.351837824519824,1.04766661371683,1518.08323333333,618,302
0.79256630323579,-0.352147808614071,1.05052301588434,1518.1166,618,302
0.794094913945532,-0.352199718674026,1.05328410743319,1518.14996666667,618,302
4.76632731646114,-0.883204024543823,1.91659822187484,1517.6161,616,303
4.76287838978732,-0.882787584770808,1.91622586352696,1517.64946666667,616,303
4.76350616585494,-0.882863514490473,1.91629385607643,1517.68283333333,616,303
4.76632731646114,-0.883204024543823,1.91659822187484,1517.7162,616,303
4.76632731646114,-0.883204024543823,1.91659822187484,1517.74956666667,616,303
4.7730993689761,-0.885585965113386,1.91827166534658,1517.78293333333,616,303
4.77686277265726,-0.886872547284795,1.92024916603034,1518.38353333333,619,303
4.77233353292231,-0.886117006295115,1.91856235882912,1518.4169,619,303
4.77451787872552,-0.88691449271912,1.91958691744527,1518.45026666667,619,303
4.7718469883105,-0.885838934749958,1.91900886576079,1518.48363333333,619,303
4.7712170772344,-0.885762498960377,1.91894044682891,1518.517,619,303
4.77451787872552,-0.88691449271912,1.91958691744527,1518.55036666667,619,303
4.75506053092907,-0.882938643013732,1.9119851999814,1518.58373333333,619,303
4.78096347061477,-0.88842318832788,1.92136036339783,1519.18433333333,622,303
4.76653150464055,-0.88322525060856,1.91750432088834,1519.2177,622,303
4.77146515468442,-0.884905415613601,1.91772089618558,1519.25106666667,622,303
4.76727028364319,-0.883442745431385,1.91695147047237,1519.28443333333,622,303
4.76727028364319,-0.883442745431385,1.91695147047237,1519.3178,622,303
4.76708831443641,-0.883426738586585,1.91605223364924,1519.35116666667,622,303
2.5702589346642,0.24267675102991,1.2833752964584,1517.74956666667,617,304
2.56935244874654,0.242232561835962,1.28379489147615,1517.78293333333,617,304
2.56877214889198,0.242045070448182,1.28405820285164,1517.8163,617,304
2.56855933319451,0.241973832305677,1.28378328225676,1517.84966666667,617,304
2.56937394158809,0.242103756568541,1.28394189549186,1517.88303333333,617,304
2.56910167245344,0.241976884173285,1.2836082831891,1517.9164,617,304
2.56851409916526,0.242075544173462,1.28367440724549,1517.94976666667,617,304
2.57009542029778,0.241847749842642,1.28410364523678,1517.98313333333,617,304
2.56848501957767,0.241804982650594,1.2839012307346,1518.0165,617,304
2.56767363434869,0.241948730284178,1.28383157476946,1518.04986666667,617,304
2.5693258153874,0.242289396761426,1.28345007035655,1518.55036666667,620,304
2.57045839269132,0.242467255339586,1.28388558479113,1518.58373333333,620,304
2.570718098746,0.242409225627524,1.28422787152489,1518.6171,620,304
2.56965479822201,0.242170424760791,1.28383538668573,1518.65046666667,620,304
2.56935599204172,0.242222015962377,1.28389457769461,1518.68383333333,620,304
2.56995473526977,0.242423817262754,1.28408589728812,1518.7172,620,304
2.56945106913816,0.242211578741461,1.28401156221929,1518.75056666667,620,304
2.57135752262608,0.242656121975583,1.28429664178315,1518.78393333333,620,304
2.56742818685007,0.241997842341734,1.28350321519976,1518.8173,620,304
2.57199065621892,0.242726920767381,1.28429748122393,1519.3178,623,304
2.57126049228857,0.242301453204215,1.28434120002157,1519.35116666667,623,304
2.56987156111451,0.242133039426625,1.28428115810942,1519.38453333333,623,304
2.57025610096067,0.242457976860627,1.28424005685769,1519.4179,623,304
2.57142710758616,0.242881229054403,1.28481619144381,1519.45126666667,623,304
2.57025610096067,0.242457976860627,1.28424005685769,1519.48463333333,623,304
2.57028003172468,0.242187480281447,1.28401815826105,1519.518,623,304
2.5711203082317,0.242431746282711,1.28408577289305,1519.55136666667,623,304
2.57116885432527,0.241737520836722,1.28410454662186,1519.58473333333,623,304
1.57256460190049,3.47207885233425,1.29756030345034,1518.58373333333,621,305
1.56022520398205,3.43094112571872,1.28815885088392,1518.6171,621,305
1.5577745087194,3.42308616321741,1.28672453368214,1518.65046666667,621,305
1.55672007651067,3.4185520115337,1.28602254932418,1518.68383333333,621,305
1.56462646599374,3.44708641519228,1.29207833360231,1518.7172,621,305
1.56080664039707,3.43490197582758,1.28893949148285,1519.3178,624,305
1.56265900574487,3.44097595106664,1.28958840997866,1519.35116666667,624,305
1.56265900574487,3.44097595106664,1.28958840997866,1519.38453333333,624,305
1.56765699283214,3.45428624549215,1.29307015192564,1519.4179,624,305
4.56767061737356,6.6050697166995,3.42163115007159,1519.78493333333,625,306
4.57995697870136,6.62878417889055,3.43207990979685,1519.8183,625,306
4.55831914307889,6.60590572598282,3.42385100941757,1519.85166666667,625,306
4.56517274291211,6.62895038136179,3.43417779243946,1519.88503333333,625,306
4.57592222410379,6.65216735989956,3.44301603268967,1519.9184,625,306
7.85330208337712,3.49377781856002,2.49175970684942,1522.6211,626,307
7.85330208337712,3.49377781856002,2.49175970684942,1522.65446666667,626,307
7.85721185653854,3.49558668741936,2.49107491820057,1522.68783333333,626,307
0.696444077139996,-0.381559339548677,1.37914883398616,1524.4229,627,308
0.695178553659451,-0.382650242457678,1.38239813558294,1524.45626666667,627,308
0.694446105041399,-0.384898099061115,1.38624179255436,1524.48963333333,627,308
0.693035975108272,-0.386990855846245,1.3903251345377,1524.523,627,308
0.690895772551151,-0.388392610212618,1.39519748490658,1524.55636666667,627,308
0.687109832517907,-0.389473991267134,1.3988693906157,1524.58973333333,627,308
0.682067604139211,-0.389931420883228,1.40289090252273,1524.6231,627,308
0.676802628197274,-0.389676267109538,1.40695252756672,1524.65646666667,627,308
0.671279873206577,-0.389116599986717,1.41121396818502,1524.68983333333,627,308
0.597181801486799,-0.314161056060238,1.43634221773427,1525.45726666667,628,308
0.596310227893607,-0.312893236487883,1.43111922739324,1525.49063333333,628,308
0.594466252336587,-0.312404391434622,1.42855900269523,1525.524,628,308
0.592091165076358,-0.312631264840867,1.42665865922351,1525.55736666667,628,308
0.586639552389901,-0.312676391450638,1.43051776712337,1525.59073333333,628,308
0.578812344313908,-0.313062482219049,1.4378347534447,1525.6241,628,308
0.580741639671385,-0.314370527410127,1.43285583586453,1525.65746666667,628,308
0.581519166703849,-0.315973912747674,1.42851074731195,1525.69083333333,628,308
0.581843953274758,-0.317947608184421,1.4201544321526,1525.7242,628,308
0.543549036990299,-0.304361221800652,1.36642313207458,1526.0245,629,308
0.537509858127774,-0.30034643790354,1.36361989500361,1526.05786666667,629,308
5.3334116855753,9.20132011979493,4.21690039130645,1528.15996666667,630,309
1.59023792954573,3.49030663632755,1.30797776134682,1534.0325,631,310
1.58426135694531,3.47673786029705,1.30477019877885,1534.06586666667,631,310
1.58271092509131,3.46981255802347,1.30357467179278,1534.09923333333,631,310
1.58089730997812,3.46320253846291,1.30140347290923,1534.1326,631,310
1.5773951039522,3.45243764896412,1.3012588655743,1534.66646666667,632,310
1.5821166797978,3.47024576224668,1.30349014172758,1534.69983333333,632,310
1.58051394919037,3.46176827915552,1.30165719553961,1534.7332,632,310
1.58352202597937,3.47042837817516,1.30372901744777,1534.76656666667,632,310
1.58352202597937,3.47042837817516,1.30372901744777,1534.79993333333,632,310
1.57674945909176,3.45176189843625,1.30010634944265,1534.8333,632,310
1.59055089736212,3.49815139398937,1.31074442294508,1535.40053333333,633,310
1.5929925368316,3.50165941299711,1.31085322182751,1535.4339,633,310
1.58399462740244,3.47437514379412,1.30492530698095,1535.46726666667,633,310
1.5831145131953,3.47120807917579,1.30458892379916,1535.50063333333,633,310
1.58399462740244,3.47437514379412,1.30492530698095,1535.534,633,310
1.58363108992524,3.47178890638123,1.30476225405891,1535.56736666667,633,310
3.71159343600623,-1.49072413042623,1.6971843910416,1535.56736666667,634,311
3.70971972588474,-1.48929431185309,1.69549584399243,1535.60073333333,634,311
3.70768080179125,-1.48808192563352,1.69572647644982,1535.6341,634,311
3.70894277642618,-1.48887873893961,1.69586655940932,1535.66746666667,634,311
3.70894277642618,-1.48887873893961,1.69586655940932,1535.70083333333,634,311
3.7068094242606,-1.48780995375041,1.69601192960034,1535.7342,634,311
3.70248081911815,-1.48457044362181,1.69378895177376,1535.76756666667,634,311
3.72069176435385,-1.49434131298406,1.69903555729768,1536.46826666667,635,311
3.70751524706056,-1.48777385229055,1.69447749641119,1536.50163333333,635,311
3.70751524706056,-1.48777385229055,1.69447749641119,1536.535,635,311
3.70978422156956,-1.48722814648029,1.69646208265078,1536.56836666667,635,311
-1.38353482540705,1.09103126440926,1.54650632452688,1541.47326666667,636,312
-1.39477697489952,1.09397014726825,1.55189357035065,1541.50663333333,636,312
-1.40266767147739,1.09419934904213,1.55468723763526,1541.54,636,312
-1.41389943775867,1.0970143118731,1.55795479217693,1541.57336666667,636,312
-1.42380083359749,1.09907771278816,1.56116914618815,1541.60673333333,636,312
-1.42970058666172,1.09907656686259,1.56190438767631,1541.6401,636,312
-1.52164869403245,1.1332003246527,1.58787113093235,1542.0405,637,312
-1.5230992665719,1.13379990433837,1.59030275768734,1542.07386666667,637,312
-1.52304491296965,1.13465132616385,1.59415185618565,1542.10723333333,637,312
-1.52545378600644,1.13651372367524,1.59912121142973,1542.1406,637,312
-1.52712597051778,1.13928690759002,1.60342940344948,1542.17396666667,637,312
-1.52805345339068,1.14136886836027,1.60826881475811,1542.20733333333,637,312
-1.49479956943264,1.15505659971027,1.63692010566529,1542.60773333333,638,312
-1.49254071882775,1.15677755257022,1.63947722691017,1542.6411,638,312
-1.48954312762052,1.15916101269687,1.6405298858332,1542.67446666667,638,312
-1.48743741139834,1.16262655347332,1.6426660801615,1542.70783333333,638,312
5.01037040654404,4.66319785501599,1.49835542627275,1543.97576666667,639,313
5.05588201177708,4.70745811343689,1.50255818185143,1544.60973333333,640,313
5.02278100538245,4.67702353614472,1.49612437345293,1544.6431,640,313
5.05588201177708,4.70745811343689,1.50255818185143,1544.67646666667,640,313
0.903115368797223,-0.232159376551238,0.0608814610648072,1547.67946666667,641,314
0.90214563642907,-0.229155629337601,0.0628698270672475,1547.71283333333,641,314
-2.66663720210381,2.14863733821273,1.87812267991571,1547.77956666667,642,315
-2.67070093306112,2.15415096854132,1.8813542005047,1547.81293333333,642,315
-2.68134660003731,2.16238823767005,1.88559937481024,1547.8463,642,315
-2.83403693629123,2.3390189211022,1.90980624286731,1548.8473,643,316
-2.85134475890263,2.35052000061263,1.91570923805345,1548.88066666667,643,316
1.54987419845678,3.49140607990653,1.39468648954557,1556.6551,644,317
1.55494187823243,3.50400255963297,1.39931020419908,1556.68846666667,644,317
1.55138424055456,3.4947789727499,1.39738159401976,1556.72183333333,644,317
1.56371050746008,3.53993288949916,1.41039328689959,1557.38916666667,645,317
1.56168928847899,3.53162833726699,1.40903326153956,1557.42253333333,645,317
4.80489921042009,4.63024988823966,1.88400196599368,1561.56,646,318
4.81534013328735,4.64092482352514,1.88612838804781,1561.59336666667,646,318
4.81534013328735,4.64092482352514,1.88612838804781,1561.62673333333,646,318
4.81534013328735,4.64092482352514,1.88612838804781,1561.6601,646,318
4.8145607143178,4.64262096302592,1.88817522074872,1561.69346666667,646,318
9.32917543774867,9.82469622848832,3.26838900176436,1564.52963333333,647,319
9.32917543774867,9.82469622848832,3.26838900176436,1564.563,647,319
9.42971485078375,9.94902985252249,3.30802366139273,1564.59636666667,647,319
9.35714990989385,9.87392599533109,3.2902268910289,1564.62973333333,647,319
1.29627978415304,-5.08015006302207,5.59678157476205,1565.9644,648,320
1.38329408746617,-4.89651912024727,5.52952781656409,1566.09786666667,649,320
1.46883644615917,-4.73904339525619,5.48302369821812,1566.23133333333,650,320
1.56508632406149,-4.52520750146714,5.38114323228558,1566.39816666667,652,320
0.719917663670149,-0.369998487079138,1.48704435502788,1566.2647,651,321
-8.38075605712286,0.531864281985261,1.90321299350776,1567.7662,653,322
-8.46059300124692,0.590571044338976,1.89467474245789,1568.23333333333,654,322
-8.40294503370926,0.591673069360588,1.8854303306003,1568.2667,654,322
-8.41349182342402,0.592994637662243,1.88914129212023,1568.30006666667,654,322
2.71342457270221,-1.7657546196106,4.42853073663489,1568.9674,655,323
2.72544882296059,-1.66656199545592,4.40597588194621,1569.10086666667,656,323
2.73098629485054,-1.55592336460126,4.37074616093777,1569.23433333333,657,323
2.72735896305539,-1.52801169884716,4.35608783404731,1569.2677,657,323
2.73536448452665,-1.44006706268378,4.34187341577851,1569.3678,658,323
2.73582094844595,-1.41371147517515,4.33585222654996,1569.40116666667,658,323
2.73350216071261,-1.38851237195305,4.32548510893932,1569.43453333333,658,323
2.73361472190831,-1.30169588946158,4.30028974437967,1569.53463333333,659,323
2.74092526473384,-1.28193065618004,4.30358015631819,1569.568,659,323
2.73063011800527,-1.25005019149516,4.27842715017226,1569.60136666667,659,323
2.73493415995756,-1.19382987572109,4.26673964399172,1569.6681,660,323
2.73521834470427,-1.17559971026627,4.26175584693384,1569.70146666667,660,323
2.74006122718275,-1.15550216943251,4.26316253928343,1569.73483333333,660,323
2.73178819866637,-1.07087027458538,4.22884127598422,1569.83493333333,661,323
2.72650000107087,-1.04864690641218,4.21722537399964,1569.8683,661,323
2.72290475487764,-1.0265597881707,4.20567471880201,1569.90166666667,661,323
2.71636227357184,-0.953835713426675,4.17317342502186,1570.00176666667,662,323
2.7102462170318,-0.931763062559066,4.15504713446342,1570.03513333333,662,323
2.70786860976818,-0.912323967893723,4.14812883893767,1570.0685,662,323
2.7035550176012,-0.832459926247686,4.12561769210221,1570.1686,663,323
2.69072291031535,-0.806910995690551,4.10142954463725,1570.20196666667,663,323
1.25163052592556,0.868337217119547,1.17451116425841,1573.572,664,324
2.69831100273083,2.0742404848867,3.422261766614,1573.60536666667,665,325
2.83437082856202,2.21619506053419,3.3827049586271,1573.8723,666,325
2.85357919038272,2.23685656306367,3.383769121742,1573.90566666667,666,325
2.98913135990732,2.39731835949169,3.34975274297277,1574.20596666667,668,325
4.22888886756697,1.36907922959506,1.88570814598286,1574.1726,667,326
4.23198138305306,1.37020317475683,1.88739595083072,1574.20596666667,667,326
4.23548380529183,1.3708837876883,1.88887117554073,1574.23933333333,667,326
4.23397016332296,1.3705382020081,1.88871557897099,1574.2727,667,326
4.23574457831355,1.37103871095211,1.88908967092271,1574.30606666667,667,326
4.22990299431469,1.3685244134272,1.88728122707439,1574.33943333333,667,326
4.2330717194358,1.37018856753204,1.88883749294268,1574.3728,667,326
4.23081242493721,1.36801162935328,1.8902733651009,1574.90666666667,669,326
4.22211596552221,1.36380778630119,1.88696069762873,1574.94003333333,669,326
4.22334245086156,1.36418714286693,1.88619281951537,1574.9734,669,326
4.22185804188243,1.36383688381884,1.88529312969277,1575.00676666667,669,326
4.22185804188243,1.36383688381884,1.88529312969277,1575.04013333333,669,326
4.22474537337297,1.36507275489311,1.8876482700197,1575.0735,669,326
4.23523021406089,1.36792182771724,1.89034747440859,1575.10686666667,669,326
4.2290515000524,1.3687743723086,1.89277912665636,1575.64073333333,670,326
4.2205382470075,1.36656178657409,1.88899952720042,1575.6741,670,326
4.22477993683275,1.36748864227238,1.89078764826578,1575.70746666667,670,326
4.22477993683275,1.36748864227238,1.89078764826578,1575.74083333333,670,326
4.22477993683275,1.36748864227238,1.89078764826578,1575.7742,670,326
4.22806641634297,1.37124884079761,1.89240221608885,1575.80756666667,670,326
4.22581809577254,1.37076612358658,1.89097288049916,1575.84093333333,670,326
4.22478483512581,1.37044344592501,1.891580854873,1575.8743,670,326
2.1543138129683,4.63951354144618,2.15677811648291,1585.85093333333,671,327
2.16163192220147,4.64518838137107,2.15876940436181,1585.8843,671,327
2.18777329449099,4.69513337283197,2.1738498496222,1585.91766666667,671,327
2.18986856954432,4.66411035812879,2.16256755367989,1585.95103333333,671,327
2.4388621431512,4.87141333019246,2.20913719767432,1586.51826666667,672,327
2.44540727557751,4.86800220962497,2.20907511352832,1586.55163333333,672,327
2.45711700063777,4.87928568686742,2.21082683574107,1586.585,672,327
2.47525536244566,4.90520973841869,2.21914219603334,1586.61836666667,672,327
2.494056313178,4.9225199968046,2.22500361215755,1586.65173333333,672,327
2.50932728689024,4.94970239409563,2.23409691527424,1586.6851,672,327
2.74010652163525,5.12064085014635,2.27814754166277,1587.21896666667,673,327
2.75134410346905,5.12799606117534,2.27860355060943,1587.25233333333,673,327
2.76172910318225,5.13673764262553,2.28087810360856,1587.2857,673,327
2.78758733156659,5.16831220313932,2.28913404801968,1587.31906666667,673,327
2.77403583229288,5.11993399327924,2.27139064898315,1587.35243333333,673,327
2.80853949434821,5.16690455514542,2.28532728806477,1587.3858,673,327
2.80573103482066,5.13956838713707,2.27371708694284,1587.41916666667,673,327
-0.758975307566257,8.87691307492458,2.50334069354418,1591.32306666667,674,328
-0.787504730630233,9.03341974822487,2.53686172149205,1591.35643333333,674,328
3.68787498637349,-1.54858817685996,1.69884957427197,1591.45653333333,675,329
3.69762037534854,-1.55312153197248,1.70132453943697,1591.4899,675,329
3.69575026192608,-1.55175396402267,1.70024863574441,1591.52326666667,675,329
3.69426164292521,-1.55181562416018,1.70001565104171,1591.55663333333,675,329
1.62170103698244,-1.42529256749533,0.90311711133306,1591.82356666667,676,330
1.620268587838,-1.42376512193753,0.903292833469896,1591.85693333333,676,330
1.62100744593339,-1.42543319243446,0.902990647657933,1591.8903,676,330
1.62061979823092,-1.42458289238424,0.902642285223069,1591.92366666667,676,330
1.62061979823092,-1.42458289238424,0.902642285223069,1591.95703333333,676,330
1.62287085067081,-1.42700733580878,0.903316689475649,1591.9904,676,330
1.62097387187393,-1.42512422852902,0.903384586063456,1592.02376666667,676,330
1.62499887808904,-1.43083929012733,0.904534021294541,1592.8913,678,330
1.62315672459653,-1.4298664161776,0.904103882932137,1592.92466666667,678,330
1.62189112802739,-1.42759108652168,0.903366847633353,1592.95803333333,678,330
1.62282700274909,-1.42904379699955,0.903849422157578,1592.9914,678,330
1.62302474804049,-1.42940142416856,0.903809188929698,1593.02476666667,678,330
1.62302474804049,-1.42940142416856,0.903809188929698,1593.05813333333,678,330
1.62186948068411,-1.42723059976973,0.903493201842053,1593.0915,678,330
1.62260371438192,-1.4285956063378,0.904559862282567,1593.12486666667,678,330
3.01668222719681,4.73161202178515,1.73956741949883,1592.82456666667,677,331
3.00831740324825,4.70710088894289,1.73681034087586,1592.85793333333,677,331
2.99995143272873,4.68672662232571,1.73437565142135,1592.8913,677,331
2.96582904499275,4.56665669333437,1.77015674536153,1593.45853333333,679,331
2.95429960406397,4.54800101702371,1.7676246367762,1593.4919,679,331
2.94008712381753,4.51865196563259,1.76184350723909,1593.52526666667,679,331
2.95388100006368,4.54118122987738,1.77030120455355,1593.55863333333,679,331
2.9489120655813,4.53647564186867,1.7723326012564,1593.592,679,331
2.94150223159079,4.51927133823316,1.76767966469405,1593.62536666667,679,331
2.93010476539687,4.50099871927836,1.76673922736077,1593.65873333333,679,331
2.83507208943055,4.40412255038833,1.76605109161841,1597.42916666667,680,332
2.82610728077683,4.38996836711625,1.76278331091473,1597.46253333333,680,332
2.82000467661226,4.37800686002531,1.76220697562623,1597.4959,680,332
2.82871579718112,4.39106303443603,1.76766638045294,1597.52926666667,680,332
2.85301229862071,4.46829199336435,1.80564936604522,1598.12986666667,681,332
2.83995473839312,4.45207761721491,1.8002102833392,1598.16323333333,681,332
2.84911908244189,4.47306199362627,1.80344062414951,1598.1966,681,332
2.76943700981648,4.36678281116619,1.81303475373791,1598.76383333333,682,332
2.78123118040069,4.38497692992611,1.82144461934715,1598.7972,682,332
2.79782936364679,4.4146162623017,1.83325382730639,1598.83056666667,682,332
2.78495019050061,4.38847896969946,1.8285448408535,1598.86393333333,682,332
2.77398948852191,4.36817310766877,1.82227281913413,1598.8973,682,332
3.68333667697987,8.47927580857992,4.27597802838949,1598.93066666667,683,333
3.70224911959436,8.5329505015249,4.29554187193995,1598.96403333333,683,333
3.68893066841324,8.50054086741427,4.28106114120029,1598.9974,683,333
3.70262352054072,8.55916265012885,4.30503975227954,1599.03076666667,683,333
3.75845635466926,8.71637051567813,4.3703159014789,1599.06413333333,683,333
0.100962085221759,-7.89146229662555,1.87683009727227,1603.03476666667,684,334
0.0941165085249177,-8.04347585773309,1.8995222032024,1603.06813333333,684,334
0.0824525456185351,-8.2136113485493,1.92523828818166,1603.1015,684,334
0.0778522332442623,-8.31509681052957,1.94039450844231,1603.13486666667,684,334
0.0604689562540118,-8.68501835917337,2.00020200790007,1603.16823333333,685,334
0.110059358160898,-8.0179293904304,1.88321627655734,1603.7021,686,334
0.0419313438086492,-9.0174929186202,2.04450696043891,1603.73546666667,687,334
0.0774570151772634,-8.52837362346308,1.97139492001294,1603.76883333333,688,334
0.578698526872017,-0.404957596657894,0.689390857287421,1603.8022,689,335
0.578121618093179,-0.405224983329252,0.688846965577755,1603.83556666667,689,335
2.5746787789744,4.49529475106517,1.11751302445719,1604.63636666667,690,336
2.56797730103853,4.48046286406364,1.11397705065088,1604.66973333333,690,336
2.56439722155037,4.47496607308738,1.11329956488234,1604.7031,690,336
2.57796057428157,4.50298371522509,1.11439411765891,1604.73646666667,690,336
2.70387370008447,4.63290540620476,1.08772165215158,1605.33706666667,692,336
2.69554427055886,4.6096014745568,1.08307963577819,1605.37043333333,692,336
4.41506500815212,1.5359424509718,2.05085576296947,1604.9033,691,337
4.41867006601288,1.53687717368673,2.05267356594485,1604.93666666667,691,337
4.41867006601288,1.53687717368673,2.05267356594485,1604.97003333333,691,337
4.4151596233836,1.53514348908026,2.05177737542086,1605.0034,691,337
4.41131943078419,1.53171458467158,2.04911119351328,1605.53726666667,694,337
4.41726443200443,1.53306438312929,2.05047021011121,1605.57063333333,694,337
4.41377481664034,1.53116398847199,2.04871111705732,1605.604,694,337
4.41377481664034,1.53116398847199,2.04871111705732,1605.63736666667,694,337
4.41726443200443,1.53306438312929,2.05047021011121,1605.67073333333,694,337
4.41819826378517,1.53249351206357,2.05102591379419,1605.7041,694,337
4.40882469787399,1.51944777057592,2.05560452013053,1606.2046,696,337
4.40569074900949,1.51712857700086,2.05437849847057,1606.23796666667,696,337
4.41958261682236,1.52000049891101,2.05934113887334,1606.27133333333,696,337
4.40577895885783,1.51379980021542,2.05363353505105,1606.3047,696,337
4.39906048924519,1.5123374645912,2.05241558777988,1606.33806666667,696,337
-2.14884275426686,1.23416827541626,2.1765379115562,1605.5039,693,338
-2.11895788346251,1.24534291910492,2.18040910552539,1605.53726666667,693,338
-2.08922648757941,1.25975175593748,2.18584120080586,1605.57063333333,693,338
-2.05907071192746,1.27316752978662,2.18989340370397,1605.604,693,338
-2.02719667962651,1.28594744688048,2.19284775410968,1605.63736666667,693,338
-2.00038181727667,1.29961349101331,2.19567301928105,1605.67073333333,693,338
-1.88861022240428,1.34808430602354,2.20184392239328,1605.77083333333,695,338
-1.86192320268473,1.36139346612797,2.20589733441305,1605.8042,695,338
-1.83037034380047,1.37681696774895,2.21108287273527,1605.83756666667,695,338
-1.79899257599787,1.38993160442497,2.21313632599309,1605.87093333333,695,338
-1.76614124238594,1.40330069322969,2.21550561317355,1605.9043,695,338
-1.73646981808002,1.41736075896362,2.21750698668625,1605.93766666667,695,338
-1.70726357645325,1.43205564025008,2.22171146676851,1605.97103333333,695,338
-1.67929980325924,1.44622691364133,2.22560896928915,1606.0044,695,338
-1.63114314138459,1.45724933786208,2.22226620725248,1606.03776666667,695,338
-1.60376061606395,1.4724442044552,2.22699663203859,1606.07113333333,695,338
-1.57034588060521,1.48284017300046,2.22725867032153,1606.1045,695,338
-1.53914504752514,1.49567861022498,2.22859889324847,1606.13786666667,695,338
-1.51080765008145,1.51117462083455,2.23118304134423,1606.17123333333,695,338
-1.47507803533176,1.52210203698658,2.22896162594256,1606.2046,695,338
-1.44767704908406,1.53711723927587,2.23112095381838,1606.23796666667,695,338
-1.41860422930327,1.55063144985785,2.23105253290381,1606.27133333333,695,338
-1.38533420500504,1.56342453478567,2.22867996063134,1606.3047,695,338
-1.35982960234001,1.580993915703,2.23162044546226,1606.33806666667,695,338
-1.32364537598712,1.59348895103843,2.22903446252324,1606.37143333333,695,338
-1.29390382993416,1.60917254967194,2.22892271961688,1606.4048,695,338
-1.27963687304134,1.63462319425787,2.2426903041389,1606.43816666667,695,338
-1.23015717551436,1.64807530817565,2.23480564795375,1606.47153333333,695,338
1.67155813003699,11.2138553006309,5.38531695286387,1610.97603333333,697,339
1.6407459378127,11.0460761874822,5.30728723754777,1611.0094,697,339
1.64092647476994,11.0221911318753,5.29297467883132,1611.04276666667,697,339
1.65343995107715,11.1966985320251,5.3646070150579,1611.07613333333,697,339
4.32876499077603,1.41497553766884,2.06921376478616,1619.48453333333,698,340
4.31734010168554,1.40921040573381,2.06370625910184,1619.5179,698,340
4.31749561847577,1.40933275605669,2.06457213696645,1619.55126666667,698,340
4.31734010168554,1.40921040573381,2.06370625910184,1619.58463333333,698,340
4.2629454960074,1.39536515868046,2.05113817254632,1620.2186,699,340
4.26193537201638,1.39527848053149,2.05198688844796,1620.25196666667,699,340
4.26193537201638,1.39527848053149,2.05198688844796,1620.28533333333,699,340
4.23665315541219,1.4073280274415,2.04801908159555,1620.9193,700,340
4.22834586519486,1.40556085396931,2.04541776702881,1620.95266666667,700,340
4.22403424517389,1.40454182532476,2.04313235683334,1620.98603333333,700,340
4.22403424517389,1.40454182532476,2.04313235683334,1621.0194,700,340
0.21414401869615,-0.532299232649758,0.390470082317565,1622.05376666667,701,341
0.213770945242616,-0.532470593594648,0.390458472407699,1622.08713333333,701,341
0.213192082691239,-0.532439703449579,0.390177169314025,1622.1205,701,341
0.213180421277837,-0.532437855297553,0.390196944383359,1622.15386666667,701,341
0.212738206320533,-0.533293631299929,0.389269025468696,1623.1215,702,341
0.212738206320533,-0.533293631299929,0.389269025468696,1623.15486666667,702,341
0.21325722536905,-0.533103692601788,0.389823051098956,1623.18823333333,702,341
0.213217435959563,-0.5332296557565,0.38979462346363,1623.2216,702,341
-0.80783289224783,10.7912143725711,6.92287851703515,1629.36106666667,703,342
-0.785695276139516,10.7310010751206,6.90665476458383,1629.39443333333,703,342
-0.747520572647753,10.5306393984644,6.80221355930741,1629.4278,703,342
-0.752223672388669,10.7235180544733,6.9393298575731,1629.46116666667,703,342
4.77380386809454,-0.914226827284545,1.85125773643892,1636.70173333333,704,343
4.76307792473586,-0.912861137318965,1.84888053375677,1636.7351,704,343
4.76307792473586,-0.912861137318965,1.84888053375677,1636.76846666667,704,343
4.77770823801633,-0.918186168704706,1.85340158268057,1636.80183333333,704,343
4.76307792473586,-0.912861137318965,1.84888053375677,1636.8352,704,343
4.75704532044461,-0.91061519771334,1.8478491222456,1637.40243333333,705,343
4.75311879721558,-0.910113135897754,1.84736664467674,1637.4358,705,343
4.75311879721558,-0.910113135897754,1.84736664467674,1637.46916666667,705,343
4.75311879721558,-0.910113135897754,1.84736664467674,1637.50253333333,705,343
4.75311879721558,-0.910113135897754,1.84736664467674,1637.5359,705,343
4.76499017269112,-0.913398441103896,1.84861022828688,1637.56926666667,705,343
4.74915869363681,-0.907632463126659,1.84749036290311,1638.16986666667,706,343
4.75821154762211,-0.912227414123382,1.85011297575204,1638.20323333333,706,343
4.75821154762211,-0.912227414123382,1.85011297575204,1638.2366,706,343
4.75727135132105,-0.912096616755301,1.85075884870093,1638.26996666667,706,343
4.7799115426051,-0.914998973188639,1.85560429284286,1638.30333333333,706,343
0.976656938869966,-0.441337566944927,0.126508212549829,1643.80883333333,707,344
0.976626015768137,-0.441246946143029,0.126550238687858,1643.8422,707,344
0.976656938869966,-0.441337566944927,0.126508212549829,1643.87556666667,707,344
0.97531513158617,-0.441062375154832,0.128475146395978,1644.60963333333,709,344
0.975630971450669,-0.440278660126178,0.128970070752373,1644.643,709,344
0.975444914834437,-0.440833442985937,0.128295207211115,1644.67636666667,709,344
0.975582125289933,-0.440871103537853,0.128414128576267,1644.70973333333,709,344
0.975066977788749,-0.441188982235038,0.128844869189628,1644.7431,709,344
-7.76424158945714,10.1080269373087,5.95898437114465,1643.90893333333,708,345
-7.7839561993247,10.1209259174352,5.96206093593206,1643.9423,708,345
-7.81920021200057,10.1449538194445,5.97240609795522,1643.97566666667,708,345
0.979872677055632,-0.462132768038644,0.13347791013021,1655.62063333333,710,346
0.979866020975865,-0.46217768255636,0.133447128714423,1655.654,710,346
0.980273654700925,-0.462304744936423,0.133107054449852,1655.68736666667,710,346
0.980860387483037,-0.462477457108592,0.133605786626197,1655.72073333333,710,346
0.216177708468326,-0.525264051851238,0.381823462886942,1656.38806666667,711,346
0.215534325932515,-0.525039156368516,0.381601404207365,1656.42143333333,711,346
0.979943203236189,-0.461504475249092,0.136615958150216,1656.42143333333,712,346
0.215025218292002,-0.5249546408556,0.381407415838633,1656.4548,711,346
0.979202188025101,-0.461551461218948,0.13724319736428,1656.4548,712,346
0.214857523606234,-0.525086833447368,0.381203654327573,1656.48816666667,711,346
0.979967234470306,-0.461489096072461,0.137026817017093,1656.48816666667,712,346
0.214796959002072,-0.525801551389766,0.38114726305289,1656.52153333333,711,346
0.980139632770809,-0.461726570401527,0.136965619788967,1656.52153333333,712,346
0.215162050487803,-0.525825604156338,0.381502958886425,1656.5549,711,346
0.980524213866701,-0.461964994054535,0.138089612208473,1656.5549,712,346
0.214697987071569,-0.526096466591696,0.38150729742948,1656.58826666667,711,346
0.215043171049313,-0.525733263989047,0.38166862130927,1656.62163333333,711,346
0.214767466990319,-0.526083444840673,0.381452580755231,1656.655,711,346
0.214376868140821,-0.526060149153715,0.381504784189172,1656.68836666667,711,346
0.214421007994466,-0.525854039094173,0.381585672080228,1656.72173333333,711,346
0.214398439598349,-0.525256585297576,0.381776456249555,1656.7551,711,346
0.214508273925868,-0.524668246477375,0.382032814401286,1656.78846666667,711,346
0.214511095180081,-0.524794930830571,0.38227091740299,1656.82183333333,711,346
0.214952769097276,-0.525145303663037,0.382540007723413,1656.8552,711,346
0.983186311216193,-0.461145091416152,0.140229103883292,1657.32233333333,714,346
0.983856737837029,-0.461207428542063,0.139907269104857,1657.3557,714,346
0.983971056850413,-0.461217740842253,0.139957580009782,1657.38906666667,714,346
0.214197044033114,-0.525592361598623,0.381149891051699,1657.38906666667,715,346
0.984066182342207,-0.461546713402717,0.139803135280893,1657.42243333333,714,346
0.215002734841554,-0.525733126384511,0.381660432879043,1657.42243333333,715,346
0.214630172083137,-0.525601164704791,0.381309600414561,1657.4558,715,346
0.214440255327353,-0.52569546571177,0.381160406667529,1657.48916666667,715,346
0.214489928497549,-0.525644968441421,0.381119937727332,1657.52253333333,715,346
0.214298763054676,-0.525772260693366,0.381266630199284,1657.5559,715,346
0.214624441387187,-0.525783692353319,0.381478062160194,1657.58926666667,715,346
0.214559873720388,-0.525943869226007,0.381379739667475,1657.62263333333,715,346
0.214518075845213,-0.526210464130813,0.381090475211054,1657.656,715,346
0.215015471152462,-0.526329386348348,0.381108067636785,1657.68936666667,715,346
0.215050156565974,-0.526269295284099,0.381184777977835,1657.72273333333,715,346
0.214899876554172,-0.525964208231715,0.381371999347619,1657.7561,715,346
0.214899876554172,-0.525964208231715,0.381371999347619,1657.78946666667,715,346
0.214978400567728,-0.525942629270203,0.381369306642656,1657.82283333333,715,346
0.215093265882541,-0.526220611021163,0.381419054271255,1657.8562,715,346
0.215319710197316,-0.526365776534563,0.381672482551711,1657.88956666667,715,346
0.214862246589944,-0.526574750369483,0.381760252125706,1657.92293333333,715,346
0.214700773762425,-0.52655895486815,0.381419512365863,1657.9563,715,346
-9.65384261699843,4.72082367466571,4.56031689829687,1656.78846666667,713,347
-9.70143296621442,4.73443867361325,4.58639206572313,1656.82183333333,713,347
-9.72055515084779,4.73839884179286,4.61027533211935,1656.8552,713,347
-8.75485844879257,2.04302066512794,3.8085289659659,1668.83383333333,716,348
-8.74063717744665,2.02500881283548,3.79783725513512,1668.8672,716,348
-8.77394093526325,2.01599912228412,3.80870953537602,1668.90056666667,716,348
-8.7596776697434,2.00426583850263,3.80206981347974,1668.93393333333,716,348
1.6352738940705,-1.42085953798753,0.904868476503948,1671.9703,717,349
1.63092982109045,-1.41642678177392,0.904018960388597,1672.00366666667,717,349
1.63141312703955,-1.41731007749932,0.90477240804066,1672.03703333333,717,349
1.63173188267772,-1.41792235798166,0.904834403544929,1672.0704,717,349
1.63173188267772,-1.41792235798166,0.904834403544929,1672.10376666667,717,349
1.63254953243354,-1.4193009843414,0.905485938418324,1672.13713333333,717,349
1.63553450596028,-1.4213935499374,0.905016990207235,1672.90456666667,718,349
1.63160567485485,-1.41772201527346,0.904141749307874,1672.93793333333,718,349
1.63140733145735,-1.41737259767558,0.904193224629434,1672.9713,718,349
1.63140733145735,-1.41737259767558,0.904193224629434,1673.00466666667,718,349
1.63065359033559,-1.41593649137648,0.904079457730285,1673.03803333333,718,349
1.630771875472,-1.41610252287477,0.903928741807268,1673.8722,719,349
1.63481781961258,-1.41992533191669,0.904608735840128,1673.90556666667,719,349
1.63481781961258,-1.41992533191669,0.904608735840128,1673.93893333333,719,349
1.63481781961258,-1.41992533191669,0.904608735840128,1673.9723,719,349
1.63481781961258,-1.41992533191669,0.904608735840128,1674.00566666667,719,349
4.78153225312616,-0.863935487132027,1.95038280698464,1676.80846666667,720,350
4.76202031470182,-0.859485345811092,1.94464437143858,1676.84183333333,720,350
4.76158684339931,-0.859317134123769,1.94446500788199,1676.8752,720,350
4.76529142513595,-0.859736557209459,1.9461230315623,1676.90856666667,720,350
4.76522087149879,-0.859731340239095,1.94576289608123,1676.94193333333,720,350
4.79676227090262,-0.866948156345743,1.95416035266134,1676.9753,720,350
4.78077634800069,-0.865085009108324,1.95126386155688,1677.54253333333,721,350
4.78495181217784,-0.8679475402418,1.95354092146817,1677.5759,721,350
4.77505105372038,-0.865347734947246,1.95105835115879,1677.60926666667,721,350
4.7697932432676,-0.863523455409894,1.94972048670995,1677.64263333333,721,350
4.77350879851661,-0.863955397775577,1.95019747832511,1677.676,721,350
0.211859959619293,-0.532611637154629,0.385424558964442,1678.71036666667,722,351
0.211930624806313,-0.532542508194554,0.385363844009021,1678.74373333333,722,351
0.211345911650355,-0.532914892518644,0.385200586508134,1678.7771,722,351
0.21171615465728,-0.53284234374633,0.385385379360146,1678.81046666667,722,351
0.211847679388548,-0.53271989529056,0.3856765807378,1678.84383333333,722,351
0.212015080618803,-0.532719719010425,0.386110483426449,1678.8772,722,351
0.212366931318199,-0.532604581942353,0.385803449000987,1678.91056666667,722,351
0.211862675431729,-0.532813755107433,0.385583464708718,1678.94393333333,722,351
0.212076664377666,-0.532722774048613,0.386011930036236,1678.9773,722,351
0.211959258475984,-0.532996455985848,0.38538366945743,1679.51116666667,724,351
0.210868282334022,-0.5334322123228,0.38466481791352,1679.54453333333,724,351
0.210687434106671,-0.533460539534517,0.384771521431548,1679.5779,724,351
0.210701322194874,-0.53364481395891,0.384614706234957,1679.61126666667,724,351
0.210701322194874,-0.53364481395891,0.384614706234957,1679.64463333333,724,351
0.210788779415245,-0.533451653342323,0.384776070741639,1679.678,724,351
0.210620991848195,-0.533564695208504,0.384524421242452,1679.71136666667,724,351
0.210932217382319,-0.533600907624344,0.38470117729662,1679.74473333333,724,351
0.211375686069991,-0.533444977322769,0.385025990920318,1679.7781,724,351
0.211503959382409,-0.533291276202403,0.385129340358745,1679.81146666667,724,351
0.211111575098257,-0.533265762835036,0.384898688655735,1679.84483333333,724,351
0.211090145160823,-0.533281648102322,0.384920919256725,1679.8782,724,351
0.211473837661675,-0.533133331637292,0.385291918682943,1679.91156666667,724,351
0.211317728291179,-0.533637056853404,0.385063884621641,1679.94493333333,724,351
0.210412954952955,-0.533914655114659,0.384654462585534,1679.9783,724,351
0.210921167228427,-0.533686287089062,0.385076930992892,1680.01166666667,724,351
0.211475881969715,-0.533508146734499,0.385375751100048,1680.04503333333,724,351
5.33904346162734,-0.509183362874488,2.1934739340598,1678.71036666667,723,352
0.167008573064297,-7.17631294161111,2.14968772620527,1684.84983333333,725,353
0.17775968874284,-6.9592397884881,2.10539557760696,1684.8832,725,353
0.173391730094181,-7.03118841537477,2.11947864848621,1684.91656666667,725,353
0.169558943961049,-7.14928720235523,2.13692184442477,1685.4838,726,353
0.185533229337803,-6.91881336331044,2.08378851578203,1685.51716666667,726,353
0.221220046752065,-6.36961300702493,1.9649513468071,1685.55053333333,727,353
0.240549337602161,-6.07812366533424,1.9028804987456,1685.5839,727,353
0.243774307146289,-6.02318684787039,1.89177774113674,1686.15113333333,729,353
0.238365136019386,-6.06965561573752,1.90117246689934,1686.1845,729,353
0.214616867649647,-6.51796260578692,1.99940570818434,1686.21786666667,730,353
3.71751155323305,-1.60922990475338,1.74488053862599,1685.7841,728,354
3.71086502522499,-1.60608910011129,1.74281910374782,1685.81746666667,728,354
3.71148493545213,-1.6068605536171,1.74368779224627,1685.85083333333,728,354
3.71085530091791,-1.60602106435994,1.74246958753009,1685.8842,728,354
3.70943955965162,-1.6054878338504,1.74196860713009,1685.91756666667,728,354
3.71509491318393,-1.60956806718391,1.74361899910123,1685.95093333333,728,354
3.71203931605437,-1.60757627537098,1.74199899076234,1685.9843,728,354
3.72874397838048,-1.61550457815186,1.7485182366339,1686.01766666667,728,354
3.72136382014745,-1.61255328622114,1.746059978388,1686.05103333333,728,354
3.72874397838048,-1.61550457815186,1.7485182366339,1686.0844,728,354
3.72725254994171,-1.61450536031606,1.74827836693172,1686.11776666667,728,354
3.72612531021093,-1.61367506170037,1.7476914811304,1686.15113333333,728,354
3.72984916419975,-1.61613265180492,1.74807376810985,1686.1845,728,354
3.71930158073653,-1.61254959116731,1.74515054241037,1686.45143333333,732,354
3.71324883371301,-1.61036549478611,1.74286604002859,1686.4848,732,354
3.71962126350619,-1.61269369695609,1.74480913572306,1686.51816666667,732,354
3.71645999652665,-1.6105922204164,1.74442663096055,1686.55153333333,732,354
3.71645999652665,-1.6105922204164,1.74442663096055,1686.5849,732,354
3.71645999652665,-1.6105922204164,1.74442663096055,1686.61826666667,732,354
3.70818457013919,-1.60706456254846,1.74261130830907,1686.65163333333,732,354
3.70790487961772,-1.60804655758746,1.74140857838637,1686.685,732,354
3.72023791059881,-1.61328704071178,1.7458958417616,1686.71836666667,732,354
3.72026291009323,-1.61340092122464,1.74302791751983,1686.75173333333,732,354
4.77328412668605,-0.862564182793326,1.95299753466643,1686.25123333333,731,355
4.77328412668605,-0.862564182793326,1.95299753466643,1686.2846,731,355
4.77757103960737,-0.864106745540666,1.95504933864378,1686.31796666667,731,355
4.77727413738834,-0.864075156933251,1.95382501172167,1686.35133333333,731,355
4.77945424889629,-0.864614406472417,1.95465905348373,1686.3847,731,355
4.78070855419571,-0.86132097839636,1.95266442052445,1686.95193333333,733,355
4.77176491450664,-0.862024426132882,1.95012586757732,1686.9853,733,355
4.7846592950593,-0.865230015286765,1.95493148409205,1687.01866666667,733,355
4.779083681901,-0.864593404422636,1.95256357343681,1687.05203333333,733,355
4.779083681901,-0.864593404422636,1.95256357343681,1687.0854,733,355
-5.87511002023868,5.09207957093034,3.22071606186656,1687.95293333333,734,356
-5.84081115566278,5.06907802162902,3.20862968831815,1687.9863,734,356
-5.84081115566278,5.06907802162902,3.20862968831815,1688.01966666667,734,356
-5.84923104529499,5.07894958731042,3.21189620607639,1688.05303333333,734,356
4.78003239110379,-0.862374807866938,1.95539159004087,1696.2946,735,357
4.77382079964622,-0.860220573472518,1.95369132213709,1696.32796666667,735,357
4.77382079964622,-0.860220573472518,1.95369132213709,1696.36133333333,735,357
4.77382079964622,-0.860220573472518,1.95369132213709,1696.3947,735,357
4.75830442202096,-0.858742084504774,1.94738776403143,1697.02866666667,736,357
4.7711756910902,-0.863368374565027,1.95354036087712,1697.06203333333,736,357
4.7711756910902,-0.863368374565027,1.95354036087712,1697.0954,736,357
4.76679007471591,-0.862865210751997,1.95193106168033,1697.12876666667,736,357
4.78277918861814,-0.865967289241475,1.95503877193798,1697.16213333333,736,357
-4.27560015793681,2.89595469079939,2.01189935531342,1705.33696666667,737,358
-4.29236971850486,2.90293587589062,2.01581085543667,1705.37033333333,737,358
-4.27747062346982,2.89493437140098,2.01270305344177,1705.4037,737,358
-4.3189195675226,2.91523834969355,2.02629693993014,1705.43706666667,737,358
-4.30980007892307,2.90731445414645,2.02462224373029,1705.47043333333,737,358
0.996003955693718,-0.512510057995334,0.270086896176004,1710.74236666667,738,359
0.996003955693718,-0.512510057995334,0.270086896176004,1710.77573333333,738,359
4.19201141690954,0.369084899155248,2.24479319539396,1711.04266666667,739,360
4.18203714427797,0.36858525784605,2.24008676846198,1711.07603333333,739,360
4.18409485014333,0.368451479986257,2.2408580628143,1711.1094,739,360
4.18599929343631,0.367906909952287,2.242294597446,1711.14276666667,739,360
4.18775420437502,0.368601054344157,2.24338231077458,1711.17613333333,739,360
4.19123081685592,0.36756760969128,2.24456819954024,1711.2095,739,360
0.297575136304392,-5.53958002940382,1.82356680781753,1713.2115,740,361
0.289125381620091,-5.69686853271879,1.85685081847144,1713.24486666667,740,361
0.297962901636633,-5.60294625043355,1.83772494996226,1713.27823333333,740,361
0.297962901636633,-5.60294625043355,1.83772494996226,1713.3116,740,361
0.296952593879326,-5.56143125074733,1.82299161321813,1713.84546666667,741,361
0.292798076109873,-5.6240817333035,1.83524580272696,1713.87883333333,741,361
0.288405783970507,-5.65827234476794,1.84474486202641,1713.9122,741,361
0.986807762943597,-0.521384927411589,0.278994634056561,1717.84946666667,742,362
0.986444609133437,-0.5211136124855,0.279203395458209,1717.88283333333,742,362
0.986318929464676,-0.521096312796775,0.27929692810184,1717.9162,742,362
0.98630794368336,-0.521034009230621,0.279322150460989,1717.94956666667,742,362
0.986329806379564,-0.521003412889122,0.279353815502432,1717.98293333333,742,362
0.986254971569772,-0.520997635068673,0.279578428286245,1718.0163,742,362
0.985470520647328,-0.521296784217747,0.279705250443159,1718.04966666667,742,362
0.985482519529972,-0.521248697733737,0.27973933724837,1718.08303333333,742,362
0.212501112951539,-6.85471917011128,2.12529883341342,1721.9202,743,363
0.207059793397326,-7.00672558611293,2.15727592936639,1721.95356666667,743,363
0.211638085261166,-7.01903769741513,2.15786231582156,1721.98693333333,743,363
0.23379751675718,-6.62157840928974,2.06621516135471,1722.0203,744,363
0.251884449844959,-6.23810035216773,1.97879800408497,1722.05366666667,745,363
0.260507064479086,-5.94392152691804,1.91968376097127,1722.55416666667,746,363
0.252564667774038,-6.10172436216509,1.95619923295931,1722.58753333333,746,363
0.250035653446247,-6.11862527152862,1.96018850717351,1722.6209,746,363
0.260702239611216,-5.99953652547484,1.9338783069991,1722.65426666667,746,363
0.269350806905199,-5.9086393910411,1.91291788871168,1722.68763333333,746,363
0.285573995168987,-5.71480307639296,1.86875919685435,1722.721,746,363
0.185272918020025,-6.86783441120496,2.12416855812447,1723.25486666667,747,364
0.165773154774636,-7.20238146450096,2.19855999856634,1723.28823333333,748,364
0.182342812412568,-6.99130075581207,2.14944294320528,1723.3216,748,364
0.18956504930187,-6.87957880035162,2.12332490954233,1723.35496666667,748,364
0.196557767537399,-6.76648985121097,2.10051787408816,1723.38833333333,748,364
-2.79643150979685,5.19407554935601,1.03177231178071,1723.45506666667,749,365
-2.76705791283176,5.15229652105053,1.02982413377632,1723.48843333333,749,365
-2.76705791283176,5.15229652105053,1.02982413377632,1723.5218,749,365
-2.77590133099027,5.16406212988072,1.03059254108595,1723.55516666667,749,365
-2.76721923956351,5.15088404276953,1.0291956516278,1723.58853333333,749,365
4.80335970933543,4.51010743917767,2.19122631352639,1737.2355,750,366
-4.60283852551223,-6.28721399582564,2.92528026247945,1739.10403333333,751,367
-4.60354879520554,-6.25618946957178,2.92951483106002,1739.1374,751,367
-4.64864811530745,-6.2859359232882,2.95417311126295,1739.17076666667,751,367
-4.65240907253616,-6.26453582687882,2.96135034982132,1739.20413333333,751,367
-4.60822531229442,-6.1924537251563,2.94822001095251,1739.2375,751,367
-4.63649444812722,-6.19445807223496,2.95859946163287,1739.27086666667,751,367
-4.64392684175154,-6.1882041307294,2.96704923339663,1739.30423333333,751,367
-4.60884892062438,-6.12472257587211,2.95254453890833,1739.3376,751,367
-4.7245137456854,-5.9690421214327,2.97305232083408,1739.70463333333,753,367
-4.7687226184018,-5.98872964523138,2.98604305980138,1739.738,753,367
-4.75732227064747,-5.94184525398162,2.97620110856526,1739.77136666667,753,367
-4.72857777121707,-5.88303604880849,2.96452626541683,1739.80473333333,753,367
-4.81036004182284,-5.94413174968379,2.99706160885853,1739.8381,753,367
-4.79827348828846,-5.89448795202726,2.98748103211646,1739.87146666667,753,367
-4.76584682860603,-5.83368106252116,2.97088461392003,1739.90483333333,753,367
0.210297061067885,-6.50496181037593,2.09074048301572,1739.67126666667,752,368
0.217424457991793,-6.39874932473476,2.06256099963897,1739.70463333333,752,368
0.217424457991793,-6.39874932473476,2.06256099963897,1739.738,752,368
0.247846627149044,-6.04508676082829,1.98402369352598,1740.3386,754,368
0.247393400992073,-6.03902832545966,1.98303028910712,1740.37196666667,754,368
0.247393400992073,-6.03902832545966,1.98303028910712,1740.40533333333,754,368
0.231911228309373,-6.43674841513474,2.07804440928596,1741.0393,755,368
0.210446349005923,-6.71091792588639,2.14141091751927,1741.07266666667,755,368
0.199104910480974,-6.84052890790522,2.17176994824198,1741.10603333333,755,368
-7.45673159221604,-1.31471629015988,3.53989252036331,1745.744,756,369
-7.48801933873208,-1.32605322162694,3.5590245042593,1745.77736666667,756,369
-7.53182590825732,-1.33420575368916,3.58740886304462,1745.81073333333,756,369
-7.46839859927112,-1.321339083607,3.5765599618105,1745.8441,756,369
-7.47742080148129,-1.32533278852213,3.59006350234237,1745.87746666667,756,369
-7.52205704873946,-1.33592856171328,3.62367112002076,1745.91083333333,756,369
-7.68838320656043,-1.19713584534547,3.80036626919708,1746.4447,757,369
3.04359542444989,-1.82112054207152,3.75116534191477,1748.48006666667,758,370
3.03590427825794,-1.81861858286556,3.74334039196239,1748.51343333333,758,370
3.02910033343805,-1.83416379947531,3.74670542099797,1748.61353333333,759,370
3.03051340001632,-1.83883443598475,3.74874676792921,1748.6469,759,370
3.03358766555485,-1.85513670127612,3.7478428872443,1748.747,760,370
3.04019841715747,-1.86206637353125,3.74921253766259,1748.78036666667,760,370
3.03734037332586,-1.85931072972968,3.7354433285901,1748.81373333333,760,370
3.08818485950233,-1.87703007179482,3.7593598126067,1748.91383333333,761,370
3.09504033315597,-1.87629270428879,3.75657167557526,1748.9472,761,370
3.14757817983994,-1.88759181489397,3.78700821746243,1749.0473,762,370
3.15382393965456,-1.88739916464438,3.78321894100554,1749.08066666667,762,370
3.15819530916249,-1.88190596093625,3.78010512900978,1749.11403333333,762,370
3.18707096051929,-1.88101104797043,3.78392080349744,1749.21413333333,763,370
3.20177793351795,-1.88614882234153,3.79403774490236,1749.2475,763,370
3.21499134264696,-1.88711629792982,3.79521117502066,1749.28086666667,763,370
3.25287372905877,-1.87874336022652,3.78538447975818,1749.38096666667,764,370
3.26644177813858,-1.87782069244434,3.78476834466587,1749.41433333333,764,370
6.3234975920689,7.42854169067974,2.2811784387875,1749.61453333333,765,371
6.33905902405903,7.38406503849773,2.27878143758307,1749.68126666667,766,371
-0.467138916558249,-7.06787168982356,2.93785161874736,1751.8501,767,372
-0.490256438690363,-7.13416777322797,2.97244872173036,1751.88346666667,767,372
-0.496360220124513,-7.09195414926282,2.96964434159827,1751.91683333333,767,372
-0.554593466330851,-6.68820420592012,3.02157272752575,1752.58416666667,768,372
-0.545163351288739,-6.64248563619172,3.00878673368081,1752.61753333333,768,372
-10.4081133624294,-0.593118481620757,2.82675180991047,1754.31923333333,769,373
7.05089107606746,4.18623729444062,2.89138934179667,1758.22313333333,770,374
0.590604117617179,-1.02765331516689,0.4835148529973,1781.6799,771,375
0.591200585698515,-1.02792274869313,0.483300458333303,1781.71326666667,771,375
0.591554808643407,-1.02352476521559,0.484928335581225,1781.74663333333,771,375
0.592745131112665,-1.01965643894424,0.4863558160446,1781.78,771,375
0.595051122305637,-1.01495038942019,0.487465238155067,1781.81336666667,771,375
0.594290466884808,-1.01670553425724,0.487208704968528,1781.84673333333,771,375
0.593602108835854,-1.01891581948445,0.486668362399986,1781.8801,771,375
0.59401875111371,-1.01698320484894,0.487068721061302,1781.91346666667,771,375
0.594228498037514,-1.01592936485943,0.487609497911693,1781.94683333333,771,375
0.593979250104285,-1.01759321985712,0.487212917530809,1781.9802,771,375
0.593002449944228,-1.02431631797847,0.485533644553706,1782.01356666667,771,375
0.593580481471229,-1.02238769966761,0.486169339670918,1782.04693333333,771,375
0.593586469322163,-1.01994011027237,0.487274055804425,1782.0803,771,375
0.592149153625038,-1.02675823609048,0.485480659080835,1782.11366666667,771,375
0.593260883426117,-1.02414856617,0.486123154951129,1782.14703333333,771,375
0.590380385626139,-1.0311945213025,0.487698024313585,1782.6809,772,375
0.59257248028385,-1.02055780843128,0.491166000790847,1782.71426666667,772,375
0.594408194176467,-1.01015613155236,0.494255729704893,1782.74763333333,772,375
0.593639833039901,-1.01594475240926,0.492638710476721,1782.781,772,375
0.594662078766815,-1.0099545996807,0.493892294690321,1782.81436666667,772,375
0.594133689995287,-1.01214146210374,0.493386871678474,1782.84773333333,772,375
0.593971934507038,-1.01419740201673,0.493024743828733,1782.8811,772,375
0.593918561388646,-1.01681987001565,0.492552774962525,1782.91446666667,772,375
0.593054447748187,-1.01919970762333,0.492707398194354,1782.94783333333,772,375
0.592928442520153,-1.01793395377758,0.493171485091301,1782.9812,772,375
0.593156032979017,-1.0164980173772,0.493574221299653,1783.01456666667,772,375
0.593708660350092,-1.01427763723931,0.493681780838462,1783.04793333333,772,375
0.593597155549445,-1.01939087227013,0.491930026660152,1783.0813,772,375
0.594132006151381,-1.019529766213,0.491897171202229,1783.11466666667,772,375
0.594479234151046,-1.02245026974156,0.49507180889796,1783.74863333333,773,375
0.594384266285064,-1.02602506805596,0.493532571066326,1783.782,773,375
0.593560056322647,-1.02950802020143,0.492933790076137,1783.81536666667,773,375
0.594368621982884,-1.02815310642746,0.493326942441927,1783.84873333333,773,375
0.594368621982884,-1.02815310642746,0.493326942441927,1783.8821,773,375
0.593919960449618,-1.02506406507139,0.494629821660011,1783.91546666667,773,375
0.59463659758184,-1.02465960824099,0.494503933217348,1783.94883333333,773,375
0.595223079907538,-1.01941308170464,0.496026474296676,1783.9822,773,375
6.70100011319355,5.36727281213566,3.04719992034958,1785.9842,774,376
6.68908259891959,5.35996357806375,3.04801924528048,1786.01756666667,774,376
6.69543145834673,5.3802730775418,3.06186130063314,1786.05093333333,774,376
6.66692087309458,5.36945100874345,3.06056086173923,1786.0843,774,376
4.9678205993691,4.61025099726509,1.84256325166361,1794.65953333333,775,377
4.98591475898215,4.62659200856992,1.84690589178842,1794.6929,775,377
4.97812958311148,4.61857173122962,1.8472711180839,1794.72626666667,775,377
5.3601424770213,4.7464812414058,4.54565508514329,1803.46833333333,776,378
5.3944686838359,4.77678972416792,4.55340296185715,1803.5017,776,378
1.67150221770154,-1.54341464707775,0.990937310147017,1808.07293333333,777,379
1.67150221770154,-1.54341464707775,0.990937310147017,1808.1063,777,379
1.67150221770154,-1.54341464707775,0.990937310147017,1808.13966666667,777,379
4.16481899864342,0.442415563889859,2.18922729160014,1809.27413333333,778,380
4.17698996513714,0.442955097107475,2.19437622631491,1809.3075,778,380
4.170957672971,0.442144095987975,2.19195571173453,1809.34086666667,778,380
4.1732164972093,0.442038845727899,2.19255770885161,1809.37423333333,778,380
0.564038364371529,-1.12892282004469,0.55480627312013,1810.54206666667,779,381
0.567375537759372,-1.11114401524556,0.557967699230616,1810.57543333333,779,381
9.46777222650099,7.74442582493583,2.73737553461158,1812.24376666667,780,382
9.31072952665725,7.69865879406699,2.72673888001674,1812.5107,782,382
0.574918527160545,-1.11069350157953,0.557234754432848,1812.44396666667,781,383
0.574449648996754,-1.10367106041362,0.559924958461734,1812.84436666667,783,383
5.42762308763537,0.477531193681907,2.39295323914345,1813.07793333333,784,384
5.42563200892492,0.47837748894325,2.39342281912963,1813.1113,784,384
5.42393305908127,0.477630483843257,2.39177180832611,1813.14466666667,784,384
5.42393305908127,0.477630483843257,2.39177180832611,1813.17803333333,784,384
5.41687976532056,0.477816288816146,2.38861783986013,1813.2114,784,384
5.41373714922509,0.477908562452122,2.38610400989986,1813.24476666667,784,384
-2.36739393401138,8.29502103139585,1.7404549895246,1818.38323333333,785,385
-2.36321750345311,8.30105323446862,1.73778322261204,1818.4166,785,385
-2.28839645312849,8.12742373601855,1.71024537017666,1818.44996666667,785,385
4.86031502769036,12.4799768409794,6.27797364774757,1823.9221,786,386
4.77802730484546,11.342662115478,5.80001844950124,1828.99383333333,787,387
4.70144730014163,11.117088160887,5.69912240936893,1829.0272,787,387
4.80262389160029,11.1920886457181,5.80114969570521,1829.39423333333,788,387
4.85124092761377,11.3051945393472,5.85149115965428,1829.4276,788,387
4.85124092761377,11.3051945393472,5.85149115965428,1829.46096666667,788,387
5.3516934009191,4.02682871725426,1.77533832458844,1831.69653333333,789,388
5.34805279569267,4.02556117687128,1.77573455440737,1831.7299,789,388
5.34805279569267,4.02556117687128,1.77573455440737,1831.76326666667,789,388
5.33674532978328,4.01495580523833,1.77342839908427,1831.79663333333,789,388
5.32991307267989,4.01199852458555,1.77447880678304,1832.4306,790,388
5.33050151141867,4.01080506019424,1.77661246920101,1832.46396666667,790,388
5.32346136524169,4.0059121519151,1.77560742825454,1832.49733333333,790,388
5.32346136524169,4.0059121519151,1.77560742825454,1832.5307,790,388
5.32040204399453,4.00327801213351,1.77575059093271,1832.56406666667,790,388
5.33217420807078,4.01403313013768,1.77577396967679,1832.59743333333,790,388
5.32511091877104,4.00714949994304,1.77491536966992,1833.16466666667,791,388
5.33570793092783,4.01475541501489,1.77668030975521,1833.19803333333,791,388
5.32740047302173,4.00813678280367,1.77674719167497,1833.2314,791,388
5.32740047302173,4.00813678280367,1.77674719167497,1833.26476666667,791,388
5.32740047302173,4.00813678280367,1.77674719167497,1833.29813333333,791,388
5.33217420807078,4.01403313013768,1.77577396967679,1833.3315,791,388
5.78982614513368,0.422642446324761,2.43698165820624,1836.80163333333,792,389
5.78272524300318,0.422858600077467,2.43366745154772,1836.835,792,389
5.8046804385027,0.422142693543637,2.44249187804428,1836.86836666667,792,389
5.82230700369911,0.424797053336532,2.44683497977594,1836.90173333333,792,389
5.79107776243151,0.421543699194541,2.43885572610979,1836.9351,792,389
6.73907221499,9.81667837788288,4.12825233803338,1840.47196666667,793,390
6.75652970215767,9.84441697004565,4.13610688877336,1840.50533333333,793,390
6.80671608512763,9.9019784013176,4.11847430697374,1840.90573333333,794,390
6.72116353014579,9.77510686314843,4.07184762853633,1840.9391,794,390
-2.1629532531293,3.37077443018987,2.10905743917425,1841.87336666667,795,391
-2.15777726523332,3.35987639127298,2.1050767255532,1841.90673333333,795,391
-2.14786462850927,3.34388877888206,2.0988260792235,1841.9401,795,391
-2.15280476327058,3.34400550896779,2.10080952369131,1841.97346666667,795,391
-2.15149392974473,3.33898001529407,2.10007847752651,1842.00683333333,795,391
-2.14608720093579,3.32518209953415,2.09551227874701,1842.0402,795,391
0.0963491418156375,7.86707468797506,3.77373911622633,1853.48496666667,796,392
0.0618140277513409,7.95855992370692,3.8147684800581,1853.51833333333,796,392
-0.223150551393445,7.89977861434173,3.85479683250239,1853.9521,797,392
-0.241095496525395,7.93302299559788,3.8680349653281,1853.98546666667,797,392
-7.41692010788625,-2.83631550032972,1.51342719355344,1855.4536,798,393
-7.3945346146464,-2.82826759719276,1.50832499423814,1855.48696666667,798,393
-7.40666785890545,-2.83193415018584,1.50744804078122,1855.52033333333,798,393
-7.40666785890545,-2.83193415018584,1.50744804078122,1855.5537,798,393
4.79935412211308,4.46790831972335,2.21727364718859,1857.5557,799,394
4.78383077486119,4.45348649085281,2.21433096090381,1857.58906666667,799,394
4.78138881345972,4.45132445128622,2.2123780088919,1857.62243333333,799,394
4.78138881345972,4.45132445128622,2.2123780088919,1857.6558,799,394
4.79109265991737,4.46262740872955,2.21651555950513,1857.68916666667,799,394
4.80208487532979,4.47363944177282,2.22058325158326,1857.72253333333,799,394
-4.34211204691424,1.4580595671338,1.0725599745573,1860.39186666667,800,395
-4.35050482040077,1.45944874167133,1.07251946250564,1860.42523333333,800,395
-4.36015621823747,1.4611916552909,1.07427867615483,1860.4586,800,395
-4.35402014532013,1.46010872255608,1.07346904989413,1860.49196666667,800,395
-4.35947443541647,1.46270933040474,1.07284024470173,1860.52533333333,800,395
-6.54315602990359,-4.3092896682548,1.33345988346441,1863.3615,801,396
-7.02224457398344,11.3464501117826,5.54832127170855,1863.862,802,397
-6.91033418012806,11.1825106357008,5.4817212241343,1863.89536666667,802,397
-1.12326774531231,1.05810550715917,0.496826417758608,1876.90836666667,803,398
-1.12326774531231,1.05810550715917,0.496826417758608,1876.94173333333,803,398
-1.12326774531231,1.05810550715917,0.496826417758608,1876.9751,803,398
-1.12327867636582,1.05809605185103,0.496508303173458,1877.00846666667,803,398
-1.12326774531231,1.05810550715917,0.496826417758608,1877.04183333333,803,398
-1.12263103040156,1.05952496333688,0.498997505046104,1877.7759,804,398
-1.1234169653389,1.05937373353391,0.499002410292924,1877.80926666667,804,398
-1.12448875583744,1.05961372791985,0.498252861261752,1877.84263333333,804,398
-1.12490283499714,1.05994431269584,0.498040995965823,1877.876,804,398
-1.12537832332112,1.06052288932266,0.497717637618677,1877.90936666667,804,398
-1.12537832332112,1.06052288932266,0.497717637618677,1877.94273333333,804,398
-1.12336543055513,1.05932954461625,0.498701467903583,1877.9761,804,398
-1.12632044906874,1.06127626555398,0.499029124412858,1878.6768,805,398
-1.12646087192213,1.06131804917408,0.499125479541088,1878.71016666667,805,398
-1.12551152862521,1.06105756467213,0.499013878991712,1878.74353333333,805,398
-1.1255385371168,1.06107609911564,0.498718295436095,1878.7769,805,398
-1.12325578746077,1.05996050146533,0.49905655271074,1878.81026666667,805,398
-1.12551152862521,1.06105756467213,0.499013878991712,1878.84363333333,805,398
-1.12207717340399,1.06013221129009,0.499028708745719,1878.877,805,398
4.1264967760658,0.363068018686964,2.22043035736418,1881.3795,806,399
4.12607017264258,0.36241431719249,2.21998317690613,1881.41286666667,806,399
4.12607017264258,0.36241431719249,2.21998317690613,1881.44623333333,806,399
4.12434055617446,0.362159322659695,2.22098204411614,1881.4796,806,399
9.13739738574047,9.96665682400308,1.61823294981218,1892.9911,807,400
9.18698397367809,10.0212195853958,1.62262598622799,1893.02446666667,807,400
9.24151198844906,10.0803010623011,1.63142169702025,1893.05783333333,807,400
9.1424199998058,9.96639040750082,1.61887839694797,1893.0912,807,400
5.42920065478734,0.485740726894645,2.39988197488768,1894.15893333333,808,401
5.40870944703632,0.485937082865918,2.39163950191046,1894.1923,808,401
5.40797328943031,0.48592103817054,2.39264692359304,1894.22566666667,808,401
5.40797328943031,0.48592103817054,2.39264692359304,1894.25903333333,808,401
5.40797328943031,0.48592103817054,2.39264692359304,1894.2924,808,401
5.40797328943031,0.48592103817054,2.39264692359304,1894.32576666667,808,401
