-3.18801083406118,0.617347227595599,1.28804929370734,1719.9182,1,1
-3.1845715186747,0.622522020470391,1.28565391726334,1719.95156666667,1,1
-3.18842977464083,0.626259690218699,1.28335409469112,1719.98493333333,1,1
-3.18150882907393,0.63468833678649,1.28120789782421,1720.0183,1,1
-3.18748882899912,0.64188200476501,1.28074778297647,1720.05166666667,1,1
-3.1935169457365,0.65241852168668,1.28191101622213,1720.08503333333,1,1
-5.03266045239389,0.197307697185804,1.34678798355309,1720.2185,2,2
-5.0208566871711,0.192910771042402,1.34933905990125,1720.25186666667,2,2
-3.91324267178357,0.437519638741869,1.13364272177552,1734.99993333333,3,3
-3.90725721259931,0.442726995424138,1.12534939751307,1735.0333,3,3
-3.9140343267623,0.443012438759722,1.12249041011994,1735.06666666667,3,3
-3.89741364850764,0.451713974893318,1.11573117700935,1735.10003333333,3,3
-1.63585344755225,1.78842839230885,0.781344552771499,1749.68126666667,4,4
-1.62494850209054,1.78694221509791,0.781169184876606,1749.71463333333,4,4
-1.62137270238654,1.78735465780066,0.779922324869081,1749.748,4,4
-1.61452518634172,1.78800873919745,0.77996130689097,1749.78136666667,4,4
-1.61213811102543,1.79066447596168,0.782186038043467,1749.81473333333,4,4
-1.61184276255031,1.79312470421157,0.783902266337897,1749.8481,4,4
0.413420850622694,-1.87206478197441,3.7127829664277,1749.91483333333,5,5
0.427292738324111,-1.85799928014004,3.7076480673983,1749.9482,5,5
0.442557080306916,-1.8532783046159,3.71187378997831,1749.98156666667,5,5
0.459222753260142,-1.84701157477694,3.71543495612524,1750.01493333333,5,5
0.475283280723957,-1.84066005212587,3.71324865140219,1750.0483,5,5
0.492463650714496,-1.83156303143032,3.7110923194825,1750.08166666667,5,5
7.21711297796733,0.768909478757237,-0.0382217893609696,1750.2485,6,6
7.20586550724176,0.746141015915625,-0.0440221765501126,1750.28186666667,6,6
7.2347363121152,0.724077468720015,-0.0496992205528967,1750.31523333333,6,6
-2.8543870780365,1.12333476741949,0.944866293172207,1750.31523333333,7,7
2.77172499612698,3.69205117461279,3.13716844353375,1750.48206666667,8,8
2.36706168015212,2.19746750958613,2.53727116032164,1750.91583333333,9,9
6.77597080651879,0.04062984987294,0.468464599045213,1751.8501,10,10
6.76483276581487,0.0283843606291652,0.494535678675485,1751.88346666667,10,10
6.74427948569093,0.0188646329521772,0.516320014396366,1751.91683333333,10,10
6.71643214570083,0.00923985449275677,0.540890159881155,1751.9502,10,10
6.69375317809579,0.0026275295835877,0.566079319733009,1751.98356666667,10,10
6.69677485885674,-0.00419682229899154,0.588396698784662,1752.01693333333,10,10
6.66324985693072,-0.00117152557650013,0.609137353226488,1752.0503,10,10
6.64288419580184,0.00210346413125795,0.632195497960258,1752.08366666667,10,10
-0.70596517765485,0.501874547443405,0.489925826381027,1752.28386666667,11,11
-0.70517398515748,0.502686565495762,0.490123165901978,1752.31723333333,11,11
-0.706387949738986,0.502930070916384,0.489683032881737,1752.3506,11,11
3.00258421652221,4.95965419491227,1.08661145849322,1753.5518,12,12
2.98570865693112,4.95972524127175,1.1040028882715,1753.58516666667,12,12
2.35962387602046,2.40826621351161,0.332510525117528,1753.58516666667,13,13
2.35895823956456,2.40792735719948,0.332789700701331,1753.61853333333,13,13
2.35930744002528,2.40795068489526,0.332531174629544,1753.6519,13,13
2.35874456869739,2.40770736939786,0.33282320540893,1753.68526666667,13,13
-1.95915360787472,-0.34199722149278,1.08780030556417,1753.61853333333,14,14
-1.97767092874125,-0.357421561421754,1.06765232100623,1753.6519,14,14
-2.0065353422134,-0.382789412410072,1.04898612706458,1753.68526666667,14,14
-2.04234604169689,-0.411512237444799,1.03555543993913,1753.71863333333,14,14
-2.08731176548339,-0.442929451465983,1.02439064665249,1753.752,14,14
1.73673674581771,0.0650236446803127,0.412697825226729,1753.61853333333,15,15
1.76169667390652,0.0810539917773955,0.416651815551711,1753.6519,15,15
1.79499015137252,0.0982452261213612,0.423151503153166,1753.68526666667,15,15
1.82101609745329,0.116962360136484,0.432594769972063,1753.71863333333,15,15
1.85115557768783,0.13415206111111,0.444266204383965,1753.752,15,15
1.87802598801368,0.148914856998234,0.458244974398407,1753.78536666667,15,15
1.90351560240855,0.162731064862133,0.473859701244921,1753.81873333333,15,15
-5.05187769902168,0.882091664021735,1.16976693926933,1753.88546666667,16,16
-5.03821031005896,0.881397059785249,1.16849378221052,1753.91883333333,16,16
3.57760050702753,1.11317345375397,0.381701149686667,1755.48706666667,17,17
3.61476370790324,1.09784406030271,0.370711822835395,1755.52043333333,17,17
3.6485435380092,1.07623628280216,0.359749923727885,1755.5538,17,17
3.68849330923037,1.05172009545475,0.35073705628365,1755.58716666667,17,17
6.5839755986569,2.1416496304337,0.100251613015955,1755.52043333333,18,18
6.57303683731822,2.1554218352243,0.111663576842937,1755.5538,18,18
-1.87981908777898,0.19548647695513,0.778714597376868,1755.5538,19,19
-1.8838211225983,0.18505792169144,0.776205553887531,1755.58716666667,19,19
-1.89437950902175,0.171043243580402,0.774093198538601,1755.62053333333,19,19
-1.90022278470915,0.158185545298452,0.768286060594521,1755.6539,19,19
-1.9012846295044,0.159597174462486,0.76627330554497,1755.68726666667,19,19
2.34768313552271,2.04120454510549,2.47469340087195,1755.6539,20,20
-3.34073018643159,0.77720260358505,1.27152462086242,1758.82373333333,21,21
-3.34103242530982,0.781402272443886,1.26985341253442,1758.8571,21,21
-3.35293958790754,0.787942312206883,1.26964266499584,1758.92383333333,23,21
-1.48525909851553,-0.255432195915781,0.653637473015136,1758.8571,22,22
-1.48373365086812,-0.24852208778407,0.64952722194568,1758.89046666667,22,22
-1.47594849523653,-0.237080440286232,0.645611851460537,1758.92383333333,22,22
-1.47046913890791,-0.230621970696305,0.6446322989778,1758.9572,22,22
-1.45744216759959,-0.223648369121773,0.644713599824114,1758.99056666667,22,22
1.07662054939019,0.592982322894722,1.5092304532176,1761.1594,24,23
1.10461131764021,0.576230187347265,1.51910407889708,1761.19276666667,24,23
1.13648272773561,0.5521727758975,1.53221302686472,1761.22613333333,24,23
1.16509656222129,0.525627485198417,1.54718014633353,1761.2595,24,23
1.19391466835805,0.500521135042831,1.56011394343938,1761.29286666667,24,23
1.22264311128263,0.475995447794405,1.57042990133831,1761.32623333333,24,23
1.2529170618937,0.449588833554283,1.58223067176524,1761.3596,24,23
1.2828093395748,0.421230663286888,1.5929940191663,1761.39296666667,24,23
1.31280878055529,0.392781742459835,1.60112171198948,1761.42633333333,24,23
1.34075635009792,0.368096751128783,1.60487807102633,1761.4597,24,23
-2.27848077332664,2.66962823281142,1.4230267589898,1761.32623333333,25,24
-2.29516322604444,2.65324628498346,1.42788563922192,1761.3596,25,24
-2.29770441898298,2.61955790387331,1.42877104927504,1761.39296666667,25,24
6.16622454835363,0.16117296078157,-0.0582451195416034,1761.3596,26,25
6.16142158240642,0.164390506080184,-0.0478145745949099,1761.39296666667,26,25
6.17799514868864,0.16204609056192,-0.0369438907751269,1761.42633333333,26,25
4.19332710511685,-0.760445929622464,-0.0141092568866444,1763.39496666667,27,26
-0.114714066937948,-0.251863940715909,0.2722863338658,1769.10066666667,28,27
-0.121833213657167,-0.237290959117811,0.271205163542821,1769.13403333333,28,27
-0.136614858835761,-0.22745164048093,0.269275100030682,1769.1674,28,27
10.1340949640749,2.69632944038617,-0.212060757924535,1769.20076666667,29,28
10.1043184857721,2.64420855159945,-0.210141546164837,1769.23413333333,29,28
10.1203944763593,2.58666401451572,-0.214467492900973,1769.2675,29,28
0.251764411703963,0.66224191463771,0.781807078555393,1769.2675,30,29
0.276202460804642,0.651130072086889,0.777559866109893,1769.30086666667,30,29
0.301485047729884,0.641894618058311,0.773681264153433,1769.33423333333,30,29
-0.692002268538661,1.36529818988003,0.494871452007996,1769.33423333333,31,29
0.327917683643472,0.635351116102895,0.768576699635698,1769.3676,30,29
-0.346381887812188,1.17011077517561,0.534469683828703,1769.3676,32,29
0.352072562971841,0.631426234949603,0.763755538604433,1769.40096666667,30,29
-0.330963291669806,1.17029992964673,0.533002271813885,1769.40096666667,32,29
0.37716419149317,0.62835351536309,0.758373332341992,1769.43433333333,30,29
-0.315570701025447,1.1663133991688,0.532826140989589,1769.43433333333,32,29
-0.301732149322191,1.16038502894055,0.532693263403708,1769.4677,32,29
-0.290060231832439,1.15529830276408,0.531710981236144,1769.50106666667,32,29
-0.277166957408374,1.14889109072165,0.529230175888469,1769.53443333333,32,29
-0.266830262437695,1.14214384466981,0.52654648591357,1769.5678,32,29
-0.33973224256033,-0.0476018130767991,0.14265157444179,1770.1684,34,29
-0.342908820015391,-0.0437901900456311,0.142246868429453,1770.20176666667,34,29
0.881091867852569,0.678094724119969,0.686710378625669,1770.20176666667,35,29
0.907938257534501,0.679021140969086,0.682035579049008,1770.23513333333,35,29
-0.0764259258679485,1.0706955664952,0.474834148451571,1770.23513333333,36,29
0.936635217995293,0.68122051881894,0.678465908557247,1770.2685,35,29
-0.063583209690904,1.07269798755467,0.467726932183666,1770.2685,36,29
0.96559215077599,0.682692585707545,0.675370575942336,1770.30186666667,35,29
-0.0480343849296676,1.07349674653924,0.459259367874593,1770.30186666667,36,29
0.994612589875021,0.682283609872157,0.67288823083057,1770.33523333333,35,29
-0.0351702123083319,1.07545993402066,0.452101126102526,1770.33523333333,36,29
1.02497455329412,0.680880100474653,0.672060980964176,1770.3686,35,29
-0.0213197285072846,1.07901851805071,0.444375440785057,1770.3686,36,29
1.05223978596889,0.678046274429901,0.671869683951179,1770.40196666667,35,29
-0.00678740853453785,1.08475945651696,0.435047819262096,1770.40196666667,36,29
0.00573379216570591,1.09175930981761,0.428147768700413,1770.43533333333,36,29
-0.741522372378901,0.616455378789852,0.663020467606508,1770.43533333333,37,29
0.0137664219422786,1.09832139543556,0.424098017404,1770.4687,36,29
-0.749189444990775,0.627218802711011,0.668348976674876,1770.4687,37,29
-0.757061282695956,0.638609624469002,0.672260394501518,1770.50206666667,37,29
-0.764484555152017,0.650652837826494,0.674193934810893,1770.53543333333,37,29
6.43043027126383,0.197419364040283,1.96125493397664,1769.80136666667,33,30
6.42907549275042,0.190951840880841,1.98139552128676,1769.83473333333,33,30
6.42290609395916,0.184239448253765,2.00579236308879,1769.8681,33,30
6.43247176617355,0.179051689937641,2.02980780664952,1769.90146666667,33,30
6.42138141727377,0.172142915134934,2.04940503524032,1769.93483333333,33,30
6.41299095158893,0.167515545172812,2.06811873500959,1769.9682,33,30
6.401373956473,0.163033706880041,2.08517431481253,1770.00156666667,33,30
6.40186461497714,0.159055375244252,2.10248160282518,1770.03493333333,33,30
-0.425946699129638,-0.208759383305198,0.240442183580562,1772.23713333333,38,31
-0.42551633019532,-0.220976274187811,0.24985257382296,1772.2705,38,31
-0.424384046010253,-0.232679929320008,0.256451730010132,1772.30386666667,38,31
-0.422718176202293,-0.243557906631566,0.263414878190548,1772.33723333333,38,31
-0.423263216029892,-0.256136065996995,0.269682658989974,1772.3706,38,31
-0.42049569042228,-0.264342976192442,0.276587859784246,1772.40396666667,38,31
-0.0362931301666637,1.42710261456314,0.524067668347654,1772.30386666667,39,32
-0.0424566843467711,1.43250653156728,0.52504158209343,1772.33723333333,39,32
-0.0490616094911709,1.43758826521536,0.525849514660853,1772.3706,39,32
-0.0546662337518052,1.44216483690102,0.526732444294397,1772.40396666667,39,32
-0.0581001775194832,1.44598310582573,0.526653967732751,1772.43733333333,39,32
-0.0580288053242048,1.45006351876579,0.526213420540892,1772.4707,39,32
-0.0588188361808167,1.45349933520254,0.524800497453357,1772.50406666667,39,32
9.07981921252806,1.0851875332188,-0.116098272250564,1772.50406666667,40,33
2.85176975405661,4.61795274540218,0.493961831591504,1772.63753333333,41,34
-0.0623043726168957,1.95401502355601,0.530859175857757,1775.54043333333,42,35
0.126780848143652,2.23494521716966,0.677127734882651,1775.5738,43,35
-0.0635266562878605,1.95377290812853,0.518167610425965,1775.60716666667,45,35
-0.063762286834453,1.95340483480261,0.513299192507866,1775.64053333333,45,35
-0.0640779134226944,1.95395724435785,0.508254948929961,1775.6739,45,35
-0.064681708837761,1.95528151096777,0.5055834884155,1775.70726666667,45,35
-0.0644434332145057,1.9572877990207,0.503696395915824,1775.74063333333,45,35
-4.62424274927613,-2.2736272269809,-2.66506664378162,1775.5738,44,36
2.62389922181671,1.19979793423603,0.342518332868102,1775.74063333333,46,37
2.64412637440573,1.19498179252114,0.338723329782639,1775.774,46,37
2.66252127878152,1.1899647959547,0.33402962513048,1775.80736666667,46,37
2.68113157074385,1.18719391171677,0.32941291926066,1775.84073333333,46,37
3.60315378197737,1.7472793436951,0.19605271216232,1778.8771,47,38
3.62400614831149,1.77018760482038,0.212718154203302,1778.94383333333,49,38
2.7541080898296,3.6316760117523,3.09665399968203,1778.94383333333,48,39
-0.463086886963046,2.26744562928598,0.546827101148491,1779.11066666667,50,40
-0.46761081276859,2.27034468310422,0.546709979390583,1779.14403333333,50,40
-0.473753300784015,2.27269431984339,0.546852061233,1779.1774,50,40
-0.478652148248504,2.27419925053072,0.548993080292427,1779.21076666667,50,40
-0.483947249164203,2.27416585204952,0.554105494137617,1779.24413333333,50,40
2.74638454306355,5.1680734551783,0.711498320770323,1779.14403333333,51,41
2.74311510835341,5.16693783468539,0.709343905242661,1779.1774,51,41
2.74038639410205,5.16358086693775,0.70985824957499,1779.21076666667,51,41
2.74436025005365,5.16644028037544,0.71147235669762,1779.24413333333,51,41
1.83732475740933,2.29812956478027,1.95258344883909,1779.14403333333,52,42
1.82917151840234,2.3393802759031,1.82076023317655,1779.3776,54,42
7.53921571892238,2.65952673821235,0.271713601755373,1779.1774,53,43
7.52961084895358,2.65093546565907,0.27753688849375,1779.21076666667,53,43
-0.285320499651469,2.76504589936966,0.648065987295673,1781.84673333333,55,44
-0.288432775401965,2.76973310044004,0.644234973471076,1781.8801,55,44
-0.290027386451175,2.7730707067694,0.640357837590496,1781.91346666667,55,44
-0.292465551559711,2.7773147523177,0.635815375623477,1781.94683333333,55,44
-0.291787454142494,2.78069995253019,0.63406986576356,1781.9802,55,44
-0.295366393148686,2.78486829623368,0.634753324623958,1782.01356666667,55,44
-0.300842866573094,2.78828442153895,0.636973139736469,1782.04693333333,55,44
1.82738603308037,2.33251988931329,1.8720928763027,1781.94683333333,56,45
1.25041392933339,0.678672444708433,0.553287883957744,1782.0803,57,46
1.26382962241441,0.665463825132895,0.546051392084094,1782.11366666667,57,46
1.27776294429812,0.652591360236875,0.538400527465242,1782.14703333333,57,46
1.29210136610277,0.63978546903835,0.529911356443904,1782.1804,57,46
1.30433946895079,0.626507724222826,0.521001293814001,1782.21376666667,57,46
1.31766285686231,0.613824331520263,0.51111917280956,1782.24713333333,57,46
5.90440291535096,1.08200914702067,0.378874658208158,1782.0803,58,47
5.89086098994116,1.0488043904253,0.373676743582887,1782.11366666667,58,47
5.87296976747353,1.02167854587269,0.36922153295481,1782.14703333333,58,47
5.8349942974652,0.997420292000608,0.364797218827766,1782.1804,58,47
5.82683409924506,0.97801984596904,0.354800950685067,1782.21376666667,58,47
3.2999553106637,1.52216337923481,0.324059099552908,1789.2875,59,48
3.2923095687934,1.52400911878717,0.325640544324546,1789.32086666667,59,48
3.28874164239101,1.52506256797114,0.326100295028637,1789.35423333333,59,48
3.28385967239418,1.52538801930953,0.327562954606846,1789.3876,59,48
3.28146605172877,1.52605668728083,0.328377559859223,1789.42096666667,59,48
3.27983807023013,1.52439168254178,0.330760959527878,1789.45433333333,59,48
3.29037484817793,1.51758767770621,0.334049106679977,1789.4877,59,48
0.879493074883306,0.740000697814932,0.667845840085179,1796.06093333333,60,49
0.879787358844665,0.740339048307593,0.66836946087599,1796.0943,60,49
2.58021446034463,4.61010779273262,0.715126291370361,1796.0943,61,50
2.55505564043731,4.60709444692877,0.715086840721522,1796.16103333333,63,50
2.53795636301943,4.6015865495387,0.717173715493995,1796.1944,63,50
2.52795551471911,4.6039972044444,0.720532435294879,1796.22776666667,63,50
2.51561761639654,4.59977887288269,0.724884979117245,1796.26113333333,63,50
2.5068248809979,4.59932375716716,0.730288875966695,1796.2945,63,50
1.50350056402084,2.44089473008214,0.650898006714019,1796.12766666667,62,51
2.43417561147354,2.50855425310868,0.497337299188967,1796.16103333333,64,51
2.43521392762017,2.51901657925162,0.501964539635187,1796.1944,64,51
2.43544289448418,2.5306846890123,0.50750042713359,1796.22776666667,64,51
2.43566563344072,2.54261457588726,0.512010284758951,1796.26113333333,64,51
2.43520640597622,2.55423758851689,0.518341931960401,1796.2945,64,51
-0.589506205288029,-0.838050638797334,0.466680961388631,1796.22776666667,65,52
-0.597168511850494,-0.864377810841416,0.471192756999546,1796.26113333333,65,52
-0.607462878528879,-0.890272902933532,0.474290355562301,1796.2945,65,52
-1.78184915779493,-2.38627698475385,0.590869800722112,1802.46733333333,66,53
0.435598775275075,2.1551068849445,0.25713386335143,1802.66753333333,67,54
0.435894922493695,2.15469585275151,0.256576224532254,1802.7009,67,54
5.40745442031952,-0.38947284593264,0.277351952061034,1802.66753333333,68,55
5.40703711360606,-0.386031923450017,0.278373724706303,1802.7009,68,55
4.5055430597989,-0.632989348347119,0.200418657732877,1803.96883333333,69,56
4.47673181907871,-0.638330879224346,0.187665572175002,1804.0022,69,56
7.10209076706127,-0.717701428083034,4.8955182701681,1805.43696666667,70,57
6.6933903078608,1.73030066157632,0.257784088182115,1817.4156,71,58
6.67923350928204,1.7265597819936,0.262455624376258,1817.44896666667,71,58
6.68966569424887,1.72000161162154,0.267262969180616,1817.48233333333,71,58
6.68408069636448,1.71088034877732,0.266429468718297,1817.5157,71,58
2.87093324885886,4.3446785397612,0.439475552591224,1817.48233333333,72,59
2.8857643847165,4.32815130097739,0.438444206121775,1817.5157,72,59
2.88465724842178,4.292205677149,0.442157422409694,1817.54906666667,72,59
2.89210822630966,4.26752945029652,0.446131479025009,1817.58243333333,72,59
2.31922246664579,-1.67720378926978,0.04082839782445,1817.7159,73,60
2.31255264271279,-1.65456540595785,0.0379184329175349,1817.74926666667,73,60
2.31014828574027,-1.63784634390402,0.0338301035581146,1817.78263333333,73,60
2.30681172623908,-1.62218873471459,0.033590733158031,1817.816,73,60
2.3069667989907,-1.6064916878043,0.0372237521065166,1817.84936666667,73,60
2.16080619488393,-1.26203930200042,0.137154729138635,1818.7169,77,60
2.15540583126762,-1.25514310891061,0.146989984351142,1818.75026666667,77,60
2.15467226482763,-1.25274346665515,0.156736794828698,1818.78363333333,77,60
2.1517825847246,-1.24712661417007,0.167509219111531,1818.817,77,60
2.1522383534222,-1.248600535841,0.175500150547132,1818.85036666667,77,60
2.15021795286751,-1.24525197782476,0.186035121540424,1818.88373333333,77,60
2.14695663838848,-1.23902678812985,0.197042850975163,1818.9171,77,60
2.41903324326476,-1.0838592011008,0.270355720993435,1819.88473333333,81,60
2.42542397632457,-1.08238296213259,0.272463040931442,1819.9181,81,60
2.42634094143824,-1.07450837915851,0.274905867117956,1819.95146666667,81,60
2.43187427831237,-1.07005023188343,0.276210382330397,1819.98483333333,81,60
2.43854284285382,-1.06824810275891,0.275879131691975,1820.0182,81,60
2.44970768401329,-1.07129331052603,0.272774331279619,1820.05156666667,81,60
2.51537850883055,-0.754767393178013,0.316241848568863,1820.95246666667,86,60
2.51022769269921,-0.742246385294881,0.321674056083077,1820.98583333333,86,60
2.50622703625186,-0.731932130463986,0.326076785269964,1821.0192,86,60
2.4954562899027,-0.720932506436911,0.330515379476602,1821.05256666667,86,60
2.48918388834372,-0.715690459496659,0.332141721909897,1821.08593333333,86,60
2.47449810341821,-0.705522058795997,0.334040574836966,1821.1193,86,60
2.47210046208724,-0.701959855551133,0.334130483031217,1821.15266666667,86,60
7.07729428863657,-0.713033220971747,4.89494205128313,1817.84936666667,74,61
7.07688387747859,-0.711875594999585,4.89220272366894,1817.88273333333,74,61
7.09346278806261,-0.720041975164431,4.90736346069193,1817.9161,74,61
7.0980971179121,-0.71698931327334,4.90771823031663,1817.94946666667,74,61
7.10168199021848,-0.719248836898228,4.91438467413714,1817.98283333333,74,61
7.09525116576047,-0.721638895601669,4.90666343259818,1818.04956666667,76,61
2.04972182629213,1.28233694251653,0.490800878001183,1817.98283333333,75,62
2.04623197442585,1.29453824819667,0.493338420549735,1818.0162,75,62
2.04056235934325,1.30660681076805,0.496825735932642,1818.04956666667,75,62
2.03786361918118,1.31905756025041,0.500009190178801,1818.08293333333,75,62
2.03599265685618,1.33155712222753,0.503989753423206,1818.1163,75,62
2.0331495787063,1.3420651199811,0.508896417576894,1818.14966666667,75,62
2.03381235617419,1.35018798202058,0.513134234259263,1818.18303333333,75,62
2.03416525092706,1.35702617747846,0.516778176708031,1818.2164,75,62
6.26266082419272,1.59672300193492,0.19299717955381,1818.95046666667,78,63
6.26569722120763,1.58824915827258,0.197651938559301,1818.98383333333,78,63
6.25664184503777,1.57788815455357,0.206198733486303,1819.0172,78,63
6.2457065309588,1.56756712893055,0.21435522698382,1819.05056666667,78,63
6.23932354045686,1.56127286230536,0.218124520719012,1819.08393333333,78,63
2.19943505084115,1.57787542968854,0.375847870253042,1819.5177,79,64
2.20756780887607,1.57859385689333,0.366803656743623,1819.55106666667,79,64
2.21542939200573,1.57944795593712,0.357842720423915,1819.58443333333,79,64
2.22220246707989,1.58008764101966,0.349425816566056,1819.6178,79,64
2.22890318462595,1.58219974237673,0.342743624122486,1819.65116666667,79,64
2.23686312758899,1.58442600506246,0.33736810592524,1819.68453333333,79,64
0.787233543451725,5.87869284111943,1.01676204923132,1819.88473333333,80,65
0.767142204393822,5.89358453993689,1.02516043041407,1819.95146666667,82,65
5.92352536183145,1.55696279715882,0.0703868004864033,1820.1183,83,66
5.92798243952537,1.55645942511615,0.066481534187982,1820.15166666667,83,66
-0.815241830513285,2.13828965798931,0.619964204286323,1820.2184,84,67
-0.815773671229498,2.1380610323248,0.619645128681855,1820.25176666667,84,67
-0.815405365232811,2.13857033107633,0.619643697405048,1820.28513333333,84,67
2.14101936865915,1.7549214800886,0.3551959310908,1820.75226666667,85,68
2.14163352296227,1.75531710747527,0.353911347675112,1820.78563333333,85,68
2.14132789340097,1.75584925491581,0.351744746293764,1820.819,85,68
2.13974013231192,1.75570433421776,0.35156201182176,1820.85236666667,85,68
2.1391201935886,1.75738151162968,0.351310096664278,1820.88573333333,85,68
2.13803366612648,1.75717051535684,0.352302925575166,1820.9191,85,68
5.93512094538743,2.04767305661093,0.045604293655752,1821.4196,87,69
5.92431639662198,2.05642802385155,0.0527768066670518,1821.45296666667,87,69
5.88358904650264,2.04956777827185,0.0658040652809736,1821.5197,88,69
5.87344972380901,2.0380808517138,0.0713449180443486,1821.55306666667,88,69
5.95473235458843,1.97691520865343,0.0598274377886087,1822.45396666667,94,69
5.95795474611015,1.98206752962265,0.0683253668806315,1822.48733333333,94,69
5.94580128809945,1.98777281698209,0.0815730172587054,1822.5207,94,69
5.94468236189024,1.9875960003905,0.0937833745400826,1822.55406666667,94,69
-0.248674783967806,1.95335309466409,0.406019544446643,1821.78663333333,89,70
-0.814779502992563,2.13908122703428,0.619422022813537,1821.82,90,70
-0.813906467106775,2.13918476327665,0.620123060627121,1821.85336666667,90,70
0.774850915786706,1.64607071688008,3.80332538905802,1821.88673333333,91,71
0.733654665088324,1.62268881296265,3.85573281198735,1821.98683333333,92,71
0.713964674175753,1.59708430364969,3.90103426095553,1822.05356666667,93,71
1.68443895900548,-1.27740352273314,0.44373293383865,1826.09093333333,95,72
1.6625362844362,-1.28833173417246,0.45300144398781,1826.1243,95,72
1.64366098115892,-1.31525232684906,0.462297257975241,1826.15766666667,95,72
1.62150438104816,-1.33925826972842,0.468627364860965,1826.19103333333,95,72
1.59895989821241,-1.36261058464027,0.469693276895258,1826.2244,95,72
1.57405628660018,-1.37865160087066,0.471298620204067,1826.25776666667,95,72
4.392545306908,1.90711953579001,0.442660989583322,1826.35786666667,96,73
4.37775830698236,1.89995619777649,0.442478777960583,1826.39123333333,96,73
4.36331855787501,1.88782683894529,0.4435722818291,1826.4246,96,73
4.34942385623052,1.87341387079153,0.444159319831364,1826.45796666667,96,73
4.33446530692385,1.85960480222202,0.439928899402304,1826.49133333333,96,73
4.31819775713698,1.84638777656998,0.432397034055939,1826.5247,96,73
2.40159161030911,2.25270315120162,1.75241106853812,1830.4286,97,74
-3.66421165910171,4.45704164030862,1.36721338883115,1832.7309,98,75
-2.05367177813622,5.39561999707425,1.07075722297873,1833.19803333333,99,76
-2.04830525240231,5.40370585281826,1.06746677307449,1833.2314,99,76
-2.04239551972094,5.41063066921994,1.06533002192876,1833.26476666667,99,76
-2.03440896461177,5.41391656006688,1.06427554242458,1833.29813333333,99,76
-2.03381341775765,5.42940680164775,1.05991087158767,1833.3315,99,76
-1.93454410095514,5.46788060733313,1.07365596648565,1834.19903333333,100,76
-1.93728614426199,5.48000501825053,1.07419192468744,1834.2324,100,76
-1.93016736649981,5.47746489906635,1.0749504818146,1834.26576666667,100,76
-1.91936588260914,5.46881213018053,1.08088535922278,1834.29913333333,100,76
-1.92715007647195,5.48979160358238,1.08901716672833,1834.3325,100,76
2.1947369382715,2.27728377868281,1.71161456550638,1840.2384,101,77
-2.68743407504469,5.28305875972291,1.4604374899752,1846.71153333333,102,78
-2.68381137341146,5.27536275981896,1.45598991478569,1846.7449,102,78
-2.66127041071602,5.24578015535219,1.44122742691023,1846.77826666667,102,78
-2.34040710420084,5.00361767340673,1.2737617641579,1847.5457,103,78
-2.32253981363508,4.99842574250321,1.27245333115475,1847.57906666667,103,78
-2.30685384480622,4.99419367140497,1.26874354790779,1847.61243333333,103,78
2.85391105626733,4.11122354840547,0.328042285658023,1847.67916666667,104,79
2.85088737810266,4.10665423908755,0.332413344957109,1847.71253333333,104,79
2.85697425170185,4.11133586276121,0.335295234086463,1847.7459,104,79
2.85516469732933,4.10866514874515,0.33671781672512,1847.77926666667,104,79
6.9829121518148,-2.18065121619909,3.28647792689359,1849.01383333333,105,80
6.97220844374247,-2.17618680878346,3.30094146842283,1849.0472,105,80
6.95514945606262,-2.16418981647184,3.30856805282569,1849.08056666667,105,80
6.94091734137035,-2.15160199876976,3.31411213542921,1849.11393333333,105,80
6.91996495792152,-2.13369110185196,3.31583165485247,1849.1473,105,80
6.7349393395647,-1.85641710386097,3.68040098589919,1850.28176666667,106,81
6.73091347853611,-1.84300455305166,3.68341196182648,1850.31513333333,106,81
6.72907914310657,-1.83046951282651,3.68846031668496,1850.3485,106,81
6.73755973132651,-1.82737691162448,3.69889971532786,1850.38186666667,106,81
6.75304736781197,-1.82634772270985,3.70918697504601,1850.41523333333,106,81
2.85475930242676,4.10642585328155,0.325441436481664,1851.2494,107,82
2.85420719762927,4.10706042399724,0.325067524281535,1851.28276666667,107,82
2.85572790444682,4.10801698198907,0.325158084012771,1851.31613333333,107,82
2.85326358940961,4.10636894924706,0.325999472131074,1851.3495,107,82
-1.8445188219559,6.05832437373253,1.39133181256476,1851.28276666667,108,83
7.43036625523414,-0.888718951815675,5.2431403191505,1851.81663333333,109,84
7.42805754702947,-0.891052342180373,5.24773078610786,1851.85,109,84
6.60759865963242,-1.82792973589265,4.19257094404008,1851.91673333333,110,85
6.60597819509946,-1.80727571507299,4.2000961797726,1851.98346666667,111,85
6.615662329266,-1.80289978434913,4.20760314469477,1852.01683333333,111,85
6.61664896407321,-1.79377333669751,4.21424064899985,1852.0502,111,85
-1.54370544230351,6.10653648541324,1.53450634452552,1852.28376666667,112,86
-1.52225697016822,6.07595894019087,1.53135440957251,1852.31713333333,112,86
-1.53127066435131,6.11205425355795,1.53926373924802,1852.3505,112,86
-6.60760221831075,-0.417955477491571,1.57441020825366,1852.78426666667,113,87
-5.96151740136753,-1.04337429498205,1.50683014744168,1853.7519,115,87
-5.95872439387132,-1.06700691908323,1.50643519135928,1853.78526666667,115,87
-1.00049705808269,5.76616636633306,1.44331483043733,1853.48496666667,114,88
-0.976237644617086,5.72453027061839,1.43492933010144,1853.51833333333,114,88
-0.957310930999539,5.70451617506875,1.43016456514186,1853.5517,114,88
6.70975848502661,-1.94547351086969,4.35175900504133,1853.852,116,89
6.75642050334605,-1.99293920602567,4.38048683862793,1853.88536666667,116,89
6.74746500672937,-2.00057650961464,4.36473744020868,1853.91873333333,116,89
6.77372866550744,-2.03175752088859,4.37096080655124,1853.9521,116,89
6.76018650244255,-2.04744652860976,4.35232350513308,1853.98546666667,116,89
6.68560473362086,2.00515177127301,-0.00779750704226401,1854.11893333333,117,90
6.67441266690171,1.96968890669339,-0.00658347134479631,1854.1523,117,90
2.24839861559966,1.89207362272476,0.464830374224295,1854.1523,118,91
2.26055536142533,1.88666093928914,0.46088428713843,1854.18566666667,118,91
2.26674627904398,1.88011746825682,0.457037982961213,1854.21903333333,118,91
2.27511827343903,1.87388716027166,0.453189766025436,1854.2524,118,91
2.28472959853671,1.86674996882576,0.449573934085867,1854.28576666667,118,91
2.40644314492871,1.86391714504713,0.432486489431525,1855.08656666667,119,91
2.41309356457119,1.87037523574188,0.442915355075483,1855.11993333333,119,91
2.41783614231695,1.87818630901849,0.454890244288886,1855.1533,119,91
2.42361955500024,1.88633608750597,0.46675730182249,1855.18666666667,119,91
2.42859913637863,1.89399172649745,0.47860566886827,1855.22003333333,119,91
2.43214169495986,1.90103305849734,0.491277204940823,1855.2534,119,91
2.4528852199329,1.98780656942141,0.616832227415485,1856.02083333333,121,91
2.47040875619752,1.98763846028511,0.621057038915586,1856.0542,121,91
2.48647740487049,1.98787764418683,0.627204950921726,1856.08756666667,121,91
2.50208226921096,1.98728582567461,0.632415477283735,1856.12093333333,121,91
2.51608369768894,1.98440770810128,0.638453135212985,1856.1543,121,91
-0.477029555202177,4.3070848545943,1.10842211814185,1855.7539,120,92
-0.471724395903677,4.29831386246407,1.10031509559722,1855.78726666667,120,92
-0.459900079738603,4.2737206767342,1.09056770513627,1855.82063333333,120,92
-0.453208493059945,4.26026334486011,1.08121535608497,1855.854,120,92
-0.453029270752342,4.26313943822625,1.07438491883054,1855.88736666667,120,92
3.61391671146758,-1.97361691506857,2.10141413816919,1856.18766666667,122,93
-0.826072936217815,1.8357231609022,0.60347308695669,1856.3545,123,94
-0.820198684772268,1.82318649590953,0.602824221924805,1856.38786666667,123,94
-0.811009987314549,1.80903712951234,0.601961955712614,1856.42123333333,123,94
-0.802839995650544,1.79481532245132,0.601007488670813,1856.4546,123,94
-0.795976544039236,1.77901993159289,0.600291438818155,1856.48796666667,123,94
-0.790232012799707,1.76252724964481,0.599936226989572,1856.52133333333,123,94
-0.784665475777124,1.74636473427201,0.601019335064448,1856.5547,123,94
-0.221096293211998,3.67997297668803,0.841736139956809,1856.88836666667,124,95
-0.214410489850019,3.66458767422861,0.843047383864549,1856.92173333333,124,95
-0.204821489325099,3.64464017020215,0.843436519791752,1856.9551,124,95
-0.193822075935022,3.62357500921898,0.842264131555334,1856.98846666667,124,95
-0.184467592000274,3.60863271568386,0.841259082741364,1857.02183333333,124,95
0.925856613130966,5.84136345704803,0.805167391619835,1857.02183333333,125,96
0.92521081930919,5.82590517246255,0.805160662938631,1857.0552,125,96
0.926124091622163,5.84331563213785,0.805930379429272,1857.08856666667,125,96
0.922215506978556,5.82097063206007,0.805310695348327,1857.12193333333,125,96
0.925870847201502,5.83978421229914,0.805317714093445,1857.1553,125,96
2.66898859564411,2.11483383226434,0.511664273445162,1857.28876666667,126,97
2.67053218838286,2.11694707543314,0.511150692561986,1857.32213333333,126,97
2.66892329904835,2.11976141294431,0.510278161664487,1857.3555,126,97
2.66728811355086,2.12346980647173,0.510991899622562,1857.38886666667,126,97
-0.702652552355984,1.54752837478068,0.655060881291909,1858.22303333333,127,98
2.82937638221322,1.97311426399701,0.436758954996741,1858.48996666667,128,99
2.83714409192336,1.97547335843648,0.431242354086082,1858.52333333333,128,99
2.84629540740571,1.97686295720913,0.426652313880429,1858.5567,128,99
-0.704497551584217,1.5519668460423,0.655020680604667,1859.42423333333,129,100
0.924207037820336,5.82629694394449,0.805668345558878,1860.7589,130,101
0.92612845184189,5.83312930691431,0.806014383532842,1860.79226666667,130,101
0.930771736890393,5.86171389835605,0.805222452256936,1860.82563333333,130,101
-4.66792937829251,0.199309163051471,1.34577819509221,1861.62643333333,131,102
-4.65671430003418,0.209409167169353,1.33893246316002,1861.6598,131,102
-6.29778173078887,0.0938966739618824,1.54785118901513,1861.69316666667,132,103
-6.2755604716443,0.105895685871961,1.54069785746636,1861.72653333333,132,103
0.115843778076461,2.23126714576973,0.440112138098929,1861.79326666667,133,104
0.115234382809168,2.23102133221746,0.439991480097727,1861.82663333333,133,104
0.115207701499099,2.23105486194075,0.439999691533913,1861.86,133,104
0.11505781193156,2.23106813810407,0.440098970244666,1861.89336666667,133,104
0.723642433922572,4.29064844298078,0.730795072816319,1861.82663333333,134,105
0.729692982918509,4.27423324848898,0.726954036338527,1861.86,134,105
0.741659325013934,4.29617434994406,0.720576220364207,1861.89336666667,134,105
0.751156785164089,4.30123251320208,0.714649866853793,1861.92673333333,134,105
2.84797402205314,4.10472037249688,0.331098087914452,1861.86,135,106
2.85136332692599,4.10713457686617,0.331795356766017,1861.89336666667,135,106
2.85139964571173,4.10733306903574,0.329679127086997,1861.92673333333,135,106
2.84988567071419,4.10648796398584,0.330671611870286,1861.9601,135,106
0.258473953249264,1.40535508520615,4.3364405464661,1862.22703333333,136,107
0.257717368673079,1.40411090675334,4.33653771332597,1862.2604,136,107
0.256616720623372,1.40269377986403,4.33724057498621,1862.29376666667,136,107
0.257511283778255,1.40181149028465,4.33758002899067,1862.32713333333,136,107
0.256764856382437,1.40025051527013,4.33351505377761,1862.3605,136,107
-4.44199154025869,0.553368125726751,1.35783463166114,1862.82763333333,137,108
-4.44131285330511,0.553595977550646,1.35972601632737,1862.861,137,108
-4.43337466415635,0.557599514454216,1.3579226705276,1862.89436666667,137,108
8.67361836862756,-1.56305787495749,6.10155281841237,1862.861,138,109
0.735857369300478,4.40735064094574,0.671612876046342,1862.9611,139,110
0.734613593801162,4.40124701184248,0.667700631898754,1862.99446666667,139,110
0.116597319173092,2.23269684629079,0.443293670048788,1863.99546666667,140,111
0.116710772411408,2.23240897652955,0.443178546474309,1864.02883333333,140,111
0.116784011816394,2.23228609426489,0.443124201853167,1864.0622,140,111
0.116742350619229,2.23258166898144,0.442834762168282,1864.09556666667,140,111
0.249182268926225,2.3115647265156,0.64001032498014,1864.12893333333,140,111
-4.15294841635854,0.737321818795264,1.46421098088316,1864.12893333333,141,112
-4.13576517353831,0.745398188644927,1.45902275394062,1864.1623,141,112
-4.12293208531011,0.752302200168882,1.45630112744012,1864.19566666667,141,112
-4.10598027981028,0.761313316963211,1.44739462797942,1864.22903333333,141,112
0.894811529469869,4.48384402026583,0.605011612174968,1864.1623,142,113
0.0980697299570689,1.18295220799834,4.31641026540887,1865.12993333333,143,114
0.0847630674799037,1.1698979261718,4.31327909175654,1865.1633,143,114
0.0724097536997195,1.15597911320198,4.30652773691115,1865.19666666667,143,114
0.0595473264927425,1.14302261762774,4.30257659562098,1865.23003333333,143,114
0.0466296969902396,1.13388291968144,4.29542821767448,1865.2634,143,114
0.033666613149913,1.1270849975623,4.29064310184859,1865.29676666667,143,114
-0.0950319903193261,1.25499698892579,4.02635603103274,1866.09756666667,147,114
-0.100050853511685,1.25505413191848,4.01793020386573,1866.13093333333,147,114
-0.105978072085668,1.25399972526051,4.00745148819273,1866.1643,147,114
-0.111358388646679,1.25213170806903,4.00256458008552,1866.19766666667,147,114
-0.117037241042396,1.24751264657129,3.99308236515229,1866.23103333333,147,114
-0.123185501283463,1.24011394544793,3.98727970888355,1866.2644,147,114
-0.332764975877166,1.29442713788084,3.62328393467187,1867.23203333333,149,114
-0.348820085373972,1.32006273920883,3.57862468723818,1867.3655,150,114
-0.362221089118121,1.3210808867198,3.57562410074689,1867.39886666667,150,114
-3.76443618884465,1.10362380709458,1.37128363992098,1865.39686666667,144,115
-3.74906772952261,1.11739402146223,1.37436912095485,1865.43023333333,144,115
-3.73583481102309,1.13136643676897,1.37904264147408,1865.4636,144,115
-3.7163188100107,1.14583715121049,1.38221350137022,1865.49696666667,144,115
-3.7010109350912,1.1607001608103,1.38289670819552,1865.53033333333,144,115
2.42865293863895,2.4040784200658,0.18532331477465,1865.73053333333,145,116
2.42794191879984,2.40277782245006,0.18634891787648,1865.7639,145,116
0.804872154564768,2.26074643578528,0.676380083738962,1866.0642,146,117
-3.51759647450124,1.71346495026607,1.47688142692186,1867.09856666667,148,118
-3.51813490568399,1.72519557275019,1.48252675118464,1867.13193333333,148,118
1.29579939638408,6.87300326448148,1.22983516428979,1867.53233333333,151,119
1.2913702787458,6.92208508532443,1.23921367059423,1867.5657,151,119
1.21196210389417,-0.587505990185003,0.554919721692771,1867.53233333333,152,120
1.21903576903311,-0.583065481048016,0.562837617739473,1867.5657,152,120
1.224865921934,-0.576252350395812,0.571873658872919,1867.59906666667,152,120
1.22966373153109,-0.572167089675767,0.583110987479038,1867.63243333333,152,120
1.23502784652928,-0.575002743091826,0.594165769222079,1867.6658,152,120
1.23844744614476,-0.574365786195496,0.602539421849701,1867.69916666667,152,120
1.16794776548378,5.00791081723913,0.627733577677882,1868.03283333333,153,121
1.35402453041275,5.11246153790703,0.753184786009097,1868.90036666667,157,121
9.19282275676077,2.62758890298454,1.05479486528892,1868.19966666667,154,122
-3.32076248364515,1.93530119657174,1.34638676261104,1868.33313333333,155,123
-3.30962051702858,1.94492922904213,1.33811712079047,1868.3665,155,123
-3.30578016473469,1.95043489929772,1.33118650351984,1868.39986666667,155,123
-3.29986664292018,1.95586334388317,1.3239479900743,1868.43323333333,155,123
-3.28982119350653,1.95823459725789,1.31495706664769,1868.4666,155,123
-5.55666453121571,-0.106514118041053,1.4792270649446,1868.33313333333,156,124
-5.54514238349974,-0.107765170218726,1.4862876293707,1868.3665,156,124
-5.52242466813272,-0.102404166696106,1.48746769949177,1868.39986666667,156,124
2.85267011048852,4.10146853865374,0.326560801897808,1869.00046666667,158,125
2.85293476526593,4.10333585628538,0.326158193689246,1869.03383333333,158,125
2.85120804334187,4.100431634633,0.326904089903172,1869.0672,158,125
2.84839629006778,4.09697500090745,0.328555920831193,1869.10056666667,158,125
0.756868846233404,6.38829974971696,1.40264587943617,1869.03383333333,159,126
0.749656497899397,6.45874388408537,1.41837391684338,1869.0672,159,126
1.23538794189004,-0.50720823223391,0.483344944532287,1869.03383333333,160,127
1.23468394581522,-0.504147866249502,0.475810361680117,1869.0672,160,127
1.23541282559419,-0.50372517187294,0.4683350848839,1869.10056666667,160,127
1.23417766466328,-0.500806185720625,0.462505219070563,1869.13393333333,160,127
1.23451571678619,-0.501963537589925,0.457547279841661,1869.1673,160,127
1.23716482580174,-0.504426056902527,0.453300102863659,1869.20066666667,160,127
7.76570227990147,1.21262482288199,-0.0716397734645827,1869.20066666667,161,128
-3.0095907924779,2.12949343770128,1.22541998527219,1869.50096666667,162,129
-3.00467626497531,2.13862445643615,1.2311387826841,1869.53433333333,162,129
-3.00198594968923,2.14804399843113,1.23506523123662,1869.5677,162,129
-3.00142095442279,2.16018695405356,1.24066600364063,1869.60106666667,162,129
-2.99420877641916,2.1691027213878,1.24087174034265,1869.63443333333,162,129
-5.01973511115952,0.104679349044688,1.35289136533291,1869.53433333333,163,130
1.55018639412,4.72951457649162,0.790937664251894,1869.93473333333,164,131
1.55860087912892,4.71912013155128,0.792917053884696,1869.9681,164,131
1.56840149874039,4.70854246223563,0.795853269446457,1870.00146666667,164,131
1.57515696436797,4.69133313038273,0.79773603207515,1870.03483333333,164,131
0.206648866555351,2.13944261132302,0.615000778929721,1871.73653333333,165,132
0.208001155728153,2.13860646635038,0.612664974978318,1871.7699,165,132
0.211413587953052,2.13911679479657,0.609053023494509,1871.80326666667,165,132
0.279288973417779,2.3447414380195,0.720891024049651,1871.83663333333,165,132
0.354738852335529,2.23115917695785,0.547967009121705,1872.73753333333,171,132
0.357665760647086,2.23107248735232,0.542723212842588,1872.7709,171,132
0.357330319817202,2.23326415153823,0.537652674079275,1872.80426666667,171,132
0.355742381506461,2.23770911977084,0.532933830693054,1872.83763333333,171,132
0.436644249477556,2.32153723164306,0.466059389341683,1873.63843333333,175,132
0.43044040082703,2.32594293619311,0.46020318210211,1873.6718,175,132
0.423136348222043,2.33057967204444,0.452674374523045,1873.70516666667,175,132
0.417364827122465,2.3351704064334,0.446249807844481,1873.73853333333,175,132
0.504040899597848,2.46860401722582,0.394802645703216,1874.4726,179,132
0.510976504721934,2.47189334031121,0.395732292618883,1874.50596666667,179,132
0.51856409595517,2.4745376367791,0.398085509244887,1874.53933333333,179,132
0.521857162004458,2.47600109998193,0.400106985058668,1874.5727,179,132
0.700097121444784,2.56355151183464,0.450927097303146,1875.3735,188,132
0.709348563475828,2.56988967626704,0.455969059106522,1875.40686666667,188,132
0.717149593105013,2.57423254680858,0.460830887596652,1875.44023333333,188,132
0.726432045154592,2.57935199384356,0.464100177798648,1875.4736,188,132
0.732080093191186,2.58510634242452,0.467938311291307,1875.50696666667,188,132
0.91657636642613,2.73120064574196,0.43685725485209,1876.34113333333,193,132
0.924420499683176,2.73762043652871,0.437993529394006,1876.3745,193,132
0.932245981276119,2.74279431801955,0.438781622881794,1876.40786666667,193,132
0.974863680833158,2.81316703261069,0.514914460772436,1877.2754,196,132
0.978007235917166,2.81650140342949,0.519596233635355,1877.30876666667,196,132
0.981809083624294,2.8187292087315,0.523564842216628,1877.34213333333,196,132
2.54098514276106,2.2843192713168,0.240121512098817,1871.73653333333,166,133
2.53991959825212,2.28434198168001,0.240666012964943,1871.80326666667,167,133
1.7829686153083,3.8566875423357,0.466373760270022,1872.13693333333,168,134
1.78125974964157,3.86003583804628,0.454206078972237,1872.1703,168,134
1.77430651217307,3.8691350007986,0.421719028428538,1872.20366666667,168,134
1.75896885579147,3.87376489545982,0.395692580826639,1872.23703333333,168,134
1.75298467269576,3.86830568755685,0.396224192026623,1872.2704,168,134
1.75813153049019,3.86730693074488,0.403876107315372,1872.30376666667,168,134
1.75755539342725,3.86531128223037,0.409635826643068,1872.33713333333,168,134
-4.21001955458443,0.959315122214965,1.2465548043286,1872.1703,169,135
-4.19260188980102,0.961089773470894,1.25267444222691,1872.20366666667,169,135
-4.18543589735867,0.960444763925679,1.26079138253886,1872.23703333333,169,135
-4.16336276823331,0.962716229951442,1.26450999894783,1872.2704,169,135
-3.83681340393885,1.17914514141793,1.21902003304137,1873.20466666667,173,135
-3.83000328215803,1.19813447419671,1.22181797554894,1873.23803333333,173,135
-3.81199400045121,1.2207750338412,1.22514322233655,1873.2714,173,135
-3.81833442454379,1.24147301156204,1.2298459947431,1873.30476666667,173,135
-3.79487991529294,1.26230048837342,1.23099882737302,1873.33813333333,173,135
-0.977343332654376,5.10933790785834,1.2389799037631,1872.70416666667,170,136
-0.990399828698653,5.09272114713487,1.23807607372483,1872.73753333333,170,136
-1.00735801847153,5.08569078165557,1.23804641839933,1872.7709,170,136
-1.02182770721828,5.07851204077228,1.23524214373136,1872.80426666667,170,136
-0.516456845473926,1.18686275134283,3.26275906579531,1872.80426666667,172,137
-0.516789537911222,1.18604090155549,3.26378225757653,1872.83763333333,172,137
-0.517436507468163,1.18601403600613,3.26475865924834,1872.871,172,137
-0.516506577711547,1.18664813429929,3.26453379919804,1872.90436666667,172,137
-0.516642575621791,1.18718848489124,3.26395532568445,1872.93773333333,172,137
-2.63186448736648,3.10890162216029,1.38888065930006,1873.30476666667,174,138
-2.64087286456212,3.11855172065029,1.39414877537966,1873.33813333333,174,138
-2.64088893965368,3.1252171283898,1.39756605142439,1873.3715,174,138
-3.20434532955006,4.09061220504762,2.21720946799247,1873.872,176,139
-3.17327204739889,4.11937948319879,2.20496677115339,1873.90536666667,176,139
-3.10507836719981,4.16495393717517,2.19518689137269,1873.9721,178,139
-2.68123460257293,1.43071498996347,0.77866748387948,1873.93873333333,177,140
-2.6750192089768,1.43423035421915,0.780397073178459,1873.9721,177,140
-2.6600319520811,1.43536044660924,0.781247838501513,1874.00546666667,177,140
-2.64875473417161,1.43476025745651,0.779520507428498,1874.03883333333,177,140
-3.38402548832226,1.62473081628339,1.37234436902005,1874.4726,181,140
-3.3714983147065,1.62967009779763,1.37543285139611,1874.50596666667,181,140
-3.35808622668418,1.6342841072052,1.37811992919235,1874.53933333333,181,140
-3.34294221840159,1.639858354162,1.38056465956509,1874.5727,181,140
-3.32714714774149,1.64485909770288,1.38403764666997,1874.60606666667,181,140
-2.32134089495007,1.51020070111404,0.815946818357348,1874.73953333333,184,140
-2.31170830067574,1.51320261975398,0.824638729385783,1874.7729,184,140
-2.29243810397486,1.51822378533821,0.829894434355172,1874.80626666667,184,140
-3.00353712214758,1.91647443741157,1.35587952277086,1875.44023333333,189,140
-2.99174455071026,1.93337169483821,1.35786559568279,1875.4736,189,140
-2.97589610674349,1.95005896960074,1.36170516648934,1875.50696666667,189,140
-2.95154340238736,1.96549112917398,1.36253717497313,1875.54033333333,189,140
-2.93995794958121,1.98010474832801,1.36685566580727,1875.5737,189,140
-2.92457200807933,1.99698420647141,1.36912606827151,1875.60706666667,189,140
2.84520402834963,4.10889705444216,0.329598405323899,1874.4726,180,141
1.75939261701288,3.86938777334284,0.407996620084532,1874.53933333333,182,142
1.75864882984924,3.8687873578178,0.407777354542214,1874.5727,182,142
2.54597953729679,2.28140296125599,0.250137176809423,1874.70616666667,183,143
2.54532255753183,2.27975708169199,0.250277818805285,1874.73953333333,183,143
-2.48828209762317,5.40410754081208,2.0883498697977,1875.10656666667,185,144
-2.49612107956635,5.47800306448297,2.09741089914903,1875.13993333333,185,144
-2.4484392527448,5.48701188234234,2.08840730717876,1875.1733,185,144
8.41740421500257,-0.0585463659721726,-0.357579818622749,1875.2734,186,145
7.47220300539771,-0.0387161263828885,-0.0817265972594737,1875.30676666667,187,145
-1.77771333394369,1.62443354104316,0.95965207694099,1875.874,190,146
-1.76570522285345,1.62477709029004,0.965770097707777,1875.90736666667,190,146
-1.75407594723532,1.6278471036526,0.971279121825004,1875.94073333333,190,146
-1.74571599511072,1.63157764707384,0.976438203007279,1875.9741,190,146
-1.73703954477628,1.63543121733336,0.980934755178593,1876.00746666667,190,146
-1.72446178879243,1.63672883992066,0.984107687417073,1876.04083333333,190,146
-2.68221477824201,3.38042761199688,2.2884424124953,1876.10756666667,191,147
-2.66754991376647,3.3533302634569,2.30360029921061,1876.14093333333,191,147
-6.27004615051815,0.329505874678901,1.42907179665568,1876.2744,192,148
-6.26849743905917,0.325954373890667,1.42610033805482,1876.30776666667,192,148
-2.5765402805884,2.47423044554072,1.51637788971875,1876.60806666667,194,149
-2.56698353988441,2.49087497686148,1.52882646537867,1876.64143333333,194,149
-2.55247332972535,2.5059368871353,1.54206297888981,1876.6748,194,149
-2.54256374936461,2.52087076372122,1.55773171391095,1876.70816666667,194,149
-2.53275197532151,2.53363608711973,1.57273693528296,1876.74153333333,194,149
-2.53065707767249,2.54899858013103,1.59036800639934,1876.7749,194,149
-2.33796032366449,2.17902942689456,2.40566477811707,1877.50896666667,197,149
-2.34342985133935,2.15804460684637,2.40386105544127,1877.54233333333,197,149
-2.3596108840369,2.12108386467096,2.4011748191091,1877.60906666667,199,149
-2.37195593274755,2.10038446297774,2.40500434279107,1877.64243333333,199,149
-1.17917601438457,1.39601148048611,1.09032121888734,1877.0752,195,150
-1.16371279029392,1.37941907082987,1.09210313297653,1877.10856666667,195,150
-1.14609927133596,1.36202473656405,1.09348635445903,1877.14193333333,195,150
-1.12751239919965,1.34584518594885,1.0944890529041,1877.1753,195,150
-1.11148988573777,1.33000252045568,1.09581634114239,1877.20866666667,195,150
-1.09992324362585,1.31594412183707,1.09780960845729,1877.24203333333,195,150
2.52010381998065,2.34819123393452,0.370868981792235,1877.54233333333,198,151
2.52243463638815,2.35012575572893,0.371224095899628,1877.5757,198,151
-5.81596216416191,0.354259906067771,1.49868448186287,1877.60906666667,200,152
-0.528361966142876,0.968701167602458,3.1737207003581,1877.6758,201,153
-0.53437454004951,0.958644251059924,3.15943077022029,1877.70916666667,201,153
-0.539532121061489,0.948499479581576,3.14443543889337,1877.74253333333,201,153
-0.546331013435384,0.939513553053891,3.12982669542282,1877.7759,201,153
-0.555594383696344,0.933222164639807,3.11625627802058,1877.80926666667,201,153
-0.564694937498391,0.929751404424892,3.10155063339195,1877.84263333333,201,153
1.28964802057518,-0.101616256267357,0.766286931567514,1877.70916666667,202,154
1.3098158790443,-0.109850591247609,0.77528751896769,1877.74253333333,202,154
1.33353147486807,-0.1204429435492,0.785560806496396,1877.7759,202,154
1.35555555474322,-0.128627573557648,0.79512678618698,1877.80926666667,202,154
1.37532022370217,-0.134342583085696,0.803412008963206,1877.84263333333,202,154
1.39610896319466,-0.143329884485164,0.812265606096173,1877.876,202,154
-1.66710528485511,0.15441388058331,1.87375261350093,1879.71116666667,203,155
-1.64025298260209,0.143764168792581,1.8714187111067,1879.74453333333,203,155
-1.60841803278564,0.134128211871448,1.86799164073453,1879.7779,203,155
-1.57705628344202,0.123351750062205,1.86612669985261,1879.81126666667,203,155
-1.54604149961654,0.113082621612,1.86487149684908,1879.84463333333,203,155
-1.5195708407541,0.102663537765291,1.86584990392543,1879.878,203,155
-1.49509512030777,0.0922684066396929,1.86697954067839,1879.91136666667,203,155
1.76220250583312,3.87211821607453,0.40783240269991,1879.74453333333,204,156
1.75983326702352,3.86989820593782,0.407795469451235,1879.7779,204,156
1.75843941928604,3.8683722581837,0.408994051565136,1879.81126666667,204,156
5.83229525009997,-2.62579511583379,4.36159098183557,1879.84463333333,205,157
2.33718509688703,2.17161301084529,0.512168732262706,1880.1783,206,158
-1.96203777802009,0.159129992378548,0.841368774394418,1881.5797,207,159
-1.96277408737023,0.159496675750452,0.841086331918142,1881.61306666667,207,159
-0.377909642419816,1.48066986353693,0.469854544536958,1881.5797,208,160
-0.376350833600432,1.48902692942772,0.474002623202327,1881.61306666667,208,160
-0.376236007923703,1.49810274405507,0.476737451208224,1881.64643333333,208,160
-0.374459425640731,1.50686834379879,0.479400814784216,1881.6798,208,160
-0.371299452201256,1.51361690994011,0.482689714668867,1881.71316666667,208,160
-0.558900473939354,0.431536482230768,1.46799982419163,1881.5797,209,161
-0.557537422749843,0.449127052875457,1.46143451763786,1881.61306666667,209,161
-0.551779250410994,0.46871994258339,1.45504427213667,1881.64643333333,209,161
-0.545196895715871,0.486767286927062,1.45012366074017,1881.6798,209,161
-0.537684515347402,0.501775204133008,1.44536776261535,1881.71316666667,209,161
-0.53009541450026,0.514177635916335,1.43861089311341,1881.74653333333,209,161
-0.523683670202104,0.525625363419984,1.43221589679713,1881.7799,209,161
-0.516986239223799,0.535704532795376,1.42537973761957,1881.81326666667,209,161
5.86212003255688,-2.23772601432875,3.06047474280523,1881.5797,210,162
5.8364345708266,-2.19798146047735,3.05173212465113,1881.61306666667,210,162
5.79902660480415,-2.15691521087537,3.038250505542,1881.64643333333,210,162
5.78478239673552,-2.11948333081468,3.04194689423639,1881.71316666667,211,162
5.75887644827304,-2.10443028946386,3.03702527458025,1881.74653333333,211,162
1.30907225305607,2.93549538044992,0.559148706743015,1881.7799,212,163
1.31779788650076,2.92695350842456,0.557130475582634,1881.81326666667,212,163
1.32603974189717,2.91910676682557,0.554865098094848,1881.84663333333,212,163
1.3347297092962,2.91097260263651,0.551526092357941,1881.88,212,163
3.09485325824501,2.75882517679947,0.642692026627446,1884.4826,213,164
-0.161689866437149,1.97838278989252,0.551026701494421,1884.81626666667,214,165
-0.163526246621505,1.9792810735079,0.550890942478289,1884.84963333333,214,165
-0.165908025338221,1.97850737291701,0.549063756775084,1884.883,214,165
-0.167371294034543,1.97868856007494,0.547769308134066,1884.91636666667,214,165
-0.169579060369754,1.97950464773551,0.546359961830587,1884.94973333333,214,165
-0.172309565281032,1.98097903356392,0.544868225625119,1884.9831,214,165
1.69919702262022,1.61729112266156,0.253300237256197,1884.81626666667,215,166
1.69945959185515,1.6112679472739,0.251837324902906,1884.84963333333,215,166
1.70272297074936,1.60231007039994,0.251465527438919,1884.883,215,166
1.70455484768137,1.59633137537047,0.254341323463223,1884.91636666667,215,166
4.44880877312008,-1.34955333110245,1.56552842806736,1884.9831,216,167
4.46502274055038,-1.35186591774965,1.53885120100532,1885.0832,217,167
4.4918786086813,-1.36615994630256,1.5255533068082,1885.14993333333,220,167
2.94980953901612,6.08118481562201,0.738132138133912,1885.11656666667,218,168
2.92649922940358,6.09675393236561,0.747008959426124,1885.14993333333,218,168
2.09581337959477,0.503131042447065,1.35722694973175,1885.11656666667,219,169
1.72562008520066,1.2743774303558,0.377904160159055,1886.71816666667,221,170
1.74049577126701,1.27620747130932,0.36718270564259,1886.75153333333,221,170
1.75847125235415,1.27973814719495,0.356327346800847,1886.7849,221,170
1.77652426872108,1.28363614354749,0.34642364389706,1886.81826666667,221,170
1.79426401495742,1.28909445731389,0.337077913193023,1886.85163333333,221,170
1.97177789361708,1.18662086242446,0.271029282362297,1887.75253333333,226,170
1.9776720695771,1.17621231758172,0.270266736852356,1887.7859,226,170
1.98321670111742,1.16554933432058,0.269740141498425,1887.81926666667,226,170
1.98622382583192,1.15686072622921,0.271230275400938,1887.85263333333,226,170
1.95459391649704,1.0898080427896,0.282585076382732,1888.72016666667,232,170
1.96163984221007,1.08348702415187,0.282029039099484,1888.75353333333,232,170
1.9716665947121,1.08069521298671,0.282113976543844,1888.7869,232,170
2.15591986304704,6.25426898776368,0.845022257891702,1886.885,222,171
1.60365615237954,6.1484278230932,0.969346037769814,1887.85263333333,227,171
0.964122739258003,5.92075687759719,0.936796145722065,1888.72016666667,231,171
0.947462373460297,5.98816698600602,0.939617358344031,1888.75353333333,231,171
-0.303521525369679,2.35464687950211,0.681691837508959,1887.05183333333,223,172
-0.303193110257191,2.35827868177053,0.685722662337118,1887.0852,223,172
-0.301153630911679,2.36216303943639,0.689568863393865,1887.11856666667,223,172
-0.301827469825422,2.36658262729642,0.690921481366341,1887.15193333333,223,172
-0.300733786055153,2.3719974166059,0.690869493694533,1887.1853,223,172
-0.300160803766246,2.37800072265557,0.6904353909617,1887.21866666667,223,172
-0.230099517158149,2.63484585301816,0.741818583116539,1888.0862,228,172
-0.226835858817491,2.64468094760093,0.745837214942321,1888.11956666667,228,172
-0.222708277145784,2.65289530204636,0.749190454696589,1888.15293333333,228,172
-0.219762955839113,2.66126987137873,0.751392270914436,1888.1863,228,172
-0.216772150129915,2.66724097573034,0.753795240323767,1888.21966666667,228,172
-0.217430690186097,2.67160280319257,0.757472341644268,1888.25303333333,228,172
4.31418415989393,-0.867904971605202,0.244594954392631,1887.21866666667,224,173
4.31739034691976,-0.85365182012215,0.240513290740589,1887.25203333333,224,173
4.32217581629125,-0.842179064817269,0.239166230137007,1887.2854,224,173
4.33282166890386,-0.830604037863703,0.239207640536408,1887.31876666667,224,173
3.99127515794571,-1.06636450277087,0.435180191464649,1887.31876666667,225,174
3.98985582748118,-1.05674778427058,0.436344807857667,1887.35213333333,225,174
3.98172890913949,-1.04446538986252,0.437424333245818,1887.3855,225,174
3.99776334704181,-1.04646202455987,0.438793394537562,1887.41886666667,225,174
3.99344128497264,-1.03902268167895,0.443086125957883,1887.45223333333,225,174
3.99179130361935,-1.03398058952782,0.450439451032677,1887.4856,225,174
-4.67080523603894,6.14456851579898,1.71791235953551,1888.11956666667,229,175
4.18819997696479,1.84068073407502,2.2113663692355,1888.5867,230,176
4.19347834909155,1.85124004369873,2.22750925356306,1888.62006666667,230,176
4.20191970710842,1.86054724879515,2.24487114391655,1888.65343333333,230,176
4.20472730637791,1.86790513215291,2.2591037433315,1888.6868,230,176
3.385615364518,3.62643149003021,0.549679451128458,1888.9871,233,177
4.49517797450153,-0.603587371502141,0.296062830243795,1889.35413333333,234,178
4.50599406506405,-0.601625981466926,0.293288414057111,1889.3875,234,178
4.50712809663559,-0.597251030070023,0.289210892521015,1889.42086666667,234,178
4.50411082084061,-0.587876886578065,0.280268326712928,1889.45423333333,234,178
4.51129202011394,-0.579491946588439,0.271601321993901,1889.4876,234,178
-0.198982623476302,2.8857794788308,0.761601255358878,1889.52096666667,235,179
-0.197074807692994,2.89078287658355,0.756945168056842,1889.55433333333,235,179
-0.196427509845474,2.89414962427747,0.751867994053453,1889.5877,235,179
-0.19414277832297,2.89325821845028,0.746190528454658,1889.62106666667,235,179
-0.194608459870333,2.8909896729011,0.74076265782782,1889.65443333333,235,179
-0.195610034978574,2.8884120705911,0.734377243693291,1889.6878,235,179
-0.197532535336933,2.88474175689293,0.729436037582605,1889.72116666667,235,179
1.94112885222031,1.31951835343132,0.191273592952516,1889.92136666667,236,180
1.94427312773678,1.33114796673039,0.194252814115942,1889.95473333333,236,180
1.94645730685391,1.34127232584944,0.197841815112373,1889.9881,236,180
1.94984876522957,1.34965911610068,0.202071546655932,1890.02146666667,236,180
1.95076835690098,1.35567596542733,0.208418439281133,1890.05483333333,236,180
1.86329816044564,1.27919672371268,0.296127684566637,1890.82226666667,241,180
1.86614697916944,1.2643126680159,0.300379886269012,1890.85563333333,241,180
1.86920696866517,1.24793269326607,0.304247293749448,1890.889,241,180
1.87166215761926,1.23185929757753,0.306329163912008,1890.92236666667,241,180
4.90876565878224,-1.87743217323083,1.32562186891604,1890.15493333333,237,181
4.90098919917495,-1.89762206096578,1.34481320522169,1890.1883,237,181
4.92928410309677,-2.6551649187048,1.79867407267057,1891.12256666667,242,181
4.1714459868937,2.11601362772643,2.75805893931343,1890.25503333333,238,182
4.17430594049873,2.12035344175064,2.76516506668001,1890.2884,238,182
4.16603831440152,2.12152911747952,2.76717147264182,1890.32176666667,238,182
4.51454050777905,-0.221906305561056,0.196394863460674,1890.65543333333,239,183
4.50373047951619,-0.215312255709664,0.200644583204313,1890.6888,239,183
4.49745204001247,-0.206093158448591,0.203848317715564,1890.72216666667,239,183
4.48322207689779,-0.196091841120326,0.21183765886859,1890.75553333333,239,183
4.4670121001801,-0.184320779261195,0.217860338605391,1890.7889,239,183
-0.0664523982736426,2.62265206564683,0.75866621800322,1890.72216666667,240,184
-0.0603917895393336,2.60947585568606,0.762144204379185,1890.75553333333,240,184
-0.0528435394745411,2.5966642915801,0.764751712791455,1890.7889,240,184
-0.0441043934341717,2.58345847977723,0.767401763670798,1890.82226666667,240,184
-0.0364645119589149,2.56828762203395,0.770400832083999,1890.85563333333,240,184
-0.027912949192327,2.55272739189049,0.772990604617487,1890.889,240,184
-0.0200500316803122,2.53881956537654,0.775067713488241,1890.92236666667,240,184
-0.863402941478269,4.69753709676418,1.09532035854821,1891.35613333333,243,185
-0.871048438266654,4.65987891747243,1.09626409110709,1891.3895,243,185
-0.8962803219778,4.65763033301762,1.10386511105967,1891.42286666667,243,185
-0.91473679954133,4.64381303331373,1.11131421869407,1891.45623333333,243,185
-0.938093662570139,4.64302190008543,1.11841226839574,1891.4896,243,185
4.17855154336453,2.13472658484194,2.92136354336015,1891.45623333333,244,186
4.18004636464191,2.13454426093414,2.92265952436326,1891.4896,244,186
4.1866897068843,2.13413909670789,2.92625851364279,1891.52296666667,244,186
4.19592202465414,2.13488525204959,2.92988776320389,1891.55633333333,244,186
4.19058926092017,-0.0509362215623097,0.136738819407856,1892.65743333333,245,187
4.1850921652727,-0.042964211713121,0.133732669051724,1892.6908,245,187
4.18969074830364,-0.0347774188454177,0.129190006995629,1892.72416666667,245,187
4.18378422172254,-0.0224709244217556,0.125194268131903,1892.75753333333,245,187
4.18174438314984,-0.0107516488166975,0.120952796116277,1892.7909,245,187
1.46881998264769,-0.533865857050022,0.385063845526431,1892.82426666667,246,188
1.45704129440638,-0.564677139714347,0.383858405607488,1892.85763333333,246,188
1.44061800312633,-0.59326362156633,0.382951816798565,1892.891,246,188
1.41852432936114,-0.616319701384157,0.383027819883455,1892.92436666667,246,188
1.4080144577182,-0.653961089286052,0.378715102316969,1892.95773333333,246,188
-1.84244131561426,4.38542961196985,1.19792845309749,1892.95773333333,247,189
-1.86116288407223,4.37449054902631,1.20434398059384,1892.9911,247,189
-1.87251989619557,4.35495196769527,1.20930235895012,1893.02446666667,247,189
-1.88407990922415,4.34253452354088,1.21275163517252,1893.05783333333,247,189
-1.89220303738908,4.32992803121745,1.21463965349762,1893.0912,247,189
-1.83706249248725,3.98968139692687,1.119795859423,1894.02546666667,252,189
-1.82802864521609,3.97671082928111,1.11592704068749,1894.05883333333,252,189
-1.81983702675585,3.96659056729078,1.11339115986299,1894.0922,252,189
-1.81003079747806,3.95330831850179,1.11083084649277,1894.12556666667,252,189
-1.79879240132695,3.94391470741168,1.10810755548028,1894.15893333333,252,189
-1.74413501115259,3.79651103132356,1.13861517682273,1894.7929,256,189
-1.74028285725596,3.79237183482803,1.1411208998872,1894.82626666667,256,189
-1.72670560510842,3.78293178981769,1.1437712358943,1894.85963333333,256,189
-1.70788749466713,3.77250469903002,1.14371508032003,1894.893,256,189
-1.69534619243729,3.76543235145595,1.14418254186357,1894.92636666667,256,189
-1.40032886421814,3.70594861520512,1.09801644876956,1895.5937,259,189
-1.39223509549931,3.70991023761038,1.09430331609231,1895.62706666667,259,189
-1.38748759567691,3.71606691351448,1.09172516152747,1895.66043333333,259,189
-1.37530245764445,3.71410137846727,1.08862414039849,1895.6938,259,189
-1.3722811235975,3.71991741519,1.08892818025612,1895.72716666667,259,189
-1.14616485756931,3.79732372388476,1.05312662991095,1896.46123333333,263,189
-1.14185543740244,3.80354363703152,1.05006445464041,1896.4946,263,189
-1.14807863642772,3.81946978075851,1.04785283933812,1896.52796666667,263,189
-0.707958636498754,3.15932787343576,1.19029724292961,1896.52796666667,264,189
-1.14398953587416,3.82476052466565,1.04516774128617,1896.56133333333,263,189
-0.709119782995661,3.18499650719304,1.18364780743383,1896.56133333333,264,189
-1.14509719860153,3.83507754650991,1.04372461094042,1896.5947,263,189
-0.707096292592225,3.20983944631408,1.17436084770936,1896.5947,264,189
-0.707609909326491,3.2370692595079,1.16515402055054,1896.62806666667,264,189
-0.707282673296318,3.26329052823674,1.15506290783858,1896.66143333333,264,189
-1.03203177398523,3.94414572274665,1.02265325061143,1897.36213333333,270,189
-1.01616599320777,3.94168294819265,1.02108990614455,1897.3955,270,189
-0.997681044569898,3.93963504220847,1.01926634727885,1897.42886666667,270,189
-0.980083964353318,3.93596528742282,1.01652718141657,1897.46223333333,270,189
-0.953060968485375,3.92077349997027,1.0109785775789,1897.4956,270,189
-0.93278787892324,3.9123480266352,1.00627241154645,1897.52896666667,270,189
-0.76425675009454,4.08763057544055,1.46082165657871,1898.06283333333,273,189
-0.762294977026586,4.10583959967976,1.47620021237791,1898.0962,273,189
-0.432744514383549,4.05305615488483,1.94995177414429,1899.03046666667,277,189
-0.415394990379037,4.04361701771293,1.96381472877066,1899.06383333333,277,189
-0.400282070830723,4.03881789999613,1.9860560310042,1899.0972,277,189
-0.384195716855597,4.02234464936831,1.99743874436344,1899.13056666667,277,189
-4.96883787701304,1.1010460622696,1.26818906338032,1893.22466666667,248,190
-4.96883787701304,1.1010460622696,1.26818906338032,1893.25803333333,248,190
0.610968656749752,1.76500123211852,0.445375199579921,1893.52496666667,249,191
0.617043504521058,1.77008606393845,0.445961035136387,1893.55833333333,249,191
0.621500627569212,1.77542858736178,0.449060949943595,1893.5917,249,191
0.623749602502552,1.77885254347259,0.452509751719708,1893.62506666667,249,191
0.624205000468351,1.7815131341117,0.454923398987911,1893.65843333333,249,191
0.623752432323887,1.78404431122214,0.456499022026758,1893.6918,249,191
0.622558894830211,1.78635445122151,0.457158696539568,1893.72516666667,249,191
0.62082372376406,1.78678623060765,0.458084636105194,1893.75853333333,249,191
0.803491996216555,1.82475275395026,0.299187473982044,1894.6928,255,191
0.809505999430337,1.83006645699718,0.296595545935632,1894.72616666667,255,191
0.816173447563929,1.83647001351162,0.293486011182938,1894.75953333333,255,191
0.821930104859719,1.841938188113,0.292097072702366,1894.7929,255,191
0.825444203161791,1.8478364049483,0.293051473278527,1894.82626666667,255,191
0.826038972267858,1.85535594198246,0.294189607395766,1894.85963333333,255,191
0.826266296492432,1.85963427675913,0.296309288237601,1894.893,255,191
4.0732801866211,0.210262357259128,0.148585430691841,1893.82526666667,250,192
4.07138682303639,0.213128316355672,0.15271266657131,1893.85863333333,250,192
4.05840339148172,0.21833620216335,0.159736156738482,1893.892,250,192
4.05390527039644,0.220454582482808,0.166410301890716,1893.92536666667,250,192
4.04085357939186,0.223915093026217,0.173193443314341,1893.95873333333,250,192
8.31600528587038,1.2355427127647,-0.343335425232312,1893.95873333333,251,193
8.32318100080654,1.23157127678691,-0.346711047831278,1893.9921,251,193
-1.96362495476438,0.155300479222697,0.853315874372709,1894.02546666667,253,194
-1.96424188597122,0.15506527866504,0.854289431957387,1894.05883333333,253,194
-1.96306526829862,0.155293663854796,0.854862542450964,1894.0922,253,194
3.77803210455225,2.34154460303239,1.96309099676483,1894.42586666667,254,195
3.78000311368341,2.3280651220238,1.97135862667679,1894.45923333333,254,195
3.7816526688551,2.31424741546854,1.98009122555587,1894.4926,254,195
3.79155339605262,2.29962292368322,1.99520507219288,1894.52596666667,254,195
2.22361813701242,3.77275455839756,0.804709967721172,1895.2934,257,196
3.54986548084484,0.262981178693381,0.333476039153879,1895.4936,258,197
3.53794163501276,0.262977138436505,0.338070728209826,1895.52696666667,258,197
3.52280867035543,0.26203592561254,0.345310036512216,1895.56033333333,258,197
3.50744131188675,0.259705445442453,0.352971498512274,1895.5937,258,197
3.49771203570856,0.256765921261383,0.359961862449126,1895.62706666667,258,197
3.4876948756739,0.253585423075614,0.364474041035243,1895.66043333333,258,197
3.4837016793933,0.24891809596172,0.369198694898701,1895.6938,258,197
0.0571097213806485,-1.28206454535365,0.142889024284394,1895.6938,260,198
0.0538692680470643,-1.29854812197771,0.135892872710116,1895.72716666667,260,198
0.0541648305218717,-1.29513236707582,0.136613175275932,1895.76053333333,260,198
4.04190713358236,2.14469362615408,2.24284707859483,1895.7939,261,199
4.04511136625415,2.14003898905217,2.23954451071687,1895.82726666667,261,199
4.05183915169023,2.13454709768616,2.23053648045763,1895.86063333333,261,199
4.06756070667143,2.13074396172156,2.22484703140479,1895.894,261,199
0.861064151767296,1.85458786443636,0.242709855009292,1895.9941,262,200
0.857567741105023,1.85970899378335,0.236069304517021,1896.02746666667,262,200
0.852539203151769,1.86348552474426,0.233734243877801,1896.06083333333,262,200
0.849607945055788,1.86403556640508,0.236859940232043,1896.0942,262,200
0.847213702466694,1.86769975941599,0.244012219043987,1896.12756666667,262,200
0.84670158917178,1.87318963083945,0.250203565136043,1896.16093333333,262,200
2.29817987195687,-2.99175356785917,0.0931169478563827,1896.6948,265,201
2.29841353732893,-2.98688533050838,0.0886810361782258,1896.72816666667,265,201
2.28485467615838,-2.94632523891304,0.0860630577283132,1896.76153333333,265,201
2.40396075710413,-2.78177790787915,-0.0636852485427475,1897.6958,271,201
2.42249539742884,-2.79384609323231,-0.0671773326588266,1897.72916666667,271,201
2.40533916061824,-2.73878112825424,-0.0524929593557817,1897.76253333333,271,201
0.786862956031473,0.666611388626333,0.602217560077886,1896.7949,266,202
-2.09108331802422,0.0768194485627811,0.873212849475825,1896.82826666667,267,203
2.83416323244083,0.192973238332526,0.36501592130293,1896.895,268,204
2.81599250186558,0.1980118048956,0.370703616508181,1896.92836666667,268,204
2.79227390805398,0.202255701245964,0.377482410572504,1896.96173333333,268,204
2.769315674562,0.205386665548448,0.383582948364532,1896.9951,268,204
2.74680230935208,0.207866154841802,0.388425430005125,1897.02846666667,268,204
2.73166052684157,0.207065682207526,0.396363430411245,1897.06183333333,268,204
0.731673100189059,2.22714865029255,0.201913871963254,1897.22866666667,269,205
0.742293885135845,2.24399110167969,0.213794872737509,1897.26203333333,269,205
0.754820275362081,2.26058273362207,0.228052171914457,1897.2954,269,205
0.768397975069339,2.27261890298686,0.245233679336165,1897.32876666667,269,205
0.862895381462714,2.40694653243974,0.257134670687523,1898.02946666667,272,205
0.877144102658096,2.40858709367286,0.253833462337294,1898.06283333333,272,205
0.894553869725727,2.40935807262848,0.252938879986962,1898.0962,272,205
1.1219690319872,2.47297636287919,0.280228957685461,1898.93036666667,276,205
1.118128357232,2.47484371345679,0.28047547896393,1898.96373333333,276,205
1.11486662953505,2.47404003389994,0.28387823417627,1898.9971,276,205
1.11515689674318,2.47353396689246,0.286129868660478,1899.03046666667,276,205
1.39521197875424,2.54795643221258,0.199715126308327,1899.93136666667,282,205
1.39300022862211,2.5565079211661,0.197642532456209,1899.96473333333,282,205
1.38559573131283,2.550152293408,0.201999155884071,1899.9981,282,205
1.37958022329285,2.54870567068494,0.20631990514787,1900.03146666667,282,205
0.631532113449142,2.0008987237738,0.397037305319983,1900.7989,286,205
0.60737453578034,1.98026033583267,0.39940805318293,1900.83226666667,286,205
0.57649764569746,1.91356895063064,0.38365913977832,1900.93236666667,289,205
0.757583212144204,1.76844477974563,0.26542192571461,1901.86663333333,294,205
0.762327605348617,1.77594322567479,0.262553820089815,1901.9,294,205
0.766859233284244,1.78584553338206,0.258354114800652,1901.93336666667,294,205
0.770436701704754,1.79653013563944,0.251851473840739,1901.96673333333,294,205
0.774494055718292,1.80965682901074,0.242464608975666,1902.0001,294,205
0.78080737989933,1.82228533426132,0.230955599850989,1902.03346666667,294,205
0.911376908691637,1.81508081827137,0.192078153940243,1902.96773333333,296,205
0.907530287563855,1.81576505046719,0.189647220862255,1903.0011,296,205
0.903223810604271,1.81430426304572,0.188146327697339,1903.03446666667,296,205
0.897344194977079,1.81086936792819,0.187451625455395,1903.06783333333,296,205
0.893747953885913,1.80642203273881,0.187525945889874,1903.1012,296,205
0.89057838422158,1.80156217849093,0.186725845279829,1903.13456666667,296,205
1.06650664466292,1.24803198054131,0.27758469836302,1903.902,299,205
1.07398487185096,1.23419443415041,0.279091322207669,1903.93536666667,299,205
1.0830250845415,1.2207575587012,0.277741716675974,1903.96873333333,299,205
1.09238490852994,1.20735536301127,0.274504685193787,1904.0021,299,205
1.10237975687505,1.19571331734383,0.270678403630633,1904.03546666667,299,205
1.21630206461769,1.36349882374604,0.218714387694197,1905.0031,301,205
1.21742952542358,1.37169457306499,0.219993860599675,1905.03646666667,301,205
1.21935296304355,1.3791065543766,0.219687008398354,1905.06983333333,301,205
1.22251394043542,1.38583114456293,0.215793607019332,1905.1032,301,205
1.22698898921266,1.39215213597499,0.209874541129205,1905.13656666667,301,205
1.2317949372453,1.39875585783824,0.206260588694659,1905.16993333333,301,205
1.94740632504869,0.104854886245417,0.586817845644751,1898.42986666667,274,206
1.93813273107864,0.103550194381831,0.598557431277476,1898.46323333333,274,206
1.9252332072004,0.10189368820989,0.614465114505613,1898.4966,274,206
1.91157342129051,0.104852417182457,0.630039166075901,1898.52996666667,274,206
1.9024521058327,0.109345893309668,0.645191222803073,1898.56333333333,274,206
1.89600275316935,0.116022176811266,0.660672146721098,1898.5967,274,206
1.8884200558739,0.122928890208572,0.679438013036534,1898.63006666667,274,206
1.88489954501284,0.12810409331038,0.698856820648585,1898.66343333333,274,206
2.38647908752549,-2.67582912917209,-0.0313147230043694,1898.93036666667,275,207
2.38510125383816,-2.67688249870084,-0.0328705962140857,1898.96373333333,275,207
2.5125100052428,-2.45722811825283,0.0389262692856707,1899.7979,281,207
2.50483449406048,-2.43666956495698,0.0481440515142014,1899.83126666667,281,207
2.50474568960479,-2.43335442140674,0.057496208969697,1899.86463333333,281,207
2.50315462961581,-2.43101476775492,0.0644208971291578,1899.898,281,207
-4.94260571272732,1.14596635598493,1.31233553542156,1899.03046666667,278,208
-4.93129577203956,1.14461392010682,1.30878850639551,1899.06383333333,278,208
-0.786086042641141,3.37502560811285,0.927394192843054,1899.33076666667,279,209
-0.779900118141998,3.37322352698303,0.928519010271025,1899.36413333333,279,209
-0.774461753243634,3.37169446903996,0.931748226890367,1899.3975,279,209
-0.768165814048735,3.36708604378692,0.933431292264378,1899.43086666667,279,209
-0.76259708602944,3.36163834036933,0.9346600052853,1899.46423333333,279,209
-0.757005495448422,3.3536750170988,0.934894520773406,1899.4976,279,209
-0.750777128453943,3.3465140530252,0.93314668848346,1899.53096666667,279,209
-0.583360502048307,3.33173386597369,0.794139361189737,1900.06483333333,284,209
-0.574661441497803,3.33353600068148,0.789332795776982,1900.0982,284,209
-0.565207815978542,3.3360822508152,0.786551441277067,1900.13156666667,284,209
-0.553953714117192,3.33576987547319,0.78648371131914,1900.16493333333,284,209
-0.542419309026073,3.33471335174124,0.788312360418566,1900.1983,284,209
-0.533231857680675,3.3337682940914,0.7905272678759,1900.23166666667,284,209
-0.520475217152845,3.32771560550874,0.794657147574986,1900.26503333333,284,209
-0.357426832708777,3.29992385866988,0.861622379220611,1900.83226666667,287,209
-0.352849082780507,3.30268685320522,0.867305634690965,1900.86563333333,287,209
-0.350055153721625,3.30518346428523,0.873245209299078,1900.899,287,209
-0.34659750137793,3.30483719282469,0.878993447797677,1900.93236666667,287,209
-0.343353589246952,3.30053256102003,0.882709192195915,1900.96573333333,287,209
-0.341356613376303,3.296096543685,0.885352712622507,1900.9991,287,209
-0.183012450949944,3.24267098966817,0.890703447950766,1901.66643333333,293,209
-0.169485924139816,3.24900356000509,0.886916198883312,1901.6998,293,209
-0.150475899463369,3.25171842176017,0.882460289054555,1901.73316666667,293,209
-0.12877741813814,3.24998939578835,0.878367404523876,1901.76653333333,293,209
-0.108408424694031,3.25137900491224,0.875694200677466,1901.7999,293,209
-1.03050069918471,-4.1397505878823,3.65354502199063,1899.4976,280,210
-1.0279292409794,-4.12846847932134,3.63488349512802,1899.53096666667,280,210
1.63613387146001,0.417043046957386,0.551308821668574,1899.9981,283,211
1.63084664590457,0.415892145871696,0.542682439935684,1900.03146666667,283,211
1.62638701034092,0.41339059710687,0.535455359728841,1900.06483333333,283,211
1.62285293025665,0.409384709793679,0.530013651999141,1900.0982,283,211
1.61985549443968,0.405078041941523,0.523998006044356,1900.13156666667,283,211
1.61968073214154,0.39827983773721,0.519229688140268,1900.16493333333,283,211
1.61934165166726,0.390538976940008,0.515005459661991,1900.1983,283,211
3.21600624392077,1.46606184594543,0.650542039509902,1900.53196666667,285,212
3.21389428191077,1.43911502371546,0.64426805268674,1900.56533333333,285,212
4.06411644164336,2.38382108940855,2.20105259861135,1900.899,288,213
4.06687089593931,2.38331448894188,2.20074321251637,1900.93236666667,288,213
4.06363671738664,2.38357726490482,2.19785798675203,1900.96573333333,288,213
4.06291146181022,2.38128302537853,2.19688054231732,1900.9991,288,213
2.45071555996943,-2.20071893982036,0.0718738796176167,1900.93236666667,290,214
2.45985952837764,-2.20207540010908,0.0713402540768616,1900.96573333333,290,214
2.46717145115376,-2.2000313356486,0.0670318365405376,1900.9991,290,214
2.48441353939641,-2.21818371884048,0.0607215857243034,1901.03246666667,290,214
1.33733726699352,0.450985005056957,0.5266093239272,1901.56633333333,291,215
1.32656989813661,0.457865613540878,0.523712133258057,1901.5997,291,215
1.31772916405532,0.464785880632795,0.522743806826857,1901.63306666667,291,215
1.30802043854782,0.472536537143889,0.521738449808188,1901.66643333333,291,215
1.30125470155681,0.479280111930298,0.522017753394382,1901.6998,291,215
1.29595699219942,0.484569064641202,0.521131967173819,1901.73316666667,291,215
1.28981677235481,0.488837553804261,0.519013717707671,1901.76653333333,291,215
3.00127480007929,1.29499640192426,0.528240204806597,1901.5997,292,216
3.0014202242038,1.28512134637261,0.520007411412633,1901.63306666667,292,216
3.00228437519798,1.27041395239731,0.512651469860143,1901.66643333333,292,216
2.99587765158071,1.25514541438664,0.512168710412531,1901.6998,292,216
2.9917993565264,1.23919050158654,0.509564335975551,1901.73316666667,292,216
2.98833494087756,1.22260028608525,0.505752732611009,1901.76653333333,292,216
3.05385548761686,1.1472040555064,0.438869049654138,1902.7008,295,216
3.06673689061901,1.15860341440921,0.439587007846724,1902.73416666667,295,216
3.07754183336888,1.16814238729736,0.442336976723858,1902.76753333333,295,216
3.09016930612871,1.17789005942777,0.446971445939375,1902.8009,295,216
0.631194805728166,2.56754066158275,0.998987048838141,1903.7018,297,217
0.630608441171893,2.56147587894048,1.00034665142156,1903.73516666667,297,217
0.629624966760632,2.55824278925577,1.00185220083891,1903.76853333333,297,217
0.62947528430841,2.55699549458389,1.0031671583556,1903.8019,297,217
0.627967574171382,2.55674475963058,1.00044741809071,1903.83526666667,297,217
0.629101124424597,2.55939263039411,0.995320242994076,1903.86863333333,297,217
0.630187036212143,2.56277633138191,0.98893280549244,1903.902,297,217
0.634370593196136,2.5668797736379,0.983487943993448,1903.93536666667,297,217
0.802183608336515,2.58928375776104,0.790068292780024,1904.5026,300,217
0.814306384325787,2.60385213486652,0.774580331123768,1904.53596666667,300,217
0.827839316186268,2.62348150247988,0.760929213114772,1904.56933333333,300,217
0.844127670264232,2.64370521625705,0.75278612083042,1904.6027,300,217
0.861777686953776,2.66088992683009,0.750443949832735,1904.63606666667,300,217
0.883873654527262,2.67515408152993,0.751313774167718,1904.66943333333,300,217
1.2825553987513,3.0940156505373,0.697489701455666,1905.53696666667,305,217
1.2898437116617,3.11927198490338,0.706516397164321,1905.57033333333,305,217
1.29648365027926,3.14526761447817,0.719544907725993,1905.6037,305,217
1.29986832349174,3.16577332775482,0.734425271964902,1905.63706666667,305,217
1.49691667335558,3.507052489591,0.756162686477988,1906.33776666667,308,217
1.51077327333658,3.51284780446487,0.748760560374704,1906.37113333333,308,217
1.52259230009398,3.51890000182785,0.740155294248191,1906.4045,308,217
1.53565635691894,3.52948150796205,0.731976690253841,1906.43786666667,308,217
2.91100500723097,1.33613382717442,0.289946522779812,1903.86863333333,298,218
2.91228510976397,1.32876489328846,0.288816710613208,1903.902,298,218
2.91560301793884,1.32212087722005,0.287989624745721,1903.93536666667,298,218
2.91682859123521,1.31656675658808,0.288593438003462,1903.96873333333,298,218
2.91975961745227,1.31041503777699,0.290971983993888,1904.0021,298,218
2.91644906079999,1.30096563305242,0.294512370217078,1904.03546666667,298,218
-4.68682887053546,1.29321293974737,1.28554221558501,1905.03646666667,302,219
3.26334076039707,1.03297915325523,0.351240326400111,1905.06983333333,303,220
3.26941022870296,1.0255316648321,0.356455346916613,1905.1032,303,220
3.27198344704718,1.01975734272753,0.361689993995973,1905.13656666667,303,220
3.27582006882741,1.01374509227827,0.367457646764162,1905.16993333333,303,220
3.28015272331959,1.01232942610165,0.370322643113884,1905.2033,303,220
-1.32101032748425,7.24352717885401,1.55126715164345,1905.33676666667,304,221
-1.3246644183742,7.25630025871165,1.55229098861267,1905.37013333333,304,221
0.360458072655447,0.867767534564943,0.558341536592527,1905.93736666667,306,222
0.346029547919563,0.885498071049846,0.560090076139987,1905.97073333333,306,222
0.333287997727136,0.903453048762259,0.563541521155031,1906.0041,306,222
0.323928632859146,0.921434842537899,0.568556301693181,1906.03746666667,306,222
0.316356762129217,0.939366021240525,0.574642102758407,1906.07083333333,306,222
0.308124457846842,0.956640453593795,0.580879213436565,1906.1042,306,222
0.297350092528799,0.973016082107032,0.587847297567588,1906.13756666667,306,222
0.244866884380977,1.27144285464585,0.462606925948241,1906.87163333333,309,222
0.252166686931216,1.27797031232156,0.455477829398794,1906.905,309,222
0.260276181712075,1.28708492431014,0.44550832504342,1906.93836666667,309,222
0.267609059803697,1.29589899674761,0.434779002958901,1906.97173333333,309,222
0.27440419856625,1.30379249446969,0.423923203914752,1907.0051,309,222
0.282018559796551,1.31160531989625,0.413441811277602,1907.03846666667,309,222
0.29020539616948,1.32009334892322,0.40499232305516,1907.07183333333,309,222
0.298338372856164,1.33042844933206,0.399084635860743,1907.1052,309,222
1.45083052721427,1.47304391519024,0.232820898341454,1906.17093333333,307,223
1.46097818152451,1.47192247903518,0.235361776462508,1906.2043,307,223
1.46832083527806,1.46943416772964,0.239991621519778,1906.23766666667,307,223
1.4744246070894,1.46669699229559,0.24560283921827,1906.27103333333,307,223
1.47807004391585,1.4654957874272,0.250578464921456,1906.3044,307,223
1.56752631725706,1.6002312614863,0.26376388882262,1907.63906666667,310,224
1.57420514435086,1.60231663118025,0.265200572132941,1907.67243333333,310,224
1.58012418533855,1.60457882255522,0.26784076034668,1907.7058,310,224
1.58554606816952,1.60769589167784,0.272125957615146,1907.73916666667,310,224
1.58853380440288,1.61247151353175,0.277566523033209,1907.77253333333,310,224
-5.31899953707497,-0.455003805739205,1.49771792202033,1907.93936666667,311,225
-5.30514609316558,-0.4618345887747,1.50090239704328,1907.97273333333,311,225
-5.29489000138016,-0.469175376061366,1.505253042572,1908.0061,311,225
-5.30323530311076,-0.479651670562886,1.51358613524829,1908.03946666667,311,225
0.448987837883301,2.46691604974799,0.638831824335641,1908.3064,312,226
0.45250116646494,2.47565506173562,0.649884115639152,1908.33976666667,312,226
0.4772953901956,1.76702236337724,0.542881277998047,1908.37313333333,313,226
0.482228462552839,1.7836402721407,0.559941444519451,1908.4065,313,226
0.487386950318299,1.79571912256696,0.575732179395083,1908.43986666667,313,226
0.495124033622919,1.80152760243631,0.590287903098844,1908.47323333333,313,226
-4.61734896191256,1.80797474469342,1.34244454832818,1908.4065,314,227
-4.63161027353885,1.81711115126315,1.34533207852089,1908.43986666667,314,227
4.22815479294774,-0.298808901975385,0.283666576036237,1908.77353333333,315,228
4.20810688288151,-0.297747847580805,0.282560386491458,1908.8069,315,228
4.20355656007165,-0.301494170498923,0.277669354918791,1908.84026666667,315,228
1.67497216771084,1.80472672415132,0.29783802674586,1909.0071,316,229
1.68297630341634,1.81508619380203,0.291991415043964,1909.04046666667,316,229
1.689715922896,1.82821029214807,0.285883424774982,1909.07383333333,316,229
1.69495868700467,1.84187224142971,0.278832891773931,1909.1072,316,229
1.3800020630424,2.62099470028469,4.50475419315849,1909.24066666667,317,230
1.41468256373133,2.54344441247196,4.47651101231555,1909.27403333333,317,230
1.44999089257593,2.45289612330273,4.43785510408616,1909.3074,317,230
1.47844939282747,2.35657529080798,4.39694124681563,1909.34076666667,317,230
1.50551213157814,2.26120625975302,4.36352775598947,1909.37413333333,317,230
1.52496442685739,2.15373987287752,4.30957772052548,1909.4075,317,230
-5.11148882782856,-0.413177197541313,1.57143642317049,1909.24066666667,318,231
-5.10931304941394,-0.40853198510622,1.57269626346105,1909.27403333333,318,231
-5.11421051771499,-0.409271592291415,1.57266270554902,1909.3074,318,231
0.44650833300895,0.535685096622161,0.323754176943661,1909.7078,319,232
0.407804815697376,0.512095625836087,0.302366925658374,1909.74116666667,319,232
0.368249766651425,0.48754399507897,0.282130694571039,1909.77453333333,319,232
0.327395654829187,0.463026184705059,0.258649254949547,1909.8079,319,232
-0.0929263689796704,4.49251367876089,3.16811200800834,1910.07483333333,320,233
-0.0938806085589489,4.49118654208796,3.21169697664142,1910.1082,320,233
-0.0916387211408719,4.47316076374662,3.24625136188456,1910.14156666667,320,233
-0.0862102982696379,4.45294145571005,3.27629402335928,1910.17493333333,320,233
-0.0786154667647578,4.42502171854852,3.29968645902935,1910.2083,320,233
-0.063202890910712,3.91106426965949,4.03202461967898,1911.1092,325,233
1.789408744389,2.46749299397753,0.287257445008044,1910.37513333333,321,234
1.78919542985753,2.48282699196773,0.289258672160349,1910.4085,321,234
-5.16023906563869,-0.435781461220252,1.83318703975731,1910.54196666667,322,235
-5.12858585466683,-0.429869828521726,1.84356344501411,1910.57533333333,322,235
-1.89198331018635,-0.645552930850548,-0.639142835400874,1910.909,323,236
0.148227504008247,2.09127899755082,0.725034646109222,1910.94236666667,324,237
0.142089028906831,2.09865574229512,0.735680484789896,1910.97573333333,324,237
0.13411721010456,2.10737271381226,0.746602800423688,1911.0091,324,237
0.126502654407155,2.1188803074606,0.757767949611509,1911.04246666667,324,237
0.119566902723754,2.12965040774698,0.768997706924204,1911.07583333333,324,237
0.116030787152558,2.1378343849279,0.780253099700878,1911.1092,324,237
0.117272609083619,2.14415325335119,0.79124498513346,1911.14256666667,324,237
4.37473234304716,-0.225110722766395,0.26353152046374,1911.57633333333,326,238
-4.78512710921984,5.44080929383836,1.75024708916417,1911.6097,327,239
-5.03704064358986,-0.369322402652449,2.20256401609749,1912.04346666667,328,240
-5.04300198613919,-0.379053926440709,2.21740192400983,1912.07683333333,328,240
-5.032169381521,-0.38162620533378,2.231445839796,1912.1102,328,240
-5.03033653225522,-0.387048887052636,2.24043846227897,1912.14356666667,328,240
-2.00568935484701,2.33952666658587,0.910500090873716,1912.37713333333,329,241
1.93016400424397,4.48866811714141,0.725074271893924,1912.7108,330,242
1.93723232525041,4.4832068432039,0.725997730510305,1912.74416666667,330,242
1.93849788405305,4.47081123619448,0.72493509100939,1912.77753333333,330,242
1.99608455082602,4.33501531508793,0.602067793159588,1913.64506666667,334,242
2.00019088278468,4.33100985116949,0.591767899764538,1913.67843333333,334,242
2.0070335583242,4.33175000289563,0.584421593241392,1913.7118,334,242
2.01025813813483,4.33037514883875,0.578067141946374,1913.74516666667,334,242
2.11854118049613,4.20252990250271,0.571199945650997,1914.54596666667,339,242
2.12029796616803,4.19063228740505,0.572222402035655,1914.57933333333,339,242
-4.99997457211601,-0.429850819431582,2.36938646048169,1913.17793333333,331,243
-4.99468555451407,-0.428228174962362,2.37256222149805,1913.2113,331,243
-4.98047724704105,-0.421617686604457,2.38041930028132,1913.27803333333,332,243
-0.411767911958733,2.54470890374269,1.15523154667794,1913.3114,333,244
-0.419129801332055,2.55123529390975,1.163227275445,1913.34476666667,333,244
-0.425699022643667,2.55775205346167,1.1714485876929,1913.37813333333,333,244
-0.430834535533005,2.56327641971011,1.17869377503749,1913.4115,333,244
-0.436755544313023,2.56790384166052,1.18698636164802,1913.44486666667,333,244
-3.79784717342885,5.15340145895234,1.78248658880519,1913.87863333333,335,245
-3.7822454250035,5.14835603916468,1.78433658527364,1913.912,335,245
-3.76401694666663,5.14157003387525,1.7836091693933,1913.94536666667,335,245
-3.742123916292,5.12801469164274,1.78397457138188,1913.97873333333,335,245
-3.73192134613389,5.12206488908237,1.78498722867651,1914.0121,335,245
-3.70957057988343,5.11254671597348,1.79015848259382,1914.04546666667,335,245
-3.16109412667693,4.8931104933648,1.84738510231404,1914.97973333333,341,245
-3.15354977188166,4.89268521111268,1.85135792561155,1915.0131,341,245
-3.13661657244283,4.87967370476221,1.85293823918544,1915.04646666667,341,245
-3.11701551407285,4.86897690524303,1.85584898667463,1915.07983333333,341,245
-2.72005678263356,-1.3911998364417,3.03747741020808,1914.1122,336,246
-2.73352027014507,-1.43201118436922,3.07804249632357,1914.17893333333,337,246
-2.74872834920629,-1.46155378261523,3.10383960439703,1914.2123,337,246
-1.41772364008387,1.89949131784775,0.740095452040069,1914.27903333333,338,247
-1.41665710712797,1.89873428081579,0.742343660952348,1914.3124,338,247
-1.41667446974378,1.89878138402337,0.745252627851526,1914.34576666667,338,247
-1.41715711764611,1.89867659247027,0.750142083145941,1914.37913333333,338,247
-1.41629957834914,1.8985336812429,0.753205162272645,1914.4125,338,247
-4.91714437708925,-0.409277668774514,2.44034548428102,1914.57933333333,340,248
-4.91837643090376,-0.413854737690931,2.44563156374562,1914.6127,340,248
-4.89976818840099,-0.413712026613283,2.44558681297933,1914.64606666667,340,248
-4.90206529112629,-0.421988685430208,2.45663695844285,1914.67943333333,340,248
4.05563918703406,-0.2057473019252,0.112108802149443,1915.44686666667,342,249
4.03313634147424,-0.204400728145616,0.126547194136052,1915.48023333333,342,249
4.01806143554221,-0.204191037255726,0.140994229782133,1915.5136,342,249
4.00955222842314,-0.205446692465845,0.15103836516701,1915.54696666667,342,249
3.76269001097683,-0.204799711119689,0.199469657027037,1916.3144,349,249
3.75267496657945,-0.201060388236921,0.197889533687581,1916.34776666667,349,249
3.73654500012558,-0.194172698033582,0.198496963900721,1916.38113333333,349,249
3.72753856750555,-0.190049999240633,0.201928039986977,1916.4145,349,249
3.65370118504203,-0.191845969258144,0.404200576822657,1917.2153,354,249
3.6624395915063,-0.197576023424928,0.409885844777611,1917.24866666667,354,249
3.66963680363984,-0.206691523856381,0.417910069090047,1917.28203333333,354,249
3.66671699538564,-0.21094502035071,0.426979739399953,1917.3154,354,249
3.67243519111126,-0.220029185689244,0.433323483774057,1917.34876666667,354,249
-1.33645019626542,2.05564484370943,0.858226714256027,1915.48023333333,343,250
-1.32807005324881,2.0604432052045,0.864395635399758,1915.5136,343,250
-1.31941462235604,2.06563636002919,0.871397871616357,1915.54696666667,343,250
-1.31350125771778,2.0698740492768,0.878423265823714,1915.58033333333,343,250
-1.30955749166422,2.07339055612391,0.885807773935994,1915.6137,343,250
2.47821982872417,-2.2083796199256,0.0749156005891609,1915.58033333333,344,251
6.8375682873119,0.331496971366205,-0.065282559561882,1915.68043333333,345,252
-3.5753898096975,-1.21209418470211,3.30238437385354,1915.84726666667,346,253
-3.57264189117623,-1.19928741839488,3.29904421393114,1915.88063333333,346,253
-3.58189959873841,-1.19562957259175,3.30102018040119,1915.914,346,253
-3.58839632326818,-1.19512844736083,3.30171381522329,1915.94736666667,346,253
-0.224732612563149,3.00527528958357,1.59276270371649,1915.88063333333,347,254
-0.219890573678713,3.01020074569542,1.60575700867876,1915.914,347,254
-0.216247952623269,3.01504548789491,1.61740115094435,1915.94736666667,347,254
-0.211755786730448,3.01838680187145,1.62657516647608,1915.98073333333,347,254
-0.212997890865086,3.02347540936073,1.63820100104745,1916.0141,347,254
-5.01727533660264,-0.378855058844923,2.5890283297749,1916.28103333333,348,255
-5.00987779310453,-0.373281226495949,2.58720284481107,1916.3144,348,255
-2.53925316749981,4.57784688442274,1.89613580690841,1916.38113333333,350,256
-2.52914790825779,4.580239227534,1.90026419143774,1916.4145,350,256
-2.51123714121321,4.57861255275467,1.9000146479017,1916.44786666667,350,256
-2.49487653776259,4.57731087752556,1.90193940807826,1916.48123333333,350,256
-2.49152967506493,4.58581357911363,1.90579691395006,1916.5146,350,256
-2.10237267638752,4.65083217694444,1.82190715848254,1917.44886666667,355,256
-2.09197069653774,4.64360847632104,1.81979401061604,1917.48223333333,355,256
-2.08253975673249,4.63416111484586,1.81802129119205,1917.5156,355,256
-2.06634711396603,4.6164347200813,1.81347955051684,1917.54896666667,355,256
-1.17188251834259,2.26573156577918,0.944906281252502,1916.6147,351,257
-1.16900209071329,2.26878323063717,0.94539214454699,1916.64806666667,351,257
-1.16019671737998,2.27200226436798,0.945937590806337,1916.68143333333,351,257
-1.15648883743299,2.27293769895417,0.946518753607675,1916.7148,351,257
-1.15198743622929,2.27420995147097,0.94766857368751,1916.74816666667,351,257
-4.04799442543691,-1.00667876748963,2.94956926559454,1917.08183333333,352,258
-4.07278056577057,-0.997984114405465,2.94353490298841,1917.1152,352,258
-4.06727447524176,-0.974791459490222,2.92635438909138,1917.14856666667,352,258
-4.0849761444719,-0.967519964035709,2.92197969082469,1917.18193333333,352,258
6.57251681591362,0.049264103634159,0.296720863323937,1917.14856666667,353,259
6.56039110301156,0.0518341426445249,0.298633380486497,1917.18193333333,353,259
6.56228546246926,0.0550136410879403,0.29584556452179,1917.2153,353,259
-4.97776397794175,-0.519879835381267,2.6395818936221,1917.68243333333,356,260
-4.95808172632985,-0.523032802716845,2.63195873655309,1917.74916666667,357,260
-4.32014887398196,-0.888134149640444,2.62687571572895,1918.54996666667,360,260
-4.3195915689889,-0.900256306499307,2.63223549547155,1918.58333333333,360,260
-4.32257980674727,-0.912259827793623,2.64068408506893,1918.6167,360,260
-4.31666618264567,-0.916768840338059,2.64363110901644,1918.65006666667,360,260
-4.75692964045631,-0.377479193930814,2.31841841058354,1919.48423333333,363,260
-4.76008376676431,-0.382109630058074,2.31678785322546,1919.5176,363,260
-4.74433336800637,-0.386696553490603,2.31351028286283,1919.55096666667,363,260
-4.74678583683528,-0.395315357190957,2.31712675234491,1919.58433333333,363,260
-0.923487206730082,2.33359841716929,0.904847674461911,1917.88263333333,358,261
-0.918990698688272,2.33821487066139,0.906649270380927,1917.916,358,261
-0.915916729847916,2.34261773189203,0.908594050514072,1917.94936666667,358,261
-0.909988855178008,2.34509154837705,0.908823691491532,1917.98273333333,358,261
-0.908556923590906,2.34610196040058,0.909184553006235,1918.0161,358,261
-0.905964772746946,2.34311669297254,0.909431270126131,1918.04946666667,358,261
3.76315465732459,-0.155551639249005,0.356713989072705,1918.34976666667,359,262
3.7703697119437,-0.155271646336148,0.356397202630919,1918.38313333333,359,262
3.78411651773696,-0.157914126158428,0.353830039746557,1918.4165,359,262
-1.99884877988886,4.62795924481306,1.53911515201787,1918.68343333333,361,263
-1.99471311869712,4.62574819320361,1.53148944028519,1918.7168,361,263
-1.99946206741084,4.63318616131219,1.52673383805449,1918.75016666667,361,263
2.69975527971693,1.55224357072335,0.0942990960644917,1918.75016666667,362,264
2.69943071378374,1.55087301173949,0.0966045312701089,1918.78353333333,362,264
2.66273498668072,1.54097898808717,0.149010216785051,1919.7178,364,264
2.66160340015997,1.548663331221,0.143710637713378,1919.75116666667,364,264
2.6585739976825,1.55838035247323,0.136725956881718,1919.78453333333,364,264
2.76474264691961,1.72345952916515,0.142627712588269,1920.7188,368,264
2.82095035946292,1.71446535353684,0.278284118755721,1921.68643333333,373,264
2.8162900292256,1.70955292379772,0.289949133704506,1921.7198,373,264
2.81640317130971,1.70567202884499,0.299008901495744,1921.75316666667,373,264
2.81613498032024,1.69851777076118,0.308399827055258,1921.78653333333,373,264
-1.94344061379504,4.69951415651768,1.33358056158584,1919.75116666667,365,265
-1.94429400416817,4.70792001597239,1.33030296311372,1919.78453333333,365,265
3.98960097099846,-0.63737800444089,0.362342830178982,1920.2183,366,266
3.97197809606129,-0.641463808926722,0.363360619240976,1920.25166666667,366,266
3.96294691607404,-0.649868725620917,0.362788401103797,1920.28503333333,366,266
3.94844629063371,-0.653380377887846,0.362628180554738,1920.3184,366,266
-0.394787134346533,1.34994233248323,0.953363304251461,1920.25166666667,367,267
-0.38648507643833,1.33990591674867,0.959661330006366,1920.28503333333,367,267
-0.376884093865403,1.330282828858,0.966498372957662,1920.3184,367,267
-0.36824731788234,1.32158434698637,0.973146384260665,1920.35176666667,367,267
-0.360827568120321,1.31220531309394,0.97994758222504,1920.38513333333,367,267
-0.354027021899201,1.30276961477404,0.985920083506639,1920.4185,367,267
-0.349100342215662,1.29204309843571,0.990918612515205,1920.45186666667,367,267
-4.2765234095921,-0.398974710741316,2.27877048099196,1920.78553333333,369,268
-4.27885409860717,-0.392971773437883,2.28062768100148,1920.8189,369,268
-4.63205966870927,0.0319788297088276,1.83263337971633,1921.78653333333,374,268
-4.63044718652578,0.0378287751323152,1.82791137237198,1921.8199,374,268
-4.64278404311158,0.0386494503149712,1.8246304674793,1921.85326666667,374,268
-4.64054870731771,0.0432721453485666,1.8214028397671,1921.88663333333,374,268
0.144362153515744,3.59229638650502,4.91173986767909,1920.88563333333,370,269
5.71807167389735,0.384527163929742,0.322707155208621,1920.88563333333,371,270
5.68782239979566,0.39271976488601,0.318283187742397,1920.919,371,270
5.68887346185709,0.397419014761114,0.314721767948436,1920.95236666667,371,270
3.94220287177552,-0.627487941681743,0.307547771506125,1921.35276666667,372,271
3.95390503951862,-0.631151721963522,0.305957303151148,1921.38613333333,372,271
3.95163335805598,-0.627386662110073,0.302661382858639,1921.4195,372,271
-0.227135525133763,1.35161943134388,0.791704275514488,1921.8199,375,272
-0.223602252065447,1.34801768692992,0.788686086365353,1921.85326666667,375,272
-0.219084794640664,1.34283774858018,0.785091249515412,1921.88663333333,375,272
-0.21570439181604,1.33764913734859,0.781843166214871,1921.92,375,272
-0.213855380454809,1.33143319766131,0.779568147019144,1921.95336666667,375,272
-0.213123315200482,1.32483220209915,0.776897623846171,1921.98673333333,375,272
-0.214524178752969,1.31799362508506,0.775822654948951,1922.0201,375,272
5.19341132347368,0.50382656212969,0.328245999841342,1922.08683333333,376,273
5.17567469692182,0.498634476615607,0.331643326297527,1922.1202,376,273
5.17168546605562,0.491714889935693,0.33119826571954,1922.15356666667,376,273
5.15638454105259,0.485090996213572,0.334138131627601,1922.18693333333,376,273
5.01552456012312,0.335969867759077,0.398349094156843,1923.08783333333,382,273
5.00604359317938,0.333940977669193,0.409439842140986,1923.1212,382,273
5.00565406382808,0.330410597566507,0.416167346847359,1923.15456666667,382,273
5.00331560383749,0.326442684132124,0.424634332617724,1923.18793333333,382,273
4.41389541871149,-0.401705567866789,0.137485385693088,1923.5216,383,273
4.4233381059793,-0.392895589876197,0.141133478479,1923.55496666667,383,273
4.44693773853514,-0.386380577238655,0.143246487380257,1923.58833333333,383,273
4.78642194566159,0.592302550012424,0.29011607321014,1924.1222,385,273
4.77752088863416,0.592856438040046,0.280576365223743,1924.15556666667,385,273
4.76674557966908,0.594309577997465,0.270058273830126,1924.18893333333,385,273
4.75428149729297,0.594056906389825,0.256309554185209,1924.2223,385,273
4.76147154139507,-0.30397063453658,0.167194621283584,1924.6227,388,273
4.7645742467004,-0.296925740393564,0.171800614738012,1924.65606666667,388,273
4.79025274147763,-0.300233314114077,0.169964605830336,1924.68943333333,388,273
4.65112855374832,0.606302221658626,0.225369960920802,1925.05646666667,390,273
4.97770281824561,-0.201564764013932,0.10127591484438,1925.55696666667,394,273
4.99920275404397,-0.204626126533376,0.103167694668381,1925.59033333333,394,273
5.00006101362019,-0.204035817537862,0.109126198381775,1925.6237,394,273
5.00924759021213,-0.206336315114737,0.111430972127016,1925.65706666667,394,273
4.48778560583242,0.680847805999132,0.313641479429534,1925.924,395,273
4.4946898436496,0.677931244421772,0.31368201377877,1925.95736666667,395,273
4.49457732802889,0.677956689714968,0.313908318554972,1925.99073333333,395,273
3.98982180391377,-0.556683482965752,0.288494667806331,1922.45386666667,377,274
3.98926511578368,-0.554145700527481,0.281421970428156,1922.48723333333,377,274
3.99941476795934,-0.551898164553182,0.270497559714461,1922.5206,377,274
2.78746140412448,1.32644434640446,0.361776795566445,1922.88763333333,378,275
2.78445136462391,1.3233048427768,0.362649106948204,1922.921,378,275
2.77327423704336,1.3177835437243,0.365184687517714,1922.95436666667,378,275
2.7657103242856,1.31250076560425,0.368039971044731,1922.98773333333,378,275
2.76244446809217,1.30494636398145,0.372378970682719,1923.0211,378,275
-4.53028066398233,0.233657764442622,1.74482504956076,1922.98773333333,379,276
-4.53184215071282,0.236491541470646,1.74898072221487,1923.0211,379,276
-4.54482169762336,0.236508649466477,1.75694775180238,1923.05446666667,379,276
-0.0243964556045324,3.37453448533308,2.02435305623966,1923.05446666667,380,277
-0.0239245919951558,3.37662388328284,2.02642476271192,1923.08783333333,380,277
-0.022913790485433,3.37443098338556,2.02510187758828,1923.1212,380,277
-0.023575127505996,3.37542750390239,2.02678276842771,1923.15456666667,380,277
-0.0227879214863199,3.37425750686696,2.02666624923745,1923.18793333333,380,277
-4.66551818152464,0.330775861024051,1.40457539875861,1923.05446666667,381,278
-4.66454125019392,0.333455742554801,1.39531871792491,1923.08783333333,381,278
-4.65659294976413,0.339140780301468,1.3810019744272,1923.1212,381,278
-4.66305273059054,0.340274707357791,1.37329554333339,1923.15456666667,381,278
-0.38773111718356,1.63892697616097,0.727599628453412,1923.58833333333,384,279
-0.386511967679155,1.65114946804579,0.728491425169177,1923.6217,384,279
-0.38353380900868,1.66043103740109,0.729420688726336,1923.65506666667,384,279
-0.379294933518453,1.669622772099,0.731412626477368,1923.68843333333,384,279
-0.37413309515178,1.67917434723969,0.732667011359271,1923.7218,384,279
-0.370867192380456,1.68790104681128,0.735642921131632,1923.75516666667,384,279
-0.369382218472189,1.69418843212639,0.74039271018285,1923.78853333333,384,279
2.85870002851873,1.04103185737971,0.254409488066929,1924.2223,386,280
2.86189697669992,1.03540948420911,0.26211818561865,1924.25566666667,386,280
2.86612075229426,1.0287674796825,0.268674029728267,1924.28903333333,386,280
2.86877380105622,1.02254169002638,0.274843255594283,1924.3224,386,280
2.87196907981196,1.01959395946049,0.279464655969508,1924.35576666667,386,280
-5.17794088143258,2.32854327277246,1.45218311069064,1924.35576666667,387,281
-4.63548024893723,0.62923921077057,1.26101944878685,1924.85626666667,389,282
-4.64169311919101,0.628176049435939,1.26022363946135,1924.88963333333,389,282
-4.6389579590287,0.628181158754919,1.25971103688086,1924.923,389,282
-4.63888537718189,0.628118376221042,1.26093290689564,1924.95636666667,389,282
-4.64458611782857,0.628061730102971,1.25995196068578,1924.98973333333,389,282
2.95065804233698,0.858954121849221,0.386489227050638,1925.35676666667,391,283
2.96325598083008,0.859938421831098,0.388453415319959,1925.39013333333,391,283
2.96765464494125,0.861721851660172,0.389717666391991,1925.4235,391,283
2.97136930267621,0.865705212776343,0.389922903418004,1925.45686666667,391,283
2.97741857482883,0.868695650642762,0.389860061216484,1925.49023333333,391,283
2.97882694002276,0.871243932065964,0.389770788068851,1925.5236,391,283
-0.467266443710074,1.96093162559908,0.786319507294689,1925.45686666667,392,284
-0.470393171449778,1.96608635887039,0.785838480844248,1925.49023333333,392,284
-0.471385491561196,1.97278654346546,0.785519357437056,1925.5236,392,284
-0.471735592822446,1.97973967970361,0.78635475107165,1925.55696666667,392,284
-0.470914864222568,1.98533196962832,0.788871294626205,1925.59033333333,392,284
-0.468184206758255,1.98893349623103,0.793187298540222,1925.6237,392,284
-0.466090061758608,1.98874948113646,0.799754318326572,1925.65706666667,392,284
-2.70529828137049,-0.781837700469377,2.11164994014761,1925.55696666667,393,285
-2.67678764123359,-0.829099852148706,2.12586619661885,1925.59033333333,393,285
-2.63944589196133,-0.872277997152489,2.13661237172919,1925.6237,393,285
-2.60079079748615,-0.908466003009408,2.14541727679273,1925.65706666667,393,285
-2.57319973809284,-0.94906591681516,2.15881818196666,1925.69043333333,393,285
3.04028851120878,0.553298571228873,0.430483718965156,1927.926,396,286
3.03868160725774,0.550343862269219,0.433558863573852,1927.95936666667,396,286
3.0363685190419,0.548104219273099,0.434854198723535,1927.99273333333,396,286
3.02894409366094,0.547962148675351,0.43096562994454,1928.0261,396,286
3.02656551320435,0.547946217949347,0.427917686560078,1928.05946666667,396,286
3.02757686324194,0.543144188820798,0.425886697276352,1928.09283333333,396,286
-0.57019731156002,-1.81783836061305,1.65013758877589,1927.99273333333,397,287
-0.563506647165427,-1.83651689620305,1.65828394768139,1928.0261,397,287
-0.549861401231203,-1.8450504321695,1.66546337590702,1928.05946666667,397,287
-0.534405119287949,-1.85320704059299,1.66936459183882,1928.09283333333,397,287
-0.523468318222767,-1.8732128591633,1.67838619883112,1928.1262,397,287
-0.512472373612962,-1.87943445772285,1.68180977326108,1928.15956666667,397,287
-0.746260871643676,2.0717378794716,0.823959380125724,1928.35976666667,398,288
-0.757331567849553,2.07214536661651,0.827866671561335,1928.39313333333,398,288
-0.768370807579182,2.07079562093185,0.834920201250092,1928.4265,398,288
-0.773070002820728,2.06762420530337,0.838480695137728,1928.45986666667,398,288
-0.776223013174362,2.06557176269125,0.838194446025728,1928.49323333333,398,288
-0.776245203810796,2.06674639379901,0.83579277083812,1928.5266,398,288
-4.56434588484471,1.80693776720522,1.51749490649297,1928.927,399,289
4.36406648442622,1.1975774117304,0.480247438099609,1928.96036666667,400,290
4.38430636462205,1.20984983429615,0.491299612020537,1928.99373333333,400,290
4.41107903732582,1.22429354128128,0.504846827090403,1929.0271,400,290
4.42944385058346,1.23846891307046,0.524859324737126,1929.06046666667,400,290
4.44019208061685,1.25213111734322,0.548495784101388,1929.09383333333,400,290
4.48619026192667,1.03184901281479,1.24574189698707,1930.06146666667,402,290
4.48544719858895,1.0220632801923,1.27588916123092,1930.09483333333,402,290
4.47955790974145,1.01699845571589,1.3009223435931,1930.1282,402,290
4.48047860884294,1.01582498537977,1.31205690606569,1930.16156666667,402,290
4.48014516394008,1.01503074265401,1.31997911657925,1930.19493333333,402,290
-0.359519003972019,-2.07712051236339,1.63164801920925,1929.3274,401,291
-0.362345022899356,-2.08778369894485,1.62337518311912,1929.36076666667,401,291
-0.365195955784885,-2.09164415895141,1.61539863701587,1929.39413333333,401,291
-0.363319956610425,-2.08633651628234,1.6062378233957,1929.4275,401,291
2.92109223302493,0.993854190553887,0.742635367028855,1930.59533333333,403,292
2.91378151780378,0.991549331944333,0.742688123982834,1930.6287,403,292
2.90561760203888,0.98814550400654,0.74352319146071,1930.66206666667,403,292
2.89766595465096,0.985948030225251,0.742728316816234,1930.69543333333,403,292
-0.36627319772431,-1.8411205817314,1.212892377665,1930.929,404,293
-0.354136232623832,-1.85937763284282,1.20740187167804,1930.96236666667,404,293
-0.34337801986469,-1.88246325980047,1.20496558231089,1930.99573333333,404,293
-0.330561753512367,-1.90383891441613,1.20358286134388,1931.0291,404,293
7.43966212095687,-1.16232194060999,0.282589078724403,1931.8299,405,294
5.62376306123567,0.808386165058681,1.10163713485571,1931.99673333333,406,295
5.65315576502478,0.814292514277874,1.08463289891993,1932.0301,406,295
5.68123586883837,0.822770062573368,1.06607758964071,1932.06346666667,406,295
5.72910665082155,0.829188925030241,1.05208444961352,1932.09683333333,406,295
-0.816333118290082,-2.00050845435048,1.3200684090139,1932.06346666667,407,296
-0.832956331540799,-2.0048729142507,1.32385089761665,1932.09683333333,407,296
-0.854632686970158,-2.01502838965058,1.32888748282744,1932.1302,407,296
-0.873589938205922,-2.02102495435758,1.33272662638255,1932.16356666667,407,296
-0.890441541341048,-2.02699079756756,1.3356525421225,1932.19693333333,407,296
-0.907830506282334,-2.0369195500409,1.33929300323966,1932.2303,407,296
-0.991363503741727,-1.88613353406822,1.29693383482983,1933.09783333333,409,296
-0.992532626471841,-1.87403075446515,1.30025915942454,1933.1312,409,296
-0.991689101057368,-1.86606973686467,1.3036425352932,1933.16456666667,409,296
-0.985368963812071,-1.86048528747091,1.30504739044922,1933.19793333333,409,296
1.75003080448592,5.1077724968786,0.577524250682886,1932.59733333333,408,297
1.7444459330905,5.09620265880207,0.578304110845508,1932.6307,408,297
1.75159477682778,5.11044076337512,0.57782972381253,1932.66406666667,408,297
1.75031183120575,5.11073690853822,0.578119914544813,1932.69743333333,408,297
1.75138161814308,5.10887583563334,0.578305770778876,1932.7308,408,297
6.09721023230398,0.908521989553478,0.92263604261234,1933.26466666667,410,298
-3.00270132640711,6.17504257898439,1.69851306816402,1933.6317,411,299
0.332020573250097,2.222047234889,1.10232868398643,1933.66506666667,412,300
-1.1419984430545,-1.46446301007585,0.848700937506446,1934.2323,413,301
-1.13762546747044,-1.45381997864448,0.830283570513779,1934.26566666667,413,301
-1.12789549732795,-1.43515059482575,0.81270913247205,1934.29903333333,413,301
-1.21011722340306,-1.02308316409633,0.300611112843127,1935.1332,416,301
-1.23046533049007,-1.01505181709473,0.295368548254711,1935.16656666667,416,301
-1.24343891753738,-1.00001135782045,0.297277959185359,1935.19993333333,416,301
-1.25321842988934,-0.984216478256955,0.304190572422185,1935.2333,416,301
-1.27532781663829,-0.982146023671777,0.313593090834027,1935.26666666667,416,301
-1.26875012299752,-0.984821688053373,0.409144612821093,1935.96736666667,418,301
-1.25742930279885,-0.977257623010357,0.420207891771714,1936.00073333333,418,301
-1.24254711762793,-0.965486288241404,0.434593747187077,1936.0341,418,301
-1.23209366580793,-0.960176735400362,0.447860864895018,1936.06746666667,418,301
-1.22088227905418,-0.953394379638607,0.460947680819652,1936.10083333333,418,301
-1.20829082002449,-0.94760927070314,0.479576977405097,1936.1342,418,301
-0.748455089946657,-0.914306958000567,0.733230817763088,1936.80153333333,421,301
-0.716413124293117,-0.92016709190487,0.747726694807935,1936.8349,421,301
-0.677945829832825,-0.918579676357333,0.762070378613188,1936.86826666667,421,301
-0.644104582815689,-0.924590547729956,0.779586198932738,1936.90163333333,421,301
-0.613593678171869,-0.932581692811358,0.794890801106785,1936.935,421,301
-0.579848083831857,-0.939633095269137,0.81119214996162,1936.96836666667,421,301
7.03653328568595,0.660311229668647,0.812488075415899,1934.76616666667,414,302
-2.00708415362013,6.17338403777937,1.83801288572458,1934.8329,415,303
-1.97510753715197,6.18683744078746,1.84816827271821,1934.86626666667,415,303
-6.74717379956134,-2.71752232982667,1.36834470668578,1935.96736666667,417,304
-0.280955978842781,5.43752691715546,1.99918852691999,1936.20093333333,419,305
-0.244268657144506,5.37923659489254,1.9957152450844,1936.2343,419,305
-0.206617070839181,5.30993607940809,1.98940453505387,1936.26766666667,419,305
-0.176003253695483,5.25516556613909,1.98773879106077,1936.30103333333,419,305
-0.147436763884221,5.20043256650653,1.98609378348517,1936.3344,419,305
-0.118358848858146,5.15039760371427,1.9847245295135,1936.36776666667,419,305
7.08360467454718,0.968933720620349,0.955133422478307,1936.30103333333,420,306
7.0622978544387,0.962753085966334,0.953923662507427,1936.3344,420,306
1.7486771543958,5.10892413535416,0.573640667964929,1937.00173333333,422,307
1.74567560928149,5.10068861914082,0.574942395863959,1937.0351,422,307
0.676338504761033,-0.690232303011166,0.951844914758646,1937.66906666667,423,308
0.719867746263328,-0.70386127858782,0.969688573218121,1937.70243333333,423,308
0.803015874601769,-0.80605645207713,1.0427376800314,1937.80253333333,424,308
0.819663137558696,-0.763135340213209,1.04635677487337,1937.8359,424,308
0.632455357132744,2.80005526302175,1.50016165609088,1937.96936666667,425,309
0.642965160290462,2.73713779167016,1.48569318757654,1938.00273333333,425,309
0.652507032735494,2.67338823551286,1.4735001909244,1938.0361,425,309
0.658224577105252,2.61138495274978,1.46149162482445,1938.06946666667,425,309
0.662962044912984,2.55325710025911,1.45095299125514,1938.10283333333,425,309
0.666605591728488,2.49590595680879,1.44090410607127,1938.1362,425,309
0.669164200890734,2.44079603358918,1.43257276994953,1938.16956666667,425,309
0.67248422181495,2.38833998774522,1.42554142530478,1938.20293333333,425,309
1.4498944167762,-0.776254403936144,1.02585920986016,1938.90363333333,426,310
1.48269203239231,-0.792623093057008,1.02242008336103,1938.937,426,310
1.51359247556913,-0.811720632648237,1.01996681318357,1938.97036666667,426,310
1.89090489775787,-1.04773471376765,0.761554173258017,1939.90463333333,428,310
1.89060090753704,-1.06502533439833,0.750847658444998,1939.938,428,310
1.88230862149895,-1.06898905647674,0.736920122467999,1939.97136666667,428,310
1.87877529117207,-1.08026165069896,0.724115650758475,1940.00473333333,428,310
1.87117837572257,-1.08468974504318,0.712101603576414,1940.0381,428,310
0.573116510227188,1.33050510530449,1.3636188936656,1939.10383333333,427,311
0.563157269849518,1.31737193010975,1.36533518710202,1939.1372,427,311
0.555597458247468,1.2994274544254,1.36621884924454,1939.17056666667,427,311
0.545749909137844,1.28369640563981,1.37164604493379,1939.20393333333,427,311
-4.63540736667097,0.622666355912248,1.26869257503258,1940.00473333333,429,312
-4.64726343647836,0.620107087939107,1.2695219530421,1940.0381,429,312
-4.63540736667097,0.622666355912248,1.26869257503258,1940.07146666667,429,312
0.17977268961142,1.36140194039552,0.836595052358856,1940.8389,430,313
0.173679191765397,1.35850697697882,0.826822609721128,1940.87226666667,430,313
0.169268196470785,1.35308404611798,0.819373625568345,1940.90563333333,430,313
0.166630757098564,1.34742315757426,0.813356173339522,1940.939,430,313
0.163738192904962,1.34313878770632,0.806838301692522,1940.97236666667,430,313
0.159069174369481,1.34053457405105,0.800941583570938,1941.00573333333,430,313
0.153260456394719,1.33663502608695,0.796566456114697,1941.0391,430,313
-0.0282234595442966,1.38304698161687,0.790305285130203,1941.97336666667,432,313
-0.0279404139429477,1.38678636209555,0.792071319027463,1942.00673333333,432,313
-0.0285723290215565,1.39168897902293,0.793172810784473,1942.0401,432,313
-0.0316729933232984,1.39695679297187,0.793482558144811,1942.07346666667,432,313
-0.0377004831202936,1.40393237414685,0.794799568489009,1942.10683333333,432,313
-0.0430874648788574,1.4079628046169,0.796659306784925,1942.1402,432,313
-0.046256024264091,1.41114128196698,0.800019110285268,1942.17356666667,432,313
1.44643721155962,-0.909216920601135,0.508692023206358,1941.07246666667,431,314
1.4257344404957,-0.89798320829547,0.511259582294783,1941.10583333333,431,314
1.41090099407017,-0.898344167982268,0.512290602749832,1941.1392,431,314
1.39197768211029,-0.893507618490115,0.514614628851211,1941.17256666667,431,314
1.37309484289225,-0.892072188797559,0.519162838867384,1941.20593333333,431,314
1.10270841385234,-0.384640276219866,0.305736438315916,1943.10783333333,433,315
1.3017645772044,-0.39231075129593,0.499108126346463,1944.07546666667,435,315
1.3063828675666,-0.404917693279376,0.500605265020305,1944.10883333333,435,315
1.30957256078532,-0.417784388109328,0.503296315594147,1944.1422,435,315
1.31274341554381,-0.429914018945119,0.507969258675049,1944.17556666667,435,315
1.31638456308736,-0.439472134119945,0.511465209071701,1944.20893333333,435,315
1.32646096583615,-0.454635268127733,0.512401139937448,1944.2423,435,315
0.192376850223139,1.35505446317599,0.553873411276963,1943.50823333333,434,316
0.187895923027908,1.35535987835476,0.548184351803844,1943.5416,434,316
0.182291469440283,1.35446855333096,0.543146724612553,1943.57496666667,434,316
0.177287282431216,1.35382849857487,0.5389171376133,1943.60833333333,434,316
0.173804370169976,1.35680594690156,0.534744725097658,1943.6417,434,316
0.171493937858516,1.36306718846493,0.532218044646175,1943.67506666667,434,316
0.170669063242199,1.36930444040259,0.536670445888416,1943.70843333333,434,316
0.172194786342181,1.37209258494454,0.545259139541587,1943.7418,434,316
0.382796118337229,1.49560369717742,0.617435409023916,1944.6427,436,316
0.389986408998107,1.50497979980997,0.614745282670501,1944.67606666667,436,316
0.400838655963649,1.51730216154154,0.611426995565052,1944.70943333333,436,316
0.411540732924967,1.52936617801392,0.608281568443255,1944.7428,436,316
0.422410457170732,1.53915780124315,0.605027999990428,1944.77616666667,436,316
0.452769984532243,0.75466203215464,0.483066519774313,1944.80953333333,437,316
-0.917410169669812,1.65479588481593,0.472284861677376,1944.97636666667,438,317
-0.917656381814612,1.65486568741913,0.472616954784166,1945.00973333333,438,317
3.18622195350681,0.306052480492003,0.143978102107982,1945.20993333333,439,318
3.18343775890175,0.302296089441356,0.158078869346958,1945.2433,439,318
3.17175145322825,0.296425156812872,0.172421259062674,1945.27666666667,439,318
3.16606409888084,0.284435812353527,0.185732532506728,1945.31003333333,439,318
3.15543889003011,0.274788216976064,0.199807888198063,1945.3434,439,318
2.80651560940597,-0.235706577275058,0.403993645142815,1946.11083333333,443,318
2.78262600985508,-0.264899958674762,0.4052476000622,1946.1442,443,318
2.75842456954136,-0.295038229408116,0.404992714610929,1946.17756666667,443,318
2.73263425228084,-0.326573499956897,0.400897716531075,1946.21093333333,443,318
2.71592102869019,-0.359025378409402,0.39441059043134,1946.2443,443,318
2.03257996669686,-1.01150103692724,0.246750175291589,1946.945,444,318
1.61062000880327,-0.468178793297114,0.784571844580131,1945.2433,440,319
1.61149735946675,-0.46663053207589,0.784706792826159,1945.27666666667,440,319
1.56621826022845,-0.423243131314176,0.778001241954867,1945.37676666667,441,319
0.597731047708182,1.93414475600974,0.506451334699144,1945.91063333333,442,320
0.59941482604039,1.94216248694438,0.516127934797991,1945.944,442,320
0.601403497203319,1.94751854365002,0.523549565819643,1945.97736666667,442,320
0.603045566905616,1.95190481320711,0.530423460026529,1946.01073333333,442,320
0.679114461674974,2.28794519774264,0.584416725020253,1947.81253333333,445,321
0.684606371513835,2.30256962980728,0.586775122329677,1947.8459,445,321
0.691239446913012,2.31925030431657,0.590832276282525,1947.87926666667,445,321
0.697444980026694,2.33717930802807,0.59634040667676,1947.91263333333,445,321
0.704946933338872,2.35497033335538,0.59942866472668,1947.946,445,321
0.715857105526358,2.36864649069445,0.60204395181429,1947.97936666667,445,321
0.728247022333473,2.37644892259854,0.607421339269223,1948.01273333333,445,321
-4.63419426810894,0.624316807243605,1.27045585276045,1948.5466,446,322
-4.6367091883954,0.623438416419879,1.27069236867569,1948.57996666667,446,322
-4.63584459513311,0.623506914356641,1.26998760125476,1948.61333333333,446,322
-4.6367091883954,0.623438416419879,1.27069236867569,1948.6467,446,322
-4.63628832886928,0.622774082825333,1.27064068389458,1948.68006666667,446,322
-4.63348897808783,0.624418596676507,1.27125234021674,1948.71343333333,446,322
1.23232617511412,2.80429922277962,0.718020717035759,1949.01373333333,447,323
1.24041435713628,2.80719966037103,0.719713472191699,1949.0471,447,323
1.24707953260969,2.81114689043991,0.720016000554847,1949.08046666667,447,323
1.2547134842923,2.81362504138638,0.722328001274091,1949.11383333333,447,323
1.26600004294966,2.81261475088542,0.729473319918403,1949.1472,447,323
-5.2647321865655,2.37901530449938,1.3896675346522,1949.41413333333,448,324
1.41546521540302,2.61940805206698,0.588908149636508,1950.1482,449,325
1.41942855058585,2.61157557573272,0.588747253008778,1950.18156666667,449,325
1.82514451472735,2.39515082372661,0.559880483053259,1951.31603333333,450,326
1.83610475368084,2.37842772179454,0.55903736127524,1951.3494,450,326
1.85850646009361,2.36316801028159,0.55528876141255,1951.38276666667,450,326
2.30054673692494,2.02629538339259,0.627945298253703,1952.31703333333,451,326
2.31375927533113,2.01556190968857,0.630622355956128,1952.3504,451,326
2.33224172360287,2.00425281346858,0.633791914077031,1952.38376666667,451,326
2.35042486043294,1.99356156700101,0.634881120436843,1952.41713333333,451,326
2.36959162342898,1.98601279741705,0.634395264171269,1952.4505,451,326
1.75574556438844,-0.246914997819516,0.0150516228626053,1952.5506,452,327
-4.42587612847025,2.77574761119698,1.38946484618375,1952.58396666667,453,328
-4.42409794381352,2.76027590671781,1.39277354558136,1952.61733333333,453,328
2.68272439580614,1.94585456673607,0.475602038738902,1953.5516,454,329
2.68867311199278,1.94281125916046,0.4774865996224,1953.58496666667,454,329
2.6928482812912,1.94047606889662,0.475938733860226,1953.61833333333,454,329
2.69482539239041,1.94023780285124,0.471321655683165,1953.6517,454,329
-3.28243736418641,2.41225404094854,1.33583849334056,1954.21893333333,455,330
-3.25877791894911,2.41653340474891,1.33170453934407,1954.2523,455,330
-3.2431417903624,2.42487128895281,1.32847883764334,1954.28566666667,455,330
4.07509893455516,2.3558990532636,2.17873409664618,1954.31903333333,456,331
2.89095213014956,2.01599731353241,0.594259346694594,1954.71943333333,457,332
2.8978687684014,2.02144335970965,0.601815215956337,1954.7528,457,332
2.90460035983395,2.02917259261346,0.609663702342298,1954.78616666667,457,332
2.91110670866034,2.03631332132876,0.614644343788103,1954.81953333333,457,332
2.91757105384359,2.04406153175374,0.62218777018468,1954.8529,457,332
2.92680627371832,2.04997020809806,0.6294204110484,1954.88626666667,457,332
3.11165672932608,2.56018974329042,0.688975775554716,1956.18756666667,458,333
3.12654621619169,2.56944145487512,0.688186128202069,1956.22093333333,458,333
1.75314930917059,5.11589001057873,0.573108396363191,1956.38776666667,459,334
1.75056712290295,5.11231425945576,0.573314260372437,1956.42113333333,459,334
1.74997712177375,5.10941905556307,0.573849158596627,1956.4545,459,334
1.82783618544661,-0.346627240941254,0.130397048330994,1956.42113333333,460,335
1.83188708538654,-0.366554685913498,0.147225128402885,1956.4545,460,335
1.83425763149948,-0.387177952955808,0.163736005159292,1956.48786666667,460,335
1.83615927640449,-0.408003076870802,0.182652876405135,1956.52123333333,460,335
-1.55158525180632,-4.73804613213232,0.747543728238618,1957.02173333333,461,336
-1.54419337713305,-4.71684071723686,0.761821483409631,1957.0551,461,336
3.05806734290528,2.83806284630339,0.534211787763809,1957.3554,462,337
3.05513290206904,2.84551120264283,0.53257908186857,1957.38876666667,462,337
3.05662511476579,2.8528453984836,0.533344507366163,1957.42213333333,462,337
2.10481483708409,-1.64350401328562,0.356028593227709,1957.48886666667,463,338
2.11943108638066,-1.66635383892736,0.360352827034916,1957.52223333333,463,338
2.14710353927186,-1.71146885365929,0.358824305966002,1957.5556,463,338
-4.64470149745921,0.620477502630196,1.27245281137455,1958.22293333333,464,339
-4.63722093915174,0.622095940908498,1.27209501431344,1958.2563,464,339
-4.63722093915174,0.622095940908498,1.27209501431344,1958.28966666667,464,339
-4.63070532118322,0.621122187602699,1.27158186951418,1958.32303333333,464,339
-4.63282454365398,0.620309086869521,1.27192632520419,1958.3564,464,339
3.04023799818165,3.16254984754356,0.44418709558831,1958.8569,465,340
3.26836999832458,-2.04511414244504,0.0447946095955293,1959.19056666667,466,341
3.31212525271897,-2.05436141253626,0.0372110517895957,1959.22393333333,466,341
3.31032213249704,-2.01227507244849,0.0432780164129914,1959.2573,466,341
3.58655299172123,-1.78921944780052,0.184012455445006,1960.12483333333,468,341
3.58689855964755,-1.78158512593835,0.196664871446689,1960.1582,468,341
3.59863044532364,-1.78576639471751,0.209033379636369,1960.19156666667,468,341
3.59271938651433,-1.77612157215309,0.222694426774502,1960.22493333333,468,341
3.67035144537262,-1.66203997281032,0.44052807485481,1961.12583333333,470,341
3.6669878298873,-1.65236463515471,0.453227877611292,1961.1592,470,341
3.68640099935376,-1.66579426282719,0.464800210902851,1961.19256666667,470,341
3.67941246626602,-1.66070862827724,0.479252132127253,1961.22593333333,470,341
3.68324677475722,-1.66445110909771,0.492722943933387,1961.2593,470,341
2.79987725051064,1.88357083937342,0.622091981785546,1959.69106666667,467,342
2.7934316319514,1.8905445361084,0.604190892364536,1959.72443333333,467,342
2.78587478251392,1.89879273459833,0.583827265982082,1959.7578,467,342
2.7761288642384,1.90675958954639,0.564058370097188,1959.79116666667,467,342
2.76874276847529,1.91302059028691,0.54609768211811,1959.82453333333,467,342
2.76445214600333,1.91792436508339,0.529527525878689,1959.8579,467,342
2.61180667390116,2.02272816580879,0.397703446761139,1960.72543333333,469,342
2.61038276872177,2.02225461417752,0.402230627881683,1960.7588,469,342
2.60818316065795,2.02163843923838,0.405134317023898,1960.79216666667,469,342
2.60599093388249,2.02201808124308,0.407185426622232,1960.82553333333,469,342
2.60835486873441,2.02421203173054,0.407665211647173,1960.8589,469,342
2.0643229716225,1.67198710591105,0.784945863135842,1961.92663333333,471,343
2.04961611675272,1.63863472972911,0.795247776944659,1961.96,471,343
2.03404607046002,1.59684372282167,0.807765025581194,1961.99336666667,471,343
2.01921327697953,1.55148240483155,0.820228625871276,1962.02673333333,471,343
2.00674806080549,1.50909567363366,0.831526225977558,1962.0601,471,343
1.99649923500547,1.46740244357295,0.842041391349166,1962.09346666667,471,343
1.98839693704092,1.42771709006938,0.850876292616101,1962.12683333333,471,343
1.98365583355486,1.39455841755863,0.858205172615729,1962.1602,471,343
3.75678486397589,-1.51381147948717,0.50267350989538,1962.32703333333,472,344
3.76264397726351,-1.50123878482924,0.510325454659021,1962.3604,472,344
3.76809497221311,-1.48583345597103,0.522197092747092,1962.39376666667,472,344
3.78080871107403,-1.47833016324647,0.529222076614176,1962.42713333333,472,344
4.15631547456522,-1.13308119199684,0.525457628691768,1963.49486666667,473,345
4.16416088661134,-1.12228865996452,0.524848631041029,1963.52823333333,473,345
4.18547880885422,-1.12017414786531,0.52616064856132,1963.5616,473,345
4.2006251659735,-1.11613128807786,0.52737376590375,1963.59496666667,473,345
-0.938831244753571,1.68042595386088,0.361708591781696,1963.92863333333,474,346
4.5752738227623,-0.997387707113548,0.711935674205141,1964.6627,475,347
4.58086464996281,-0.992650121742114,0.73020505959793,1964.69606666667,475,347
4.59210851656922,-0.990937548704424,0.745513335730918,1964.72943333333,475,347
4.6078564770424,-0.990489208438674,0.760387788245002,1964.7628,475,347
4.84569832113507,-0.890495909309262,0.733214010157625,1965.63033333333,477,347
4.8552946488395,-0.904635291872698,0.731999181275704,1965.6637,477,347
4.85356431568648,-0.916887695178261,0.731531730588229,1965.69706666667,477,347
-0.596689706844372,-0.111714817513419,2.88152312252523,1965.49686666667,476,348
-0.60689560846349,-0.0930375463106946,2.90277366583208,1965.53023333333,476,348
-0.618982708052249,-0.0719120797773332,2.92559260574113,1965.5636,476,348
-0.629319165301233,-0.0513629501616468,2.94827447491457,1965.59696666667,476,348
-0.638254603756443,-0.0336830760812812,2.97194205848201,1965.63033333333,476,348
-0.644964479311284,-0.0155513423041708,2.99527934411352,1965.6637,476,348
-0.648474771806766,0.00264445331178365,3.01717610483093,1965.69706666667,476,348
-0.63734913855566,0.675129284805738,3.86224945637769,1967.39876666667,478,349
-0.642748760060908,0.679992863465088,3.89175474101612,1967.43213333333,478,349
-0.64880608215618,0.684051059332947,3.92181707966683,1967.4655,478,349
-0.656895853969359,0.688446459455558,3.94994429333096,1967.49886666667,478,349
-0.664529593716211,0.691840569568278,3.97610869248863,1967.53223333333,478,349
-0.671696739356182,0.693650563461492,4.00656472627552,1967.5656,478,349
-4.63135596032868,0.622795795745528,1.26964870500738,1967.83253333333,479,350
-4.63753109316725,0.621317222605518,1.27060906988676,1967.8659,479,350
-4.64021740061083,0.62034796651903,1.27104164481919,1967.89926666667,479,350
-4.63523098556671,0.621294520910184,1.27088796881975,1967.93263333333,479,350
-4.63125179643962,0.624080640854344,1.26961859358418,1967.966,479,350
-2.7013588962132,-2.3454172529155,0.531036110111133,1968.29966666667,480,351
-2.69897967243801,-2.33344601128425,0.530290908755413,1968.33303333333,480,351
-2.70342943742643,-2.32476107891476,0.531999368928316,1968.3664,480,351
-2.71634339367982,-2.32877295678021,0.533553990975125,1968.39976666667,480,351
16.5600313069762,4.63255698290093,0.235328919892927,1968.967,481,352
10.4199474354271,2.91280070514452,1.02246009104114,1968.967,482,353
-0.731361136102606,0.533403408454441,3.72191721274304,1969.23393333333,483,354
-0.716088153376554,0.544476113703747,3.71261739932676,1969.2673,483,354
-0.700827990931491,0.555219329936642,3.70535401543484,1969.30066666667,483,354
-0.688025118788793,0.561972598110248,3.69922362121206,1969.33403333333,483,354
-0.673650038192566,0.566499492285074,3.69507571924522,1969.3674,483,354
-0.657479079250885,0.571044424677468,3.69102197733168,1969.40076666667,483,354
6.25340165509365,0.917390080968575,0.14780401300921,1970.33503333333,484,355
6.27843615955327,0.923306547219259,0.15354288480275,1970.3684,484,355
-0.558735365920221,0.450303675710286,3.38413980233147,1970.63533333333,485,356
-0.571476276855988,0.44461015243982,3.38231864226633,1970.6687,485,356
-0.585020550179758,0.4377351296211,3.37961315014973,1970.70206666667,485,356
-0.599999989003268,0.430854605833105,3.37814599568683,1970.73543333333,485,356
-0.61389597578975,0.422200249244358,3.37749961426369,1970.7688,485,356
-0.626237493195271,0.414218316117902,3.37608585307152,1970.80216666667,485,356
-0.637518506421285,0.406026756232355,3.37198544393278,1970.83553333333,485,356
0.219988342276002,2.2633792066816,1.1434696182583,1972.60396666667,486,357
-1.05899484614712,0.441004768055265,3.1445780087256,1972.73743333333,487,358
-1.06262382099585,0.456199158325578,3.15338671606924,1972.7708,487,358
-1.0691902777428,0.469972682415838,3.16884867415594,1972.80416666667,487,358
-1.07105992226116,0.48551835072765,3.18015485818158,1972.83753333333,487,358
-1.07307701609971,0.49825416334186,3.19339798241713,1972.8709,487,358
-1.0737129738251,0.510929026120182,3.20473055398225,1972.90426666667,487,358
-1.0772492312751,0.52127948850722,3.21457392442417,1972.93763333333,487,358
-4.63751843443332,0.623257193898517,1.27015678938443,1972.80416666667,488,359
-4.62881631524784,0.623027151182335,1.27066552033121,1972.83753333333,488,359
-4.63280871710319,0.622990135749242,1.27164979192033,1972.8709,488,359
-0.593688565616893,0.908403089899837,2.99811996674156,1974.73943333333,489,360
-0.582449954035255,0.917029874533728,2.99362353817913,1974.7728,489,360
-0.57218532805889,0.926575131358426,2.99185218708473,1974.80616666667,489,360
-0.562690159346154,0.937076896743207,2.9922599846691,1974.83953333333,489,360
-0.555075532810951,0.943786572631852,2.99631634391047,1974.8729,489,360
-0.548536959663452,0.94829990691584,3.00567222375074,1974.90626666667,489,360
-0.543197094974146,0.955335423882302,3.014563853547,1974.93963333333,489,360
-4.3650173605833,2.89724608256754,1.58337346269928,1975.00636666667,490,361
1.76280929317917,3.87199113528096,0.406659382779121,1975.1732,491,362
1.76351104272046,3.87276444066531,0.407493942418129,1975.20656666667,491,362
1.76336339140667,3.87398692708211,0.406183816710283,1975.23993333333,491,362
-4.63348897808783,0.624418596676507,1.27125234021674,1975.60696666667,492,363
-4.63348897808783,0.624418596676507,1.27125234021674,1975.64033333333,492,363
-4.63348897808783,0.624418596676507,1.27125234021674,1975.6737,492,363
-0.0623537605132053,0.940113558531227,3.2473211430686,1976.70806666667,493,364
-0.0671145099222922,0.936993433026588,3.26028224745974,1976.74143333333,493,364
-0.0708514474830643,0.935927697640824,3.2722104228658,1976.7748,493,364
-0.0743888725008763,0.938508978171755,3.28146332194066,1976.80816666667,493,364
-0.0788879031634384,0.944497224442059,3.29041057049281,1976.84153333333,493,364
-0.0829773709231016,0.953675757788587,3.29661266006147,1976.8749,493,364
-0.0879463121522538,0.964108993172967,3.30304277844497,1976.90826666667,493,364
-0.261548638935928,1.17107397690258,3.2986071888654,1978.1762,494,365
-0.25580187179851,1.16579681441109,3.29706143856721,1978.20956666667,494,365
-0.246984125324554,1.15847024414132,3.29428234001409,1978.24293333333,494,365
-0.239286738598939,1.15276344486612,3.29321722206469,1978.2763,494,365
-0.231316933407679,1.1496630459082,3.29332951915269,1978.30966666667,494,365
-0.22271582114108,1.15082656800014,3.29208107938717,1978.34303333333,494,365
-0.217485447814347,1.15418445629961,3.29050387542037,1978.3764,494,365
7.99845587604576,0.226339658017517,-0.280311424988957,1980.41176666667,495,366
7.99555775863141,0.226266235786894,-0.269262822786617,1980.44513333333,495,366
3.91207167250837,-3.44953027314711,1.7929334949234,1981.14583333333,496,367
3.90926472484144,-3.45083665870607,1.79938100567109,1981.1792,496,367
3.93132533932456,-3.49427249942826,1.824435775383,1981.24593333333,497,367
1.51145297719693,7.42880539513795,1.53370661905771,1981.51286666667,498,368
1.53212978797451,7.42382955006363,1.52592552516872,1981.54623333333,498,368
1.23906988604485,8.59448630862277,1.5925887197386,1982.7808,499,369
1.25294664249552,8.61082118228993,1.5769078682072,1982.81416666667,499,369
-4.63057861904406,0.73086358173035,1.33370080698489,1983.41476666667,500,370
-4.64076654074022,0.732934209389111,1.33844509373628,1983.44813333333,500,370
-4.62331837553653,0.742721352209228,1.33361503989648,1983.4815,500,370
-0.145038791381741,1.14483857976611,3.5472487541835,1984.54923333333,501,371
-4.83114298786792,0.850337904142501,1.53270146648407,1984.61596666667,502,372
-4.83712512809575,0.846407941311792,1.53824091729997,1984.64933333333,502,372
-4.81609985812625,0.96858817131593,1.35346645762357,1985.75043333333,503,373
-4.80201909072924,0.981907625067883,1.35160831930311,1985.7838,503,373
-4.80861574586943,0.99093885226233,1.35058645959322,1985.81716666667,503,373
-0.00349336138083911,0.948324342085214,3.57946923882568,1986.2843,504,374
0.00209573729449608,0.935223894557103,3.58459809262831,1986.31766666667,504,374
0.00934545276939458,0.91973605226032,3.59052396261203,1986.35103333333,504,374
0.0193856456710744,0.902329933351091,3.59805094121608,1986.3844,504,374
0.0302946078879632,0.883321860417269,3.60435201264644,1986.41776666667,504,374
0.0417247059306518,0.863801958206864,3.6104237034543,1986.45113333333,504,374
0.0516367696728807,0.844313415507514,3.61565796071831,1986.4845,504,374
7.78420770279677,1.01269074464712,-0.0442553815636034,1986.95163333333,505,375
-0.00674921902116832,-0.128737704568394,2.16120420461075,1987.71906666667,506,376
-0.012747964274874,-0.144096511999853,2.17501767182338,1987.75243333333,506,376
-0.0190047491112725,-0.159882578146204,2.18865519788477,1987.7858,506,376
-0.0248347727683265,-0.176714717149903,2.20388524991367,1987.81916666667,506,376
-0.0307157506042118,-0.193259090290105,2.21690401691473,1987.85253333333,506,376
-0.0374370173869445,-0.213161914797859,2.23245030017461,1987.8859,506,376
-4.62361440715524,2.54927170347815,1.47815346960379,1988.1862,507,377
-4.59838576638325,2.53078460630547,1.47331892090244,1988.21956666667,507,377
-4.57202043863098,2.51337387291349,1.46696925299922,1988.25293333333,507,377
-5.19871840748985,1.35117739338471,1.54270376412246,1988.82016666667,508,378
-5.21150990816057,1.36219646054868,1.56029637178998,1988.85353333333,508,378
-5.19682073086856,1.3738344688713,1.56744171212671,1988.8869,508,378
-4.05862675155696,2.30238604035211,1.40819582009225,1989.2873,509,379
-4.05349463936097,2.30355943942707,1.41068093623954,1989.32066666667,509,379
-4.04508883534639,2.30368150231181,1.41303820157565,1989.35403333333,509,379
-0.838421598059106,0.697698951931969,5.01569480976575,1989.5876,510,380
1.93938596169929,4.39704441916329,0.496215378264237,1989.65433333333,511,381
1.72612560464131,5.06311995366898,0.576056466516775,1990.52186666667,514,381
1.7253284942588,5.06097566601803,0.576919992209857,1990.55523333333,514,381
-5.35266539209864,1.52030516108765,1.71014217830172,1989.988,512,382
-5.34882543078641,1.51982832099989,1.71999582826192,1990.02136666667,512,382
-3.73822718362607,2.68449120247647,1.40865970725447,1990.4885,513,383
-3.72404070802133,2.69812782177959,1.40905518552449,1990.52186666667,513,383
-3.71223632424284,2.71287195592902,1.41046747603001,1990.55523333333,513,383
-3.69672321666051,2.72170659809401,1.40977151807363,1990.5886,513,383
-1.23231140942826,1.14280239969849,5.18803201230601,1990.989,515,384
0.545605184317571,2.50511842366403,3.47311637333695,1992.22356666667,516,385
0.570936149443268,2.46910080902091,3.43424079637606,1992.25693333333,516,385
0.604608512286049,2.43098455290577,3.39485244859546,1992.2903,516,385
0.635969967278842,2.39221937653623,3.35773375590703,1992.32366666667,516,385
0.666474961751952,2.35023397746603,3.32250314805278,1992.35703333333,516,385
0.694687262435008,2.3079500519135,3.28983471096816,1992.3904,516,385
-3.44673935283054,3.37635673996196,1.46778382686069,1992.25693333333,517,386
-3.44554189944153,3.38924990698215,1.47036016253131,1992.2903,517,386
-3.44687033387524,3.4039696463291,1.47269720097279,1992.32366666667,517,386
2.11464500097157,4.69911240339666,0.808121577236265,1992.3904,518,387
2.10343672224321,4.701518859114,0.819456684346888,1992.42376666667,518,387
2.36094789620417,5.1655416428845,0.824528999877294,1993.42476666667,519,388
0.627089797312915,0.702456890325779,2.06107770495842,1993.42476666667,520,389
0.595153334388269,0.670518238998499,1.9979262205407,1993.4915,521,389
0.571803786679932,0.667414308662099,1.98935983291795,1993.52486666667,521,389
0.537834220021712,0.661241897644015,1.97528212725233,1993.55823333333,521,389
0.503746917503743,0.656370673654503,1.96011747317122,1993.5916,521,389
-0.309000191806848,0.938416717830628,2.02063607227714,1994.4925,524,389
-0.318299939764784,0.946403073679644,2.03896991092386,1994.52586666667,524,389
-0.326573582889212,0.954866888809296,2.06028386638962,1994.55923333333,524,389
-0.334285056640618,0.963065565714913,2.080074306039,1994.5926,524,389
-0.340453879841517,0.972945244739903,2.09753791614905,1994.62596666667,524,389
-0.346023835725409,0.983311932881189,2.11319295615068,1994.65933333333,524,389
-0.351663310839926,0.993895473856808,2.12830646308943,1994.6927,524,389
-0.356887070517179,1.00421749676521,2.14476685615379,1994.72606666667,524,389
-6.77348143843593,2.92975604393165,1.643419074579,1994.12546666667,522,390
-6.09503039349472,2.83654647704296,1.69194414510859,1995.05973333333,525,390
-6.06685217446109,2.82328273208121,1.68794195893903,1995.0931,525,390
2.58620537496309,5.45801575435563,0.894657446171863,1994.42576666667,523,391
2.60735887028535,5.46461434885695,0.892001328870445,1994.45913333333,523,391
2.61830059801524,5.4560547512778,0.890025820751706,1994.4925,523,391
-0.516286087028441,1.07981612015371,2.50611657516039,1995.72706666667,526,392
-0.528607710521055,1.07669550866592,2.50300931441989,1995.76043333333,526,392
-0.542818362938952,1.07482904192112,2.50120936396268,1995.7938,526,392
-0.557607047411378,1.07312350339688,2.49970236534933,1995.82716666667,526,392
-0.57297832663688,1.07072178866612,2.49947908512142,1995.86053333333,526,392
-0.589267692207901,1.06858778923623,2.49954233942253,1995.8939,526,392
-0.80889110966786,1.17289631438986,2.64119134039733,1996.72806666667,530,392
-0.808715022331405,1.17004337368395,2.64514385568849,1996.76143333333,530,392
-0.80544087408906,1.16647915668599,2.64622676390401,1996.7948,530,392
-0.803726140954864,1.16132720631497,2.64601025396955,1996.82816666667,530,392
-0.80391753137892,1.15612830369422,2.64453618506459,1996.86153333333,530,392
-0.803497883900281,1.14643718114829,2.64190065363308,1996.8949,530,392
-0.802631160536974,1.13873136333754,2.63966376108529,1996.92826666667,530,392
-0.440867089840382,0.926867895667967,2.61676643314303,1997.6957,534,392
-0.421030247199363,0.916694312887292,2.60784911174248,1997.72906666667,534,392
-0.397744207524358,0.90401009830121,2.59725532637248,1997.76243333333,534,392
-0.37138206164775,0.889817551448204,2.58450667542598,1997.7958,534,392
-0.344475286256233,0.875300870253369,2.57127668514719,1997.82916666667,534,392
-0.317462105721181,0.860542562989273,2.55892647388196,1997.86253333333,534,392
-0.291125443945776,0.845985967665997,2.54719019253055,1997.8959,534,392
-2.91703053778019,-1.17249022016907,3.45647164174956,1996.26093333333,527,393
-2.91813535786647,-1.16279973030259,3.45980787124668,1996.2943,527,393
-2.92417916349509,-1.15268919397765,3.46935358620976,1996.32766666667,527,393
-2.92799915660001,-1.144444884908,3.47784490480718,1996.36103333333,527,393
-2.9318545843321,-1.13826778969736,3.48845213181883,1996.3944,527,393
3.26788130598868,5.35144790949815,0.739039772779421,1996.42776666667,528,394
-2.63514693095024,2.93584045865077,1.35438113680138,1996.5946,529,395
3.55847652927942,5.41792363646767,0.712519525966142,1997.46213333333,531,396
-3.03942787898357,-0.932101245584101,3.63933350242695,1997.4955,532,397
-3.04570298422004,-0.926436335576559,3.64411249298026,1997.52886666667,532,397
-3.05035480407063,-0.918398737610357,3.64574721158438,1997.56223333333,532,397
-3.05278575384714,-0.911983496007709,3.65149798373033,1997.5956,532,397
-3.05320622208774,-0.900108361137407,3.65073634616879,1997.62896666667,532,397
7.38157546461247,-1.1200566557205,0.326051780475624,1997.66233333333,533,398
7.35969450878727,-1.09780716585708,0.322975986656946,1997.6957,533,398
-2.94739424398362,2.35164576142142,1.39298031436365,1997.72906666667,535,399
0.492866699026328,0.271664445703814,2.11860265066068,1998.6967,536,400
0.519097164649366,0.230206058969852,2.1074688407053,1998.73006666667,536,400
0.544775231818697,0.188012583101083,2.1006973047229,1998.76343333333,536,400
0.568010283137314,0.145989860706644,2.09791150710474,1998.7968,536,400
0.587158561848601,0.104061380107509,2.09939676307855,1998.83016666667,536,400
0.942136961498012,-0.715008781372055,2.4471490629739,1999.63096666667,537,400
0.945135199205925,-0.741170926573231,2.46899814088337,1999.66433333333,537,400
0.94637363825072,-0.770968807251078,2.49467916676003,1999.6977,537,400
-1.02999003607726,2.81415374731789,0.731390532836631,2000.66533333333,538,401
-1.03088514573832,2.81452138754534,0.73124039267523,2000.6987,538,401
-1.03044493731355,2.8144596116427,0.731563658404614,2000.73206666667,538,401
-1.02799116646231,2.81299041842325,0.732179365276237,2000.76543333333,538,401
7.09802243172591,-1.09486413899623,0.314059842561747,2001.1992,539,402
6.92211587768154,-0.947843272746011,0.156722784316394,2002.16683333333,540,402
6.92049508617765,-0.954342463022783,0.142829892552636,2002.2002,540,402
6.54686779808796,-1.07133453500545,0.0118525518286365,2003.06773333333,543,402
6.53098659337526,-1.07326755484882,0.0191210309651061,2003.1011,543,402
0.0776700402072704,-0.70762961134656,3.49478414820342,2002.46713333333,541,403
0.0994570217950834,-0.690979824570101,3.49324071611831,2002.5005,541,403
0.120855079297534,-0.673441183138731,3.49076156121345,2002.53386666667,541,403
0.140788736226991,-0.657847771992814,3.49122564190763,2002.56723333333,541,403
0.15837524629164,-0.642955962202513,3.49207070134059,2002.6006,541,403
0.176335516012374,-0.625074178036609,3.48631762346009,2002.63396666667,541,403
-5.13613245096905,2.48643009691304,1.44956488829629,2002.56723333333,542,404
-4.67665686468549,2.691498037156,1.44099228824252,2003.23456666667,544,404
-4.04762957293972,2.6602269912658,1.32697146222779,2003.96863333333,546,404
-4.03253806774175,2.65778046631954,1.32724114469608,2004.002,546,404
-4.02332428303967,2.6562653420915,1.33030728395209,2004.03536666667,546,404
-3.61399437913114,2.64382794312808,1.46703436553376,2004.7027,548,404
-3.60727948008096,2.65302527942469,1.47935957241884,2004.73606666667,548,404
-3.59778755151333,2.66260107289551,1.49300019256698,2004.76943333333,548,404
-3.5809577585997,2.66957299487942,1.50454956324459,2004.8028,548,404
-3.56603425443347,2.673922264034,1.51564062291094,2004.83616666667,548,404
-3.5586465084378,2.6813244549182,1.52817847558439,2004.86953333333,548,404
-3.12531430113392,2.77555565559462,1.55411261559075,2005.77043333333,553,404
6.70664061814822,0.33332586302315,-0.0893586359477594,2003.7017,545,405
6.70751606964055,0.303287538000293,-0.0803194369448267,2003.73506666667,545,405
6.13630677715607,-0.274185602315819,-0.100239004511276,2004.56923333333,547,405
6.1318762606406,-0.272011946314348,-0.101154808956639,2004.6026,547,405
6.15657406326555,-0.27228346460272,-0.107782451046897,2004.63596666667,547,405
6.18106957572726,-0.27095138687762,-0.113751578708593,2004.66933333333,547,405
6.37028079041304,-0.769493917477544,0.180641710253601,2005.23656666667,550,405
6.37189176355768,-0.765283220725399,0.17924450031051,2005.26993333333,550,405
6.36124195562664,-0.761495477067817,0.177575806211366,2005.3033,550,405
0.947342457990485,0.669562207968597,3.77948159176571,2005.16983333333,549,406
0.93481727896413,0.694957717393096,3.79325423475016,2005.2032,549,406
0.922054596565513,0.721086502153476,3.80795776800628,2005.23656666667,549,406
0.908497683465378,0.748011503591286,3.8215289371025,2005.26993333333,549,406
0.895843361955379,0.77348092419786,3.83732156120646,2005.3033,549,406
0.884738860333729,0.799471551666735,3.85128314545764,2005.33666666667,549,406
0.874256092862197,0.824040268718749,3.86329864483092,2005.37003333333,549,406
0.74494973301037,1.17046338574435,4.19830844068134,2006.13746666667,554,406
0.734619698535442,1.18115229131334,4.21326812485436,2006.17083333333,554,406
0.724975916883943,1.19295685836238,4.22977806114901,2006.2042,554,406
0.717341792739612,1.20555099255874,4.24759987872504,2006.23756666667,554,406
0.711451234759754,1.21596103668432,4.26371788506882,2006.27093333333,554,406
0.704990673206593,1.2217012197959,4.28287448436051,2006.3043,554,406
0.68706122486848,1.48934048011658,4.63375230336811,2007.2052,561,406
0.69304129021465,1.50025216598791,4.62774630709663,2007.23856666667,561,406
3.41477103294368,5.87601622560626,1.10941317168925,2005.26993333333,551,407
3.39528785570092,5.84857767542476,1.1045888227524,2005.3033,551,407
-1.01989135288613,2.83355797254089,0.71538778946724,2005.47013333333,552,408
-1.02021454686954,2.84889143085667,0.705354123166628,2006.3043,555,408
-1.02093139173042,2.84983432854478,0.704267906642515,2006.33766666667,555,408
2.82393325483987,5.29006103891857,1.13273611304707,2006.37103333333,556,409
2.79070235024762,5.26864945198802,1.13295252766974,2006.4044,556,409
2.76522307266569,5.25175718118455,1.13645388240642,2006.43776666667,556,409
2.73875176288245,5.23546245848532,1.13817183380134,2006.47113333333,556,409
8.82091977727339,-1.0991797107762,-0.480608352919511,2006.37103333333,557,410
1.73051299615916,5.07004286852686,0.575328434041413,2006.5045,558,411
1.72541219009697,5.05968385474925,0.576477139857598,2006.53786666667,558,411
1.72783123034925,5.06489523527645,0.576338199542059,2006.57123333333,558,411
-0.0727025245141847,-1.19365183194886,0.200903017850071,2006.97163333333,559,412
-0.0806109553850275,-1.18313337419815,0.208447971140865,2007.005,559,412
-0.0952960910204833,-1.19093633801207,0.212998998854883,2007.03836666667,559,412
-0.240466715376356,-1.18633866381509,0.3172679327687,2007.83916666667,566,412
-0.248195305552742,-1.18166497396625,0.318310953818439,2007.87253333333,566,412
-0.472886289369911,-1.00144874791377,0.300725753459644,2008.74006666667,571,412
-0.474005155137868,-0.999712710117042,0.304512576594934,2008.77343333333,571,412
-0.477701970587623,-0.99946388692473,0.308930389106023,2008.8068,571,412
5.94679792489132,-0.430482944422758,-0.0270189619205243,2007.17183333333,560,413
5.95866126439276,-0.431076364844654,-0.0282706358663776,2007.2052,560,413
4.21852632599633,-2.30773023220553,1.34773847788934,2007.37203333333,562,414
4.22279636289545,-2.28814424760015,1.34863326484723,2007.4054,562,414
4.23208315034142,-2.27862573923223,1.35080030262468,2007.43876666667,562,414
4.19027338427457,-2.05350039828066,1.45735398933925,2008.27293333333,568,414
4.18446933513528,-2.04132235396704,1.46178015037455,2008.3063,568,414
4.18911733713485,-2.04236838859208,1.47127654219694,2008.33966666667,568,414
-2.27791199819167,2.67263731514315,1.43382611053957,2007.57223333333,563,415
-2.27027147115049,2.65787662474216,1.43482337315722,2007.6056,563,415
-2.25761539579808,2.63420239460291,1.43417224597405,2007.63896666667,563,415
-2.23973285085079,2.60645886407415,1.43346364983661,2007.67233333333,563,415
-2.22450546717941,2.57846762651148,1.43100955326555,2007.7057,563,415
-2.21635854539438,2.55128989071923,1.43275764407739,2007.73906666667,563,415
-1.83973997632633,1.89206370479959,1.25666600799126,2008.37303333333,569,415
-1.83867062446891,1.86224837832639,1.24955265888204,2008.4064,569,415
-1.82513306204326,1.82891345781216,1.23726113963004,2008.43976666667,569,415
-1.81424985613672,1.79902939697797,1.2226473921259,2008.47313333333,569,415
-1.80782648853619,1.7750557849193,1.20858379511506,2008.5065,569,415
-1.80615260811675,1.75223130110465,1.19430778705274,2008.53986666667,569,415
-1.47822591449262,1.04324643410296,0.910756935832905,2009.3073,574,415
-1.46117970190161,1.02559901294242,0.908093863523229,2009.34066666667,574,415
-1.44229659165288,1.00817946295797,0.905907626344916,2009.37403333333,574,415
-1.42230454361487,0.988510661246647,0.904097501167585,2009.4074,574,415
-1.40630092928617,0.967861573644969,0.902276903794016,2009.44076666667,574,415
-1.38916441297482,0.946958891596267,0.899368854393086,2009.47413333333,574,415
-1.37570187545031,0.925614155964689,0.897620627467706,2009.5075,574,415
-0.981185453018745,0.308742185181364,0.924528978376673,2010.4084,579,415
-0.955916435518266,0.284764977834848,0.925860073070817,2010.44176666667,579,415
-0.934281559623809,0.260578911366757,0.927075937436519,2010.47513333333,579,415
-0.911910311490866,0.236515639323389,0.928968172786878,2010.5085,579,415
-0.897303529468332,0.211389617247776,0.929899236120639,2010.54186666667,579,415
-0.881937099999106,0.186107661288631,0.92960370549814,2010.57523333333,579,415
-0.870060117602052,0.160981809267686,0.928067404263028,2010.6086,579,415
-0.607073063885832,-0.440359190521427,0.763728752976372,2011.24256666667,584,415
-0.589997028998533,-0.462563096081862,0.757741303582814,2011.27593333333,584,415
-0.576506082396576,-0.491714088229226,0.754362976335949,2011.3093,584,415
-0.559167715064499,-0.518419556531231,0.751407328549635,2011.34266666667,584,415
-0.546279036569913,-0.544859658215839,0.74972613473429,2011.37603333333,584,415
-0.533012632961575,-0.56906479638217,0.747148323902557,2011.4094,584,415
-0.521124962649339,-0.596635203913572,0.74326960636041,2011.44276666667,584,415
-0.222345740157574,-1.06210454735236,0.543961041844455,2012.1101,591,415
-0.207165843922841,-1.07077825714413,0.539010227511476,2012.14346666667,591,415
-0.19321854240111,-1.08083976052413,0.534851079339652,2012.17683333333,591,415
-0.180418425635071,-1.09200634901988,0.529412887062293,2012.2102,591,415
-0.171542560673681,-1.10613981639819,0.525183170674657,2012.24356666667,591,415
-0.1591617468811,-1.10936385860183,0.521564891454775,2012.27693333333,591,415
0.161998785183537,-1.19505569422709,0.337247354700132,2013.17783333333,593,415
0.173362171746117,-1.1888345111643,0.334759834918246,2013.2112,593,415
2.12035818360668,4.58989390254594,1.12600130046118,2007.63896666667,564,416
2.10547377820393,4.57127049426607,1.1199328404969,2007.67233333333,564,416
2.09014436496882,4.54925653216263,1.11511294251609,2007.7057,564,416
2.07898569436844,4.53793450490025,1.11088480504025,2007.73906666667,564,416
1.60432263108974,4.28284854093746,0.953820830520629,2008.63996666667,570,416
1.602003951081,4.30000375424817,0.951174463865691,2008.67333333333,570,416
1.58606119379636,4.29153279524606,0.946215375764256,2008.7067,570,416
1.57443818205914,4.28933878110083,0.941869155355609,2008.74006666667,570,416
1.56394415788207,4.29134330920077,0.938064335118486,2008.77343333333,570,416
5.18344589200037,-1.53778343696705,0.619463151000908,2007.73906666667,565,417
5.16521232120341,-1.5499243811944,0.619419409169551,2007.77243333333,565,417
5.13547472826961,-1.55203544407125,0.623535239187619,2007.8058,565,417
5.74637773367719,-0.281958505307704,-0.0655564113317242,2008.23956666667,567,418
5.74427527464905,-0.280025949182505,-0.075982702291882,2008.27293333333,567,418
5.7041544363349,-0.272998529519453,-0.0802778968516131,2008.3063,567,418
5.57495328038471,-0.25131927478938,-0.0162855245420181,2009.07373333333,573,418
5.56070674475755,-0.246005418746,-0.0111364545664995,2009.1071,573,418
5.55450143350081,-0.239648807813966,-0.00462516205212171,2009.14046666667,573,418
5.30362665107752,-0.0876896468738432,0.0791064196739993,2009.94126666667,578,418
5.29951653826524,-0.0811905259098995,0.0837891285357083,2009.97463333333,578,418
5.29912476192637,-0.0764455446160418,0.0865051616531054,2010.008,578,418
7.12671495756805,0.95171665061955,0.0249693378036812,2008.87353333333,572,419
4.82387065444343,-1.71149552857817,0.729951630919304,2009.44076666667,575,420
4.8093112449952,-1.71168541102164,0.744025760102906,2009.47413333333,575,420
4.79767058781051,-1.71920642636319,0.757591615916678,2009.5075,575,420
4.79142263144617,-1.72713396982367,0.769380964315362,2009.54086666667,575,420
4.78633544475049,-1.73309508218019,0.782045635183657,2009.57423333333,575,420
4.46048906345421,-1.00203775199838,0.960902426034301,2010.5085,580,420
4.46659068004474,-0.989457065366456,0.969557029061535,2010.54186666667,580,420
4.64373899198771,-1.78040040549861,0.912236433433099,2010.54186666667,581,420
4.47685507348142,-0.979766479385517,0.981537541264502,2010.57523333333,580,420
4.63053831101262,-1.78277483581888,0.917344147903759,2010.57523333333,581,420
4.48297675237501,-0.967945775672766,0.992488168360382,2010.6086,580,420
4.6347646442435,-1.79863634572113,0.924583266149978,2010.6086,581,420
4.48766131364287,-0.959016295865909,1.00065327857411,2010.64196666667,580,420
4.62131136039328,-1.79813578231421,0.933283509529159,2010.64196666667,581,420
4.4904717724739,-0.950514034211934,1.01028432082213,2010.67533333333,580,420
4.50632511778981,-0.949606881270309,1.02011030780286,2010.7087,580,420
-0.582245598893811,-1.02873679157345,0.478253863505617,2009.84116666667,576,421
-0.594084168983927,-1.03866735756812,0.489274900800132,2009.87453333333,576,421
-0.602165313284286,-1.04746141230649,0.500332908346764,2009.9079,576,421
-0.610747476701382,-1.06082550645568,0.510233667169433,2009.94126666667,576,421
1.0647226152282,4.44231552023063,0.695439549060707,2009.94126666667,577,422
1.0524602911172,4.43644673455456,0.690092952572496,2009.97463333333,577,422
1.03825226999189,4.42520419332208,0.686566128332655,2010.008,577,422
5.21045090305304,-0.12675896947518,0.0883123291143122,2011.04236666667,582,423
5.20252609018631,-0.120478612545631,0.0904293774719959,2011.07573333333,582,423
5.20422630973398,-0.114116194564467,0.09026595355714,2011.1091,582,423
5.21279794117412,-0.108961966666416,0.087968748165669,2011.14246666667,582,423
4.91892399390144,-0.208842583790968,0.147345007811501,2011.94326666667,588,423
4.89641407733596,-0.222252351607683,0.145396887059681,2011.97663333333,588,423
4.86985555964421,-0.231216800660251,0.145903661578231,2012.01,588,423
4.66677949956436,-0.521614175491723,0.837553197549059,2012.04336666667,589,423
4.65321554344182,-0.502567223535704,0.831277609844661,2012.07673333333,589,423
4.6487386543606,-0.490054016291991,0.831612292529565,2012.1101,589,423
4.62967644091099,-0.477291424663901,0.831808852664522,2012.14346666667,589,423
4.62232158171031,-0.467955364936969,0.83589227825322,2012.17683333333,589,423
4.61344557533604,-0.462362843573053,0.840000637239009,2012.2102,589,423
4.5119200810933,-0.385126565980265,0.303376451810793,2012.87753333333,592,423
4.50582480680977,-0.393578890796622,0.305707674989182,2012.9109,592,423
4.47915864801447,-0.394185661629506,0.309991861545472,2012.94426666667,592,423
4.04176594109428,0.149404673353375,0.323184959105013,2013.67833333333,594,423
4.021834392083,0.162310262730779,0.316027111083019,2013.7117,594,423
4.01476915645179,0.169679278813832,0.314226843975719,2013.74506666667,594,423
4.00210904271208,0.180284186880367,0.312770679126624,2013.77843333333,594,423
3.93171784016571,-0.593285138136122,0.205279063010758,2013.77843333333,596,423
3.98604593673226,0.188689375104107,0.318638708223992,2013.8118,594,423
3.90930685700515,-0.610206222573651,0.198539412789137,2013.8118,596,423
3.98066522836823,0.193423861363167,0.320932201174067,2013.84516666667,594,423
3.88255148551955,-0.622410855037955,0.192064911530797,2013.84516666667,596,423
3.97089845276904,0.196979867732817,0.32471140975439,2013.87853333333,594,423
3.4458488592214,-0.944110996654556,0.252281768545567,2014.6126,599,423
3.41611659607323,-0.954635242791271,0.25820275631176,2014.64596666667,599,423
3.40137165974543,-0.975452702200678,0.259364958932665,2014.67933333333,599,423
3.14207275219014,-1.27701416840006,0.295700707509587,2015.38003333333,602,423
3.13620616312204,-1.28370886932459,0.301168020928932,2015.4134,602,423
3.14158131286358,-1.29719255184116,0.306766277195086,2015.44676666667,602,423
3.64907793707095,-2.00335158026382,0.485674324555127,2015.88053333333,603,423
3.65042994589276,-2.00753487155003,0.483374346252394,2015.9139,603,423
3.6611764204793,-2.01992922523156,0.481387603879815,2015.94726666667,603,423
3.14557789884452,-1.21635105231951,0.418049835399473,2016.14746666667,604,423
3.14470003662342,-1.21591838694793,0.42516464196303,2016.18083333333,604,423
3.14867309251538,-1.21912127245331,0.42955240333654,2016.2142,604,423
3.15184154186667,-1.22617039244081,0.435781528647291,2016.24756666667,604,423
3.05864185638207,-1.22377047508849,0.44081785657551,2017.1151,606,423
3.06743843760965,-1.2184271526305,0.438121658383683,2017.14846666667,606,423
3.07263536363827,-1.20730985301013,0.434208154344288,2017.18183333333,606,423
3.08277482023322,-1.20320571495147,0.430041706337938,2017.2152,606,423
3.08941749352328,-1.19311761497428,0.425320245369784,2017.24856666667,606,423
-0.792221543906543,-1.5317706019667,0.628690616044001,2011.07573333333,583,424
-0.809897991891514,-1.55857796272661,0.631289317437641,2011.1091,583,424
-1.14327372888989,-1.97805126441054,0.645607112451547,2012.07673333333,590,424
-1.15357823008395,-1.98231986886317,0.644310243801505,2012.1101,590,424
4.59900209201341,-1.81705993590128,0.814559373915898,2011.8098,585,425
4.59330352930009,-1.80642804358054,0.815265190068491,2011.84316666667,585,425
4.594058775308,-1.80090034708131,0.817910364030364,2011.87653333333,585,425
4.59502393978762,-1.79170649643302,0.820968047840677,2011.9099,585,425
-1.39412614558958,4.82910206844079,2.23765919496566,2011.84316666667,586,426
-1.40686509628046,4.83801698661893,2.22517605011938,2011.87653333333,586,426
-1.413193156039,4.83095902899458,2.18454948033788,2011.94326666667,587,426
-1.03837043530006,2.84127408358484,0.723533234869387,2013.74506666667,595,427
-1.03856400536316,2.84150022961405,0.72366443783023,2013.77843333333,595,427
-1.9759897011058,-2.05277185123919,0.555203837399687,2013.84516666667,597,428
-1.98632930117498,-2.05788213977043,0.570884639257035,2013.87853333333,597,428
-2.24233653838178,-1.83378645781394,0.581798999774287,2014.8128,600,428
4.04392702304531,-1.78337364292344,0.50393080308903,2013.9119,598,429
4.0430905495344,-1.78889995571616,0.50369473650773,2013.94526666667,598,429
4.033735416174,-1.78659585752206,0.503922758510649,2013.97863333333,598,429
3.62562028370984,0.463864133536814,0.382647176776165,2015.17983333333,601,430
3.62648373255711,0.471843802696906,0.38717631681328,2015.2132,601,430
3.62074593121337,0.477807478441094,0.394789741791861,2015.24656666667,601,430
3.61883673134476,0.482436715603163,0.402659202631145,2015.27993333333,601,430
3.61348159171955,0.489023829937905,0.411288080298442,2015.3133,601,430
3.60987952240757,0.493971812999962,0.417965234383733,2015.34666666667,601,430
3.60383434255705,0.500269091748724,0.42554721402355,2015.38003333333,601,430
3.57238800960991,0.691275069304946,0.528866858348932,2016.14746666667,605,430
3.57166829273408,0.70644449857939,0.531877214107537,2016.18083333333,605,430
3.57291196787646,0.718634499858925,0.536162453508094,2016.2142,605,430
3.56899596634918,0.732432911717198,0.541016286310915,2016.24756666667,605,430
3.57121039209796,0.744578169762059,0.546326570336896,2016.28093333333,605,430
3.56505914691412,0.757346511129421,0.552367525674025,2016.3143,605,430
3.55974384266925,0.770099193857672,0.559485432346157,2016.34766666667,605,430
6.90270488320604,0.143788580656566,0.239827654641403,2017.2152,607,431
7.77646087721169,0.0602550462097754,-0.299147035403292,2017.44876666667,608,432
7.82025062844762,0.0570855119329441,-0.305620752367758,2017.48213333333,608,432
8.73341426839525,0.163536241044514,-0.207361771061959,2018.3163,612,432
8.75903061522958,0.162816444597417,-0.202079717846129,2018.34966666667,612,432
3.51233033589289,1.5280349238048,0.611297406391376,2017.58223333333,609,433
3.51873117400895,1.54556178459857,0.620095924774079,2017.6156,609,433
3.52931391882742,1.56430071761305,0.630124476672558,2017.64896666667,609,433
3.54345275488732,1.5820122614927,0.63953563888067,2017.68233333333,609,433
3.55808049279592,1.5974972861799,0.64952948568904,2017.7157,609,433
3.57703104877091,1.61192016395166,0.658056125013479,2017.74906666667,609,433
3.59629168513116,1.62159079787887,0.665263516165669,2017.78243333333,609,433
-1.06668058752437,5.43267517163833,1.28540641935319,2017.6156,610,434
-1.1084263991039,5.48080359478683,1.29241699411877,2017.64896666667,610,434
-1.0719457475636,2.8328990889414,0.73674286676796,2017.78243333333,611,435
-1.07236106592975,2.83333756326607,0.736438763943733,2017.8158,611,435
-1.07224428915017,2.8322849750524,0.736587344203619,2017.84916666667,611,435
6.15218905707696,0.353470891164876,0.137935081818002,2018.9169,613,436
6.13320573627324,0.371581563515619,0.141930601529601,2018.95026666667,613,436
6.1380187199335,0.389654696447125,0.144950352307127,2018.98363333333,613,436
6.08039025523534,0.886792383157711,0.202672778238217,2019.9179,618,436
6.0869254904442,0.895324440101333,0.203978902261894,2019.95126666667,618,436
3.84411281682529,1.92280497843537,1.19389354906864,2018.95026666667,614,437
3.8605748258699,1.92262065258845,1.21615684760329,2018.98363333333,614,437
3.87359470370783,1.92494535666331,1.23547630938411,2019.017,614,437
3.89327653933114,1.92584183574737,1.25621774771715,2019.05036666667,614,437
3.90242127510897,1.92600621111833,1.2767200078331,2019.08373333333,614,437
3.91759459573637,1.92685919724865,1.29633589890408,2019.1171,614,437
3.92948179975223,1.92871997761354,1.31378634568565,2019.15046666667,614,437
4.45967042484407,1.86760005126527,1.71629239278197,2020.05136666667,621,437
4.48674208232534,1.86170635338045,1.74392485090989,2020.08473333333,621,437
4.50741171343535,1.85443067238835,1.77229610078235,2020.1181,621,437
3.95347779088025,-2.21114110434164,0.228753320074605,2019.2172,615,438
3.74897020017225,-2.03203348344573,0.563794279858628,2019.65096666667,617,438
3.74917941554035,-2.04244480578905,0.578145844772375,2019.68433333333,617,438
3.76456056204474,-2.06415422422604,0.591102314269832,2019.7177,617,438
3.77716204670365,-2.07833255983274,0.598535100616713,2019.75106666667,617,438
4.2523521945383,-2.49671970741767,0.117190146351212,2020.15146666667,623,438
-1.82588222596195,5.53508405773662,1.39731792029923,2019.48413333333,616,439
-1.84042089815441,5.52707838791786,1.3907543893651,2019.5175,616,439
-1.86345561396568,5.53168543130686,1.38530969350554,2019.55086666667,616,439
1.317935815531,-0.628687210572474,0.350013276704355,2020.018,619,440
1.33285770185883,-0.632049917367005,0.355176443935074,2020.05136666667,619,440
1.34440673606147,-0.628645719849325,0.362971480576928,2020.08473333333,619,440
1.36064055212086,-0.636229291417072,0.369744923920907,2020.1181,619,440
1.37741167100787,-0.648416532071392,0.376387678708315,2020.15146666667,619,440
6.63381569573636,5.23545642582513,0.491904976779419,2020.05136666667,620,441
6.63067236983166,5.25260608659064,0.499950613354625,2020.08473333333,620,441
6.62472381940968,5.26581873444707,0.512833582537191,2020.1181,620,441
-1.06170030265102,2.8215998525087,0.762939565149896,2020.1181,622,442
-1.06063291413163,2.82106400848369,0.762897446179564,2020.15146666667,622,442
-1.06298272263987,2.82204956921378,0.762582922539872,2020.18483333333,622,442
6.24622670182972,5.58835601721099,0.634500816451377,2021.28593333333,624,443
1.89533765894899,-0.568281792695778,0.265536632828885,2021.28593333333,625,444
1.91162975228944,-0.558779588624864,0.25934541938433,2021.3193,625,444
1.92498106978063,-0.546822854202626,0.251102046795949,2021.35266666667,625,444
1.93391840424415,-0.530028595366965,0.241333424161381,2021.38603333333,625,444
1.94566739996222,-0.519337648951728,0.233538868316135,2021.4194,625,444
2.16375103748511,-0.074452906622774,0.214452920374307,2022.2202,627,444
2.17976163309934,-0.0549605567201469,0.217441589041145,2022.25356666667,627,444
2.19363780160434,-0.0313579605517587,0.222633021983378,2022.28693333333,627,444
2.20722149260223,-0.00798454555656214,0.231062111438922,2022.3203,627,444
2.22851214373967,0.0102139856228162,0.240238914114484,2022.35366666667,627,444
2.2402614713555,0.0315631263923284,0.251934693504685,2022.38703333333,627,444
2.25986003932632,0.0471266641467012,0.261658912729041,2022.4204,627,444
2.47129218516921,0.753288966299665,0.429815626738158,2023.25456666667,631,444
2.48235057313599,0.790552057416674,0.430479906500638,2023.28793333333,631,444
2.49173386036991,0.828408798272803,0.431358716035816,2023.3213,631,444
2.50854719431892,0.865062943583021,0.431405484156206,2023.35466666667,631,444
2.52164455782466,0.900756566553249,0.432516818871758,2023.38803333333,631,444
2.5354336880626,0.934819159123446,0.432793516003374,2023.4214,631,444
2.54805000505134,0.964582575949108,0.433261809480572,2023.45476666667,631,444
2.57076787654404,0.993221765609765,0.432619294962203,2023.48813333333,631,444
2.82810393681761,1.35961577040693,0.35762260309917,2024.15546666667,633,444
2.83321344895354,1.36491580385192,0.349962674061392,2024.18883333333,633,444
2.84022761411366,1.37018308820585,0.343464270000905,2024.2222,633,444
2.84606936584785,1.37428590953762,0.33817734293945,2024.25556666667,633,444
2.84865599842939,1.3755377322212,0.3352748174831,2024.28893333333,633,444
2.85424121505425,1.37723714141201,0.330633008838029,2024.3223,633,444
2.85684838356888,1.37640523858564,0.327176868309664,2024.35566666667,633,444
2.84354933601381,1.30163892508486,0.322855335401538,2025.18983333333,636,444
2.84040147361619,1.3073055812272,0.332598578399912,2025.2232,636,444
2.83432555896158,1.31454153186318,0.342833575851893,2025.25656666667,636,444
2.83291109325327,1.32324348903106,0.351852160885051,2025.28993333333,636,444
2.82662971992271,1.33001557360897,0.359434407793206,2025.3233,636,444
2.82276292968578,1.33771894096295,0.366383856014476,2025.35666666667,636,444
2.82017033515718,1.3429675174233,0.370818808166045,2025.39003333333,636,444
5.07363051381702,1.27785305282512,2.53983776586113,2021.7197,626,445
5.09665851597007,1.26183626236586,2.55789617530836,2021.75306666667,626,445
5.10678800574516,1.25087707205856,2.57195190986469,2021.78643333333,626,445
5.11563712859772,1.24164744885973,2.5831830937024,2021.8198,626,445
5.38704284197642,5.47663835772337,0.83022864016399,2022.85416666667,628,446
5.37722168638729,5.48109988780055,0.819297029941063,2022.88753333333,628,446
5.3603825654326,5.47885700258986,0.810089384437436,2022.9209,628,446
5.35448946651466,5.4921348211773,0.797805922094039,2022.95426666667,628,446
5.49468188961162,1.79858857590558,0.209907071538422,2023.021,629,447
5.48078320596116,1.78367892821682,0.216467903613003,2023.05436666667,629,447
5.45806171363473,1.77002510896199,0.223873138972218,2023.08773333333,629,447
4.95720133578507,1.48267825919052,2.74349056688908,2023.05436666667,630,448
4.95464591485238,1.4930823070117,2.76027660695189,2023.08773333333,630,448
4.95044782408192,1.50128502185797,2.77439934469,2023.1211,630,448
4.95003940162219,1.50773682936707,2.79003667850035,2023.15446666667,630,448
4.94949674605068,1.51209787680486,2.80377907625852,2023.18783333333,630,448
4.95056123671463,1.51947471875427,2.81575796846658,2023.2212,630,448
4.67669541846468,5.89620785338841,0.721213540884737,2024.022,632,449
4.63548825812204,5.88377436956721,0.732416320958257,2024.05536666667,632,449
4.61120556262668,5.8842335619919,0.743966932705818,2024.08873333333,632,449
4.58583499353048,5.88363189208845,0.754820380026002,2024.1221,632,449
5.09210954164336,1.24560419763129,0.220510774784954,2024.18883333333,634,450
5.08385539637263,1.22926411563726,0.221564257722229,2024.2222,634,450
5.06147999866197,1.21052599101724,0.226671225943727,2024.25556666667,634,450
5.0362089370428,1.19504636065356,0.226840515563383,2024.28893333333,634,450
5.03667131471741,1.1801968767143,0.225738294911986,2024.3223,634,450
-2.10150762560051,-0.904913573764779,0.819968028429356,2025.15646666667,635,451
-2.09763723450283,-0.898538833491467,0.819256141469763,2025.18983333333,635,451
-2.09166462400051,-0.890481955152384,0.818682684142167,2025.2232,635,451
3.73444661951814,5.617216578717,0.837618028745115,2025.28993333333,637,452
3.71242881296591,5.59955380769476,0.841263395952601,2025.3233,637,452
3.68875611243516,5.58425400413954,0.841684641488711,2025.35666666667,637,452
3.65370492878945,5.55135838143002,0.839898906100608,2025.39003333333,637,452
2.88602786457051,5.09583652609613,0.736169054413151,2026.3243,641,452
2.8598156632806,5.08284110702847,0.743516931225198,2026.35766666667,641,452
2.82611486969323,5.05795986041256,0.751093480922348,2026.39103333333,641,452
2.80655255642436,5.04768752687972,0.761519715149211,2026.4244,641,452
2.77575567562226,5.02053335567578,0.772657767809809,2026.45776666667,641,452
-2.20015434986682,6.53213537166361,1.56833917079438,2025.9239,638,453
-2.19609455134964,6.54713182257549,1.57101381762299,2025.95726666667,638,453
4.05176726343164,0.382938349818449,0.334321411298561,2026.09073333333,639,454
4.03509900541598,0.360686435909308,0.336761580967378,2026.1241,639,454
3.99771087041425,0.340382582773614,0.342805137579857,2026.15746666667,639,454
-1.98538623436291,-0.911275231481429,0.93302486647945,2026.29093333333,640,455
2.93248436449155,1.56803600519844,0.533563332278037,2026.7247,642,456
2.94375375438001,1.56732067949806,0.539155334298117,2026.75806666667,642,456
2.95839960767978,1.56584987474799,0.546559756634833,2026.79143333333,642,456
2.97081283009431,1.56541150768035,0.551890727421992,2026.8248,642,456
2.98372275572832,1.56387493114135,0.554734772745351,2026.85816666667,642,456
2.99707416190808,1.56330666376513,0.555597158837561,2026.89153333333,642,456
3.00928491636707,1.56144892990502,0.557573738946195,2026.9249,642,456
-1.70667758793957,6.31633997956095,1.64248871862165,2027.19183333333,643,457
-1.69638387187773,6.31146138718209,1.64596999836309,2027.2252,643,457
-1.264701174161,6.25631877655194,1.64695739457149,2028.19283333333,648,457
-1.25332247637723,6.27463862718301,1.64565192983014,2028.2262,648,457
-1.23911546834282,6.27648809590437,1.64177340407287,2028.25956666667,648,457
-1.74318186344023,-1.11829099141777,0.884252325179181,2027.29193333333,644,458
-1.73758455099708,-1.12880844263594,0.880238981493135,2027.3253,644,458
-1.72671242817005,-1.13219615178328,0.877383875820814,2027.35866666667,644,458
1.83419087750663,4.7106095116812,1.09914864070748,2027.3253,645,459
1.81550096231315,4.69697691744849,1.12331940714556,2027.35866666667,645,459
1.80002554557362,4.68134422180557,1.1473616646348,2027.39203333333,645,459
1.77997202003047,4.65521681686821,1.17343645508922,2027.4254,645,459
1.7632855708211,4.64033441693145,1.19832209523598,2027.45876666667,645,459
3.06710165783288,-0.124043532343739,0.355483957361859,2027.3253,646,460
3.03684202136291,-0.134470774379937,0.358120581860081,2027.35866666667,646,460
3.00193337792316,-0.144145034934059,0.363165258517015,2027.39203333333,646,460
2.97512059860204,-0.15464901959734,0.365635501756851,2027.4254,646,460
2.95235276000144,-0.168578069266411,0.367875196812322,2027.45876666667,646,460
2.23062877059456,-0.406777172627259,0.475042381057207,2028.35966666667,649,460
2.21296449640087,-0.431924594009782,0.482483576078281,2028.39303333333,649,460
2.18532576752914,-0.454264338369854,0.489742328011423,2028.4264,649,460
2.16605513714573,-0.481506519037464,0.491974730660274,2028.45976666667,649,460
2.1414771817867,-0.505612991880581,0.492823927885895,2028.49313333333,649,460
3.30721645379216,1.65392996945357,0.386074198093661,2027.99263333333,647,461
3.31216644609502,1.66202372581298,0.375578352536452,2028.026,647,461
3.31761110083765,1.66846446641018,0.366082206868064,2028.05936666667,647,461
3.32250330607188,1.67436756437298,0.356289533409486,2028.09273333333,647,461
3.32717038014767,1.67905828069215,0.346170439690935,2028.1261,647,461
3.25286769584083,1.72534366913319,0.321903995347678,2029.09373333333,652,461
3.26353754512625,1.73232058894635,0.327193025804404,2029.1271,652,461
3.26760799302714,1.73673087558256,0.33259247116938,2029.16046666667,652,461
3.27471599256577,1.74186874565845,0.335149927152154,2029.19383333333,652,461
3.2876553260977,1.74489291973566,0.335599648061354,2029.2272,652,461
3.30006023530449,1.74663285821132,0.337055618327676,2029.26056666667,652,461
-1.97228455754989,-1.25037398298424,1.00081484808915,2028.4264,650,462
-1.98325382757475,-1.25883132035621,1.00957516034465,2028.45976666667,650,462
-1.98872706112304,-1.26470087756399,1.01694584232375,2028.49313333333,650,462
1.3142958763103,4.50397556883542,1.34953167729045,2028.45976666667,651,463
1.31235232767717,4.51471273851718,1.35880287175506,2028.49313333333,651,463
1.30827851272838,4.52088982084872,1.36573245177376,2028.5265,651,463
1.30941147766587,-0.653992169992368,0.43262160172899,2029.49413333333,653,464
1.28832847500131,-0.65659583739253,0.435182053303549,2029.5275,653,464
3.52129050182003,1.95921437278667,0.311418447870284,2030.39503333333,654,465
3.53599079940087,1.96683732170006,0.307536935161549,2030.4284,654,465
3.53974416862273,1.97129233787255,0.307255179779251,2030.46176666667,654,465
3.54989577542256,1.97841010391799,0.306166070048438,2030.49513333333,654,465
3.55550053120044,1.98418754151425,0.305362953463352,2030.5285,654,465
3.55911406255202,1.99227079151939,0.304296524500324,2030.56186666667,654,465
-0.0102040660856726,-0.673646720590646,0.797310161166739,2031.56286666667,655,466
-0.0275598239132219,-0.679455178411846,0.806455919074153,2031.59623333333,655,466
-0.0431745150393588,-0.6798208310561,0.813762926409926,2031.6296,655,466
-0.0556410833031088,-0.674943391273969,0.818214659034393,2031.66296666667,655,466
-0.0680415661850496,-0.673201825824851,0.821896391456538,2031.69633333333,655,466
8.16732569163772,2.51496343750784,0.150407139667072,2031.56286666667,656,467
8.17637137562197,2.51127040635303,0.151722356620113,2031.59623333333,656,467
7.19305384207857,2.53163558453051,0.22520805398368,2032.66396666667,657,468
7.17390461405118,2.55658622045272,0.230989285833224,2032.69733333333,657,468
7.17664428288913,2.58697784897746,0.232131132907633,2032.7307,657,468
7.15501934629291,2.60999752055161,0.237430431938404,2032.76406666667,657,468
7.1749408567622,2.63433411644122,0.243619903317844,2032.79743333333,657,468
-1.32016539018467,5.38417214258427,1.39474673386182,2033.3313,658,469
-1.31850944916381,5.32338988149562,1.38619213890852,2033.36466666667,658,469
-1.3322950521871,5.28830744131082,1.38195254999205,2033.39803333333,658,469
-1.3499677443788,5.26677023038262,1.37910910008571,2033.4314,658,469
-1.80443837387262,4.52910540768679,1.25757633095475,2034.2322,660,469
-1.84540022068388,4.52441814790598,1.26389468241029,2034.26556666667,660,469
-1.8621301231411,4.48594219489029,1.26074275477302,2034.29893333333,660,469
-1.89846123904804,4.46632364517879,1.26404353126768,2034.3323,660,469
-0.712700952169312,5.885373228966,1.79690929276073,2034.3323,661,469
-0.734021525303733,5.88813944269691,1.79847609096857,2034.36566666667,661,469
-0.761075654198753,5.90696011953372,1.80777200484176,2034.39903333333,661,469
-0.770638385711992,5.87071272164736,1.80117770923928,2034.4324,661,469
-2.32700064524345,4.10040450476049,1.25788581736172,2035.06636666667,662,469
-2.35304795040818,4.09323337841034,1.26045949065978,2035.09973333333,662,469
-2.35745621520675,4.07136740894141,1.25823222053373,2035.1331,662,469
3.34801491558308,-2.52319930685188,0.51345268440413,2033.7317,659,470
-0.331131933932507,0.410319134265317,0.640919126042039,2035.2332,663,471
-0.330912622153586,0.418355433361508,0.651731205865465,2035.26656666667,663,471
-0.334608116500916,0.427357893344664,0.661242504458151,2035.29993333333,663,471
-0.339183004087221,0.437551793251641,0.670517667636999,2035.3333,663,471
-1.57164807575984,5.64698397539456,1.48945912737649,2035.76706666667,664,472
-1.59502416829477,5.6558528901446,1.4869860020495,2035.80043333333,664,472
-1.6243172578778,5.66992072308103,1.48755593612462,2035.8338,664,472
-0.507606352000184,0.202079518542115,0.532235610313024,2036.56786666667,665,473
-0.51917099407444,0.179658137796863,0.517923795867635,2036.60123333333,665,473
-0.532678025265549,0.151446850141158,0.501996902149861,2036.6346,665,473
-0.544527550654086,0.127476938376847,0.489011109337592,2036.66796666667,665,473
-0.320523132058675,0.118226671961344,0.23820636851559,2037.6356,666,473
-0.488200682909375,-0.118717355241811,0.334825158798317,2037.66896666667,667,473
-0.152265284514393,0.193820981250843,0.493676175638425,2038.4364,669,473
-1.06273166786027,2.81762615487319,0.76958283281705,2038.2362,668,474
-1.06302790736387,2.81744822331447,0.769932477413749,2038.26956666667,668,474
-0.906351105771263,2.15091364678594,0.874998028269869,2038.77006666667,671,474
-0.912353700234896,2.15178733689878,0.873336832623601,2038.80343333333,671,474
-0.918908094857373,2.15268864953879,0.871928534502093,2038.8368,671,474
-0.926280932749034,2.15368930236006,0.869921684209334,2038.87016666667,671,474
-1.13243839017977,2.02177349999247,1.00521809161659,2039.8378,677,474
-1.13839053876514,2.01553869025523,1.00492059275949,2039.87116666667,677,474
-1.1454389704773,2.00882042983824,1.00329207637718,2039.90453333333,677,474
-1.15513196426175,2.00323602186932,1.00186863941905,2039.9379,677,474
7.4209194798907,1.99012908607355,-0.111886572733055,2038.4364,670,475
-6.81797640937706,-1.9252876317256,1.48631538999646,2038.80343333333,672,476
-6.83343256716233,-1.93110852568775,1.48255056974854,2038.8368,672,476
1.38469050272501,8.98458082938218,2.07995918673224,2039.07036666667,673,477
-5.33569586377304,5.03752973131168,2.35858304550042,2039.3373,674,478
-5.31959698959104,4.99725103362003,2.35586306579982,2039.37066666667,674,478
-5.33987366634664,4.94888576549706,2.36764423323989,2039.4374,675,478
7.22137970668378,2.13031459822313,0.120262580697546,2039.47076666667,676,479
-5.09996040888104,3.54492249363763,2.42881390899617,2040.4384,678,480
-5.12711614927992,3.52093441721786,2.44705427244902,2040.47176666667,678,480
-5.08934269694981,3.47068343564347,2.44718767008496,2040.50513333333,678,480
-5.11962761792979,3.45037318761533,2.46845012542126,2040.5385,678,480
1.97976956538196,7.85362006549476,2.26422373102352,2040.6386,679,481
2.00439718264785,7.88959435448709,2.28760224166312,2040.67196666667,679,481
2.02068761090109,7.76794511891063,2.28574419280121,2040.7387,680,481
2.03257815973446,7.74605908004896,2.29609914705984,2040.77206666667,680,481
2.05893541285355,7.78410946703707,2.32020428580123,2040.80543333333,680,481
-1.598314221095,1.34326708589649,1.18466399513363,2041.10573333333,681,482
-1.61382831960001,1.31630990324708,1.18795893553709,2041.1391,681,482
-1.62884984880454,1.29071526328729,1.1899813709428,2041.17246666667,681,482
-1.63779557756585,1.26758568911979,1.1894997150436,2041.20583333333,681,482
-1.65776148684013,1.24344417888112,1.19168024393932,2041.2392,681,482
2.24636512831507,5.77932439621665,2.44848368453119,2042.27356666667,682,483
2.25091217082912,5.71552402843697,2.43989379678784,2042.30693333333,682,483
-2.4231373855561,0.711817894207552,1.45108398199365,2042.37366666667,683,484
-2.44891275691966,0.706032286516964,1.44899469729702,2042.40703333333,683,484
-2.46870545931842,0.701918192860122,1.44353288452396,2042.4404,683,484
-2.48810749343983,0.697106784865011,1.44013993880513,2042.47376666667,683,484
3.33240470327958,-2.53164256723071,0.517463687869874,2042.47376666667,684,485
1.62109268122363,5.08265019714365,0.627877282489258,2043.30793333333,685,486
-2.87026728205129,0.691776958319858,1.19206989080402,2043.47476666667,686,487
-2.88008432956141,0.696126620231427,1.19407895210123,2043.50813333333,686,487
-2.89535196466882,0.700374400208425,1.19842373945872,2043.5415,686,487
-2.90197612079455,0.70671946486973,1.20386346405092,2043.57486666667,686,487
0.90167169877255,0.767907485114821,0.690279611355191,2044.10873333333,687,488
3.10465660534646,-2.43734975394252,0.653642783018346,2044.1421,688,489
3.06180364141518,-2.40506619153094,0.663583805327399,2044.17546666667,688,489
2.87793489662742,-2.12605741328734,0.384933625702232,2045.10973333333,692,489
2.88110545006117,-2.12322603400965,0.374292411159354,2045.1431,692,489
2.8748917268447,-2.11115630731859,0.366154423135451,2045.17646666667,692,489
2.88465543257383,-2.12024148153407,0.357578562662535,2045.20983333333,692,489
0.481845767598007,1.62412044650692,1.74678133343002,2044.50913333333,689,490
0.4815681958902,1.56810426296252,1.7345576826779,2044.5425,689,490
0.486437453006417,1.51046980925155,1.71871071600367,2044.57586666667,689,490
0.490428798780687,1.44890687713109,1.70301572829603,2044.60923333333,689,490
0.483103230534618,1.38871209031668,1.68804268148692,2044.6426,689,490
0.470474104448948,1.33149799749015,1.67590047368412,2044.67596666667,689,490
0.457651287072428,1.27571055639292,1.66618553454862,2044.70933333333,689,490
0.448516453459357,1.22009267692094,1.66100366473988,2044.7427,689,490
-3.23749111470389,0.736692959039619,1.31186954363487,2044.60923333333,690,491
-3.24035380415574,0.738464202060454,1.31582462726419,2044.6426,690,491
-3.25274512266646,0.739026274475208,1.32191078610083,2044.67596666667,690,491
6.89447341443976,2.80062510808095,0.131693990343745,2044.70933333333,691,492
1.2816106406087,5.17744178413864,0.635865016552078,2045.1431,693,493
1.26867099591882,5.18805207310705,0.633754433472821,2045.17646666667,693,493
0.985024107812042,5.01873400029767,0.652411618032342,2045.9439,698,493
0.969557560807368,4.99029702365146,0.653097028220866,2045.97726666667,698,493
0.960253565425601,5.00018364261502,0.653217415953098,2046.01063333333,698,493
0.952064847496537,4.98173605460987,0.655148933123885,2046.044,698,493
0.947434235165735,4.98107146286687,0.659532279628162,2046.07736666667,698,493
0.765592249277002,4.81152162864202,0.684114329541952,2046.8448,704,493
0.763295671775612,4.81413179974813,0.684126779922092,2046.87816666667,704,493
0.762258017617847,4.82174660752952,0.682817442108493,2046.91153333333,704,493
0.755156719115427,4.80101360330127,0.684852463249288,2046.9449,704,493
0.140898085296248,-2.18090919894041,0.200307540289236,2045.17646666667,694,494
0.0935514198338649,-2.23172289848191,0.208545610105618,2045.2432,695,494
-0.438407881854565,-2.51414428447729,0.49565927095574,2045.97726666667,699,494
-0.463573614606232,-2.54154600940157,0.507186475974058,2046.01063333333,699,494
-0.486494618969195,-2.55118887539555,0.520364299974195,2046.044,699,494
-0.521866733950124,-2.58852883015062,0.533149511221773,2046.07736666667,699,494
-4.25266240268826,-0.415736978615878,4.42048288115119,2045.3433,696,495
0.654890610041986,-0.361129838926475,1.13873880891205,2045.87716666667,697,496
0.678953284175262,-0.397136515942963,1.13317428447785,2045.91053333333,697,496
6.45826925933874,2.34803544641333,0.0335407588674779,2046.07736666667,700,497
6.45121918177469,2.32623385105478,0.0348943265844639,2046.11073333333,700,497
6.43531018205372,2.30076716067007,0.0340870192561332,2046.1441,700,497
6.44317854897318,2.27723301689805,0.034227180397121,2046.17746666667,700,497
6.40769446626183,2.25012921790523,0.0368336956413607,2046.21083333333,700,497
6.07898365968793,1.69207521669294,0.0805342860625039,2047.1451,706,497
6.05852671896636,1.66928107896073,0.0829618818134774,2047.17846666667,706,497
6.03147049177828,1.64803277815938,0.0858577438310195,2047.21183333333,706,497
6.01445115624833,1.6277923277208,0.08602348432426,2047.2452,706,497
5.53601121194356,1.38964150473726,-0.0684200733398874,2048.17946666667,709,497
5.52282062348567,1.38432613985736,-0.0710379161548312,2048.21283333333,709,497
5.19052151813381,1.32613497519964,-0.00942436386038548,2049.11373333333,715,497
5.15740385629385,1.32321670739752,-0.00622976207792536,2049.1471,715,497
5.14880437564731,1.32360847854555,-0.00370749371734258,2049.18046666667,715,497
5.1275754285398,1.3218895009618,0.000859669097921345,2049.21383333333,715,497
5.11156363123516,1.32173093490462,0.0019003465822558,2049.2472,715,497
4.96195374031901,1.38828333257809,0.0632256840247113,2050.21483333333,718,497
4.9704433583343,1.40274575581696,0.0556146325254637,2050.2482,718,497
4.95455619319743,1.41376950873689,0.0554081162288076,2050.28156666667,718,497
4.96310717330855,1.42322628891995,0.0524924188065833,2050.31493333333,718,497
4.89374408095613,1.58911651642602,0.072710851913935,2051.11573333333,722,497
4.88609934738273,1.59763166974006,0.0741045039859995,2051.1491,722,497
4.89440480954552,1.60310440594442,0.0759992997660826,2051.18246666667,722,497
4.89549516911994,1.6077205581064,0.0797708830663292,2051.21583333333,722,497
4.7293244618745,1.72347940053202,0.256638209765716,2052.18346666667,725,497
4.71143237405102,1.7149809329903,0.269721320017481,2052.21683333333,725,497
4.69674006354505,1.7063566464847,0.284511554094238,2052.2502,725,497
4.68911510111978,1.6989149783267,0.298907751339812,2052.28356666667,725,497
4.68115739583682,1.69218752599925,0.312842984692693,2052.31693333333,725,497
4.67416433458196,1.68496387173057,0.328277513953741,2052.3503,725,497
4.66872434054266,1.67924546771262,0.34206454289558,2052.38366666667,725,497
2.77605184679745,-1.83037644725594,0.265270102405729,2046.47776666667,701,498
2.768190190693,-1.82663517267211,0.259611804970953,2046.51113333333,701,498
2.77459867066317,-1.83753570739208,0.251837793612436,2046.5445,701,498
2.81370011609659,-1.82385775252244,0.359862021137813,2047.3453,707,498
2.82779223015247,-1.83587268640414,0.367464486043337,2047.37866666667,707,498
2.84291601020443,-1.85149055290288,0.377626219253775,2047.41203333333,707,498
2.85500117871918,-1.86521802050319,0.386499481519506,2047.4454,707,498
-4.1724652887467,-0.66461538699563,4.70044434334813,2046.6446,702,499
-4.17171795559929,-0.653195677664589,4.7125624923204,2046.67796666667,702,499
-4.16142937384665,-0.628193648467099,4.72813157633078,2046.7447,703,499
-4.16847265415667,-0.620683781353638,4.74160843425267,2046.77806666667,703,499
4.89217836322066,1.84334844490019,3.45337730156377,2046.91153333333,705,500
4.88571341563665,1.84295563232538,3.46297988786784,2046.9449,705,500
4.8752735325996,1.84286005177499,3.47104722010795,2046.97826666667,705,500
4.87359525671965,1.84528359300924,3.48219591208225,2047.01163333333,705,500
-4.0530474914799,0.721269082738031,1.19672534042062,2047.61223333333,708,501
2.74302508140348,-2.10958796248581,0.427358325245027,2048.4464,710,502
2.72826655513029,-2.09788764431267,0.421130726694662,2048.47976666667,710,502
2.71564694242046,-2.08932748228411,0.399203813537684,2048.5465,711,502
2.69230809784365,-1.50196304176278,0.248095476647753,2049.48076666667,716,502
2.67845292015115,-1.47750988485782,0.250497257007601,2049.51413333333,716,502
2.66362921078396,-1.45629925599387,0.255024922214991,2049.5475,716,502
2.65330418889339,-1.44057848201199,0.259289561792977,2049.58086666667,716,502
2.13634072154151,-1.1948807913457,0.35237076856728,2050.3483,719,502
2.12082699857654,-1.19310612189251,0.360499687214515,2050.38166666667,719,502
2.10348040240714,-1.19449081851343,0.367951030454876,2050.41503333333,719,502
2.0759840843924,-1.18328684295189,0.375765180565846,2050.4484,719,502
2.05548476957886,-1.17829663696128,0.38475100435671,2050.48176666667,719,502
1.58783886291402,-0.884276923970888,0.538212674073264,2051.38266666667,724,502
1.57672311093178,-0.871659922276579,0.542799180453311,2051.41603333333,724,502
1.55884783994009,-0.854247323483196,0.54882099291611,2051.4494,724,502
1.53897354874413,-0.842771845755376,0.554861213509814,2051.48276666667,724,502
1.51509724682296,-0.829563931830079,0.562086043093339,2051.51613333333,724,502
1.48628225046949,-0.816993192372233,0.568802314929077,2051.5495,724,502
4.34477341795724,0.923903477440261,3.62460494688489,2048.6466,712,503
4.35236377875576,0.891599747300576,3.62689027333393,2048.67996666667,712,503
4.3635714985162,0.853041731621654,3.6346366018333,2048.71333333333,712,503
4.37425737922283,0.815112170149517,3.6431418543048,2048.7467,712,503
4.37238846494225,0.777606090190799,3.64352935901108,2048.78006666667,712,503
4.38659415333421,0.740292844581189,3.65739509883764,2048.81343333333,712,503
4.39957079616368,0.707177613710139,3.67056186480479,2048.8468,712,503
-4.33853802773695,0.770645118490886,1.21607987386839,2048.67996666667,713,504
-2.31287729513381,-3.92738477608672,0.854405058533537,2048.81343333333,714,505
4.31294241666017,-0.28203783812902,3.9949025014326,2050.048,717,506
4.31920446229319,-0.288351536710295,3.99873277067621,2050.08136666667,717,506
4.33279343689771,-0.290526361565576,4.00164106359383,2050.11473333333,717,506
-4.57707514367917,0.910267362382052,1.25426740792474,2050.41503333333,720,507
-1.86754680970825,-4.03404732676206,0.910275569590228,2051.01563333333,721,508
-1.84704953275181,-4.04577634993596,0.912267335215668,2051.049,721,508
-1.836602344599,-4.08238415538693,0.916904362840245,2051.08236666667,721,508
3.52494065018673,2.19754456146242,0.369831577705465,2051.11573333333,723,509
3.51984803670479,2.19724602828008,0.371595294761102,2051.1491,723,509
3.51572085470741,2.1948932845348,0.374161244879045,2051.18246666667,723,509
3.50530760300809,2.19252690573256,0.379414788872113,2051.21583333333,723,509
3.50441636546712,2.19359815968321,0.381494342689416,2051.2492,723,509
3.50100629503688,2.1910445544148,0.385808907897554,2051.28256666667,723,509
3.56655981985952,2.08374342125243,0.563489404174496,2052.4504,726,510
3.55993661673579,2.09363237742455,0.566019411020902,2052.48376666667,726,510
3.54986624972023,2.10258096125487,0.568955647981552,2052.51713333333,726,510
3.5455297711364,2.11167842706225,0.571191348739097,2052.5505,726,510
3.54340823569135,2.1214444590298,0.574424324974836,2052.58386666667,726,510
3.54470548798042,2.13358167535746,0.579462686914269,2052.61723333333,726,510
3.54269401239128,2.14321277548808,0.582828565453819,2052.6506,726,510
-1.05906997591836,2.81563510005235,0.772104210358572,2052.61723333333,727,511
-1.06244457904826,2.81743519449438,0.771746990547999,2052.6506,727,511
-1.06064093352638,2.81691425439389,0.771632730556642,2052.68396666667,727,511
-1.23558115122488,-4.59706656209704,0.723523430290692,2052.7507,728,512
-1.22340041433701,-4.56430847784288,0.711535539430659,2052.78406666667,728,512
-1.22049931294681,-4.55320835633016,0.697953319259004,2052.81743333333,728,512
4.45618437139762,0.0723750551155014,4.00963561194334,2053.051,729,513
4.4710898726003,0.0855867420205126,4.04197794395161,2053.08436666667,729,513
4.46423118719814,0.11496852180743,4.05675828705678,2053.11773333333,729,513
4.44651693325396,0.143275916713497,4.06015744924702,2053.1511,729,513
4.43654218245775,0.165801551855447,4.07448662920756,2053.18446666667,729,513
4.43288207390962,0.180998672260175,4.0959805317608,2053.21783333333,729,513
4.42543076635975,0.195652723400861,4.11524771928497,2053.2512,729,513
4.41796188873976,0.21066825915937,4.13476579954658,2053.28456666667,729,513
3.72966500558653,-3.10270029452047,0.258419118626013,2053.08436666667,730,514
0.10239296790522,-0.746384572957766,0.70759615456808,2053.21783333333,731,515
0.0728198963146662,-0.736160004582752,0.695622595997181,2053.2512,731,515
0.0368827675770796,-0.736601469001271,0.683616231983456,2053.28456666667,731,515
4.05007448241799,1.9399467476728,0.458130511893292,2053.6516,732,516
4.02756491059312,1.94341025680994,0.463977446247396,2053.68496666667,732,516
4.01128667421013,1.94380181586134,0.469593543375026,2053.71833333333,732,516
3.99451729863955,1.94256194556064,0.475861367246411,2053.7517,732,516
3.98073899664773,1.94007053930876,0.4793792842636,2053.78506666667,732,516
3.96728529282967,1.93693919617184,0.483169520770321,2053.81843333333,732,516
3.94778420696769,1.93301404758109,0.482870783165053,2053.8518,732,516
3.44428033392983,2.29295374823115,0.539080196219218,2053.8518,733,517
3.4385147595598,2.29551566447405,0.543712213651975,2053.88516666667,733,517
3.43503581760274,2.29700255793431,0.547248443437855,2053.91853333333,733,517
3.43027172341735,2.29875702828659,0.550823153040375,2053.9519,733,517
3.42374523715385,2.30116459420853,0.552897335692559,2053.98526666667,733,517
-1.04804030171605,2.71966567683606,0.801169354655077,2054.71933333333,734,518
-1.04517178579938,2.71811701778799,0.797863668506209,2054.7527,734,518
-0.985486890020831,2.73092643270495,0.820594131338808,2055.58686666667,738,518
-0.985503570462028,2.73113808847534,0.819704414702528,2055.62023333333,738,518
-1.21319457933129,2.87268568939207,0.943389484515743,2056.52113333333,740,518
-1.22174484271422,2.88341947358004,0.947431898731396,2056.5545,740,518
-1.22737222300246,2.89137048785279,0.951299969599466,2056.58786666667,740,518
-1.20870613732996,3.15425418151751,1.00411288949821,2057.42203333333,745,518
-1.21145005602816,3.15539846190196,1.01035862733704,2057.4554,745,518
-1.2125105274971,3.15416622486958,1.01615514465594,2057.48876666667,745,518
3.39568051749666,2.17064950299939,0.287780224058102,2054.98626666667,735,519
3.38366684515817,2.18484387906205,0.281834622913407,2055.01963333333,735,519
3.37211935959478,2.19741460687137,0.277081500841118,2055.053,735,519
3.35678300892926,2.20728797809131,0.274144571655096,2055.08636666667,735,519
3.34608988426558,2.2148125352909,0.276848290872203,2055.11973333333,735,519
3.33513849293803,2.21608625142774,0.283525172477055,2055.1531,735,519
3.32669679767998,2.21169945288316,0.295217010333243,2055.18646666667,735,519
3.1427268911079,2.28007599680181,0.604291892616002,2056.12073333333,739,519
3.14548134748771,2.28816444645623,0.611380848954131,2056.1541,739,519
3.14660993710889,2.29691239386129,0.61961427564982,2056.18746666667,739,519
3.1452801152242,2.30519244791965,0.628462845374793,2056.22083333333,739,519
3.14886369391574,2.31486416311354,0.636359757954303,2056.2542,739,519
3.14545823687567,2.32345394600017,0.642744169043399,2056.28756666667,739,519
3.14302138820279,2.32980032480908,0.64831487552653,2056.32093333333,739,519
3.93053038452165,2.21938620878178,0.689741524124842,2057.22183333333,742,519
2.68296354470136,2.67636333236359,0.702653910861022,2057.2552,743,519
2.65899757860445,2.68027263286523,0.708835456192476,2057.28856666667,743,519
3.96062165531916,2.17922453494811,0.702623601596298,2057.28856666667,744,519
2.63471064730046,2.68313781384422,0.714497009128504,2057.32193333333,743,519
3.98856147274138,2.15868419858533,0.706589466246629,2057.32193333333,744,519
2.61002686278641,2.68402734468221,0.720197779521677,2057.3553,743,519
2.58920140515067,2.683492043191,0.724795599306541,2057.38866666667,743,519
2.56752711920884,2.6823308846489,0.728345032935706,2057.42203333333,743,519
2.54810570724135,2.67991423567233,0.73103873852584,2057.4554,743,519
3.53105884027364,2.5797784927023,0.339686890165851,2055.053,736,520
3.53919524613981,2.59318612693306,0.336211878221444,2055.08636666667,736,520
3.54800697314597,2.60724482252663,0.332079098113145,2055.11973333333,736,520
-0.468551234480924,-0.0870318658858669,0.207256060567808,2055.1531,737,521
4.22984192198606,1.95998649549407,3.66901437475093,2056.82143333333,741,522
4.24284193089954,1.97391225380877,3.67762820878536,2056.8548,741,522
4.26091729602443,1.98947519446827,3.69283404629747,2056.88816666667,741,522
4.2737004320874,2.00484223653919,3.70778626062907,2056.92153333333,741,522
4.28378580321759,2.01953022808278,3.71572832525907,2056.9549,741,522
1.8672127529187,2.32596740699642,0.544970107219851,2058.52313333333,746,523
1.84508143878484,2.30746329523459,0.54312680562442,2058.5565,746,523
1.82121242939963,2.28778312056572,0.541554392799452,2058.58986666667,746,523
1.79879705022452,2.26871851589773,0.539984645125334,2058.62323333333,746,523
1.77675052797288,2.24991106392481,0.538423946320334,2058.6566,746,523
1.75728612973844,2.23088176878351,0.536847690977782,2058.68996666667,746,523
1.74101857944073,2.21488373557905,0.535952436726475,2058.72333333333,746,523
1.72642746668749,2.19789977306121,0.535060514347947,2058.7567,746,523
1.4600658139517,2.00339931968238,0.458510708418957,2059.52413333333,751,523
1.45488026275588,2.01265917038869,0.449338650088561,2059.5575,751,523
1.44897802595447,2.02271911982724,0.440091234438377,2059.59086666667,751,523
1.44305244940763,2.03337155515838,0.430096949549425,2059.62423333333,751,523
1.43584615235392,2.04473317486875,0.422272954658695,2059.6576,751,523
1.43030724262143,2.05695900708228,0.415762044071083,2059.69096666667,751,523
1.42592746354725,2.06880227849574,0.41218773429116,2059.72433333333,751,523
1.42176677115924,2.07734969485939,0.413407455174911,2059.7577,751,523
1.31990012926071,2.33924710177178,0.393350769685858,2060.5585,756,523
1.31933189561986,2.35603595417651,0.387540406287934,2060.59186666667,756,523
1.31675536106277,2.37351985837675,0.381877940063639,2060.62523333333,756,523
1.31333201292247,2.39101999043588,0.376661594039583,2060.6586,756,523
1.30854672244481,2.40942341544476,0.374877193351141,2060.69196666667,756,523
1.30694313860042,2.42307206625277,0.378412168523793,2060.72533333333,756,523
1.30981010413975,2.43036113296468,0.386372468223126,2060.7587,756,523
-1.28442880620935,3.23258402586506,1.01663699209214,2058.5565,747,524
-1.28017884860662,3.23946938413978,1.01437267035235,2058.58986666667,747,524
4.64471923053031,1.31955800317293,0.616225509060329,2058.58986666667,748,525
4.66071350787807,1.28073204243662,0.61290952855841,2058.6566,749,525
4.67725567596399,1.26272315084019,0.609133612908834,2058.68996666667,749,525
3.10672205373095,-2.6118199460948,0.18763817404521,2058.82343333333,750,526
3.08715861110308,-2.60336578549146,0.189456177368823,2058.8568,750,526
3.09814367249344,-2.64216806919129,0.185412879389264,2058.89016666667,750,526
2.9154577300791,-2.65973026865018,0.178302572332393,2059.8578,752,526
2.80028879226958,-2.64161954850214,0.193885670411251,2060.82543333333,757,526
5.21112898010427,1.02933596795305,0.438882739201271,2059.8578,753,527
-2.26288848888065,-2.03176251603028,0.601939300731199,2059.89116666667,754,528
-2.25066242602318,-2.03495976722735,0.60178772710545,2059.92453333333,754,528
-2.23780709936359,-2.03157006273531,0.60646945463277,2059.9579,754,528
-1.25516348617621,3.49368220264994,0.976354231050367,2060.32493333333,755,529
-1.24771920094847,3.5015214886466,0.982619359659956,2060.3583,755,529
1.21710531909071,2.64117496835207,0.320789217262346,2061.7597,758,530
1.21908446488941,2.65624051694445,0.316842921805642,2061.79306666667,758,530
1.22319315573346,2.67057484486447,0.31466683686905,2061.82643333333,758,530
1.22866354753639,2.68135398080033,0.317200430046391,2061.8598,758,530
1.23856578303664,2.6883381646306,0.322952253297242,2061.89316666667,758,530
1.40361574891291,2.82775022235849,0.478099251871713,2062.69396666667,761,530
1.40923925129659,2.84263531119296,0.479737706991329,2062.72733333333,761,530
0.882156567582641,0.742907132908243,0.665943381741596,2062.4604,759,531
0.882597685908722,0.743416229738322,0.66662095405289,2062.49376666667,759,531
0.883317998613006,0.744266740773178,0.66817956959437,2062.52713333333,759,531
-1.46000974251737,4.10966305451321,1.40899347755532,2062.52713333333,760,532
4.28835401211087,2.11766356033162,3.88039309501506,2062.9609,762,533
4.2842554122424,2.10546697335086,3.89070425794302,2062.99426666667,762,533
4.27733410667069,2.09080342885037,3.89466284799549,2063.02763333333,762,533
4.2692554874248,2.07178404975215,3.896974581066,2063.061,762,533
4.26019860700632,2.05311592553714,3.89861466019901,2063.09436666667,762,533
4.2569637166041,2.03425485427883,3.90216656146828,2063.12773333333,762,533
-6.8711063941499,-1.98689928319201,1.94036190518952,2063.22783333333,763,534
-0.266610620192172,2.39596694305058,0.381396188915488,2063.29456666667,764,535
-0.266702533639549,2.39584152228098,0.381594777176066,2063.32793333333,764,535
-0.266686820941864,2.3959524692704,0.381497927111065,2063.3613,764,535
-1.97789242849014,4.02614963070641,1.40226454918625,2063.6616,765,536
-1.99353448741498,4.00860107219316,1.40601231397569,2063.69496666667,765,536
-2.00730253829411,3.99423704524176,1.4062531732849,2063.72833333333,765,536
2.40145861217349,-2.04737554699072,0.123303469129355,2064.02863333333,766,537
2.39416376469382,-2.03139447562638,0.124476033713114,2064.062,766,537
2.36985929828298,-1.98682494636394,0.127899446292735,2064.1621,767,537
6.93571792651192,1.42188715817437,-0.00133495490651836,2064.22883333333,768,538
1.83066978161642,3.30730771095124,0.474065574700522,2064.69596666667,769,539
2.22680997404426,-1.70244445845048,0.107656677060245,2065.1631,770,540
2.23139428101044,-1.70394858931416,0.103932267119606,2065.19646666667,770,540
2.22362019622208,-1.68555239229904,0.106936930448474,2065.22983333333,770,540
2.2228535201304,-1.67653608220887,0.107064439121444,2065.2632,770,540
2.21810985800328,-1.66320769204862,0.109214291910991,2065.29656666667,770,540
5.15584211791495,1.5610141852486,3.06325372485491,2065.19646666667,771,541
5.16220148551188,1.57697482265347,3.0729685773092,2065.22983333333,771,541
5.17033857839069,1.58983659096434,3.08160768041543,2065.2632,771,541
5.18109329006222,1.60316791896748,3.0937737616173,2065.29656666667,771,541
5.18350300401458,1.61374001520852,3.09863324925224,2065.32993333333,771,541
0.701091873365506,3.97571501465489,0.734786796747499,2065.63023333333,772,542
0.698266534220416,3.97321936005957,0.735152410224724,2065.6636,772,542
0.693548070205043,3.97376202607824,0.734886088410094,2065.69696666667,772,542
2.00763283333204,-1.56014089807615,0.175312173176416,2066.33093333333,773,543
1.99704680638546,-1.55748971785612,0.174516422052771,2066.3643,773,543
1.98729437761704,-1.55656914186483,0.172953733476102,2066.39766666667,773,543
1.97037756853345,-1.54120408806178,0.174948350953907,2066.43103333333,773,543
1.89931108522221,-1.48279560500869,0.210396807972919,2067.33193333333,776,543
1.89713291323435,-1.47415672409898,0.209673190872366,2067.3653,776,543
1.88791708756333,-1.45709593974053,0.211376246151047,2067.39866666667,776,543
1.88314261260637,-1.4448336753931,0.21415592784748,2067.43203333333,776,543
1.64931769931531,-1.33798246006945,0.292282257369149,2068.29956666667,780,543
1.65248640589317,-1.34028692627351,0.296614483140183,2068.33293333333,780,543
1.64578134204017,-1.32177671785928,0.304799241903896,2068.3663,780,543
1.64549298410711,-1.31747600869763,0.312084851109446,2068.39966666667,780,543
5.99799565483098,1.11953838942527,3.45773501029135,2066.93153333333,774,544
6.01718839150813,1.10553550181453,3.47698204029831,2066.9649,774,544
6.02651298427817,1.09801953609145,3.49217230520077,2066.99826666667,774,544
6.04101547550808,1.08852135055454,3.50276398198002,2067.03163333333,774,544
-0.277934212551922,2.38471281212194,0.395842292864819,2067.29856666667,775,545
-0.277207191814462,2.38471765847788,0.396499939463629,2067.33193333333,775,545
-0.277578716933629,2.38465391092782,0.396348315992016,2067.3653,775,545
-0.277536931466615,2.38452105154697,0.396393175710312,2067.39866666667,775,545
-0.276813991842516,2.38494899474588,0.396384478649106,2067.43203333333,775,545
3.84391800357759,-2.98774742620055,1.38401677265532,2067.3653,777,546
3.82114507082461,-2.96950907760531,1.37599196276746,2067.39866666667,777,546
3.84742093161054,-3.00158600334053,1.37525730922386,2067.43203333333,777,546
7.7506381587806,1.81344425514876,0.181575770646528,2067.93253333333,778,547
7.75340766941422,1.8002641979026,0.181187191855177,2067.9659,778,547
0.695071760989519,3.96836672337026,0.734370541882482,2068.19946666667,779,548
0.694253139847918,3.96059566223624,0.734584412545763,2068.23283333333,779,548
0.694701530268026,3.96095223758772,0.734365669314195,2068.2662,779,548
0.694975157853515,3.96292579107359,0.734031843664984,2068.29956666667,779,548
0.694964239353171,3.9637721572846,0.734231306952961,2068.33293333333,779,548
6.93256869745603,1.21383633958816,3.60963119324299,2068.29956666667,781,549
2.11167081327036,4.44737312479025,0.808230181717915,2068.8668,782,550
2.0957115714216,4.45080426623272,0.816181513135491,2068.90016666667,782,550
2.07767869582988,4.45241488782096,0.824993657594426,2068.93353333333,782,550
2.06608010660385,4.45915570386582,0.834190583267496,2068.9669,782,550
1.55856346338903,-1.1520282313219,0.259352272487361,2069.4674,783,551
1.5491129214624,-1.1507283458599,0.253924891312213,2069.50076666667,783,551
1.53263343735301,-1.1367944802528,0.250323977637028,2069.53413333333,783,551
1.50974015808122,-1.11181919177452,0.246973372316878,2069.5675,783,551
1.50518269156633,-1.1138922083094,0.239494942035484,2069.60086666667,783,551
1.50058872326457,-1.11099883723492,0.235017218299476,2069.63423333333,783,551
-4.50594658002513,-1.10360860206736,1.214543638124,2070.1681,784,552
0.851312964450487,3.17059499353883,1.09267825495396,2071.23583333333,785,553
0.82409734659762,3.13151437892862,1.09229315073986,2071.2692,785,553
0.794362619604402,3.08808443200136,1.09333902398142,2071.30256666667,785,553
0.766870445702582,3.04891014992259,1.09508792016984,2071.33593333333,785,553
0.741459191804791,3.01262669516532,1.09800524930461,2071.3693,785,553
0.717855991657684,2.98003856288338,1.10066060500335,2071.40266666667,785,553
0.69481048928516,2.94810682245535,1.10258835839578,2071.43603333333,785,553
0.674507697170636,2.92191900051884,1.10597515638534,2071.4694,785,553
0.418182457325755,-1.42024917917618,0.675276420434808,2071.50276666667,786,554
0.388605046042257,-1.41822207630044,0.68374251753609,2071.53613333333,786,554
0.363860411894005,-1.43432487135603,0.69343170281821,2071.5695,786,554
0.340035705310173,-1.4521441314928,0.704031115137406,2071.60286666667,786,554
0.314401483605655,-1.45572823993273,0.716366700076693,2071.63623333333,786,554
-4.24906582724868,-0.685719400276723,1.21836436528483,2071.60286666667,787,555
-4.08895077782791,-0.262525289167549,1.27262718644384,2072.4704,789,555
-4.0764410088489,-0.237150774189674,1.27742914067077,2072.50376666667,789,555
-4.05434076789381,-0.216002508281763,1.28359202680024,2072.53713333333,789,555
-3.75699547497714,-0.363471898984713,1.38915809415863,2073.30456666667,794,555
-3.74231638304034,-0.365380119677122,1.39705747865289,2073.33793333333,794,555
-3.73128733969441,-0.36815609908035,1.40567186228676,2073.3713,794,555
-3.72474783790992,-0.37437037619675,1.41308967934433,2073.40466666667,794,555
-3.83366924297134,3.50261076877363,1.49522367821174,2072.20346666667,788,556
-3.82871268099992,3.50543762359243,1.50620530939395,2072.23683333333,788,556
-3.82369467885428,3.50705461253388,1.51670373331806,2072.2702,788,556
-0.283018618621165,1.75831085692998,1.20753546177517,2072.63723333333,790,557
-0.298856175388493,1.7265952816092,1.21600774021966,2072.6706,790,557
-0.313933869046796,1.69409972882137,1.22506936528205,2072.70396666667,790,557
-0.325820667793555,1.66239373315353,1.23396974678872,2072.73733333333,790,557
-0.338914431291559,1.63075089297597,1.24390917825515,2072.7707,790,557
-0.351724425680447,1.59949534394425,1.25423981584186,2072.80406666667,790,557
-0.363811400762523,1.56936188063447,1.26424748647127,2072.83743333333,790,557
-0.37610023501855,1.54260119679988,1.27438977584456,2072.8708,790,557
7.08065279702243,2.49647404333753,-0.138822221235591,2073.00426666667,791,558
7.08406269678664,2.49169671673846,-0.142045234804406,2073.03763333333,791,558
-0.603944070309664,-1.82455445147065,1.01307581107013,2073.20446666667,792,559
-0.612796919590429,-1.81525001456669,1.00613012843635,2073.23783333333,792,559
-0.629557173646559,-1.81790050178761,1.00190916858451,2073.2712,792,559
-0.640860553714161,-1.81777782010163,0.999395066473249,2073.30456666667,792,559
-3.51970236695126,3.45435644757559,1.71462590671786,2073.2712,793,560
-3.52155437399677,3.46033844837701,1.72105785631027,2073.30456666667,793,560
-3.51062501554707,3.46208850100592,1.72657456524482,2073.33793333333,793,560
-3.50229860576716,3.46562606916816,1.73280156541794,2073.3713,793,560
-1.00060252682865,0.420580926849112,1.26643380321457,2073.8718,795,561
-1.01578504203963,0.392686796864781,1.27216156812997,2073.90516666667,795,561
-1.03241210279195,0.36614228000397,1.27653912956784,2073.93853333333,795,561
-1.04975072105144,0.337663025732596,1.27999559950365,2073.9719,795,561
0.977859938960123,0.845819864772413,4.22670027983026,2074.30556666667,796,562
1.0018826602233,0.773532905404074,4.20005149203477,2074.33893333333,796,562
1.02591286096441,0.697826873909917,4.17048854202639,2074.3723,796,562
1.04768744582644,0.629055665570846,4.12043072796127,2074.40566666667,796,562
1.07692485378251,0.547261573281435,4.10495862970955,2074.43903333333,796,562
1.1059529910877,0.478059959115533,4.10611702821626,2074.4724,796,562
-3.2274313412458,3.41680280480296,1.65685040168809,2074.4724,797,563
-3.21983202951645,3.41302116652427,1.64898378855195,2074.50576666667,797,563
-3.20933754462294,3.40709407208884,1.63858679371011,2074.53913333333,797,563
-3.2025207470819,3.40207270000257,1.63297162638644,2074.5725,797,563
-3.20335642585339,3.39971846536076,1.62769378149046,2074.60586666667,797,563
-3.68668852615214,0.0118637052738052,1.46368562470553,2074.60586666667,798,564
-3.68539106888218,0.0312163737911625,1.46442654097661,2074.63923333333,798,564
-3.69194523829555,0.0486419203495048,1.46435409723512,2074.6726,798,564
-1.30602312387837,-2.00846004704127,0.925388337604229,2074.6726,799,565
-1.32422067366518,-2.02351749641223,0.921025621554195,2074.70596666667,799,565
-1.34617539935457,-2.04341761048707,0.917166562747479,2074.73933333333,799,565
-0.288002830812732,2.37425556731223,0.407697570871103,2074.7727,800,566
-3.90065761330523,-0.883278842909658,5.10066388413752,2075.13973333333,801,567
-3.87378078952073,-0.898330346240595,5.10037080929829,2075.1731,801,567
-1.95841024694348,-0.573327261827737,1.2624079357283,2075.4734,802,568
-1.96277741317287,-0.580639803791938,1.26077073013967,2075.50676666667,802,568
-1.97474234789735,-0.595166442064093,1.25960586678799,2075.54013333333,802,568
-2.20324952948628,-0.749595461639743,1.22133884389587,2076.50776666667,806,568
-2.20958305054993,-0.761855014724798,1.21731410145713,2076.54113333333,806,568
-2.21328815034415,-0.770371103361879,1.21372659452505,2076.5745,806,568
-2.21923013486869,-0.781953695841404,1.21126293097329,2076.60786666667,806,568
-2.22563297760248,-0.794631954671284,1.20546845119825,2076.64123333333,806,568
-2.4635098261472,-0.774686065822908,1.24415566312048,2077.5755,813,568
-2.48242411039451,-0.768381292105524,1.25066282865912,2077.60886666667,813,568
-2.49680613690717,-0.759445610562683,1.25513141350134,2077.64223333333,813,568
-2.5101296828173,-0.748939898201606,1.26300877934841,2077.6756,813,568
-2.52921048112688,-0.744862536703258,1.26996782765675,2077.70896666667,813,568
1.1270043539602,-0.392030365547413,2.78489614166507,2075.54013333333,803,569
1.11069388019243,-0.386525876677189,2.76322070684999,2075.5735,803,569
1.09072660876027,-0.380938984843645,2.7391566684334,2075.60686666667,803,569
1.07189913386374,-0.378171833087121,2.71894437207878,2075.64023333333,803,569
1.0530295277008,-0.376378051001372,2.69842666233523,2075.6736,803,569
1.03611128171556,-0.376199347166779,2.67977351301188,2075.70696666667,803,569
1.0195059942392,-0.375658183472217,2.66043338546908,2075.74033333333,803,569
-3.82766550737347,0.528679830258753,1.32295353664581,2075.74033333333,804,570
-3.82394560047582,0.540098526225316,1.31959578896175,2075.7737,804,570
-3.81835390410802,0.550481434404326,1.31553319619926,2075.80706666667,804,570
-3.81498970225612,0.55927591829049,1.31118692596931,2075.84043333333,804,570
-3.86356423795279,0.75341277868647,1.22911373040813,2076.80806666667,810,570
-3.87157673252086,0.761348862632041,1.23143119156766,2076.84143333333,810,570
-3.85591406475308,0.774410068667561,1.23334696905598,2076.8748,810,570
-3.87337994557306,-1.0665249517336,3.34924591022395,2075.8738,805,571
-3.86592516272673,-1.05798578819238,3.34083832259275,2075.90716666667,805,571
-3.86628719920944,-1.05361072235872,3.33526368346561,2075.94053333333,805,571
-3.86369508166705,-1.04696578257729,3.32454954615532,2075.9739,805,571
-3.69713735964389,-0.879691652259863,3.00341029733694,2076.6746,807,571
-3.68014632704639,-0.879534480539518,2.98810720571213,2076.70796666667,807,571
-3.66420569652676,-0.881214960909058,2.97539307403292,2076.74133333333,807,571
-3.62651218044357,-0.874540419480727,2.95205568959355,2076.7747,807,571
-3.34604088208435,-0.916479713655565,2.63213358129362,2077.50876666667,812,571
-3.34761754202131,-0.918194072393702,2.63108741616424,2077.54213333333,812,571
-3.34605670771895,-0.917951735625808,2.6283046514405,2077.5755,812,571
-3.34236212722511,-0.91878336900105,2.62216215491554,2077.60886666667,812,571
-3.64032386854185,-1.71273655362558,5.99537171250173,2076.70796666667,808,572
-3.64012443280269,-1.73875173039878,6.03677652772598,2076.74133333333,808,572
-3.62849996352031,-1.75683183238496,6.07520037975337,2076.7747,808,572
-3.40182526097014,-1.99757325381228,6.78513327127248,2077.60886666667,814,572
-3.40334693846435,-2.0031893204902,6.82295075626173,2077.64223333333,814,572
-3.40067026490826,-2.00220246322664,6.84626742213909,2077.6756,814,572
0.8675372410718,5.09567014329959,0.759186970968634,2076.74133333333,809,573
0.867752227314438,5.10003190146575,0.759234897553428,2076.7747,809,573
0.872062378780507,5.12014434499059,0.759130678566662,2076.80806666667,809,573
0.709927736802614,0.0587346337390472,2.26801630691477,2076.84143333333,811,574
0.71662087272737,0.0825668674172233,2.26457350341792,2076.8748,811,574
0.726661069351273,0.106949467524654,2.26051717465784,2076.90816666667,811,574
0.739457045538253,0.131915546619215,2.25611687245815,2076.94153333333,811,574
0.752934269631997,0.156348823155319,2.25274940094864,2076.9749,811,574
0.764694276738471,0.182276058119145,2.24897702090085,2077.00826666667,811,574
1.05998371115177,0.795398863295763,2.34879051455185,2077.9759,815,574
1.05830939695037,0.794823191290256,2.36277382547784,2078.00926666667,815,574
1.05634962860385,0.792818357772706,2.37921754236291,2078.04263333333,815,574
1.05261333186756,0.790554787736595,2.39651065179094,2078.076,815,574
1.04724885643553,0.787487259821816,2.41184286688106,2078.10936666667,815,574
1.04252021890799,0.781456506925389,2.42840831885082,2078.14273333333,815,574
1.03851086774831,0.772849159559978,2.44466362798579,2078.1761,815,574
1.03579474038027,0.762701685786615,2.46157383317307,2078.20946666667,815,574
0.936029096488631,0.399154623104439,2.43709402320793,2079.1771,821,574
0.931851727243959,0.394259520082481,2.41419794615015,2079.21046666667,821,574
0.924993861681191,0.389460977899992,2.3863651221836,2079.24383333333,821,574
0.918385542042685,0.384084266475159,2.3597434907048,2079.2772,821,574
0.912659154346149,0.379488550113267,2.33207005147896,2079.31056666667,821,574
0.907036644986482,0.376259630162359,2.29988028135102,2079.34393333333,821,574
0.902651092872124,0.373731520749279,2.26507951087667,2079.3773,821,574
-2.48384535805616,3.38928507737846,1.41124806486496,2078.076,816,575
-2.48217598529359,3.39780532395236,1.41713277366588,2078.10936666667,816,575
-2.17000711263923,3.5230886052957,1.47154542613295,2079.01026666667,819,575
-2.14388858174408,3.51555228813383,1.47128908825455,2079.04363333333,819,575
-2.12659880532856,3.51259913866402,1.47144840738674,2079.077,819,575
-2.11515357796858,3.51074157713578,1.47184243445501,2079.11036666667,819,575
-2.09217865362202,3.50512316907903,1.46933276859548,2079.14373333333,819,575
-2.06911519334062,3.4997306095945,1.46431915386403,2079.1771,819,575
-1.62398523821413,3.57596521046466,1.31959334038338,2080.11136666667,823,575
-1.61163871442787,3.57528522901193,1.31806968964442,2080.14473333333,823,575
-1.59565541838818,3.56989268647645,1.31595700895166,2080.1781,823,575
-1.57992325149253,3.56476170669581,1.31407115943008,2080.21146666667,823,575
-1.56889300395787,3.56219473146916,1.31389033566565,2080.24483333333,823,575
-1.54777309020876,3.55238484426355,1.30909952818884,2080.2782,823,575
-0.400985046230965,0.0146031250425728,6.81710008363368e-05,2078.30956666667,817,576
-0.457384791901578,-0.321218741891846,0.194179245426789,2078.30956666667,818,577
-0.455350322754156,-0.318208479310418,0.201259824370283,2078.34293333333,818,577
-3.59032474374868,-0.912335256191526,2.54185492545188,2079.01026666667,820,578
-3.59581509166758,-0.904646512386898,2.54600861969323,2079.04363333333,820,578
-3.60715473256502,-0.901453589030358,2.55845736124789,2079.077,820,578
-3.61356745399347,-0.896343646732872,2.56799275269605,2079.11036666667,820,578
-3.63457364992488,-0.904447439468771,2.58095889179855,2079.14373333333,820,578
-3.70141488972581,-0.64396592164495,1.31436936941024,2079.74433333333,822,579
-4.60023689751982,1.02377398347154,1.27146277617554,2080.11136666667,824,580
-4.59714266004866,1.0338815164389,1.27487562088681,2080.14473333333,824,580
-4.58978335392943,1.04016271885775,1.28230960976197,2080.1781,824,580
-4.44872525614095,1.29104586624721,1.4680583220176,2081.079,828,580
-4.44313026233723,1.29398699637292,1.47231952732865,2081.11236666667,828,580
-4.43331262303009,1.29936492015099,1.47344448165528,2081.14573333333,828,580
0.862959188365793,5.07435865897842,0.758691913803054,2080.1781,825,581
0.863353574252,5.08188921205201,0.758844867583159,2080.21146666667,825,581
-4.15804363893339,-0.835099566467666,2.45453724697281,2080.74533333333,826,582
-4.23329437411774,-0.665415360282047,2.36278334461275,2081.61286666667,830,582
-4.23104060615159,-0.653253284965195,2.36264488884591,2081.64623333333,830,582
-4.2447690743135,-0.650396805304416,2.36676382584692,2081.6796,830,582
-4.321095147496,-0.413979093958013,2.37441239154145,2082.64723333333,834,582
1.76726960642447,0.780263898127904,0.878847188228584,2080.74533333333,827,583
1.80339126842496,0.782256387699248,0.88796927937639,2080.7787,827,583
1.8425737421356,0.784082545425297,0.902318275758781,2080.81206666667,827,583
1.88089691444424,0.783137152095573,0.920228595430585,2080.84543333333,827,583
1.91627289493072,0.779616281526836,0.939142323822999,2080.8788,827,583
1.95351286567008,0.77592272689968,0.959017141684857,2080.91216666667,827,583
2.21336974517396,0.911860299281992,1.64795503245853,2081.64623333333,831,583
2.20824113068647,0.922780829748563,1.68821616365795,2081.6796,831,583
2.19875043354546,0.935603167929326,1.73477292746381,2081.71296666667,831,583
2.19104878771235,0.946911673366936,1.780772536787,2081.74633333333,831,583
2.18480174135475,0.955295547010825,1.82496298840511,2081.7797,831,583
2.17929008093392,0.962433526471715,1.86753044800406,2081.81306666667,831,583
2.17090514716355,0.969040432528846,1.9042414273795,2081.84643333333,831,583
-0.8491890242389,2.97205991573223,1.19684249886995,2081.41266666667,829,584
-0.83061726522197,2.94828085479089,1.1949407344639,2081.44603333333,829,584
-0.807592571216809,2.91868515792274,1.19325886139888,2081.4794,829,584
-0.786187699069813,2.8908539225152,1.1928397239766,2081.51276666667,829,584
-0.7653687725678,2.86490358898641,1.1928604279736,2081.54613333333,829,584
-0.742253395797922,2.84097408431485,1.19218265094487,2081.5795,829,584
-0.722541036773979,2.82203118753808,1.19260759210411,2081.61286666667,829,584
-0.209650692356018,2.17596315192421,1.20759660432519,2082.3803,832,584
-0.199039515359844,2.1408366006282,1.21227205371474,2082.41366666667,832,584
-0.187817250844917,2.10382835948461,1.21697197936237,2082.44703333333,832,584
-0.175414490182559,2.06684409855016,1.22224778327002,2082.4804,832,584
-0.160187750424294,2.03297207044218,1.22688222773517,2082.51376666667,832,584
-0.143313426943319,2.00257100733963,1.22998295407526,2082.54713333333,832,584
-0.129322120248551,1.97837171345473,1.23278584933912,2082.5805,832,584
-0.166198771083472,1.99064554101061,1.13840095361768,2082.61386666667,832,584
0.140259467565819,1.17002253450413,1.08168492124002,2083.4814,836,584
0.137901541125792,1.14568714830761,1.0743582029922,2083.51476666667,836,584
0.136167381522789,1.11923848633613,1.06809308540205,2083.54813333333,836,584
0.136959458901324,1.09301661615048,1.06259599602239,2083.5815,836,584
0.140868703454978,1.06841824266062,1.05683171669129,2083.61486666667,836,584
0.146281978018789,1.04464298777771,1.05033610683898,2083.64823333333,836,584
0.151653517416602,1.02025427541408,1.04213014131537,2083.6816,836,584
0.15581136030259,0.996803433928293,1.03356352964818,2083.71496666667,836,584
-4.38214429265387,1.74680039408227,1.52089573188444,2082.44703333333,833,585
-4.38034331485137,1.76178469416794,1.52132866783841,2082.4804,833,585
-4.37902740738643,1.7744408508697,1.52079925633342,2082.51376666667,833,585
-4.38260782226354,1.78731805178723,1.52539380985521,2082.54713333333,833,585
2.44428412078011,0.693079814138769,2.42572651479056,2082.8808,835,586
2.46465522211227,0.696018660379024,2.4280330097094,2082.91416666667,835,586
2.48608138926739,0.704389722006317,2.43119693296411,2082.94753333333,835,586
2.50238151736012,0.718333945745788,2.43439069375435,2082.9809,835,586
2.51215248290453,0.73115166383403,2.44264677876402,2083.01426666667,835,586
2.52529431003941,0.743433124318172,2.45590989226334,2083.04763333333,835,586
2.53491588631302,0.757619473866332,2.46583721260458,2083.081,835,586
-4.28056684353623,2.19854048672198,1.44726269286469,2084.14873333333,837,587
-4.27499409503772,2.19677711995245,1.45085210703313,2084.1821,837,587
2.72627809933855,1.42578461425748,2.58835107848652,2084.21546666667,838,588
2.73938067087344,1.44596666916548,2.59211269581332,2084.24883333333,838,588
2.75055518898056,1.46764730843759,2.59658401752556,2084.2822,838,588
2.76078779530637,1.48711697004421,2.60294510838397,2084.31556666667,838,588
2.77084493027502,1.50296732384564,2.61240283689358,2084.34893333333,838,588
2.77646057108893,1.51406420919085,2.61923472975789,2084.3823,838,588
2.78609532272793,1.52708529049688,2.62451891270916,2084.41566666667,838,588
-0.333951719640203,0.328790293511587,0.7779507646086,2084.8828,839,589
-0.340182037479356,0.316152868538502,0.774946023799576,2084.91616666667,839,589
-0.347600196681516,0.302564347509967,0.769977113778612,2084.94953333333,839,589
-0.356505187080249,0.290764324815412,0.764341738269196,2084.9829,839,589
-0.363925791089213,0.280872620490379,0.757622994967162,2085.01626666667,839,589
-0.371797849083806,0.271111679295931,0.753074686554829,2085.04963333333,839,589
-0.655924775258177,0.296730504882819,0.676468004319244,2085.8838,843,589
-0.662148344425814,0.30329689871401,0.677858832395641,2085.91716666667,843,589
-0.669423647894903,0.308161324163844,0.678876691380962,2085.95053333333,843,589
-0.675731029931244,0.313705827213106,0.67908924770044,2085.9839,843,589
-0.677938004822898,0.318689431709203,0.678855264141826,2086.01726666667,843,589
-0.866552634312651,0.375463535413064,0.697535901803176,2086.75133333333,848,589
-0.876778169133097,0.379749381104534,0.700027005434956,2086.7847,848,589
-0.889937707039883,0.384038084826607,0.703638825728124,2086.81806666667,848,589
-0.8999035666914,0.387190765406359,0.707881487516956,2086.85143333333,848,589
-0.908610700964359,0.387984520071559,0.711040850379091,2086.8848,848,589
-0.959887091424085,0.496870991375936,0.7595065912243,2087.7857,852,589
-0.953760140133186,0.504068530798821,0.755972485968814,2087.81906666667,852,589
-0.947490200486281,0.511991554800917,0.751900609523973,2087.85243333333,852,589
-0.939761690564445,0.518772728044196,0.746675034846171,2087.8858,852,589
-0.932048497773697,0.525705623090198,0.742672646215766,2087.91916666667,852,589
-0.926247435515959,0.531198990228578,0.740160275906808,2087.95253333333,852,589
-0.920211526823586,0.533702147451847,0.740198626687113,2087.9859,852,589
-0.788769617614961,0.679078291400985,0.662329625823444,2088.82006666667,857,589
-0.790197671785081,0.68507964827628,0.659652018538212,2088.85343333333,857,589
-0.789953284897705,0.689081775632717,0.656484456544753,2088.8868,857,589
-0.788664205899524,0.688950747560179,0.653522843088803,2088.92016666667,857,589
-0.789329053445137,0.688225908963227,0.651403935491829,2088.95353333333,857,589
0.864647714639833,5.08072632937096,0.758040210447172,2085.01626666667,840,590
0.869371680022629,5.10572635916366,0.758439977285305,2085.04963333333,840,590
0.867047001361898,5.09266320721414,0.758330351837745,2085.083,840,590
-6.65170362040121,-1.85405729258446,1.54819964447971,2085.083,841,591
-4.24456712915392,-0.350280716699977,1.20803120602116,2085.11636666667,842,592
-4.42852690267018,0.275863032655245,2.52318322950745,2085.9839,844,593
-4.42040431498782,0.28039036296742,2.52308609612908,2086.01726666667,844,593
3.43791336720806,1.71045390513437,3.06700145530567,2085.9839,845,594
3.4473079875943,1.716963061334,3.08180674125523,2086.01726666667,845,594
3.45999974495837,1.72536772247853,3.10149760891893,2086.05063333333,845,594
3.4716361675973,1.73250179172645,3.11986547170583,2086.084,845,594
3.48369695168376,1.74027052714525,3.13805148796683,2086.11736666667,845,594
3.48834275540929,1.74982840311447,3.1491502979719,2086.15073333333,845,594
3.96695506881841,2.24419982929571,3.50113881813488,2087.11836666667,850,594
3.96753504439077,2.24462665190651,3.50341944224534,2087.15173333333,850,594
3.98188835554998,2.24397031483254,3.51360040933791,2087.1851,850,594
3.99604148129264,2.24298214833959,3.52501576135809,2087.21846666667,850,594
4.17111751284613,2.06618089633565,3.75245702821477,2088.086,855,594
4.17663480336181,2.05892491056847,3.75797360389991,2088.11936666667,855,594
4.18226925235898,2.05030756171483,3.76883296950103,2088.15273333333,855,594
4.18620903886176,2.04336849790341,3.78083673668783,2088.1861,855,594
4.18977196004072,2.0365884504468,3.78757539499466,2088.21946666667,855,594
0.871371886145915,5.1129570231875,0.754712804414631,2086.35093333333,846,595
0.868652273450379,5.09881403873622,0.754676089387305,2086.3843,846,595
0.871371886145915,5.1129570231875,0.754712804414631,2086.41766666667,846,595
-4.21011116864978,2.40893817617712,1.51703021214356,2086.71796666667,847,596
-4.24080787054408,2.41625650771206,1.52242611342381,2086.7847,849,596
0.867069379252459,5.08522646472639,0.753854027027186,2087.55213333333,851,597
0.87140885507175,5.1154538895917,0.754539954832451,2087.5855,851,597
-4.56980515175544,-0.150661595894902,2.16280538800984,2087.81906666667,853,598
-2.22324138983923,-1.42907797495845,5.85701246920726,2087.8858,854,599
-2.23417222660426,-1.42281727418738,5.87864617201389,2087.91916666667,854,599
-2.23877629270793,-1.41078792285434,5.89430273002439,2087.95253333333,854,599
-2.24502528899076,-1.40284055713423,5.91081461478431,2087.9859,854,599
3.76091166878691,-2.93481851494123,1.44421218205714,2088.5865,856,600
3.75911657510359,-2.9323388217848,1.45334922488055,2088.61986666667,856,600
3.77850165660388,-2.95370512005274,1.46794082158988,2088.65323333333,856,600
3.78369161049644,-2.95140140202863,1.47752153134294,2088.6866,856,600
-4.66839526521104,0.206068879449854,2.00599450111167,2089.12036666667,858,601
-4.68297662996412,0.239006224603712,2.01136268064914,2089.1871,859,601
-2.54275837674658,-1.14966618224737,6.49998850218004,2089.1871,860,602
-2.54738221183943,-1.15215410805773,6.5236797576346,2089.22046666667,860,602
-2.55332776236527,-1.15576992163488,6.5563983139028,2089.25383333333,860,602
4.42850265947481,2.13944446527988,3.71662304181561,2089.35393333333,861,603
4.44269946956552,2.13783058421015,3.72390385746915,2089.3873,861,603
4.46327732174469,2.13627363010814,3.73511972669439,2089.42066666667,861,603
3.46746214511131,-2.60181427904616,1.52546503126143,2089.6876,862,604
3.46715365297366,-2.59303966862282,1.52109249206415,2089.72096666667,862,604
3.4561979820498,-2.5733060966909,1.51500886230715,2089.75433333333,862,604
3.44121584295139,-2.55349692910969,1.5088997239492,2089.7877,862,604
0.870340964174854,5.10219486595268,0.753769150126408,2090.25483333333,863,605
0.867159408024713,5.08809120032551,0.754443017905537,2090.2882,863,605
0.868225537202094,5.0913679440173,0.754405412774194,2090.32156666667,863,605
-2.47664826514581,-1.01855836795375,7.05474612602662,2090.5885,864,606
-2.47112773383166,-1.01304439557085,7.05990080211246,2090.62186666667,864,606
-2.46687629275519,-1.00736704254264,7.06608686593087,2090.65523333333,864,606
-2.50983097195191,-0.846475804818052,7.21969562979607,2091.72296666667,865,607
-0.642260337116172,0.408865919109704,0.465477390429202,2092.32356666667,866,608
-0.640256556543138,0.411605382147368,0.452710213237922,2092.35693333333,866,608
-0.637649549611251,0.41105767628463,0.441422621427988,2092.3903,866,608
-0.633841469669431,0.40856331898232,0.432170274840896,2092.42366666667,866,608
-0.523098334655213,0.326771717901752,0.393968171814692,2093.72496666667,867,609
-0.515688296483233,0.327410247659315,0.391939798463341,2093.75833333333,867,609
-0.508696710906833,0.326869606327997,0.390411005732364,2093.7917,867,609
-0.502548704514382,0.325338012720362,0.391243606880607,2093.82506666667,867,609
-0.496998716480359,0.32285722136329,0.394480620207048,2093.85843333333,867,609
3.22200534377873,-2.1122652654002,1.5483519954424,2093.75833333333,868,610
3.207618396381,-2.09432915722362,1.54913502315308,2093.7917,868,610
3.18921978854645,-2.06933149859529,1.54790426863527,2093.82506666667,868,610
3.19032483660586,-2.0696785147581,1.55351479442753,2093.85843333333,868,610
3.19316001668447,-2.07002505100792,1.55736237700432,2093.8918,868,610
3.14891794327351,-1.75593543015535,1.34808315325649,2094.82606666667,869,610
3.15223452597649,-1.74734257390687,1.33935719432447,2094.85943333333,869,610
-0.455806488387266,0.22740577785448,0.565463852960334,2095.02626666667,870,611
-0.454823758327775,0.229582143071805,0.567957363829663,2095.05963333333,870,611
-0.452540002393144,0.233147919563096,0.570594702162853,2095.093,870,611
-0.449764663574799,0.237239212090144,0.571427014285175,2095.12636666667,870,611
-0.445900626290295,0.242034141005405,0.574142653309691,2095.15973333333,870,611
-0.441950428391276,0.247053834943163,0.576579563694528,2095.1931,870,611
-0.476411981665365,0.303701785384933,0.672917898931763,2095.86043333333,872,611
-0.482666397494545,0.307840016039031,0.678420052820043,2095.8938,872,611
-0.48719974502681,0.312308982827167,0.683762190396826,2095.92716666667,872,611
-0.49228432880099,0.316554436172182,0.68895542050058,2095.96053333333,872,611
-0.497938421474811,0.31976436671789,0.693307048315859,2095.9939,872,611
-0.500900138661037,0.322739809264259,0.698155101221127,2096.02726666667,872,611
-0.582657719731419,0.376436432883787,0.797130808574815,2096.86143333333,873,611
-0.583394057311332,0.38144446040867,0.799211108749201,2096.8948,873,611
-0.583841260021367,0.38677889092063,0.800770219744338,2096.92816666667,873,611
-0.58277148355313,0.392445313103466,0.802746856445957,2096.96153333333,873,611
-0.580917088411625,0.397837395361477,0.804476791311682,2096.9949,873,611
-0.469662833335652,0.505528899585834,0.808879391170493,2097.92916666667,876,611
-0.464371322853094,0.506368463005159,0.805855305528302,2097.96253333333,876,611
-0.457343514825939,0.504609678935161,0.800370037947326,2097.9959,876,611
-0.449673300768606,0.50048295209777,0.794331925203427,2098.02926666667,876,611
-0.440261282756525,0.492249258030351,0.787009856227029,2098.06263333333,876,611
-0.431845153699456,0.480814700006619,0.778397678465549,2098.096,876,611
-0.33268611100775,0.332622740488316,0.697285871338463,2098.4964,879,611
-0.326068010849099,0.323697966920104,0.694062673796056,2098.52976666667,879,611
-0.320605053087785,0.313209780903847,0.691754103754448,2098.56313333333,879,611
-0.311449249766139,0.304107912898773,0.689752022336751,2098.5965,879,611
-0.303998835248721,0.295504351346955,0.687427120379925,2098.62986666667,879,611
-0.295515398964144,0.288769413683695,0.684178154636201,2098.66323333333,879,611
-3.71625970816318,2.17804008459765,1.44897721060353,2095.66023333333,871,612
-3.72948288032011,2.15649361523784,1.45137052568859,2095.6936,871,612
0.802356946689107,5.13394054497707,0.706925237474846,2096.9949,874,613
0.802929982318176,5.14192034179384,0.708597465945781,2097.02826666667,874,613
0.802929982318176,5.14192034179384,0.708597465945781,2097.06163333333,874,613
0.803834000908174,5.13912486624074,0.707661858361913,2097.095,874,613
-3.79148220766554,1.19645297730519,1.30243491970837,2097.2952,875,614
-4.19573436880428,1.15417369895359,1.20686367967858,2098.3963,877,615
-3.5771778265935,3.33138099612744,1.33825710798646,2098.46303333333,878,616
-3.55746651884811,3.30933373828204,1.33890518666635,2098.4964,878,616
-3.54479705583761,3.28863604050407,1.3385976985024,2098.52976666667,878,616
-3.50505589281641,3.23749886102918,1.3308692066287,2098.5965,880,616
-2.98704179588355,2.71265196609815,1.22598619633958,2099.36393333333,882,616
-2.83018278085758,2.20700428281467,1.2360722057288,2100.03126666667,885,616
-2.83499983320731,2.18368256584349,1.24089103064597,2100.06463333333,885,616
-2.83072880416663,2.15866899787621,1.24500088648751,2100.098,885,616
-2.83628136597035,2.13323719892316,1.24815040587241,2100.13136666667,885,616
-2.85311663520191,2.10582043095109,1.25090542537497,2100.16473333333,885,616
-2.78568919859587,1.66685736868355,1.34035499977591,2101.099,887,616
3.05654336554392,-1.54898412622712,1.18073754904939,2099.26383333333,881,617
3.05087809904234,-1.53892328598622,1.18269978782654,2099.2972,881,617
3.05854559276773,-1.53830860445382,1.18860041125392,2099.33056666667,881,617
3.05003395129868,-1.5215474839264,1.19077671795598,2099.36393333333,881,617
0.806439932524973,5.16461580443375,0.709691338256687,2099.66423333333,883,618
0.806439932524973,5.16461580443375,0.709691338256687,2099.6976,883,618
0.805972241998887,5.14885114947438,0.709811537906963,2099.73096666667,883,618
-0.0388827777028931,0.197351718544366,0.642326267807367,2099.96453333333,884,619
-0.0460398916425012,0.192543428965577,0.642900978121532,2099.9979,884,619
-0.0528727406562945,0.187358469572056,0.642209790407224,2100.03126666667,884,619
-0.0577122227714276,0.185662075815668,0.64032193960373,2100.06463333333,884,619
-0.0677829343492263,0.182680542027132,0.63741950145768,2100.098,884,619
-0.0753271537790799,0.182861263244814,0.633290493591189,2100.13136666667,884,619
2.23930471763994,-1.35677362907033,1.07715882970338,2100.73196666667,886,620
2.23059541047383,-1.34191925302866,1.05933177063716,2100.76533333333,886,620
2.22319017759639,-1.33275800677467,1.03962531991596,2100.7987,886,620
2.20989497796767,-1.32182742635759,1.0211423177691,2100.83206666667,886,620
2.19269091134624,-1.30650705840059,1.00354494040039,2100.86543333333,886,620
1.90336285667771,-0.886589205621529,0.546975653758257,2101.66623333333,889,620
1.88297380206824,-0.866462162816597,0.53288431335445,2101.6996,889,620
1.86953648807109,-0.857374376400338,0.52084213921954,2101.73296666667,889,620
1.85119081402749,-0.843192467527337,0.511181305486785,2101.76633333333,889,620
1.82793846781207,-0.824560051339934,0.503281178312538,2101.7997,889,620
1.40172750981357,-0.340409738839983,0.505303296344203,2102.6005,891,620
1.39838845182932,-0.315299948830907,0.508742319517499,2102.63386666667,891,620
1.39299108869607,-0.28845632551039,0.515444420044688,2102.66723333333,891,620
1.38636459578491,-0.261272861758246,0.52316196309451,2102.7006,891,620
1.37956948621177,-0.236348118909744,0.531492365765084,2102.73396666667,891,620
1.37599029365844,-0.213728531824586,0.539792846839787,2102.76733333333,891,620
1.37771784047069,0.349649280459769,0.76677392253176,2103.53476666667,893,620
1.38794071904595,0.37153745002842,0.778019087755269,2103.56813333333,893,620
1.3974825756082,0.39314702816966,0.789302678992421,2103.6015,893,620
1.4066815484569,0.41472953272537,0.799370581584628,2103.63486666667,893,620
1.41415880199856,0.434852740933279,0.808687593498308,2103.66823333333,893,620
1.42190582840589,0.45459240704072,0.816767575447086,2103.7016,893,620
1.43179041148485,0.473496854055709,0.823657209417483,2103.73496666667,893,620
0.027593311379545,0.375683050105592,0.652530514086334,2101.53276666667,888,621
0.0300921364405569,0.38763573629288,0.651927711993279,2101.56613333333,888,621
0.0318906435341794,0.399925054306623,0.652402112318326,2101.5995,888,621
0.0341928686472974,0.412784051912054,0.65227741286311,2101.63286666667,888,621
0.0389609274890883,0.425958594841222,0.652118762939839,2101.66623333333,888,621
0.0615960364996166,0.746819996767432,0.712932212276268,2102.46703333333,890,621
0.060013845149727,0.759782262967717,0.717593511279534,2102.5004,890,621
0.0600902117360939,0.775959149260348,0.72309293666339,2102.53376666667,890,621
0.0620833180974207,0.792392874010665,0.728554342296498,2102.56713333333,890,621
0.063503024458747,0.808535498472836,0.73285098716304,2102.6005,890,621
0.0656961173987571,0.822630672806875,0.736932805501096,2102.63386666667,890,621
0.0666119429448377,0.835717485936573,0.739998011978882,2102.66723333333,890,621
-3.0008482267385,1.98719628776236,1.06383228605365,2103.46803333333,892,622
-2.99988778615282,2.00009491843063,1.0616095300977,2103.5014,892,622
3.93834296554457,2.26537123344404,3.79537544281882,2104.06863333333,894,623
3.89714961783926,2.27348544294158,3.77339526856006,2104.102,894,623
3.86017079283372,2.28368362314499,3.75565299058432,2104.13536666667,894,623
3.81116615855709,2.29379267721345,3.72738154719041,2104.16873333333,894,623
3.77060621062792,2.30581863267974,3.71048727176802,2104.2021,894,623
3.73127009488183,2.31558109609272,3.69393684230474,2104.23546666667,894,623
-0.0999207817603149,0.587906485549223,0.786046721087442,2104.2021,895,624
-0.101816939884027,0.574356504043014,0.78329302512631,2104.23546666667,895,624
-0.104002606440403,0.5610657287708,0.78088519842788,2104.26883333333,895,624
-0.107856723573811,0.548990573769133,0.777564472563713,2104.3022,895,624
-0.113107382267122,0.537022716806291,0.774384629683426,2104.33556666667,895,624
-2.94560355837507,2.0914625058066,1.21866762274135,2104.53576666667,896,625
-2.9447126584547,2.10457677541589,1.22122518707946,2104.56913333333,896,625
-2.93996472049937,2.11662565326847,1.22088690576538,2104.6025,896,625
-2.94182037961635,2.12897027759323,1.22500662610278,2104.63586666667,896,625
-2.93755092478682,2.13898330100198,1.22642998890843,2104.66923333333,896,625
-3.03085833619034,2.23812541225522,1.26546957336736,2105.36993333333,900,625
-3.02637079507503,2.24754559458868,1.2725014678819,2105.4033,900,625
-3.01469604180344,2.25350814490523,1.27768139781907,2105.43666666667,900,625
-2.91955500272207,2.56192368685509,1.24678549974938,2106.17073333333,905,625
-2.92419322647339,2.58395301005533,1.2459561757576,2106.2041,905,625
-2.90390687801052,2.59918313264053,1.24419306993548,2106.23746666667,905,625
-2.90546081049171,2.61679101480993,1.24863119091187,2106.27083333333,905,625
-2.9101964561818,2.63140610989221,1.25247661749835,2106.3042,905,625
-7.41153816171033,-0.523830328199433,2.32523770081277,2104.63586666667,897,626
-7.39029747000983,-0.556052224810871,2.31792731616375,2104.66923333333,897,626
-2.5698598337317,-2.12478406190699,0.752875966094567,2104.9028,898,627
-2.55524133726658,-2.12555488538894,0.759209681751886,2104.93616666667,898,627
1.77369446557337,1.44622688007537,0.847962612111074,2104.9028,899,628
1.77751907815677,1.47194327819432,0.849666006789123,2104.93616666667,899,628
1.78451143195999,1.50233859655753,0.852849385398185,2104.96953333333,899,628
1.79027653740627,1.53075981975484,0.858215894547498,2105.0029,899,628
1.79965139278282,1.55851934407578,0.86442679659734,2105.03626666667,899,628
1.81111120832177,1.58564713387905,0.871481046629655,2105.06963333333,899,628
1.82515635696542,1.61051052007004,0.877900957919486,2105.103,899,628
-0.263354515871447,-0.0271134693734923,0.666713252964297,2105.57013333333,901,629
-0.267958871257162,-0.0366839049262558,0.669698839772855,2105.6035,901,629
-0.27267102031842,-0.0487387723094069,0.672106074933752,2105.63686666667,901,629
-0.276488676739903,-0.061914897333248,0.673356834628532,2105.67023333333,901,629
-0.281491482622026,-0.0780617746154649,0.67377430439429,2105.7036,901,629
-0.367070270003312,-0.518836004290832,0.778899093055246,2106.63786666667,907,629
-0.366994036835127,-0.524026914663104,0.779913054927116,2106.67123333333,907,629
2.07143664111857,1.83715884986279,2.63196750858081,2105.73696666667,902,630
2.06280665593574,1.85463036445754,2.602246233929,2105.77033333333,902,630
2.05060728680015,1.87277410804344,2.57120732708489,2105.8037,902,630
2.03853436647037,1.89105252941994,2.54184409918871,2105.83706666667,902,630
2.02867969600715,1.90934765638978,2.5148514592141,2105.87043333333,902,630
2.01796711074439,1.92854975878028,2.48477142318174,2105.9038,902,630
2.01170593735475,1.9472183807431,2.45808619096623,2105.93716666667,902,630
2.00490644451395,1.96550002357869,2.43022265534295,2105.97053333333,902,630
-1.62081044837626,-0.537655142382424,4.49560458061353,2105.9038,903,631
-1.62945050562704,-0.528870228766744,4.5097664169976,2105.93716666667,903,631
-1.64306764218318,-0.526755146944165,4.5369876452929,2105.97053333333,903,631
-1.64939725876829,-0.522610244111056,4.55076853629621,2106.0039,903,631
-1.65692422050972,-0.52330995938555,4.56763237873117,2106.03726666667,903,631
-1.66421780565555,-0.527364899790146,4.58330735518167,2106.07063333333,903,631
-2.04386131231072,-1.95151950861703,0.790382378941936,2105.97053333333,904,632
-2.03049679625507,-1.94334444234911,0.793150241391879,2106.0039,904,632
2.58884242353214,2.80111562794815,1.11971919088153,2106.5044,906,633
3.15626553865682,3.01142722865759,1.4423089422239,2107.47203333333,911,633
-1.69614068548724,-1.70974647341252,0.531638223258802,2107.13836666667,908,634
-1.68095242844576,-1.70161950075958,0.521008459850943,2107.2051,909,634
1.28058542344089,2.18385820872381,1.46156543661157,2107.2051,910,635
1.2604874548725,2.18065972883246,1.45182193437628,2107.23846666667,910,635
1.23918990362515,2.1769471991719,1.44465290064723,2107.27183333333,910,635
1.21885532515375,2.17185717284198,1.438290318942,2107.3052,910,635
1.20189994530022,2.16432228572268,1.43051236172444,2107.33856666667,910,635
1.18732196314832,2.15418953712792,1.42190759882793,2107.37193333333,910,635
1.17326010516403,2.14160709656225,1.41192797316987,2107.4053,910,635
1.15828105364696,2.12714692129867,1.40101893685366,2107.43866666667,910,635
0.938439958032656,1.68226488781953,1.36003052475983,2108.5064,912,636
0.932379087263082,1.67221284759796,1.36066877576156,2108.53976666667,912,636
0.925708693834913,1.66255636457191,1.36142777740537,2108.57313333333,912,636
0.640513055889924,2.43132105324036,0.770579212113395,2108.6065,913,637
-0.221116418600345,-0.240847041671606,0.683764001770478,2108.9068,914,638
-0.209264338428997,-0.24230912073363,0.680628671158847,2108.94016666667,914,638
-0.201033268077624,-0.243479487953416,0.67744881361883,2108.97353333333,914,638
-0.192461713554173,-0.240378058645689,0.674735223615713,2109.0069,914,638
-0.0371820572888726,-0.00251605238832886,0.70823227915082,2109.8077,919,638
-0.0416950152296471,0.00967013486470625,0.717461338006985,2109.84106666667,919,638
-0.0479592710195831,0.02234225379181,0.726769122163693,2109.87443333333,919,638
-0.052198319107293,0.0362004249890211,0.736248927790295,2109.9078,919,638
-0.0549906873278287,0.0479826316639532,0.745507897201617,2109.94116666667,919,638
-0.0542203630017852,0.0581599474887783,0.75472250554271,2109.97453333333,919,638
-1.06936022506392,-1.39825586123493,0.805144505891307,2109.07363333333,915,639
-1.05701692902227,-1.39764293542058,0.812029605682749,2109.107,915,639
-1.05033075078285,-1.40074758035882,0.81949033363267,2109.14036666667,915,639
-1.03835854433887,-1.39942194427142,0.824494436467338,2109.17373333333,915,639
-2.98905073596042,3.37885433971674,1.43661585799422,2109.34056666667,916,640
-2.9877607265831,3.38931492906715,1.42647249382477,2109.37393333333,916,640
-2.97714385032168,3.3975212812775,1.41430433324335,2109.4073,916,640
3.30992092135901,3.21975774233504,1.76595825774162,2109.6075,917,641
3.31904087661621,3.22063660266867,1.76650360535776,2109.64086666667,917,641
3.3286435018022,3.22017216356058,1.76726908113351,2109.67423333333,917,641
0.548167143431667,1.98352456857232,1.40124482280636,2109.7076,918,642
0.533199457848763,1.99925585314606,1.40986174036804,2109.74096666667,918,642
0.517234044446363,2.01517658851591,1.41911164057089,2109.77433333333,918,642
0.501494339306082,2.03054830474223,1.42805147583623,2109.8077,918,642
0.485156300029367,2.04636196259618,1.43652392096687,2109.84106666667,918,642
0.469986196352104,2.06211509618596,1.44304645444054,2109.87443333333,918,642
0.454892403331739,2.07591565482729,1.44807794594236,2109.9078,918,642
3.325037629394,3.42270591565284,1.80777832809055,2110.77533333333,920,643
3.32847656059211,3.4336345697115,1.81002625906668,2110.8087,920,643
3.32882941428096,3.44408843453835,1.8171441080191,2110.84206666667,920,643
3.32352167173323,3.45170787845485,1.82150178587772,2110.87543333333,920,643
-0.085430495348929,2.62866434867336,1.38257794869743,2110.9088,921,644
-0.10834005870759,2.64490329821549,1.37289816107244,2110.94216666667,921,644
-0.128867924548917,2.66035685907328,1.3619445291453,2110.97553333333,921,644
-0.149028912051324,2.67660602547191,1.35066881325151,2111.0089,921,644
-0.1673501048543,2.6924992755568,1.33868851024076,2111.04226666667,921,644
-0.18524083771507,2.70856760096797,1.32703746410067,2111.07563333333,921,644
-0.201192731850215,2.72475760159771,1.31711258148289,2111.109,921,644
-0.289110930206433,2.94746282027121,1.34410929655047,2111.94316666667,926,644
-0.284245234230199,2.9494118801755,1.35625034555086,2111.97653333333,926,644
-0.280524186064781,2.95452679492009,1.37214150309502,2112.0099,926,644
-0.272648791667918,2.95856466594949,1.38736596527435,2112.04326666667,926,644
-0.264026638537992,2.96127512628976,1.40195945732223,2112.07663333333,926,644
-0.304686237055605,3.06267003827506,1.65296454276544,2113.04426666667,930,644
-0.310958275821744,3.0740737489906,1.65195709691286,2113.07763333333,930,644
-0.318786286713021,3.0852055322253,1.65064147158966,2113.111,930,644
-0.326540665221599,3.0924978521416,1.64672569932806,2113.14436666667,930,644
-0.338204797840212,3.10025386549582,1.64771012244016,2113.17773333333,930,644
0.15368929664708,0.441435455031407,0.891480299996601,2111.07563333333,922,645
0.166044285312507,0.449966788450708,0.8846807866086,2111.109,922,645
0.175989397235685,0.456756769361765,0.877660683786428,2111.14236666667,922,645
0.18386929572568,0.464466741637236,0.869105864147502,2111.17573333333,922,645
0.189727978892488,0.472901142960173,0.858072269544881,2111.2091,922,645
0.194051194755082,0.479874921469598,0.847964422893388,2111.24246666667,922,645
-0.392979050298082,-0.907927272926115,0.408066164203462,2111.5094,924,645
0.312999999691212,0.588848445268766,0.638678552872756,2112.04326666667,927,645
0.314587736874949,0.598004263455073,0.632584213300664,2112.07663333333,927,645
0.316973402260466,0.607069085821966,0.628193128228954,2112.11,927,645
0.32055239600149,0.616492011009781,0.623654477939777,2112.14336666667,927,645
-0.483068574705173,-0.42195207762081,0.409690426725628,2112.14336666667,928,645
0.322537633949638,0.626828386314262,0.619278825175059,2112.17673333333,927,645
-0.491800881887369,-0.392999160159461,0.41640495258272,2112.17673333333,928,645
0.323803874565509,0.636539962422223,0.615651986686079,2112.2101,927,645
-0.502012624218774,-0.359852592772458,0.424958549784292,2112.2101,928,645
-0.507068836901171,-0.326069130543398,0.43225525883838,2112.24346666667,928,645
-0.492028062900198,0.154251313026006,0.34761157618723,2113.0109,929,645
-0.489835944255797,0.147869069627448,0.336718214464825,2113.04426666667,929,645
-0.486943681467556,0.13927891933227,0.322330028766088,2113.07763333333,929,645
-0.483132027631182,0.130647087534094,0.30759170153489,2113.111,929,645
0.26801650760839,0.827017386147539,0.551396716228327,2113.111,931,645
-0.478863722927385,0.124047904401053,0.294443796699034,2113.14436666667,929,645
0.274882109110403,0.834701659200433,0.545987092460773,2113.14436666667,931,645
-0.475658677854115,0.11727731970873,0.283294784710453,2113.17773333333,929,645
0.284143803691264,0.841295944284469,0.540315929269474,2113.17773333333,931,645
0.293138342449006,0.848516504373102,0.534893152918689,2113.2111,931,645
0.3038901886109,0.855091021575194,0.53013142255164,2113.24446666667,931,645
-0.456354906230214,-0.0176733212550885,0.232311246790378,2113.77833333333,935,645
-0.454230421531585,-0.0281095820198232,0.23430141646459,2113.8117,935,645
-0.447556501481505,-0.0356753604906798,0.238700220607909,2113.84506666667,935,645
-0.444051644323836,-0.0447120804897772,0.242771211084495,2113.87843333333,935,645
-0.440120879963656,-0.0517463602943066,0.246392728692857,2113.9118,935,645
0.32031993074552,1.10101297482878,0.544049406047581,2114.4123,937,645
0.314381344702145,1.10309006415252,0.541959551466365,2114.44566666667,937,645
0.308332407845361,1.10525575789085,0.539549307835868,2114.47903333333,937,645
-0.426601222306069,-0.106872914490623,0.372337301684554,2114.47903333333,938,645
0.302008305489153,1.1062760437644,0.53756424138121,2114.5124,937,645
-0.425745489709969,-0.114488627196667,0.379514808288756,2114.5124,938,645
0.296061033249567,1.10468675392981,0.536839950462211,2114.54576666667,937,645
-0.422058255098362,-0.122077678899909,0.38764167589134,2114.54576666667,938,645
0.290012829634336,1.10147991127506,0.537306810542905,2114.57913333333,937,645
-0.41764713976764,-0.12657678962657,0.395964584622808,2114.57913333333,938,645
-0.416950862852776,-0.129544739807925,0.40434069743368,2114.6125,938,645
0.229560085477279,0.382616255607422,0.371495423244352,2114.6125,939,645
-0.40859060443478,-0.12339240942054,0.416134342595134,2114.64586666667,938,645
-0.405509238559608,-0.123564540182269,0.425563649140669,2114.67923333333,938,645
-0.253674905183624,-0.105030248310586,0.688777941848341,2115.4133,940,645
-0.244755651797502,-0.105094697280555,0.697655480730116,2115.44666666667,940,645
-0.235048915039198,-0.105892097846375,0.705194030847895,2115.48003333333,940,645
0.268302815644199,1.12710902770136,0.547636324639648,2115.48003333333,943,645
-0.224632112071649,-0.107260930910381,0.711140384361679,2115.5134,940,645
0.268367609519658,1.13983148566587,0.546758443586071,2115.5134,943,645
0.26764438462722,1.15297195781395,0.546263416705513,2115.54676666667,943,645
0.267447772699439,1.16531678262945,0.545190948323177,2115.58013333333,943,645
0.267164981236138,1.1774919902817,0.545490077286946,2115.6135,943,645
0.267033856403336,1.18626421114076,0.547952115465336,2115.64686666667,943,645
0.267682128483717,1.34068617891459,0.541911751476857,2116.44766666667,946,645
0.267270211873962,1.34696006177316,0.543038228746081,2116.48103333333,946,645
0.266555590016121,1.35499629249515,0.543655134638333,2116.5144,946,645
0.265996628724466,1.36157651667586,0.544916420276916,2116.54776666667,946,645
0.264930064046967,1.36780180091528,0.546107700765067,2116.58113333333,946,645
0.264588500146326,1.37185759361137,0.549400537112375,2116.6145,946,645
0.266754860566609,1.36960555340439,0.554062895271367,2116.64786666667,946,645
-2.80850034251871,-0.353680367217764,4.16697360931645,2111.3092,923,646
-2.80432746397708,-0.350938219895792,4.15717836307685,2111.34256666667,923,646
-2.80465437637521,-0.350305297154365,4.14891920140588,2111.37593333333,923,646
-2.80430837661271,-0.347349567468192,4.14204472460892,2111.4093,923,646
-2.80541811332658,-0.344720999798601,4.13616115535864,2111.44266666667,923,646
3.11054673649158,3.09140118275815,2.35655908054672,2111.9098,925,647
3.1036196807239,3.07873142484525,2.37569989626196,2111.94316666667,925,647
3.10286109002289,3.06930323692993,2.40019470566433,2111.97653333333,925,647
3.10658352641751,3.05731713320663,2.42648331033462,2112.0099,925,647
3.10950367151774,3.04561314501722,2.44911910768492,2112.04326666667,925,647
3.10953200955955,3.03116132134637,2.46784308781989,2112.07663333333,925,647
3.32632678111987,2.7078143465555,2.74344669880871,2113.2111,932,648
3.32886052488314,2.69331672359433,2.74698149356508,2113.24446666667,932,648
-5.42176323106142,-3.28379698173042,1.37940323238205,2113.24446666667,933,649
-3.01361247269851,0.0535933269448293,3.61499072937041,2113.67823333333,934,650
-3.02429925030935,0.0568643195233483,3.61533965448194,2113.7116,934,650
-3.02550074806717,0.0652103112624344,3.60378769456501,2113.74496666667,934,650
-3.0309126182934,0.0671441465896516,3.59993157324805,2113.77833333333,934,650
-3.0354897478382,0.070526064484091,3.59617722779507,2113.8117,934,650
3.89244396244532,1.61536733435963,2.46232673665136,2114.27883333333,936,651
3.90546066223662,1.58251970631665,2.45426196894563,2114.3122,936,651
3.93060226351197,1.54429080598268,2.45013642836299,2114.34556666667,936,651
3.95496428572374,1.50791570555072,2.44758012871039,2114.37893333333,936,651
-1.07282012164979,2.90019979281686,1.40828846936101,2115.44666666667,941,652
-1.09524913465332,2.8929416466965,1.40985968868313,2115.48003333333,941,652
-1.11580232537203,2.88268315947835,1.41171966599172,2115.5134,941,652
-1.13287921372861,2.87382584454931,1.41439941391738,2115.54676666667,941,652
-1.14572324767917,2.864964604652,1.41486401441246,2115.58013333333,941,652
-3.98023000578567,1.49446643623435,1.02276764707395,2115.48003333333,942,653
-3.97889392143446,1.49264778192001,1.02257627159241,2115.5134,942,653
-3.98448680386373,1.49380192131401,1.02614729462476,2115.54676666667,942,653
-3.9698362348925,1.49449837579611,1.02199936521053,2115.58013333333,942,653
-3.44232480739311,0.233237751607823,3.14064820022429,2115.6135,944,654
-3.43688837340042,0.236256436515974,3.12712319327484,2115.64686666667,944,654
-3.4260054849007,0.24145553062128,3.10890391350878,2115.68023333333,944,654
-3.41989089248388,0.245743697524745,3.09490855627267,2115.7136,944,654
-3.41964718292279,0.247636712642866,3.08205645824485,2115.74696666667,944,654
4.60486883922427,0.418408683615043,1.97707600028406,2115.88043333333,945,655
4.62047488407763,0.426217175545162,1.96044721733557,2115.9138,945,655
4.6382600589232,0.436584216526763,1.94471470580309,2115.94716666667,945,655
4.64884899753289,0.445694460945278,1.92743178834202,2115.98053333333,945,655
4.66204797384979,0.453244374388419,1.91331022781022,2116.0139,945,655
-1.45913969036608,3.01675860394221,1.5121456085355,2116.64786666667,947,656
-1.47573523805683,3.04772178090219,1.50905943629277,2116.7146,949,656
-0.36888356460508,0.146649572620351,0.940969884494746,2116.64786666667,948,657
-0.365434791478783,0.159352871033269,0.948856779443451,2116.68123333333,948,657
-0.360524839476029,0.175646870465774,0.956666615077786,2116.7146,948,657
-0.358367061309791,0.192109650631763,0.965376346728337,2116.74796666667,948,657
-0.354824760814523,0.209718586472853,0.97382336485553,2116.78133333333,948,657
-0.353379398779878,0.228137605110367,0.981174163305949,2116.8147,948,657
-0.352453943449728,0.245918957893347,0.988455574788419,2116.84806666667,948,657
-0.353743215907067,0.261924377416384,0.997105817774663,2116.88143333333,948,657
5.10602203306822,1.22162836554614,1.73493162859709,2117.14836666667,950,658
5.1151102928451,1.24280735895713,1.75716300736693,2117.18173333333,950,658
5.11228609005887,1.26631196949174,1.77937988138131,2117.2151,950,658
5.13907180461639,1.28067399899832,1.80392725319976,2117.24846666667,950,658
-3.82451389228943,0.362179788834123,2.46774673267305,2117.28183333333,951,659
-3.83120158155678,0.346860114024895,2.45765781664731,2117.3152,951,659
-3.83703009607388,0.334132977372786,2.45029266365752,2117.34856666667,951,659
0.247239185071757,1.59894512328156,0.658608091702366,2117.9158,952,660
0.244019252652242,1.60507366439183,0.659826363115917,2117.94916666667,952,660
0.241334438440843,1.61221537677607,0.660830248921529,2117.98253333333,952,660
0.240317501651514,1.62038060914063,0.661306399781347,2118.0159,952,660
0.240069946814385,1.62751136795475,0.660878535991666,2118.04926666667,952,660
0.240161521600852,1.63486152364267,0.66099144600313,2118.08263333333,952,660
0.239383930147899,1.63951090271121,0.664026845017374,2118.116,952,660
-0.298527327049479,0.749061233698731,0.947416760154571,2118.116,953,660
0.237355719315996,1.64089045479619,0.66965378037083,2118.14936666667,952,660
-0.298713084740864,0.763574070425178,0.946546913334594,2118.14936666667,953,660
-0.302195031379843,0.776660271052279,0.948940757228194,2118.18273333333,953,660
-0.306392223472383,0.787603415882315,0.951740572130239,2118.2161,953,660
-0.311909411581868,0.795967779549018,0.955238909132055,2118.24946666667,953,660
-0.315632573132904,0.802150661422146,0.957525468900108,2118.28283333333,953,660
-0.318811443670481,0.806862660659868,0.958505943064911,2118.3162,953,660
-0.376297206444959,0.988000090691556,0.823394978841091,2118.98353333333,956,660
-0.379888568872546,0.996645416266149,0.816377633297022,2119.0169,956,660
-0.384128838181362,1.00660808071236,0.808712814659053,2119.05026666667,956,660
0.1283013501155,1.71631077705377,0.716101456784135,2119.05026666667,957,660
-0.38692408677482,1.01712173363471,0.800813412035304,2119.08363333333,956,660
0.115483791315139,1.72554934037226,0.714924303324448,2119.08363333333,957,660
-0.388488081538754,1.02717700776445,0.793505671426302,2119.117,956,660
0.100481103513138,1.73373745775473,0.713737772294236,2119.117,957,660
-0.389946883215786,1.03650083328646,0.786364769959974,2119.15036666667,956,660
0.0861468334663719,1.74067794549408,0.713360348873333,2119.15036666667,957,660
-0.39164178888616,1.04405844719837,0.780203972154304,2119.18373333333,956,660
0.0713555402197532,1.74605620868732,0.713081420321771,2119.18373333333,957,660
-0.394307905954266,1.04950303566595,0.773585676985589,2119.2171,956,660
0.0577364399424053,1.74866856421255,0.712958877674934,2119.2171,957,660
0.0468538616796277,1.75107696695141,0.713286577858185,2119.25046666667,957,660
-0.548250409523186,1.21942740528447,0.740619133959015,2119.95116666667,959,660
-0.555236462327391,1.22688915356335,0.743669596024285,2119.98453333333,959,660
-0.560990382851287,1.23523463441985,0.746184256398055,2120.0179,959,660
-0.564645387946027,1.24213810521867,0.747909887243416,2120.05126666667,959,660
-0.568995564822621,1.24959075168277,0.751335387746031,2120.08463333333,959,660
-0.57289320002013,1.25649724961836,0.755495940993493,2120.118,959,660
-0.576425379681075,1.26281260715182,0.759786579674973,2120.15136666667,959,660
-0.579427189809671,1.26688634091783,0.76354568027042,2120.18473333333,959,660
-0.163339484531072,1.97671290825755,0.605062802329731,2120.8187,962,660
-0.166325220447773,1.98028338918336,0.600685067702829,2120.85206666667,962,660
-0.168626187264307,1.98351519254225,0.595823932057014,2120.88543333333,962,660
-0.602187526918416,1.41515167503497,0.696807824968029,2120.88543333333,963,660
-0.170972275267389,1.98712174215502,0.591394870150263,2120.9188,962,660
-0.598667219306006,1.42025712837785,0.69289516873864,2120.9188,963,660
-0.173334299498051,1.99204523971202,0.587535421829652,2120.95216666667,962,660
-0.595402472084477,1.42618346938036,0.689130088081253,2120.95216666667,963,660
-0.593306859645099,1.43342117318023,0.685566845013143,2120.98553333333,963,660
-0.592994207071872,1.43856208304168,0.683699885020143,2121.0189,963,660
-0.596160735589323,1.44214394187038,0.683155983919571,2121.05226666667,963,660
-0.602187542524998,1.44172623822126,0.682603782791683,2121.08563333333,963,660
-0.60892175501486,1.43973190373242,0.681926839547527,2121.119,963,660
-0.196098224432439,2.0998075388051,0.512705772752176,2121.7196,966,660
-0.197480266079357,2.1087147198475,0.510283791008064,2121.75296666667,966,660
-0.199858799163649,2.11852944810079,0.50850790443472,2121.78633333333,966,660
-0.201126061533046,2.1291484109498,0.507198292202633,2121.8197,966,660
-0.777015054052284,1.53468158308991,0.719518237810999,2121.8197,967,660
-0.202051797215972,2.13952770590221,0.505297343650448,2121.85306666667,966,660
-0.779182603064564,1.53969123024885,0.723185486973833,2121.85306666667,967,660
-0.783336619894359,1.54464820877731,0.726648690485424,2121.88643333333,967,660
-0.787709653884321,1.55077633894536,0.729651912206251,2121.9198,967,660
-0.793243040189404,1.55584317813376,0.732673875356303,2121.95316666667,967,660
-0.799304000919777,1.56043878492874,0.73698896511696,2121.98653333333,967,660
-0.807069395077153,1.56319638587401,0.739599217595142,2122.0199,967,660
-0.24188492127968,2.30443330353784,0.549460178695651,2122.5204,970,660
-0.246145050464867,2.3095199424311,0.553912234530983,2122.55376666667,970,660
-0.24982566282392,2.31496249338949,0.557851593264711,2122.58713333333,970,660
-0.25444411551695,2.32008656570384,0.560445168228244,2122.6205,970,660
-0.258664637997279,2.32468363986368,0.562482272175061,2122.65386666667,970,660
-0.297903160444353,2.3323020946063,0.637589423256834,2123.55476666667,974,660
-0.299597175633304,2.33592497944826,0.638835995424268,2123.58813333333,974,660
-0.298958195127721,2.33917405627278,0.639896049118065,2123.6215,974,660
-0.298643669235886,2.34148744441625,0.639568599458617,2123.65486666667,974,660
-0.297243427255836,2.34385140187114,0.639704779211814,2123.68823333333,974,660
5.40587698119788,1.34338242473504,2.44474868396791,2118.3162,954,661
5.40639562328601,1.34737312421253,2.45923232987614,2118.34956666667,954,661
5.41933014976991,1.34916363964013,2.47905320619397,2118.38293333333,954,661
5.41037183717769,1.35176153100282,2.49107688722711,2118.4163,954,661
5.61783791683862,1.55184681165353,2.77806335524154,2119.28383333333,958,661
5.62272358061081,1.56165884400127,2.79840231581568,2119.3172,958,661
-4.11659327050484,0.113671522000651,2.03121085857326,2118.74996666667,955,662
-4.11707080972876,0.120838785900362,2.0259749182659,2118.78333333333,955,662
5.51819708852695,1.81215366664956,3.31349932790845,2120.7186,960,663
5.52139328946042,1.81296427130048,3.3449539158102,2120.78533333333,961,663
5.53452485209939,1.80818897735395,3.36617630793989,2120.8187,961,663
-4.44952179095267,5.23344583907506,1.64163716737933,2121.6195,964,664
-4.43780345906189,5.25135047946028,1.64528404085113,2121.68623333333,965,664
5.26020187407039,1.59178546486416,3.61662653072042,2121.95316666667,968,665
5.2375908556247,1.59693086243032,3.60942735734547,2121.98653333333,968,665
5.23797863742288,1.60158689864139,3.61667902459417,2122.0199,968,665
5.22758282583146,1.60586157280966,3.61047440606216,2122.05326666667,968,665
5.21931279367777,1.61157176558068,3.60975684253215,2122.08663333333,968,665
4.83084684179539,1.82262539659203,3.3838984138265,2123.0209,973,665
4.81518984138155,1.82481413143461,3.37838389569845,2123.05426666667,973,665
4.81475503344547,1.82738203243816,3.38011954467054,2123.08763333333,973,665
4.79895044148265,1.83371666594316,3.36859619871557,2123.121,973,665
-4.79626596046571,0.80284418435394,1.25812577944456,2122.12,969,666
-4.82547071913516,0.808064596229525,1.26210320499134,2122.15336666667,969,666
-4.10343692555307,5.02340562867592,1.6514944455598,2122.68723333333,971,667
-4.09839402024715,5.01635694216299,1.65510742218472,2122.7206,971,667
-4.0794230474905,4.99626066406772,1.65394205935309,2122.75396666667,971,667
-1.00201384304269,1.65324545663499,0.795135643634246,2123.0209,972,668
-1.00801983014395,1.65280241823896,0.798936402649772,2123.05426666667,972,668
-1.01533218656234,1.6531013732963,0.803046679061297,2123.08763333333,972,668
-1.02334064940203,1.65271259658668,0.807668430422094,2123.121,972,668
-1.03246028565703,1.65491395008019,0.812570678851498,2123.15436666667,972,668
-1.03874747508362,1.66021227455328,0.816731431124537,2123.18773333333,972,668
-1.04846091712178,1.66461337164702,0.821681493352086,2123.2211,972,668
-1.49385084884625,1.59336970877825,0.905594363573814,2124.15536666667,977,668
-1.52091951025042,1.58523907155773,0.908170434573847,2124.18873333333,977,668
-1.54894795106625,1.57789188503229,0.911095189686719,2124.2221,977,668
-1.57599108939448,1.57056154903549,0.914127454808443,2124.25546666667,977,668
-1.60806348987705,1.56254850494614,0.914607705496596,2124.28883333333,977,668
-1.97050996040198,1.40445051803171,0.887721022111903,2124.95616666667,981,668
-1.99027541062121,1.3923713427305,0.884658303594499,2124.98953333333,981,668
-2.00506685018991,1.38152458645077,0.879407964146409,2125.0229,981,668
-2.26396512330876,1.35721039077981,0.761429138023351,2125.75696666667,982,668
-2.27323919123242,1.36383050031216,0.756947305068205,2125.79033333333,982,668
-2.28079657218475,1.37260739298938,0.750414721394603,2125.8237,982,668
-2.28859013735273,1.38215292347466,0.745302841873542,2125.85706666667,982,668
-2.29442948870438,1.39133526677724,0.74233232835977,2125.89043333333,982,668
-3.89359309494277,4.01895902605845,1.51692584657266,2123.98853333333,975,669
-3.89000670231237,3.9675581760041,1.51559792955936,2124.05526666667,976,669
-3.878785881746,3.9395053567435,1.51352399200673,2124.08863333333,976,669
-3.87566392152937,3.91406189368523,1.509187329618,2124.122,976,669
-3.9491592272133,3.37752066914752,1.52524909444016,2124.85606666667,980,669
-3.94876181823338,3.35649027468555,1.53187039981319,2124.88943333333,980,669
-3.94232408965014,3.33327236421477,1.53727630931214,2124.9228,980,669
-3.9470050062454,3.31156358832275,1.54276676181359,2124.95616666667,980,669
-3.95147425938669,3.29130176759011,1.54459906531038,2124.98953333333,980,669
-4.04629098379245,2.54433890935833,1.49684317403549,2125.95716666667,983,669
-4.04511258879113,2.51255774822939,1.48993208844591,2125.99053333333,983,669
-4.06197205378204,2.48518524644753,1.48753628134762,2126.0239,983,669
-4.06930913985972,2.45490140917228,1.48275573593643,2126.05726666667,983,669
4.01828460799387,2.03790123638814,3.13490920685918,2124.28883333333,978,670
3.98523457641548,2.03408688553309,3.12834294097819,2124.3222,978,670
3.95034443689951,2.03420257525558,3.12238019365321,2124.35556666667,978,670
3.9202068002418,2.03638622869024,3.11754428549717,2124.38893333333,978,670
3.89472207332772,2.04089547771083,3.112587866362,2124.4223,978,670
3.86994028907471,2.04920637575749,3.10983405259727,2124.45566666667,978,670
-0.624211861733236,2.16637294313504,0.862952221909647,2124.75596666667,979,671
-0.636681944561589,2.15736669228311,0.872112769201082,2124.78933333333,979,671
-0.650425487680285,2.14683852531929,0.881323526707329,2124.8227,979,671
-0.664142208930533,2.1355498121062,0.890443418396618,2124.85606666667,979,671
-0.674938126325687,2.12321522001569,0.899472372887274,2124.88943333333,979,671
3.19976395472831,2.62712419140776,1.87208725003024,2126.35756666667,984,672
3.20048458275544,2.64639969203875,1.84268654337648,2126.39093333333,984,672
3.20137267549928,2.672137017982,1.80939606965345,2126.4243,984,672
3.20246955399573,2.6921953403739,1.78343201045243,2126.45766666667,984,672
3.20705913108513,2.71341198451001,1.76130834948652,2126.49103333333,984,672
3.2075134927986,2.73311048648889,1.73950111679487,2126.5244,984,672
-0.662214395442955,0.835516262833675,1.30520023060898,2126.49103333333,985,673
-0.658984909354735,0.807447584608269,1.30974924047624,2126.5244,985,673
-0.655098243254025,0.779103812306819,1.31494370730048,2126.55776666667,985,673
-0.650541957323872,0.753324788712538,1.31891628107038,2126.59113333333,985,673
-0.645588640018865,0.729912615523056,1.32285790121884,2126.6245,985,673
-0.64101757622646,0.70654612092033,1.32641752493631,2126.65786666667,985,673
-0.773565240110625,-0.322964130443208,1.24425204322583,2127.69223333333,986,674
-0.779791912538148,-0.348655031245267,1.24129315787962,2127.7256,986,674
-0.788085712388857,-0.377758342296402,1.23821217505215,2127.75896666667,986,674
-0.797132988586671,-0.407300093542691,1.2350424468886,2127.79233333333,986,674
-0.805164209044289,-0.436348723191465,1.23106369441206,2127.8257,986,674
-0.812209655658551,-0.465331813590293,1.22776436500336,2127.85906666667,986,674
-4.61460561482458,1.14912262074905,1.40115078911718,2127.89243333333,987,675
-4.62591706853323,1.11792269945962,1.40063649784056,2127.9258,987,675
-4.62187799767567,1.09008632711136,1.3969059065568,2127.95916666667,987,675
-4.62560540144176,1.05460766168076,1.39064520104007,2127.99253333333,987,675
-4.45509113658855,0.444703027723207,1.33345627128335,2128.65986666667,988,675
-4.42717481080356,0.426471827654828,1.32838457350493,2128.69323333333,988,675
-4.40692263267808,0.402846178987163,1.32494116395714,2128.7266,988,675
-4.40808094132442,0.380938050274289,1.32376104246537,2128.75996666667,988,675
-4.37857893524537,0.370806291231116,1.3191090188528,2128.79333333333,988,675
-7.18784688300201,1.29777920859327,2.05533791447357,2129.2271,989,676
-7.15579747488811,1.26190278884007,2.05167547169045,2129.26046666667,989,676
-7.17071778885046,1.21871631839531,2.05189124509752,2129.29383333333,989,676
-1.38591570214346,-1.06822375864248,1.11634027242921,2129.36056666667,990,677
-1.50310727106075,-0.807337924556324,0.907191971007607,2130.39493333333,991,678
-1.50810377205598,-0.797612216490809,0.903698478705216,2130.4283,991,678
-1.47504155435643,-0.466529134813568,0.893684533594537,2131.69623333333,992,679
-1.48148802783468,-0.454056549248652,0.892394289328403,2131.7296,992,679
-1.48891481986431,-0.441476304381006,0.890281018647397,2131.76296666667,992,679
-1.49563042492764,-0.428183530697591,0.888806963300086,2131.79633333333,992,679
-1.51263731708688,-0.12512649411026,0.990140604804982,2132.66386666667,994,679
-1.51662105256549,-0.111336513050146,0.994497846017386,2132.69723333333,994,679
-1.52250122780218,-0.0970622592349338,0.997855255382063,2132.7306,994,679
-1.52643777152718,-0.0827480553191778,1.00053226717113,2132.76396666667,994,679
-1.53367631021016,-0.0694371159334506,1.00340712051234,2132.79733333333,994,679
-4.71654728139491,-3.63319092819413,1.51177107809311,2132.39693333333,993,680
0.779147991244866,5.09462618677805,0.721850619794398,2133.29783333333,995,681
0.7790668004662,5.0941130955451,0.71993497196252,2133.3312,995,681
0.778863821250472,5.08705876809264,0.721677429720621,2133.36456666667,995,681
-4.78557640251185,-1.25096984561395,1.81578889966175,2133.49803333333,996,682
-2.86233885894403,1.70867542668711,0.783337364722428,2133.5314,997,683
-2.85971686371382,1.71356681654746,0.787024371247554,2133.56476666667,997,683
5.09210157978174,2.6037267019661,0.319743942173457,2133.8317,998,684
5.10974316681559,2.6204415601167,0.326767072347626,2133.86506666667,998,684
-1.59448902247944,0.23077780644961,1.08166223230272,2134.132,999,685
-1.59353433748319,0.238274157307704,1.08162885147211,2134.16536666667,999,685
-1.59284144780408,0.246776345851234,1.07851129637853,2134.19873333333,999,685
-1.69020601331942,0.511875132532086,0.958849467570239,2135.133,1001,685
-1.69458521466333,0.520757159861991,0.957731817079692,2135.16636666667,1001,685
-1.69678544722836,0.529921396447579,0.956822292192006,2135.19973333333,1001,685
-1.69943229563186,0.538329391647648,0.955098607711754,2135.2331,1001,685
-1.69943041683623,0.547038858889327,0.952369672183068,2135.26646666667,1001,685
-4.36364817923376,-0.762452980466143,1.57045134983732,2135.09963333333,1000,686
-2.80038835810954,1.51114484839542,1.00606368387824,2135.66686666667,1002,687
-2.79100338090758,1.50153406198711,1.00789934256099,2135.70023333333,1002,687
-2.77962877759698,1.49069206700496,1.01008328647046,2135.7336,1002,687
-3.95060735234755,-0.26444213007854,1.37191283919429,2136.46766666667,1003,688
-3.95177211268893,-0.261886990593874,1.37428876759891,2136.50103333333,1003,688
-3.93558634835264,-0.25534638270278,1.37231432122003,2136.5344,1003,688
-3.92902146828648,-0.252095154826071,1.37691209648507,2136.56776666667,1003,688
-1.79757718747309,0.749004583928172,0.940715419614669,2136.56776666667,1004,689
-1.80577098143129,0.755246933981942,0.940290033102518,2136.60113333333,1004,689
-1.81566727238792,0.761389760112856,0.938679308854845,2136.6345,1004,689
-1.82575766455688,0.767766694086249,0.937362346209934,2136.66786666667,1004,689
-1.32440309730761,1.1443800281797,0.877479240446069,2136.70123333333,1005,689
-1.89643777033624,0.635156567248441,1.11112003802247,2137.80233333333,1006,690
-1.92060962831536,0.612090678977661,1.12267397729154,2137.8357,1006,690
-1.94591659268172,0.58433502819395,1.13327655429648,2137.86906666667,1006,690
-2.0738048624017,1.71108485420352,0.870674589761582,2137.90243333333,1007,691
-2.06262520841719,1.71543183862791,0.872143656232702,2137.9358,1007,691
-2.05369425895798,1.71812191636713,0.873883691181986,2137.96916666667,1007,691
-2.04668727864367,1.71873635210286,0.876794694415752,2138.00253333333,1007,691
-2.03954355961349,1.7194968437768,0.878141184570231,2138.0359,1007,691
-1.91085047071971,1.74298294928555,0.834092806836821,2138.70323333333,1008,691
-1.76671910047665,1.81590636745624,0.745546162107674,2139.5374,1011,691
-1.76073354674002,1.8179429998328,0.740733599372091,2139.57076666667,1011,691
-1.63124292944178,1.88436973441598,0.712876620634378,2140.40493333333,1013,691
-3.73224274015624,-0.674151422644231,1.18697303459634,2139.30383333333,1009,692
-3.7296288025,-0.705613044190653,1.18430744024088,2139.3372,1009,692
-2.32686832294472,-0.364377058345712,1.42466608000863,2139.3372,1010,693
-2.33645457481827,-0.386771632710402,1.43014399617142,2139.37056666667,1010,693
-5.80143892055161,0.531462373754283,5.5118101003037,2140.17136666667,1012,694
7.0722332273028,5.96260428453058,0.820780472776027,2140.57176666667,1014,695
-1.31634883480728,5.80487229116939,1.19214247430897,2141.17236666667,1015,696
-1.32033384150695,5.77938550296294,1.19281768029107,2141.20573333333,1015,696
-1.33637126507581,5.785564270808,1.1908407195052,2141.2391,1015,696
-1.47835759793185,5.77578512287236,1.16667447767111,2142.07326666667,1017,696
-1.48458275398558,5.78243496022159,1.16656734925411,2142.10663333333,1017,696
-1.482505685754,5.77453379718471,1.16510346524199,2142.14,1017,696
-1.48228753814623,5.76647152573961,1.16339844793513,2142.17336666667,1017,696
-1.53844280968116,5.70893216079433,1.05488476262836,2143.0409,1021,696
-1.5400842251613,5.70431313075369,1.05315583900135,2143.07426666667,1021,696
-1.53959697554678,5.69743898410551,1.05559798053378,2143.10763333333,1021,696
-1.53610703627568,5.6809746750023,1.05521171359861,2143.141,1021,696
-1.59458847463484,5.66685182599582,1.10895829695954,2143.90843333333,1024,696
-1.60400404513393,5.67372686581781,1.11444625889268,2143.9418,1024,696
-1.59744456419972,5.65235046371118,1.11841921168113,2143.97516666667,1024,696
-1.60109299580636,5.65014901908153,1.12257004938509,2144.00853333333,1024,696
-1.67107443353528,5.55184898123327,1.17655618323687,2144.80933333333,1026,696
-1.67043926853746,5.53992281759416,1.18007120968929,2144.8427,1026,696
-1.66979078487206,5.52951976174945,1.18468158063194,2144.87606666667,1026,696
-1.67936999836707,5.53729202859442,1.19103992744317,2144.90943333333,1026,696
-1.74015198331699,5.36207281346876,1.14927931349915,2145.87706666667,1031,696
-1.73671411672659,5.35531888327297,1.15090086966801,2145.91043333333,1031,696
-1.73214717504199,5.34443010763722,1.15259084728374,2145.9438,1031,696
-1.72196523571409,5.33040178360018,1.15162288624659,2145.97716666667,1031,696
-1.63087677958889,5.17193023821384,1.05463317203033,2146.7446,1035,696
-1.62567555049296,5.15825773566431,1.05256302924559,2146.77796666667,1035,696
-1.62818342144126,5.15728411654625,1.05401636202096,2146.81133333333,1035,696
-1.63117344798598,5.15437476266527,1.05602338578253,2146.8447,1035,696
-1.62081481025904,5.13543993224343,1.05724572171441,2146.87806666667,1035,696
-1.62831989275493,5.0296966020568,1.05462801506018,2147.71223333333,1041,696
-1.62159626974998,5.03130725402717,1.05341860724404,2147.7456,1041,696
-1.622290234467,5.04120702305756,1.05193039151603,2147.77896666667,1041,696
-1.46601627950078,5.06088282330539,0.99541331318487,2148.51303333333,1045,696
-1.45612311435378,5.05382189980466,0.997631760613584,2148.5464,1045,696
-1.41540881490147,4.96545482898287,1.07340582870412,2149.28046666667,1049,696
-1.41242231097847,4.95865638214598,1.07524235806955,2149.31383333333,1049,696
-1.40830965652738,4.95227322100905,1.07703593303992,2149.3472,1049,696
-1.4099427189329,4.95699764809836,1.08101428053075,2149.38056666667,1049,696
-1.27649412721122,4.84292882381742,1.0545418926664,2150.08126666667,1053,696
-1.27994089910376,4.86456226674123,1.05675189474372,2150.11463333333,1053,696
-1.27216940986801,4.87516892629633,1.0582297026151,2150.148,1053,696
-1.27886586244856,4.91039621642359,1.06361665876959,2150.18136666667,1053,696
-1.04008956326807,4.91160227363298,1.09138349361336,2150.8487,1056,696
-1.03346917129723,4.92408337979176,1.09246585792132,2150.88206666667,1056,696
-1.01874921162029,4.91926896365318,1.09188090391772,2150.91543333333,1056,696
-1.0043039479992,4.91654619720004,1.08962039022984,2150.9488,1056,696
-0.709832835236666,4.99437214122374,0.940386287280237,2151.6495,1060,696
-0.696035096077328,4.99700554245834,0.935544825722919,2151.68286666667,1060,696
-0.69112032025334,5.02171322798213,0.930484404472474,2151.71623333333,1060,696
-0.675657134061049,5.01817810045876,0.92354062664897,2151.7496,1060,696
-0.660233513572111,5.01711974265885,0.919731880174015,2151.78296666667,1060,696
-2.42023832952044,-0.130049070647687,1.38635948801807,2141.3392,1016,697
-2.42592658788196,-0.115465219122386,1.38335754985363,2141.37256666667,1016,697
-2.42859184833818,-0.103954815265669,1.3793613257339,2141.40593333333,1016,697
-2.43171966715576,-0.0933194636192006,1.37629141394172,2141.4393,1016,697
-2.49035858676632,0.0984077803338498,1.1549799384493,2142.3402,1019,697
-2.48928730230913,0.103583252473428,1.14691338245416,2142.37356666667,1019,697
-2.48863932743178,0.10867888665052,1.13790078671916,2142.40693333333,1019,697
-2.48364304265034,0.114898495978682,1.12703778719488,2142.4403,1019,697
-2.70285833095555,-2.0227000278869,1.19748892177247,2142.20673333333,1018,698
-2.70178016173939,-2.02203206480367,1.2071805577583,2142.2401,1018,698
-2.69168426278062,-2.01210878973999,1.21649895155748,2142.27346666667,1018,698
-2.67556686485762,-1.99891906193754,1.22057204137152,2142.30683333333,1018,698
-3.50558101004298,-0.350834934290241,1.41110809251092,2142.97416666667,1020,699
-3.48498575205949,-0.356093750803909,1.41364417995191,2143.00753333333,1020,699
-3.45791466194104,-0.36246992587053,1.4161466166917,2143.0409,1020,699
-3.4325733897982,-0.367239047433002,1.42003966263544,2143.07426666667,1020,699
-2.09538321583124,-1.53971612735445,1.29100902017856,2143.77496666667,1022,700
-2.08659364443916,-1.53174728795697,1.29136142618327,2143.80833333333,1022,700
-2.07653091008625,-1.52285356493458,1.29128880694593,2143.8417,1022,700
-2.06106045775435,-1.51002901386336,1.28872137554826,2143.87506666667,1022,700
-2.05135051506239,-1.50352141110128,1.28585339010329,2143.90843333333,1022,700
-1.75886499452673,-1.19641997999131,1.220351339273,2144.80933333333,1027,700
-1.74763910406847,-1.18760159874766,1.21991959662215,2144.8427,1027,700
-1.73430403623483,-1.17596488977165,1.22247573136634,2144.87606666667,1027,700
-1.72231447811381,-1.16421516231914,1.22235605593404,2144.90943333333,1027,700
-1.70837885866007,-1.15318251690855,1.22324838529296,2144.9428,1027,700
-1.32905809445447,-1.06541864442401,1.10788770697078,2145.87706666667,1032,700
-1.30949303484762,-1.05503007989696,1.10465403729187,2145.91043333333,1032,700
-1.29761469388035,-1.05156263652283,1.10278412824374,2145.9438,1032,700
-1.28274564781944,-1.0451676595947,1.09860762837628,2145.97716666667,1032,700
-1.26824221647219,-1.04119337001964,1.09707140472447,2146.01053333333,1032,700
-0.98285628173408,-0.811253945088768,1.03450969996161,2146.87806666667,1037,700
-0.980898296287169,-0.799486968346467,1.03314139672691,2146.91143333333,1037,700
-0.979138271345659,-0.78882099821559,1.03256300931476,2146.9448,1037,700
-0.972807084332411,-0.772324976036485,1.03236650305589,2146.97816666667,1037,700
-0.967869328756452,-0.758142587712712,1.03214959394513,2147.01153333333,1037,700
-0.78669743584849,1.47590033353499,0.823857442936158,2143.8417,1023,701
-0.786652275154016,1.47559651081778,0.823527273206476,2143.87506666667,1023,701
-4.16833117588952,-0.063070660920436,1.19759929926979,2144.7426,1025,702
-4.47347594259542,-0.782605145689664,1.24960865040995,2145.3432,1029,702
-4.46079427965013,-0.766747810848435,1.24819399330522,2145.37656666667,1029,702
-4.47058574941794,-0.757277832580566,1.25155251265687,2145.40993333333,1029,702
-4.47643713764666,-0.750532407913651,1.25223183026428,2145.4433,1029,702
-4.30821117113014,-0.409912255853412,1.33559701256017,2146.144,1034,702
-4.29676280402685,-0.390219532927561,1.33841491115625,2146.17736666667,1034,702
-4.28210269617413,-0.369616410058593,1.34349872496777,2146.21073333333,1034,702
-4.27271181832539,-0.349479681615765,1.34957643110422,2146.2441,1034,702
-4.08849742144806,-0.018785704028972,1.43463344085059,2146.8447,1036,702
-4.08289671432802,-0.00145774651574204,1.44215052801637,2146.87806666667,1036,702
-4.07191658275248,0.0207072372811344,1.44806928417592,2146.91143333333,1036,702
-4.05230951202592,0.0451058865117157,1.45235889497724,2146.9448,1036,702
-4.08207018178399,0.621829721815307,1.41730536618441,2147.8457,1043,702
-4.07999522534825,0.639312112285915,1.41968620011016,2147.87906666667,1043,702
-4.07982296935911,0.653950566623541,1.42060943861561,2147.91243333333,1043,702
-4.0864380350492,0.669250854477925,1.42240489822716,2147.9458,1043,702
-4.08723537263563,0.686421719383556,1.42114231956508,2147.97916666667,1043,702
-4.06627130825903,0.980391790064252,1.34418599958734,2148.88006666667,1047,702
-4.05615425717872,0.987972620077165,1.3375008250494,2148.91343333333,1047,702
-4.05332792476434,0.994891576410955,1.33486519284867,2148.9468,1047,702
-4.05351792181551,1.00289080517391,1.32856015301471,2148.98016666667,1047,702
-4.03649608904817,1.25505770951339,1.29117439355447,2149.78096666667,1050,702
-4.04076559744031,1.26518343279826,1.28751503992624,2149.81433333333,1050,702
-4.03859609362568,1.27424609311717,1.28403236049757,2149.8477,1050,702
-3.98487075540932,1.43103332033735,1.20116344740603,2150.58176666667,1055,702
-3.98401476630518,1.43161782208209,1.19482330167804,2150.61513333333,1055,702
-3.99250652750397,1.42959054018361,1.18994998027536,2150.6485,1055,702
-3.99692909720724,1.37951087666893,1.13502622209215,2151.4493,1059,702
-2.35914238912761,0.0934509553901843,1.59106197135897,2144.8427,1028,703
-2.34958197067057,0.107809232794943,1.59413769176316,2144.87606666667,1028,703
-2.33862363528895,0.124012052741309,1.59814798520952,2144.90943333333,1028,703
-2.33052146605938,0.136735950141745,1.60286260378326,2144.9428,1028,703
-2.31858183112071,0.148065131644524,1.60640620994321,2144.97616666667,1028,703
-2.59702520504226,1.01172402349863,1.37374823589836,2145.8437,1030,703
-2.59747055926654,1.03506392682908,1.3777708598157,2145.87706666667,1030,703
-2.60293331087391,1.05757866008568,1.38370149417203,2145.91043333333,1030,703
-2.5974072346899,1.08032692851513,1.38645811022593,2145.9438,1030,703
9.94065383669486,1.84791343982861,-0.0669885615319301,2146.07726666667,1033,704
9.93939131782058,1.81102929238946,-0.0502194020364871,2146.11063333333,1033,704
9.88307843092213,1.76745312860447,-0.0309476533427829,2146.144,1033,704
9.83868772254005,1.7256124848003,-0.0185053908577674,2146.17736666667,1033,704
-1.86222407442295,1.05253629319936,1.15663017763796,2146.9448,1038,705
-1.85864638776994,1.05725794346284,1.14708305325348,2146.97816666667,1038,705
-1.85713225024888,1.06071885636724,1.13783498208698,2147.01153333333,1038,705
-1.85590053969553,1.06104980427188,1.12845392709437,2147.0449,1038,705
-1.85437326986814,1.06282180769199,1.11975820792812,2147.07826666667,1038,705
-1.85274447425534,1.06396964169349,1.11187110276789,2147.11163333333,1038,705
-2.17535168524566,0.312885387641893,0.924289672299121,2147.51203333333,1039,705
-2.17932651633026,0.317039891077145,0.906872938700298,2147.5454,1039,705
-2.18055441248127,0.312092842576799,0.881609256843432,2147.57876666667,1039,705
8.65330420877266,0.521033298728361,0.720672647894809,2147.67886666667,1040,706
-3.00751398825618,2.05941653378461,1.46177940258322,2147.77896666667,1042,707
-3.01710017387471,2.07556109544339,1.45489761443263,2147.81233333333,1042,707
-1.69024547242289,1.38209078992401,1.00504330231673,2148.3462,1044,708
-1.6894965498641,1.39456226367853,1.00233845856897,2148.37956666667,1044,708
-1.69000862565806,1.40907475065609,0.999362356055001,2148.41293333333,1044,708
-1.6903477229211,1.42298492775978,0.995883624449142,2148.4463,1044,708
-1.68713936751124,1.43569055227943,0.993491373872904,2148.47966666667,1044,708
-1.69051233589582,1.4499535006912,0.993450523486759,2148.51303333333,1044,708
-0.876366386641036,-0.00904241669798989,0.669332343855564,2148.77996666667,1046,709
-0.877544771768092,-0.00496472622550004,0.664812796587853,2148.81333333333,1046,709
-0.879395920775072,0.000492838798346829,0.659851808096366,2148.8467,1046,709
-0.881493714718141,0.0056874153037062,0.656718207681806,2148.88006666667,1046,709
-0.883124497485249,0.0112062636110376,0.652885453652404,2148.91343333333,1046,709
-0.885617250670116,0.01521421287126,0.648935335791423,2148.9468,1046,709
-0.888893742546327,0.0185723811362382,0.647601350553952,2148.98016666667,1046,709
-0.936117546675631,-0.146550262059718,0.478442870855831,2149.81433333333,1051,709
-0.92926208226506,-0.150710954592787,0.470094705535147,2149.8477,1051,709
-0.923686120015476,-0.152846262461061,0.462091834543774,2149.88106666667,1051,709
-0.919786939072353,-0.155054907774402,0.454248449947119,2149.91443333333,1051,709
-0.751421199949971,0.0426259560253891,0.471406170335753,2150.88206666667,1057,709
-0.746392058899149,0.0495126261613519,0.473698032560851,2150.91543333333,1057,709
-0.742617927514755,0.0531674767348372,0.475886659743766,2150.9488,1057,709
-0.735297863492056,0.0570966776091956,0.477350823891316,2150.98216666667,1057,709
-0.727894412786186,0.0609112257529983,0.478856726964845,2151.01553333333,1057,709
-0.723233279042594,0.0637598007839598,0.479189995947447,2151.0489,1057,709
7.61705067308303,0.229161872020347,1.19956164551672,2148.9468,1048,710
7.61311561721048,0.241248300180511,1.21429450883882,2148.98016666667,1048,710
7.63373850337353,0.244457531937003,1.23172247340956,2149.01353333333,1048,710
-1.51130168695003,1.80701746247683,0.966030448833555,2149.9478,1052,711
-1.5075019218299,1.81502010198751,0.959159980700259,2149.98116666667,1052,711
-1.50288233371585,1.823337182869,0.950212754823834,2150.01453333333,1052,711
-1.50149150060654,1.83016514513081,0.942695130579153,2150.0479,1052,711
-1.50033044784774,1.8363173220937,0.935554660047047,2150.08126666667,1052,711
-1.48858364979812,1.90693060433278,0.828111412089669,2150.98216666667,1058,711
-1.4886079186247,1.90284246390001,0.823313412269603,2151.01553333333,1058,711
7.67205286750039,0.0199976311595208,1.86982679130709,2150.18136666667,1054,712
7.68362082543418,0.0124598482212925,1.88848969751617,2150.21473333333,1054,712
7.70107901307946,0.00574592386133099,1.91086724814894,2150.2481,1054,712
-3.86587707570468,1.38205510240044,1.0617557673539,2153.11763333333,1061,713
-0.530384022511074,-0.248446753156915,0.648196176659191,2153.3512,1062,714
-0.530258270921278,-0.252831373683768,0.657512970797658,2153.38456666667,1062,714
-0.529006630755998,-0.255915955469101,0.668017303455391,2153.41793333333,1062,714
-0.529020470831837,-0.258613518904841,0.676261026029807,2153.4513,1062,714
-0.530898892496464,-0.261264756637783,0.680994255804399,2153.48466666667,1062,714
-0.532008548606467,-0.263190311623038,0.683799706530017,2153.51803333333,1062,714
-0.327338241483439,-0.427502815125945,0.67813018383262,2154.2521,1063,714
-0.313442376160651,-0.442894219630472,0.681105061366549,2154.28546666667,1063,714
-0.298867827277122,-0.456334090364218,0.684744209875068,2154.31883333333,1063,714
-0.283267915821256,-0.472356324498417,0.688178271292801,2154.3522,1063,714
-0.270025729383258,-0.485723710761535,0.691574150208571,2154.38556666667,1063,714
-0.254448610692784,-0.492292925332066,0.695600416542528,2154.41893333333,1063,714
-0.0724956590155121,-0.582596501947164,0.619453238646256,2155.9538,1064,715
-0.0628335731115521,-0.579020337604219,0.619111714014687,2155.98716666667,1064,715
-0.0538804153763712,-0.578340953922915,0.618959650325626,2156.02053333333,1064,715
-0.0420450104268754,-0.573132392991267,0.619492960040407,2156.0539,1064,715
-3.33810912266365,1.50683271895213,1.02174877199157,2156.154,1065,716
-3.32906111864682,1.5141094736477,1.02452234265378,2156.18736666667,1065,716
-3.32204831608828,1.52022911459632,1.02580873484625,2156.22073333333,1065,716
-3.30821006625913,1.52636325542729,1.02640229898338,2156.2541,1065,716
-3.21062312818399,1.70961332858213,1.05221911500265,2156.9548,1066,716
-3.20290005125929,1.71237588362718,1.0572425460934,2156.98816666667,1066,716
-3.19681691683931,1.71608945164962,1.06344152308139,2157.02153333333,1066,716
-3.186143897072,1.71894877968678,1.06678743250667,2157.0549,1066,716
-3.18542090209236,1.72310597149311,1.07339576289996,2157.08826666667,1066,716
0.0983416787103711,-0.406345508708583,0.409453090402306,2157.4553,1067,717
0.0885108467570225,-0.409405452325915,0.412917225208894,2157.48866666667,1067,717
0.0772646259354366,-0.413540585629078,0.417046925311625,2157.52203333333,1067,717
0.065715795012635,-0.419431184740902,0.421471596592019,2157.5554,1067,717
0.0553955289899923,-0.422594186827998,0.425956267843907,2157.58876666667,1067,717
-3.07359307054899,1.87431608300222,1.02445913748805,2158.08926666667,1068,718
-3.06897130961566,1.8772439295557,1.02705277596098,2158.12263333333,1068,718
-3.0649998775989,1.87860649558439,1.0302503730664,2158.156,1068,718
-3.06399819883186,1.87701834246349,1.03598506684325,2158.18936666667,1068,718
-0.10637101345796,-0.462484608623162,0.350129388281967,2158.8567,1069,719
-0.797810909941133,-0.448916371560928,0.576828520421818,2159.82433333333,1071,719
-0.815813919567809,-0.449502645601555,0.583024253989596,2159.8577,1071,719
-3.02100201134568,1.85826146344251,0.973489840920144,2159.22373333333,1070,720
-3.01762250423279,1.85832372974559,0.973248796042663,2159.2571,1070,720
-3.01309885394173,1.8573834432694,0.975628860963694,2159.29046666667,1070,720
-2.9158758094503,1.9254306531082,0.980799925641509,2160.158,1073,720
-2.90538272348265,1.93369646706216,0.980820177137482,2160.19136666667,1073,720
-2.91075965544894,1.94184287284183,0.985199566613663,2160.22473333333,1073,720
-2.91316675498636,1.94599780311006,0.989998857588578,2160.2581,1073,720
-2.90694969170313,1.94664098041857,0.995825165047632,2160.29146666667,1073,720
-2.91151348088573,1.94526177283715,1.00247116025677,2160.32483333333,1073,720
0.474334601377616,2.1863423380446,0.286281121075086,2159.92443333333,1072,721
0.474171195647771,2.18554062378073,0.286303652422739,2159.9578,1072,721
0.474432974753657,2.18551064840466,0.286425686797787,2159.99116666667,1072,721
-3.17596240399769,1.86349537670714,1.07555984585644,2161.32583333333,1074,722
-3.19002570792456,1.86085024135354,1.08237302672724,2161.3592,1074,722
-3.11706283300167,2.02081077685744,1.1068903189777,2162.19336666667,1076,722
-3.11810271299328,2.03295669678923,1.10967768309848,2162.22673333333,1076,722
-3.1121472379965,2.04181029400333,1.11225949309088,2162.2601,1076,722
-3.10751222272501,2.05300421614682,1.11350929516902,2162.29346666667,1076,722
-3.11318518388638,2.06510625502994,1.11460337631844,2162.32683333333,1076,722
-3.24888366495739,2.24517049991468,1.18664230225933,2163.09426666667,1078,722
-3.26529635842711,2.25492125960721,1.19067255086398,2163.12763333333,1078,722
-3.27232260703244,2.26344352543035,1.19549706162963,2163.161,1078,722
-3.37415909249241,2.46474633445305,1.18584284194407,2164.0619,1079,722
-3.36711570892205,2.47263638316833,1.18488903733909,2164.09526666667,1079,722
-3.36325913450499,2.4819028352638,1.18443031783233,2164.12863333333,1079,722
2.59259021995417,8.09001185772843,1.49574711584427,2161.6595,1075,723
2.59139496284185,8.07877284873386,1.49736317083559,2161.69286666667,1075,723
2.57705117985625,8.03129470613246,1.49594380407829,2161.72623333333,1075,723
2.54204461641006,7.93746682143284,1.48624328433826,2161.7596,1075,723
2.25632990867415,6.65309649295391,1.45898021706645,2162.92743333333,1077,724
2.26676056272149,6.62280626714979,1.45721251033333,2162.9608,1077,724
2.2751423345069,6.58589399447709,1.45790075967037,2162.99416666667,1077,724
2.27726600123508,6.53798817770178,1.45644856659782,2163.02753333333,1077,724
2.26959292274609,6.47499652950047,1.45088794024444,2163.0609,1077,724
2.08696904394078,4.96578958394991,1.27413948928704,2164.162,1080,725
2.08216267139758,4.93285483485245,1.26616040378316,2164.19536666667,1080,725
2.07549474886925,4.89144540684471,1.25741943547044,2164.22873333333,1080,725
2.06390818135484,4.84468204247844,1.24841360372202,2164.2621,1080,725
2.05378763690647,4.79682200346515,1.23635168003399,2164.29546666667,1080,725
2.04115230520413,4.74767016156263,1.22513326952298,2164.32883333333,1080,725
1.61142195176216,3.04699480998559,0.957348915653543,2165.39656666667,1081,726
1.59598300616457,2.99403563666101,0.953338870808697,2165.42993333333,1081,726
1.58255278363316,2.94233590178444,0.948916877881708,2165.4633,1081,726
1.56927917284886,2.89010399925862,0.943192316456038,2165.49666666667,1081,726
1.55414715759706,2.83770964225747,0.935731644756713,2165.53003333333,1081,726
1.54147084990892,2.7881004465998,0.928748127709866,2165.5634,1081,726
-0.533309703437309,-0.262417962982353,0.438558352123523,2165.6635,1082,727
-0.534019119522997,-0.267292792742804,0.447528161444139,2165.69686666667,1082,727
-0.535988997371409,-0.271352996999535,0.45588472047849,2165.73023333333,1082,727
-0.425020337123823,-0.368312106034066,0.587232361668745,2166.4643,1084,727
-0.416500195534739,-0.373364775584299,0.594012651534613,2166.49766666667,1084,727
-0.406946570077801,-0.37506362445529,0.599431819028367,2166.53103333333,1084,727
-0.396901906190293,-0.377224025161077,0.605280023666838,2166.5644,1084,727
-0.387104732066754,-0.379800757350327,0.608763853459394,2166.59776666667,1084,727
-0.376080828264465,-0.382464705418999,0.611712622604875,2166.63113333333,1084,727
-0.242633188982265,-0.482597108483442,0.649863258835926,2167.33183333333,1088,727
-0.243887937469675,-0.479632489369474,0.656238165547795,2167.3652,1088,727
-0.242142123119367,-0.472927992496373,0.665221090117694,2167.39856666667,1088,727
-0.242415991068684,-0.470477875682151,0.67281765952957,2167.43193333333,1088,727
-0.240958041949989,-0.46957710561322,0.680368925311734,2167.4653,1088,727
0.373916835290213,-0.286335753875373,0.815958319498683,2168.03253333333,1091,727
0.371530334231525,-0.298989724974111,0.815111668103205,2168.0659,1091,727
0.368979911121559,-0.315484202548247,0.814404015381885,2168.09926666667,1091,727
0.368174809704091,-0.324061078909306,0.811425247136046,2168.13263333333,1091,727
0.366682471305813,-0.337969384107391,0.808930405097223,2168.166,1091,727
-0.0309584232052608,-0.447170338618252,0.60188855937807,2168.79996666667,1093,727
-0.0164051335730907,-0.440147120977842,0.600611062875451,2168.83333333333,1093,727
-0.00526082351257628,-0.440904625587484,0.597813904327376,2168.8667,1093,727
0.00869956173022413,-0.434353789046224,0.595537992238753,2168.90006666667,1093,727
0.0202704879762572,-0.428177111484773,0.593499817379097,2168.93343333333,1093,727
-1.14684403855199,5.3677406086326,1.14238853072202,2165.9638,1083,728
-1.72969899589229,5.3549792596407,1.18618199916887,2166.79796666667,1086,728
0.90603210028289,1.34349358599399,0.773753213492247,2166.53103333333,1085,729
0.885121373103586,1.30091876174821,0.773807846527507,2166.5644,1085,729
0.862715014333971,1.25410127446833,0.775027494338562,2166.59776666667,1085,729
0.842098191011358,1.20775997251962,0.776994943423992,2166.63113333333,1085,729
0.822804943843997,1.16327295649936,0.779975515735752,2166.6645,1085,729
-2.07771706890315,7.49291337980604,1.87223795124517,2166.99816666667,1087,730
-7.68379016630387,6.5288584649497,2.09443053117683,2167.3652,1089,731
-7.54028899513932,6.47940848293713,2.08816919121856,2167.43193333333,1090,731
-2.40710589737426,6.20423590595261,1.9435490248711,2168.13263333333,1092,732
-2.43004428496113,6.18508382380499,1.94975074362806,2168.166,1092,732
-2.45439717524849,6.16808851213754,1.95987468500928,2168.19936666667,1092,732
-2.49291527809066,3.48796793344977,1.29992530447027,2168.93343333333,1094,733
-2.49087975023544,3.50088477635002,1.30573912335729,2168.9668,1094,733
-2.49131836504445,3.51274270826001,1.31334230005691,2169.00016666667,1094,733
-2.47949439684754,3.51805130281418,1.31872312468986,2169.03353333333,1094,733
-2.47442672360268,3.52597867331697,1.32312255265336,2169.0669,1094,733
-2.23665111410143,3.66970319619586,1.37114797375562,2169.73423333333,1095,733
-2.22255965536566,3.68035760428216,1.37827223945598,2169.7676,1095,733
-2.20652842519934,3.68562995784004,1.38351017440723,2169.80096666667,1095,733
-2.19623427350535,3.69832288714935,1.39196084411055,2169.83433333333,1095,733
-2.18214904669372,3.70611062434291,1.39515521972484,2169.8677,1095,733
-2.15590050764217,3.70703202847771,1.3942249431652,2169.90106666667,1095,733
-1.96642396921119,4.06041138670769,1.37808152305385,2170.83533333333,1099,733
-1.95806995742458,4.07122573583856,1.37690508994089,2170.8687,1099,733
-1.94261114637141,4.07452127448711,1.37417665386206,2170.90206666667,1099,733
-1.92549183216247,4.07599196804535,1.36796527303609,2170.93543333333,1099,733
-1.912364166427,4.07984244350691,1.3639118022611,2170.9688,1099,733
-1.89534479121807,4.08030522259181,1.35910483604162,2171.00216666667,1099,733
-1.64118348976311,4.16958159106912,1.14743252486674,2171.9698,1102,733
-1.63633812010224,4.16786693906942,1.14127370768131,2172.00316666667,1102,733
-1.62967084922469,4.16339377331195,1.1360803281866,2172.03653333333,1102,733
-1.62078784085447,4.15525306925747,1.13144746327889,2172.0699,1102,733
-1.6239784606561,4.15773699831049,1.13122040561091,2172.10326666667,1102,733
-1.61437540466544,4.14487985965251,1.12781588809637,2172.13663333333,1102,733
-1.5551146255098,4.09906353638957,1.18187872756286,2172.80396666667,1106,733
-1.54744858148903,4.09711174584728,1.18522018624995,2172.83733333333,1106,733
-1.54029186779402,4.09479887973919,1.19060316831015,2172.8707,1106,733
-1.53116570067413,4.08964062312712,1.19394819671114,2172.90406666667,1106,733
-1.52690403204803,4.0896024260515,1.19771877531295,2172.93743333333,1106,733
-1.51833114576146,4.08555292610651,1.19999902357087,2172.9708,1106,733
-1.50880492535807,4.07587404647197,1.20140955413118,2173.00416666667,1106,733
-1.38434394675961,3.89141399331928,1.27930535374817,2173.8717,1111,733
-1.37405031973229,3.87786617384409,1.27731695335566,2173.90506666667,1111,733
-1.36292311916928,3.8608426700596,1.27366629304966,2173.93843333333,1111,733
-1.3601545449419,3.85200069424374,1.27167051126135,2173.9718,1111,733
-1.34706072481804,3.83134586981229,1.26747832443269,2174.00516666667,1111,733
-1.34286686147465,3.8157156565751,1.26263733223416,2174.03853333333,1111,733
-1.16482593074162,3.39169476902658,1.09825328361392,2174.93943333333,1117,733
-1.1587954111817,3.3774341897152,1.09718139832362,2174.9728,1117,733
-1.15647603596966,3.36391101051412,1.09552536127177,2175.00616666667,1117,733
-1.1552863862716,3.35083933536398,1.09446005323747,2175.03953333333,1117,733
-1.1579873645957,3.33882962040938,1.09436053025636,2175.0729,1117,733
-1.15465128143903,3.32090935729168,1.09215937085679,2175.10626666667,1117,733
-1.1529941376527,3.303604049141,1.09007064866789,2175.13963333333,1117,733
-1.14833100512504,3.28736642024361,1.08945098552547,2175.173,1117,733
-0.952637915830422,2.93141718196865,1.02585066197832,2175.84033333333,1120,733
-0.938154700527435,2.91479480817618,1.02401859228075,2175.8737,1120,733
-0.924241092163145,2.89946529980684,1.02200318633415,2175.90706666667,1120,733
-0.911306667469271,2.88261037068478,1.02062253803508,2175.94043333333,1120,733
-0.898863298271023,2.86659894517332,1.01839562964072,2175.9738,1120,733
-0.887173908223704,2.85068847871161,1.01518183730814,2176.00716666667,1120,733
-0.875833409196154,2.83495325927812,1.01215826024073,2176.04053333333,1120,733
-0.617277856255488,2.3994250047256,0.807789875933451,2176.84133333333,1124,733
-0.607561932353031,2.38159455238143,0.801827081637595,2176.8747,1124,733
-0.596043667159998,2.36346918178869,0.795880592811613,2176.90806666667,1124,733
-0.587021039707992,2.34510887792631,0.790490744688092,2176.94143333333,1124,733
-0.578731196589659,2.32803208816328,0.784787720770836,2176.9748,1124,733
-0.570956062970323,2.30959985503017,0.778218827709018,2177.00816666667,1124,733
-0.565865835125068,2.29502438867847,0.772107626923275,2177.04153333333,1124,733
-0.447511077630638,1.94401347864762,0.648163806881177,2177.6755,1129,733
-0.443150478503795,1.93661447673564,0.646552635877612,2177.70886666667,1129,733
-0.440422695759506,1.9310591633096,0.644968802359341,2177.74223333333,1129,733
-0.438232664279795,1.92426765972798,0.642069578220274,2177.7756,1129,733
-0.433678515298284,1.91737516198586,0.638571122056869,2177.80896666667,1129,733
-0.429240103716802,1.91129914873699,0.634408040104359,2177.84233333333,1129,733
-0.425311982861819,1.90754781481408,0.632011117398697,2177.8757,1129,733
-0.423661790420057,1.90373499782374,0.630101168151888,2177.90906666667,1129,733
-0.268507762149807,1.73171969846594,0.548668544751878,2178.5764,1131,733
-0.26097956125186,1.7256413537972,0.550771706276428,2178.60976666667,1131,733
-0.251967571550518,1.71962501536611,0.552853150511317,2178.64313333333,1131,733
-0.241983996523268,1.71608715631254,0.554615757015618,2178.6765,1131,733
-0.231716760037434,1.71659715516171,0.556470228156398,2178.70986666667,1131,733
-0.2207588807569,1.71955523113223,0.559660791174574,2178.74323333333,1131,733
-0.210631283518064,1.72146299765896,0.56366783976569,2178.7766,1131,733
-0.201836834470246,1.72357787020403,0.567592892051971,2178.80996666667,1131,733
0.0709746076418279,1.64682815863557,0.493670451269291,2179.4773,1135,733
0.0674689429849166,1.64462818698521,0.491809306096734,2179.51066666667,1135,733
0.0558749679282855,1.65058593220643,0.491549875519381,2179.54403333333,1135,733
0.0539046531320785,1.65558017033185,0.49534956129829,2179.5774,1135,733
0.0559317267237466,1.65423452577471,0.492324138065214,2179.61076666667,1135,733
0.0598310777935331,1.65118796664925,0.491119957487027,2179.64413333333,1135,733
0.06233295295163,1.65138540389771,0.492083416823821,2179.6775,1135,733
0.0604143135882541,1.65182015161833,0.492416251118465,2179.71086666667,1135,733
0.0607296875850877,1.6512898627017,0.49270112473512,2179.74423333333,1135,733
-4.48283379873695,3.90112144842369,2.06087680411695,2169.7676,1096,734
-4.48672886195095,3.86498893958846,2.05825776399684,2169.80096666667,1096,734
-4.46148666681714,3.75102787688859,2.04022969019466,2169.90106666667,1097,734
3.96173183091595,-4.2852283531893,4.49067932733384,2170.13463333333,1098,735
-2.97629130353638,5.58004310659276,1.43100370076997,2171.4693,1100,736
0.010730756532645,0.114799228624906,0.592967007324374,2171.80296666667,1101,737
-0.00102597204407051,0.127134290205489,0.603871033074864,2171.83633333333,1101,737
-0.014292744173484,0.141147946981327,0.617271667076449,2171.8697,1101,737
-0.0327652079219993,0.154714496246371,0.63006109235462,2171.90306666667,1101,737
-0.0511687158997213,0.170058485424893,0.640609468686459,2171.93643333333,1101,737
-0.188518992397551,0.693372052353645,0.978969134446887,2172.73723333333,1105,737
-0.177113379713807,0.701927430976208,0.994417755851576,2172.7706,1105,737
-0.162123822358081,0.708439310814013,1.01045743928524,2172.80396666667,1105,737
-0.145184561094679,0.71337309336304,1.02771228343242,2172.83733333333,1105,737
-3.56872579100884,2.23755031337351,1.67293978640452,2171.9698,1103,738
-3.55409390947927,2.21707854048076,1.66729447325762,2172.00316666667,1103,738
-3.54912574148182,2.20049176201304,1.66343695017823,2172.03653333333,1103,738
-3.3703789988533,1.75144777799599,1.51860812666169,2172.9708,1107,738
-3.37909400595676,1.74153758043705,1.51671990081689,2173.00416666667,1107,738
-3.38648458953087,1.72520181996325,1.51577389389278,2173.03753333333,1107,738
-3.39322620023292,1.71164496013614,1.5146380859556,2173.0709,1107,738
-3.42649187428001,1.1814192526418,1.38105560311028,2173.90506666667,1112,738
-3.42171851160988,1.16502198529637,1.37720638717991,2173.93843333333,1112,738
-3.40306998534856,1.1488729534836,1.37072353701487,2173.9718,1112,738
-3.39338628340628,1.13311803616463,1.36489494884347,2174.00516666667,1112,738
-1.50662994966684,3.11172397046091,4.82870500181827,2172.2701,1104,739
3.4079488770472,-3.49559996332894,3.2011930905819,2173.13763333333,1108,740
3.41481808971054,-3.4593548750598,3.18878072097624,2173.171,1108,740
3.42740002432885,-3.42648956694503,3.18564524699055,2173.20436666667,1108,740
3.46009223783309,-3.43284008083604,3.20540200102832,2173.23773333333,1108,740
3.45059623930625,-3.38116540491652,3.19784457103788,2173.2711,1108,740
-3.36365997160557,4.47514000464264,1.51541163104304,2173.3712,1109,741
-3.35718041929429,4.44743981543509,1.51467559182656,2173.40456666667,1109,741
-1.73047811819961,3.35016668953853,4.30359098755605,2173.43793333333,1110,742
-1.73907759838935,3.34672953423391,4.27162089849311,2173.4713,1110,742
0.258237622895815,-0.752227811860478,0.625512095029515,2173.93843333333,1113,743
0.272890340385831,-0.762197197808564,0.626164544305842,2173.9718,1113,743
0.284728647313382,-0.775651049870039,0.628797069164004,2174.00516666667,1113,743
0.29741220742293,-0.782411715594983,0.62979976625702,2174.03853333333,1113,743
0.307348492882864,-0.801314903274344,0.629829193392999,2174.0719,1113,743
0.189978105163892,0.191068627087507,1.12141853866837,2174.00516666667,1114,744
0.183016968878639,0.149999779155292,1.11040560744491,2174.03853333333,1114,744
0.172542773643326,0.105460429903876,1.099233426685,2174.0719,1114,744
0.160884415153212,0.0595881985680555,1.08915113934134,2174.10526666667,1114,744
0.148267153810182,0.0143913868347698,1.07900061632019,2174.13863333333,1114,744
-2.53851208118428,3.47626901340821,3.67356729696653,2174.50566666667,1115,745
-2.55092799038041,3.47311308366161,3.65663190690486,2174.53903333333,1115,745
-2.58032766065981,3.46710216820482,3.61798956015686,2174.5724,1115,745
3.21069685529544,-2.27464837736753,2.53850498122187,2174.8727,1116,746
3.22503687524408,-2.26725490283178,2.55112653383617,2174.90606666667,1116,746
3.20666691854989,-2.21219757205077,2.54049483368893,2174.93943333333,1116,746
3.20214928756449,-2.17019842157014,2.53915998222802,2174.9728,1116,746
3.19916792786618,-2.14084542463014,2.53914576100427,2175.00616666667,1116,746
3.20009920031579,-2.1130214900112,2.54119043537032,2175.03953333333,1116,746
-3.27865295182012,0.874035942199363,1.15649264208273,2175.10626666667,1118,747
-3.3580446160864,0.87060119777178,1.10666142546616,2176.00716666667,1122,747
-3.26109203484015,3.65451616229827,2.73042265284609,2175.7736,1119,748
-3.26249515412723,3.66375421772436,2.70240234423872,2175.80696666667,1119,748
-3.28101304538933,3.68141398759651,2.69128975064523,2175.84033333333,1119,748
-0.349582987875268,-0.913208033980228,0.631312036629537,2175.84033333333,1121,749
-0.357494132263812,-0.90777694354486,0.632632964491785,2175.8737,1121,749
-0.419118916457479,-0.687035768583892,0.651849753095604,2176.64113333333,1123,749
-0.420053390561563,-0.691872650053094,0.655037083334943,2176.6745,1123,749
-0.416669070398953,-0.688778881072072,0.657381655247706,2176.70786666667,1123,749
-0.416436002647928,-0.685093286573134,0.65871537740667,2176.74123333333,1123,749
-0.38958634734516,-0.374078482743788,0.667432549097887,2177.5754,1127,749
-0.380591301127601,-0.363163724263319,0.665213488441809,2177.60876666667,1127,749
-0.373674368523314,-0.352183260093185,0.665659253203165,2177.64213333333,1127,749
-0.368297562015225,-0.338616307495765,0.668053695790607,2177.6755,1127,749
-3.77159648206532,3.83171367139671,2.2573749174892,2176.94143333333,1125,750
-3.50874724627847,1.18801193777159,1.05177401299513,2177.10826666667,1126,751
1.11955690758058,-0.452203101669743,0.592174092623451,2177.64213333333,1128,752
1.12333172085124,-0.451937326063554,0.599055963263256,2177.6755,1128,752
1.13066113113993,-0.459389367073512,0.60432313489723,2177.70886666667,1128,752
1.13451034862264,-0.45997472102456,0.607670447110353,2177.74223333333,1128,752
1.13539208885852,-0.456380822530536,0.611208632023605,2177.7756,1128,752
1.13873477165657,-0.463870930283521,0.611980747756435,2177.80896666667,1128,752
3.79343267335271,-1.27095095148065,1.18928855568152,2178.2761,1130,753
3.79796318518076,-1.25174377014412,1.18022185681138,2178.30946666667,1130,753
3.8115074667153,-1.23743821616049,1.17261028835605,2178.34283333333,1130,753
3.81550380960286,-1.21898746578585,1.1614074720375,2178.3762,1130,753
-5.42342928367312,-0.947997427662885,1.53143663409362,2178.84333333333,1132,754
-5.39145812331322,-0.934948840693066,1.52187986416547,2178.8767,1132,754
1.42251365966465,-0.819659631185556,0.382211048526337,2179.0769,1133,755
1.44327376618371,-0.837777045151401,0.375725351758873,2179.11026666667,1133,755
1.45868432303561,-0.843224125957407,0.373221819985092,2179.14363333333,1133,755
1.46852710084507,-0.840622243871009,0.371491834793517,2179.177,1133,755
1.49367903585188,-0.862298204492327,0.366518358868767,2179.21036666667,1133,755
-3.4229344308526,1.42604258313769,0.996887338154098,2179.11026666667,1134,756
-0.130967554446695,0.141138336750575,0.691343015269635,2179.61076666667,1136,757
-0.129099772492153,0.138450278670189,0.682996746978489,2179.64413333333,1136,757
-0.123764647273313,0.137654329188892,0.672545606664712,2179.6775,1136,757
-0.117688180062334,0.136629934443128,0.665068551297015,2179.71086666667,1136,757
3.84221102023503,-0.173501597376236,1.18774617761179,2179.64413333333,1137,758
3.83967382888898,-0.150323544499119,1.19529653128601,2179.6775,1137,758
3.83462735170334,-0.125407861748836,1.20327205669981,2179.71086666667,1137,758
3.83771510086198,-0.101426553461084,1.21231153934265,2179.74423333333,1137,758
3.83519537008756,-0.0779557505460221,1.21944587475596,2179.7776,1137,758
3.84146874304535,-0.0574217466779803,1.22725673821549,2179.81096666667,1137,758
2.07782914826788,-1.17488306154261,0.459867417673642,2180.24473333333,1138,759
2.10902479178549,-1.18849362939327,0.456089028515885,2180.2781,1138,759
2.14008044211504,-1.19629680319797,0.453362573250228,2180.31146666667,1138,759
2.17187598058783,-1.20521864498608,0.450398331634683,2180.34483333333,1138,759
0.312302066469865,0.437291638039789,0.490793241048709,2181.04553333333,1139,760
0.311571251693655,0.433710590984512,0.479344405951265,2181.0789,1139,760
3.99861353544322,0.533360747848837,0.916222612057227,2181.21236666667,1140,761
4.02040208573096,0.543602606421699,0.912034614168335,2181.24573333333,1140,761
4.03140160325926,0.558627167759639,0.907494068158484,2181.2791,1140,761
4.04475855149183,0.573191174426204,0.903514299699977,2181.31246666667,1140,761
4.0484533793082,0.589803505684188,0.902009988608981,2181.34583333333,1140,761
4.0595203384224,0.608815509339313,0.900606322276704,2181.3792,1140,761
3.03767539933253,-1.19074596781456,0.374616409701386,2181.34583333333,1141,762
3.05425607735896,-1.17915642814183,0.382556625636055,2181.3792,1141,762
3.09820852944831,-1.17347743106203,0.390688607560671,2181.44593333333,1142,762
-3.17528713913164,1.74730399793454,1.06645524292965,2181.51266666667,1143,763
-3.17014167657928,1.7531482537421,1.07083800243649,2181.54603333333,1143,763
3.12667706131886,-0.637838148506567,0.410744495509357,2182.6805,1144,764
0.2399477415208,0.0879151004480085,0.468431881257722,2182.7806,1145,765
0.226665989809817,0.0803585129884756,0.48098851437172,2182.81396666667,1145,765
0.210973442767986,0.0725924414343939,0.492784027253726,2182.84733333333,1145,765
0.193317259443548,0.0662113581462294,0.503016913790338,2182.8807,1145,765
0.172242610531928,0.0591979445867504,0.512094362665831,2182.91406666667,1145,765
-5.24331191359837,0.501399740108377,1.62322228854027,2182.84733333333,1146,766
-5.25071643037747,0.514760448374215,1.62893032153868,2182.8807,1146,766
-5.11515765085761,1.09235818306987,1.74806248517316,2183.84833333333,1151,766
4.80666540173287,1.56186758664213,1.11665748782182,2182.94743333333,1147,767
3.15957005985901,-0.639427551962203,0.254631544626182,2183.71486666667,1148,768
3.17252054634318,-0.651055463589455,0.246481020086349,2183.74823333333,1148,768
3.1715887233811,-0.653410598063102,0.243002679779699,2183.7816,1148,768
0.0777805987132956,1.52818858899839,0.51557646658648,2183.74823333333,1149,769
0.0691830172861418,1.5055692588539,0.517945755410859,2183.7816,1149,769
0.0590192377610376,1.4796372501697,0.520653379231082,2183.81496666667,1149,769
0.0507128981334122,1.45772360012601,0.522738749517659,2183.84833333333,1149,769
0.045898364549493,1.44124850592806,0.522287044661226,2183.8817,1149,769
0.0427469871642429,1.42527331168134,0.523164472678799,2183.91506666667,1149,769
0.0384451159049891,1.40470998337994,0.524109664909627,2183.94843333333,1149,769
0.0328191457907907,1.38219881032866,0.525895836851344,2183.9818,1149,769
-0.0932782315564471,1.06532608524436,0.584479790166471,2184.61576666667,1153,769
-0.0947041913511419,1.04699931315655,0.586990452275236,2184.64913333333,1153,769
-0.0940321276085258,1.02897750499574,0.587543795247858,2184.6825,1153,769
-0.0926774990765393,1.01299673026765,0.58662514537999,2184.71586666667,1153,769
-0.0898941016146833,0.998681209726594,0.584315312821944,2184.74923333333,1153,769
-0.08650641428894,0.983257769983449,0.583751290747106,2184.7826,1153,769
-0.0199076211681082,0.822072625221417,0.610582061786609,2185.34983333333,1158,769
-0.0133767367122509,0.825646433240177,0.60670263269736,2185.3832,1158,769
-0.0053485047748808,0.82945128422049,0.602369317190081,2185.41656666667,1158,769
0.00278319348691924,0.831466666940306,0.599569107158755,2185.44993333333,1158,769
0.0117846665515775,0.832060491919814,0.598318662250154,2185.4833,1158,769
0.0182167959338679,0.83471326958551,0.59946018017412,2185.51666666667,1158,769
-0.355559829426377,0.232946071355754,1.11145392443559,2186.11726666667,1160,769
-0.348636067941323,0.241581238637696,1.11818593683077,2186.15063333333,1160,769
-0.0788000532422036,1.00981506002291,0.5521191938811,2186.15063333333,1161,769
-0.34501224359543,0.250491122246964,1.12771388493063,2186.184,1160,769
-0.0814200413648121,1.02271527558674,0.550760280608097,2186.184,1161,769
-0.339445806244913,0.262801439555343,1.13458140559706,2186.21736666667,1160,769
-0.0846799975455611,1.03601888463518,0.548864738852483,2186.21736666667,1161,769
-0.336935513105697,0.27414516421664,1.13983170317828,2186.25073333333,1160,769
-0.087197487600015,1.04955601383602,0.545835916098882,2186.25073333333,1161,769
-0.333495541989956,0.285769114636813,1.14350358871911,2186.2841,1160,769
-0.0888363220698616,1.06407363113095,0.542701210146718,2186.2841,1161,769
-0.0892581646306443,1.07856054472911,0.541449134920649,2186.31746666667,1161,769
-0.0907398168677073,1.09111951463948,0.542696947266725,2186.35083333333,1161,769
-0.282992217488149,1.16036787262418,0.532727436531634,2187.05153333333,1163,769
-0.298134842169399,1.15618980682586,0.538230657196251,2187.0849,1163,769
-0.311951057214086,1.14985242420913,0.542790932319265,2187.11826666667,1163,769
-0.324660964234508,1.14510403234137,0.548057556640383,2187.15163333333,1163,769
-0.0205135070170196,0.137464535077296,1.17824969403552,2187.15163333333,1165,769
-0.336585239654364,1.14121531273596,0.553734580680845,2187.185,1163,769
0.00336151948834451,0.133564094021091,1.17863982472534,2187.185,1165,769
-0.34704686662618,1.13926230379708,0.560591285173203,2187.21836666667,1163,769
0.0290205522825319,0.128928373902066,1.17932915079571,2187.21836666667,1165,769
0.0556448337648386,0.123309177912846,1.18141417405315,2187.25173333333,1165,769
0.0846220187602715,0.1179924060435,1.18547104333615,2187.2851,1165,769
0.110441769088364,0.111140974694875,1.1898711471897,2187.31846666667,1165,769
-0.344123607382184,0.965816436922899,0.671870753725022,2187.91906666667,1168,769
-0.339817487614417,0.94968253881993,0.67352546122963,2187.95243333333,1168,769
-0.333994648401584,0.931352487580017,0.674046362492245,2187.9858,1168,769
-0.328373660084114,0.912591075518862,0.673093523784625,2188.01916666667,1168,769
-0.320174843512456,0.895392596127847,0.67041190288743,2188.05253333333,1168,769
-0.313612826293212,0.877081796833973,0.667980641611977,2188.0859,1168,769
-0.304681062590461,0.860868645035516,0.664932541766154,2188.11926666667,1168,769
0.833868537121898,0.0114912373264155,0.947466551056387,2188.15263333333,1170,769
0.858803122951819,-0.016301823578203,0.93373000952128,2188.186,1170,769
0.885401258846273,-0.044866443034917,0.918081214468955,2188.21936666667,1170,769
0.911939424902372,-0.073010092325253,0.902408853204941,2188.25273333333,1170,769
0.937836653847445,-0.0984574686440922,0.887790409630563,2188.2861,1170,769
-0.172765129026759,0.514583393898037,0.497325633745412,2188.7866,1173,769
-0.162881907289188,0.478793752194441,0.47578823575347,2188.8867,1175,769
-0.157961159128837,0.469192688380762,0.47227432703275,2188.92006666667,1175,769
1.41678663873289,-0.30472989578225,0.785878841001306,2189.02016666667,1176,769
1.43364142641957,-0.309905237559467,0.781551778135579,2189.05353333333,1176,769
1.4499130925099,-0.311507341097798,0.777381727605589,2189.0869,1176,769
1.46650582953359,-0.311637401611133,0.774103177698658,2189.12026666667,1176,769
1.48350157179205,-0.311448643158174,0.771629209516609,2189.15363333333,1176,769
-0.297853421242259,0.392033082109608,0.569653280111061,2189.62076666667,1179,769
-0.292015131554752,0.384888163027898,0.571525995820169,2189.65413333333,1179,769
-0.286756415397886,0.375085481771461,0.570587202466867,2189.6875,1179,769
-0.284223577651518,0.362209289489535,0.568438437100936,2189.72086666667,1179,769
-0.245783385266995,0.24380872641335,0.375199351649188,2190.6885,1183,769
-0.246214364430957,0.247424458631167,0.370639830705247,2190.72186666667,1183,769
-0.336764471029918,0.186470662346635,0.363092686534319,2191.35583333333,1186,769
-3.20856324102482,-0.544385116145554,1.14010094073567,2183.81496666667,1150,770
-3.22413103361396,-0.151455535725478,1.16236815524874,2184.74923333333,1155,770
-3.23032196404744,-0.146526174809018,1.16890983973289,2184.7826,1155,770
-0.257714995515556,-0.202931022303632,0.697819113265116,2183.94843333333,1152,771
-0.273237870589716,-0.212303563875944,0.712649197928315,2183.9818,1152,771
-0.283677180990546,-0.214882503055621,0.726407287130949,2184.01516666667,1152,771
-0.293551055212948,-0.21861870146877,0.741530450679494,2184.04853333333,1152,771
-0.446800179804921,-0.25265696302404,0.962689900245338,2184.71586666667,1154,771
-0.444351541037524,-0.256763049779309,0.974811029411739,2184.74923333333,1154,771
-0.442347837853581,-0.257049750975364,0.988003546248765,2184.7826,1154,771
-0.447598558967714,-0.255898446354172,1.00191804534887,2184.81596666667,1154,771
-0.455671210927796,-0.251290888818737,1.01216098110734,2184.84933333333,1154,771
3.24908527709464,-0.53978383036521,0.244172598669387,2184.81596666667,1156,772
3.24650710003959,-0.534311449364925,0.252182428614075,2184.84933333333,1156,772
3.24352461213619,-0.530738524442856,0.260514592822128,2184.8827,1156,772
-4.89812802109001,1.33475621985436,1.92393831678428,2185.04953333333,1157,773
-4.88766888270038,1.33240473897085,1.92451795602453,2185.0829,1157,773
-4.87250635173088,1.32634619287045,1.9265093525768,2185.11626666667,1157,773
3.40109812776282,-0.480312881913114,0.310537063079555,2185.91706666667,1159,774
3.40881198116727,-0.465010914511971,0.303980071308902,2185.95043333333,1159,774
3.42195555095976,-0.44601313026657,0.296633335190462,2185.9838,1159,774
3.42808929916524,-0.426775370405713,0.289366730102395,2186.01716666667,1159,774
-3.84382767856684,0.992980527785298,1.84565840289942,2186.61776666667,1162,775
-3.83102261977041,0.97818691548008,1.84282968918061,2186.65113333333,1162,775
-3.81429792664964,0.963416647671096,1.84000097457205,2186.6845,1162,775
-3.78963099660249,0.952366527171659,1.8353101638188,2186.71786666667,1162,775
-3.7806787537307,0.936817636314734,1.83554433327095,2186.75123333333,1162,775
3.50410873835141,0.23050866262872,0.309323920757685,2187.05153333333,1164,776
3.49481879586976,0.248571642494267,0.320698049878057,2187.0849,1164,776
3.49727928234446,0.261321663334956,0.329271718198236,2187.11826666667,1164,776
3.49665870762034,0.276781307541456,0.34002960030743,2187.15163333333,1164,776
3.49809834807506,0.290017195563961,0.347624157747109,2187.185,1164,776
3.50897414809413,0.681037288170677,0.227946594563428,2188.11926666667,1169,776
3.50759813679988,0.694986705085614,0.224131856795888,2188.15263333333,1169,776
3.50943980366485,0.711300499514545,0.219281759105114,2188.186,1169,776
3.51311199454233,0.728986653264475,0.217785994976823,2188.21936666667,1169,776
3.41639425018905,0.734073799812146,0.377380278376784,2189.0869,1177,776
3.42028983061944,0.718445421206404,0.377832465168569,2189.12026666667,1177,776
3.42674992716799,0.702518752524902,0.378299519423827,2189.15363333333,1177,776
3.42325857013915,0.68682417498618,0.37840844051279,2189.187,1177,776
3.42446670042939,0.671699031897448,0.376988138740583,2189.22036666667,1177,776
-5.43624662886883,4.11818460342283,1.62313734882313,2187.4853,1166,777
-3.094837330818,0.778640909408914,1.39704040502067,2187.91906666667,1167,778
-3.07573825908435,0.772090703523357,1.38501135158105,2187.95243333333,1167,778
-3.05677342293275,0.766094593561929,1.37203521672435,2187.9858,1167,778
-3.03593039622376,0.759306153455536,1.35937328371987,2188.01916666667,1167,778
-2.54175168211707,0.812393054679508,1.38086145605194,2188.8867,1174,778
-2.52554114560915,0.816742550689903,1.38174772384513,2188.92006666667,1174,778
-2.50982835328467,0.822175211909161,1.3838168613538,2188.95343333333,1174,778
-2.49082962503815,0.828186978568005,1.38274669096292,2188.9868,1174,778
-2.47205229126248,0.831762994193688,1.38375943145018,2189.02016666667,1174,778
-4.96149599419521,4.24250572885533,1.72148410986881,2188.51966666667,1171,779
-4.93542984849896,4.22539576959396,1.73290749153141,2188.5864,1172,779
-4.63088539296037,3.85100666372556,1.63752252891033,2189.5874,1178,780
-4.61363905368565,3.82730998016702,1.63529476860298,2189.62076666667,1178,780
-4.59870943534551,3.80886813570223,1.63080483587617,2189.65413333333,1178,780
-4.58051198775592,3.78669616882896,1.63045773280044,2189.6875,1178,780
-2.23520305502809,1.2669704001398,1.34120954555538,2190.05453333333,1180,781
-2.22247078408202,1.28353500703469,1.34087341180879,2190.0879,1180,781
-2.21067100695529,1.2999200327417,1.33942714467789,2190.12126666667,1180,781
-2.20205556224481,1.31761316298546,1.3383161248871,2190.15463333333,1180,781
-2.19263834464473,1.33607833320481,1.33698913521277,2190.188,1180,781
-1.95697175947144,1.58858771325701,1.27770004256053,2190.8887,1185,781
-1.94822802125441,1.59195788519948,1.27130652105923,2190.92206666667,1185,781
-1.94304786054119,1.5944351013464,1.26596045629586,2190.95543333333,1185,781
-1.93699852484325,1.59696610149779,1.26004864079999,2190.9888,1185,781
-1.93355379976537,1.60026188942388,1.25386659294122,2191.02216666667,1185,781
-1.93183333344771,1.6034884121937,1.24737516717187,2191.05553333333,1185,781
-1.88738201594438,1.64097043785913,1.27044808457113,2191.85633333333,1190,781
-1.88579720591035,1.64412788455114,1.27045537820851,2191.8897,1190,781
-1.8833018291723,1.64651204339178,1.26864055049414,2191.92306666667,1190,781
-1.87785405093175,1.64870222606706,1.26704521741184,2191.95643333333,1190,781
1.78724099464551,-0.689130453605969,0.723363721923662,2190.32146666667,1181,782
1.79919355480471,-0.696026149044835,0.718739528564256,2190.35483333333,1181,782
1.81885637843232,-0.712184468418458,0.714967557473476,2190.3882,1181,782
1.83030901355356,-0.715563264045754,0.709715220785852,2190.42156666667,1181,782
3.39384108318782,0.16906841857932,0.394560875810788,2190.35483333333,1182,783
3.39027234208965,0.164349592726917,0.397019483414142,2190.3882,1182,783
3.38883063762654,0.159043756969618,0.398209805182277,2190.42156666667,1182,783
3.39263764257693,0.153976571488162,0.396471749167046,2190.45493333333,1182,783
3.38845934221136,0.151312741538012,0.397062455209496,2190.4883,1182,783
3.43475042121211,0.320211878281891,0.277823976003591,2191.3892,1187,783
3.44052203016911,0.337473630824398,0.28398234900026,2191.42256666667,1187,783
3.44358507998166,0.351214134271489,0.289106559410018,2191.45593333333,1187,783
3.45010670683179,0.361778815314966,0.296449575088781,2191.4893,1187,783
-4.03187412454653,3.36342302412754,1.47259964322255,2190.7886,1184,784
-4.00328542464986,3.35220821596904,1.47231680543528,2190.82196666667,1184,784
-3.98423917020101,3.34769015667562,1.47251812866269,2190.85533333333,1184,784
-3.97000460110323,3.34072577821366,1.47317877351282,2190.8887,1184,784
-3.80406644269053,3.36995916260141,1.47558288297688,2191.6895,1189,784
-3.79856575717548,3.37715923853012,1.48365382829336,2191.72286666667,1189,784
-3.79376434342755,3.38596306451341,1.4892140570912,2191.75623333333,1189,784
-3.77944641101229,3.39094892323329,1.49350242490865,2191.7896,1189,784
-3.76049391207084,3.74160888841114,1.52338609431183,2192.72386666667,1193,784
-3.75715030287899,3.75107713298341,1.52473947991149,2192.75723333333,1193,784
2.40685138675544,-0.875080242063324,0.604691405426662,2191.42256666667,1188,785
2.4150277435352,-0.865603074960882,0.59824357189766,2191.45593333333,1188,785
2.43014491230786,-0.855757835374962,0.587960496340871,2191.4893,1188,785
2.45427477425737,-0.855041066769792,0.576207074864799,2191.52266666667,1188,785
2.9539996143318,-0.697826003038224,0.332984115145415,2192.35683333333,1191,785
2.97181587651682,-0.702168979529608,0.325165333090543,2192.3902,1191,785
2.99076252948383,-0.705502244057103,0.315316297796946,2192.42356666667,1191,785
3.33848577207408,-0.679172643172364,0.281199971207589,2193.35783333333,1196,785
3.34948181419466,-0.664811958090117,0.284074870478989,2193.3912,1196,785
3.3581043888834,-0.647667473492875,0.287178443943326,2193.42456666667,1196,785
3.37556746189866,-0.63468497537001,0.292858347856379,2193.45793333333,1196,785
3.47381099373318,0.523575237716533,0.370050128873966,2192.5904,1192,786
3.47808451547563,0.524634015541185,0.365071440818374,2192.62376666667,1192,786
3.48026171702385,0.52502427190885,0.361782434291278,2192.65713333333,1192,786
3.48349430826046,0.527093902163187,0.358494583776552,2192.6905,1192,786
3.48818303499959,0.529246316605791,0.353203986414712,2192.72386666667,1192,786
-0.00495858588231113,0.72692150756429,0.509660640969976,2192.7906,1194,787
0.00705416259471803,0.738547439279515,0.513551290920672,2192.82396666667,1194,787
0.0169683908611954,0.749725000771715,0.518032152679401,2192.85733333333,1194,787
0.162558387612951,1.09442956936646,0.420730331315934,2193.75823333333,1197,787
0.171213620321567,1.10359236607583,0.420312993045513,2193.7916,1197,787
0.179566136278772,1.11389271623065,0.420859874690089,2193.82496666667,1197,787
0.18739735524371,1.12234100087449,0.421029080603359,2193.85833333333,1197,787
0.193592613872828,1.12917299157117,0.420946767518938,2193.8917,1197,787
0.197310830169685,1.13583226816063,0.420807576951236,2193.92506666667,1197,787
0.198912108399027,1.14030036880291,0.421167368360344,2193.95843333333,1197,787
0.19932776793572,1.14133374139021,0.420728338593094,2193.9918,1197,787
0.233155136798446,1.2204694185392,0.311001097029323,2194.55903333333,1200,787
0.236274441780679,1.23248010559854,0.312147084246078,2194.5924,1200,787
0.239694314085452,1.2446578265224,0.314478717472335,2194.62576666667,1200,787
0.245266947468244,1.25405424681642,0.319189547583674,2194.65913333333,1200,787
0.252637337943442,1.26230992249003,0.324715478233562,2194.6925,1200,787
0.256679525740922,1.26905047029591,0.331337399330216,2194.72586666667,1200,787
0.2587170753033,1.27202177002188,0.338866908033739,2194.75923333333,1200,787
0.260592354984938,1.27092311165498,0.345749423241854,2194.7926,1200,787
0.322544638177405,1.35898425337862,0.342343140500832,2195.45993333333,1204,787
0.332696957753762,1.36404074143056,0.344969146311773,2195.4933,1204,787
0.343588107979658,1.36855653285393,0.34871193715051,2195.52666666667,1204,787
0.353072397906298,1.37374880001401,0.353243474854406,2195.56003333333,1204,787
0.35970489133929,1.37844772623829,0.360547962444898,2195.5934,1204,787
0.361226160198203,1.38035903768462,0.370914117941248,2195.62676666667,1204,787
0.359532202724563,1.38025255718136,0.382180513395797,2195.66013333333,1204,787
0.114100761950131,2.21410183414072,0.524236391143888,2195.6935,1207,787
0.411930278502795,1.44050509270646,0.498196936915669,2196.2941,1208,787
0.417933018165368,1.44457495859063,0.503200078874503,2196.32746666667,1208,787
0.427385491889638,1.45146437517304,0.507392254214894,2196.36083333333,1208,787
0.438597773180214,1.45820245873162,0.512509427615612,2196.3942,1208,787
0.451512128764441,1.46251556126472,0.51949282685501,2196.42756666667,1208,787
0.463333926843236,1.46852074154252,0.526699955147851,2196.46093333333,1208,787
0.474580078606181,1.47350294928013,0.534859714617985,2196.4943,1208,787
0.483557808505585,1.47591260616792,0.541690822866159,2196.52766666667,1208,787
0.490483172952366,1.47856563850961,0.547750224213194,2196.56103333333,1208,787
0.60736816666195,1.59298584390782,0.551687672225853,2197.22836666667,1213,787
0.619273242597222,1.60394329745207,0.551189196594996,2197.26173333333,1213,787
0.631795785431772,1.6129994989362,0.550820440180238,2197.2951,1213,787
0.643524297521565,1.61983328068606,0.551454044587211,2197.32846666667,1213,787
0.653776334188328,1.62734181770524,0.551724381328369,2197.36183333333,1213,787
0.66335096597721,1.63052359321648,0.551287542160705,2197.3952,1213,787
0.672963937999539,1.63393756477973,0.550542752159462,2197.42856666667,1213,787
0.683154319707182,1.6350790775238,0.548030962517552,2197.46193333333,1213,787
0.800907974186529,0.751894961878742,0.428854273026638,2197.4953,1218,787
0.898481167958312,1.75630341867657,0.436361108283537,2198.16263333333,1219,787
0.912212918246616,1.76105195767699,0.434401772630147,2198.196,1219,787
0.924663820174144,1.76599995493653,0.432939374964583,2198.22936666667,1219,787
0.935562002096681,1.77056511911145,0.430216552414705,2198.26273333333,1219,787
0.943378342085285,1.77714659724121,0.42808033726473,2198.2961,1219,787
0.950143341650893,1.78300203451121,0.426125431791278,2198.32946666667,1219,787
0.954698798126852,1.78900220615246,0.425565044929923,2198.36283333333,1219,787
1.12819682251738,1.90491083137131,0.351030267948518,2199.13026666667,1223,787
1.14125042702531,1.91153397220971,0.354639398988288,2199.16363333333,1223,787
1.15245179067422,1.91823891200458,0.358730306115853,2199.197,1223,787
1.16138535162049,1.92422019706692,0.36376387076456,2199.23036666667,1223,787
1.16749052517943,1.92863109186896,0.371138917652338,2199.26373333333,1223,787
1.17151327819838,1.93133378797843,0.379745472402899,2199.2971,1223,787
1.17580604746474,1.93279147134824,0.387325690345537,2199.33046666667,1223,787
1.37113001294367,2.03635746118299,0.393127651926035,2200.06453333333,1228,787
1.38154114046166,2.04089353560425,0.396103288659537,2200.0979,1228,787
1.39385548757937,2.04418096370469,0.399572876295616,2200.13126666667,1228,787
1.40418160883287,2.04711558939243,0.40265153018738,2200.16463333333,1228,787
1.41279552205153,2.04970373350878,0.405401605135462,2200.198,1228,787
1.42221707606045,2.05167999192211,0.407841589856646,2200.23136666667,1228,787
1.43417733373307,2.05236606405777,0.411406182814065,2200.26473333333,1228,787
1.64498887377355,2.23789330259637,0.425691118906649,2201.16563333333,1231,787
1.6564532688563,2.24624516255342,0.428543654116343,2201.199,1231,787
1.66787005443517,2.25218415082684,0.431220317821073,2201.23236666667,1231,787
1.67825832075105,2.25659699100936,0.432749752617247,2201.26573333333,1231,787
1.68933129298119,2.26064977049868,0.432310220809785,2201.2991,1231,787
1.69907982091281,2.26330453305485,0.431423441243678,2201.33246666667,1231,787
1.92841908357168,2.34790886896887,0.380427499139714,2202.03316666667,1234,787
1.93548020066117,2.35451639693482,0.382665104034374,2202.06653333333,1234,787
1.94080228387409,2.36035669596996,0.383673347808423,2202.0999,1234,787
1.94646113248231,2.36617970540152,0.384439547923151,2202.13326666667,1234,787
1.95194042170193,2.37269946614534,0.387068233076178,2202.16663333333,1234,787
2.00681149961096,2.53005459011153,0.382712539544473,2203.03416666667,1237,787
2.01246743985945,2.5409018566616,0.381688349295363,2203.06753333333,1237,787
2.01822806379161,2.55147065736592,0.382408751301254,2203.1009,1237,787
2.02972623655709,2.56213122494195,0.382640594178105,2203.13426666667,1237,787
2.06794345237056,2.7629162243923,0.413227073740258,2204.0018,1239,787
2.08132121716384,2.7785012025679,0.415855392078667,2204.03516666667,1239,787
2.09587663091454,2.79164741584705,0.419010723399031,2204.06853333333,1239,787
2.11233886603873,2.80443588552487,0.422096442090734,2204.1019,1239,787
2.18950693818299,3.15109598748225,0.197352159056892,2204.93606666667,1240,787
2.19214220892942,3.17812155902368,0.187955026775129,2204.96943333333,1240,787
2.20267998368018,3.47999222149242,0.240164341704214,2205.87033333333,1243,787
-1.55505632889314,1.87823535048823,1.2444562631464,2193.25773333333,1195,788
-1.54902822153274,1.88765068576109,1.24702507681027,2193.2911,1195,788
-1.53952538982574,1.89764936894455,1.24921279140419,2193.32446666667,1195,788
-1.53438906012033,1.90595550747851,1.25282567947032,2193.35783333333,1195,788
-1.53191291500632,1.91235401132212,1.2562350685436,2193.3912,1195,788
-1.52942428951681,1.9188997355611,1.260577188858,2193.42456666667,1195,788
3.64042131401894,0.493638260512718,0.338012595012412,2193.75823333333,1198,789
3.64320072154735,0.490566675432811,0.341783992868111,2193.7916,1198,789
3.649326287498,0.485996322209006,0.343931220980341,2193.82496666667,1198,789
3.82873320814749,-0.55667466196156,0.308381327953504,2194.52566666667,1199,790
3.85360460836365,-0.565458486163092,0.307754166536013,2194.55903333333,1199,790
3.87399319935392,-0.570623342498486,0.310937324813659,2194.5924,1199,790
4.27477291302936,-0.515760474878036,0.293672055890175,2195.52666666667,1206,790
4.27256270140608,-0.501410731425253,0.290514827782977,2195.56003333333,1206,790
4.73784745216116,-0.157098372134037,0.0859886244091133,2196.4943,1210,790
5.48026236228569,-0.126281940337622,-0.0904934315148331,2197.46193333333,1217,790
-3.33589311562871,4.10188394489212,1.43815568043926,2194.65913333333,1201,791
-3.3191505631606,4.09777896011369,1.43555675039943,2194.6925,1201,791
-1.21183299412717,2.06689936165993,1.1362552078922,2194.65913333333,1202,792
-1.20767719730313,2.06540160280504,1.12424978221041,2194.6925,1202,792
-1.20342858069741,2.06424812505949,1.11190105589601,2194.72586666667,1202,792
-1.20005661757191,2.06344370716918,1.10005958287205,2194.75923333333,1202,792
-1.19789182872312,2.06215524967224,1.08705966780939,2194.7926,1202,792
-1.19811673662764,2.06189841403901,1.07645537449287,2194.82596666667,1202,792
-1.28524347314507,1.99219585867689,0.932443739607269,2195.52666666667,1205,792
-1.28913172624215,1.98259342732557,0.931079987904116,2195.56003333333,1205,792
-1.29222015302763,1.97211148591023,0.929999712253928,2195.5934,1205,792
-1.29787905393713,1.96072754855049,0.930073656645173,2195.62676666667,1205,792
-1.30131144857278,1.94868537958844,0.931037245609001,2195.66013333333,1205,792
-1.20599431488974,1.93998881264877,1.03252018768057,2196.42756666667,1209,792
-1.19644743268533,1.94790468759044,1.03232807567904,2196.46093333333,1209,792
-1.18355521193056,1.95701501272927,1.03177969634258,2196.4943,1209,792
-1.17389253833312,1.96663953024782,1.03058635816326,2196.52766666667,1209,792
-1.16329804517324,1.9751237510033,1.02841435287838,2196.56103333333,1209,792
-1.72705321252455,1.93696769223502,0.81080662198443,2197.3952,1214,792
-1.01035472760905,2.08676789239087,0.892498728229881,2197.42856666667,1215,792
-1.47276814991404,1.78666763700291,0.689068782138506,2197.42856666667,1216,792
-1.01368919147041,2.08963128686859,0.890822399334063,2197.46193333333,1215,792
-1.46926754591659,1.7868926962042,0.690027247611579,2197.46193333333,1216,792
-1.01713899697404,2.09190737354893,0.889420140359701,2197.4953,1215,792
3.85675198903699,0.597737247735501,0.231842734720908,2195.3932,1203,793
3.85725070062981,0.610369996523213,0.240788576160091,2195.42656666667,1203,793
3.85574857758702,0.618159385050185,0.251621076909298,2195.45993333333,1203,793
3.88317056800119,0.731208104206316,0.167551751945687,2196.56103333333,1211,794
3.87112347729487,0.740856330668252,0.161906011492118,2196.5944,1211,794
3.87618755107801,0.75110356674093,0.155284597632872,2196.62776666667,1211,794
-3.21727903126662,2.15039473447287,1.08882381056019,2196.7946,1212,795
4.26393256795682,0.535621508859721,0.341747343242196,2198.32946666667,1220,796
4.47964452021831,0.680582001459892,0.255035944634304,2199.197,1224,796
4.49666083271928,0.685715228701887,0.255903228240206,2199.23036666667,1224,796
4.5120887561691,0.690185624670428,0.258781187472813,2199.26373333333,1224,796
-0.78403201461236,1.90761935576282,0.759598613176682,2198.56303333333,1221,797
-0.781992867348095,1.89562265547735,0.754900958875884,2198.5964,1221,797
-0.781058630725519,1.8834319885084,0.748667665212654,2198.62976666667,1221,797
-0.780322778430746,1.87207505124556,0.739754497634011,2198.66313333333,1221,797
-0.779316435645031,1.86172385844814,0.730841746236775,2198.6965,1221,797
-0.779754298323904,1.85039544381089,0.725271696665673,2198.72986666667,1221,797
-0.700818067102485,1.55582397486651,0.648690506603689,2199.53066666667,1225,797
-0.699521634092719,1.5514466481663,0.646443320563554,2199.56403333333,1225,797
-0.696432742149931,1.55060382685551,0.642323772588983,2199.5974,1225,797
-0.708765501379029,1.55009356692537,0.637567910459996,2199.66413333333,1226,797
-1.08859815384496,1.50019304599273,0.685208965936911,2200.46493333333,1229,797
-1.09559454376047,1.49872423157199,0.684855127984943,2200.4983,1229,797
-1.10319765191219,1.49685193125601,0.685110435671505,2200.53166666667,1229,797
-1.11035413879302,1.4940854760345,0.685756127083747,2200.56503333333,1229,797
-1.25742818697538,1.44992089518748,0.73479133713374,2201.26573333333,1232,797
-1.26539740724526,1.45647945020848,0.736327817120492,2201.2991,1232,797
-1.27330637879736,1.46154790944712,0.739132806349753,2201.33246666667,1232,797
-1.28169569092144,1.47879286250722,0.840780435281284,2202.03316666667,1233,797
-1.27050446413666,1.48244312511292,0.840772892266029,2202.06653333333,1233,797
-1.25753256249949,1.48552077305962,0.838977886285875,2202.0999,1233,797
-1.24351370882859,1.48868251028303,0.836440335003533,2202.13326666667,1233,797
-1.22751786221579,1.49370595395227,0.833369167158923,2202.16663333333,1233,797
-1.06764625215052,1.53712506659398,0.789362675710506,2202.83396666667,1236,797
-1.06475480342485,1.53755906489304,0.784754682592047,2202.86733333333,1236,797
-1.06213404880753,1.5353560912983,0.778860113608338,2202.9007,1236,797
-1.06083367069053,1.53487170769904,0.772812787254916,2202.93406666667,1236,797
-3.16453604988683,2.58372137142249,1.1403350769728,2198.7966,1222,798
-3.24237755152188,2.63117861063914,1.28458463856241,2199.9978,1227,799
-3.2449480650864,2.62490950583553,1.29416123198359,2200.03116666667,1227,799
-3.25089358902931,2.62363714094271,1.29967184226185,2200.06453333333,1227,799
-3.27054766078343,2.62328531178663,1.31132966738588,2200.0979,1227,799
-3.28146209069849,2.62392470533752,1.31584341705241,2200.13126666667,1227,799
4.90964854153463,0.664155305784514,0.271284939116399,2200.76523333333,1230,800
-2.98224906163773,3.20181207448751,1.35090838641844,2202.23336666667,1235,801
-2.96662225228774,3.21143645090488,1.35245678267815,2202.26673333333,1235,801
-5.27897386426689,3.81234369687369,1.6875338471891,2203.83496666667,1238,802
-5.23557178202673,3.78086922343224,1.67566716911208,2203.86833333333,1238,802
-5.22896983926745,3.76184085472729,1.67382502505677,2203.9017,1238,802
5.36665112271512,1.11017771511704,-0.0959555014603801,2205.03616666667,1241,803
-3.04924183008667,4.10125915167247,1.15193713022128,2205.43656666667,1242,804
6.07262139819233,0.20100425203298,-0.244066899174883,2206.13726666667,1244,805
-4.6460987906888,2.1605817640842,1.44747295442212,2206.47093333333,1245,806
-4.66862680823748,2.1322983583044,1.44954222024289,2206.5043,1245,806
-4.67175448041533,2.10096175758062,1.44939251090142,2206.53766666667,1245,806
-4.72400240007723,1.38130237011677,1.37628314196998,2207.23836666667,1248,806
-4.72750390764994,1.34853154518172,1.37008245781575,2207.27173333333,1248,806
-4.71994172250638,1.31377626965854,1.36375638591442,2207.3051,1248,806
-4.7097469026579,1.27849378289602,1.35505655225602,2207.33846666667,1248,806
-4.70087473191904,1.24966267287734,1.34630620163085,2207.37183333333,1248,806
-4.48760882035156,0.84088795415199,1.25001386796524,2208.0058,1250,806
-4.48004623408808,0.831079344734566,1.25194514355044,2208.03916666667,1250,806
-4.45850615473879,0.822252521469086,1.25246782071591,2208.07253333333,1250,806
-4.44101934201666,0.817727027839946,1.25383248767775,2208.1059,1250,806
-4.0808472395279,0.732933654424729,1.29039228988861,2208.8066,1253,806
-4.06341153632822,0.727553983087114,1.29015673545621,2208.83996666667,1253,806
-4.054480568401,0.721466911881261,1.29157154502322,2208.87333333333,1253,806
-4.02748038703408,0.720920795829031,1.29196945200222,2208.9067,1253,806
-3.8473224945369,0.614569983350596,1.23903625142314,2209.67413333333,1258,806
-3.83638245819985,0.616382646119505,1.23532663721282,2209.7075,1258,806
-3.82811975906043,0.616375721226883,1.23184698739948,2209.74086666667,1258,806
-3.62688631670552,0.714437621082383,1.20083844365482,2210.47493333333,1263,806
-3.61548639609566,0.718971142920471,1.2034880613477,2210.5083,1263,806
-3.6080607882497,0.722827873636199,1.2066819699848,2210.54166666667,1263,806
-3.60119813340844,0.72564602272605,1.20754944694875,2210.57503333333,1263,806
-3.44827016014389,0.826795669890478,1.17575346752443,2211.27573333333,1267,806
-3.4384462346707,0.831383158657148,1.17016082930739,2211.3091,1267,806
-3.43105583930591,0.837635904635363,1.16487230995046,2211.34246666667,1267,806
-3.42308274905144,0.843926971125243,1.15854886342947,2211.37583333333,1267,806
-3.25272366074913,0.937816436520262,1.13958438161103,2212.07653333333,1270,806
-3.24905393124858,0.937420044305581,1.1397695399089,2212.1099,1270,806
-3.2387031417289,0.939420234063767,1.13891985282319,2212.14326666667,1270,806
-3.22992995375886,0.939774897107602,1.13785000561149,2212.17663333333,1270,806
-3.21986535116022,0.939884203256398,1.13878042959539,2212.21,1270,806
-3.02481683589745,0.985950596636436,1.1115572523558,2212.87733333333,1274,806
-3.01346798684248,0.983897989527302,1.11742396489202,2212.9107,1274,806
-2.99557476723372,0.981590758200786,1.12046895173025,2212.94406666667,1274,806
-2.9805779003831,0.977647187601732,1.12262005125913,2212.97743333333,1274,806
-2.96379227209315,0.972177403551741,1.12493528633739,2213.0108,1274,806
-2.58930096198946,0.821844037325819,1.09995554951644,2213.8116,1276,806
-2.57710904111978,0.816040814244551,1.10044347273471,2213.84496666667,1276,806
-2.56066781624464,0.809009250687274,1.10239995898348,2213.87833333333,1276,806
-2.54487659808964,0.795685467638862,1.10399434670732,2213.9117,1276,806
-2.52544970236186,0.779861838938077,1.10391709975216,2213.94506666667,1276,806
-2.4993828703314,0.761657012736554,1.10211154996142,2213.97843333333,1276,806
-2.05158155697596,0.220400650550465,1.09860017379008,2214.7125,1281,806
-2.03607521216978,0.194768378175196,1.10276002920954,2214.74586666667,1281,806
-2.01831674834613,0.167375965943386,1.10824291228382,2214.77923333333,1281,806
-2.00261609240607,0.138984104847648,1.1147213092378,2214.8126,1281,806
-1.98220128950039,0.109944176385794,1.11854373442878,2214.84596666667,1281,806
-1.96858050853119,0.0791327402197548,1.12253102384467,2214.87933333333,1281,806
-1.58418604223515,-0.402179381064259,1.05756719363765,2215.47993333333,1282,806
-1.56877380479434,-0.428173631579989,1.05512408267886,2215.5133,1282,806
-1.54537187756833,-0.453973507778341,1.04929835473823,2215.54666666667,1282,806
-1.52500334756986,-0.479576104339815,1.04244604529476,2215.58003333333,1282,806
-1.49934883444417,-0.502777239015496,1.03469108974879,2215.6134,1282,806
-1.48008908166035,-0.526357440312195,1.02844979624002,2215.64676666667,1282,806
-1.04896441318644,1.56062155668554,0.755126785433804,2206.57103333333,1246,807
-1.04811812394983,1.56028920109901,0.754785202576358,2206.6044,1246,807
-1.04823143019376,1.56024622959106,0.754815297001271,2206.63776666667,1246,807
-1.04862472595376,1.56083145883957,0.755019001401479,2206.67113333333,1246,807
5.2166119983183,1.64502960431347,-0.030130626890736,2207.1049,1247,808
5.23789365655552,1.65382360607256,-0.0202820799823855,2207.13826666667,1247,808
-1.03636113091915,1.75340958136655,0.630255191500487,2207.93906666667,1249,809
-1.03188308780317,1.77067523117999,0.622420094369812,2207.97243333333,1249,809
-1.03163556791922,1.79163209402664,0.613936887365805,2208.0058,1249,809
-1.03006867915514,1.81276694185527,0.606475681346254,2208.03916666667,1249,809
-0.919020128176016,1.95745406832377,0.52753455656638,2208.77323333333,1252,809
-0.916997332346275,1.95487544299617,0.526407246047037,2208.8066,1252,809
-0.915572908117826,1.95251744771908,0.523897940275033,2208.83996666667,1252,809
-0.910809494909473,1.95232009860682,0.523720299316662,2208.87333333333,1252,809
-0.906878235873698,1.95314017124905,0.525514806955728,2208.9067,1252,809
-0.86372988698473,1.9870823384575,0.580212915714361,2209.77423333333,1259,809
-0.863822528484483,1.99206723761656,0.579376418178296,2209.8076,1259,809
-0.86225004060367,1.99643308383647,0.578376240626628,2209.84096666667,1259,809
-1.34411150633041,1.70171129935941,0.790572066378144,2210.5083,1264,809
-1.33641328940433,1.69738562558249,0.790812265535846,2210.54166666667,1264,809
-1.33314478325553,1.69118282113057,0.789179066234118,2210.57503333333,1264,809
-1.32970301872131,1.68394050431541,0.78748580290623,2210.6084,1264,809
-2.47176051887693,4.52800573969143,1.19671330172916,2208.3061,1251,810
-2.4632552250832,4.52536506825223,1.20081467267147,2208.33946666667,1251,810
-2.03703626750317,4.44375170123017,1.25957526477874,2209.27373333333,1256,810
-2.02411785979676,4.4438176849412,1.26486285179311,2209.3071,1256,810
-2.01343716673434,4.44716309561544,1.26902380690719,2209.34046666667,1256,810
5.98851117328258,7.87622125122467,3.18141657460913,2208.9067,1254,811
6.48558380654083,0.202496728044547,-0.310653139058507,2209.207,1255,812
6.62353993519926,0.646858055169586,-0.110691605115601,2210.1079,1260,812
6.62766123731395,0.647006379962928,-0.0979837150350491,2210.14126666667,1260,812
6.63727058475261,0.646920880778334,-0.0838013079195117,2210.17463333333,1260,812
5.41525080600354,1.4056203959253,0.0323381018523411,2209.44056666667,1257,813
2.77309648029443,4.18791678754177,0.616396314066945,2210.24136666667,1261,814
2.79999781117406,4.17983877819638,0.611213917153452,2210.27473333333,1261,814
-1.49228256284476,4.44316688300847,1.25142598863687,2210.34146666667,1262,815
-1.48051271369741,4.44256356093352,1.25726459831553,2210.37483333333,1262,815
-1.46467532727632,4.43838472178986,1.2626635626815,2210.4082,1262,815
-1.44947477720376,4.44014291935324,1.26663234692006,2210.44156666667,1262,815
-1.4191820443387,4.42254987301212,1.26658921454374,2210.47493333333,1262,815
-1.40469069057215,4.42773777737948,1.26949478664607,2210.5083,1262,815
-0.667866711067447,3.82765860860222,1.09284738941293,2211.47593333333,1268,815
-0.652713962941318,3.80580311064748,1.08796909142281,2211.5093,1268,815
-0.630083108116858,3.77157559299903,1.08149667828634,2211.54266666667,1268,815
-0.611513017812223,3.74342733770365,1.07659886501136,2211.57603333333,1268,815
-0.590846098982236,3.71386961213274,1.07011228808803,2211.6094,1268,815
-0.571884481783835,3.68486262751914,1.06341663622876,2211.64276666667,1268,815
-0.550822942246363,3.65291226008296,1.05595716331076,2211.67613333333,1268,815
-0.532511711929998,3.62542863222847,1.04740659241584,2211.7095,1268,815
5.13584037460065,1.26334335650813,0.203324960995094,2211.14226666667,1265,816
5.13536242472583,1.26839570092238,0.205832411588388,2211.17563333333,1265,816
5.12914046245845,1.2839114825048,0.208554060208142,2211.24236666667,1266,816
5.13774800082492,1.43086358474306,0.436387517266322,2212.21,1271,816
5.15523950101784,1.42180317223063,0.440143002573405,2212.24336666667,1271,816
5.16452353868238,1.41066506009893,0.442831597040811,2212.27673333333,1271,816
-0.846907669374677,1.61210157399059,0.978537040299331,2211.97643333333,1269,817
-0.830122025907513,1.60675466204405,0.980642159199535,2212.0098,1269,817
-0.812486217934906,1.60394413536976,0.982116286688607,2212.04316666667,1269,817
-0.790537323852647,1.60238074856861,0.981237537424709,2212.07653333333,1269,817
-0.768104092097455,1.60296346231201,0.979116279642334,2212.1099,1269,817
-0.747838848536371,1.60067746405635,0.977770311189557,2212.14326666667,1269,817
-0.730439973684631,1.59741876065902,0.976727682015478,2212.17663333333,1269,817
-0.00174707564526444,2.71954628800635,0.964913022604976,2212.6104,1272,818
0.0194907410884131,2.68919045388164,0.964742229359246,2212.64376666667,1272,818
0.0448191240763294,2.65541581343238,0.965624581011479,2212.67713333333,1272,818
-0.158045575008538,1.72617428917191,0.815505511403332,2213.4112,1275,818
-0.14849404451031,1.72320160490764,0.80884039237118,2213.44456666667,1275,818
-0.137802198070231,1.72142313094475,0.801422244342894,2213.47793333333,1275,818
-0.126996404224648,1.71904416208571,0.794825981724483,2213.5113,1275,818
-0.115462962822072,1.71604442090787,0.788959190984756,2213.54466666667,1275,818
-0.104192673130741,1.71123925121317,0.783609182787628,2213.57803333333,1275,818
-0.0939269678964388,1.70561222415265,0.778230339769908,2213.6114,1275,818
0.230304638012193,1.72461816768122,0.742779160190679,2214.47893333333,1278,818
0.242807039877187,1.7298512222177,0.745420743305652,2214.5123,1278,818
0.257143555712521,1.73904258885316,0.749530448235223,2214.54566666667,1278,818
0.249431127913522,2.33241746828207,0.833296869694515,2214.57903333333,1279,818
0.257849891186017,2.33587060865903,0.836340700201466,2214.6124,1279,818
3.11746873386376,4.52154246439555,0.461724734527094,2212.87733333333,1273,819
3.10497817211822,4.52171665107148,0.462340155579179,2212.9107,1273,819
5.05122966362845,0.94752476265621,0.403620894211878,2214.34546666667,1277,820
5.04896363680697,0.942440005223799,0.393997369017085,2214.37883333333,1277,820
5.05555111946521,0.933609014064581,0.38179122570759,2214.4122,1277,820
5.04507900678192,0.931001255967039,0.373296541288137,2214.44556666667,1277,820
5.04453793176139,0.922709670339409,0.364307980547912,2214.47893333333,1277,820
0.123404308948431,0.0156127995646616,0.651559082598109,2214.57903333333,1280,821
0.130463881356478,-0.0532746667209955,0.648926570932282,2214.6124,1280,821
4.90445435181132,1.17167598077943,0.454541540218118,2215.5133,1283,822
4.90640022462064,1.18039503614442,0.467655224697697,2215.54666666667,1283,822
4.89202740082563,1.18425433231148,0.48035030593577,2215.58003333333,1283,822
4.89048791028302,1.18327893020182,0.493017536817212,2215.6134,1283,822
4.87870758767499,1.17803933974147,0.505347009489834,2215.64676666667,1283,822
-0.792936151883409,2.07409331780867,0.641268312734421,2215.94706666667,1284,823
-0.792271693260877,2.07804126219145,0.642468737029597,2215.98043333333,1284,823
0.0205616736495562,-0.230073126618793,0.442282865154454,2216.04716666667,1285,824
0.0122583330064326,-0.23107600287088,0.44461382372203,2216.08053333333,1285,824
0.00294483777489107,-0.233546085596729,0.446513874908606,2216.1139,1285,824
-0.00225095021464061,-0.236203945586248,0.44787060816776,2216.14726666667,1285,824
-0.00581718415936039,-0.238017291667328,0.449652426766781,2216.18063333333,1285,824
-0.00692767221701318,-0.236892289614092,0.45026195185104,2216.214,1285,824
-0.857032988304171,-1.09239459823578,0.775375777633821,2216.64776666667,1286,825
-0.837285293135493,-1.10171607559465,0.767267235992653,2216.68113333333,1286,825
-0.822839899684854,-1.11944472945817,0.760538106113884,2216.7145,1286,825
-0.806541936763518,-1.13135908999251,0.754130066941253,2216.74786666667,1286,825
-0.792634768609232,-1.14648705836317,0.746968238284378,2216.78123333333,1286,825
-0.776517958188833,-1.15962525940618,0.740076278761801,2216.8146,1286,825
-0.393867031495295,-1.33765763023208,0.548954337751855,2217.54866666667,1290,825
-0.386942448630982,-1.3310990775938,0.541364784233371,2217.58203333333,1290,825
-0.376741020034793,-1.31712145277592,0.532701340636337,2217.6154,1290,825
-0.365844682106445,-1.29701560323078,0.527504980449727,2217.64876666667,1290,825
-0.299005515966046,-1.06915592191371,0.424070566730631,2218.34946666667,1293,825
-0.294389636483225,-1.05574424313292,0.423788881849259,2218.38283333333,1293,825
-0.294534342490944,-1.04936290894443,0.422659282196621,2218.4162,1293,825
-0.293720022040825,-1.04117038094859,0.419573892660198,2218.44956666667,1293,825
-0.32211152487615,-0.739153539521525,0.376169407246225,2219.08353333333,1296,825
-0.327855373531146,-0.727883931929404,0.372358147287054,2219.1169,1296,825
-0.333572172001933,-0.715819486936023,0.369227929817576,2219.15026666667,1296,825
-0.31174025259576,-0.382197192901472,0.306528002632666,2219.78423333333,1297,825
-0.313473307137679,-0.365839298606362,0.305989114659385,2219.8176,1297,825
-0.317424952281827,-0.352320992997573,0.306152585456518,2219.85096666667,1297,825
-0.427156448809247,-0.0757292100184259,0.274130415403061,2220.4182,1299,825
-0.431956651301992,-0.064028481863976,0.274809790211859,2220.45156666667,1299,825
-0.437742597527867,-0.0544147141755622,0.276032509643702,2220.48493333333,1299,825
-0.442161005784623,-0.0448485214073604,0.277038457208646,2220.5183,1299,825
-0.402553541582318,0.0584199163910104,0.269506374940687,2221.18563333333,1303,825
-0.396842697159021,0.0639613144756799,0.266978293306507,2221.219,1303,825
-0.389347890110928,0.0692657495093044,0.265072754275096,2221.25236666667,1303,825
-0.387375834219446,0.0693403835452319,0.263258452353735,2221.28573333333,1303,825
-0.327225287564351,0.0764476496286914,0.279497245486639,2221.65276666667,1308,825
-0.325624791722369,0.0792472546945165,0.288444444985968,2221.68613333333,1308,825
-0.322554757183097,0.0849232100371812,0.296800892056228,2221.7195,1308,825
-0.318119747771242,0.0906742213020927,0.3048618989215,2221.75286666667,1308,825
-0.186619066692188,0.194251320012764,0.372269986699043,2222.3201,1312,825
-0.178585184519014,0.196199301953758,0.382070089814317,2222.35346666667,1312,825
-0.171615338608791,0.198051823092832,0.392567009074499,2222.38683333333,1312,825
-0.165425980131411,0.200099092352315,0.402406886050257,2222.4202,1312,825
-0.159744267894372,0.202580919905851,0.410936803235776,2222.45356666667,1312,825
0.0198329593710007,0.677974712416314,0.654871652235316,2222.48693333333,1314,825
0.109638027255462,0.244770612613446,0.441854810219972,2223.05416666667,1316,825
0.125486600402421,0.248595818857969,0.441024688149835,2223.08753333333,1316,825
0.144042903161592,0.252362016193346,0.440411518896234,2223.1209,1316,825
0.165354961929283,0.256341070322323,0.439708445545128,2223.15426666667,1316,825
0.185090420789167,0.258849083275631,0.43766057932494,2223.18763333333,1316,825
0.206021718400749,0.261951457327863,0.435729052511267,2223.221,1316,825
0.227645727974935,0.263349769133036,0.432021953030888,2223.25436666667,1316,825
0.24851991449029,0.268911299293529,0.429593852527714,2223.28773333333,1316,825
0.844480376151671,0.706149824732081,0.637403356812385,2216.84796666667,1287,826
1.14248285537731,0.666466771554481,0.624039023476839,2216.88133333333,1288,826
4.76507104185767,1.14727007744773,0.419944936681781,2216.9147,1289,827
4.75246886548257,1.1546579590854,0.418810166136067,2216.94806666667,1289,827
4.73882405028015,1.1624368211308,0.416354441525173,2216.98143333333,1289,827
0.730888989700127,2.35456725192327,0.875207436652247,2217.84896666667,1291,828
0.743450752634909,2.37267456212443,0.882274737525858,2217.88233333333,1291,828
0.759725935571432,2.39019237951841,0.89092140495068,2217.9157,1291,828
0.775158825759691,2.40551449667451,0.898969801655534,2217.94906666667,1291,828
0.790444485373746,2.41364845563399,0.904753069490062,2217.98243333333,1291,828
0.804254243433794,2.43070628507378,0.912274514379004,2218.0158,1291,828
1.13445836667966,2.76960085201695,1.01566223014567,2218.98343333333,1294,828
1.14435910073781,2.78243536862581,1.01772103666195,2219.0168,1294,828
1.15529776719444,2.79578363798393,1.02070085408164,2219.05016666667,1294,828
1.16578810547158,2.80886348803919,1.0238375177516,2219.08353333333,1294,828
1.17425173967277,2.82074966041405,1.02663512579083,2219.1169,1294,828
1.18290731234843,2.83284646854795,1.03066463344848,2219.15026666667,1294,828
4.40883046943735,1.33067377505586,0.269618791214355,2218.04916666667,1292,829
4.39739217519348,1.3385100117965,0.273417714652159,2218.08253333333,1292,829
4.39125675885458,1.34525402475463,0.277877679251089,2218.1159,1292,829
4.37960206928629,1.35228231516903,0.279779975284427,2218.14926666667,1292,829
4.36275681138358,1.36064689740237,0.285956750929228,2218.18263333333,1292,829
4.11211150293668,1.61637535484245,0.467925038237552,2219.05016666667,1295,829
4.09324396375846,1.62480590959743,0.476049750125531,2219.08353333333,1295,829
4.08077462396373,1.6319816230045,0.483742589464401,2219.1169,1295,829
4.06650711593762,1.63722552655044,0.491759784812417,2219.15026666667,1295,829
1.58095028068386,3.23021991493354,1.03093445502889,2220.28473333333,1298,830
1.5914097243615,3.2470704045739,1.03190231747465,2220.3181,1298,830
1.6010382527962,3.26384157429859,1.03335359064335,2220.35146666667,1298,830
1.6097736253098,3.27876531785762,1.03394414087705,2220.38483333333,1298,830
3.78285209839593,1.79143775701485,0.421779738626165,2220.48493333333,1300,831
3.7723153908826,1.79514848638386,0.415771055797698,2220.5183,1300,831
3.76155745408428,1.80215917908933,0.410210704546211,2220.55166666667,1300,831
3.74952700201466,1.80964992418783,0.406542239617457,2220.58503333333,1300,831
3.42320930401444,2.01082479606962,0.635083604074851,2221.4192,1305,831
3.42557746602878,2.01891065127625,0.644107918302866,2221.45256666667,1305,831
3.42615865493112,2.02854251601328,0.653611561606812,2221.48593333333,1305,831
3.42663477670062,2.0388204024838,0.662092620188304,2221.5193,1305,831
3.42196224225912,2.04800659870814,0.670931677957835,2221.55266666667,1305,831
-0.789332476724626,-0.11616536363014,1.19238625267508,2220.5183,1301,832
-0.790944961437189,-0.101430417382669,1.19809753488865,2220.55166666667,1301,832
-0.791249938151469,-0.0882889892679392,1.2038704651024,2220.58503333333,1301,832
-0.793381530825429,-0.0770416021008087,1.2108138663894,2220.6184,1301,832
-0.792234926834605,-0.0639297712744843,1.21492010616416,2220.65176666667,1301,832
-0.790157010773011,-0.0508614202913171,1.21654494886493,2220.68513333333,1301,832
4.54661373802612,6.14964938882396,0.59909788757062,2220.55166666667,1302,833
4.56059845631913,6.13682659699391,0.592989530160475,2220.58503333333,1302,833
4.59600163646746,5.51548024491119,0.516178242387099,2221.45256666667,1306,833
4.59768773766959,5.49256206128986,0.51805619616656,2221.48593333333,1306,833
4.59415872577934,5.46130303914521,0.518248754327168,2221.5193,1306,833
4.59266662880716,5.43511457127879,0.521889158780621,2221.55266666667,1306,833
4.58822633543029,5.40362646825839,0.523272566572159,2221.58603333333,1306,833
4.33783479316237,4.57219857032355,0.532617817101424,2222.45356666667,1313,833
4.31767240945685,4.55174853061139,0.540010073281766,2222.48693333333,1313,833
4.30856110166894,4.53731270615064,0.546163191053331,2222.5203,1313,833
4.29280707174084,4.52111735148742,0.55267373945184,2222.55366666667,1313,833
-0.859230128594154,1.98195412923531,0.631026469119126,2221.28573333333,1304,834
-0.862346428301041,1.98641532398403,0.632570412345822,2221.3191,1304,834
-0.794128278799588,1.81289295186169,0.666045413885898,2222.28673333333,1310,834
-0.795641483371615,1.8053012838328,0.666895784761138,2222.3201,1310,834
-0.819222970280164,1.67422365002624,0.738064936777504,2223.25436666667,1318,834
-0.814819595264391,1.6719183100578,0.737143147565499,2223.28773333333,1318,834
-0.811306246690645,1.67033481945088,0.736415671856475,2223.3211,1318,834
-0.808415395582809,1.66812152571151,0.736286718914593,2223.35446666667,1318,834
1.77159260519043,3.75112958765003,0.828971325179457,2221.5193,1307,835
1.77416060118924,3.76601565048374,0.820929438326446,2221.55266666667,1307,835
1.77958279863425,3.78318194928209,0.812401013580268,2221.58603333333,1307,835
6.6573298728268,2.63901789114262,0.038203642560966,2222.25336666667,1309,836
6.65337725456533,2.61115206917257,0.0511128457162651,2222.28673333333,1309,836
6.42516944555235,1.97447600236794,0.0672453241938087,2223.05416666667,1317,836
6.38377931886113,1.9822521643786,0.0849006085479141,2223.08753333333,1317,836
6.34209419391953,1.99133696313667,0.104819770755658,2223.1209,1317,836
6.31734308823466,2.00129168391433,0.125974611434357,2223.15426666667,1317,836
6.29826007940536,2.01382737447263,0.14607145054976,2223.18763333333,1317,836
-1.02900175817938,0.63477641620416,1.21013949742921,2222.28673333333,1311,837
-1.02711436358695,0.65086883415721,1.20919934814203,2222.3201,1311,837
-1.02902800673934,0.667461996005457,1.20818924094852,2222.35346666667,1311,837
-1.02868844018414,0.682151182759164,1.20637768960157,2222.38683333333,1311,837
-1.02951138947253,0.693899692965886,1.2032273800104,2222.4202,1311,837
-1.02951454003621,0.705560564636662,1.19891029315032,2222.45356666667,1311,837
1.95684599334039,4.54421598688324,1.06191867874967,2223.0208,1315,838
2.56928693039587,2.98537051575149,0.60480785235798,2225.08953333333,1319,839
2.55387221156142,2.96317180085385,0.601173620544105,2225.1229,1319,839
2.53886964741838,2.939802620741,0.598389484065644,2225.15626666667,1319,839
2.52114223359318,2.91714140061751,0.596225325546621,2225.18963333333,1319,839
2.51115576795138,2.8989983504575,0.592920665250888,2225.223,1319,839
2.49687844070337,2.87969514158612,0.590644748431507,2225.25636666667,1319,839
2.48774420200414,2.86282189668605,0.587626397394715,2225.28973333333,1319,839
2.48495398976167,2.84707840025172,0.584595298267986,2225.3231,1319,839
2.36890411783877,2.55278997672689,0.689404597813471,2226.1239,1327,839
2.356473750458,2.53760812044321,0.697864892476598,2226.15726666667,1327,839
2.34542051973394,2.52145523304859,0.708839590394859,2226.19063333333,1327,839
2.33423504382479,2.50740272745122,0.720960443027728,2226.224,1327,839
2.32382823691788,2.49343592970038,0.732994459501423,2226.25736666667,1327,839
2.31214334728344,2.48060509606004,0.743846150338446,2226.29073333333,1327,839
2.30309495387721,2.46663066107531,0.753632294560705,2226.3241,1327,839
2.29620186470822,2.45154200456417,0.762233706239517,2226.35746666667,1327,839
2.29423930816412,2.4356692788725,0.769996785935314,2226.39083333333,1327,839
4.71514931027755,1.08162169779522,0.934495320583845,2225.25636666667,1320,840
4.72848501258195,1.11225264376114,0.931955558896737,2225.28973333333,1320,840
4.74302335023029,1.14040828746336,0.93459526460826,2225.3231,1320,840
4.75984846243899,1.17029795577144,0.943377989207374,2225.35646666667,1320,840
4.76602964892937,1.19134892716039,0.955881252431011,2225.38983333333,1320,840
4.77546670653032,1.20635930290733,0.969308350884839,2225.4232,1320,840
4.67615018865688,1.44474331243903,1.14951132047702,2226.224,1328,840
4.66323849101286,1.45335112087024,1.15475320382778,2226.25736666667,1328,840
4.65786028445744,1.46107149744466,1.15893496571886,2226.29073333333,1328,840
4.64702313342162,1.46899311594303,1.16098772903175,2226.3241,1328,840
4.63467782300424,1.4773175510554,1.16400327946363,2226.35746666667,1328,840
1.39999918681496,0.433922828187359,0.52856678660011,2225.35646666667,1321,841
1.41815236975494,0.438002219568505,0.529351806227821,2225.38983333333,1321,841
1.4391780887123,0.442670005722532,0.530777130987389,2225.4232,1321,841
1.45977920195927,0.44612597812931,0.532263446711513,2225.45656666667,1321,841
1.48033679535043,0.4483138319271,0.532112283590271,2225.48993333333,1321,841
1.50310766038139,0.447159586604069,0.529780999121487,2225.5233,1321,841
1.52206035571916,0.447074450753923,0.526168694796033,2225.55666666667,1321,841
1.87779385353996,0.67253313265032,0.425738067430738,2226.1239,1326,841
1.88797819942094,0.685199671364548,0.423616215872533,2226.15726666667,1326,841
1.90190621761422,0.697101730764422,0.420492128289644,2226.19063333333,1326,841
1.91667183582713,0.707465997180121,0.416383127099484,2226.224,1326,841
1.92981972705685,0.717210731477616,0.413007584905544,2226.25736666667,1326,841
1.94485971408978,0.727742556001436,0.40792322428069,2226.29073333333,1326,841
2.28635044091326,0.985434769313916,0.367830184092112,2226.9247,1331,841
2.3063351708027,0.999722371151375,0.375202083864634,2226.95806666667,1331,841
2.32739713698069,1.01170233103781,0.381880934111443,2226.99143333333,1331,841
2.35070319618011,1.02266400539145,0.38825666371922,2227.0248,1331,841
2.3737816661951,1.03394126810837,0.39526770650261,2227.05816666667,1331,841
2.39438122860044,1.04224588502255,0.400241317833981,2227.09153333333,1331,841
-1.3310668426638,1.82069227420678,0.907661934528133,2225.55666666667,1322,842
-1.33093254529949,1.83100998185607,0.908206482773248,2225.59003333333,1322,842
-0.334484292731241,2.00541748134011,0.585986021919816,2225.59003333333,1323,842
-1.32674818519352,1.84301445835662,0.909382691074791,2225.6234,1322,842
-0.321318994683622,2.00546542603306,0.587380171592921,2225.6234,1323,842
-1.31884041210665,1.85516621688447,0.908757261373274,2225.65676666667,1322,842
-0.310767094503859,2.00553287233703,0.589292722773516,2225.65676666667,1323,842
-1.31796177312873,1.86459488674479,0.909225736082057,2225.69013333333,1322,842
-0.300362407330012,2.0056388598731,0.592523895119108,2225.69013333333,1323,842
-0.288328843195979,2.00562038298575,0.597703956649145,2225.7235,1323,842
-0.276478577552855,2.00764482668648,0.602953809466248,2225.75686666667,1323,842
0.0956056908234086,2.11732621620061,0.661800321384224,2226.59103333333,1329,842
0.109172020520134,2.11321068844514,0.657233342386158,2226.6244,1329,842
0.122713723739,2.10683548741614,0.652013905284637,2226.65776666667,1329,842
-1.18784111664466,2.09732833997387,0.967739537415547,2226.65776666667,1330,842
0.136675195538674,2.10125030865142,0.648335203941351,2226.69113333333,1329,842
-1.19654037708863,2.10284799920982,0.973746428766536,2226.69113333333,1330,842
-1.20316495188072,2.1078124940867,0.979808279310007,2226.7245,1330,842
-1.20721532726643,2.11356344035017,0.984349945196476,2226.75786666667,1330,842
3.72012456418039,2.61941548509612,2.29881045298242,2226.0238,1324,843
3.72969164870377,2.62225086331148,2.30190494615198,2226.05716666667,1324,843
3.74032611983062,2.62571087275657,2.30534988272084,2226.09053333333,1324,843
3.74411886084928,2.62468217267052,2.30906037746362,2226.1239,1324,843
2.53702437631953,4.382846041501,1.41370031897377,2226.05716666667,1325,844
2.544993344522,4.37894574428039,1.4076925351241,2226.09053333333,1325,844
2.55110604619335,4.37297543900598,1.39962845705811,2226.1239,1325,844
2.55766088451561,4.36844110540047,1.38857927132828,2226.15726666667,1325,844
2.56013271288576,4.36376764210681,1.37928000472422,2226.19063333333,1325,844
2.56901791725135,4.36683298792929,1.3656581045782,2226.224,1325,844
2.02062477270577,2.44035902565985,0.716710012474082,2228.49293333333,1332,845
2.01574845223762,2.45320145926403,0.716776620861043,2228.5263,1332,845
2.01321351636762,2.46584739029651,0.716574853686965,2228.55966666667,1332,845
2.0084775113697,2.47713671321685,0.716686758681383,2228.59303333333,1332,845
2.00453908986165,2.48751271872645,0.716560806669563,2228.6264,1332,845
2.00133073053291,2.49821860127601,0.717491807181992,2228.65976666667,1332,845
2.00176232801696,2.5094285511724,0.719397082700013,2228.69313333333,1332,845
2.00093388666159,2.52099378488626,0.719585793467435,2228.7265,1332,845
1.96958779369716,2.70425376487001,0.63373684368991,2229.6274,1339,845
1.96511161541816,2.71332361691369,0.628477352139376,2229.66076666667,1339,845
1.9587058088414,2.72323286779367,0.623198770082406,2229.69413333333,1339,845
1.95290545934182,2.73332236762814,0.618801643598176,2229.7275,1339,845
1.94853115742128,2.74172602703931,0.615803152074613,2229.76086666667,1339,845
1.94303083052956,2.74734438195311,0.612204171456134,2229.79423333333,1339,845
1.93756448262533,2.75051407124096,0.610250210988942,2229.8276,1339,845
0.158324983759979,1.86564873235724,0.781199869183416,2228.65976666667,1333,846
0.147679002126715,1.86620002990202,0.779783423402758,2228.69313333333,1333,846
0.136558664957059,1.86519231536048,0.777612117201246,2228.7265,1333,846
0.126317762410824,1.86420724743214,0.77538610156419,2228.75986666667,1333,846
0.118090080739,1.86316563682319,0.773084939693525,2228.79323333333,1333,846
0.110012866352267,1.86192884100099,0.771065336896085,2228.8266,1333,846
0.101411521412084,1.86005686580433,0.768693132655408,2228.85996666667,1333,846
-0.0117756360103701,1.69183986657761,0.625943211061986,2229.7275,1340,846
-0.0114523933111907,1.67515929827179,0.619462783870633,2229.76086666667,1340,846
-0.0111660662917155,1.65730967249564,0.612740319676437,2229.79423333333,1340,846
-0.0107300528305839,1.64386196401723,0.606477085165533,2229.8276,1340,846
-0.01106998549065,1.6322754679791,0.599105328314615,2229.86096666667,1340,846
-0.0112135060636542,1.62428865487468,0.592762910338215,2229.89433333333,1340,846
3.82323631691327,1.54026084415061,0.457094471841589,2228.8266,1334,847
3.84826050493325,1.54410529158968,0.448991404530051,2228.85996666667,1334,847
4.44074500571609,1.45964948651757,0.247043102821876,2229.59403333333,1338,847
3.86416864410898,2.63992563269942,2.04503613452351,2228.99343333333,1335,848
3.86536924721569,2.64371723600043,2.0425176869511,2229.0268,1335,848
3.86196652760624,2.64572083827869,2.04238154014679,2229.06016666667,1335,848
3.82574244892981,2.5902996560132,2.08920417466463,2229.89433333333,1341,848
3.82893358274908,2.57926419723367,2.09616333302514,2229.9277,1341,848
3.82598754069162,2.56730168440579,2.09883785559882,2229.96106666667,1341,848
-0.917069454319807,2.81705621384158,0.997932956138939,2229.09353333333,1336,849
-0.904260433829339,2.81798769803161,0.999434071343214,2229.1269,1336,849
-0.889748995205646,2.81616107678294,1.00232381645538,2229.16026666667,1336,849
-0.879394345730613,2.81406893997609,1.00435715202563,2229.19363333333,1336,849
-0.8648966134731,2.81067740319391,1.00236435326623,2229.227,1336,849
-0.856789538883144,2.81094287826744,0.999061877630287,2229.26036666667,1336,849
4.08628132813564,0.081670519555202,1.55265095349394,2229.36046666667,1337,850
4.11642440573961,0.018467277218898,1.55328769968924,2229.39383333333,1337,850
4.12285860066719,-0.0303856796776814,1.55060623870489,2229.4272,1337,850
4.14517509085136,-0.0900307252300852,1.55182346713907,2229.46056666667,1337,850
3.36125823242884,4.63638408104947,0.974519988434143,2230.1279,1342,851
3.36038248046878,4.64040771983402,0.964543764257647,2230.16126666667,1342,851
3.35671340567577,4.64116141989274,0.95896851271646,2230.19463333333,1342,851
3.35634182901995,4.6442476542796,0.952693400472246,2230.228,1342,851
1.69208033782496,3.02196193874642,0.491791560482507,2231.3291,1343,852
1.68291969142501,3.03646767563374,0.495502827221353,2231.36246666667,1343,852
1.67627040430044,3.0496628114186,0.498946332137478,2231.39583333333,1343,852
1.67086639105257,3.06103668929985,0.503006168749064,2231.4292,1343,852
1.66965652971842,3.07268236078282,0.506945937763244,2231.46256666667,1343,852
1.66126609421934,3.07707865692547,0.511622220639832,2231.49593333333,1343,852
1.6591493653507,3.08479699855506,0.513086748427204,2231.5293,1343,852
1.61517761727664,3.34198894151235,0.504533610093485,2232.36346666667,1349,852
1.61023014653022,3.34799749156334,0.506420305680819,2232.39683333333,1349,852
1.61010846070297,3.35921640206271,0.507222988209489,2232.4302,1349,852
1.61037207528247,3.37173860759872,0.507681085924935,2232.46356666667,1349,852
1.61185989213397,3.38595048731204,0.508206622173727,2232.49693333333,1349,852
1.61109882734383,3.39309166935602,0.513196230151638,2232.5303,1349,852
1.62078201310642,3.40531483563659,0.518238585444795,2232.56366666667,1349,852
4.77648199656467,1.44071069258702,0.0557406608048174,2231.39583333333,1344,853
4.76563437992548,1.44599170284036,0.050719891744489,2231.4292,1344,853
4.75673702664677,1.4504239149436,0.0464108978752813,2231.46256666667,1344,853
4.7507943659743,1.45654037566031,0.03964222478184,2231.49593333333,1344,853
4.82479923159719,1.53199717444127,0.202053112449643,2232.26336666667,1348,853
4.83507596020367,1.53068826680002,0.213698516017812,2232.29673333333,1348,853
4.90663915909113,1.46395247149454,0.311652248546788,2233.1309,1352,853
4.90874285514247,1.45830400274953,0.315510151065346,2233.16426666667,1352,853
4.90256087912146,1.45547536387101,0.321131233784704,2233.19763333333,1352,853
4.91341130023685,1.45027609334631,0.326627408376944,2233.231,1352,853
-0.388412503125637,1.34628786507194,0.635596082797258,2231.4292,1345,854
-0.406189823438365,1.34380463473755,0.635759529801146,2231.46256666667,1345,854
-0.424987343421367,1.33895223913386,0.638051304043019,2231.49593333333,1345,854
-0.448376784805606,1.33797118164549,0.643338695723849,2231.5293,1345,854
-0.466758920665259,1.34030837113522,0.648964084231617,2231.56266666667,1345,854
-1.04965694353732,1.27983113941114,0.797873946205655,2232.46356666667,1350,854
-1.07839058114848,1.27440365083097,0.801666929774403,2232.49693333333,1350,854
-1.1054927234793,1.26733291543299,0.806904924477059,2232.5303,1350,854
-1.13050389089419,1.26597180215981,0.813176874459193,2232.56366666667,1350,854
1.2726007559776,3.32023398691009,3.14506148588119,2231.79623333333,1346,855
1.26975945560107,3.30921133427482,3.14643704736599,2231.8296,1346,855
1.26629621166027,3.29679681101667,3.14560696839501,2231.86296666667,1346,855
1.26222968374935,3.2859373059885,3.14639247998957,2231.89633333333,1346,855
1.25564754642199,3.27182725728995,3.14160743864747,2231.9297,1346,855
1.25084015223801,3.2601958025254,3.1406006888973,2231.96306666667,1346,855
-0.876352320718274,3.08042319698232,0.979974710777474,2232.0298,1347,856
-0.879892155776598,3.07774219451332,0.979531896787691,2232.06316666667,1347,856
-0.880985452062547,3.07667282742697,0.978071419229828,2232.09653333333,1347,856
-0.882380421112789,3.08075788950249,0.975453006408146,2232.1299,1347,856
-0.880858719480396,3.08367283147134,0.971577951454018,2232.16326666667,1347,856
1.00500952049857,2.73967462943012,2.41509002965601,2233.0308,1351,857
0.996120472570241,2.7231077693542,2.38703838135947,2233.06416666667,1351,857
0.986179514165215,2.70381355097418,2.35559339805186,2233.09753333333,1351,857
0.97676963908631,2.68446621370931,2.32316676768594,2233.1309,1351,857
0.965385960992559,2.66628063900004,2.29009922213605,2233.16426666667,1351,857
0.953314852094197,2.65024212393582,2.25682203900684,2233.19763333333,1351,857
0.939083366848954,2.63481386318461,2.2226904769538,2233.231,1351,857
0.924024571561005,2.62084305644376,2.19018790960763,2233.26436666667,1351,857
0.375452231959679,2.48541195998488,1.65799440771906,2233.9317,1355,857
0.35400981470575,2.48794354391693,1.64114351582424,2233.96506666667,1355,857
0.328849628004673,2.49311212304462,1.62083102321859,2233.99843333333,1355,857
0.306533124238575,2.49886779716322,1.6002061317443,2234.0318,1355,857
0.28767034235796,2.50570190877861,1.57841788801103,2234.06516666667,1355,857
0.271400125820467,2.51253071690095,1.55587944125613,2234.09853333333,1355,857
0.258629779463842,2.51890529679789,1.53325280357467,2234.1319,1355,857
4.81796734076416,4.87683965636171,0.516167435216105,2233.26436666667,1353,858
4.83983786747754,4.86609717564403,0.502487334562723,2233.29773333333,1353,858
1.57552897275125,3.62953346597052,0.493560642156142,2233.76486666667,1354,859
1.56793858920554,3.63550030723194,0.491797740191295,2233.79823333333,1354,859
1.56259198894198,3.64395288981283,0.489977431094918,2233.8316,1354,859
1.55488923488957,3.65287230260599,0.489542512209492,2233.86496666667,1354,859
1.54524509798161,3.65477105827096,0.493606460621345,2233.89833333333,1354,859
1.54126772144963,3.65837394039398,0.499551033462357,2233.9317,1354,859
1.54115158984913,3.65907722434773,0.505119779211494,2233.96506666667,1354,859
1.440752018954,3.8361579127061,0.5487138722939,2234.56566666667,1357,859
1.4311366922318,3.85082245731114,0.553357756303054,2234.59903333333,1357,859
1.42385778489135,3.86663631150725,0.558734631392251,2234.6324,1357,859
1.41291536598572,3.87663694237239,0.564954258278563,2234.66576666667,1357,859
1.40563058140156,3.88706200097174,0.571295223137264,2234.69913333333,1357,859
1.19555834044512,4.17929534575492,0.670365273561401,2235.39983333333,1360,859
1.18356084775513,4.20204862458558,0.675613818881787,2235.4332,1360,859
0.778269965217367,4.3602583831717,0.75306568374015,2236.16726666667,1363,859
0.765937017815886,4.34992536382781,0.759344974116821,2236.20063333333,1363,859
4.6456662009429,1.52693995919562,0.106235781970594,2234.36546666667,1356,860
4.63458739686828,1.52583771434526,0.106676938799003,2234.39883333333,1356,860
4.63492221773632,1.52924779987003,0.106062714376338,2234.4322,1356,860
4.55477204982517,1.47896437627006,0.219958238242905,2235.16626666667,1359,860
4.54468306622213,1.48466615275957,0.219730964095125,2235.19963333333,1359,860
4.5495609939392,1.49259848299685,0.217897013885529,2235.233,1359,860
4.54364074185647,1.49865748087225,0.216404665687109,2235.26636666667,1359,860
4.54612840921614,1.50479963164319,0.216817772608916,2235.29973333333,1359,860
4.16940313134731,1.73401250768427,0.116343347545004,2236.06716666667,1361,860
4.16103005785577,1.74337582064905,0.124183011658289,2236.10053333333,1361,860
4.14382748004486,1.75229293000276,0.134965957850119,2236.1339,1361,860
4.12393799848066,1.76084518085179,0.144141921209493,2236.16726666667,1361,860
4.10480191229489,1.7692088087449,0.15541619954794,2236.20063333333,1361,860
3.63396732191363,1.8097930222299,0.351865107050198,2236.9347,1365,860
3.6098761200809,1.81374449169986,0.357906520800474,2236.96806666667,1365,860
3.58210686865886,1.8199617852441,0.364368294403723,2237.00143333333,1365,860
3.55137091908863,1.82603612919665,0.370536292081749,2237.0348,1365,860
3.52079348959279,1.83457524001894,0.37840207634379,2237.06816666667,1365,860
3.49514651299725,1.84270736621816,0.384044473007027,2237.10153333333,1365,860
2.85707786604792,1.97469585667356,0.526879825035598,2237.76886666667,1367,860
2.8376800050021,1.97948076187916,0.539001551835065,2237.80223333333,1367,860
2.82035424328164,1.984564872817,0.548241370793217,2237.8356,1367,860
2.80473529081121,1.98747895525327,0.556807039660969,2237.86896666667,1367,860
2.78898468112631,1.9895581049031,0.564004682843441,2237.90233333333,1367,860
2.77605374560311,1.98822055967488,0.570240766538338,2237.9357,1367,860
2.60805713783083,1.96417645517712,0.605350695986838,2238.6364,1368,860
2.60579415300171,1.97518044502849,0.606212615768509,2238.66976666667,1368,860
2.59708377349125,1.99034553521165,0.602849355722463,2238.70313333333,1368,860
2.58659487992108,1.99903899322598,0.603224108679273,2238.7365,1368,860
2.56706274198413,2.010346437518,0.604907986885602,2238.76986666667,1368,860
2.54534990700789,2.02086582770354,0.599341987994293,2238.80323333333,1368,860
2.41259174343991,2.4098681018474,0.247966576626123,2239.57066666667,1370,860
5.19213951626423,4.68049066886389,0.274014161425999,2234.6324,1358,861
5.19202263557232,4.69314241410273,0.269749417017784,2234.66576666667,1358,861
0.259244840202821,2.36052565879227,1.141081819887,2236.10053333333,1362,862
0.235369556453223,2.36547143511051,1.14346900698658,2236.1339,1362,862
0.21512661131666,2.3678791041456,1.14583938407061,2236.16726666667,1362,862
0.195523621588638,2.3701578029756,1.1478446539285,2236.20063333333,1362,862
0.17831283916338,2.3723089209214,1.14906941693374,2236.234,1362,862
0.163455191810666,2.37497720328939,1.1497973204587,2236.26736666667,1362,862
-0.101387320073171,2.5564486726541,1.09268202746774,2236.86796666667,1364,862
-0.115625423939265,2.5706685061061,1.0978209176616,2236.90133333333,1364,862
-0.136209180247325,2.58789242506625,1.10328731839807,2236.9347,1364,862
-0.15716354563187,2.60455469671304,1.10837503842999,2236.96806666667,1364,862
-0.178341288707128,2.62138852108357,1.11342658299948,2237.00143333333,1364,862
-0.289766135906775,2.93270719558327,1.25350081984061,2237.6354,1366,862
-0.278833482893615,2.94691974780333,1.26105840125764,2237.66876666667,1366,862
-0.268205604268517,2.96188283305307,1.27046177725085,2237.70213333333,1366,862
-0.259166985722646,2.97694061080308,1.280786982908,2237.7355,1366,862
-1.42485395989183,1.45981499518626,0.800486659890855,2238.76986666667,1369,863
-1.42958294151938,1.47365410876297,0.799232469117364,2238.80323333333,1369,863
-1.4352391753251,1.48425300708253,0.798261825948128,2238.8366,1369,863
-1.55941184959981,1.70147103696371,0.818626142709632,2239.70413333333,1371,863
-1.56629419605822,1.7012772766857,0.817487378963232,2239.7375,1371,863
1.61876038566954,5.5215022254469,1.04006537711563,2241.4392,1372,864
1.62938187191421,5.55708482883084,1.07029283821754,2241.47256666667,1372,864
1.63364354637736,5.57588553925977,1.10185899169667,2241.50593333333,1372,864
1.63126517844509,5.60944092982651,1.1396744210727,2241.5393,1372,864
2.34415227576436,6.07637158064309,1.42523952983,2242.27336666667,1375,864
-1.68552949325787,1.61845684260085,0.88575823268492,2241.70613333333,1373,865
-1.68648866585004,1.62963874891433,0.889355314413207,2241.7395,1373,865
-2.61193180437644,1.4617057198181,1.20068357462289,2242.70713333333,1377,865
-7.28077120254718,2.49720916515009,2.18528100417738,2241.77286666667,1374,866
2.42622784557356,2.41194992309083,0.241393365477879,2242.30673333333,1376,867
2.42668130601778,2.41193481406621,0.241514269969461,2242.3401,1376,867
2.42599269874924,2.41202027351261,0.240616144185572,2242.37346666667,1376,867
2.42368252303738,2.41051673841898,0.24003039279746,2242.40683333333,1376,867
2.42284400704457,2.41047441722888,0.240526139149911,2242.4402,1376,867
3.27246862154035,5.94132913367499,1.59821509492685,2243.3411,1378,868
3.31979660778452,5.94536067110513,1.60471855625086,2243.37446666667,1378,868
4.21150593924637,4.9135152643064,1.2275416555309,2244.4422,1379,869
4.24427671023907,4.89969568351678,1.21272885680758,2244.47556666667,1379,869
4.26810947545139,4.88340135545425,1.19708445009201,2244.50893333333,1379,869
4.56235185522936,4.74891402313101,0.772181850268484,2245.37646666667,1381,869
4.5544692562287,4.75723031079543,0.775737601837667,2245.40983333333,1381,869
4.53192627483446,4.749176873667,0.778566649022198,2245.4432,1381,869
4.54235018831581,4.76300555106833,0.776402369918246,2245.47656666667,1381,869
4.57315090208922,4.91838727729256,0.654998795283153,2246.27736666667,1382,869
4.55931522515482,4.92856994648654,0.661651737123354,2246.31073333333,1382,869
4.53343176859927,4.92676263452876,0.664053482402854,2246.3441,1382,869
4.09542143113807,4.89528593478069,0.686340018130586,2247.17826666667,1384,869
4.06695760680059,4.87805720117925,0.683382873586429,2247.21163333333,1384,869
3.5177528568723,4.67574778540174,0.485622169842612,2247.97906666667,1385,869
3.50849613677187,4.67613251325216,0.487618272472841,2248.01243333333,1385,869
3.49350858910086,4.66829100720964,0.493489333847376,2248.0458,1385,869
3.47277134452493,4.65211981512203,0.504262347904593,2248.07916666667,1385,869
3.46241251809423,4.6381706869636,0.519660102004714,2248.11253333333,1385,869
3.44645579299769,4.61868405625186,0.533321409429259,2248.1459,1385,869
2.66633071258199,4.34426740020911,0.597799923237554,2248.9467,1388,869
2.62474867713994,4.33235973056385,0.602101432516941,2248.98006666667,1388,869
2.59207633982101,4.32749822979704,0.608467725881347,2249.01343333333,1388,869
2.56617204362389,4.32610059994015,0.613547557339469,2249.0468,1388,869
2.52774118393581,4.31475193830469,0.618664961881649,2249.08016666667,1388,869
2.4972746461036,4.30548088376344,0.622436573605523,2249.11353333333,1388,869
2.46750637172603,4.29589565852698,0.62555299697374,2249.1469,1388,869
1.69137301321122,4.01798010128542,0.676787064026529,2249.8476,1390,869
1.66672325763873,4.00285592747118,0.678904336356161,2249.88096666667,1390,869
1.64166949376332,3.98393444687162,0.681603447516215,2249.91433333333,1390,869
1.61347124699459,3.96519585666616,0.684690944719385,2249.9477,1390,869
1.58068802940036,3.94161508815783,0.684590695040229,2249.98106666667,1390,869
1.54990273600836,3.92155509942134,0.683731166325244,2250.01443333333,1390,869
1.52433701825649,3.90868070419753,0.681788383942137,2250.0478,1390,869
0.872940868945038,3.72564487159121,0.730400647121048,2250.98206666667,1391,869
0.849520083249293,3.72100303250146,0.732738968239364,2251.01543333333,1391,869
0.82892149369902,3.71894482978136,0.734691073636773,2251.0488,1391,869
0.804237490986653,3.70479255212487,0.738388912351991,2251.08216666667,1391,869
0.781919725153753,3.69553527869107,0.741271058911024,2251.11553333333,1391,869
0.760472546024327,3.69222200383005,0.744812609570111,2251.1489,1391,869
0.741160941559585,3.68906315612436,0.747640263179161,2251.18226666667,1391,869
-5.11345131197577,2.90016582491655,2.1253289876464,2245.0428,1380,870
-5.08711154944707,2.8912563365803,2.1264717843994,2245.07616666667,1380,870
-5.0829218399367,2.88951211103302,2.12834798825239,2245.10953333333,1380,870
-3.70846880286546,2.21656479141674,1.44582507327299,2246.71113333333,1383,871
-3.67514405596969,2.2030562620006,1.43775428798775,2246.7445,1383,871
-3.64948707694161,2.18711513097365,1.43035195262715,2246.77786666667,1383,871
-3.63274805668591,2.17339938262375,1.42570788287689,2246.81123333333,1383,871
-3.60912046372924,2.15725661678035,1.41733498033045,2246.8446,1383,871
-2.72195353027492,2.00897579510743,1.31714594660734,2248.1459,1386,872
-2.67942973818254,2.00427089304288,1.31603123063403,2248.17926666667,1386,872
-2.64975787943237,2.00271955875994,1.31709978978172,2248.21263333333,1386,872
-2.61820972871647,2.00537805255664,1.31458406034301,2248.246,1386,872
-2.59568223784819,2.01178749476241,1.30703294394872,2248.27936666667,1386,872
-2.57672220854087,2.01882521293011,1.30282787350318,2248.31273333333,1386,872
-1.6913786506361,1.60589721622257,0.844565776892245,2248.27936666667,1387,873
-1.68789076385405,1.60531126309311,0.845426902450168,2248.31273333333,1387,873
6.03107603420976,-1.77956131564056,1.31371998477416,2249.08016666667,1389,874
-0.265502925967545,4.22204738621287,0.776522960715896,2252.91733333333,1392,875
-0.909200452862546,1.64898587125993,0.494583342580617,2256.18726666667,1393,876
-0.909323981163642,1.64917779677614,0.494796606294393,2256.22063333333,1393,876
-0.908652624208026,1.64959827045806,0.494576582614064,2256.254,1393,876
-0.908382974559709,1.64835981844352,0.494850955240994,2256.28736666667,1393,876
-0.644300184415024,3.31492887829409,0.782614568185778,2256.88796666667,1394,877
-0.662420820655323,3.31761046465713,0.779365124187904,2256.92133333333,1394,877
-0.679634760874274,3.32165343313336,0.776593684927147,2256.9547,1394,877
-0.688528312723373,3.31760052245026,0.776314566724713,2256.98806666667,1394,877
-0.952894838445604,3.30236109846559,0.830150190498081,2257.7555,1395,877
0.0593153290364534,0.337380636283562,0.726671627291837,2257.88896666667,1396,878
0.0452431788012843,0.336211349564243,0.733416261660544,2257.92233333333,1396,878
0.0305206526930972,0.329440069497682,0.739349760869173,2257.9557,1396,878
0.013022157958924,0.312617007667044,0.742069750890153,2257.98906666667,1396,878
-0.00337811032438962,0.29088943837895,0.743644217300758,2258.02243333333,1396,878
-0.0222723744323693,0.270579501712028,0.74682409278866,2258.0558,1396,878
-0.0356497700408096,0.25570908032482,0.749513727075741,2258.08916666667,1396,878
-0.138702684706869,0.154429658499312,0.531796664423307,2259.12353333333,1397,879
-1.34906347707673,3.08964225997221,0.999430174160054,2259.39046666667,1398,880
-1.3639977005494,3.09293185159168,1.00574281459536,2259.42383333333,1398,880
-1.63007234674048,3.16234424000612,1.12416748677166,2260.19126666667,1399,880
-1.63367591867142,3.16549037938646,1.12560598141031,2260.22463333333,1399,880
-1.64505753953457,3.17158091822238,1.12838460063428,2260.258,1399,880
-1.64644393669849,3.17617456640537,1.13013184132237,2260.29136666667,1399,880
-1.75428299556089,3.29396628154216,1.20520776885105,2261.0588,1400,880
-1.7658366961185,3.29492437377538,1.20930576291796,2261.09216666667,1400,880
-1.77854644830585,3.29408778684946,1.21165803586259,2261.12553333333,1400,880
-1.79277060387347,3.29349786142236,1.21604451569949,2261.1589,1400,880
-1.8027746103192,3.28809412526069,1.21862927925507,2261.19226666667,1400,880
-1.94329150643135,3.2836473232364,1.20001001980513,2262.12653333333,1401,880
-1.937998302706,3.29926901117135,1.19894114450542,2262.1599,1401,880
-1.93129025812576,3.31652724621637,1.199429228388,2262.19326666667,1401,880
-1.9259465111297,3.33171392405855,1.19850788160796,2262.22663333333,1401,880
-1.91914572921967,3.34963674580286,1.19793219810946,2262.26,1401,880
-1.9094416665843,3.36873516468587,1.19657163932951,2262.29336666667,1401,880
-1.92537134339168,3.77028277771386,1.21981702030266,2263.02743333333,1402,880
-1.92145700938668,3.7803578759083,1.21748030640075,2263.0608,1402,880
-1.93021346918751,3.79645872999078,1.21899989660199,2263.09416666667,1402,880
-1.89109442524214,3.65002392400201,1.15991149275458,2264.02843333333,1403,880
-1.89327716060843,3.62014339647714,1.15946232840312,2264.0618,1403,880
-1.90662172596811,3.59670332192242,1.16247556349617,2264.09516666667,1403,880
-1.90731866957303,3.56600393318411,1.16288972474551,2264.12853333333,1403,880
-1.90942673063845,3.53635077855865,1.16346204063275,2264.1619,1403,880
-1.91409211936287,3.51003235197589,1.16511763063477,2264.19526666667,1403,880
-1.91930785514941,3.48464856191812,1.16814223633989,2264.22863333333,1403,880
-1.87839045266147,3.14467209403042,1.1509393712594,2264.92933333333,1404,880
-1.8680827562886,3.14109078670152,1.15026505635284,2264.9627,1404,880
-1.85646785044323,3.13989081397637,1.14917847297302,2264.99606666667,1404,880
-1.84478114439904,3.14038931723029,1.14758005479106,2265.02943333333,1404,880
-1.82166860375443,3.13965621176881,1.14360172429719,2265.0628,1404,880
-1.21613334011421,2.77444824608872,0.917326193421048,2265.79686666667,1406,880
-1.19413841013663,2.74637322712616,0.908452872513257,2265.83023333333,1406,880
-1.17123464681686,2.71743271444147,0.899987703153737,2265.8636,1406,880
-1.14772719967763,2.68905387855865,0.892950452094892,2265.89696666667,1406,880
-1.12926223134958,2.66152276675077,0.886234236484706,2265.93033333333,1406,880
-1.10949873546012,2.63165004366886,0.8801796612373,2265.9637,1406,880
-1.09381703187588,2.60880695594285,0.87412379031817,2265.99706666667,1406,880
0.0405844496743367,4.99561510613836,3.69030103615046,2265.09616666667,1405,881
0.0549415208731913,4.99321251583695,3.69749928262315,2265.12953333333,1405,881
-0.411012735265478,4.61239316676194,3.65916337275757,2266.29736666667,1407,882
-0.503621008245982,4.65882476854859,3.3898934341341,2267.49856666667,1408,883
-0.509016515931204,4.6405116193992,3.3585287791585,2267.53193333333,1408,883
-1.5432873877572,4.13158783815978,2.68384122973604,2271.43583333333,1409,884
-0.115191488936956,1.9161736415827,0.989158223640364,2271.4692,1410,885
-1.80273225811837,3.43765063329229,2.4964239752609,2272.5703,1411,886
-1.81240539744347,3.43198696596622,2.48443078249987,2272.60366666667,1411,886
-1.81485013441658,3.42027466017494,2.46371651426715,2272.63703333333,1411,886
-1.83087408138772,3.41306501905884,2.45611383283343,2272.6704,1411,886
2.42616427618004,2.41036634341272,0.237829590202188,2273.13753333333,1412,887
2.42631026373807,2.41069660490155,0.237847897810342,2273.1709,1412,887
2.42508219501696,2.4107026574479,0.237893781339498,2273.20426666667,1412,887
2.42628321607827,2.41064359503506,0.238423621849359,2273.23763333333,1412,887
2.42560833230356,2.41036765254811,0.238365118267705,2273.271,1412,887
-2.1443112954172,3.24496138868261,2.17348150943869,2273.70476666667,1413,888
-2.15750038587983,3.23545988182563,2.1619991269981,2273.73813333333,1413,888
-4.95027840258444,-0.776661697283124,-0.374687071063691,2273.73813333333,1414,889
-4.96381489445372,-0.780496649994362,-0.375990626599068,2273.7715,1414,889
-4.95501472350761,-0.776037589762263,-0.37320066483222,2273.80486666667,1414,889
-4.96061299681021,-0.779705157700732,-0.374383527813906,2273.83823333333,1414,889
-0.241226289342066,2.08725618656112,0.369752000808354,2274.73913333333,1415,890
-0.236199039255909,2.06799214407159,0.367777661740714,2274.7725,1415,890
-0.233207964940366,2.04485046852661,0.365951714341337,2274.80586666667,1415,890
-0.235911928629935,2.02791961228853,0.363190092390148,2274.83923333333,1415,890
-0.257752299819806,1.73060246719398,0.336478110863049,2275.4732,1416,890
-0.25088212748591,1.71789898708614,0.33223702516763,2275.50656666667,1416,890
-0.244097904432845,1.7043307134173,0.32832814554694,2275.53993333333,1416,890
-0.241450774660051,1.69273032101037,0.323319523619627,2275.5733,1416,890
-0.244267301636775,1.68410361974176,0.319599978812902,2275.60666666667,1416,890
-0.563055657213467,1.50577741795369,0.367340762937121,2276.30736666667,1417,890
-0.90904724921125,1.64534466807074,0.475876443510173,2277.0748,1418,890
-0.909572353378731,1.64531887122212,0.476168550623814,2277.10816666667,1418,890
-0.909395576806566,1.64569269921036,0.476281111696636,2277.14153333333,1418,890
-0.711815184088752,2.05852623520896,0.644422751815801,2278.04243333333,1419,890
-0.711815184088752,2.05852623520896,0.644422751815801,2278.0758,1419,890
-0.910186155886519,1.64518888219861,0.476508880892625,2278.5763,1420,890
-0.909777234883877,1.64558093891267,0.47674708529657,2278.60966666667,1420,890
-0.909943963220447,1.64538247626118,0.47619692344755,2278.64303333333,1420,890
-0.909943963220447,1.64538247626118,0.47619692344755,2278.6764,1420,890
-0.909940369806922,1.64537853447843,0.476323551371414,2278.70976666667,1420,890
-0.910139264064609,1.64535713616689,0.476033297314421,2278.74313333333,1420,890
-0.909639244551172,1.64576164358444,0.476613230063715,2278.7765,1420,890
-0.90708308752082,1.64370386310777,0.477451153278987,2281.41246666667,1421,891
-0.907191315453007,1.64413951909404,0.477967659419215,2281.44583333333,1421,891
-0.909073584206589,1.64368168054259,0.476641299774634,2281.4792,1421,891
-0.909468736280291,1.64395968199672,0.476592342581285,2281.51256666667,1421,891
-0.909695513415951,1.64415669899466,0.476431949112926,2281.54593333333,1421,891
-0.910258065407352,1.64459771307291,0.47620292548683,2281.5793,1421,891
-0.909913492030839,1.64404891549537,0.476203172559759,2281.61266666667,1421,891
-0.909972278330765,1.64428901197043,0.476594175219516,2281.64603333333,1421,891
-0.578072105448294,1.44978568998909,0.374564020206367,2282.1799,1422,891
-0.579234859238874,1.44967138093715,0.375092076922394,2282.21326666667,1422,891
-0.579099385737423,1.45015755049077,0.37505193649321,2282.24663333333,1422,891
-0.578689199361633,1.45041891303342,0.375038680236472,2282.28,1422,891
-0.908936617654913,1.64190348927652,0.476624558859151,2282.31336666667,1423,891
2.42186565665152,2.406577735117,0.231614656514109,2282.91396666667,1424,892
2.42262587537071,2.40657053548714,0.231606833747046,2282.94733333333,1424,892
-0.908306006339489,1.64492407070179,0.461451811008399,2285.85023333333,1425,893
6.00944651391212,-1.78243987972031,1.3085048237104,2293.9917,1426,894
3.55334695209873,2.51457698442812,1.83954728242667,2295.52656666667,1427,895
3.56321950926645,2.50124747212352,1.84162634359714,2295.55993333333,1427,895
-2.22580095799226,2.34651312775456,1.06350936101312,2298.296,1428,896
-2.22791233089617,2.34700493371572,1.06351354636889,2298.32936666667,1428,896
3.54463593845111,2.50198064731023,1.88091979142477,2301.06543333333,1429,897
2.42129312809792,2.40727770429948,0.236904630999821,2303.76813333333,1430,898
2.41990450792878,2.40603982298369,0.237639126755389,2303.8015,1430,898
2.42259023460589,2.4070143245351,0.237058496307327,2303.83486666667,1430,898
2.42183874128977,2.40763215871787,0.237275764552832,2303.86823333333,1430,898
-2.26797260191398,2.26166690219994,1.04365616827299,2304.7024,1431,899
-2.27010596152115,2.26177433817692,1.04372715773193,2304.73576666667,1431,899
-2.26879893292867,2.26099764666896,1.0437798272367,2304.76913333333,1431,899
-2.26928396643905,2.26058912673079,1.04387660426352,2304.8025,1431,899
2.41949871366412,2.40136646522606,0.237174874215743,2305.5032,1432,900
2.42307297779636,2.40155099756459,0.238494044792409,2306.87123333333,1433,901
2.42406660515723,2.40153707454667,0.238508610342754,2306.9046,1433,901
2.42494032368976,2.3892374529335,0.248162554646031,2312.74376666667,1434,902
2.42321631767747,2.38913908350326,0.249567681817203,2312.77713333333,1434,902
2.42321631767747,2.38913908350326,0.249567681817203,2312.8105,1434,902
-2.2235251746548,0.278112604912588,0.844664794051897,2313.17753333333,1435,903
-2.22487694809328,0.275968196428075,0.845481491948894,2313.2109,1435,903
2.42440884194848,2.38751801439692,0.249802032528764,2315.313,1436,904
2.42349000840039,2.386617388315,0.249979433901155,2315.34636666667,1436,904
2.42462683193563,2.38751011020123,0.249843206572996,2315.37973333333,1436,904
-2.7907769604099,1.43010568504404,0.913383248700682,2318.9166,1437,905
-2.78941723649172,1.42970990509114,0.913815926342956,2318.94996666667,1437,905
-2.78999737112882,1.42999642446464,0.912597003553064,2318.98333333333,1437,905
-0.946914654719098,0.17448837184294,0.427533376901147,2321.9196,1438,906
-0.947327947044851,0.173716450216535,0.427735388139086,2321.95296666667,1438,906
3.52683369631148,2.53059129556042,1.83794182146851,2322.65366666667,1439,907
3.52504994808236,2.53315698646295,1.83770252932043,2322.68703333333,1439,907
3.52173508906081,2.53515435712323,1.83479883974297,2322.7204,1439,907
-0.674036137813877,0.266937938831833,0.508210058890071,2323.88823333333,1440,908
-0.667329112141037,0.265839032017449,0.519489572294192,2323.9216,1440,908
-0.250691453421213,0.496491754103787,0.585485108298136,2325.0227,1441,909
-0.230787812649258,0.501187395971973,0.578843698324732,2325.05606666667,1441,909
-0.217124471740531,0.501888326441246,0.580143932291434,2325.08943333333,1441,909
-0.191069186642849,0.508037677239353,0.587849206331603,2325.15616666667,1442,909
0.330741545814618,0.500237308286562,0.247709213947059,2326.0237,1443,909
0.346113143934034,0.482873188097497,0.235416685515062,2326.05706666667,1443,909
0.365726599107795,0.459744960298155,0.220355125863927,2326.09043333333,1443,909
0.392181727369606,0.418101247767798,0.19643424684785,2326.1238,1443,909
4.99395495744975,4.78841665131531,0.283659932332632,2327.7254,1444,910
0.693798452458218,0.0844647116546703,0.178620626805897,2327.85886666667,1445,911
0.692376517846658,0.0740508597865589,0.175832549344873,2327.89223333333,1445,911
0.693894694232456,0.0653739331843669,0.173420889590053,2327.9256,1445,911
0.699981719116684,0.0576630290519357,0.169122826507502,2327.95896666667,1445,911
3.51345553829399,2.55634342382147,1.86859102783675,2330.16116666667,1446,912
3.5098452493458,2.55285504922841,1.86830029072196,2330.19453333333,1446,912
3.53061689301504,2.53005165652471,1.85506895719917,2335.36636666667,1447,913
3.53125010272523,2.5302922028467,1.85344251547024,2335.39973333333,1447,913
3.53289750819654,2.53049383384707,1.85262324149161,2335.4331,1447,913
3.52975919089822,2.53046042706548,1.85161015981293,2335.46646666667,1447,913
3.52800628599865,2.53264294936384,1.85131692444687,2335.49983333333,1447,913
5.92501166219059,-1.83340765897407,1.48889101305757,2338.96996666667,1448,914
5.8959700768493,-1.8365151536297,1.50683004112954,2339.00333333333,1448,914
5.89625021872393,-1.85001979748744,1.53302129728814,2339.0367,1448,914
5.22835908436426,-2.44733034932285,1.9441667079472,2339.87086666667,1449,914
5.1815538858714,-2.45431847241738,1.95749065425644,2339.90423333333,1449,914
5.16213945130555,-2.48721603480274,1.97872816620768,2339.9376,1449,914
5.14975158493564,-2.5219440251197,2.00207792580891,2339.97096666667,1449,914
-5.19876162059888,-0.0973142215864901,1.50883435196333,2340.30463333333,1450,915
-5.18299999732633,-0.104352736199575,1.51058798484595,2340.338,1450,915
-5.18616817252891,-0.116611875879919,1.51635821730899,2340.37136666667,1450,915
-5.02117807773153,-0.00279876195675499,1.528737310415,2341.50583333333,1451,916
2.42795345183735,2.38729668477815,0.251490253179733,2342.30663333333,1452,917
2.42708881026836,2.38724455631064,0.252233828244068,2342.34,1452,917
2.42753261253883,2.3883399159648,0.251690978341144,2342.37336666667,1452,917
-4.85428304435299,0.399268254887393,1.54999039266153,2342.67366666667,1453,918
-4.86702639919231,0.400455860921626,1.55325602225345,2342.70703333333,1453,918
-4.59391784677136,0.639897149131174,1.38216180636398,2343.87486666667,1454,919
-4.59731824129686,0.659961575698792,1.3800379559472,2343.90823333333,1454,919
-4.58174398208869,0.682609174625694,1.37947354781199,2343.9416,1454,919
-4.58548622862677,0.703547222251009,1.38043028898032,2343.97496666667,1454,919
-4.59606574179432,0.71972782400305,1.3859645061273,2344.00833333333,1454,919
-4.52458283711443,0.885440705630393,1.19948656998576,2344.97596666667,1456,919
5.02113796243413,4.78145553098166,0.293539589199135,2344.7424,1455,920
5.01448746062972,4.77573034825832,0.292810945759915,2344.77576666667,1455,920
2.42593530399831,2.38128398986246,0.248578007193775,2351.71603333333,1457,921
-0.602743647175254,1.42940780509013,0.412525615983617,2353.01733333333,1458,922
-5.14272496497325,1.86184469906301,1.68532957531519,2353.31763333333,1459,923
-5.13242081939864,1.85970444542944,1.68180642515979,2353.351,1459,923
-4.65508662073498,1.65379597151721,1.69026809548452,2354.48546666667,1460,924
-4.36062146012327,1.75668868869313,1.4566158751743,2356.9546,1461,925
-4.35061210430303,1.7650226781699,1.46080564358836,2356.98796666667,1461,925
-0.834634634690362,1.59721771657223,0.447014121465121,2357.08806666667,1462,926
-0.834740577157586,1.59732724934144,0.446885269732174,2357.12143333333,1462,926
-4.85443720686675,2.64334297249579,1.902139313001,2358.78976666667,1463,927
0.925360104510626,0.100468027036798,0.0897329629795673,2359.29026666667,1464,928
0.925429977972367,0.100526569514743,0.0899459645578312,2359.32363333333,1464,928
0.925806893867885,0.0999800774922172,0.0894010501945839,2359.357,1464,928
0.923193944895261,0.101741715354386,0.088931991975622,2359.59056666667,1465,928
0.917280816413953,0.0957302665616101,0.0874693987580164,2361.12543333333,1466,929
0.916721438200224,0.0968060717611759,0.0889485355218022,2361.1588,1466,929
0.917080729596098,0.0956908206051466,0.0880924229874741,2361.19216666667,1466,929
-4.29788250310471,3.25679621885194,1.66671519259813,2362.92723333333,1467,930
-4.32455488098843,3.26639883887797,1.66268841323619,2362.9606,1467,930
-0.844487024833486,1.61064047260227,0.42793792133942,2367.53183333333,1468,931
-0.844993682299027,1.61097551781751,0.427939080877165,2367.5652,1468,931
-0.845016093841046,1.61134180892999,0.42827570148541,2367.59856666667,1468,931
-0.843985578807253,1.61124003749561,0.427921237224336,2367.63193333333,1468,931
-0.843608138246758,1.61163409902204,0.428081476945101,2367.6653,1468,931
-3.41720666021996,3.78492699869921,1.61070335407273,2367.79876666667,1469,932
-3.40671327971782,3.77659376256034,1.62330606059711,2367.83213333333,1469,932
-3.37266014304867,3.7566747799263,1.6309414109484,2367.8655,1469,932
-3.35226241812596,3.74578667850738,1.63875473974507,2367.89886666667,1469,932
-3.33283904210024,3.73442902405998,1.65018050332104,2367.93223333333,1469,932
-2.67676864463946,3.084384620619,1.65862978593029,2368.79976666667,1470,932
-2.68472301854484,3.06744561161709,1.65960272314052,2368.83313333333,1470,932
-2.65641625083856,2.99572045484885,1.64749736189113,2368.89986666667,1471,932
-2.4248767845531,2.29217936303061,1.55046477198439,2369.73403333333,1473,932
-2.42189057718403,2.26172096480472,1.55416413503567,2369.7674,1473,932
-2.40887616575492,2.22155263581813,1.5552794241396,2369.80076666667,1473,932
-2.39938665998871,2.18195516773702,1.5561169202468,2369.83413333333,1473,932
-2.39142225370112,2.14262325495824,1.55824484889653,2369.8675,1473,932
-2.3853350075284,2.09789711745315,1.562120949209,2369.90086666667,1473,932
-6.16878731356878,1.74771856855566,2.92233580805778,2369.50046666667,1472,933
-6.18100084133911,1.68772698172018,2.91869674538997,2369.53383333333,1472,933
-6.19163982446377,1.62344642441728,2.91913711907531,2369.5672,1472,933
-6.19059029966131,1.55936920684259,2.91614988594194,2369.60056666667,1472,933
-3.07941101960202,4.07499599919865,1.23725992305445,2370.5682,1474,934
-3.07411453450002,4.03943739789692,1.23620235614995,2370.60156666667,1474,934
-3.08250240791472,4.00701080931524,1.2395091790489,2370.63493333333,1474,934
-3.08511376333991,3.9732078945177,1.2380152725258,2370.6683,1474,934
-3.30709021203063,3.20928310869595,1.30391808195857,2371.5692,1476,934
-3.31637030064886,3.18513225188862,1.31089305191501,2371.60256666667,1476,934
-3.33433512589452,3.16831858593362,1.32006179318952,2371.63593333333,1476,934
-1.6220870662255,0.743286638926751,1.41731972468673,2371.1688,1475,935
-1.60416245846315,0.717030386726865,1.41159224599845,2371.20216666667,1475,935
-1.58639609304304,0.690099378642494,1.40502814081274,2371.23553333333,1475,935
-1.57125194105586,0.664554472915931,1.39875315773187,2371.2689,1475,935
-1.55745823390047,0.641102903962833,1.39207907702318,2371.30226666667,1475,935
-1.54417209471642,0.616798354452981,1.38470490762641,2371.33563333333,1475,935
-0.764133854135044,0.0866924268269071,0.952985426830649,2372.43673333333,1477,936
-0.75775671517093,0.0920001427168157,0.945284029923761,2372.4701,1477,936
-0.599569597249789,0.284172464406552,0.819972064199888,2373.40436666667,1478,936
-0.602851735342396,0.290067070076977,0.813341839034946,2373.43773333333,1478,936
-0.40320882259909,0.460978305191544,0.618603674686385,2374.80576666667,1479,937
-0.401229052659594,0.450851293271358,0.614057164324359,2374.83913333333,1479,937
-0.401060895958292,0.441128745324864,0.609759852335282,2374.8725,1479,937
-0.40185596105063,0.430487462040685,0.605687352798769,2374.90586666667,1479,937
-0.403379874583163,0.421272170752132,0.600923894031182,2374.93923333333,1479,937
-0.161407653900994,0.710455289234051,0.631324179365679,2377.44173333333,1480,938
-0.145877251637146,0.715725091408026,0.628868738896127,2377.4751,1480,938
-0.134865847440792,0.720786523329933,0.626139409285933,2377.50846666667,1480,938
-0.110971384649696,0.729940886034649,0.621150304913273,2377.5752,1481,938
0.109897345284336,1.01597589517171,0.534115262292657,2378.44273333333,1482,938
0.124793035498493,1.02943785890843,0.526038857608031,2378.4761,1482,938
0.139730936578447,1.04121290014101,0.517895722602866,2378.50946666667,1482,938
0.35332851676327,1.19686440845407,0.390770080552621,2379.41036666667,1483,938
0.360168667764363,1.19879743040351,0.38232948441404,2379.44373333333,1483,938
0.368189310976314,1.1995955441662,0.371571823223004,2379.4771,1483,938
0.385246508247075,1.20577783733412,0.339282940329283,2379.5772,1484,938
0.348361247793398,1.23835097239851,0.321496442845855,2380.51146666667,1485,938
0.347629882835112,1.24516661319135,0.322538064212822,2380.54483333333,1485,938
0.372127668296068,1.51342832329934,0.557987203807613,2381.41236666667,1487,938
0.375541227189534,1.52548691001506,0.565401097873397,2381.44573333333,1487,938
0.379568874089977,1.53941948942536,0.570443364657621,2381.4791,1487,938
0.383492270144037,1.55234906798586,0.574537247106032,2381.51246666667,1487,938
0.387270971828043,1.5639498187912,0.578946102998872,2381.54583333333,1487,938
0.391064365758455,1.57477771175491,0.583612501711207,2381.5792,1487,938
3.46334709450378,6.99202019373622,2.85817984408382,2381.31226666667,1486,939
3.42273359713702,6.91198443541616,2.84982906929456,2381.34563333333,1486,939
3.395068772451,6.85178285704969,2.85924369716189,2381.379,1486,939
3.36507198235265,6.78622473112781,2.86431502908011,2381.41236666667,1486,939
0.487623313695062,0.575327357509747,0.315634419147172,2382.4801,1488,940
0.568815345312855,0.690503159173177,0.380567351117781,2382.5802,1489,940
0.571731200021495,0.692897934038766,0.377813306820266,2382.61356666667,1489,940
0.0566819643890456,1.78472250216109,0.640979143055996,2383.64793333333,1490,941
0.0480353408073774,1.78136192401071,0.641035456415247,2383.6813,1490,941
0.0383340499091445,1.7789722923725,0.641885407120033,2383.71466666667,1490,941
0.0288098671375995,1.77684726740787,0.642598425182527,2383.74803333333,1490,941
0.0180345966676599,1.77239159882026,0.642511245025036,2383.7814,1490,941
0.00825981115147023,1.76921884804994,0.642815817763849,2383.81476666667,1490,941
1.07128644468599,3.5835706706539,3.40172080287266,2384.14843333333,1491,942
1.0703289634701,3.57216315365331,3.43526090498681,2384.1818,1491,942
1.07039483314813,3.55859303240172,3.46633178078793,2384.21516666667,1491,942
1.0736005250002,3.54954829806182,3.50279824879766,2384.24853333333,1491,942
1.07671356299694,3.5405028923263,3.53502123951178,2384.2819,1491,942
1.08094948157383,3.53578799843944,3.57396692682448,2384.31526666667,1491,942
1.08298045536781,3.52886600560035,3.60108094775678,2384.34863333333,1491,942
1.08658453550466,3.52328039941805,3.63168533697009,2384.382,1491,942
-0.169786543040054,1.73866455695142,0.550615747631129,2384.81576666667,1492,943
-0.182409942582515,1.74358420612973,0.551594790002136,2384.84913333333,1492,943
-0.195934144417228,1.74846737732295,0.552743186469526,2384.8825,1492,943
-0.209181858921367,1.75395074559424,0.552696924299163,2384.91586666667,1492,943
-0.21993748902707,1.75852293841775,0.553807123404591,2384.94923333333,1492,943
0.888250802378639,3.1911156190239,4.04227344594306,2385.61656666667,1493,944
0.878182196133933,3.19029659496535,4.05477302658023,2385.64993333333,1493,944
0.865766178347698,3.18773127701432,4.06291458951926,2385.6833,1493,944
0.853010886665594,3.18797128805214,4.0696462156565,2385.71666666667,1493,944
0.839481774294721,3.19058906716035,4.08022647181209,2385.75003333333,1493,944
0.825510337747221,3.19357702654805,4.08714184649421,2385.7834,1493,944
0.814725974753407,3.19880902928107,4.09917363555943,2385.81676666667,1493,944
0.809236079322028,3.20555986103179,4.1190644199356,2385.85013333333,1493,944
-0.473783539442617,1.75103655570217,0.619172693563289,2385.95023333333,1494,945
-0.482823259389458,1.75445763913531,0.620554761742611,2385.9836,1494,945
-0.492202134651979,1.75771363988435,0.620327666725078,2386.01696666667,1494,945
-0.501110031896811,1.76167986279775,0.619058400524755,2386.05033333333,1494,945
-0.508212254313807,1.76559908902212,0.61910943153331,2386.0837,1494,945
-0.760891598213978,1.69086231610336,0.607635951272738,2386.8845,1495,945
-0.772602949730459,1.68765991314397,0.608215412380542,2386.91786666667,1495,945
-0.786344881639768,1.68360302499683,0.609546489448802,2386.95123333333,1495,945
-1.0031276189924,1.55429181504818,0.742694292855451,2387.75203333333,1496,945
-1.00688263803403,1.55072657270029,0.741657606504742,2387.7854,1496,945
-1.01383756178693,1.54226180598583,0.734484053687468,2387.81876666667,1496,945
-1.02008616704665,1.5233764551056,0.724612843469974,2387.85213333333,1496,945
2.37637028830372,2.33555818166599,0.31912473621107,2387.75203333333,1497,946
2.37228301312195,2.32695643048597,0.330972717683388,2387.7854,1497,946
2.36926772334211,2.32052893620532,0.342134007266998,2387.81876666667,1497,946
2.36776278301773,2.31490462944468,0.356114973333143,2387.85213333333,1497,946
2.51615010846619,2.45927930021801,0.417498969836692,2388.71966666667,1498,946
2.51090127389378,2.46942126486774,0.421650325697585,2388.75303333333,1498,946
2.50582176064818,2.47943487993292,0.426086975046385,2388.7864,1498,946
2.49517348444667,2.48979318927313,0.430591019595211,2388.81976666667,1498,946
2.48401681959902,2.50329182217991,0.43671272692209,2388.85313333333,1498,946
2.16108110435301,2.76177200492793,0.454211910579605,2389.5872,1499,946
2.15207807784684,2.77175238117291,0.458236940794185,2389.62056666667,1499,946
2.14269445976762,2.78173432125418,0.46395365221604,2389.65393333333,1499,946
2.13775364129798,2.79146247182353,0.469846365458273,2389.6873,1499,946
2.13187491876651,2.80020466514229,0.474022751001484,2389.72066666667,1499,946
2.03580965189019,3.30026551571781,0.415764190594024,2390.52146666667,1500,946
2.03780456895515,3.3298288295532,0.417979124426283,2390.55483333333,1500,946
2.03311839466579,3.35330436326175,0.421652872428305,2390.5882,1500,946
2.03525516652111,3.38082767931813,0.426218702651384,2390.62156666667,1500,946
-0.986736160179122,1.23453430623768,0.723541233157382,2390.5882,1501,947
-0.986736160179122,1.23453430623768,0.723541233157382,2390.62156666667,1501,947
-0.987854966748747,1.23474260268048,0.723714949462899,2390.65493333333,1501,947
-0.988054607927037,1.23338185576218,0.724060227366199,2390.6883,1501,947
-0.980742629747144,1.2391151706236,0.720415432088753,2399.43036666667,1502,948
-0.981365891446914,1.23936013689673,0.720688407276991,2399.46373333333,1502,948
-0.981302776697346,1.23936950527377,0.720980360316603,2399.4971,1502,948
-0.981302776697346,1.23936950527377,0.720980360316603,2399.53046666667,1502,948
3.51548601136741,2.55152658602143,1.84469563544981,2410.54146666667,1503,949
3.51603558512261,2.55140158681907,1.84687563530166,2410.57483333333,1503,949
3.51610142697334,2.54928588714027,1.84974576735909,2410.6082,1503,949
3.51987693814627,2.55096473237168,1.85542677672297,2410.64156666667,1503,949
-2.40407882428706,1.06563458490701,1.49364305092676,2419.45036666667,1504,950
-2.3887741549324,1.0569131134113,1.49721550412643,2419.48373333333,1504,950
-2.37247752795274,1.04698883201587,1.5011966743519,2419.5171,1504,950
-2.35065847981624,1.03725758895864,1.50150373816685,2419.55046666667,1504,950
-2.33689615321072,1.0287420223088,1.50285256796997,2419.58383333333,1504,950
-2.31750467063637,1.02190858783113,1.50299045845254,2419.6172,1504,950
-0.388853374721965,0.114086004438618,0.643216259442493,2424.8224,1505,951
-0.404345090479883,0.100182125313973,0.641869589262924,2424.85576666667,1505,951
-0.423932488060427,0.0840469481103409,0.641022100409046,2424.88913333333,1505,951
-0.443063704269475,0.0699846534742237,0.642852699625022,2424.9225,1505,951
-0.460445959630796,0.0551469695773301,0.645892115166462,2424.95586666667,1505,951
-0.477859553556613,0.0417435718491724,0.648855650099416,2424.98923333333,1505,951
-0.829979251045889,-0.228914900716646,0.773864604099205,2425.85676666667,1506,951
-0.834783501981656,-0.236301967268051,0.779595396900871,2425.89013333333,1506,951
-0.8409869084014,-0.244957046367821,0.786066768175318,2425.9235,1506,951
-0.849731500689065,-0.255302564946553,0.791980336316639,2425.95686666667,1506,951
-0.859116380468334,-0.26693187544236,0.796779639502868,2425.99023333333,1506,951
-0.857655292870338,-0.509011607265696,0.773178662595449,2427.1247,1507,952
-0.609221050692332,-0.147983276409069,0.823553235836579,2428.1257,1508,953
-0.598643046567253,-0.131538493636791,0.827716117849135,2428.15906666667,1508,953
-0.587460714102115,-0.11702003910445,0.834188583277397,2428.19243333333,1508,953
-0.579995452875691,-0.103540514834394,0.839265786045748,2428.2258,1508,953
-0.572151183369307,-0.0909605899549484,0.84486351917886,2428.25916666667,1508,953
-3.95248359324977,4.6505152013452,1.58746926289872,2429.3269,1509,954
-0.392679813579305,0.357130309595268,0.807135918719583,2429.46036666667,1510,955
-0.393912969512917,0.372855778593933,0.806309662959492,2429.49373333333,1510,955
-0.395157703685272,0.389301666575816,0.805534882204482,2429.5271,1510,955
-0.396474436543048,0.406103921315836,0.803475746642446,2429.56046666667,1510,955
-0.122677749493748,0.903818227224467,0.677857573988238,2431.0286,1511,956
-0.116824895385314,0.914376654026204,0.680599807545982,2431.06196666667,1511,956
-0.109824282059204,0.924137551663754,0.682237753360625,2431.09533333333,1511,956
-0.103858531153663,0.935647684833627,0.684050275351683,2431.1287,1511,956
-0.0979444489990797,0.947017921509139,0.686361626012413,2431.16206666667,1511,956
-0.0868286396205611,0.97422151684668,0.688346721818851,2431.2288,1512,956
0.172773509000352,1.25081665426106,0.663916926607448,2432.1297,1513,956
0.182377863743894,1.26448430994002,0.665603865060204,2432.16306666667,1513,956
0.19358099906637,1.27646327754043,0.668134809787915,2432.19643333333,1513,956
0.207982061705301,1.2837678271113,0.668885235625256,2432.2298,1513,956
0.219470777064258,1.29400726140299,0.669068133450423,2432.26316666667,1513,956
0.229233100185606,1.30533493327143,0.669202977750317,2432.29653333333,1513,956
0.238315962550838,1.31297780660982,0.667853849095533,2432.3299,1513,956
0.247728339111693,1.32008428866584,0.66524650999176,2432.36326666667,1513,956
0.684630995269358,1.76827835615723,0.49709809314193,2433.29753333333,1514,956
0.711452426684885,1.78547628168349,0.494821978466604,2433.3309,1514,956
0.738311640383131,1.80185482465752,0.495952881319421,2433.36426666667,1514,956
0.761323015113353,1.81850328613222,0.498473204930502,2433.39763333333,1514,956
0.784765567248438,1.83210592892859,0.500243282236055,2433.431,1514,956
0.806790557030234,1.84669517161632,0.501636866280517,2433.46436666667,1514,956
1.09413808627633,2.3818150455216,0.544842947323047,2434.36526666667,1515,956
1.10694074897234,2.40149610290268,0.549036905786869,2434.39863333333,1515,956
1.12175350752465,2.4199558002284,0.554083410030454,2434.432,1515,956
1.13510525344332,2.43638149263269,0.55855766766898,2434.46536666667,1515,956
1.14470510700152,2.4523588117984,0.563607291265114,2434.49873333333,1515,956
1.2504579756183,2.82051843126725,0.461610301129141,2435.46636666667,1516,956
1.2578476541912,2.81988293036919,0.456525126309326,2435.49973333333,1516,956
1.26527830993014,2.81966259873824,0.453005785933992,2435.5331,1516,956
1.39303548576682,2.85362584342547,0.538480511831141,2436.6342,1517,957
1.396491471768,2.85666283039347,0.541425963181206,2436.66756666667,1517,957
1.73015286291801,2.79370965093676,0.581006177137975,2437.8354,1518,958
1.74790473760855,2.79258359229448,0.585619143256809,2437.86876666667,1518,958
1.7599559029987,2.78953965396125,0.591399228806101,2437.90213333333,1518,958
1.77239990844779,2.78542925970382,0.59854058337512,2437.9355,1518,958
1.78328435354093,2.78057433064374,0.605694814952707,2437.96886666667,1518,958
1.92595534006522,2.63440753656183,0.729848276553099,2438.96986666667,1519,959
1.93417159447184,2.62058953209681,0.736004183895073,2439.00323333333,1519,959
1.94294803858994,2.60381108453286,0.744205944724057,2439.0366,1519,959
1.94789620163333,2.58391855896397,0.752076712053321,2439.06996666667,1519,959
1.9542046365235,2.57389880824712,0.757852785979944,2439.10333333333,1519,959
1.94859976833709,2.54483614230566,0.763555627801761,2439.1367,1519,959
-0.938891249262204,1.64548525336867,0.494147725543407,2439.50373333333,1520,960
-0.938333144520805,1.64567531892683,0.495347875210041,2439.5371,1520,960
-0.938215407654924,1.64448682334945,0.494855284515014,2439.57046666667,1520,960
2.25549743655339,2.0955454047158,0.627073766220707,2440.37126666667,1521,961
2.27099693378417,2.09146409470865,0.628631659212764,2440.40463333333,1521,961
2.28763717647919,2.08772725638772,0.627067881354097,2440.438,1521,961
2.3018141647701,2.08556669177828,0.627266304366607,2440.47136666667,1521,961
2.31326914741896,2.08471072967953,0.629087305760842,2440.50473333333,1521,961
2.32271736145165,2.08385214408148,0.630525127028635,2440.5381,1521,961
2.33306118177413,2.08096887303616,0.63210573415933,2440.57146666667,1521,961
2.33779597272142,2.0759887647656,0.63472544878114,2440.60483333333,1521,961
2.6363541826477,2.23996132266914,0.570392560421899,2441.77266666667,1522,962
2.64455818123662,2.24481274076471,0.572009676701535,2441.80603333333,1522,962
2.65092759155927,2.24964050211993,0.573754563298061,2441.8394,1522,962
2.6588890915619,2.25815025874623,0.575957334550342,2441.87276666667,1522,962
2.65956442034012,2.26390150097216,0.57595569030198,2441.90613333333,1522,962
2.67016923599428,2.26976629499429,0.574190671905749,2441.9395,1522,962
2.67542339469591,2.27403385424779,0.573982739400584,2441.97286666667,1522,962
2.80638079621213,2.43994998769442,0.485899303340148,2442.97386666667,1523,963
2.80955796346201,2.44474386441604,0.48517582808892,2443.00723333333,1523,963
2.81652229776906,2.4517239544723,0.480640522659271,2443.0406,1523,963
2.82159091239016,2.45895795346867,0.476257472834067,2443.07396666667,1523,963
2.91382125681962,2.7000748450815,0.348772750418782,2444.27516666667,1524,964
2.92043649042802,2.69969408517919,0.350483950250057,2444.30853333333,1524,964
3.32952965180341,3.18039148580059,0.405045032591962,2446.3439,1525,965
3.32359315729121,3.18250391881532,0.402047179301078,2446.37726666667,1525,965
3.32118510982639,3.18301607793136,0.400625834336455,2446.41063333333,1525,965
3.31548383131421,3.18148547098673,0.40118579645095,2446.444,1525,965
3.23710950696741,2.98763487638049,0.588689305437917,2447.47836666667,1526,966
3.2360858618789,2.97445829324816,0.592109601567965,2447.51173333333,1526,966
3.24092518048693,2.96343874383181,0.597012712762188,2447.5451,1526,966
3.25259036153441,2.95291837697264,0.601200303931642,2447.57846666667,1526,966
3.26615891723664,2.94548199447993,0.599033372448072,2447.61183333333,1526,966
3.05650085711148,2.4950193374091,0.356995106360316,2448.51273333333,1529,966
3.03563060174728,2.49173831788826,0.356033192108562,2448.5461,1529,966
3.01086083061298,2.49038339728395,0.357518334833611,2448.57946666667,1529,966
2.98211441665074,2.48799434276617,0.359694358045151,2448.61283333333,1529,966
2.95461369972702,2.48765295600135,0.360396225932116,2448.6462,1529,966
-1.07688781089122,0.940197681963181,0.813927395318099,2447.5451,1527,967
-1.08073181584074,0.916399105023376,0.814113547479596,2447.57846666667,1527,967
-1.11367986683505,0.200243517300503,0.921075203881616,2448.5461,1530,967
3.43098045044836,1.19227792427316,1.2351061543836,2448.27916666667,1528,968
3.46122488423423,1.16235357050284,1.21444789426866,2448.31253333333,1528,968
3.49597494598321,1.12826872823076,1.19599379726667,2448.3459,1528,968
3.51560984374034,1.09827081204802,1.18112936696897,2448.37926666667,1528,968
3.81873946496297,-0.122274359961244,1.00708634463599,2449.447,1531,969
3.83290005124089,-0.138863364664521,1.00051717567348,2449.48036666667,1531,969
3.85415060870256,-0.156664321694393,0.992372950801356,2449.51373333333,1531,969
3.87711320084724,-0.176141109787872,0.987399832502367,2449.5471,1531,969
4.16721171062031,-0.151273243783112,0.585735453548017,2450.51473333333,1532,969
4.17393828533079,-0.121665548855807,0.568119162916753,2450.5481,1532,969
4.17436194831435,-0.0876097180699237,0.550181919887242,2450.58146666667,1532,969
4.18062140488571,-0.0578063344247572,0.531954619086387,2450.61483333333,1532,969
4.18066470959749,-0.0287209560086105,0.520339523209183,2450.6482,1532,969
4.36452612779669,0.493441119814561,0.338902628138687,2451.449,1533,969
4.36814022644115,0.5066629232348,0.340352226577723,2451.48236666667,1533,969
4.47029896654957,0.753861134217903,0.218677004767078,2452.45,1534,969
4.47644509061565,0.764027988312705,0.216436312234499,2452.48336666667,1534,969
4.48666856717553,0.773329982705625,0.209532444766473,2452.51673333333,1534,969
4.79918363571651,1.10852414086111,0.229482453492744,2453.41763333333,1535,969
4.81111108094116,1.11005330690551,0.227829361026051,2453.451,1535,969
4.83166758012231,1.11073091753438,0.217325094300327,2453.48436666667,1535,969
5.18996959133159,1.03751808797895,-0.00063166243791879,2454.28516666667,1537,969
5.19599062229569,1.03186375297387,-0.00221845202155169,2454.31853333333,1537,969
-2.27616263401567,-3.88091341945364,0.763011385413485,2453.81803333333,1536,970
-2.27904083203849,-3.92546549044163,0.764249136911258,2453.8514,1536,970
-2.26266893519151,-3.93214573266018,0.767025254355943,2453.88476666667,1536,970
-1.83143556402526,-4.25984804057551,0.876834166563316,2454.78566666667,1538,970
-1.8111208139924,-4.28597387113285,0.87780427372704,2454.81903333333,1538,970
-1.05138390781201,-4.74044703955707,1.00407536275767,2455.7533,1539,970
-1.05239076397866,-4.8127895783436,1.02489085153042,2455.78666666667,1539,970
3.00916542922716,2.58326487739073,0.23238559483793,2456.62083333333,1540,971
3.00318645839678,2.57941128766719,0.2265155506861,2458.7563,1541,972
2.92320810047236,2.7055987113852,0.159553467238372,2473.53773333333,1542,973
2.91929760112599,2.70716750688245,0.159838706484064,2473.5711,1542,973
2.92424771450289,2.70939413187856,0.157772239623104,2473.60446666667,1542,973
2.90442475512685,2.73094313355194,0.141525429253339,2475.23943333333,1543,974
2.90111131398292,2.73051561075199,0.142651138360965,2475.2728,1543,974
2.90217324234717,2.73067851287275,0.141713291974301,2475.30616666667,1543,974
-7.49665863586218,0.773781600571953,1.94250865671929,2477.40826666667,1544,975
-2.5552802357152,0.830639597305944,1.22809551831159,2477.80866666667,1545,976
-2.54578421499939,0.821934201699015,1.24390743927996,2477.84203333333,1545,976
-2.53311521379435,0.812419244473261,1.26009749382762,2477.8754,1545,976
-2.52748339742765,0.801882432985148,1.27487557370358,2477.90876666667,1545,976
-1.8761773565926,0.510889563675646,1.56357840120933,2478.9765,1546,977
-1.84255857801238,0.504102047794971,1.57542517972546,2479.00986666667,1546,977
-1.8097619332441,0.494526319112002,1.59108705159624,2479.04323333333,1546,977
-1.7772265001592,0.485775816535279,1.60607560143405,2479.0766,1546,977
-1.74406646787744,0.479948685563271,1.619908035835,2479.10996666667,1546,977
-1.71255960775653,0.474066925085238,1.63164947593526,2479.14333333333,1546,977
0.153621668402113,0.523096935658753,1.28682013275152,2481.21206666667,1547,978
0.150776092579348,0.529556475687059,1.27494586976838,2481.24543333333,1547,978
0.149124090649031,0.534888548553232,1.26083092189326,2481.2788,1547,978
0.148319298574328,0.539513793314834,1.24550880257877,2481.31216666667,1547,978
0.146441093151007,0.543504589684699,1.23070618303001,2481.34553333333,1547,978
0.145021252882209,0.546214938655777,1.21387532220123,2481.3789,1547,978
0.256622671560951,-0.0292256845954589,0.454074521282952,2482.5801,1548,979
0.252891735882804,-0.0554856408181709,0.436649884536548,2482.61346666667,1548,979
0.249513640364812,-0.0783825233664838,0.418587946868322,2482.64683333333,1548,979
0.245520910763555,-0.10217814179521,0.398180033131719,2482.6802,1548,979
-4.81795674258792,2.39451415698283,1.59857192506745,2489.3869,1549,980
-4.20396673607085,2.55263227029846,1.74007249606023,2493.35753333333,1550,981
-4.20620264214835,2.56924684878484,1.74505381036611,2493.3909,1550,981
0.132535525138439,-0.427992054213358,0.318432780450241,2495.02586666667,1551,982
0.133841904543845,-0.439727777752474,0.323082122017194,2495.05923333333,1551,982
0.135557931552773,-0.456810928148161,0.326539748196234,2495.0926,1551,982
0.140067141882159,-0.473006950257828,0.328241855384329,2495.12596666667,1551,982
0.129612906648552,-0.667010312878345,0.277610059205686,2495.96013333333,1552,982
-0.203488637264099,-0.863215676522196,0.476187593495306,2496.72756666667,1553,982
-0.21555167756541,-0.857439695113774,0.495202701934769,2496.76093333333,1553,982
-0.23198395649089,-0.864698473708678,0.511534283080669,2496.7943,1553,982
-3.298976492982,-3.20327739976242,0.486198549789111,2509.03986666667,1554,983
-3.29370442152652,-3.1952582516965,0.486548476411339,2509.07323333333,1554,983
-0.315024565616053,0.0424031728821351,0.240324626589785,2514.24506666667,1555,984
-0.328600075547665,0.0419810169003283,0.26059558651878,2514.3118,1556,984
-0.333798438272286,0.041762402883664,0.269854806433477,2514.34516666667,1556,984
-0.626793834031471,-0.149182849650225,0.589928968239616,2515.1126,1557,984
-0.63980144525462,-0.16281372987125,0.606192868764038,2515.14596666667,1557,984
-0.649368691795718,-0.173788806508387,0.622426715881905,2515.17933333333,1557,984
-0.65970039364289,-0.186150718707572,0.638155735023261,2515.2127,1557,984
-0.668637940749008,-0.198709989171318,0.654747000261765,2515.24606666667,1557,984
-0.769715018627695,-0.363952205500549,1.00959777170029,2516.18033333333,1558,984
-0.760509913728854,-0.369202740303565,1.02598225402216,2516.2137,1558,984
-0.748602404614953,-0.378069070289701,1.04585181976095,2516.24706666667,1558,984
-0.736301540047173,-0.387877937053191,1.06489826218185,2516.28043333333,1558,984
-0.723011851935237,-0.399439223253678,1.08400483393242,2516.3138,1558,984
-0.130629402259804,-0.843060789763366,1.29422774497869,2517.24806666667,1559,984
-0.105501473507314,-0.8494329974551,1.29165529668533,2517.28143333333,1559,984
-0.0843486886458059,-0.861946080520564,1.29198150977901,2517.3148,1559,984
-0.0643328761261162,-0.87521851409844,1.29166759574013,2517.34816666667,1559,984
-0.0443408817685175,-0.88832823520608,1.29030049362057,2517.38153333333,1559,984
0.365779229083157,-1.16631413744147,1.11156431360545,2518.54936666667,1560,985
0.3815898257504,-1.16761471742541,1.10617605643513,2518.58273333333,1560,985
0.397177332657072,-1.17412202399978,1.10230614048174,2518.6161,1560,985
1.34262140019093,-0.337238840678661,0.754096854675113,2522.0195,1561,986
1.35324864130638,-0.323536893791293,0.762687851325073,2522.05286666667,1561,986
1.36851279360229,-0.313963980462437,0.773471746943897,2522.08623333333,1561,986
1.38064642336727,-0.302399140256145,0.784584967314536,2522.1196,1561,986
1.39585676371836,-0.297351787922111,0.796032841286145,2522.15296666667,1561,986
1.4093853231392,-0.29476526369423,0.806241425939344,2522.18633333333,1561,986
1.8382247658165,-0.181350080074694,0.824617801704713,2523.35416666667,1562,987
1.84305289565726,-0.177966639403726,0.824666044045135,2523.38753333333,1562,987
1.84879734296674,-0.174907728195523,0.823203195945696,2523.4209,1562,987
1.85430184160542,-0.17041528612505,0.821639380113483,2523.45426666667,1562,987
2.08385712716887,0.148785756646927,0.656462171562177,2524.65546666667,1563,988
2.08751583736702,0.152338281667352,0.655811024763563,2524.68883333333,1563,988
2.09496174797086,0.155659604553793,0.654600884232799,2524.7222,1563,988
2.09666708785023,0.16046112721862,0.655026269236745,2524.75556666667,1563,988
2.09382444375111,0.166394767614186,0.656338882387172,2524.78893333333,1563,988
2.24884561744917,0.156903053337895,0.64079645897924,2525.89003333333,1564,989
2.24388600289261,0.165264923594546,0.645056105258879,2525.9234,1564,989
2.24442787046597,0.172447888914892,0.647976646548821,2525.95676666667,1564,989
2.24799285811172,0.178097765946569,0.64981019557654,2525.99013333333,1564,989
2.25140846361624,0.181494932747348,0.651929810801376,2526.0235,1564,989
2.080406880296,0.749565805636006,0.603983316042099,2527.4249,1565,990
2.07800647509691,0.768489755937345,0.606590395425468,2527.45826666667,1565,990
2.07608648838404,0.786611965310695,0.606996894241092,2527.49163333333,1565,990
2.07723798113831,0.805688956426263,0.606782578998839,2527.525,1565,990
2.07661799709544,0.823983548779966,0.60673920347955,2527.55836666667,1565,990
2.07622616253271,0.842350186708977,0.604805921077216,2527.59173333333,1565,990
2.40370465717529,1.12244327478581,0.570060630046472,2528.526,1566,990
2.40823878804899,1.11832686690901,0.572291206192988,2528.55936666667,1566,990
2.41515064541042,1.11421342176677,0.572729621881051,2528.59273333333,1566,990
2.42028660380596,1.109874725926,0.56928962045462,2528.6261,1566,990
2.42878619682905,1.10494661545622,0.563850006310998,2528.65946666667,1566,990
3.2835852405532,-2.5506370724427,1.5537178197398,2529.19333333333,1567,991
3.26502354539715,-2.54459162534699,1.5669367666154,2529.2267,1567,991
3.23433390113329,-2.54002771987882,1.60206979761545,2529.3268,1568,991
2.87212969785288,1.20052101663166,0.478039752140934,2529.89403333333,1569,992
2.88733624711302,1.19358265497759,0.479715437920339,2529.9274,1569,992
2.90132316753028,1.18672159944273,0.480978324950975,2529.96076666667,1569,992
2.91228571518381,1.18173147790849,0.480280322948515,2529.99413333333,1569,992
3.32439993929204,-2.15312738940841,1.57917150358222,2530.46126666667,1570,993
3.32752709096726,-2.14129405814973,1.57270916319603,2530.49463333333,1570,993
3.34528376618838,-2.13947160660268,1.56723326730336,2530.528,1570,993
3.35973897895922,-2.13273610827255,1.56115157045367,2530.56136666667,1570,993
3.35688800085637,-2.11084557650765,1.55189441359686,2530.59473333333,1570,993
3.36964748539751,-2.10288385920082,1.54702454203177,2530.6281,1570,993
3.21673038930552,1.22368858321871,0.344561166538055,2531.0285,1571,994
3.2209489202212,1.23049896919439,0.341682813499603,2531.06186666667,1571,994
3.22687320539209,1.23778539560776,0.340116376195191,2531.09523333333,1571,994
3.23155705905274,1.2441930091107,0.339337912504445,2531.1286,1571,994
3.4255599232235,1.4606745859682,0.471939499328127,2531.99613333333,1573,994
3.43343926252976,1.46572265802074,0.478816755555239,2532.0295,1573,994
3.43764825964193,1.47035711136906,0.482525822313891,2532.06286666667,1573,994
3.00446058172248,-3.16099314875264,2.69238854939675,2531.69583333333,1572,995
3.53021005078366,-1.66772692541463,0.9330011536466,2532.19633333333,1574,996
3.54372535835165,-1.69148816055488,0.874912909825729,2532.36316666667,1575,996
3.54390576545441,-1.6909105211405,0.856417401435135,2532.39653333333,1575,996
4.4545180816889,0.917408105494006,0.338831822362077,2533.66446666667,1576,997
3.54735327763108,-1.45607831394542,0.109142684653501,2533.69783333333,1577,998
3.53356431437253,-1.43170106709173,0.0895695018779571,2533.7312,1577,998
3.52888730325404,-1.41539181815715,0.0676864319308741,2533.76456666667,1577,998
3.52910317992563,-1.39912064524196,0.0473615482116818,2533.79793333333,1577,998
3.34335444086167,-1.03229920913293,-0.039392484719621,2534.56536666667,1578,998
3.33933041396726,-1.01721675666696,-0.0332234280680226,2534.59873333333,1578,998
3.34541049511417,-1.00699393512307,-0.0271454000878404,2534.6321,1578,998
3.33947322581368,-0.987201461906159,-0.0168857178385514,2534.66546666667,1578,998
3.53830115926989,-0.881673633212448,0.078258704134604,2535.4329,1579,998
3.5496208821631,-0.883787121645245,0.0841552326750019,2535.46626666667,1579,998
3.56056380020107,-0.887270084193791,0.0861089468759687,2535.49963333333,1579,998
-0.93379528469639,1.64018165738176,0.521983122206676,2540.87166666667,1580,999
-0.932743466174307,1.63939075351036,0.522340895966045,2540.90503333333,1580,999
-0.933452253900238,1.6403934334629,0.521474605824932,2540.9384,1580,999
-0.934209618830075,1.64220176629033,0.520416432842906,2540.97176666667,1580,999
-0.934370300478126,1.64411082211799,0.520059734586489,2541.00513333333,1580,999
-6.21075705101144,6.73495824545056,2.13973058432778,2541.57236666667,1581,1000
-0.838715623613842,1.74806313121136,0.600846388014313,2543.2407,1582,1001
-0.831285662257669,1.74786165547096,0.608995994572954,2543.27406666667,1582,1001
-0.825401808135243,1.74678281159433,0.617094933263513,2543.30743333333,1582,1001
-0.819993793082359,1.74512103930181,0.624668647439443,2543.3408,1582,1001
-0.814242506646202,1.74247528927432,0.632633976280032,2543.37416666667,1582,1001
-0.810290488043162,1.73895309906191,0.639781780625314,2543.40753333333,1582,1001
-0.806256972214446,1.73245739228573,0.646917588486853,2543.4409,1582,1001
-4.27065829146774,3.87612648289769,1.86363765366803,2544.0415,1583,1002
-4.2626637098776,3.84552734907475,1.86209747848739,2544.07486666667,1583,1002
-0.815840590168783,1.12888654480411,0.893290308610725,2544.6421,1584,1003
-0.81855602515892,1.09404035675196,0.898261578257068,2544.67546666667,1584,1003
-0.820042590084994,1.05562128999752,0.903483999271672,2544.70883333333,1584,1003
-0.822116020408352,1.01759359797289,0.908851088650271,2544.7422,1584,1003
-0.821713344939296,0.986254916514469,0.913234868943762,2544.77556666667,1584,1003
-7.43075573949596,-2.54385592907974,2.67347721054574,2545.87666666667,1585,1004
-7.3729981164397,-2.53093475556992,2.67149705051534,2545.91003333333,1585,1004
-1.15344191998884,-0.227242116044291,1.16599285182845,2545.87666666667,1586,1005
-1.15723624760311,-0.267000511487017,1.17411923113051,2545.91003333333,1586,1005
-1.15988521213046,-0.310602790050394,1.18318480451526,2545.9434,1586,1005
-1.15763478664369,-0.34996129012813,1.19029362779217,2545.97676666667,1586,1005
-1.17134943568479,-1.39800917149919,1.20769971737916,2546.91103333333,1587,1006
-1.1688546260079,-1.41523225135216,1.20732108207391,2546.9444,1587,1006
-1.17266596904369,-1.43647928129096,1.21008848794558,2546.97776666667,1587,1006
-1.54150341156352,-2.67548422557878,1.24092502020897,2548.4459,1588,1007
-1.50366160507903,-2.68992755084346,1.22662744460912,2548.51263333333,1589,1007
-1.47763092384321,-2.68533321582866,1.21864360612729,2548.546,1589,1007
-1.46793882681433,-2.7186873548615,1.21600861012876,2548.57936666667,1589,1007
-1.2430522002353,-2.9421607802141,1.12369464068822,2549.3468,1590,1007
-1.25521315678793,-2.95772101893316,1.127498725462,2549.38016666667,1590,1007
-1.25361957321396,-2.94790166032175,1.13068490488967,2549.41353333333,1590,1007
-1.26597716474155,-2.96414293161486,1.13562369155602,2549.4469,1590,1007
-1.26698342527631,-2.96163853276582,1.14086815984559,2549.48026666667,1590,1007
-1.0281169037657,-3.00080205190827,1.04072871348555,2550.48126666667,1591,1008
-1.00681467744449,-2.99187995117679,1.03167660323787,2550.51463333333,1591,1008
-0.986615891322265,-2.97573616905131,1.0213552885149,2550.548,1591,1008
-0.924444744650486,-2.89936638846405,0.886902178149358,2551.38216666667,1592,1008
-0.921755684542938,-2.89325869701537,0.889838650147469,2551.41553333333,1592,1008
-0.912254090843818,-2.86892087651012,0.890991073392341,2551.4489,1592,1008
-0.916132967268738,-2.87063938428849,0.892929980052456,2551.48226666667,1592,1008
-0.630270399213871,-2.77700602344424,0.812516655912079,2552.3498,1593,1008
-0.607152228703092,-2.75128641163599,0.804320358006606,2552.38316666667,1593,1008
-0.592938466732492,-2.76795519832472,0.795827523053467,2552.41653333333,1593,1008
-0.572771728297466,-2.75873574979362,0.787402147503025,2552.4499,1593,1008
-0.540955254411959,-2.72942949848823,0.778183016851675,2552.48326666667,1593,1008
-0.705541636862735,-2.60318010371801,0.573094804891676,2553.3508,1594,1008
-0.708998848222937,-2.56290692142848,0.571097318514802,2553.38416666667,1594,1008
-0.717792644862159,-2.54656404260012,0.568246272630322,2553.41753333333,1594,1008
-0.726524136897878,-2.53139259455291,0.565271495709828,2553.4509,1594,1008
-0.859969351285011,-2.07664994889867,0.529356762238638,2554.28506666667,1595,1008
-0.860230106652023,-2.05117560392788,0.528201194977377,2554.31843333333,1595,1008
-0.871206255454918,-2.04842834522906,0.526394269161583,2554.3518,1595,1008
-0.876510479871281,-2.04289170022818,0.525051340059026,2554.38516666667,1595,1008
-0.874308846839161,-2.02190629645173,0.523160596831053,2554.41853333333,1595,1008
-0.714109122686257,-1.80358045243441,0.652020808306271,2555.21933333333,1596,1008
-0.704536366039587,-1.80358212035077,0.646957872741783,2555.2527,1596,1008
-0.701806907404911,-1.81203018477243,0.64350630533626,2555.28606666667,1596,1008
-0.689325817010369,-1.81260482258572,0.630948931885892,2555.3528,1597,1008
-0.530993419006485,-1.5060872836294,0.486999638084898,2556.22033333333,1598,1008
-0.525025644364096,-1.4849010626097,0.49380420329015,2556.2537,1598,1008
-0.518764381666585,-1.47130192835053,0.502861505674973,2556.28706666667,1598,1008
-0.506231521011801,-1.45142591762143,0.5132773094768,2556.32043333333,1598,1008
-0.496585233986505,-1.43693137603368,0.523126023436434,2556.3538,1598,1008
-0.215309335555767,-1.21267126386573,0.506071164493348,2557.22133333333,1599,1008
-0.203934764951513,-1.2036112859998,0.502946586634303,2557.2547,1599,1008
-0.184411354195249,-1.18497567265261,0.498699916769308,2557.28806666667,1599,1008
-0.170009161544519,-1.18129876759616,0.493534073492101,2557.32143333333,1599,1008
-0.148891523980374,-1.16120410730124,0.48810913744051,2557.3548,1599,1008
0.11018359119721,-0.968557648489712,0.359262739283642,2558.18896666667,1600,1008
0.122458869068689,-0.964628408116515,0.360219142455295,2558.22233333333,1600,1008
0.13648808367115,-0.958647296379349,0.363229110203916,2558.2557,1600,1008
0.149001834290803,-0.956834705378589,0.367402015960573,2558.28906666667,1600,1008
0.16147766711494,-0.953863903202234,0.373901851743834,2558.32243333333,1600,1008
0.176097650059894,-0.972416085395272,0.46094451744303,2559.12323333333,1601,1008
0.17163594209395,-0.971741502621886,0.469696795059142,2559.1566,1601,1008
0.168602803843974,-0.964139052636026,0.478260993799162,2559.18996666667,1601,1008
0.166909227121306,-0.951330327571478,0.487132348832806,2559.22333333333,1601,1008
0.16039355125735,-0.955141966664348,0.493305947739666,2559.2567,1601,1008
0.158155673132446,-0.944437240595284,0.498260848016475,2559.29006666667,1601,1008
0.171319981246997,-0.708081208846644,0.46733566369695,2560.1576,1602,1008
0.175510173518217,-0.697779938501469,0.474461451727392,2560.19096666667,1602,1008
0.178455117463981,-0.688902791357101,0.480467636673834,2560.22433333333,1602,1008
0.178856358373501,-0.687067609421703,0.486210343991467,2560.2577,1602,1008
0.177914579651609,-0.685200091888983,0.491331266636673,2560.29106666667,1602,1008
0.17775651477144,-0.681936119881254,0.495288137755875,2560.32443333333,1602,1008
0.202115121686242,-0.521520769467546,0.579370220549123,2561.22533333333,1603,1008
0.200724414821815,-0.51907128942916,0.586370458698014,2561.2587,1603,1008
0.197839449643881,-0.520763625314285,0.593388989657024,2561.29206666667,1603,1008
0.19782940707411,-0.515511768330687,0.601903062133048,2561.32543333333,1603,1008
0.195148459296276,-0.517061374140693,0.60981159822419,2561.3588,1603,1008
0.191871842302571,-0.518207049629785,0.617845338532521,2561.39216666667,1603,1008
0.18970031727253,-0.51289360119349,0.624811423994089,2561.42553333333,1603,1008
0.184610620242244,-0.520544866062648,0.630227298917355,2561.4589,1603,1008
0.0983046542484788,-0.711612600637964,0.673377600204965,2562.32643333333,1604,1008
0.0857854940110142,-0.71522320787019,0.681989378445209,2562.3598,1604,1008
0.070697439063248,-0.721463957387822,0.693179362651243,2562.39316666667,1604,1008
0.0539353295604205,-0.730864024413939,0.703142384108815,2562.42653333333,1604,1008
0.0403128929913836,-0.734712824273479,0.710146205544316,2562.4599,1604,1008
0.0255789536578679,-0.738252867528926,0.715172318725788,2562.49326666667,1604,1008
-0.318698500149119,0.20969845805531,0.0464706508003301,2564.09486666667,1605,1009
-0.322283414210707,0.180570578917744,0.0342680412131944,2568.3658,1606,1010
-0.321934729273117,0.18151542153969,0.029994976586308,2568.39916666667,1606,1010
-0.321005467858554,0.182538536310617,0.030282201525398,2568.43253333333,1606,1010
-0.362760357516739,0.103510846136857,0.223771872313177,2577.575,1607,1011
-0.371436689064546,0.0870181730650134,0.23307593549547,2577.60836666667,1607,1011
-0.383041848652442,0.0735289513744367,0.243680838306534,2577.64173333333,1607,1011
-0.398447919989241,0.0625258873995183,0.254386551718078,2577.6751,1607,1011
-0.413640142521743,0.0530578086676896,0.264839669871339,2577.70846666667,1607,1011
-0.430678754777682,0.0392810300679596,0.277857459242642,2577.74183333333,1607,1011
-0.441557525221773,0.0258536617798557,0.288114237964353,2577.7752,1607,1011
-0.354768446221756,-0.333012606184776,0.622386707470249,2578.60936666667,1608,1011
-0.36388515099752,-0.342282128058635,0.641097549832513,2578.64273333333,1608,1011
-0.375638506480909,-0.354012057824271,0.66603421304249,2578.6761,1608,1011
-0.389927122954393,-0.370442821308837,0.695132696186299,2578.70946666667,1608,1011
-0.39955319398828,-0.390039121885029,0.724171321070136,2578.74283333333,1608,1011
-0.406611784524634,-0.409828886565886,0.750811953126863,2578.7762,1608,1011
-0.412271165686438,-0.428947640007496,0.7748325619594,2578.80956666667,1608,1011
-0.418098456402414,-0.450464798045633,0.795824438260353,2578.84293333333,1608,1011
-0.393278468389288,-0.870138987699797,1.09005465107982,2579.61036666667,1609,1011
-0.38977465356819,-0.884488017796959,1.09356167249566,2579.64373333333,1609,1011
-0.382973165922296,-0.895693664375828,1.09615356993432,2579.6771,1609,1011
-0.375821461947872,-0.909739143211418,1.10048651747162,2579.71046666667,1609,1011
-0.367350322625895,-0.921555449823594,1.10345254552062,2579.74383333333,1609,1011
-0.36180405268379,-0.932976373418332,1.1055341371873,2579.7772,1609,1011
-0.343980769038117,-1.00984223264549,1.32341190788812,2580.578,1610,1011
-0.335922740649033,-1.01110071320567,1.33471107599794,2580.61136666667,1610,1011
-0.326483344902963,-1.0151187445451,1.34800983932984,2580.64473333333,1610,1011
-0.318989133734671,-1.01784959757336,1.36017409626235,2580.6781,1610,1011
-0.313294159857064,-1.01744409659194,1.37041556038003,2580.71146666667,1610,1011
-0.309218721051511,-1.01406566923452,1.37888142595852,2580.74483333333,1610,1011
-0.309478063128358,-1.01241719357648,1.38662838039066,2580.7782,1610,1011
-0.192014464191443,-0.637117290221709,1.38325290210624,2581.71246666667,1611,1011
-0.181839885026789,-0.62894003947921,1.38311926806667,2581.74583333333,1611,1011
-0.169317943456745,-0.618248278566526,1.38283878797106,2581.7792,1611,1011
-0.160329552043726,-0.60993966816329,1.38484474578561,2581.81256666667,1611,1011
-0.152332492312921,-0.601464000638227,1.38760148466934,2581.84593333333,1611,1011
-0.142097819804027,-0.587650230639711,1.38590966023573,2581.8793,1611,1011
-0.130988592878071,-0.571615780817278,1.38477230547663,2581.91266666667,1611,1011
-0.152594840962816,-0.577266012696866,1.21597860735956,2582.84693333333,1612,1011
-0.163996403494331,-0.595974773618877,1.1989954601295,2582.8803,1612,1011
-0.176118562477104,-0.606914719970764,1.17364185965696,2582.91366666667,1612,1011
-0.188461760468168,-0.618385660562066,1.14845265342336,2582.94703333333,1612,1011
-0.198200084220297,-0.62719858306089,1.12156324041744,2582.9804,1612,1011
-0.203393886252803,-0.630681928739807,1.09442360526048,2583.01376666667,1612,1011
-0.153302896120679,-0.604818509777588,0.733987675629254,2583.81456666667,1613,1011
-0.161796348128498,-0.605860160674565,0.728630080124625,2583.84793333333,1613,1011
-0.172107190536022,-0.609961978302399,0.722366248008905,2583.8813,1613,1011
-0.181764761532974,-0.613314215026676,0.715558378133978,2583.91466666667,1613,1011
-0.617992550023048,-0.44868799563789,0.73696292278239,2584.81556666667,1614,1011
-0.627668744573714,-0.439541434208336,0.75120859818195,2584.84893333333,1614,1011
-0.640313367852413,-0.431127585544118,0.766830666134051,2584.8823,1614,1011
-0.649233409139511,-0.418219669604591,0.780958665962286,2584.91566666667,1614,1011
-0.661876101184714,-0.408513255768712,0.796753336248262,2584.94903333333,1614,1011
-0.669349873084972,-0.391097954488205,0.809128156633365,2584.9824,1614,1011
-0.637675032797377,-0.100738257474108,1.20764032673109,2585.71646666667,1615,1011
-0.629146856866087,-0.0915427271913167,1.22221706964355,2585.74983333333,1615,1011
-0.621313070744907,-0.0834269103869327,1.23831731018794,2585.7832,1615,1011
-0.613707030066711,-0.0755785601201415,1.25368411246417,2585.81656666667,1615,1011
-0.606701443400636,-0.0665094553404529,1.26737065273098,2585.84993333333,1615,1011
-0.60419617493101,-0.0564152162253686,1.27921506207243,2585.8833,1615,1011
-0.600566986180031,-0.0419124436158909,1.28703370126589,2585.91666666667,1615,1011
-0.601408971778625,-0.0282473075241129,1.29534095621325,2585.95003333333,1615,1011
-0.601875621754787,-0.0124660028460826,1.30241038699248,2585.9834,1615,1011
0.0645684092034203,0.31385091483906,1.33103376682784,2586.9844,1616,1012
0.082131380725927,0.295251732584389,1.33215061612389,2587.01776666667,1616,1012
0.100164139482167,0.271245950913527,1.33120114083288,2587.05113333333,1616,1012
0.115952204581269,0.245814623158162,1.32621426351695,2587.0845,1616,1012
0.131095815239063,0.21882841575986,1.3171194886372,2587.11786666667,1616,1012
0.145734311107107,0.190373923702417,1.30598034619271,2587.15123333333,1616,1012
0.162904029147941,0.164407000702395,1.29320591101255,2587.1846,1616,1012
0.180289061898756,0.139529436684283,1.28369372015015,2587.21796666667,1616,1012
0.0587826903587046,-0.0115745947186197,1.18837662836325,2588.01876666667,1617,1012
0.0385196611429889,-0.0139849496946963,1.19042338113211,2588.05213333333,1617,1012
0.00934898541693119,-0.0188275531417476,1.1940426037653,2588.0855,1617,1012
-0.0241605516038856,-0.0245957760472596,1.19840812875561,2588.11886666667,1617,1012
-0.0615666130104857,-0.0303799753483186,1.20237844193432,2588.15223333333,1617,1012
-0.095147929268335,-0.0316536242085667,1.20441299115537,2588.1856,1617,1012
-1.01527145433287,-1.39258621532992,0.583400831066786,2588.1856,1618,1013
2.86653367303875,2.97539520917676,0.0742586007379915,2588.21896666667,1619,1014
2.869089630322,2.97591083129595,0.0741478290800089,2588.25233333333,1619,1014
-0.324737714545111,-0.167503172271279,0.956576670070091,2589.1866,1620,1015
-0.325000790286818,-0.179383001171754,0.94614077744993,2589.21996666667,1620,1015
-0.324894362633349,-0.188473310662226,0.935420717111049,2589.25333333333,1620,1015
-0.326063163256996,-0.198871809072026,0.924855732191207,2589.2867,1620,1015
-0.327454942651088,-0.20881464057252,0.914988143211419,2589.32006666667,1620,1015
-0.328885222747636,-0.217160462191143,0.905097629494924,2589.35343333333,1620,1015
-0.3174538648309,-0.213875906111378,0.753230501771575,2590.42116666667,1621,1016
-0.319813622495213,-0.206327850107493,0.750360434139209,2590.45453333333,1621,1016
-0.32444844557165,-0.199991710846361,0.747608515413243,2590.4879,1621,1016
-0.330690544683609,-0.194070851450031,0.74507286080888,2590.52126666667,1621,1016
-0.334323018940119,-0.183851618206861,0.741677688834901,2590.55463333333,1621,1016
-0.354053588092346,-0.0131470598341586,0.720816209673581,2591.22196666667,1622,1016
-0.354033389921056,-0.00537080231010367,0.727359914699778,2591.25533333333,1622,1016
-0.356352209266661,0.000593998335843726,0.733385224911118,2591.2887,1622,1016
-0.357836490160633,0.00470950596547881,0.73913268788722,2591.32206666667,1622,1016
-0.358063127710056,0.00873327284984582,0.744287273434363,2591.35543333333,1622,1016
2.84539951156055,2.97286889452989,0.123286441323863,2592.35643333333,1623,1017
2.84505609013215,2.97250240883752,0.123368237524355,2592.3898,1623,1017
2.84487646635026,2.97180927307318,0.122106206104615,2592.42316666667,1623,1017
-0.354823279817649,0.309215538167436,0.973942507070632,2592.4899,1624,1018
-0.352209246399666,0.317702781842176,0.986190219951944,2592.52326666667,1624,1018
-0.351615529829571,0.323950321930166,0.999417849880052,2592.55663333333,1624,1018
-0.351026678531342,0.327960454365816,1.01316364681114,2592.59,1624,1018
-0.350508134092854,0.330970351302078,1.02563733291249,2592.62336666667,1624,1018
-0.351368702506438,0.333521427624097,1.03722884622344,2592.65673333333,1624,1018
-0.351007867736708,0.33647323425604,1.04655262771887,2592.6901,1624,1018
-0.351672121744153,0.338117110500318,1.05497143319765,2592.72346666667,1624,1018
-0.405806984135391,0.529183032784926,1.16423385257708,2593.4909,1627,1018
-0.41516755813562,0.540821065460192,1.17309924480746,2593.52426666667,1627,1018
-0.425306744103462,0.55293040464158,1.18555642714585,2593.55763333333,1627,1018
-0.435686734943569,0.562918554128752,1.19893382606707,2593.591,1627,1018
-0.444470425464102,0.570279340508628,1.21140070124909,2593.62436666667,1627,1018
-0.452577603387205,0.577533598690516,1.22351910248436,2593.65773333333,1627,1018
-0.461227192382289,0.586018559204069,1.23556704190324,2593.6911,1627,1018
-0.467028869115666,0.596716602534082,1.24481309731962,2593.72446666667,1627,1018
-0.475414863024551,0.608198849919083,1.2543007087435,2593.75783333333,1627,1018
-0.695960109051831,1.92798459643645,0.6576504091146,2592.52326666667,1625,1019
-0.701996509412484,1.93175847078652,0.655688851782849,2592.55663333333,1625,1019
-0.70759922534899,1.93651269574724,0.65306034761013,2592.59,1625,1019
-0.713414022519795,1.9418008049078,0.650900783511769,2592.62336666667,1625,1019
-0.716110422654126,1.94660484304872,0.653999650987947,2592.65673333333,1625,1019
-0.669794761017739,1.91527293140761,0.672091519073058,2593.35743333333,1626,1019
-0.671463362110796,1.91700925208926,0.672757484936321,2593.3908,1626,1019
-0.672521644002166,1.91834866657886,0.672359649960495,2593.42416666667,1626,1019
-0.67017921009822,1.92066385791392,0.673338459171283,2593.45753333333,1626,1019
-0.647329280931017,1.94473231233831,0.668599024629877,2594.22496666667,1628,1019
-0.648142551498467,1.94811385875255,0.66362744947415,2594.25833333333,1628,1019
-0.648416799476041,1.9518258903848,0.659253003405025,2594.2917,1628,1019
-0.646828935938489,1.95566523644652,0.657124137168439,2594.32506666667,1628,1019
-3.40828991102254,-3.66731411859495,0.748177456475078,2594.6921,1629,1020
-3.83696107670969,-2.9669841889404,0.893593223478253,2595.65973333333,1631,1020
-3.8724705176254,-2.91163902285979,0.897778734421478,2595.72646666667,1632,1020
-0.896829217630984,1.0314083911789,1.4493210677871,2595.1926,1630,1021
-0.90903314141552,1.03496751755217,1.44764586516192,2595.22596666667,1630,1021
-0.920549157133365,1.03701010763823,1.44551570226699,2595.25933333333,1630,1021
-0.930981921894284,1.0395236534178,1.44291945559204,2595.2927,1630,1021
-0.941352058317271,1.04301257997597,1.43937775348648,2595.32606666667,1630,1021
-0.95414713377704,1.04857836323405,1.43379329740089,2595.35943333333,1630,1021
-0.965476072289058,1.05507139066419,1.42752759497669,2595.3928,1630,1021
-1.1966123740367,0.665485972118391,1.36000523981463,2596.22696666667,1633,1021
-1.19968257151287,0.637469501796641,1.36281473197849,2596.26033333333,1633,1021
-1.20297331686639,0.604947596805751,1.36552558451528,2596.2937,1633,1021
-1.20595338422511,0.574077224522271,1.36844482384075,2596.32706666667,1633,1021
-1.20893541515172,0.538456740133536,1.37154717719797,2596.36043333333,1633,1021
-1.20730622253342,0.509437972874457,1.37349638044307,2596.3938,1633,1021
-1.21059356872923,0.474782559637322,1.37836048801259,2596.42716666667,1633,1021
-0.95283411797328,-0.205582500321017,1.38427911324685,2597.26133333333,1635,1021
-0.945874141751864,-0.229328017584618,1.38677223211978,2597.2947,1635,1021
-0.938139562932881,-0.252438792719368,1.3891668472894,2597.32806666667,1635,1021
-0.929112761445898,-0.275010816989448,1.39305913800493,2597.36143333333,1635,1021
-0.924763960261581,-0.296465222320988,1.39692811936605,2597.3948,1635,1021
-0.919000529309787,-0.314150626132193,1.39926804043408,2597.42816666667,1635,1021
-0.915504978831725,-0.33155248260834,1.39817660297487,2597.46153333333,1635,1021
-1.64845917178666,-1.53016250498787,0.680468395386947,2596.36043333333,1634,1022
-1.63433366146456,-1.53249952562402,0.684043617072443,2596.3938,1634,1022
-1.61064717369923,-1.5235056021402,0.684442136397828,2596.42716666667,1634,1022
-1.59177257630356,-1.52364002301849,0.686756591253623,2596.46053333333,1634,1022
-1.4535471326547,-1.39935534753715,0.846636725254506,2597.32806666667,1636,1022
-1.44473303489034,-1.40075270700679,0.846949662396831,2597.36143333333,1636,1022
-4.41615085803416,-1.70174721040111,1.16676262709541,2597.96203333333,1637,1023
-0.970316335500615,-0.624834836764354,1.36048358853563,2598.52926666667,1638,1024
-0.974498959399165,-0.625521179430408,1.36103654148896,2598.56263333333,1638,1024
-0.977395307364494,-0.62520370006093,1.35938104627347,2598.596,1638,1024
-0.983024197291177,-0.628152080114411,1.35900307480178,2598.62936666667,1638,1024
-0.989373402528948,-0.631387152098544,1.35721405574808,2598.66273333333,1638,1024
-0.99701744137661,-0.635078177537422,1.35525734599499,2598.6961,1638,1024
-0.988765850412261,-1.41048743944272,0.830609601226696,2598.596,1639,1025
-0.987068663166039,-1.40771314442452,0.838398968683672,2598.62936666667,1639,1025
-0.984118117442175,-1.40450961700474,0.849050035027425,2598.66273333333,1639,1025
-0.97999232055876,-1.40303983637508,0.860214398086126,2598.6961,1639,1025
-4.35687288445406,-1.45615967844533,1.22283883066033,2599.12986666667,1640,1026
-4.36493387843125,-1.46469386706396,1.22561851336467,2599.16323333333,1640,1026
-0.677261492538665,-1.13647096988829,0.981128038176353,2599.6971,1641,1027
-0.66187328318168,-1.12751879910544,0.979056603268488,2599.73046666667,1641,1027
-0.6398980304664,-1.10965292452221,0.970898889686097,2599.7972,1643,1027
-1.59242808418267,-0.506042512085885,1.17315969576396,2599.76383333333,1642,1028
-1.6045586323752,-0.506392698766272,1.17141367588994,2599.7972,1642,1028
-1.62304239299051,-0.506161434758846,1.17088552939794,2599.83056666667,1642,1028
-1.63978398509157,-0.507526846541923,1.17094942526437,2599.86393333333,1642,1028
-1.65793177659468,-0.510557684146981,1.17492869205555,2599.8973,1642,1028
-1.67106579895513,-0.511976881781495,1.17798248258853,2599.93066666667,1642,1028
-2.01940750811787,-0.392636852405028,1.34438037070509,2600.76483333333,1645,1028
-2.03226422784162,-0.38866271615068,1.35861780125471,2600.7982,1645,1028
-2.0516870169027,-0.389521036555232,1.37468561860853,2600.83156666667,1645,1028
-2.06896276514376,-0.390113304594757,1.38872866189683,2600.86493333333,1645,1028
-4.67973323788903,-1.12602649762999,1.25789195815713,2600.6981,1644,1029
-4.68820193114807,-1.10339852941527,1.25950160486107,2600.73146666667,1644,1029
-4.68322840032538,-1.0826773172712,1.25820679842967,2600.76483333333,1644,1029
-0.484572317599599,-0.378451644194044,0.179320088766157,2601.4989,1646,1030
-0.484604666252604,-0.380997538724797,0.179779283003965,2601.53226666667,1646,1030
-0.484620001677332,-0.378554476314157,0.179380878289611,2601.56563333333,1646,1030
-0.484752436595391,-0.378937121291645,0.179352461047812,2601.599,1646,1030
-0.484064528176696,-0.378856563261874,0.179708644766475,2601.63236666667,1646,1030
-0.483750022339686,-0.378514283629084,0.179985726834365,2601.66573333333,1646,1030
-0.485154543043959,-0.380214059628779,0.179031473407616,2601.6991,1646,1030
-0.48545283478003,-0.380844304648251,0.179445139547883,2601.73246666667,1646,1030
-2.92239761709544,0.0298501597351157,1.30743167751776,2602.43316666667,1647,1031
-2.93161895229416,0.0383962141443562,1.30042441384795,2602.46653333333,1647,1031
-2.9461019390394,0.0442481023188054,1.29336655092197,2602.4999,1647,1031
-2.95130266234112,0.053813538486627,1.2853601080106,2602.53326666667,1647,1031
-2.9246884319404,0.315042738555668,1.57960582500819,2603.56763333333,1648,1032
-2.92270382438796,0.323367846915572,1.58726662944413,2603.601,1648,1032
-2.91544688682954,0.331842218305579,1.59615436495108,2603.63436666667,1648,1032
-2.91232670988731,0.337457173144794,1.60137288390444,2603.66773333333,1648,1032
-2.90265621911469,0.345276713354655,1.6044015648856,2603.7011,1648,1032
-2.84063433066438,0.853770005922369,1.62959751211701,2604.76883333333,1649,1033
-2.83907432303401,0.868893649248537,1.63842794361066,2604.8022,1649,1033
-2.83030785027808,0.887093416025535,1.64892079120042,2604.83556666667,1649,1033
-2.82696426013591,0.905067326852179,1.65783555279479,2604.86893333333,1649,1033
-2.82565520467888,0.924104407100765,1.66453822431444,2604.9023,1649,1033
-4.76685299883665,3.69483751365928,1.50047268418878,2604.93566666667,1650,1034
-4.06287427649688,3.36930729987088,1.59469918268924,2605.63636666667,1653,1034
-4.0376314510217,3.35562933901512,1.59826719362103,2605.66973333333,1653,1034
-4.51696935057057,0.898710042007235,1.55916700561821,2605.5029,1651,1035
-4.50084400751697,0.911348250230845,1.54934217964354,2605.53626666667,1651,1035
-4.49105411634489,0.92215475644309,1.54201540438954,2605.56963333333,1651,1035
-0.483152312542926,-0.382765783805196,0.187770149684596,2605.603,1652,1036
-2.40192316123708,1.15154731722805,1.87711586452578,2606.27033333333,1654,1037
-2.37930970172778,1.13151892236075,1.88177931815818,2606.3037,1654,1037
-2.35197880273352,1.10596542264768,1.887460517435,2606.33706666667,1654,1037
-2.32318836265798,1.08070071949156,1.89312102548859,2606.37043333333,1654,1037
-2.29372945531873,1.05454873262767,1.89797442410565,2606.4038,1654,1037
-2.26580865329737,1.02728315528237,1.90246542485367,2606.43716666667,1654,1037
-2.23482499091619,1.00105105055838,1.90487763886223,2606.47053333333,1654,1037
-4.4385653244004,1.25289727779082,1.41708537187158,2606.604,1655,1038
-4.42988163182384,1.26232473368914,1.41231546941125,2606.63736666667,1655,1038
-2.89156859093465,2.45596729366475,1.54269059834796,2606.8042,1656,1039
-2.85595222164198,2.42820489689989,1.53512357240771,2606.83756666667,1656,1039
-2.82652948511824,2.40030792368765,1.52702541815452,2606.87093333333,1656,1039
-2.80056724851779,2.37179133875483,1.51840141104366,2606.9043,1656,1039
-2.76615401036375,2.33993091439308,1.50603993017235,2606.93766666667,1656,1039
-1.142155855424,0.126692769824184,1.7010693912229,2607.53826666667,1657,1040
-1.1109058864464,0.112421871998172,1.69374605054579,2607.57163333333,1657,1040
-1.08304273378265,0.0987922273609719,1.68818151655423,2607.605,1657,1040
-1.04820843208488,0.0870731389835059,1.67797116368466,2607.63836666667,1657,1040
-1.0173069969012,0.0739066478663331,1.66881616185131,2607.67173333333,1657,1040
-0.982841396939594,0.0609841632678116,1.65691683448213,2607.7051,1657,1040
-0.211877573743656,-0.26149836102887,1.38501089449453,2608.37243333333,1661,1040
-0.184851028627895,-0.282462891565885,1.37728949987743,2608.4058,1661,1040
-0.155625853282452,-0.308367161844203,1.36862880399539,2608.43916666667,1661,1040
-0.127027654756443,-0.334470722291169,1.35975344306572,2608.47253333333,1661,1040
-0.098644218388257,-0.356941530711078,1.34967000181563,2608.5059,1661,1040
-0.0702516184844161,-0.379270462842574,1.33922077252126,2608.53926666667,1661,1040
-0.0411414900922672,-0.39745886271407,1.32759775785365,2608.57263333333,1661,1040
0.334174609814615,-0.719784725427788,1.00861304777893,2609.5069,1663,1040
0.331606561137891,-0.739387286407319,0.999977619115101,2609.54026666667,1663,1040
0.331049346649231,-0.760488966697279,0.990176993696557,2609.57363333333,1663,1040
0.331070461668263,-0.78358180309383,0.980327817286093,2609.607,1663,1040
0.332191968966936,-0.802519457592661,0.968784090336336,2609.64036666667,1663,1040
0.334477682552897,-0.824218874652022,0.95533735566317,2609.67373333333,1663,1040
0.334671645813656,-0.848983753748839,0.943138808098899,2609.7071,1663,1040
-2.19566166998778,1.5591362402259,1.23000957413992,2607.605,1658,1041
-2.17329026495222,1.52088627556181,1.21875422575799,2607.63836666667,1658,1041
-2.14443135363057,1.48184047124146,1.20510052826626,2607.67173333333,1658,1041
-2.12067175478347,1.44300832563889,1.19156546799524,2607.7051,1658,1041
-2.09235379689887,1.40619866745862,1.17758859965811,2607.73846666667,1658,1041
-4.46649080908843,1.31582960308062,1.35105045329331,2607.7051,1659,1042
-4.470130985263,1.32293209902413,1.34929279272906,2607.73846666667,1659,1042
2.84252112879141,2.97699347765012,0.138794293788512,2607.77183333333,1660,1043
2.84212054137017,2.97634737607102,0.139435230479919,2607.8052,1660,1043
-1.5934872322613,0.483108657136361,0.982764535180337,2608.53926666667,1662,1044
-4.28728026907159,1.66870915761148,1.46453924406233,2609.77383333333,1664,1045
-4.28301228154331,1.68095462276818,1.4697669459757,2609.8072,1664,1045
-4.27782524815896,1.69141824666301,1.47132128820475,2609.84056666667,1664,1045
-4.28266136727883,1.70040611436909,1.47596406901703,2609.87393333333,1664,1045
0.115928193275421,-0.946331329260601,0.412788733741841,2610.9083,1665,1046
0.107318412087385,-0.928465806267664,0.40826291510214,2610.94166666667,1665,1046
0.095485731618199,-0.921953100412168,0.402680337612013,2610.97503333333,1665,1046
0.0827242558546438,-0.91911703362713,0.396476398718967,2611.0084,1665,1046
0.0786345420475957,-0.889315871797571,0.398244637692578,2611.04176666667,1665,1046
-0.234435564682726,-0.812286022594106,0.520151363073219,2611.7091,1667,1046
-0.247715554228068,-0.811826596882925,0.526615234615384,2611.74246666667,1667,1046
-0.260219975094111,-0.805164098069104,0.533903941400179,2611.77583333333,1667,1046
-0.27751270093939,-0.810674611772123,0.537552061845092,2611.8092,1667,1046
-0.470030417593185,-0.518121214344415,0.528342692384156,2612.5099,1669,1046
-0.481645303264008,-0.501211090237337,0.535206788947768,2612.54326666667,1669,1046
-0.493894541637834,-0.481734013984087,0.543762114589897,2612.57663333333,1669,1046
-0.505330577776574,-0.459298662350667,0.549487920655368,2612.61,1669,1046
-0.52044094696289,-0.445163429413631,0.554726920207542,2612.64336666667,1669,1046
-4.10025894186017,1.94367711339212,1.28141680193261,2611.07513333333,1666,1047
-4.09295005145485,1.94538930210191,1.28534071902791,2611.1085,1666,1047
-4.08490170426966,1.94692962165018,1.29241244998856,2611.14186666667,1666,1047
-3.90977393370529,1.96304225331749,1.49797132335973,2612.0094,1668,1047
-3.90672300409228,1.97617298556068,1.5071359875883,2612.04276666667,1668,1047
-3.89753557061442,1.99073787771425,1.51518992953774,2612.07613333333,1668,1047
-3.8934155021261,2.00465264310101,1.52380631295671,2612.1095,1668,1047
-3.49594984483105,2.59526678114414,1.49776469931312,2613.27733333333,1670,1048
-3.46810640089584,2.60102403381601,1.49262522066908,2613.3107,1670,1048
-3.45594797161922,2.61208616237481,1.49221408974806,2613.34406666667,1670,1048
-3.44454499017744,2.6203283654434,1.49016556452181,2613.37743333333,1670,1048
-3.28607637039258,2.61623181630294,1.55856414705665,2614.2116,1675,1048
-3.26613339387471,2.6134241825078,1.55741974427828,2614.24496666667,1675,1048
-3.24366776630948,2.60923668470869,1.55872866369261,2614.27833333333,1675,1048
-3.22332705449542,2.60607621400142,1.55935604114682,2614.3117,1675,1048
-2.88941133876321,2.61342037717104,1.5174419883925,2615.24596666667,1678,1048
-2.87798511795331,2.61631947574801,1.51783835109282,2615.27933333333,1678,1048
-2.87518346013621,2.62335708890201,1.51918511108683,2615.3127,1678,1048
-2.87125661192142,2.62881672349293,1.51787374124835,2615.34606666667,1678,1048
-1.95063097396639,-2.94450824443595,0.572236274227967,2613.34406666667,1671,1049
2.80708640575251,2.98643207790315,0.200181796564663,2613.37743333333,1672,1050
2.8089657622503,2.98489869135822,0.199898983283606,2613.4108,1672,1050
-0.643369681514204,-0.0414347820328747,0.505104123450328,2613.7111,1673,1051
-0.642460909089449,-0.0384331100825147,0.498991551875905,2613.74446666667,1673,1051
-0.643349771409883,-0.0345566120948273,0.493489269181003,2613.77783333333,1673,1051
-0.641776278243445,-0.0298042012408886,0.486264866535921,2613.84456666667,1674,1051
-0.570329139881675,-0.0200754671810526,0.453504843833603,2614.34506666667,1676,1051
-0.571047223509531,-0.0129478414464441,0.460473394433955,2614.37843333333,1676,1051
-0.571936732191379,-0.00662894984478124,0.467511329458357,2614.4118,1676,1051
-0.570261989536215,-0.00162970731081402,0.474430485349946,2614.44516666667,1676,1051
-0.569419373456009,0.000487933503664051,0.478185126681332,2614.47853333333,1676,1051
-0.565621518858849,0.00428539665239369,0.481184526966722,2614.5119,1676,1051
-0.53993537641112,0.148387273147294,0.52570531392518,2615.14586666667,1677,1051
-0.537521700772346,0.158471837779998,0.53209872590651,2615.17923333333,1677,1051
-0.535097861484893,0.168138352791829,0.538443621623162,2615.2126,1677,1051
-0.534138694113547,0.177771688919393,0.544401169918429,2615.24596666667,1677,1051
-0.533504188733549,0.187363496009731,0.548817943555644,2615.27933333333,1677,1051
-0.534223160810917,0.196763623258273,0.552326167953359,2615.3127,1677,1051
-2.65502017478571,2.96505652109985,1.60869546279215,2616.34706666667,1679,1052
-0.343551458300642,0.13016049529901,0.458170289615184,2616.44716666667,1680,1053
-0.33863574237858,0.115609796716947,0.443328957157757,2616.48053333333,1680,1053
-0.332358886600069,0.0999272032377717,0.427716737249071,2616.5139,1680,1053
-0.325404910440608,0.0856355099313233,0.41204166186952,2616.54726666667,1680,1053
-0.321198685751844,0.0707043271785874,0.399141245371321,2616.58063333333,1680,1053
-1.93628222385026,3.03731082561699,1.43469451501689,2617.38143333333,1681,1054
-1.92002478326444,3.04494247901993,1.42400884111339,2617.4148,1681,1054
-1.89112453833837,3.04946137801876,1.40728136270638,2617.44816666667,1681,1054
-1.60437737797531,3.44552751009281,1.25720466401747,2618.38243333333,1682,1054
-1.58082728259353,3.46166557452875,1.25531577451338,2618.4158,1682,1054
-1.56873476019505,3.48449635774715,1.25581871088095,2618.44916666667,1682,1054
-1.54903263614277,3.50016512633018,1.25564498253565,2618.48253333333,1682,1054
-1.18555258200997,3.77433671060846,1.29326079558254,2619.38343333333,1684,1054
-1.17315394946172,3.79080013365072,1.29746527880107,2619.4168,1684,1054
-1.1478946346166,3.79289260688013,1.2971334648912,2619.45016666667,1684,1054
-1.12663509635044,3.79893764387488,1.3003906895039,2619.48353333333,1684,1054
-1.10864492864557,3.8081139774269,1.30276208770411,2619.5169,1684,1054
-0.2596444102284,-0.131901075041842,0.155858513730929,2619.28333333333,1683,1055
-0.26492220027756,-0.13075346148805,0.153252737138608,2619.3167,1683,1055
-0.263227927066778,-0.129565551699536,0.152080085948748,2619.35006666667,1683,1055
-0.267678073205934,-0.131080960334559,0.153130127246748,2619.38343333333,1683,1055
-0.265763460647954,-0.128348230471499,0.153532389980702,2619.4168,1683,1055
-0.262805571831594,-0.127622468793086,0.15296932692729,2619.45016666667,1683,1055
3.77859531364431,-2.62289844833561,2.44611732225092,2620.1175,1685,1056
3.76944159983702,-2.60851135878512,2.45158851673048,2620.15086666667,1685,1056
3.78074811864291,-2.61975883572124,2.46604145930911,2620.18423333333,1685,1056
-0.613581664627472,3.99036606676536,1.17640599813222,2620.55126666667,1686,1057
-0.59687748589464,3.99115627148738,1.1724152804114,2620.58463333333,1686,1057
-0.583685226031156,3.99788201263193,1.16717998055728,2620.618,1686,1057
-0.572771126022568,4.0020223037601,1.16242239413877,2620.65136666667,1686,1057
-0.558166250116077,3.99656485282161,1.15522722422621,2620.68473333333,1686,1057
-0.456037099777248,4.26944154970318,0.959977672072859,2621.7191,1687,1058
-0.450494906874061,4.28855454574184,0.957206028452059,2621.75246666667,1687,1058
4.89817129831553,-2.36302176358866,1.08281955950729,2623.15386666667,1688,1059
4.92211547147604,-2.36466737667998,1.08405869122875,2623.18723333333,1688,1059
4.91472495796807,-2.33535277709435,1.08376332593416,2623.2206,1688,1059
-0.97246346481457,5.26351378255358,1.32134747810213,2624.1215,1689,1060
-0.209275656560453,-0.00516618453043427,0.210114134421672,2624.2216,1690,1061
-0.206831729760783,-0.00426413344617238,0.221097746130439,2624.25496666667,1690,1061
-0.203908229118242,-0.00774446726614197,0.232159954773542,2624.28833333333,1690,1061
-0.1989328986447,-0.0138520978929229,0.243053959986456,2624.3217,1690,1061
-0.197217941581754,-0.0232456071741162,0.255555389624658,2624.35506666667,1690,1061
-0.201978398808931,-0.0332754424170051,0.266326132227959,2624.38843333333,1690,1061
-5.06593900394228,3.96662789076036,1.62826855885752,2625.0224,1691,1062
-5.02320881955979,3.94129798968935,1.63487383281736,2625.05576666667,1691,1062
-4.99758108525704,3.92602106966655,1.64119918353142,2625.08913333333,1691,1062
-4.95205514709518,3.90081995505619,1.64606344733662,2625.1225,1691,1062
-0.485850663502435,-0.271475677845895,0.366421248664934,2625.48953333333,1692,1063
-0.489377112100985,-0.273560261238759,0.368736615417623,2625.5229,1692,1063
-0.497798385148,-0.278375404562943,0.37135522034428,2625.55626666667,1692,1063
-0.50462277592412,-0.27984962879416,0.37520338755739,2625.58963333333,1692,1063
-0.512901484058759,-0.279780447968176,0.379454214447282,2625.623,1692,1063
-0.678292382099093,-0.321158211019746,0.544912947144432,2626.59063333333,1694,1063
-0.677336054340819,-0.318610221248836,0.552748773107155,2626.624,1694,1063
-0.677780427915989,-0.314984892014567,0.561239328134722,2626.65736666667,1694,1063
-0.68156733648765,-0.312579739827824,0.570238015883453,2626.69073333333,1694,1063
-0.686944183043646,-0.308379607004439,0.577887812226668,2626.7241,1694,1063
-0.695309320887291,-0.303047578412214,0.584117523956923,2626.75746666667,1694,1063
-0.603381128880488,-0.218501558493657,0.54391712230905,2627.39143333333,1696,1063
-0.587653755607708,-0.217828652300715,0.548339903563598,2627.4248,1696,1063
-0.568406539708778,-0.215546521936609,0.553565225005876,2627.45816666667,1696,1063
-0.553950720452652,-0.21251609311047,0.560663846498546,2627.49153333333,1696,1063
-0.539209161294108,-0.205882366214652,0.567321401802472,2627.5249,1696,1063
-0.530303675516862,-0.203833744795925,0.573648588645387,2627.55826666667,1696,1063
-0.54401854729572,-0.0535766457982202,0.633090557526125,2628.2256,1698,1063
-0.550505444117643,-0.0446904520119404,0.629858418418178,2628.25896666667,1698,1063
-0.55112997651916,-0.0393396957839715,0.624640408976118,2628.29233333333,1698,1063
-3.69111164125218,3.39168498178725,1.74770159605164,2626.1235,1693,1064
-3.63355681397481,3.35802075931676,1.75084880177886,2626.15686666667,1693,1064
-3.59124553583237,3.33126725021901,1.75495690041487,2626.19023333333,1693,1064
-2.52146381600386,2.42785201820324,1.88055029853846,2627.19123333333,1695,1065
-2.50659162563456,2.39772731483852,1.89461320319731,2627.2246,1695,1065
-2.49540783504599,2.36563076354579,1.91324693797924,2627.25796666667,1695,1065
-2.48145443263987,2.33616826724939,1.93234451062722,2627.29133333333,1695,1065
-2.46919906297067,2.30916022708592,1.95205854462676,2627.3247,1695,1065
-2.45378641921227,2.28171008805055,1.9703234089682,2627.35806666667,1695,1065
-2.43611159575093,2.25304792537362,1.98639233527211,2627.39143333333,1695,1065
-2.41912737297717,2.22168559864434,2.00299140475576,2627.4248,1695,1065
-0.800207820360869,2.83578623903231,1.67214643084992,2627.85856666667,1697,1066
-0.823896862012753,2.75353979070508,1.66215182965142,2627.89193333333,1697,1066
-0.859911089013727,2.67443681087474,1.65891142497262,2627.9253,1697,1066
-0.894019262222377,2.59363246337051,1.65511878632452,2627.95866666667,1697,1066
-0.937419371253705,2.52380812430407,1.65843844327668,2627.99203333333,1697,1066
-1.25355742840422,1.0594703132981,2.61194915412163,2628.69273333333,1699,1067
-1.22168469598137,1.04221299907894,2.62780513562724,2628.7261,1699,1067
-1.18655169629744,1.02421284235002,2.6463143373964,2628.75946666667,1699,1067
-1.15022656751281,1.00779248856904,2.66511938071437,2628.79283333333,1699,1067
-1.11305106371121,0.99309837539429,2.68338406332719,2628.8262,1699,1067
-1.07702007698431,0.979618351558093,2.70346757958928,2628.85956666667,1699,1067
-1.03908964296613,0.966666507294495,2.72227490518301,2628.89293333333,1699,1067
-1.00437192169004,0.954366533903134,2.74203451967654,2628.9263,1699,1067
-1.18308731271274,0.788223768209266,0.762210363020535,2629.1265,1700,1068
-1.17203832730278,0.804814243157303,0.739508591103137,2629.15986666667,1700,1068
-1.15947921483404,0.824927452160321,0.716734963359722,2629.19323333333,1700,1068
-1.14574907500161,0.846121554358504,0.695811838686366,2629.2266,1700,1068
-1.14386621010787,1.18561735639692,0.792776022956371,2630.09413333333,1704,1068
-0.716643328632673,-0.217453633890461,0.242003958750338,2629.3267,1701,1069
-0.669039556581642,-0.27495330112024,0.172513941917571,2629.46016666667,1702,1069
-0.159593246886295,0.695205482196132,2.75857708138299,2629.99403333333,1703,1070
-0.16634272144065,0.696230778523338,2.75251538407532,2630.0274,1703,1070
-0.172038906390108,0.697152290651182,2.74610188916076,2630.06076666667,1703,1070
-0.17803133251358,0.697235761034654,2.74109311404933,2630.09413333333,1703,1070
-0.183781132146111,0.696017598149107,2.73735750958127,2630.1275,1703,1070
0.00132095553851319,0.289972400981631,2.75220720014322,2630.9283,1705,1070
0.0136880916850953,0.24504211036561,2.75552907873997,2630.96166666667,1705,1070
0.0299046543667475,0.20174507999117,2.75680349114388,2630.99503333333,1705,1070
0.0477765232089479,0.157462192717015,2.76181812586281,2631.0284,1705,1070
0.0675050283388131,0.114710836900635,2.76766854759009,2631.06176666667,1705,1070
0.0898215274151541,0.0738914096750908,2.7705726873857,2631.09513333333,1705,1070
0.111536362988584,0.0320765956445638,2.77366258719785,2631.1285,1705,1070
0.249664694627853,-0.899123258040507,2.47602754254808,2631.9293,1706,1070
0.246471543096375,-0.942403760733772,2.46742274849445,2631.96266666667,1706,1070
0.243872784864981,-0.979988762351436,2.44912366583094,2631.99603333333,1706,1070
0.241149285110749,-1.0144873243035,2.42703872223382,2632.0294,1706,1070
0.237823179226493,-1.04794798874954,2.40606987038923,2632.06276666667,1706,1070
0.232807294976869,-1.08658799788311,2.3893698813395,2632.09613333333,1706,1070
-0.0505222456238408,-1.36852558845644,1.69885313162902,2632.89693333333,1707,1070
-0.07263801833558,-1.36754591571401,1.68113892272747,2632.9303,1707,1070
-0.0951954050563659,-1.36794950507866,1.66498455521148,2632.96366666667,1707,1070
-0.119900750582998,-1.36968520219491,1.65076206291885,2632.99703333333,1707,1070
-1.35492711596341,-0.948680736567445,1.20287226803101,2633.99803333333,1708,1071
-1.46385850011377,-0.90791589538272,1.17677093851695,2634.06476666667,1709,1071
-0.591815654098575,-0.222481711714344,0.265630296357644,2634.56526666667,1710,1072
-0.587551177654504,-0.229895231404832,0.272187946730653,2634.59863333333,1710,1072
-0.584390901993071,-0.233333268713969,0.280928596464961,2634.632,1710,1072
-0.584150237649393,-0.23266883228639,0.286308247108982,2634.66536666667,1710,1072
-0.582566566065845,-0.229536793893458,0.291242175353718,2634.69873333333,1710,1072
-0.583560856489727,-0.226890867366708,0.297290226875291,2634.7321,1710,1072
-0.582973944470938,-0.224619581450924,0.306499480664538,2634.76546666667,1710,1072
-0.568802397178164,-0.414371414137776,0.475711801205645,2635.56626666667,1711,1072
-0.566081423575982,-0.418681062047175,0.488279545401064,2635.59963333333,1711,1072
-0.562610152010309,-0.425102429524956,0.500427192050199,2635.633,1711,1072
-0.560464483617877,-0.430728173514932,0.512404034469279,2635.66636666667,1711,1072
-0.557157123857417,-0.435509588359014,0.524929814472758,2635.69973333333,1711,1072
-0.556202302577048,-0.44259576085494,0.538727896238855,2635.7331,1711,1072
-0.507395865323493,-0.439376683900651,0.853601771057755,2636.7341,1712,1073
-0.488780384061933,-0.423553087926339,0.859837615126415,2636.76746666667,1712,1073
-0.470210070679854,-0.408474510674811,0.86983141798644,2636.80083333333,1712,1073
-0.450714319916178,-0.390772450711246,0.881810482529446,2636.8342,1712,1073
-0.435872553938346,-0.375589028778499,0.895079818519071,2636.86756666667,1712,1073
0.127659122803189,-0.051254229296477,0.94052944637071,2637.56826666667,1714,1073
0.137717428047717,-0.0409084480241171,0.950902533082795,2637.60163333333,1714,1073
0.147366687098984,-0.0311164820767389,0.961186048864105,2637.635,1714,1073
0.158466899335394,-0.0198688567771206,0.970436246875436,2637.66836666667,1714,1073
0.169784252632891,-0.00968450322161574,0.978293859405774,2637.70173333333,1714,1073
0.180755599057865,-0.000304597458281486,0.984148676666591,2637.7351,1714,1073
0.189932871438152,0.00865839029986226,0.989897650040904,2637.76846666667,1714,1073
0.458070449059931,0.380470685595692,0.897485939745201,2638.56926666667,1715,1073
0.471219197997694,0.401661799440458,0.896931837919242,2638.60263333333,1715,1073
0.488269953534999,0.423610019269562,0.898607397965252,2638.636,1715,1073
0.50633449266655,0.44208584761266,0.90265412026816,2638.66936666667,1715,1073
0.524189961494453,0.45715367335912,0.908059547814076,2638.70273333333,1715,1073
0.541401199936954,0.470611169003513,0.91333485387063,2638.7361,1715,1073
0.557569892193158,0.482112220220594,0.917482849333406,2638.76946666667,1715,1073
0.572882794223309,0.490087343880225,0.9222976644738,2638.80283333333,1715,1073
0.771738221067939,0.691114865426863,0.901682361467478,2639.637,1716,1073
0.773585563463214,0.706545064927874,0.912976409189098,2639.67036666667,1716,1073
0.775553722896059,0.722037919105927,0.923839359100953,2639.70373333333,1716,1073
0.777018370615032,0.737507858978646,0.930422684334583,2639.7371,1716,1073
0.777287268128039,0.751534911359807,0.933848702402553,2639.77046666667,1716,1073
0.777130849814335,0.763334065988002,0.936575220742466,2639.80383333333,1716,1073
0.776968686397515,0.772938507559591,0.93756637462981,2639.8372,1716,1073
0.776819226582509,0.781950378093291,0.938022696668742,2639.87056666667,1716,1073
0.521006850889566,1.15930233327872,1.0708659049622,2640.77146666667,1717,1073
0.49680282551789,1.16886932609173,1.07923919191074,2640.80483333333,1717,1073
0.472273063284349,1.17701604612715,1.08856396163407,2640.8382,1717,1073
0.447271348530664,1.18282817564394,1.09851276395459,2640.87156666667,1717,1073
0.422549933021238,1.1874131030873,1.10787663472209,2640.90493333333,1717,1073
0.397507040352615,1.19364066590366,1.11434690816759,2640.9383,1717,1073
0.371830257316184,1.19985384335614,1.11837099438628,2640.97166666667,1717,1073
0.34639879960284,1.20435132338547,1.12271037980553,2641.00503333333,1717,1073
0.314844888533773,1.52629598364355,1.101699255943,2641.77246666667,1718,1073
0.317509716039627,1.53681397687769,1.10063566040645,2641.80583333333,1718,1073
0.320678928500472,1.5505578306093,1.09892268766303,2641.8392,1718,1073
0.325117321200489,1.56668863106435,1.09595818433752,2641.87256666667,1718,1073
0.329650979197185,1.58463171507264,1.0915213534193,2641.90593333333,1718,1073
0.333161666175022,1.6039876145483,1.08785845141887,2641.9393,1718,1073
0.336565457833693,1.62015513054612,1.08656226214892,2641.97266666667,1718,1073
0.340780292362668,1.63423052459809,1.0865393003184,2642.00603333333,1718,1073
0.344255447989029,1.64682673051596,1.08644791071927,2642.0394,1718,1073
0.253875780364824,1.84442026277895,1.04018657545424,2642.90693333333,1719,1073
0.252352048353978,1.85101461467123,1.03503541312214,2642.9403,1719,1073
0.250863317005135,1.85838556798105,1.0300844319027,2642.97366666667,1719,1073
0.249889617503152,1.86688477424535,1.02493526275431,2643.00703333333,1719,1073
0.248130652837884,1.87324185964143,1.01971879615901,2643.0404,1719,1073
0.245487030542573,1.87969067073162,1.01354182061101,2643.07376666667,1719,1073
0.240618491692332,1.88595881789943,1.00683377682959,2643.10713333333,1719,1073
0.23438106223881,1.89082691720862,0.999292160823755,2643.1405,1719,1073
-0.387102321304053,-2.56655844384512,0.401786642259612,2637.1345,1713,1074
-0.382867085362659,-2.51557273693345,0.406817000902696,2637.16786666667,1713,1074
-0.38858131665032,-2.4809058455428,0.417841962713775,2637.20123333333,1713,1074
0.347264191536271,2.4791011670359,1.1332859981208,2644.97566666667,1720,1075
0.346393459571898,2.48906229194091,1.14726555559916,2645.00903333333,1720,1075
0.345654801940244,2.50032335897756,1.16278186298743,2645.0424,1720,1075
0.344540760116339,2.51114471651427,1.17854892803989,2645.07576666667,1720,1075
0.343349827975504,2.52344425061154,1.19524486609063,2645.10913333333,1720,1075
0.344085786898494,2.53680471026405,1.20851553272659,2645.1425,1720,1075
0.347010797121586,2.55202887656389,1.22115811942209,2645.17586666667,1720,1075
-1.9997068308813,-0.186395579611383,0.958944517323038,2647.41143333333,1721,1076
-1.99985284360227,-0.188607139440127,0.964443098263712,2647.4448,1721,1076
-1.99969186992289,-0.190912886180358,0.972628404758179,2647.47816666667,1721,1076
-1.99637049203421,-0.191245126222462,0.980126188833356,2647.51153333333,1721,1076
-0.62629941953051,-2.02975635874924,0.288861663382086,2648.5459,1722,1077
-0.628507866516794,-2.03698985923513,0.304999462603113,2648.57926666667,1722,1077
-0.622387572539199,-2.03351380307713,0.317748061688789,2648.61263333333,1722,1077
-0.615661952469326,-2.02122731317749,0.327558841906576,2648.646,1722,1077
-0.251852379490657,3.90803891168499,1.30629687995104,2649.38006666667,1723,1078
-0.248856983829874,3.90720986345001,1.30449778500733,2649.41343333333,1723,1078
2.82047774860381,2.98271666038493,0.181127306798669,2654.18486666667,1724,1079
2.82133990260533,2.98208002603855,0.180060186631102,2654.21823333333,1724,1079
2.82348438063026,2.98223753835171,0.179480810332759,2654.2516,1724,1079
-1.74791452202087,5.09155025131653,1.41102320424987,2654.81883333333,1725,1080
-1.7489033064944,5.07465681340765,1.42399111649283,2654.8522,1725,1080
-1.73045684033732,5.03031236878711,1.4294207357541,2654.88556666667,1725,1080
5.00672555084361,4.77616748191791,0.250704506645973,2655.28596666667,1726,1081
5.01757063585492,4.78625556713872,0.250518280566127,2655.31933333333,1726,1081
-1.44621666580788,3.67748674711774,1.42312559221942,2656.32033333333,1727,1082
-1.4419703726072,3.64806875483323,1.4212079338581,2656.3537,1727,1082
-1.43253032930348,3.61540092921981,1.41914168476182,2656.38706666667,1727,1082
-1.42684892674809,3.58676185158248,1.41862260760398,2656.42043333333,1727,1082
-1.41268442185592,3.55037554986734,1.4145530107259,2656.4538,1727,1082
-1.40724493951942,3.52062168084763,1.41191019003153,2656.48716666667,1727,1082
-1.39456080758834,3.48985277121503,1.40806745367361,2656.52053333333,1727,1082
-0.982816165643603,2.70335553994195,1.32748842148363,2657.3547,1729,1082
-0.968721952662663,2.67778917922422,1.32548257797129,2657.38806666667,1729,1082
-0.95069944801361,2.64589463278169,1.32357719321959,2657.42143333333,1729,1082
-0.93558833415894,2.61370092460891,1.3218636529378,2657.4548,1729,1082
-0.919834354277803,2.58074848418916,1.31968069704564,2657.48816666667,1729,1082
-0.904153859912113,2.54768323014033,1.31674074879218,2657.52153333333,1729,1082
-0.892713220600231,2.51660225356496,1.31504379445584,2657.5549,1729,1082
-0.882402724867737,2.49008140211581,1.31326174960033,2657.58826666667,1729,1082
-3.61399146859122,2.2033022508615,1.51068638406537,2657.12113333333,1728,1083
-3.55419194638661,2.16993439560466,1.52112081292208,2657.1545,1728,1083
-3.50076904082627,2.14087446698629,1.53101301315504,2657.18786666667,1728,1083
-3.45031838777583,2.10910374192897,1.54571208404194,2657.22123333333,1728,1083
-1.05717580888395,0.465267653542726,1.59340307808432,2658.62263333333,1730,1084
-1.0023368751926,0.427618212478463,1.57744382204474,2658.656,1730,1084
-0.957000070546247,0.387103986573461,1.56498382116471,2658.68936666667,1730,1084
-0.913768639367434,0.347086124248279,1.55228718355725,2658.72273333333,1730,1084
-0.350851973318326,1.33987889202662,1.06341947876164,2658.78946666667,1731,1085
-0.341341014803803,1.32474299772637,1.05380455250004,2658.82283333333,1731,1085
-0.330927480532791,1.3084290447969,1.04290248937214,2658.8562,1731,1085
-0.31984936070217,1.29434479304355,1.03255867515471,2658.88956666667,1731,1085
-0.30729771811614,1.28116917314096,1.02236547414364,2658.92293333333,1731,1085
-0.297217714801563,1.26988559359966,1.01332114485922,2658.9563,1731,1085
-0.288164671342642,1.25790970132652,1.00372297676217,2658.98966666667,1731,1085
-0.268197340653337,1.21348862254061,0.8670306219175,2659.52353333333,1732,1085
-0.269692418452539,1.21539386085467,0.865351211695438,2659.5569,1732,1085
-0.269706796727235,1.22011251659137,0.862318408749094,2659.59026666667,1732,1085
-0.268248815916203,1.22764396026439,0.859342998793961,2659.62363333333,1732,1085
-0.266468872941137,1.23850804887677,0.855865433918142,2659.657,1732,1085
-0.26394578160052,1.24979181214698,0.851559523477619,2659.69036666667,1732,1085
-0.265371651693452,1.2623414583757,0.847387614358403,2659.72373333333,1732,1085
0.407910953267945,-0.0279263475618383,1.22642460845644,2659.5569,1733,1086
0.440526305913267,-0.0287114000447782,1.22074167503773,2659.59026666667,1733,1086
0.476952487934379,-0.0328492581703115,1.21273905177824,2659.62363333333,1733,1086
0.510755515554448,-0.0366504562329828,1.20429675909211,2659.657,1733,1086
0.540264026223505,-0.04048031311706,1.19777051528986,2659.69036666667,1733,1086
1.18721637588732,-0.0251608547686524,1.07799624169654,2660.69136666667,1734,1087
1.21216161616385,-0.0141977565077711,1.07515235404702,2660.72473333333,1734,1087
1.2384742984281,-0.00436119835779747,1.07402172487637,2660.7581,1734,1087
1.26467795654938,0.00172128159007767,1.07478767983497,2660.79146666667,1734,1087
1.28627798385735,0.0068752488978957,1.0756186087002,2660.82483333333,1734,1087
1.94817580717735,0.111683184377702,0.90671819880514,2661.8592,1735,1088
1.97071934378865,0.109722943618737,0.898701568283463,2661.89256666667,1735,1088
2.00041910628831,0.106764423666117,0.889363028397194,2661.92593333333,1735,1088
2.02566433059878,0.106052319253787,0.880403053200639,2661.9593,1735,1088
-0.934781028005531,1.70760611237859,0.548948478625487,2661.89256666667,1736,1089
-0.935034938584198,1.70692095119249,0.547397954648511,2661.92593333333,1736,1089
2.46570371757819,0.736129153650394,0.629763038680081,2663.09376666667,1737,1090
2.4696365377421,0.757888644706472,0.62186523010696,2663.12713333333,1737,1090
2.48012576069763,0.783073105430348,0.615372075094898,2663.1605,1737,1090
2.48952979735498,0.808738197372607,0.611602722856315,2663.19386666667,1737,1090
2.49910483901956,0.833537670400219,0.608788404762615,2663.22723333333,1737,1090
2.85787794868825,2.95966037746223,0.0999192353146465,2664.09476666667,1738,1091
-1.04699610557191,1.35741960451596,0.680828783616405,2664.42843333333,1739,1092
-1.04582698912911,1.35750873074566,0.680677703065022,2664.4618,1739,1092
-0.893906237356733,1.71679870881596,0.511457514003471,2664.4618,1740,1093
-0.891996402712171,1.7170980428249,0.511723806728095,2664.49516666667,1740,1093
3.09098686013594,1.63192202890553,0.358788081470607,2665.09576666667,1741,1094
3.09815965507746,1.64167795264067,0.35343529925873,2665.12913333333,1741,1094
3.10907470282024,1.64897109383121,0.347681657077847,2665.1625,1741,1094
3.11830747082138,1.65690752329697,0.342653189262673,2665.19586666667,1741,1094
3.83919908634168,0.997065553573922,0.360428643104288,2666.73073333333,1742,1095
-0.61717574571936,-2.05847793429802,0.428748134726661,2666.9643,1743,1096
-0.613457817760435,-2.08138827513089,0.437360444450156,2666.99766666667,1743,1096
-0.600802990812192,-2.08466603866985,0.448164144170215,2667.03103333333,1743,1096
-0.237303542615969,-1.77025325380673,0.442109861679634,2667.89856666667,1744,1096
-0.225248721977831,-1.75365029518309,0.442463686777862,2667.93193333333,1744,1096
-0.209245725777392,-1.7337646284055,0.444857837552429,2667.9653,1744,1096
-0.18962456608113,-1.71845804427491,0.448818841316785,2667.99866666667,1744,1096
0.00175311177293525,-1.14051965008402,0.361793276553678,2668.8662,1745,1096
0.00427884597928008,-1.11898779592272,0.369949946153375,2668.89956666667,1745,1096
0.0131073687975244,-1.09237613375407,0.380739206809021,2668.93293333333,1745,1096
0.0215331339767488,-1.07121890326591,0.394691605187381,2668.9663,1745,1096
0.111967181682425,-0.973208356912598,0.690538217465104,2669.8672,1746,1096
0.117657582956617,-0.964080707362317,0.693597175153677,2669.90056666667,1746,1096
0.116640725451243,-0.972219058901928,0.698490971246441,2669.93393333333,1746,1096
0.117815944506793,-0.97340660821905,0.70209531810224,2669.9673,1746,1096
0.117875964905588,-0.976986952748837,0.706825103855797,2670.00066666667,1746,1096
-0.116781677736092,-0.813551007566919,0.605683880084018,2670.8682,1747,1096
-0.127154052640914,-0.809498178861281,0.604095388300962,2670.90156666667,1747,1096
-0.133082456687657,-0.795883138734366,0.604828097501047,2670.93493333333,1747,1096
-0.518622651839516,-0.597032019793421,0.47877860303678,2671.70236666667,1748,1096
-0.53432529057911,-0.58533610810598,0.477877291076858,2671.73573333333,1748,1096
-0.54871494225463,-0.568912349127496,0.478539927990675,2671.7691,1748,1096
-0.565949448659875,-0.553885025122314,0.481913965776876,2671.80246666667,1748,1096
-0.581172518087997,-0.536608703786562,0.486115832987858,2671.83583333333,1748,1096
-1.03106639152694,0.0495386378283748,0.523135792481086,2672.9703,1749,1097
-1.04256860573264,0.0597725915777155,0.524159654699991,2673.00366666667,1749,1097
0.15145735619026,0.420656694574845,0.15674619684603,2675.1725,1750,1098
0.172960821382496,0.42855776214343,0.153738168939204,2675.20586666667,1750,1098
0.171371851670923,0.417849475220926,0.144108719524398,2675.23923333333,1750,1098
0.171612018161759,0.419235841876162,0.142764939379539,2675.2726,1750,1098
11.3692114597136,3.90801777137005,0.252471842709841,2679.30996666667,1751,1099
-0.477185484220962,-0.492658973497918,0.148792288528078,2686.11676666667,1752,1100
0.213775044933216,0.438917824078653,0.120131887585,2687.01766666667,1753,1101
0.216360297500641,0.443802390734136,0.119320159709546,2687.05103333333,1753,1101
0.214617921007066,0.439104349002729,0.120298152437917,2687.0844,1753,1101
0.217220395145696,0.438089244379434,0.114690869944844,2688.05203333333,1754,1101
5.01282692755449,4.78026470326102,0.250268277185534,2689.1865,1755,1102
3.07363723860338,2.68794448618171,0.108188523086287,2689.7871,1756,1103
3.07031078853929,2.68813531368222,0.110572475934184,2691.95593333333,1757,1104
3.07179544622762,2.68821960670091,0.111222344657337,2691.9893,1757,1104
3.07239612790558,2.69030463264796,0.11143635190313,2692.02266666667,1757,1104
-0.978956233143789,1.55723468763696,0.634023463284931,2700.9983,1758,1105
-0.996715840794356,1.52759170721169,0.643006025674768,2701.03166666667,1758,1105
-1.01658659434822,1.49394885403943,0.652901604328491,2701.06503333333,1758,1105
-1.03517612094614,1.45850775374312,0.662863789882295,2701.0984,1758,1105
-1.05367308656217,1.42640423084068,0.671553482026184,2701.13176666667,1758,1105
-1.0672802148542,1.39596641769572,0.67979422940517,2701.16513333333,1758,1105
-4.13193518658917,1.32119173475403,1.16675615077348,2705.53616666667,1759,1106
-4.13218607885756,1.31438772738111,1.1697973376762,2705.56953333333,1759,1106
-4.12741409849155,1.30856413227611,1.1718874216002,2705.6029,1759,1106
-4.17870205264186,1.3313779838101,1.14331353186246,2706.57053333333,1760,1106
-3.88019398121084,1.45552877374033,1.14805801503642,2707.53816666667,1761,1106
-3.86143188394299,1.45885381044484,1.15486060844622,2707.57153333333,1761,1106
-3.50466175046899,1.80054409877624,1.08455118055537,2709.67363333333,1762,1107
-3.5128971784699,1.81327782956385,1.08873345849256,2709.707,1762,1107
3.06793999162,2.542112280419,0.183355794552431,2713.34396666667,1763,1108
3.07096542652843,2.54365991244778,0.182817863768048,2713.37733333333,1763,1108
0.214684141148149,0.451590041053996,0.117998261214226,2718.14876666667,1764,1109
3.06933666164492,2.54548248860402,0.184819438308181,2719.65026666667,1765,1110
3.06972912278232,2.54645590226898,0.1835576534403,2719.68363333333,1765,1110
-0.859309146547571,1.63483927857629,0.4081090908276,2725.95656666667,1766,1111
-0.859359272865036,1.63458898572964,0.408321616985179,2725.98993333333,1766,1111
-0.859742088943327,1.63470706933883,0.40790361699441,2726.0233,1766,1111
0.156298358573365,0.419020411671627,0.184768674482652,2726.69063333333,1767,1112
0.141503273241074,0.407100582542332,0.189480953592697,2726.724,1767,1112
0.121368696762912,0.390490141292709,0.194519870952706,2726.75736666667,1767,1112
0.101487965745376,0.373254426574423,0.202640289555351,2726.79073333333,1767,1112
-0.303652675140734,0.0342071535362429,0.287974967572534,2727.725,1770,1112
-0.313779997002176,0.0264737994479431,0.288429094739796,2727.75836666667,1770,1112
-0.323589014526798,0.0226153787022273,0.287934952994302,2727.79173333333,1770,1112
-0.336511969002822,0.0188817686759494,0.287353575224175,2727.8251,1770,1112
-0.438339636539295,-0.128082033249566,0.276626809420491,2728.49243333333,1771,1112
-0.436955447264996,-0.138656827630891,0.272102799204504,2728.5258,1771,1112
-0.432087495938737,-0.145837359962858,0.269620432008743,2728.55916666667,1771,1112
3.18678498737092,2.47788655295413,0.261685973771289,2726.75736666667,1768,1113
3.19352226969519,2.4755984905413,0.268716738492652,2726.79073333333,1768,1113
3.22862909104501,2.42477382875476,0.447271674726784,2727.65826666667,1769,1113
3.22160716760731,2.41944963000063,0.458812768213471,2727.69163333333,1769,1113
3.21366261551072,2.41219086960749,0.471718737051838,2727.725,1769,1113
3.21161666409194,2.40685813399425,0.482057773878979,2727.75836666667,1769,1113
3.20767631619388,2.4008967335416,0.491429691674928,2727.79173333333,1769,1113
3.32810297736011,-0.643819376049759,0.123866056023546,2729.25986666667,1772,1114
3.31677556597973,-0.63418104279658,0.132139176180433,2729.29323333333,1772,1114
3.31121772540961,-0.626201906620256,0.138789820314335,2729.3266,1772,1114
3.30362106862762,-0.616692367627486,0.145603500640719,2729.35996666667,1772,1114
3.52058605817867,0.700519354860871,0.689766310925424,2729.9272,1773,1115
3.52202425218763,0.651158681962031,0.690967863535759,2729.96056666667,1773,1115
3.50226725878773,0.613558045802218,0.693489635846214,2729.99393333333,1773,1115
3.5245947390054,0.552847744269964,0.697808508726517,2730.0273,1773,1115
2.85934403972938,-0.664216565320429,0.381171060692015,2730.5278,1774,1116
2.84050333854164,-0.671437734056313,0.389029428895714,2730.56116666667,1774,1116
2.82527141443445,-0.678602341018325,0.394061835657785,2730.59453333333,1774,1116
3.38313883860635,-0.997985488972993,0.78988139881565,2731.16176666667,1776,1116
3.37582489529198,-1.0240926904737,0.789086859827031,2731.19513333333,1776,1116
-0.435024339894735,0.0207426752356065,0.251913119335424,2730.6279,1775,1117
-0.434178754549214,0.0266759557711902,0.254310969459366,2730.66126666667,1775,1117
-0.329663847046094,-0.147112502244662,0.419037987068321,2731.39533333333,1777,1117
-0.322480821458781,-0.158415529371045,0.426251632957232,2731.4287,1777,1117
-0.315696240431833,-0.168175141459997,0.432440977531417,2731.46206666667,1777,1117
-0.000783296904220077,-0.551065516538303,0.531375927442806,2732.4297,1779,1117
0.012537907793886,-0.560312169907847,0.532739015408344,2732.46306666667,1779,1117
0.0259467453803492,-0.573306699910664,0.532482564005394,2732.49643333333,1779,1117
0.0377045802427333,-0.587427810784931,0.532370782740685,2732.5298,1779,1117
2.43034824809428,-0.624006382428581,0.620064870548029,2731.79573333333,1778,1118
2.41990702799797,-0.624074629070576,0.629765845936514,2731.8291,1778,1118
2.41460893986081,-0.628109553271561,0.64059343228132,2731.86246666667,1778,1118
2.41035328108142,-0.631868228932506,0.650436222423711,2731.89583333333,1778,1118
2.39930326198051,-0.629163853336851,0.659234498316811,2731.9292,1778,1118
2.39688407857925,-0.630908628284936,0.664758859100211,2731.96256666667,1778,1118
2.0692487717054,-0.517021181903217,0.602372391167382,2733.06366666667,1780,1119
2.07255960557477,-0.50687528284606,0.597066928556098,2733.09703333333,1780,1119
2.07737902639898,-0.49502207565048,0.59288325041253,2733.1304,1780,1119
2.08087425560447,-0.483912129701437,0.589465131058707,2733.16376666667,1780,1119
2.08304784560335,-0.471809440526713,0.587793236332737,2733.19713333333,1780,1119
2.08953139687478,-0.464127808024979,0.584450193010512,2733.2305,1780,1119
2.09241656801697,-0.455263553696391,0.580691559324527,2733.26386666667,1780,1119
2.02186350570809,-0.230062081160944,0.516429042689419,2734.19813333333,1782,1119
2.01857471694733,-0.225079903083423,0.520070717910959,2734.2315,1782,1119
2.01436604618647,-0.219525070347921,0.523728951478247,2734.26486666667,1782,1119
2.00995226546917,-0.213205792329695,0.526566152263907,2734.29823333333,1782,1119
2.0077475410878,-0.208155205974053,0.528505831380596,2734.3316,1782,1119
2.00229920150456,-0.203953024120961,0.52946767485521,2734.36496666667,1782,1119
3.51559894076282,-1.36519893934933,0.467763839944639,2733.79773333333,1781,1120
3.51781871196886,-1.35575559477038,0.465043938629936,2733.8311,1781,1120
3.78926009985674,-1.13284107294031,0.282410584678359,2734.8321,1783,1121
3.79887623299277,-1.13168186960195,0.278621740172772,2734.86546666667,1783,1121
3.80097700570195,-1.12819787286293,0.275466510602795,2734.89883333333,1783,1121
3.90761864353577,-0.81012072072616,0.196630358584643,2735.8331,1787,1121
3.91593675168857,-0.792822135610174,0.196072532621112,2735.86646666667,1787,1121
5.00619667729461,3.92081262118675,0.406453262597355,2735.09903333333,1784,1122
4.98188764292015,3.88622425921359,0.416096759316613,2735.1324,1784,1122
1.67987557246987,-0.0874494105374487,0.445871339624521,2735.59953333333,1785,1123
1.68452365005632,-0.0750024325065959,0.445543972468671,2735.6329,1785,1123
1.68808052162736,-0.0623089645719008,0.447839576899107,2735.66626666667,1785,1123
1.68913644501087,-0.0491059797818412,0.45222964365463,2735.69963333333,1785,1123
1.69319613283965,-0.0401095344075867,0.456008442820431,2735.733,1785,1123
1.69312464425299,-0.0298496471682972,0.458492389023964,2735.76636666667,1785,1123
1.69377118155171,-0.0221824065650187,0.46184340304442,2735.79973333333,1785,1123
1.58364624734201,0.0897199985363363,0.548310078574637,2736.56716666667,1788,1123
1.5781252718555,0.0896709147236077,0.555960276620627,2736.60053333333,1788,1123
1.57329128732085,0.0883225182871602,0.564731272400124,2736.6339,1788,1123
1.56541957857697,0.0888153145307771,0.573365313749361,2736.66726666667,1788,1123
1.56050529983797,0.0882198228095092,0.581589272582015,2736.70063333333,1788,1123
1.55581621043055,0.088659070751834,0.588816920752122,2736.734,1788,1123
1.55273123519494,0.0887293936603484,0.594149485860562,2736.76736666667,1788,1123
1.45785789351891,0.267635124832029,0.673861163477644,2737.70163333333,1789,1123
1.45681065446055,0.273612981148012,0.675270618764388,2737.735,1789,1123
1.45527607278354,0.280322276547824,0.676426740078812,2737.76836666667,1789,1123
1.45317195237284,0.285936010280815,0.678543455136725,2737.80173333333,1789,1123
1.45247215943042,0.290832821967193,0.679001534388822,2737.8351,1789,1123
1.44895597944784,0.293704495555056,0.680697282751689,2737.86846666667,1789,1123
1.45000673458754,0.294513273959286,0.68239725062706,2737.90183333333,1789,1123
1.33210751668488,0.374553211878709,0.613064008729952,2738.86946666667,1792,1123
1.3251943778492,0.377145863875355,0.616590306037691,2738.90283333333,1792,1123
1.31630649096404,0.380968613343513,0.620211630404195,2738.9362,1792,1123
1.31125844859605,0.385042949596195,0.623218968511141,2738.96956666667,1792,1123
1.30625842551321,0.389399240538329,0.625130507451661,2739.00293333333,1792,1123
1.30114999835352,0.393510142080306,0.627768891862733,2739.0363,1792,1123
-1.25939693442103,1.30863959740588,0.597019042601155,2735.69963333333,1786,1124
-1.25977011846072,1.30806607719795,0.596956180593272,2735.733,1786,1124
4.60324391767191,-0.610714660311964,0.0726681648722024,2737.70163333333,1790,1125
4.60811584898992,-0.602047926075535,0.0702083181447655,2737.735,1790,1125
4.62715632682323,-0.597684912876617,0.0649668714850539,2737.76836666667,1790,1125
4.84271170542621,-0.548513753345079,0.18247244581216,2738.76936666667,1791,1126
4.8351616398025,-0.543617617215495,0.184113579284746,2738.80273333333,1791,1126
5.20347674890064,-0.296795532471692,-0.0166389724850745,2739.90383333333,1793,1127
-0.88575423862557,1.64737793957424,0.454633333383252,2741.07166666667,1794,1128
-0.200184987687573,-0.577547307102018,0.463351535039315,2742.80673333333,1795,1129
-0.218093970422583,-0.578570273651115,0.475667609983312,2742.8401,1795,1129
-0.237193009897732,-0.578467096288856,0.489499472364078,2742.87346666667,1795,1129
-0.254509512331353,-0.577761127452198,0.501741846765624,2742.90683333333,1795,1129
-0.274562609148829,-0.580000027419052,0.515329411944697,2742.9402,1795,1129
-0.29227706842427,-0.581766012843676,0.526457643366719,2742.97356666667,1795,1129
-0.66894964215732,-0.487285052917317,0.514918362172815,2743.80773333333,1796,1129
-0.681107093380641,-0.49006301711633,0.505802127232178,2743.8411,1796,1129
-0.695353689652514,-0.496572147398888,0.494984843245958,2743.87446666667,1796,1129
-0.706307287404592,-0.502462606956952,0.486269232551752,2743.90783333333,1796,1129
4.68935359259796,3.5639725477637,0.41422645139877,2745.0423,1797,1130
4.68123807353319,3.56302853566311,0.413323647845779,2745.07566666667,1797,1130
4.66803931197074,3.55947236499512,0.414461869476466,2745.10903333333,1797,1130
0.172457531872215,-1.76515041849623,0.308178289592522,2761.09166666667,1798,1131
0.16131583408591,-1.7900235747202,0.297865275243703,2761.12503333333,1798,1131
6.6276555204208,-0.334791356509243,-0.139707619802982,2762.39296666667,1799,1132
-0.262982809814893,-1.85796759598487,0.460075020904242,2762.9602,1800,1133
-0.533292172100541,-1.68026517761352,0.547464776933126,2763.8611,1801,1133
-0.688785817725371,-1.31786808051097,0.350660553977425,2764.59516666667,1802,1133
-0.810568142430794,-0.608327747695947,0.477194364439969,2765.4627,1803,1133
-0.814503816529564,-0.58072684244867,0.483867991634623,2765.49606666667,1803,1133
-0.821104712464226,-0.554723466866445,0.489279056240677,2765.52943333333,1803,1133
-0.822891446632964,-0.525041408408627,0.495542204881751,2765.5628,1803,1133
-0.821016222090645,-0.00657305858625346,0.541989011036426,2766.29686666667,1804,1133
-0.825487040937221,0.0106705728967824,0.548622611840568,2766.33023333333,1804,1133
-0.825633213141535,0.0304051142859161,0.556590855281669,2766.3636,1804,1133
-0.824125017412781,0.0506923059746579,0.564604391846975,2766.39696666667,1804,1133
-0.822880696992125,0.0693139771082241,0.572741912693649,2766.43033333333,1804,1133
-0.535587601406809,0.175370886077112,0.486344201149572,2767.2645,1805,1133
-0.521664643856904,0.164610338348697,0.478507326588425,2767.29786666667,1805,1133
-0.508451130239198,0.14879452175672,0.467265070536661,2767.33123333333,1805,1133
-0.496655594906663,0.134841164011285,0.456529121443275,2767.3646,1805,1133
-0.486290931881895,0.120910895119531,0.446144254611639,2767.39796666667,1805,1133
-0.334737549571939,0.00806095260760076,0.165460787824025,2768.0653,1806,1133
-0.337548305001032,0.00598625821406151,0.165366260775704,2768.09866666667,1806,1133
-0.338770918954328,0.00723472287230031,0.168155967741622,2768.13203333333,1806,1133
-0.339027623387181,0.0081800116826749,0.169021696693596,2768.1654,1806,1133
-0.338364703003261,0.00878607207873805,0.169623294913823,2768.19876666667,1806,1133
-0.876592221243775,-0.64233906832406,0.281397827735428,2768.2655,1808,1133
-0.870780284619822,-0.639069126681834,0.287784258837164,2768.29886666667,1808,1133
-0.87195702052605,-0.636778905629768,0.297969392349431,2768.33223333333,1808,1133
-0.885978715557075,-0.638597836634529,0.3056261922359,2768.3656,1808,1133
-1.18069902582728,-0.68238149935818,0.429491590637334,2769.0663,1809,1133
-1.18207392090534,-0.674863833420076,0.436963277519274,2769.09966666667,1809,1133
-1.18433360637225,-0.669537559002042,0.4433507341567,2769.13303333333,1809,1133
-1.18540905255795,-0.665102517669525,0.45032140826723,2769.1664,1809,1133
-1.18406838315038,-0.661226715971035,0.455582578780346,2769.19976666667,1809,1133
-0.371879722883316,0.0833481630544481,0.084869596183192,2769.39996666667,1810,1133
-0.377835485328031,0.0829670925147625,0.0817002884488838,2769.43333333333,1810,1133
-0.385705915001044,0.0844254873065874,0.0752492088401716,2769.4667,1810,1133
-0.386009612205737,0.091436530693602,0.0751999416257191,2769.50006666667,1810,1133
-0.384833168981137,0.0929393502980715,0.0773240348708578,2769.53343333333,1810,1133
-1.1288039482887,-0.782034362214376,0.531290887154875,2770.0673,1812,1133
-0.522970934404619,-0.427323630359533,0.140997468489154,2770.0673,1813,1133
-1.12189613070344,-0.788642978450194,0.533100545955676,2770.10066666667,1812,1133
-1.1127913462842,-0.79533601090144,0.534212501484559,2770.13403333333,1812,1133
-1.10321782085726,-0.802683798127113,0.532504565656247,2770.1674,1812,1133
-1.0931864165684,-0.805194095261009,0.528815840716796,2770.20076666667,1812,1133
-1.08169208252884,-0.805964203661452,0.526223932060638,2770.23413333333,1812,1133
6.79516087632209,1.45155085243063,0.215215279341958,2768.09866666667,1807,1134
6.78522983694643,1.46942887310409,0.22049407060082,2768.13203333333,1807,1134
6.69555832210051,2.24752641678513,0.140926889001932,2769.50006666667,1811,1135
6.66812501204114,2.26002674796002,0.140679734346848,2769.53343333333,1811,1135
6.59706666574868,2.63822626074501,0.39575335727386,2773.33723333333,1814,1136
6.59175362857742,2.63641284057751,0.391127418776148,2773.3706,1814,1136
-0.354991016517459,0.0857155393130606,0.0497020686372308,2774.13803333333,1815,1137
-0.35527693413462,0.0852514970429095,0.0485115295425997,2774.1714,1815,1137
-0.357431238513323,0.0838803384033233,0.0485996244990351,2774.20476666667,1815,1137
-0.357571577636654,0.0835951198403889,0.0463157377818146,2775.03893333333,1817,1137
-0.357571577636654,0.0835951198403889,0.0463157377818146,2775.0723,1817,1137
6.90021919218101,2.8334531382939,0.265655290994682,2774.6719,1816,1138
6.90135212218649,2.84280032567938,0.274748596385573,2774.70526666667,1816,1138
7.14513451840578,3.01066574795331,0.296520359602793,2776.30686666667,1818,1139
7.1194710045368,3.02395647299938,0.441438945816379,2777.64153333333,1819,1140
7.100280617323,3.02809979834747,0.458261254129809,2777.6749,1819,1140
6.88434312009491,3.16426740178267,0.757031236310306,2778.9762,1820,1141
6.89150741818921,3.17272768834897,0.763082459777473,2779.00956666667,1820,1141
6.52684642356371,3.95416985246759,0.745706084174535,2781.1784,1821,1142
-0.638134389135336,-0.603737953871001,0.223524799917435,2781.24513333333,1822,1143
-0.639640634101161,-0.605411411337525,0.22259983982782,2781.2785,1822,1143
-0.639633176928864,-0.604939649404912,0.223794795383237,2781.31186666667,1822,1143
-0.640974863225814,-0.607171543469564,0.224646624233842,2781.34523333333,1822,1143
5.42140817231826,-1.3062032037582,0.5770760867384,2781.4787,1823,1144
5.4466796429231,-1.29051214046666,0.573357674795907,2781.51206666667,1823,1144
5.48499700671596,-1.28081761583055,0.574162430186879,2781.54543333333,1823,1144
5.37718663031761,-1.10608445977002,0.658979576357098,2782.31286666667,1824,1144
5.37030414233939,-1.1048166817801,0.660486785522866,2782.34623333333,1824,1144
-0.60703649096806,-0.450886705354265,0.267610146466738,2783.34723333333,1825,1145
-0.500914058233247,-0.393312218315902,0.13368685304087,2784.34823333333,1826,1146
-0.507584739241091,-0.39429990887967,0.135724112802912,2784.3816,1826,1146
-0.505065018126447,-0.391925634671037,0.137845014509344,2784.41496666667,1826,1146
-1.25951138612102,1.17161949963344,0.855731630381047,2784.41496666667,1827,1147
-1.25928397164208,1.17182955848517,0.854791884607559,2784.44833333333,1827,1147
4.67485180468459,3.57871911046184,0.418050831016088,2788.55243333333,1828,1148
4.67102358435362,3.57160309882508,0.416151508111648,2788.5858,1828,1148
4.67109636346539,3.56652896034676,0.413963516058364,2788.61916666667,1828,1148
-0.32001555227111,-0.474927970455146,0.255922202021094,2796.02656666667,1829,1149
-0.301775032924213,-0.476776682615774,0.26087422189533,2796.05993333333,1829,1149
-0.285994842927699,-0.485604426180388,0.266005933717242,2796.0933,1829,1149
-0.272947017853378,-0.494253568809868,0.269302027226277,2796.12666666667,1829,1149
-0.0388165239130535,-0.604876749724002,0.325682477431526,2796.6939,1830,1149
-0.0430730777771884,-0.619550030749845,0.325904922670333,2796.72726666667,1830,1149
-0.0467704521260076,-0.635741047496986,0.326575687342891,2796.76063333333,1830,1149
-0.0559498010781362,-0.659608238896409,0.326225124202312,2796.794,1830,1149
-0.0702533393766772,-0.685385385086989,0.324996650772275,2796.82736666667,1830,1149
-0.0908171959665991,-0.721650592373425,0.322565012186959,2796.86073333333,1830,1149
-0.431015832171907,-1.06446396299138,0.231682726129617,2797.6949,1831,1149
-0.883396220189683,1.64791248233624,0.458349024702384,2797.96183333333,1832,1150
-0.883352452641329,1.64746412238309,0.458693628206055,2797.9952,1832,1150
-0.3901804576387,-0.209617749097462,0.155230697435433,2799.73026666667,1833,1151
-0.390854392915039,-0.210430184483899,0.155162216899668,2799.76363333333,1833,1151
-0.390250118850044,-0.210476586073375,0.155722791024078,2799.797,1833,1151
-0.387351764755261,-0.207155423508561,0.156379701134028,2799.83036666667,1833,1151
-0.384471930226204,-0.207390591324789,0.165013291521652,2801.23176666667,1834,1152
-0.384502716700622,-0.206996453169129,0.164430489574239,2801.26513333333,1834,1152
-0.385143724369439,-0.207482174199001,0.164746933599964,2801.2985,1834,1152
-0.384298759172313,-0.206911605412523,0.165200290897286,2801.33186666667,1834,1152
-0.378660065861637,-0.203199843969254,0.171971890965038,2803.96783333333,1835,1153
-0.381023625801296,-0.205057282634742,0.172459844020759,2804.0012,1835,1153
-0.382332985731525,-0.206185315027846,0.171437248827649,2804.03456666667,1835,1153
-0.328086293790379,0.0707346098756693,0.0917601421363075,2804.13466666667,1836,1153
-0.327997031403139,0.070556589834964,0.0909785062922341,2804.16803333333,1836,1153
-0.327938899239238,0.0705151918007978,0.0907658066772656,2804.2014,1836,1153
-0.324378936003799,0.0740547470285462,0.10209839051017,2804.83536666667,1837,1153
-0.323513268682072,0.0743889633742788,0.102478098810448,2804.86873333333,1837,1153
-0.324629087530487,0.0737292844714393,0.102423222674579,2804.9021,1837,1153
-0.379104433536393,-0.203521169391248,0.179559585701167,2804.9021,1837,1153
-0.380564537376781,-0.204715161085565,0.17900181308361,2804.93546666667,1837,1153
-0.380319616331984,-0.204546940134767,0.179646217093692,2804.96883333333,1837,1153
-0.323748912379636,0.0766623531250317,0.113749120136063,2805.43596666667,1838,1153
-0.321926817799357,0.0777309600758799,0.125987175286128,2805.96983333333,1839,1153
-0.320174952277353,0.0772522422367427,0.126460877487315,2806.0032,1839,1153
-0.319273877439243,0.0773662832394912,0.126860565596482,2806.03656666667,1839,1153
-0.378906683056651,-0.205675875567485,0.181022638008976,2807.53806666667,1840,1154
-0.30363376047004,0.0553678264223361,0.25339153127824,2808.67253333333,1841,1155
-0.29676835637922,0.0389256648103702,0.267156171506757,2808.7059,1841,1155
-0.290921087757342,0.0215774089733232,0.281478309252448,2808.73926666667,1841,1155
0.318335654153142,-0.29999151475359,0.250571550923443,2810.27413333333,1842,1156
0.333978369582966,-0.303728809492924,0.242556725246281,2810.3075,1842,1156
0.350199143329095,-0.308491111904361,0.232294458903431,2810.34086666667,1842,1156
0.385213195338912,-0.434849818698832,0.215171847084698,2810.74126666667,1843,1156
0.385941310360917,-0.44466419517693,0.215598111412308,2810.77463333333,1843,1156
0.384386069196136,-0.453973611391649,0.217563876188005,2810.808,1843,1156
0.381172787115001,-0.468147250554888,0.216856273832196,2810.84136666667,1843,1156
0.138040913561128,-0.679240555191372,0.298115855347236,2811.5087,1845,1156
0.122442900404081,-0.681560491817083,0.307942998131444,2811.54206666667,1845,1156
0.108271262226825,-0.690629271858453,0.315154413583341,2811.57543333333,1845,1156
0.0962474980552855,-0.693803221001161,0.323243495953619,2811.6088,1845,1156
0.0962785438991006,-0.510167462207583,0.424491774250055,2812.47633333333,1847,1156
0.0852950552839862,-0.503403679157955,0.424093865664607,2812.5097,1847,1156
0.0716778604655962,-0.496677768437629,0.425614665073935,2812.54306666667,1847,1156
0.058974608136993,-0.48925486269008,0.425246574629738,2812.57643333333,1847,1156
-2.05489623428419,0.617405502582748,0.894017797708197,2810.84136666667,1844,1157
-2.03059869826873,0.647521623102821,0.904108128212135,2810.87473333333,1844,1157
-2.01665587416612,0.672631090282373,0.911137121237923,2810.9081,1844,1157
-2.0047906432432,0.695872813620522,0.91802073473207,2810.94146666667,1844,1157
-1.30631234318778,1.06971555757597,1.13762859346113,2811.67553333333,1846,1157
-1.27338030157322,1.07021676933903,1.14611125656717,2811.7089,1846,1157
-1.23772807962266,1.07053198275009,1.15575597758772,2811.74226666667,1846,1157
-1.20207084252657,1.06800059221087,1.16588977014009,2811.77563333333,1846,1157
-1.16564184644424,1.06894580459377,1.17290221160888,2811.809,1846,1157
-1.13031432479017,1.06910800502783,1.18317115594057,2811.84236666667,1846,1157
-1.10059695542378,1.06860461455698,1.19169923912142,2811.87573333333,1846,1157
-0.341388070324478,1.06431230894299,1.34814070006058,2812.87673333333,1848,1158
-0.32207264774255,1.06141071553615,1.34780787595234,2812.9101,1848,1158
-0.299938990877135,1.06040044753296,1.34375339564953,2812.94346666667,1848,1158
-0.280350649439175,1.06181515057719,1.33948067231406,2812.97683333333,1848,1158
-0.264622629023767,1.06225472427923,1.3367117585003,2813.0102,1848,1158
-0.249266045392691,1.0662897712387,1.33029704529421,2813.04356666667,1848,1158
-0.233487962474949,1.07223593407369,1.32591136812461,2813.07693333333,1848,1158
-0.218077355064613,1.0754994460324,1.32278084912188,2813.1103,1848,1158
-0.88410858310669,1.64646581854635,0.456928988952931,2813.57743333333,1849,1159
-0.884895807843013,1.64628086115706,0.457285200031385,2813.6108,1849,1159
-0.884491492370198,1.64625409779603,0.456937097982573,2813.64416666667,1849,1159
-0.140304257891365,1.0426487756866,1.31638505479149,2814.2114,1850,1160
-0.148367970324647,1.0402324982028,1.32200174845466,2814.24476666667,1850,1160
-0.157080209541665,1.03523799628957,1.32819238265346,2814.27813333333,1850,1160
-0.165202296946913,1.02806657030251,1.33471100658749,2814.3115,1850,1160
-0.172855861134912,1.01974663271368,1.33890846036442,2814.34486666667,1850,1160
-0.179646328787491,1.01063008295325,1.34170367033977,2814.37823333333,1850,1160
-0.186914353151579,1.00107355033699,1.34415370359745,2814.4116,1850,1160
-0.394568559799138,0.810690631455691,1.39637093204686,2815.14566666667,1851,1160
-0.401264663964224,0.807365278927221,1.40197364466534,2815.17903333333,1851,1160
-0.405262285956183,0.805719247413165,1.40823446366198,2815.2124,1851,1160
-0.409807905846927,0.801553050784073,1.41446942120898,2815.24576666667,1851,1160
-0.415207744517783,0.79517460817718,1.42129260360656,2815.27913333333,1851,1160
-0.41916127008547,0.789160458438705,1.42823930372884,2815.3125,1851,1160
-0.360605099740085,-0.218082146773642,0.373765473762803,2815.64616666667,1852,1161
-0.350002324299316,-0.219790425886907,0.38397944553401,2815.67953333333,1852,1161
-0.341150729828433,-0.225518618134562,0.394458185428562,2815.7129,1852,1161
-0.332183142291477,-0.22949729202076,0.405117968183941,2815.74626666667,1852,1161
-0.322473783052316,-0.233482611635886,0.415882731835653,2815.77963333333,1852,1161
-0.313719103455771,-0.235473570919835,0.426735392082609,2815.813,1852,1161
-0.881827708391765,1.64413292409655,0.460533898337382,2815.7129,1853,1162
-0.882142842426429,1.64439448748571,0.46037176359139,2815.74626666667,1853,1162
-0.883529959789778,1.64405203997326,0.46078525356937,2815.77963333333,1853,1162
-0.82745900393973,0.625888495398661,1.58318166729852,2816.34686666667,1854,1163
-0.836446831896043,0.62508229488475,1.58306566176834,2816.38023333333,1854,1163
-0.85366019422226,0.627245126811621,1.5847811144326,2816.4136,1854,1163
-0.868004304652387,0.633217406164581,1.58520659452409,2816.44696666667,1854,1163
-0.8841873979861,0.637152499373596,1.58811459389505,2816.48033333333,1854,1163
-0.898868026092633,0.640977461315597,1.59096340429781,2816.5137,1854,1163
-0.913520186147785,0.645821797763607,1.59224077775855,2816.54706666667,1854,1163
-1.26764561094128,0.683968915912725,1.6995576795093,2817.3145,1856,1163
-1.27831150433862,0.679307207362729,1.71625769539916,2817.34786666667,1856,1163
-1.29080233068413,0.675167226885125,1.73136817247814,2817.38123333333,1856,1163
-1.30550619913959,0.669706168352783,1.74722402708978,2817.4146,1856,1163
-1.31465327191777,0.664886877653345,1.76057513118064,2817.44796666667,1856,1163
-1.32399766402117,0.660487065771121,1.77107943156674,2817.48133333333,1856,1163
-1.33078515337892,0.656261470492529,1.78094141461875,2817.5147,1856,1163
-1.52199661868401,0.392503793429695,1.77381390332982,2818.4156,1857,1163
-1.51887871339128,0.391536327992008,1.77299373029627,2818.44896666667,1857,1163
-1.50932904985485,0.391823272772787,1.77262049617323,2818.48233333333,1857,1163
-1.50425815259042,0.389054276922506,1.77431662853048,2818.5157,1857,1163
-1.49494561196532,0.38537690032876,1.77531084188825,2818.54906666667,1857,1163
-1.48532934615897,0.380547624708731,1.77529208692138,2818.58243333333,1857,1163
0.157841675958622,-0.619280201392706,0.854356444510562,2817.04756666667,1855,1164
0.169425841608409,-0.630385769062045,0.868207069872065,2817.08093333333,1855,1164
0.177442080506168,-0.641422035233811,0.882358212520048,2817.1143,1855,1164
0.184457408752785,-0.650035486120124,0.897422096146997,2817.14766666667,1855,1164
0.187639408399414,-0.659966072831969,0.912692378001242,2817.18103333333,1855,1164
0.189217291007247,-0.667851424257114,0.927741351817896,2817.2144,1855,1164
0.188477711362631,-0.679217945986825,0.941838019954789,2817.24776666667,1855,1164
0.188819514998117,-0.688483898116197,0.955505581851131,2817.28113333333,1855,1164
-0.111209547627008,-1.06030169174884,1.60807658992418,2818.54906666667,1858,1165
-0.116627294902076,-1.07993402602539,1.62364847170929,2818.58243333333,1858,1165
-0.116882414548977,-1.09651566798624,1.63789778616944,2818.6158,1858,1165
-0.116953733104341,-1.11375616701609,1.65182870399573,2818.64916666667,1858,1165
-0.115759479049633,-1.12412802307505,1.66260473781019,2818.68253333333,1858,1165
-0.116975685833484,-1.13821939974604,1.67644056283132,2818.7159,1858,1165
-0.11941500730469,-1.14305483330402,1.68459099025177,2818.74926666667,1858,1165
-0.124819115560719,-1.15013677507957,1.69440530832221,2818.78263333333,1858,1165
-0.134367775280049,-1.16265123448361,1.70674471028447,2818.816,1858,1165
-0.14352471410278,-1.16993260746344,1.71763083445706,2818.84936666667,1858,1165
-1.35333270416846,0.714716671210509,1.82578777041275,2819.98383333333,1859,1166
-1.36924519838656,0.722074267938082,1.84093342337524,2820.0172,1859,1166
-1.39127781354179,0.728072963138443,1.85896753154738,2820.05056666667,1859,1166
-1.41148755053368,0.733251190869341,1.87870007068719,2820.08393333333,1859,1166
-1.42780486617622,0.735726647146709,1.89830097284381,2820.1173,1859,1166
-1.44459927345552,0.736905165899522,1.91664730325227,2820.15066666667,1859,1166
-1.4634384029211,0.741061815405359,1.93347176275452,2820.18403333333,1859,1166
-0.452797228855781,-1.78489158456506,2.35241557431524,2820.2174,1860,1167
-0.45386967997295,-1.7956167074482,2.37722145116067,2820.25076666667,1860,1167
-0.454434898896965,-1.80692778405874,2.40214798234447,2820.28413333333,1860,1167
-0.449935282256104,-1.81211381089311,2.4227414629373,2820.3175,1860,1167
-0.447811592725037,-1.82119709711604,2.44791969984327,2820.35086666667,1860,1167
-0.44756849060683,-1.83885202976906,2.47683888321308,2820.38423333333,1860,1167
-0.397671669334692,-1.69813419417598,2.86163194426901,2821.25176666667,1863,1167
-0.405286391641083,-1.68768631618929,2.87613656511614,2821.28513333333,1863,1167
-0.410257188849633,-1.67689717285687,2.89230531212211,2821.3185,1863,1167
-0.415270624009102,-1.66665286334776,2.90862158239092,2821.35186666667,1863,1167
-0.417793847524199,-1.66088826512406,2.92868104789757,2821.38523333333,1863,1167
-0.417683765495427,-1.65069079209255,2.94181802855872,2821.4186,1863,1167
-0.420480996874848,-1.64613568535452,2.96171954771838,2821.45196666667,1863,1167
-0.423158780233779,-1.6420686359915,2.98140484341323,2821.48533333333,1863,1167
-0.30697014283749,-0.416928742955268,0.123302360398223,2820.818,1861,1168
-0.308083056514095,-0.418196739089462,0.122159852491822,2820.85136666667,1861,1168
-0.302978878805558,-0.367738300129679,0.258378932071686,2821.55206666667,1864,1168
-0.301656291067229,-0.368979562331822,0.270941894024467,2821.58543333333,1864,1168
-0.29993964889647,-0.366013682359896,0.284775127715874,2821.6188,1864,1168
-0.300091451226373,-0.359886900498703,0.298738827650639,2821.65216666667,1864,1168
-0.304340211523126,-0.353060577559533,0.313533589789467,2821.68553333333,1864,1168
-0.40583821261861,-0.566570979891158,0.666824089395597,2822.65316666667,1866,1168
-0.404120585538467,-0.569353259148191,0.676645242777267,2822.68653333333,1866,1168
-0.402921322024083,-0.572896994944097,0.686717836773418,2822.7199,1866,1168
-0.397590651244088,-0.572325494225006,0.694595598297506,2822.75326666667,1866,1168
-0.220993018059889,-0.604993550499432,0.852373287078795,2823.5207,1868,1168
-0.211522246563948,-0.615712687736791,0.863775726096593,2823.55406666667,1868,1168
-0.202107772853888,-0.628445153501174,0.874619749971919,2823.58743333333,1868,1168
-0.193848375581795,-0.643438658431062,0.885379537807397,2823.6208,1868,1168
-0.186243908309036,-0.659901750976792,0.895452349369529,2823.65416666667,1868,1168
-0.374370554798223,-1.17539041191177,0.239301768278629,2824.15466666667,1870,1168
-0.371603404677481,-1.19180766242665,0.246753043622285,2824.18803333333,1870,1168
-0.374574531251075,-1.21499738645918,0.252256184310999,2824.2214,1870,1168
-0.253187709929736,-1.62505822593386,0.334013646999515,2824.85536666667,1873,1168
-0.248049081733852,-1.65765810501532,0.340960602911734,2824.88873333333,1873,1168
-0.236073088066804,-1.65996466824256,0.349029823822578,2824.9221,1873,1168
-0.132867584945606,-2.21246913352327,0.397447405551473,2825.823,1877,1168
-1.82407190571096,0.84062366492541,2.53723502109986,2821.2184,1862,1169
-1.83435811108214,0.831690185980689,2.56257724128701,2821.25176666667,1862,1169
-1.84803755568153,0.821705736856847,2.58676031675611,2821.28513333333,1862,1169
-1.86120606321262,0.812129244107703,2.60865307935463,2821.3185,1862,1169
-1.87375959043397,0.801822336150591,2.62908381774391,2821.35186666667,1862,1169
-1.88995551729175,0.795208740693669,2.65210396194733,2821.38523333333,1862,1169
-2.35537945599018,0.636282196628059,3.42899655569612,2822.48633333333,1865,1170
-2.36895437141653,0.629077288066725,3.45863036328045,2822.5197,1865,1170
-2.38234777238094,0.619227361636626,3.49580632602944,2822.55306666667,1865,1170
-2.38413118137042,0.609144649623904,3.5254780563123,2822.58643333333,1865,1170
-2.39209777142584,0.593147597216426,3.5616656133725,2822.6198,1865,1170
-1.28391529127344,-1.72392015082329,3.4659762141368,2823.28713333333,1867,1171
-1.2900577370726,-1.72898264994002,3.47315857325578,2823.3205,1867,1171
-1.29677498395524,-1.73683653828025,3.4838126982041,2823.35386666667,1867,1171
-1.30211131895417,-1.73809898250959,3.48894070638735,2823.38723333333,1867,1171
-1.30190496147699,-1.73598006311534,3.49827575942016,2823.4206,1867,1171
-1.2998489917712,-1.74118713168069,3.5117913651913,2823.45396666667,1867,1171
-1.28602456541756,-1.73403129911556,3.51305716917927,2823.48733333333,1867,1171
-2.44510949547684,0.130129798805399,4.92972264795922,2823.9211,1869,1172
-2.42592625565806,0.127918454711357,4.96174409344908,2823.95446666667,1869,1172
-2.40160821146439,0.127529059790858,4.98789195609641,2823.98783333333,1869,1172
-2.3799885481461,0.125894404627307,5.01952015630559,2824.0212,1869,1172
-2.36149799361368,0.124407276787753,5.05582957197304,2824.05456666667,1869,1172
0.192772472328688,-0.840153109989367,1.29043153236833,2824.65516666667,1871,1173
0.197472600196275,-0.845538012639467,1.3158580240207,2824.68853333333,1871,1173
0.204838491687395,-0.854549084807647,1.34693389445538,2824.7219,1871,1173
0.213441866009901,-0.864449599605443,1.37796419261829,2824.75526666667,1871,1173
0.223027097212219,-0.873871822917386,1.40784758613152,2824.78863333333,1871,1173
0.233021027483413,-0.877498727305491,1.4348077094622,2824.822,1871,1173
0.642057395315547,-0.88591534238711,2.02118820226153,2825.7229,1876,1173
0.657117576580665,-0.918086256842297,2.05619125707723,2825.75626666667,1876,1173
0.66727285509021,-0.916289560832823,2.07450095034909,2825.78963333333,1876,1173
0.997687577068068,-1.04437276768222,2.76545803758885,2826.69053333333,1879,1173
1.01691199095105,-1.03989211764451,2.78529744285647,2826.7239,1879,1173
1.03820323613655,-1.03571127040784,2.80749109576391,2826.75726666667,1879,1173
1.05832626946723,-1.0309059156119,2.82874211886415,2826.79063333333,1879,1173
1.0799861695989,-1.02754323183167,2.8514789972769,2826.824,1879,1173
1.10343864317276,-1.0228606947195,2.87385673270515,2826.85736666667,1879,1173
1.96467335838019,-0.740058144926216,3.20106293624739,2827.825,1884,1173
1.99349908098092,-0.735836230296992,3.21496517133314,2827.85836666667,1884,1173
2.01731877491279,-0.726374625072549,3.22007924556224,2827.89173333333,1884,1173
2.04307110803985,-0.722522158994913,3.23337898464767,2827.9251,1884,1173
2.06768343524696,-0.717643846121047,3.24222381466821,2827.95846666667,1884,1173
2.09277059587327,-0.710949490405745,3.24998302876263,2827.99183333333,1884,1173
-1.32059226928677,-1.74127174317145,3.81330594156736,2824.75526666667,1872,1174
-1.32854367884917,-1.75711367561899,3.82495094465065,2824.78863333333,1872,1174
-1.33604845245614,-1.77149092761561,3.8361511564348,2824.822,1872,1174
-1.34992583973898,-1.79164310890558,3.84878281241064,2824.85536666667,1872,1174
-1.35933722377731,-1.80581493248544,3.85871751997814,2824.88873333333,1872,1174
-1.36840192125386,-1.81775717681258,3.86487880861531,2824.9221,1872,1174
-1.38094680911446,-1.8343983111672,3.87576183642176,2824.95546666667,1872,1174
-2.17153519010008,-0.502253704968924,6.43925231306098,2825.55606666667,1874,1175
0.396997176279594,0.497495707409312,1.41137692020648,2825.65616666667,1875,1176
0.399775935849629,0.497869390960009,1.42020491445892,2825.68953333333,1875,1176
-2.03218150212037,-1.89845599481252,3.86919015933759,2826.49033333333,1878,1177
-2.04367067058097,-1.9004622470104,3.86750539466308,2826.5237,1878,1177
-2.06450637192743,-1.90523471492657,3.86648144487777,2826.55706666667,1878,1177
-2.08237677372319,-1.90820001938059,3.86866125530485,2826.59043333333,1878,1177
-2.09193659872263,-1.90293469730997,3.86034954331614,2826.6238,1878,1177
-2.35718181582421,-0.492136976793197,6.80538893496018,2826.75726666667,1880,1178
0.409285769820213,0.57185319606555,0.757098789682139,2826.79063333333,1881,1179
0.410424152356389,-3.33041797012393,0.635014003171401,2827.59143333333,1882,1180
-2.68861440490752,-1.55610637617055,3.64308794427559,2827.825,1883,1181
-2.71411862660075,-1.54562649330151,3.63400305071913,2827.85836666667,1883,1181
-2.73286341426564,-1.5318391116558,3.62268548147112,2827.89173333333,1883,1181
-2.75761416160736,-1.52137045460224,3.61866554564055,2827.9251,1883,1181
-2.77784021871795,-1.51635558222554,3.61591572623623,2827.95846666667,1883,1181
-2.79494054261276,-1.49607605783746,3.60621747607869,2827.99183333333,1883,1181
-2.81734737060952,-1.48728271050209,3.60705775652332,2828.0252,1883,1181
3.05017435763362,-0.612037007911212,3.29715288181061,2829.1263,1885,1182
3.06621608183507,-0.623462134399713,3.3029774762492,2829.15966666667,1885,1182
3.08246550436035,-0.635457168836849,3.31020356360845,2829.19303333333,1885,1182
3.09761550452151,-0.646301145123818,3.3128511283597,2829.2264,1885,1182
3.11173454620362,-0.654759092415162,3.31317617743762,2829.25976666667,1885,1182
-2.96710631110497,-1.26257513757341,3.30643469390319,2829.25976666667,1886,1183
-2.96399914210397,-1.25789972254821,3.29903241759371,2829.29313333333,1886,1183
-2.95686800064221,-1.25109882152576,3.29035251635077,2829.3265,1886,1183
-2.94659937720284,-1.23624045056497,3.28052833985606,2829.35986666667,1886,1183
-2.95071808256997,-1.23416827278685,3.27936567284034,2829.39323333333,1886,1183
-2.9394149918501,-1.21808404173759,3.26783566990542,2829.4266,1886,1183
4.68825014662792,3.58400484876799,0.42781303916079,2829.45996666667,1887,1184
4.69300006883858,3.58262643867762,0.427876951125456,2829.49333333333,1887,1184
3.48580102657173,-0.92918042457913,3.32800100609651,2830.59443333333,1888,1185
3.54329383680875,-0.966893341385869,3.35125623502347,2830.66116666667,1889,1185
3.57789176732205,-0.986314227810038,3.36227282200581,2830.69453333333,1889,1185
-3.25873667013414,-0.940855522785447,2.85139289326299,2830.96146666667,1890,1186
-3.24872863244002,-0.94157312573188,2.84065360682822,2830.99483333333,1890,1186
-3.25017688755667,-0.950203058639424,2.83575797260228,2831.0282,1890,1186
-3.2403839080641,-0.951703552506589,2.826508895617,2831.06156666667,1890,1186
-3.22985043040284,-0.94819673395,2.8183744565053,2831.09493333333,1890,1186
5.38080751229441,-0.603688517567265,0.420285348238918,2831.26176666667,1891,1187
5.39059045139293,-0.583822822009419,0.425644562311398,2831.29513333333,1891,1187
-0.301120412847156,0.092961767789103,0.0503336650708814,2832.69653333333,1892,1188
-0.300696172504618,0.0928939108612247,0.0506801502315016,2832.7299,1892,1188
-0.298525817428408,0.0942300143130155,0.0524295865897763,2832.76326666667,1892,1188
-0.300061897722569,0.0932030225822545,0.0533768270471209,2832.83,1893,1188
-0.299367588207887,0.0932125715358669,0.0544004891373731,2832.86336666667,1893,1188
-0.299308909784689,0.0925447292058352,0.0545034479486456,2832.89673333333,1893,1188
-0.299069782684976,0.0926327267605912,0.0553045281855248,2832.9301,1893,1188
-0.299137715015852,0.0927307949312689,0.0555744922427128,2832.96346666667,1893,1188
-0.298780484496203,0.0929563908241358,0.0571995110263721,2832.99683333333,1893,1188
-0.295596735304878,0.0932097945491901,0.0651615932702424,2833.49733333333,1895,1188
-0.294948225488685,0.0939910860696878,0.0654120271058981,2833.5307,1895,1188
-0.294438350043016,0.0940845879449815,0.0660415952335637,2833.56406666667,1895,1188
-0.29469002811904,0.0935220104379537,0.0665104116891504,2833.59743333333,1895,1188
-0.292869064478852,0.0941330594150659,0.0675754203144294,2833.6308,1895,1188
-0.292130554818274,0.0953291276591817,0.069275446639504,2833.66416666667,1895,1188
-0.292467974504303,0.0942718094931728,0.0689728137319507,2833.69753333333,1895,1188
-0.292671412878464,0.094258238268224,0.069467684435055,2833.7309,1895,1188
-0.292313767841352,0.0944620620957461,0.0721074747477627,2833.831,1897,1188
-0.290279594299683,0.0947342384436431,0.0734453865385412,2833.86436666667,1897,1188
-0.290335059770519,0.0941001837016939,0.0741810641319763,2833.89773333333,1897,1188
-0.290293772216114,0.0935079527466686,0.0739599558483187,2833.9311,1897,1188
-0.291839236294281,0.0929709221606935,0.0751319679010638,2834.0312,1898,1188
-0.290776877503213,0.0931182580205739,0.0763198866737929,2834.09793333333,1899,1188
-0.289790925697922,0.0934663220938292,0.0773286396428178,2834.1313,1899,1188
-0.290008362530367,0.0932387373469207,0.0776735515736637,2834.16466666667,1899,1188
-0.289988398170746,0.093085692636086,0.0779893838829603,2834.19803333333,1899,1188
-0.288209705595118,0.0941136614686092,0.0792754600133113,2834.2314,1899,1188
-0.288100126572679,0.0931336644462045,0.0846612159439835,2834.46496666667,1900,1188
-0.288791888055545,0.09303223904476,0.0845348713075325,2834.49833333333,1900,1188
-0.289953434944978,0.0925871033364729,0.0847379072940048,2834.5317,1900,1188
-0.288233889748881,0.0931845452583847,0.0863447290936438,2834.56506666667,1900,1188
-0.289097008558294,0.0926660160155443,0.0857407032024117,2834.59843333333,1900,1188
-0.28532030230807,0.0955647905789665,0.0897241806645817,2834.6318,1900,1188
-0.288680219626706,0.0947809014344663,0.0925451786200596,2835.36586666667,1903,1188
-0.289606110324623,0.0926858656725339,0.0941666080653781,2835.39923333333,1903,1188
-2.61424076797178,-1.19681626402828,2.17853082096105,2833.09693333333,1894,1189
-2.60767142201604,-1.21415084844716,2.17407763652964,2833.1303,1894,1189
-2.59374450119084,-1.22758577550426,2.1668364046091,2833.16366666667,1894,1189
-2.58359335303894,-1.24224460952969,2.15958516602847,2833.19703333333,1894,1189
-2.5738907800104,-1.25296139485617,2.15181388518849,2833.2304,1894,1189
-2.55881832455707,-1.26058724778296,2.14324495340468,2833.26376666667,1894,1189
-2.55778856216609,-1.27688185338305,2.13921031727441,2833.29713333333,1894,1189
-4.39256609161587,6.08713524572122,2.09747698346662,2833.66416666667,1896,1190
-4.35054420914825,6.07029951120114,2.0940017641377,2833.69753333333,1896,1190
-4.35573663318214,6.09306418129362,2.10576880959127,2833.7309,1896,1190
-3.00619143826285,-1.50683106844291,1.74952908810924,2834.56506666667,1901,1191
-3.0164387413513,-1.50613718590872,1.73907781314998,2834.59843333333,1901,1191
-3.02663574002569,-1.5056361432994,1.7239150152211,2834.6318,1901,1191
4.53624020533133,3.27881283418253,0.43005301951486,2834.86536666667,1902,1192
4.52876986410397,3.25347793909794,0.426790046785541,2834.89873333333,1902,1192
4.50177071478635,3.21624523748411,0.420954728873835,2834.9321,1902,1192
-3.3892513045965,5.13915165454199,2.52146939088892,2835.46596666667,1904,1193
-3.36087179732048,5.10632746917873,2.52829141187894,2835.49933333333,1904,1193
1.22549468673521,-0.417022948823115,0.451091016902925,2835.5327,1905,1194
1.22880086387654,-0.404047207985818,0.458115092161689,2835.56606666667,1905,1194
1.23571818335422,-0.394474573995038,0.465894688694634,2835.59943333333,1905,1194
1.24300288532004,-0.386966519238201,0.474237061184004,2835.6328,1905,1194
1.24771129979671,-0.375733967885811,0.481585603291699,2835.66616666667,1905,1194
1.25250603702837,-0.366388393232152,0.489418918088153,2835.69953333333,1905,1194
3.7255574920701,0.376735815163649,0.395412715991953,2836.76726666667,1906,1195
3.70420512675731,0.33161210125247,0.392656374016823,2836.80063333333,1906,1195
3.68541855747852,0.281617389567812,0.38896277206445,2836.834,1906,1195
3.66263342891837,0.23462138849393,0.384946304302344,2836.86736666667,1906,1195
3.63607928247913,0.190465612085807,0.382836715994431,2836.90073333333,1906,1195
3.61760084015584,0.151474777767269,0.380313312189906,2836.9341,1906,1195
-2.95690909156591,3.42008192159036,2.62072574614785,2836.834,1907,1196
-2.92936485781159,3.34853526568524,2.59423939429722,2836.86736666667,1907,1196
-2.95766276412008,3.32059433168327,2.60261832037587,2836.90073333333,1907,1196
-2.96473140210353,3.23951421941933,2.59048771204849,2836.96746666667,1908,1196
-0.323872773778487,0.0386379544883397,0.30859776877796,2837.50133333333,1909,1197
-0.321706514002642,0.0285743941192045,0.316723681216821,2837.5347,1909,1197
-0.400961823385838,-0.542819698046861,0.648630753175888,2838.46896666667,1911,1197
-0.395687158944077,-0.584780903781827,0.661094211852956,2838.50233333333,1911,1197
-3.0860896269393,1.44888259550849,2.12808777494899,2838.26876666667,1910,1198
-3.07936302395577,1.41663520518633,2.13015967954436,2838.30213333333,1910,1198
-3.06059837010261,1.38204642417047,2.12719078062093,2838.3355,1910,1198
-3.03430794711798,1.34960643998061,2.12313459981936,2838.36886666667,1910,1198
-3.0139801281607,1.32232332865395,2.11953112139072,2838.40223333333,1910,1198
-2.97605823644536,1.29159625059753,2.10897973213256,2838.4356,1910,1198
1.08631438554015,-0.47795026850033,0.798365510207123,2838.6358,1912,1199
1.09990109518534,-0.486092238383392,0.807219242863627,2838.66916666667,1912,1199
1.13192885478165,-0.503441594791649,0.823181936519073,2838.7359,1913,1199
1.14370756251231,-0.502685513833226,0.828018329323053,2838.76926666667,1913,1199
-2.05894490338083,0.398058476109481,2.28756028764716,2839.4366,1914,1200
-2.02697244931997,0.3700937427656,2.30351904184236,2839.46996666667,1914,1200
-1.99529546293372,0.343150939395284,2.32025658193693,2839.50333333333,1914,1200
-1.9615885313265,0.319716105529963,2.3352368873253,2839.5367,1914,1200
-1.93065799279726,0.297488454557458,2.35320151442404,2839.57006666667,1914,1200
-1.89956303288982,0.28180489088028,2.36775112014869,2839.60343333333,1914,1200
-1.87071328576259,0.264822843963703,2.38491213981128,2839.6368,1914,1200
-1.84309278852046,0.252697445030554,2.39686074303938,2839.67016666667,1914,1200
1.41052067247117,-0.628637667830336,1.16660703459547,2840.2374,1915,1201
1.42060186534735,-0.632480410600792,1.1764061042571,2840.27076666667,1915,1201
1.42732856890173,-0.634915126908072,1.1860822572796,2840.30413333333,1915,1201
1.43840301195648,-0.644027530086063,1.197237146531,2840.3375,1915,1201
1.44947984216982,-0.652974562157296,1.20793005652831,2840.37086666667,1915,1201
1.34146372864873,0.282532745531473,1.21226101294684,2842.17266666667,1916,1202
1.34934177548139,0.298563266182542,1.20412322391247,2842.20603333333,1916,1202
1.35826602666591,0.316399313546472,1.1928902561216,2842.2394,1916,1202
1.36555011709593,0.334548600419947,1.18247694291504,2842.27276666667,1916,1202
1.37142652563659,0.352014042507966,1.1717080111419,2842.30613333333,1916,1202
1.37669854521196,0.366236012202782,1.16378828712275,2842.3395,1916,1202
1.60418835992777,0.516889710310574,0.893601539761769,2843.27376666667,1919,1202
1.61361875582137,0.518383799783893,0.882031058758359,2843.30713333333,1919,1202
1.62437609410916,0.518731997534017,0.870715703520522,2843.3405,1919,1202
1.63635433909144,0.518538047803672,0.858965175737725,2843.37386666667,1919,1202
1.64595457025624,0.518735866464279,0.847852795025168,2843.40723333333,1919,1202
1.65401541732835,0.520111110578838,0.836858455992086,2843.4406,1919,1202
1.65985610548908,0.645844295119716,0.590904546977271,2844.3415,1922,1202
1.66428136965158,0.653397948307484,0.58386190399955,2844.37486666667,1922,1202
1.66757811970876,0.660527781892071,0.575671770573082,2844.40823333333,1922,1202
1.67224749214502,0.668151324000756,0.565892320542262,2844.4416,1922,1202
1.67806021905983,0.67625829953948,0.556315110702534,2844.47496666667,1922,1202
1.68360495882289,0.68298534677197,0.550110643946385,2844.50833333333,1922,1202
2.21517234053605,-0.639458683385458,0.322862780217396,2842.30613333333,1917,1203
2.20220728636631,-0.637324237395846,0.327392868703334,2842.3395,1917,1203
2.19386099108328,-0.63833633655067,0.332443003550273,2842.37286666667,1917,1203
-2.41619020781694,-0.543884927653892,4.46098424456493,2842.90673333333,1918,1204
-2.42428303541322,-0.54636725278539,4.49151014275199,2842.9401,1918,1204
-2.4328575036816,-0.551328932982082,4.52260012581768,2842.97346666667,1918,1204
-2.43495362813534,-0.555180314719512,4.55302428325712,2843.00683333333,1918,1204
-2.4410191419289,-0.562747510131583,4.58364494859814,2843.0402,1918,1204
1.71513051373717,-0.90679373062385,0.359494908692687,2843.37386666667,1920,1205
1.69354345848701,-0.918176394954119,0.359806742702589,2843.40723333333,1920,1205
1.67548247511968,-0.93704972184744,0.361147391972185,2843.4406,1920,1205
1.64689100244874,-0.943132123526851,0.365529976821431,2843.47396666667,1920,1205
-2.80812032612234,-0.790844690609815,4.77223908891092,2844.27476666667,1921,1206
-2.82260883616729,-0.801344609373147,4.76138980941375,2844.30813333333,1921,1206
-2.83509627459062,-0.809661268675828,4.75915074093802,2844.3415,1921,1206
-2.84486134104762,-0.819237111776535,4.75077033861682,2844.37486666667,1921,1206
-2.86166387669441,-0.832069151225942,4.75119813589006,2844.40823333333,1921,1206
1.69744044975631,0.732048502550075,0.47103936886012,2845.60943333333,1923,1207
1.68990653539131,0.740275325122574,0.468396828812727,2845.6428,1923,1207
1.68386038079033,0.748523230165302,0.465146540973469,2845.67616666667,1923,1207
1.67719840998098,0.754559871343954,0.46195915804137,2845.70953333333,1923,1207
1.6696427892959,0.759734406875068,0.459369146833061,2845.7429,1923,1207
1.40255315704872,0.863617172561604,0.42631626821189,2846.6438,1925,1207
1.39387723823252,0.868966358162528,0.428739604789941,2846.67716666667,1925,1207
1.38314430511418,0.871542721622172,0.433677502652696,2846.71053333333,1925,1207
1.37369108581165,0.872872149651668,0.438236692645525,2846.7439,1925,1207
1.36466963982684,0.872657809443384,0.444322690157088,2846.77726666667,1925,1207
1.35334001049815,0.871952695973898,0.450173305710535,2846.81063333333,1925,1207
0.961691765143001,0.997032859089419,0.631216623230349,2847.7449,1926,1207
0.954787541731662,1.00600820843739,0.632346888107914,2847.77826666667,1926,1207
0.946887511569958,1.01576874628692,0.632594436427715,2847.81163333333,1926,1207
0.93937879341792,1.0261719882951,0.632366772271168,2847.845,1926,1207
0.9319574762941,1.03772442944296,0.629467354100311,2847.87836666667,1926,1207
0.925168441938207,1.05198070495387,0.625260757941357,2847.91173333333,1926,1207
0.922084728651501,1.06873412749599,0.621293439973154,2847.9451,1926,1207
-3.46287317239829,-1.05399134576093,4.3350103443956,2845.80963333333,1924,1208
-3.47368021695782,-1.05265527203789,4.32222452097976,2845.843,1924,1208
-3.48624743697704,-1.05507983570293,4.31156422009167,2845.87636666667,1924,1208
-3.50033697615817,-1.06077829591196,4.3069532186813,2845.90973333333,1924,1208
0.892413786927702,1.49615591165082,0.471366306410242,2849.1463,1927,1209
0.886894558228895,1.50013279696469,0.468890290806513,2849.17966666667,1927,1209
0.879498134515933,1.50743692692875,0.464436619724172,2849.21303333333,1927,1209
0.871566577779028,1.51690099398436,0.459099285846291,2849.2464,1927,1209
0.861518575743267,1.52810013151995,0.454187885820318,2849.27976666667,1927,1209
0.847982505325388,1.53574272092122,0.453730733086891,2849.31313333333,1927,1209
0.579016508755738,1.46739890792019,0.559187676886288,2850.18066666667,1928,1209
0.676497813385571,1.87824909649868,0.732079005681595,2851.18166666667,1929,1210
0.686460182179032,1.88903150537869,0.729123049839845,2851.21503333333,1929,1210
0.69824710229844,1.89734978168387,0.724824265243782,2851.2484,1929,1210
0.706671277384718,1.90782879601872,0.721266681065746,2851.28176666667,1929,1210
0.715082700208991,1.91909120739491,0.716561044234161,2851.31513333333,1929,1210
0.719593187808221,1.93188250480749,0.714992354362091,2851.3485,1929,1210
0.850951164728948,2.05249306939138,0.86176826144787,2851.9491,1931,1210
0.85714359132201,2.06170067470542,0.872037913339824,2851.98246666667,1931,1210
0.86183928181739,2.07102192390833,0.883142984318943,2852.01583333333,1931,1210
0.866418810259654,2.07906028746315,0.893344482637125,2852.0492,1931,1210
0.872938374070277,2.08466802878024,0.902533428070217,2852.08256666667,1931,1210
0.879882252743904,2.08996035437311,0.912012272370065,2852.11593333333,1931,1210
0.88682349091253,2.09524903946058,0.92197279288022,2852.1493,1931,1210
1.27080328419491,2.31356420584309,0.943046861218385,2853.0502,1932,1210
1.27011143092369,2.32562735666416,0.944659547347141,2853.08356666667,1932,1210
1.26783389620484,2.33719206238466,0.946581338324023,2853.11693333333,1932,1210
1.26597368506033,2.34820444312414,0.94702330596972,2853.1503,1932,1210
1.26208688395211,2.35980051809162,0.946518753529011,2853.18366666667,1932,1210
1.258320434637,2.37137707355168,0.944632234128869,2853.21703333333,1932,1210
1.50779187865842,2.69523480967232,0.815295422773645,2854.08456666667,1934,1210
1.5256788318283,2.70938988213442,0.812698649344883,2854.11793333333,1934,1210
1.54763505037763,2.72448881727025,0.809620299752465,2854.1513,1934,1210
1.5713211922367,2.73960201002754,0.806036923224923,2854.18466666667,1934,1210
1.59657381698709,2.7524501568542,0.801062476954142,2854.21803333333,1934,1210
-2.25464955738413,-0.858538011969483,6.81158981275012,2851.9491,1930,1211
-2.24168324868177,-0.899450991957376,6.81785707492751,2851.98246666667,1930,1211
-2.22986451358617,-0.945946752266357,6.82930474787246,2852.01583333333,1930,1211
-2.20969714538306,-0.990265877881673,6.83167855920422,2852.0492,1930,1211
-2.19901723959492,-1.03466519834239,6.84461853119062,2852.08256666667,1930,1211
-2.17940913148459,-1.07172846948943,6.85141061558752,2852.11593333333,1930,1211
-2.25665078029792,-1.41243173728105,6.60056349211048,2853.81763333333,1933,1212
-2.28118103550902,-1.41081566994091,6.60976659410483,2853.851,1933,1212
-2.30841140438274,-1.41167102537347,6.62856562282991,2853.88436666667,1933,1212
-2.31636490312158,-1.39804176559433,6.61905476631541,2853.91773333333,1933,1212
-2.34367337110821,-1.40194574707032,6.64090403370936,2853.9511,1933,1212
-2.46643997343389,-1.1484737116139,6.63674794614289,2855.01883333333,1935,1213
-2.46803652476818,-1.15217193708834,6.64370912288408,2855.0522,1935,1213
-2.47780258572828,-1.15841514062612,6.65763319852599,2855.08556666667,1935,1213
2.39344128887216,3.66623741290234,0.676648676271024,2856.01983333333,1936,1214
2.40019093966951,3.69892828200856,0.695576496756651,2856.08656666667,1937,1214
-2.61780787582,-1.19003069166813,6.96496154461602,2856.08656666667,1938,1215
-2.62666369309388,-1.19018500473905,6.97976133824111,2856.11993333333,1938,1215
-2.62977337467846,-1.19196033783056,6.99748020930492,2856.1533,1938,1215
-2.62529149535289,-1.41465780026945,7.04375071156192,2857.18766666667,1939,1216
-2.61994715661975,-1.42300867125834,7.04024355487875,2857.22103333333,1939,1216
2.56295614266126,4.2814002122439,1.00559043320808,2857.22103333333,1940,1217
2.5652329507308,4.30392014959288,1.01003887172987,2857.2544,1940,1217
2.5667818167406,4.32741411218155,1.01273865461428,2857.28776666667,1940,1217
2.71188013647524,4.8768563026367,1.23406690333529,2858.2554,1942,1217
2.71091486975658,4.87858608140488,1.24267751075129,2858.28876666667,1942,1217
2.71984750950281,4.89026205023938,1.24952079440865,2858.32213333333,1942,1217
3.25998670395325,-0.665523490542753,-0.0423261831309041,2857.68816666667,1941,1218
2.40728134126868,5.07932205331939,1.3054669439327,2859.48996666667,1943,1219
2.38816532438841,5.07569289775932,1.31074525589188,2859.52333333333,1943,1219
2.3721458192598,5.07347438652846,1.31832665312902,2859.5567,1943,1219
2.34728034818682,5.05822130316625,1.3214695420816,2859.59006666667,1943,1219
1.52128192456954,5.05295055724588,1.27443542154856,2860.62443333333,1944,1220
1.49732961387752,5.05767489263707,1.27311269433757,2860.6578,1944,1220
1.47320801162419,5.06152476872821,1.27173946623746,2860.69116666667,1944,1220
1.4450157932381,5.06245620136602,1.2717444295214,2860.72453333333,1944,1220
1.41938122986839,5.05803157314446,1.26988245369959,2860.7579,1944,1220
-4.76548593161661,-1.10836716750623,3.97848847658259,2864.5617,1945,1221
0.295956374378054,3.7112122659437,1.46738620924775,2864.862,1946,1222
0.302841003684719,3.69265603747175,1.46748181197396,2864.89536666667,1946,1222
0.310111035401544,3.67331226054899,1.46741663508025,2864.92873333333,1946,1222
0.316628134955138,3.6560756615477,1.46835769914183,2864.9621,1946,1222
0.323188497868655,3.63702147689006,1.46836460654773,2864.99546666667,1946,1222
0.41031949153901,2.27275113270123,1.43023475756068,2866.53033333333,1947,1223
0.413919166436084,2.24529244006875,1.42846595706956,2866.5637,1947,1223
0.412561982127503,2.19800829436476,1.42537850734025,2866.63043333333,1948,1223
0.413391800612913,2.170140458016,1.42182243619498,2866.6638,1948,1223
-5.43981611999823,-1.74673089845132,4.03484621590778,2867.6648,1949,1224
-0.194460955017408,1.48228904368269,0.955941968732276,2868.09856666667,1950,1225
-0.206734269322324,1.47057512586184,0.939879136530397,2868.13193333333,1950,1225
-0.222623818129438,1.45630220953049,0.922937994552752,2868.1653,1950,1225
-0.240033420001143,1.44009235766996,0.906710868301058,2868.19866666667,1950,1225
-0.258143112112065,1.42234804656778,0.891722013954316,2868.23203333333,1950,1225
-0.276365376418889,1.40378513027378,0.878694147178004,2868.2654,1950,1225
-0.292046646194362,1.38840307608168,0.869373725909569,2868.29876666667,1950,1225
-0.609929962189239,0.995519469924643,0.758276565865128,2869.1663,1951,1225
-0.627023202235847,0.985829389576698,0.760403745447322,2869.19966666667,1951,1225
-0.64573657544336,0.973510490682573,0.763693166054199,2869.23303333333,1951,1225
-0.663562705701546,0.959998791824749,0.767561836325769,2869.2664,1951,1225
-0.680726017805537,0.944190420475908,0.77002265376157,2869.29976666667,1951,1225
-1.28258941576925,0.616516132912142,0.748314580094086,2870.4676,1952,1226
-1.29991897071833,0.616029489960721,0.749534657784621,2870.50096666667,1952,1226
-1.32016432225118,0.613724840657428,0.751689295929464,2870.53433333333,1952,1226
-1.80324855205082,0.762355885260029,0.769203815975393,2871.40186666667,1953,1226
-1.82405438704725,0.772634526580982,0.768818132555668,2871.43523333333,1953,1226
-2.04428195443044,0.878022840033172,0.748869793717894,2888.75253333333,1954,1227
-0.351723521842517,0.0344570582106332,0.0313611967882433,2931.29503333333,1955,1228
-0.354337989963903,0.031430737309456,0.0294029914989172,2931.3284,1955,1228
-0.351764330624914,0.0327812276934761,0.0309873077014575,2931.36176666667,1955,1228
-0.351975320864768,0.0322542761614292,0.0309186289125742,2931.39513333333,1955,1228
-0.352044707936653,0.0322763834315666,0.0311210434940209,2931.4285,1955,1228
-0.354601645893208,0.0304928410152079,0.0303347682428526,2931.46186666667,1955,1228
-0.352604980613209,0.0296932751387819,0.035273470047506,2931.96236666667,1956,1228
-0.354914187298844,0.0284348556541664,0.0344574858363184,2931.99573333333,1956,1228
-0.354975028917061,0.0283493228785359,0.0345150852426755,2932.0291,1956,1228
-0.353252664513872,0.0290489785290021,0.0362525879790127,2932.06246666667,1956,1228
-0.352878640032527,0.0294558217987202,0.0417175006640467,2932.66306666667,1957,1228
-0.35309575959384,0.0294499149534393,0.0420060844813578,2932.69643333333,1957,1228
-0.352509739659292,0.0298231866469253,0.0429519064824689,2932.7298,1957,1228
-0.353433296434755,0.0288644330787596,0.0427054900944751,2932.76316666667,1957,1228
-0.353388483668714,0.0290909041203388,0.0427352213047322,2932.79653333333,1957,1228
-0.35257938335679,0.0293700665945412,0.042817974318939,2932.8299,1957,1228
-0.352176826992906,0.0298384184325601,0.0437153916821441,2932.86326666667,1957,1228
-0.351662173847486,0.0305260001149861,0.0377124620734568,2934.99873333333,1958,1229
-0.350423172727588,0.0306629720777266,0.0383592086345003,2935.0321,1958,1229
-0.350797049419565,0.0300708536930214,0.0382231367148608,2935.06546666667,1958,1229
-0.3523397787943,0.0301295595942314,0.0374401589161354,2935.09883333333,1958,1229
-0.350407236659384,0.0302669594251617,0.0379231484353494,2935.1322,1958,1229
-0.350612091009884,0.0302088470921882,0.0376428822753848,2935.16556666667,1958,1229
-0.353111440866539,0.027378439603738,0.0298525087332299,2937.00073333333,1959,1230
-0.352873070766688,0.0279321407857605,0.0298726995564953,2937.0341,1959,1230
-0.35074065436495,0.0293470118642964,0.032166991107603,2937.06746666667,1959,1230
-0.351473076377858,0.0290462768614417,0.0322197875201052,2937.10083333333,1959,1230
-0.35201661104593,0.0285473681757588,0.0297031802054118,2947.8449,1960,1231
-0.352993271802847,0.0287417014314485,0.0292570652307598,2947.87826666667,1960,1231
-0.352385026310801,0.0289278263415231,0.0297975681276873,2947.91163333333,1960,1231
-0.351649416319027,0.0293516873013777,0.0301567006633268,2947.945,1960,1231
-0.351246594773417,0.0294615924139423,0.0304558509886727,2947.97836666667,1960,1231
-0.351758044217111,0.0288087120501692,0.0298316254611486,2948.01173333333,1960,1231
-0.351262984789154,0.0293521077194013,0.0296761659914164,2948.0451,1960,1231
-0.351122652284121,0.0292304322688288,0.0303510507980183,2948.07846666667,1960,1231
-0.354180711267106,0.0292279865889454,0.035838161459023,2948.8459,1961,1231
-0.35434750762506,0.0290440895068845,0.03605192379519,2948.87926666667,1961,1231
-0.352785231957376,0.0296899931909602,0.0433518090378942,2949.5466,1962,1231
-0.35235210167307,0.0294753756551337,0.0437518077260951,2949.57996666667,1962,1231
-0.350745089903409,0.0303374395285247,0.0442555668884206,2949.61333333333,1962,1231
-0.352340832724133,0.0295938221221026,0.0438608791770667,2949.6467,1962,1231
-0.352634634302618,0.0296512315955119,0.0433172878365193,2949.68006666667,1962,1231
-0.35389886876981,0.0283443332900435,0.0427789772924262,2949.71343333333,1962,1231
-0.354462382875195,0.0281002858010403,0.0422825919606264,2950.48086666667,1964,1231
-0.354102425210236,0.028345275184249,0.0424795494224511,2950.51423333333,1964,1231
-0.35359578668489,0.0283924282976491,0.0424626062630221,2950.5476,1964,1231
-0.353057887278527,0.0281498959981491,0.0422679610809699,2950.58096666667,1964,1231
-0.355047767999129,0.0275031806709384,0.0407675986216405,2950.61433333333,1964,1231
-0.353806871999872,0.0294813305918257,0.0401083136285634,2951.51523333333,1966,1231
-0.354283986677193,0.0292653552620541,0.0408295786368488,2951.5486,1966,1231
5.79939431049147,3.86742101566997,0.531748388866103,2949.947,1963,1232
5.76185475680332,3.83070983271934,0.544845936657607,2949.98036666667,1963,1232
5.52648612744063,2.63889233221554,0.487913032973578,2950.98136666667,1965,1233
5.52591302183204,2.59711791244975,0.485707170975853,2951.01473333333,1965,1233
4.75641029094241,1.0365431855164,0.537957403788892,2952.08246666667,1967,1234
4.74290742128878,0.987612592024027,0.551947837035969,2952.11583333333,1967,1234
4.73362800646807,0.940865864904478,0.565679595844087,2952.1492,1967,1234
4.73525765286946,0.891442403947807,0.580301153190893,2952.18256666667,1967,1234
3.68173854462259,-1.0052163117878,0.688727556013628,2953.38376666667,1968,1235
3.65289549860463,-1.05239973199672,0.697816418762502,2953.41713333333,1968,1235
3.65693794778911,-1.11600646314885,0.706318324624545,2953.4505,1968,1235
-0.352978962730183,0.0283045525356139,0.0415412540181418,2954.11783333333,1969,1236
-0.352114684540304,0.0289018671516215,0.0424648211450894,2954.1512,1969,1236
-0.352674303679992,0.0284926278855504,0.0411009893740826,2954.18456666667,1969,1236
-0.353690302466586,0.0290428367399524,0.0430485853421378,2954.952,1970,1236
-0.354277309435656,0.0285535421878315,0.0430928734415785,2954.98536666667,1970,1236
-0.35339108714538,0.0289780725363558,0.0434428232199776,2955.01873333333,1970,1236
-0.354277309435656,0.0285535421878315,0.0430928734415785,2955.0521,1970,1236
-0.352840089076762,0.0294503762729176,0.0442998897863196,2955.08546666667,1970,1236
2.14096144778178,-1.42194493546591,0.571416905726107,2957.28766666667,1971,1237
2.12034030511948,-1.41207739814779,0.583426532518758,2957.32103333333,1971,1237
2.08320467345512,-1.38384288419664,0.596113071223706,2957.3544,1971,1237
1.1551955905813,-0.718991823354296,0.903518090630129,2958.52223333333,1972,1238
1.1249866355063,-0.68724169728706,0.913690211682988,2958.5556,1972,1238
1.09910097154624,-0.666627841392052,0.92911309415474,2958.58896666667,1972,1238
1.07013265373452,-0.647011905521706,0.946308449955101,2958.62233333333,1972,1238
1.04296493187917,-0.637437236631603,0.966103098375015,2958.6557,1972,1238
-0.351379332172226,0.0276566724553684,0.0341216555013695,2958.98936666667,1973,1239
-0.352970837556905,0.0259756573418506,0.0322447146131204,2959.02273333333,1973,1239
-0.352126113618887,0.0263980686725084,0.0326955224313138,2959.0561,1973,1239
-0.354095802193028,0.028660628910394,0.034265176722718,2959.28966666667,1974,1239
-0.354662908325103,0.0306856786531272,0.0317226555933559,2959.32303333333,1974,1239
0.032082830246324,-0.54725007302778,0.83120003187526,2959.8569,1975,1240
0.023719004041577,-0.550225275391493,0.832122199987798,2959.89026666667,1975,1240
0.0177693412924961,-0.547278545968907,0.835355474460836,2959.92363333333,1975,1240
0.0218778102428713,-0.510736763207927,0.828834759994101,2960.89126666667,1976,1240
0.00675039898040208,-0.514575569108183,0.822496140774655,2960.92463333333,1976,1240
-0.00305155800870238,-0.517091662944125,0.815437259304195,2960.958,1976,1240
-0.00157425401271249,-0.513058090957283,0.80645555616258,2960.99136666667,1976,1240
0.349472229021617,0.452469116964037,0.46173283283814,2961.72543333333,1978,1240
0.347975789667571,-0.0244445497319192,0.371705519949916,2961.7588,1979,1240
0.363461800485634,-0.00913633636865019,0.360956945517396,2961.79216666667,1979,1240
0.378031119116175,0.0011523118398582,0.340896324513609,2961.82553333333,1979,1240
0.390544535317705,0.00895022356729325,0.321268817549495,2961.8589,1979,1240
-0.363768289911403,0.0234909517885886,0.0561197825505836,2962.82653333333,1980,1240
-0.364630379039064,0.0241852830636244,0.0403697897005145,2961.6587,1977,1241
-0.364061915600325,0.0248598981624611,0.0420182223578285,2961.69206666667,1977,1241
-0.363523490571113,0.0265975644042484,0.0426556508624715,2961.72543333333,1977,1241
-0.364083403686848,0.0249857712252615,0.0422268549208035,2961.7588,1977,1241
0.554484192052905,0.0967011171133747,0.206105138242253,2965.7628,1981,1242
0.54909601211187,0.0921781611802833,0.215505907247817,2965.79616666667,1981,1242
-0.350385195810754,0.0313597606068782,0.0934138681282919,2965.92963333333,1982,1242
-0.351663944738047,0.030452570387291,0.0925012170076561,2965.963,1982,1242
-0.349777765271018,0.0313434923977606,0.0929070522087948,2965.99636666667,1982,1242
-0.347990465104069,0.0307991588401503,0.0919051484220231,2966.02973333333,1982,1242
-0.347533892855745,0.0310363349706999,0.0919285834511772,2966.0631,1982,1242
-0.347733432122923,0.0299432908857638,0.0925014857814317,2966.09646666667,1982,1242
0.188107469407968,-0.0342326151902156,0.435592308578609,2966.73043333333,1983,1242
0.170322788000632,-0.0481651821488385,0.444594523324,2966.7638,1983,1242
0.149777405643279,-0.0659285501232503,0.455371725991354,2966.79716666667,1983,1242
-0.523367482389979,-0.839626619747232,0.0759576802138594,2966.83053333333,1984,1242
-0.348743044234429,0.0299425634718565,0.102984539334473,2966.8639,1985,1242
-0.349189662047016,0.0278502875511263,0.100879012427612,2966.89726666667,1985,1242
-0.348926979047928,0.0272635646128188,0.100404067156993,2966.93063333333,1985,1242
-0.347990398066764,0.0276346994897484,0.100783505962008,2966.964,1985,1242
-0.340017736739761,0.0312956263461012,0.118444328485996,2967.69806666667,1986,1242
-0.338800670035677,0.0318287192166076,0.11970958720717,2967.73143333333,1986,1242
-0.339182829499706,0.0318251612241968,0.120157174237216,2967.7648,1986,1242
-0.339340134745135,0.0310767291282973,0.119991834298565,2967.79816666667,1986,1242
-0.337745667003831,0.0322017428150814,0.1212598085121,2967.83153333333,1986,1242
-0.34666556571221,-0.263241858906324,0.379775748882851,2967.83153333333,1987,1242
-0.338167308730218,0.0314898400362583,0.122111227118272,2967.8649,1986,1242
-0.336507499664287,0.0331126936301055,0.12469057379527,2967.89826666667,1986,1242
-0.334013811055266,0.0333141102569818,0.141078577015626,2968.6657,1988,1242
-0.405837129273698,-0.0716381904179921,0.175578827845247,2968.69906666667,1988,1242
-0.333599015696046,0.0335453756974705,0.141760795169244,2968.69906666667,1988,1242
-0.4031707868751,-0.0632295013373919,0.175591875442739,2968.73243333333,1988,1242
-0.332501660481647,0.0335987518775626,0.142704651204497,2968.73243333333,1988,1242
-0.332035731036577,0.0342676919942979,0.14439361101075,2968.7658,1988,1242
-0.332566092976236,0.0331828585015366,0.144720651764507,2968.79916666667,1988,1242
-0.332402141261619,0.0332945473080017,0.145498446183766,2968.83253333333,1988,1242
-0.327729936259086,0.0351676290944372,0.157578792282539,2969.49986666667,1989,1242
-0.329003951874967,0.0343948322302232,0.158039178685457,2969.53323333333,1989,1242
-0.327967510616762,0.0346861043985187,0.15942359197392,2969.5666,1989,1242
-0.327398308439288,0.0349148929826121,0.159664496954161,2969.59996666667,1989,1242
-0.3274148973122,0.0353464102797102,0.160077270257622,2969.63333333333,1989,1242
-0.32757654464885,0.0350927722486052,0.160819137161488,2969.6667,1989,1242
-0.327027020326511,0.0353123091470575,0.161269013178848,2969.70006666667,1989,1242
-0.327209627268113,0.0349894095154955,0.161464565269886,2969.73343333333,1989,1242
-0.32679688958887,0.0334605807027697,0.174391508620093,2970.3674,1990,1242
-0.326632651710844,0.0339056712814642,0.175983185304863,2970.40076666667,1990,1242
-0.326458419328104,0.034539455235337,0.176231679187972,2970.43413333333,1990,1242
-0.326526575072645,0.0344639418170551,0.176371939800217,2970.4675,1990,1242
-0.326632651710844,0.0339056712814642,0.175983185304863,2970.50086666667,1990,1242
-0.326486788635963,0.03400516292508,0.176382552910836,2970.53423333333,1990,1242
-0.326486788635963,0.03400516292508,0.176382552910836,2970.5676,1990,1242
-0.326671967434915,0.0335381443924891,0.176402091962696,2970.60096666667,1990,1242
-0.400637037368412,0.0574103297079013,0.192555455673179,2971.1682,1991,1242
-0.324978142345674,0.034458855360609,0.177193053297324,2971.33503333333,1992,1242
-0.324341412903989,0.0348344712588585,0.177046294406511,2971.3684,1992,1242
-0.326851326384459,0.0328812962395627,0.176140646216365,2971.40176666667,1992,1242
-0.326472967202358,0.0332347812013578,0.177625645166359,2971.43513333333,1992,1242
-0.326693671714804,0.0333211332105068,0.176181974722172,2972.20256666667,1993,1242
-0.324929877503363,0.0345404820227159,0.176544667142758,2972.23593333333,1993,1242
-0.32676109020973,0.0331752436628175,0.176222098868011,2972.2693,1993,1242
-0.324954943128837,0.0343995133666321,0.176440811920293,2972.30266666667,1993,1242
-0.324806276719428,0.034361510446779,0.176477340309784,2972.33603333333,1993,1242
-0.326690112514835,0.0334082827079295,0.176288671489546,2972.3694,1993,1242
-0.326746020867651,0.0333512974351184,0.176409931573164,2972.40276666667,1993,1242
-0.324345007648288,0.0347474118552782,0.17693980656818,2974.2713,1994,1243
-0.323718059891343,0.035156502947008,0.177028194523796,2974.30466666667,1994,1243
-0.324009612951763,0.0350244998799737,0.176603998923522,2974.33803333333,1994,1243
-0.325037094114672,0.0345684796867622,0.176277873245253,2974.3714,1994,1243
-0.324138444577616,0.0346341219520283,0.176529584272597,2974.40476666667,1994,1243
-0.32407669725471,0.0346383383062626,0.17679980838765,2974.43813333333,1994,1243
-0.322522734017877,0.0360638487602125,0.177312300215877,2974.4715,1994,1243
-0.323339600633979,0.0353580424128959,0.177264197697788,2974.50486666667,1994,1243
-0.32313313722547,0.0353383997005573,0.177599684210385,2974.53823333333,1994,1243
-0.893092347918499,1.75075594746795,0.337568313337518,2975.5726,1995,1244
-0.324048781911233,0.0354308594842355,0.176819718527475,2975.80616666667,1996,1245
-0.320177196632247,0.0383976536633881,0.175099491869184,2976.20656666667,1997,1245
-0.322510359329403,0.0371790161018092,0.175680340695775,2976.23993333333,1997,1245
-0.323928467363135,0.0363081730852821,0.17759133242766,2976.2733,1997,1245
-0.324381625536845,0.0352594151613144,0.177777085036331,2976.30666666667,1997,1245
-0.323892857105047,0.0356042169519731,0.176504642081404,2976.34003333333,1997,1245
-0.321565241424963,0.0382784070011138,0.175336395900667,2976.3734,1997,1245
-0.322413791731192,0.037537171441574,0.175333806404237,2976.40676666667,1997,1245
-0.323029677800381,0.0368941042770983,0.176412451031435,2976.44013333333,1997,1245
-0.323623870481058,0.0354320279315783,0.176601403923123,2976.4735,1997,1245
-0.322758743486694,0.0369720220410233,0.177325477795535,2976.50686666667,1997,1245
-0.323061132489574,0.0368284481833062,0.175620789550885,2976.54023333333,1997,1245
-0.322755508236913,0.0364646912451675,0.175576908998557,2976.5736,1997,1245
-0.321660862226684,0.0370185317738702,0.177642635628419,2976.60696666667,1997,1245
-0.322985001899907,0.0368922258024675,0.178196345757454,2976.6737,1998,1245
-0.321113213189062,0.0392078849330896,0.177675465588838,2976.70706666667,1998,1245
-0.325613243849951,0.0347820245487012,0.165788390501973,2981.5786,1999,1246
-0.327594235113893,0.0323449450453801,0.163934898755277,2981.61196666667,1999,1246
-0.327530830392653,0.0343138374883114,0.156964558577865,2982.0791,2000,1246
-0.327461618325012,0.0344571379064359,0.156920144959197,2982.11246666667,2000,1246
-0.329033544484664,0.0328654215313091,0.15622449304857,2982.14583333333,2000,1246
-0.330470070602264,0.0332796115990572,0.146951005098206,2982.84653333333,2001,1246
-0.331368249693277,0.0324128386245328,0.14658683935893,2982.8799,2001,1246
-0.331864054722745,0.031912412913514,0.145789599363477,2982.91326666667,2001,1246
-0.331696911306524,0.0325010831830208,0.145972880141043,2982.94663333333,2001,1246
-0.334767370594363,0.0338353231525962,0.145763764160981,2986.81716666667,2002,1247
-0.334420165685446,0.0330513431103047,0.146336366282915,2986.85053333333,2002,1247
-0.335430130425012,0.0316451321352463,0.146113894703609,2986.8839,2002,1247
-0.331701731145313,0.0339776897830903,0.16287730443497,2987.6847,2003,1247
-0.331187992729992,0.0347256502240176,0.163272174837016,2987.71806666667,2003,1247
-0.0653580039462356,0.874472200365423,0.52945518732186,2995.32566666667,2004,1248
-0.0654652947388061,0.874444125549874,0.529170895258844,2995.35903333333,2004,1248
-0.983269736795744,1.13879563540314,0.685213125063866,2998.5956,2005,1249
-0.982844687190054,1.13805825355137,0.685613138269602,2998.62896666667,2005,1249
-0.983690151516542,1.13802093241666,0.685474052089733,2998.66233333333,2005,1249
-0.982825070998567,1.13811279066537,0.6851433028017,2998.6957,2005,1249
-0.947583498284148,0.97391017446477,0.653583514508785,3002.2993,2006,1250
-0.943104785191721,0.963893255909345,0.649181689686478,3002.33266666667,2006,1250
-0.935851060683856,0.954525461077214,0.645421187935439,3002.36603333333,2006,1250
-1.00122689050521,0.608154651363788,0.655651136204671,3003.16683333333,2007,1250
-1.00331559993533,0.578345162909572,0.658345514679802,3003.2002,2007,1250
-1.00524829435787,0.552157141890653,0.662281929542819,3003.23356666667,2007,1250
-1.00652378131506,0.525558926145612,0.66511591745934,3003.26693333333,2007,1250
-1.00501441828048,0.503364768336887,0.66668544158005,3003.3003,2007,1250
-0.657984931338604,-0.177268001662318,0.446569910068816,3004.56823333333,2008,1251
-0.645312375037515,-0.172351530287912,0.43537168136125,3004.6016,2008,1251
-0.632555920266919,-0.16785595568599,0.424607480066065,3004.63496666667,2008,1251
-0.620357117407467,-0.162565001785481,0.414047432245114,3004.66833333333,2008,1251
-0.605565643142715,-0.155583498010621,0.401462583373729,3004.7017,2008,1251
-0.359825108146202,0.0537581257111517,0.190986719869667,3007.43776666667,2009,1252
-0.31703866933781,0.0741661887605014,0.196662416570972,3007.47113333333,2009,1252
-0.223191524329352,0.0910229813543539,0.130418445203936,3019.85016666667,2010,1253
-0.226582671362288,0.0868173882624798,0.126627758428578,3019.88353333333,2010,1253
-0.227113775785243,0.0739279463655483,0.119357623093155,3019.9169,2010,1253
-0.220558184424844,0.067976393768596,0.112481393273276,3019.95026666667,2010,1253
-0.481887938490365,-0.463947094238357,0.127197039572951,3020.9179,2011,1253
-0.272409782252274,-0.290868318877048,0.294560298958781,3020.95126666667,2012,1253
-0.260717213447963,-0.309315864534209,0.30050527575467,3020.98463333333,2012,1253
-0.250196504843358,-0.328857014311971,0.306231338195039,3021.018,2012,1253
-0.234653733474994,-0.343563552963375,0.312795242157874,3021.05136666667,2012,1253
-0.140440119434225,-0.0692190299855787,0.240417438559598,3022.78643333333,2013,1254
-0.135730618811326,-0.0842950438452357,0.252908978912875,3022.8198,2013,1254
-0.133134675830125,-0.106636368457583,0.266678160918968,3022.85316666667,2013,1254
-0.192577014947231,-0.822443654083575,0.624360679682815,3023.95426666667,2014,1255
-0.192067390371886,-0.830274763992917,0.637409170679201,3023.98763333333,2014,1255
-0.193554976969003,-0.84661964846212,0.650624015236439,3024.021,2014,1255
-0.194141624485327,-0.863251139580997,0.661977029952018,3024.05436666667,2014,1255
-0.198154287216539,-0.889728274341771,0.672468769418557,3024.08773333333,2014,1255
-0.281561014065457,-1.55962529369339,0.94378666986487,3024.9219,2015,1255
-0.282955440030552,-1.60298744145119,0.952152158996642,3024.95526666667,2015,1255
-0.28240471967661,-1.6470882605228,0.961966181815259,3024.98863333333,2015,1255
-0.28254553773434,-1.68148494026058,0.971163079723989,3025.022,2015,1255
-0.286143236606087,-1.72207109970877,0.978210661313207,3025.05536666667,2015,1255
-0.672898651819931,-2.56981727777289,1.10525794661191,3026.18983333333,2016,1256
-0.672180296917248,-2.57569926723024,1.11027342846312,3026.2232,2016,1256
-0.66852123307725,-2.57762657092505,1.11652921481434,3026.25656666667,2016,1256
-0.664257468957131,-2.57548419211925,1.11842287031122,3026.28993333333,2016,1256
1.83710730954024,-1.2117830482232,1.01264992117525,3039.20283333333,2017,1257
-0.647621243535548,-2.97820048641325,1.21283164359755,3043.57386666667,2018,1258
-0.622563492261398,-2.96099708811338,1.20152906130963,3043.6406,2019,1258
-0.610738687104248,-2.94378646230824,1.20053680328319,3043.67396666667,2019,1258
-0.508204948278404,-3.20994978977552,1.36621774146536,3044.6416,2020,1258
-3.13754260887801,1.02609354011283,1.16815488917083,3044.67496666667,2021,1259
-3.11665969601538,1.0034562891047,1.16393411970145,3044.70833333333,2021,1259
-3.09222483005279,0.983473902715952,1.16144300585889,3044.7417,2021,1259
-3.07530232939139,0.961233748153251,1.159066057443,3044.77506666667,2021,1259
14.9472008796757,-1.00452903013843,0.0245262362529477,3046.9439,2022,1260
-1.74890421370634,-3.25084794502671,3.15908592402873,3121.95216666667,2023,1261
-1.73469832407987,-3.32766789711161,2.73482882078866,3126.3232,2024,1262
-1.73794995394641,-3.34734809754058,2.73132999406279,3126.35656666667,2024,1262
-1.74214464439263,-3.37838539131051,2.72799559818669,3126.38993333333,2024,1262
-1.72416438116735,-3.36094365799309,2.70776014222704,3126.4233,2024,1262
-1.61156514858066,-3.77964364104212,2.55616843029923,3127.35756666667,2025,1262
-1.61154180445513,-3.7969785880832,2.55589620023662,3127.39093333333,2025,1262
-1.60591858067499,-3.79802486231787,2.55137993617177,3127.4243,2025,1262
-1.79135724975262,-3.80539127456393,2.37899713698135,3128.39193333333,2026,1262
-1.81407321489053,-3.80549182547634,2.37426899791844,3128.4253,2026,1262
-1.83284569024833,-3.788990121567,2.36415069046332,3128.45866666667,2026,1262
-2.39847919417865,-3.31397120514975,2.1194324492178,3129.49303333333,2027,1263
-2.42442852046495,-3.35012379838583,2.02905894721026,3129.59313333333,2028,1263
1.79039557936242,-1.15140526452493,1.20475238158766,3140.3372,2029,1264
1.79392123832524,-1.15284752345856,1.21943764761749,3140.37056666667,2029,1264
1.79232652823091,-1.14671958539913,1.23331766499873,3140.40393333333,2029,1264
1.67196605467797,-0.795923166206224,1.37725077879028,3141.57176666667,2030,1265
1.65938433773028,-0.785349223222061,1.36398854179506,3141.60513333333,2030,1265
1.65096998585582,-0.782860637227892,1.35367829515709,3141.6385,2030,1265
1.63625085412301,-0.771318008628525,1.339208378244,3141.67186666667,2030,1265
1.27976067931219,-0.714353299572797,0.850678478569517,3142.87306666667,2031,1266
1.26558867558966,-0.706735758270381,0.844523545661228,3142.90643333333,2031,1266
1.25262082171594,-0.700755545168693,0.839051212966213,3142.9398,2031,1266
1.2390616770561,-0.692977580555258,0.832899871030545,3142.97316666667,2031,1266
0.430675730301857,-0.362337894028876,0.742115446355046,3145.6425,2032,1267
0.161794021018593,-0.49103972696416,0.810561541043625,3147.07726666667,2033,1268
0.156341771890801,-0.493688750631091,0.805205913451347,3147.11063333333,2033,1268
0.151812746251106,-0.497097693248088,0.798831357109247,3147.144,2033,1268
0.151107553424253,-0.500154865989106,0.791601525447617,3147.17736666667,2033,1268
0.149888089099489,-0.509363819657814,0.78373793361901,3147.21073333333,2033,1268
-0.243744229672411,-0.912800954653996,0.525846656761955,3148.51203333333,2034,1269
-0.246916541209844,-0.931551480016726,0.531719746111874,3148.5454,2034,1269
-0.245241897488346,-0.946115341003255,0.535717698049933,3148.57876666667,2034,1269
-0.486230205606244,-1.41646211357353,0.531226722644392,3149.5464,2035,1269
-0.492081154941731,-1.41622532989831,0.537278538504491,3149.57976666667,2035,1269
-2.09631598688761,-2.04190301772926,1.07715443451349,3151.88206666667,2036,1270
-2.13193300614454,-2.05856468340714,1.09381792265671,3151.91543333333,2036,1270
-2.14404338609275,-2.05029370734105,1.10697791009408,3151.9488,2036,1270
-3.65555864349338,-4.29045813741676,2.18411222931365,3151.91543333333,2037,1271
-3.64032295218552,-4.24981069221524,2.16800066378064,3151.9488,2037,1271
-4.5869886173449,-1.32998650591716,2.30946910210038,3153.78396666667,2038,1272
-4.55186132181972,-1.34575722888445,2.31892689526406,3153.81733333333,2038,1272
-4.51943858891947,-1.35649978272752,2.32574680892872,3153.8507,2038,1272
-2.78600011789371,-2.13575385597028,1.96728302067304,3153.78396666667,2039,1273
-2.77393683904764,-2.13070019894657,1.98623417962451,3153.81733333333,2039,1273
-2.77153511463942,-2.13407645380113,2.00614853147935,3153.8507,2039,1273
-3.65150814722911,-1.90572027062581,2.78167789580724,3154.91843333333,2040,1274
-3.62054069967305,-1.92558519350165,2.79915809174061,3154.9518,2040,1274
-3.61088035012919,-1.95787161217764,2.82860386704358,3154.98516666667,2040,1274
-3.58826343066607,-1.97714007928053,2.85045171630121,3155.01853333333,2040,1274
-2.85484108877373,-1.52500318534457,1.8496211965404,3155.8527,2041,1275
-2.85595675112264,-1.49624375602773,1.8462765611023,3155.88606666667,2041,1275
-2.85720409587349,-1.4719522276731,1.84472209373862,3155.91943333333,2041,1275
-2.85305086509561,-1.44673041662393,1.84881108372036,3155.9528,2041,1275
-4.48012438226164,-3.29611841865941,1.99663115200779,3155.91943333333,2042,1276
-4.47352549309378,-3.27195544637575,1.99568341008246,3155.9528,2042,1276
-2.77684209923151,-0.696010901475262,2.16490504157091,3157.22073333333,2043,1277
-2.75795891348741,-0.68659939398894,2.18333203529242,3157.2541,2043,1277
-2.74113688940535,-0.680019033328008,2.20254524252125,3157.28746666667,2043,1277
-2.71996575721989,-0.675433278070261,2.22241785204698,3157.32083333333,2043,1277
-0.324747200971036,0.0379651863600972,0.176133294053299,3158.38856666667,2044,1278
9.2363119070516,1.6525511957125,0.233707119875807,3159.38956666667,2045,1279
-1.63889782815161,-1.43458267216751,3.34949884136636,3160.12363333333,2046,1280
-1.62269127381347,-1.46030879789653,3.37018594273897,3160.157,2046,1280
-1.60561063633881,-1.48132857021673,3.3871631409934,3160.19036666667,2046,1280
-0.610557343901713,-2.47124366983567,3.5814885455751,3161.52503333333,2047,1281
-0.587957654200201,-2.51664016098014,3.59122837040426,3161.5584,2047,1281
-0.560034392029896,-2.55612436458632,3.59346956576914,3161.59176666667,2047,1281
-0.538723963268858,-2.60392078085793,3.6039232860291,3161.62513333333,2047,1281
-0.516243131443424,-2.65170423312724,3.61269262460044,3161.6585,2047,1281
-0.274546942148868,-4.62639808316373,4.64030781918024,3163.92743333333,2048,1282
-0.282023385501644,-4.64113471229636,4.636914675866,3163.9608,2048,1282
-0.301068223095213,0.016867632415466,0.215697408544189,3169.166,2049,1283
-0.30075147822863,0.0117749336759468,0.226706440619412,3169.19936666667,2049,1283
-0.300135695146863,0.00811695848117588,0.24030916892598,3169.23273333333,2049,1283
-0.301110937892149,0.00545459799104753,0.251351944642993,3169.2661,2049,1283
-0.300489354451593,0.00269700396974526,0.265000160073124,3169.29946666667,2049,1283
-0.298297361817057,0.00204434823225108,0.278510465472985,3169.33283333333,2049,1283
-0.30007099765635,-0.00184354120875563,0.290104786731718,3169.3662,2049,1283
-0.298507067468024,-0.00603912424801756,0.302346829706734,3169.39956666667,2049,1283
0.213479957845351,-0.373424139255343,0.846185229432994,3171.3682,2050,1284
0.214911774006062,-0.382173198851619,0.853574461822584,3171.40156666667,2050,1284
0.215049553458937,-0.390598396644979,0.861362596646816,3171.43493333333,2050,1284
0.214488458045428,-0.401206174523555,0.871943719405386,3171.4683,2050,1284
0.213672410164656,-0.408153292773061,0.880546754268073,3171.50166666667,2050,1284
0.210519904102622,-0.418452090834524,0.890360362880105,3171.53503333333,2050,1284
0.207674319788673,-0.428033527904428,0.899679382316681,3171.5684,2050,1284
0.204941255776717,-0.437866180001861,0.908022672953638,3171.60176666667,2050,1284
0.199390185605026,-0.456700816722488,0.917917629401016,3171.63513333333,2050,1284
0.198445569461633,-0.462919208251503,0.92494279941908,3171.6685,2050,1284
0.219635188620586,-0.73841428151092,1.24379313346,3172.4693,2051,1284
0.223502260188937,-0.75496528573693,1.26265365980362,3172.50266666667,2051,1284
0.227450078833995,-0.774917769952481,1.2804153003512,3172.53603333333,2051,1284
0.233035368298934,-0.795559809745532,1.29713980563893,3172.5694,2051,1284
0.241490979397619,-0.815524269569886,1.31215223486159,3172.60276666667,2051,1284
0.249213151879429,-0.846591785470004,1.33174211547355,3172.63613333333,2051,1284
0.257781588103765,-0.869031296473913,1.34675037049968,3172.6695,2051,1284
0.272659503401132,-1.42462683659926,1.81704987953838,3173.50366666667,2052,1284
0.282612578034011,-1.4416340103101,1.84022355384603,3173.53703333333,2052,1284
0.297419107754749,-1.45760876248693,1.86287851074565,3173.5704,2052,1284
0.314009996183034,-1.47343759794032,1.88822889624317,3173.60376666667,2052,1284
0.329053834942653,-1.47844942878187,1.90812242675084,3173.63713333333,2052,1284
0.344099976002516,-1.4941450906048,1.93631252259948,3173.6705,2052,1284
0.367057044353121,-1.51665357965657,1.98596560939571,3173.73723333333,2053,1284
0.374614703531788,-1.51734808665016,2.00127807983868,3173.7706,2053,1284
0.380966932523212,-1.52858820522237,2.02417445040566,3173.80396666667,2053,1284
0.545883749112763,-1.48276031819743,2.39937760150412,3174.50466666667,2054,1284
0.547116546122084,-1.48150807841383,2.41512063173087,3174.53803333333,2054,1284
0.546070941891354,-1.48804091625084,2.43439499888976,3174.5714,2054,1284
0.542999954713889,-1.49267948810701,2.45446506267959,3174.60476666667,2054,1284
0.540856953765127,-1.49515959298602,2.47263949840082,3174.63813333333,2054,1284
0.53987145441116,-1.50456523240317,2.49492459924958,3174.6715,2054,1284
0.539833928475216,-1.51278696417506,2.51310119340438,3174.70486666667,2054,1284
0.540702605563427,-1.52126040554116,2.53210098740163,3174.73823333333,2054,1284
0.540372482942765,-1.5271251272215,2.54623806246822,3174.7716,2054,1284
0.53853770419663,-1.53169566559373,2.55684602282065,3174.80496666667,2054,1284
0.175788713660755,-1.76438360753547,2.80032588338015,3175.73923333333,2055,1284
0.162038481538347,-1.76675436559082,2.80695976338246,3175.7726,2055,1284
0.147260382978071,-1.77330652669851,2.81403168593031,3175.80596666667,2055,1284
-0.323025279404975,-1.95938041813654,2.92700027580062,3176.94043333333,2056,1285
-0.338154026506862,-1.97359822634167,2.93962507567799,3176.9738,2056,1285
-0.591755451370204,1.99486873462421,0.593834441003033,3179.54303333333,2057,1286
-0.591725123120168,1.99487883166143,0.593861621675542,3179.5764,2057,1286
-0.590466976357928,1.99279962589923,0.593482199706553,3181.7786,2058,1287
-0.59035329087287,1.992811716353,0.593912414678562,3181.81196666667,2058,1287
-0.605392657583433,1.97170208037414,0.599867760628616,3187.7846,2059,1288
-0.60650207623183,1.97213527924156,0.599812134641962,3187.81796666667,2059,1288
-0.613643857195047,1.96628585161159,0.606705595308164,3190.12026666667,2060,1289
-0.586509345454676,1.88294728548341,0.645007587421851,3201.83196666667,2061,1290
-0.581531538281659,1.87936825999549,0.647825820828157,3201.86533333333,2061,1290
-0.576178785698619,1.87379841218356,0.651098541656644,3201.8987,2061,1290
-0.496552533205442,1.78027471862459,0.685980138242953,3202.2991,2062,1290
-0.494784932436724,1.77156711104211,0.685193302836928,3202.33246666667,2062,1290
-0.491567301098817,1.76195530620813,0.682842725624139,3202.36583333333,2062,1290
-0.486567973919717,1.74955841368183,0.678282821155412,3202.3992,2062,1290
-0.477732332379638,1.73649338753442,0.67298856336179,3202.43256666667,2062,1290
-0.464359595577014,1.72363172756873,0.667397776926431,3202.46593333333,2062,1290
-0.453834887621142,1.71382844296129,0.662706371757979,3202.4993,2062,1290
-0.348622671642727,1.50154708381331,0.598788214020413,3203.0999,2063,1290
-0.346963305051618,1.49372104899466,0.599327418027856,3203.13326666667,2063,1290
-0.345334860225501,1.48507649960898,0.600118017700022,3203.16663333333,2063,1290
-0.343731306635895,1.47558460362633,0.60165593639498,3203.2,2063,1290
-0.34155329392917,1.46542807004417,0.60386499037115,3203.23336666667,2063,1290
-0.339730734438382,1.4561960323805,0.607146826192913,3203.26673333333,2063,1290
-0.194440186895458,1.2316770452578,0.625110158652979,3203.96743333333,2064,1290
-0.183484741008473,1.21960384145088,0.624323945605299,3204.0008,2064,1290
-0.173470559707033,1.20776148995615,0.623877792863763,3204.03416666667,2064,1290
-0.162914564636863,1.19544768563759,0.623530276839305,3204.06753333333,2064,1290
-0.152783389028909,1.18118984031586,0.622056326446903,3204.1009,2064,1290
9.11634132724215e-05,0.725941637408814,0.618422981489573,3204.9017,2065,1290
0.00428511207088911,0.704091576297501,0.618360489624857,3204.93506666667,2065,1290
0.00746023087719216,0.681481629433467,0.617870916134692,3204.96843333333,2065,1290
0.0110277906352563,0.659546717260587,0.616901007512309,3205.0018,2065,1290
-0.112527107149718,0.211516255421084,0.705659264484126,3205.86933333333,2066,1290
-0.121286245924112,0.211479438156248,0.713166810578646,3205.9027,2066,1290
-0.129826080570455,0.213543110490889,0.720656276206819,3205.93606666667,2066,1290
-0.137650431367997,0.217517304926897,0.728342319478055,3205.96943333333,2066,1290
-0.146529460578475,0.221430149779638,0.733773000371902,3206.0028,2066,1290
-0.156158485245125,0.225854107599137,0.73899066148886,3206.03616666667,2066,1290
-0.359759379679382,0.195033091913026,0.926542545096176,3206.93706666667,2067,1290
-0.360889688388635,0.191066731650666,0.932679167036299,3206.97043333333,2067,1290
-0.363423406884224,0.18685759403817,0.938087896168424,3207.0038,2067,1290
-0.460615639218418,-0.0972923393707583,0.974411518391626,3207.9047,2068,1290
-0.463362144015702,-0.10819737223823,0.982330125682466,3207.93806666667,2068,1290
-0.466650906943463,-0.117096619194332,0.989624037306186,3207.97143333333,2068,1290
-0.770104101335264,-0.200826826093899,1.04351223364022,3208.9057,2069,1290
-0.77907795328141,-0.207588434783397,1.0466384222034,3208.93906666667,2069,1290
-0.777722200924815,-0.509055982322701,1.05297055510736,3209.94006666667,2070,1291
-0.76352859409889,-0.521061642064924,1.04929761307862,3209.97343333333,2070,1291
-0.749937708286654,-0.535565073044509,1.04484554339846,3210.0068,2070,1291
-0.734734288026334,-0.551123646249355,1.03950937051879,3210.04016666667,2070,1291
-0.717147897101325,-0.564803694068467,1.03355021250548,3210.07353333333,2070,1291
-0.697893647283059,-0.574901313955318,1.02461581508009,3210.1069,2070,1291
-0.23009558092734,-0.457900442566135,0.791073441548217,3210.9077,2071,1291
-0.213819244131412,-0.447749384981829,0.783560045748979,3210.94106666667,2071,1291
-0.196473685039097,-0.439426630753525,0.774931235477958,3210.97443333333,2071,1291
-0.17548335733775,-0.426946708817869,0.765414689819785,3211.0078,2071,1291
-0.153953834649178,-0.414154560261577,0.754767443313346,3211.04116666667,2071,1291
-0.132207811087626,-0.399070380065131,0.743044782577024,3211.07453333333,2071,1291
-0.112810024841668,-0.386086290520499,0.733814557911016,3211.1079,2071,1291
0.238743410737776,-0.242954286426834,0.569649235709683,3211.9087,2073,1291
0.247689232290417,-0.240733083871297,0.566380429729437,3211.94206666667,2073,1291
0.259448441633366,-0.227065669831195,0.563029599249627,3211.97543333333,2073,1291
0.266827166474617,-0.222550821593636,0.557699925472025,3212.0088,2073,1291
0.277223613403056,-0.212016256879626,0.553097594291969,3212.04216666667,2073,1291
0.286637284213747,-0.205878605263253,0.547343841171645,3212.07553333333,2073,1291
4.66181055282883,2.39693221531935,0.581799689248728,3211.17463333333,2072,1292
4.63546239091002,2.38243504311864,0.595188638581886,3211.208,2072,1292
4.61649004576365,2.36967927264445,0.607913940638687,3211.24136666667,2072,1292
4.59433324232554,2.35623652621884,0.621388409162435,3211.27473333333,2072,1292
3.54020968960632,2.05081583610688,1.09112574149767,3212.8096,2074,1293
3.52800877028409,2.05079951539819,1.1113416024286,3212.84296666667,2074,1293
3.51542432095984,2.05069655593856,1.13195400364846,3212.87633333333,2074,1293
3.50528452041136,2.05210745776026,1.15086275074489,3212.9097,2074,1293
3.4933623344466,2.05473275083145,1.1716258165981,3212.94306666667,2074,1293
3.47654024855699,2.05523671855956,1.18918203182091,3212.97643333333,2074,1293
1.02362093667088,-0.00106347768339288,0.401270812756174,3213.94406666667,2075,1294
1.03649607689054,0.00437189011663019,0.403235334469802,3213.97743333333,2075,1294
1.1704493538957,0.125151576611592,0.477914951244036,3214.77823333333,2077,1294
1.17357082888261,0.13248436232285,0.483695243244526,3214.8116,2077,1294
1.18078890139207,0.138114480579111,0.48869815526326,3214.84496666667,2077,1294
1.19053036244096,0.143813016889979,0.492495012347798,3214.87833333333,2077,1294
1.19941115570894,0.150064687655339,0.49726010752088,3214.9117,2077,1294
1.21025524583961,0.153144597937235,0.500802660807149,3214.94506666667,2077,1294
1.22260120019392,0.153016970667416,0.504815727101102,3214.97843333333,2077,1294
1.2318714322234,0.154472511804407,0.506543231545532,3215.0118,2077,1294
1.43051492936647,0.260503746560019,0.553793313775173,3215.74586666667,2078,1294
1.43956120295427,0.263940445510596,0.556864753296039,3215.77923333333,2078,1294
1.44474093509194,0.269082140151293,0.560805581058274,3215.8126,2078,1294
1.45261579993163,0.272339237561682,0.565475884524311,3215.84596666667,2078,1294
1.45939777442555,0.275689758752194,0.570276520073476,3215.87933333333,2078,1294
1.46522652830913,0.279667538645811,0.574849929527181,3215.9127,2078,1294
1.4748924347768,0.282094996452677,0.577246873424663,3215.94606666667,2078,1294
1.48225747741242,0.284544857265531,0.579188053334587,3215.97943333333,2078,1294
2.33020386427642,2.838780195705,2.13512783817486,3214.64476666667,2076,1295
2.31353249266418,2.85563274892798,2.15446941370566,3214.67813333333,2076,1295
2.29465521152676,2.87421141484011,2.17536231579793,3214.7115,2076,1295
2.27773741954016,2.89444645264,2.19850407540903,3214.74486666667,2076,1295
2.25769508188282,2.91133592867719,2.21862042087869,3214.77823333333,2076,1295
2.23629814984119,2.92836532080023,2.24093606480132,3214.8116,2076,1295
2.22266369167693,2.94458396449814,2.26472868840357,3214.84496666667,2076,1295
1.2642566212533,2.87156321743285,3.44323880942555,3216.4132,2079,1296
1.26434374137552,2.86423690281338,3.4654545150128,3216.44656666667,2079,1296
1.26649979575391,2.85684400808419,3.49086351187874,3216.47993333333,2079,1296
1.27115396834965,2.8503110573373,3.51543483385008,3216.5133,2079,1296
1.27558437751597,2.84090963445974,3.53824143439302,3216.54666666667,2079,1296
1.28057049770126,2.83139584989643,3.5627961116115,3216.58003333333,2079,1296
1.28611364617633,2.82127474995735,3.58241115553516,3216.6134,2079,1296
1.87870320394744,0.413935771049793,0.55451854473473,3217.0138,2080,1297
1.88707339766387,0.418157544863544,0.556650390553301,3217.04716666667,2080,1297
1.89574358021476,0.423259297747965,0.557954904190806,3217.08053333333,2080,1297
1.90385661212413,0.427713723724881,0.55853728308257,3217.1139,2080,1297
1.9147320254482,0.431610841089444,0.558970039448136,3217.14726666667,2080,1297
1.9281521870445,0.435056107988406,0.558064822431307,3217.18063333333,2080,1297
1.27785892313965,2.88026552094209,4.41943970158548,3217.78123333333,2081,1298
1.28303277019374,2.88812175956896,4.44520117656895,3217.8146,2081,1298
1.29016070334774,2.89611603995597,4.47096568882016,3217.84796666667,2081,1298
1.29920057277372,2.90309383834068,4.50028107723538,3217.88133333333,2081,1298
1.30465736707135,2.90742838881226,4.51539053399034,3217.9147,2081,1298
2.35597366495347,0.687774459547274,0.437964272451672,3218.24836666667,2082,1299
2.36965354210159,0.697831423636309,0.437092124134534,3218.28173333333,2082,1299
2.38322752952964,0.706559471011605,0.436099191440939,3218.3151,2082,1299
2.39773320482914,0.715269118075035,0.434339318408884,3218.34846666667,2082,1299
2.4153569255486,0.724091326826078,0.431819244235286,3218.38183333333,2082,1299
2.42972311946029,0.732920933974791,0.428313551165718,3218.4152,2082,1299
2.44537170910442,0.74036251329629,0.42573434746221,3218.44856666667,2082,1299
2.63602716403559,0.871092859033524,0.499355970657982,3219.3161,2083,1299
2.63785810565689,0.878132813480428,0.503405124448176,3219.34946666667,2083,1299
2.64038565869059,0.884620820607886,0.5074621693735,3219.38283333333,2083,1299
2.64363692945354,0.891686370023397,0.510241743253061,3219.4162,2083,1299
2.64322974643854,0.900483458564521,0.514448327618331,3219.44956666667,2083,1299
2.64464408416641,0.908555626643552,0.517039707207024,3219.48293333333,2083,1299
2.66487971217082,1.13639815360882,0.527560086237164,3220.3171,2085,1299
2.66339707340641,1.14975544443843,0.528966770088863,3220.35046666667,2085,1299
2.66163933390012,1.16410607326257,0.531149849448408,3220.38383333333,2085,1299
2.66256392536758,1.17774071528564,0.53170497392786,3220.4172,2085,1299
2.6641973062587,1.19184408924706,0.532244841092944,3220.45056666667,2085,1299
2.66411380438822,1.20607489304009,0.531445609910907,3220.48393333333,2085,1299
2.66420683771069,1.2199724853085,0.529949027582761,3220.5173,2085,1299
2.66790195040186,1.23147033735152,0.528861182377152,3220.55066666667,2085,1299
2.80130622295693,1.53231266245694,0.485656514016605,3221.4182,2086,1299
2.80730140850343,1.54461608510562,0.488684394815926,3221.45156666667,2086,1299
2.81165917173304,1.55686555239132,0.49139470971319,3221.48493333333,2086,1299
2.82013288496012,1.56968879855522,0.494763742064583,3221.5183,2086,1299
2.82425901455967,1.58181930403131,0.497655226023226,3221.55166666667,2086,1299
2.83022911261918,1.59478116480387,0.499618385237691,3221.58503333333,2086,1299
2.83553264753593,1.60627338979532,0.501865245263118,3221.6184,2086,1299
2.78430864907261,1.98503066916048,0.526070903703459,3222.55266666667,2087,1299
2.78184192138331,1.99966619331329,0.529927825561367,3222.58603333333,2087,1299
2.78182381097082,2.0148209127677,0.533847815907502,3222.6194,2087,1299
2.77958574128766,2.02941719883586,0.537369742295467,3222.65276666667,2087,1299
2.77823392068503,2.04315045600337,0.539330633258062,3222.68613333333,2087,1299
2.78097991608314,2.0563281473039,0.539586332035124,3222.7195,2087,1299
2.78267794489032,2.06654433231779,0.540622731290637,3222.75286666667,2087,1299
2.82526815917359,2.46944690360068,0.417117111804831,3223.7205,2088,1299
2.82554617087694,2.48593209923568,0.415903480932571,3223.75386666667,2088,1299
2.81825227314756,2.50001654632924,0.417750448760885,3223.78723333333,2088,1299
2.8174276937663,2.51563218769274,0.416537995159752,3223.8206,2088,1299
2.81174214070267,2.52800123212837,0.416997375472151,3223.85396666667,2088,1299
2.81149191633647,2.54360030537148,0.417256067684055,3223.88733333333,2088,1299
1.11799109124651,3.62002969993271,5.16354934095939,3219.34946666667,2084,1300
1.09887145557318,3.62363734350424,5.17867882835305,3219.38283333333,2084,1300
1.082694321308,3.63095273309181,5.20238986327372,3219.4162,2084,1300
2.77852446798983,3.00771846408368,0.368776294632124,3225.05516666667,2089,1301
2.77488043869523,3.02005536478573,0.366687254522421,3225.08853333333,2089,1301
2.77102266244901,3.03292764721755,0.36396030140757,3225.1219,2089,1301
2.77485336366069,3.04549522152192,0.363553257269261,3225.15526666667,2089,1301
2.86365638203793,3.21184339615052,0.467961232082369,3226.1229,2090,1301
2.86347790357082,3.21977444124105,0.475631863951577,3226.15626666667,2090,1301
2.86907832528811,3.22890738423172,0.479011941243107,3226.18963333333,2090,1301
2.87236487527396,3.23672073190447,0.484034889813011,3226.223,2090,1301
2.93282624906682,3.6514446980113,0.55299719907207,3227.39083333333,2091,1302
2.930703999474,3.66989488803367,0.554407931130481,3227.4242,2091,1302
2.93100006208957,3.68789141965679,0.556375649131769,3227.45756666667,2091,1302
3.01377303030192,4.14733748199652,0.705240390226955,3228.49193333333,2092,1303
2.95848576242463,4.56268270884391,0.875243976708917,3229.39283333333,2093,1303
6.64187810898907,-6.5765442535986,5.92088037967405,3230.9277,2094,1304
6.62426559549198,-6.51351163274669,5.91389168239864,3230.96106666667,2094,1304
3.25715155682461,4.8829992035959,0.99426061682695,3232.56266666667,2095,1305
3.25894772885663,4.86402714487252,1.00438884964816,3232.6294,2096,1305
3.24670711575615,4.09521464529938,0.891321055786333,3234.09753333333,2097,1306
3.24481010491871,4.06854454304366,0.887834309355764,3234.1309,2097,1306
3.25103041257984,4.0456865703308,0.882764961720638,3234.16426666667,2097,1306
3.24445479269676,4.01546868926691,0.878742964261464,3234.19763333333,2097,1306
3.24561687551874,3.98983621653532,0.873729779914216,3234.231,2097,1306
6.79532631951457,-0.0250825630629455,0.0580730970080576,3234.49793333333,2098,1307
6.79914964749341,-0.0387721975257032,0.0680313243834179,3234.5313,2098,1307
6.80381818437511,-0.0489847680855662,0.0780670295251559,3234.56466666667,2098,1307
3.53156722791543,3.49161100591078,0.567449601846194,3235.36546666667,2099,1308
3.53434654088659,3.488736415307,0.560632765067753,3235.39883333333,2099,1308
3.54179057392238,3.49307790845518,0.553664902332836,3235.4322,2099,1308
6.62607524145307,-0.234945465969672,0.443645305617155,3235.6324,2100,1309
6.6070967822074,-0.239474589821929,0.456660335416446,3235.66576666667,2100,1309
6.62103112865541,-0.252301910577576,0.47335399433881,3235.69913333333,2100,1309
6.38651020930163,-0.191459159469958,1.06143123887582,3237.10053333333,2101,1310
6.38055347180716,-0.18454086160699,1.07645559001876,3237.1339,2101,1310
6.3660950183284,-0.178230074612891,1.08963320673425,3237.16726666667,2101,1310
6.36499102134052,-0.17295343358923,1.10536258527897,3237.20063333333,2101,1310
6.37368043811241,-0.169622576041148,1.12261695351021,3237.234,2101,1310
6.41596821131923,0.145112073330017,1.71730499822735,3238.66876666667,2102,1311
6.44405035268345,0.144613145049873,1.73696936350751,3238.70213333333,2102,1311
6.43981695174995,0.151612445069725,1.74669481447407,3238.7355,2102,1311
6.57570698066999,-0.10358420531834,2.45101570887483,3240.237,2103,1312
6.58615708512614,-0.120988621709355,2.46822267753853,3240.27036666667,2103,1312
6.57756656772248,-0.132184175903831,2.48032730702518,3240.30373333333,2103,1312
6.58603705731127,-0.144837838340927,2.49512034567563,3240.3371,2103,1312
6.59333252036724,-0.158422854902264,2.50945328836127,3240.37046666667,2103,1312
6.81818438387458,0.0428018422037378,3.08689085171635,3241.70513333333,2104,1313
6.82351438922965,0.0536896912794196,3.09747796628163,3241.7385,2104,1313
6.82503125811826,0.0695478215858515,3.10862117526395,3241.77186666667,2104,1313
7.0080661709611,0.964846638404311,3.6604633723454,3243.10653333333,2105,1314
7.02709428735693,0.990150586514859,3.68235057721025,3243.1399,2105,1314
7.01264865606139,1.01425648971551,3.68368756629167,3243.17326666667,2105,1314
7.00604007456804,1.03864145479489,3.6923934508815,3243.20663333333,2105,1314
7.22298903856172,1.55176905027376,3.86118016536471,3244.4412,2106,1315
7.21547023906207,1.56131151692777,3.85580051420444,3244.47456666667,2106,1315
7.22446635009752,1.57013260773138,3.8598339577335,3244.50793333333,2106,1315
7.26676542558449,1.57903709049595,3.87052471012184,3244.5413,2106,1315
4.00707861931096,3.87379746124407,0.287993464523975,3245.57566666667,2107,1316
4.0089583132121,3.87377670979609,0.289224903320967,3245.60903333333,2107,1316
3.99637462496541,3.86501274691511,0.295525649718548,3245.6424,2107,1316
3.91827775741478,3.7085438291114,0.39692780286148,3246.47656666667,2108,1316
3.91887978944574,3.70198515077799,0.403807811117001,3246.50993333333,2108,1316
3.91638314098877,3.69374343803995,0.409995488189456,3246.5433,2108,1316
3.9068065258463,3.68284467550431,0.419118707095994,3246.57666666667,2108,1316
3.90719721690391,3.67698575217727,0.426575949830367,3246.61003333333,2108,1316
3.74572951783882,3.45903013007057,0.656891142373904,3247.8446,2109,1317
3.74607946816716,3.45474163794581,0.663059023090122,3247.87796666667,2109,1317
3.74510372965708,3.45502212331604,0.669482860125252,3247.91133333333,2109,1317
3.74109357331787,3.44912614126268,0.675862365355161,3247.9447,2109,1317
3.74144895484534,3.44722956462376,0.681374147480233,3247.97806666667,2109,1317
-1.2544876746505,-2.3571036737198,1.53766984338617,3248.61203333333,2110,1318
3.69671263736178,3.16972583180941,0.79017029356247,3249.0458,2111,1319
3.69050329896895,3.15802462559396,0.796147079046328,3249.07916666667,2111,1319
3.69602401943451,3.15018380293538,0.803425822282665,3249.11253333333,2111,1319
3.68772679890023,3.13810782105973,0.809733427549087,3249.1459,2111,1319
3.68520071295011,3.12695142674395,0.812820353978967,3249.17926666667,2111,1319
3.6872596433222,3.11810406230704,0.818579566316568,3249.21263333333,2111,1319
3.64708137987337,2.59250353031063,0.833710780604423,3250.1469,2112,1319
3.64169790016047,2.56900349091933,0.83578498672255,3250.18026666667,2112,1319
3.6466600377291,2.54815564221505,0.836299038896803,3250.21363333333,2112,1319
3.64753638906878,2.52656656405723,0.839027370216082,3250.247,2112,1319
3.64413874434056,2.50415028022186,0.841536522720784,3250.28036666667,2112,1319
3.64498564778496,2.4834779890797,0.844281147471799,3250.31373333333,2112,1319
3.64198987902546,2.46397908479948,0.845583254652087,3250.3471,2112,1319
3.80479007357902,1.66171053308788,0.739567527847972,3251.3481,2113,1320
3.81657497029249,1.63814587302767,0.74118633192621,3251.38146666667,2113,1320
3.81733201248614,1.61269387411427,0.741425738639165,3251.41483333333,2113,1320
3.82444362032899,1.59098041646187,0.743443248376695,3251.4482,2113,1320
3.83267313951089,1.56692793643065,0.744906286149576,3251.48156666667,2113,1320
4.35435932530941,1.00804246247722,0.483844504609487,3252.7495,2114,1321
0.414595636393982,-1.29948238449419,1.26645446670594,3256.62003333333,2115,1322
5.95433148409827,-0.101580440531886,0.0509430487864825,3257.0538,2116,1323
5.97150180220833,-0.0954092794684764,0.0489619795361296,3257.08716666667,2116,1323
5.98487225231682,-0.0891411935369993,0.0468060570440575,3257.12053333333,2116,1323
0.449442232767361,-0.964902454101859,0.945237605866644,3257.78786666667,2117,1324
0.444883841942973,-0.957311638542633,0.932816449310308,3257.8546,2118,1324
0.404356956178579,-0.684397250728319,0.783566952727753,3258.82223333333,2119,1324
0.409932349779167,-0.671402733511963,0.777824267471389,3258.8556,2119,1324
0.414240662126622,-0.662985181071566,0.771735663289366,3258.88896666667,2119,1324
0.420422864748582,-0.645624905947989,0.765923879332997,3258.92233333333,2119,1324
0.423220898280996,-0.642496485177779,0.761961816439521,3258.9557,2119,1324
-1.17281250276598,1.57144423649441,0.602148434182852,3261.39146666667,2120,1325
-1.17421768286468,1.57114986242979,0.60185530454238,3261.42483333333,2120,1325
0.898171950841552,0.386118246849065,0.38341291987878,3263.79386666667,2121,1326
0.900623616797166,0.404975855259389,0.382400879811001,3263.82723333333,2121,1326
0.926718321998143,0.798834399467256,0.365673846031217,3264.72813333333,2122,1326
0.924411007300407,0.812059634076402,0.363544587327467,3264.7615,2122,1326
0.922076448391915,0.826383446684743,0.360773554423265,3264.79486666667,2122,1326
0.919449739170074,0.842695043876088,0.357150835963649,3264.82823333333,2122,1326
0.657983603517354,1.35951775389887,0.333527759116108,3265.8626,2123,1327
0.663367115502737,1.35754739034196,0.335965749433151,3265.89596666667,2123,1327
0.664869988358824,1.35041647691351,0.33238804647268,3265.92933333333,2123,1327
0.667835685980317,1.34967944066843,0.331307285129464,3265.9627,2123,1327
-1.03652286808393,1.73397401958706,0.599624330033681,3272.5693,2124,1328
-1.02862196021569,1.73768634422351,0.60152450012375,3272.60266666667,2124,1328
-1.0205040285292,1.74117093393236,0.602055383412828,3272.63603333333,2124,1328
-1.01391076421571,1.74467923462465,0.60199251538302,3272.6694,2124,1328
-2.0792690562004,0.0840889939659556,0.885934958160646,3275.9727,2125,1329
8.39670495418016,3.41770993451259,0.30126102464819,3280.54393333333,2126,1330
7.96522234334584,2.64952804931342,0.468069994859715,3281.64503333333,2127,1331
7.16122237534368,1.89212746955178,0.633195907986358,3282.84623333333,2128,1332
7.14366651101769,1.87408401009639,0.635510418399228,3282.8796,2128,1332
7.08919558763367,1.84486038743687,0.6414721408544,3282.91296666667,2128,1332
-1.88597710100368,0.825425570834809,7.23386619902613,3283.04643333333,2129,1333
-7.4633340613441,3.24313625905182,2.7070962609938,3283.84723333333,2130,1334
-7.46514380050586,3.23322988688827,2.71991244507536,3283.8806,2130,1334
6.30658978134998,1.2333907759289,0.569676643523288,3284.14753333333,2131,1335
6.29670960012358,1.22321219385007,0.573922502705038,3284.1809,2131,1335
6.27185313490037,1.21822574975143,0.578534353667237,3284.21426666667,2131,1335
-1.93120457509976,-0.408086725935858,6.33126642610055,3284.64803333333,2132,1336
-1.92895932360409,-0.438840382246589,6.31296269377727,3284.6814,2132,1336
-1.92665586003213,-0.471527122413424,6.30355192903757,3284.71476666667,2132,1336
-1.92121390485983,-0.49784514340387,6.28172375531244,3284.74813333333,2132,1336
-1.91952615577454,-0.532526990583321,6.26760530389448,3284.7815,2132,1336
5.58306665319804,1.04104203712079,0.516693793601448,3285.8826,2133,1337
5.57514693432547,1.0444625381608,0.516525984257971,3285.91596666667,2133,1337
5.56380948069681,1.04715979398643,0.515962354953905,3285.94933333333,2133,1337
-3.30340610883329,-2.61083210959914,5.36294588426447,3286.65003333333,2134,1338
-3.33397395868824,-2.64153675099735,5.35619580544663,3286.6834,2134,1338
5.31780015963223,1.39540279640453,0.0159662964024517,3287.0838,2135,1339
5.31217627310967,1.41338375068089,-0.00237713688753871,3287.11716666667,2135,1339
5.309550456292,1.42909216573163,-0.0209359866831363,3287.15053333333,2135,1339
5.29444654894761,1.44758040003953,-0.0389785693377436,3287.1839,2135,1339
5.29008882696068,1.46772570840842,-0.0509089139114534,3287.21726666667,2135,1339
5.2894757614564,1.48452540130723,-0.057280750942843,3287.25063333333,2135,1339
5.33110949432362,1.71642411328004,-0.0787743366144509,3288.21826666667,2137,1339
-5.88664994672334,2.36166832977994,3.06250885863448,3288.11816666667,2136,1340
-5.89595664932997,2.34948841040563,3.07098376919232,3288.15153333333,2136,1340
-3.21609482216115,-2.6870737261693,4.50854166719717,3288.285,2138,1341
0.66354003228484,1.35468499015339,0.318744548854463,3288.81886666667,2139,1342
0.663971434631233,1.35428727066214,0.31785264941807,3288.85223333333,2139,1342
-5.74234584913343,1.82837136959772,3.35798325059802,3289.15253333333,2140,1343
-5.77309006055396,1.81189978334505,3.38391081061224,3289.1859,2140,1343
-5.75817866270943,1.79263843512025,3.39382240906162,3289.21926666667,2140,1343
-5.75200503861969,1.77760882416228,3.40507127447063,3289.25263333333,2140,1343
-3.06535666034521,-0.784319805230891,3.84819938840314,3290.02006666667,2141,1344
-3.06413321145882,-0.764246841522528,3.84421377005897,3290.05343333333,2141,1344
-3.06810948115589,-0.74256889364413,3.84029458708969,3290.0868,2141,1344
-3.06633670614764,-0.725276226076652,3.83710685549154,3290.12016666667,2141,1344
-3.05922659012119,-0.705795357204757,3.83205487745602,3290.15353333333,2141,1344
-2.9836317047971,-0.580695702688058,3.74949002331532,3291.12116666667,2144,1344
-2.97922243818183,-0.579279630352019,3.75564013264787,3291.15453333333,2144,1344
-5.25777893935898,1.38528314083069,3.48660378098671,3290.32036666667,2142,1345
-5.23486560911517,1.37312045088736,3.49248556461594,3290.35373333333,2142,1345
-5.2262767343395,1.36401835919622,3.49879779807559,3290.3871,2142,1345
-5.22110540356425,1.35540667055147,3.50947685407411,3290.42046666667,2142,1345
-5.20266485053625,1.34733900092777,3.5113509954058,3290.45383333333,2142,1345
0.660615527221088,1.35844021197035,0.286716603980579,3290.4872,2143,1346
-4.19470702398373,1.49283960404207,3.4813088345133,3291.7885,2145,1347
-4.17824143067544,1.49668913431815,3.48237412090305,3291.82186666667,2145,1347
-4.14848773087037,1.49836863027439,3.47999892151203,3291.85523333333,2145,1347
-4.13127498672502,1.50131957331734,3.4825055401049,3291.8886,2145,1347
-4.11287300699438,1.50369695029083,3.48396774606118,3291.92196666667,2145,1347
-4.09489785759049,1.50667987543741,3.48693456821515,3291.95533333333,2145,1347
-4.08780505726243,1.50998633023765,3.49037663849119,3291.9887,2145,1347
5.37924346311026,1.92491789234197,-0.0370584325052419,3292.52256666667,2146,1348
5.49670453012955,1.91227256749154,0.0102406004908222,3293.45683333333,2148,1348
5.49892794036798,1.91605391103106,0.0094117474928892,3293.4902,2148,1348
5.49942055052667,1.91586305799432,0.0113445554323391,3293.52356666667,2148,1348
5.5203642863465,1.96215912981425,0.0504186639008684,3294.45783333333,2149,1348
5.52673023666122,1.9654780842996,0.051087591618755,3294.4912,2149,1348
5.50673632496213,1.96270055915604,0.0581279093255979,3294.52456666667,2149,1348
5.38067620643589,1.85142546146531,0.126452036148744,3295.4922,2150,1348
5.3668550822566,1.84297815279921,0.133478995622166,3295.52556666667,2150,1348
5.36398349524448,1.83675643854022,0.137833934886836,3295.55893333333,2150,1348
5.35676460479504,1.82957858098074,0.141270001843721,3295.5923,2150,1348
5.34266014307217,1.82308102377769,0.146272146728101,3295.62566666667,2150,1348
4.95869449106757,1.64251676089866,0.194558593663999,3296.52656666667,2151,1348
4.93680573572176,1.64000370590051,0.201158079579135,3296.55993333333,2151,1348
4.9180505020319,1.63758270401282,0.207008612509816,3296.5933,2151,1348
4.90507345792355,1.63344401327326,0.211467253563067,3296.62666666667,2151,1348
4.88913045781952,1.63098416654682,0.217081264733432,3296.66003333333,2151,1348
4.47317714412484,1.40478811965788,0.301520308599231,3297.4942,2152,1348
4.45674945153519,1.39436923791273,0.303114022643271,3297.52756666667,2152,1348
4.44140855337647,1.38212372470341,0.307021885742098,3297.56093333333,2152,1348
4.42247506800503,1.3698265519969,0.308298854264076,3297.5943,2152,1348
4.39564497560707,1.35650592274819,0.312465465334849,3297.62766666667,2152,1348
4.38035322332715,1.34022091928226,0.314871896504611,3297.66103333333,2152,1348
3.88214059510575,1.09734270744545,0.41769065453417,3298.52856666667,2153,1348
3.8672833726426,1.08987559630121,0.431910498795125,3298.56193333333,2153,1348
3.85133615962952,1.08229931322048,0.446037631069588,3298.5953,2153,1348
3.84371869183882,1.07654491410349,0.460473261557469,3298.62866666667,2153,1348
3.82802277909291,1.06967772074516,0.47523272502556,3298.66203333333,2153,1348
3.8176977039677,1.06592720903064,0.487111725484726,3298.6954,2153,1348
3.80928404521336,1.06261756704842,0.500951139257359,3298.72876666667,2153,1348
3.24255247779417,0.920444271220908,0.698027709876673,3299.62966666667,2154,1348
3.22108999559164,0.914843692235941,0.707557055699439,3299.66303333333,2154,1348
3.20110109905503,0.910202997841534,0.717120120856341,3299.6964,2154,1348
3.1792060130276,0.906046995195999,0.727780246119503,3299.72976666667,2154,1348
3.16048302824109,0.902358028656505,0.737925395901627,3299.76313333333,2154,1348
3.13878562473481,0.900543488401935,0.748759248687091,3299.7965,2154,1348
3.11674089957566,0.900134368288757,0.758588116095423,3299.82986666667,2154,1348
-2.63919210894239,-0.989331227403089,3.71605401837302,3292.65603333333,2147,1349
-2.63358649510305,-1.01169134711122,3.71709188602089,3292.6894,2147,1349
-2.62716235422085,-1.03307163572339,3.71814275613353,3292.72276666667,2147,1349
-2.62334730771866,-1.05337301860906,3.71930361686192,3292.75613333333,2147,1349
-5.57183447250134,4.44445546300137,5.55060933948798,3300.16353333333,2155,1350
-5.54594034887129,4.4384771767104,5.55253106327758,3300.1969,2155,1350
-5.55674651770168,4.45172588132548,5.58794672461806,3300.23026666667,2155,1350
2.41060736563688,1.12107692096922,0.820750237808903,3300.83086666667,2156,1351
2.38405271839814,1.12930085271811,0.822067488599133,3300.86423333333,2156,1351
2.3568306243182,1.13600000833154,0.822334476946901,3300.8976,2156,1351
2.33212281941424,1.14316186035143,0.822213910409142,3300.93096666667,2156,1351
2.30436407716478,1.1484509247429,0.821233237910272,3300.96433333333,2156,1351
2.27780329007158,1.15324701816008,0.819279257999354,3300.9977,2156,1351
2.25241745675599,1.15880323054193,0.815766710203949,3301.03106666667,2156,1351
2.22770238906207,1.16677113363232,0.810893900377501,3301.06443333333,2156,1351
1.67853906097141,1.5484269127655,0.80636431707174,3301.93196666667,2157,1351
1.66196318339985,1.55967679451677,0.812385275036976,3301.96533333333,2157,1351
1.64592701016224,1.57019290202587,0.819168248859983,3301.9987,2157,1351
1.6301278517981,1.57934459132194,0.825940122850283,3302.03206666667,2157,1351
1.61493774256353,1.58790704678719,0.83211617158636,3302.06543333333,2157,1351
1.60046037213205,1.59646796555,0.838436709983941,3302.0988,2157,1351
1.58634107684826,1.60361730831407,0.844256657635013,3302.13216666667,2157,1351
1.57153482709692,1.60971886527839,0.850769892300801,3302.16553333333,2157,1351
1.55734698074981,1.61390614556717,0.856299671401539,3302.1989,2157,1351
1.14164860472418,1.85679956935893,0.970820859049942,3303.03306666667,2158,1351
1.13512501912244,1.87512582147849,0.9752000390625,3303.06643333333,2158,1351
1.12942164300068,1.89554076383204,0.979738765390634,3303.0998,2158,1351
1.12498215697024,1.91614360827895,0.983646651337818,3303.13316666667,2158,1351
1.12118966025628,1.93558850644378,0.986890008975991,3303.16653333333,2158,1351
1.11754430156889,1.95287485532304,0.990032331930612,3303.1999,2158,1351
1.11337906017634,1.96791018113756,0.99377159795641,3303.23326666667,2158,1351
1.10869466586952,1.98053990867011,0.997336505742761,3303.26663333333,2158,1351
1.10433249469988,1.99023787930134,1.00089282422764,3303.3,2158,1351
0.803904079264384,2.41478519596545,0.949217030489504,3304.16753333333,2160,1351
0.796633727233381,2.42733856063986,0.946291190841654,3304.2009,2160,1351
0.788933009774883,2.44883375859838,0.944725820321956,3304.23426666667,2160,1351
0.782633155046084,2.4695719636698,0.943334097129434,3304.26763333333,2160,1351
0.774116816726572,2.48882972910527,0.941137508418343,3304.301,2160,1351
0.767256594945488,2.50788002427223,0.939662566434986,3304.33436666667,2160,1351
0.759589872491485,2.52616615055798,0.937913325850552,3304.36773333333,2160,1351
-5.3741885516698,4.48293239616712,5.84733361393563,3303.16653333333,2159,1352
-5.35470249391302,4.47939892316255,5.85083291785903,3303.1999,2159,1352
-5.35278949606832,4.48316840722611,5.86724543194805,3303.23326666667,2159,1352
0.10392599416175,2.63657350215772,1.20117446131556,3315.47883333333,2161,1353
0.108319332227258,2.62906611275466,1.20528375688137,3315.5122,2161,1353
0.112143415066704,2.62203680466682,1.21141114364791,3315.54556666667,2161,1353
0.116822152300135,2.61516307410298,1.21591140422345,3315.57893333333,2161,1353
0.120786845491301,2.60949678102502,1.22043673734294,3315.6123,2161,1353
0.124227972050735,2.60475310418517,1.22390800759798,3315.64566666667,2161,1353
0.127383739272857,2.60208753576256,1.22714291624414,3315.67903333333,2161,1353
0.129964527703087,2.60066734139732,1.23100422419242,3315.7124,2161,1353
0.655886311224158,2.10280596452718,0.965482919465049,3317.94796666667,2162,1354
0.671535023589933,2.09810639942547,0.953709252665493,3317.98133333333,2162,1354
0.688593301942754,2.09005207813889,0.942710031220526,3318.0147,2162,1354
0.706903223642095,2.0785065623161,0.932280401406414,3318.04806666667,2162,1354
0.724559977544716,2.06618990650973,0.922148530462134,3318.08143333333,2162,1354
0.741990376216827,2.05367549131493,0.911168733207108,3318.1148,2162,1354
0.759025374191354,2.04093748343358,0.900053228439626,3318.14816666667,2162,1354
0.77571052245161,2.02844589647108,0.888396968197337,3318.18153333333,2162,1354
1.26061065386658,1.95767744899468,0.420810199269704,3319.24926666667,2163,1355
1.26363102490318,1.96310346804408,0.409615357186258,3319.28263333333,2163,1355
1.26706953886649,1.9682164530443,0.398368953367351,3319.316,2163,1355
1.27177014779294,1.97343621191828,0.388782049036162,3319.34936666667,2163,1355
1.27669464418709,1.97868896916697,0.380627234811845,3319.38273333333,2163,1355
1.2841793120723,1.98234863754512,0.373429294078178,3319.4161,2163,1355
1.35639479292501,2.09243498470417,0.278020322875425,3320.15016666667,2164,1355
1.35680764655122,2.10114792643131,0.279387505202687,3320.18353333333,2164,1355
1.35553731577888,2.10858975436229,0.28139628067429,3320.2169,2164,1355
1.35493117268774,2.11598860143847,0.284485415848246,3320.25026666667,2164,1355
1.3567140104584,2.11892120872632,0.289322262176164,3320.28363333333,2164,1355
1.36031759063561,2.11793805950533,0.295777621276575,3320.317,2164,1355
1.46241341314563,2.08700694590704,0.346365910499038,3321.1178,2165,1355
1.46607197421836,2.08972062268891,0.344943611941996,3321.15116666667,2165,1355
1.4692332121254,2.09189060640786,0.343215387802414,3321.18453333333,2165,1355
1.47374378562801,2.09413038668817,0.342118108575964,3321.2179,2165,1355
1.6762364864722,2.17482610969538,0.272908145649077,3322.05206666667,2166,1355
1.6836988666357,2.1783296208008,0.274146781554266,3322.08543333333,2166,1355
1.69173889321435,2.18254252399821,0.275350801033141,3322.1188,2166,1355
1.69940163964856,2.18556520953089,0.276128958939643,3322.15216666667,2166,1355
1.70716358361257,2.18890669450352,0.279573617393388,3322.18553333333,2166,1355
1.8368228622936,2.44658191212973,0.281155242580104,3323.1198,2167,1355
1.838422684433,2.45540369953417,0.284780115457502,3323.15316666667,2167,1355
1.84214417236937,2.46337112481505,0.288059636792801,3323.18653333333,2167,1355
1.8461618218371,2.47151883661116,0.290865551222038,3323.2199,2167,1355
1.84776827946325,2.47865793956744,0.294887430995829,3323.25326666667,2167,1355
2.04137083472956,2.67910764819602,0.29396838456001,3324.1208,2168,1355
2.04485574992228,2.69453397619291,0.293107042740579,3324.15416666667,2168,1355
2.05046517259817,2.70990268638497,0.292582944971761,3324.18753333333,2168,1355
2.05168935860264,2.72548257901111,0.294110833966493,3324.2209,2168,1355
2.14437664840562,3.18936567895515,0.357901871089858,3325.1218,2169,1355
2.14983300023509,3.21169596024888,0.362988670398154,3325.15516666667,2169,1355
2.15278908873694,3.23167420838096,0.369841291791587,3325.18853333333,2169,1355
2.15747677874909,3.2526561565407,0.375941821469843,3325.2219,2169,1355
2.37686516237662,3.58772600525699,0.461419423090209,3326.18953333333,2170,1355
2.38686902138526,3.60105325046504,0.467934395232887,3326.2229,2170,1355
2.65420072015353,3.9028600344285,0.509734012535715,3327.19053333333,2171,1355
3.62834677074969,4.59256442837572,0.551104988074848,3331.66166666667,2172,1356
3.67800217600599,4.84687911422214,0.690255930433032,3332.56256666667,2173,1356
3.69469910369278,4.86775975157505,0.696994559026692,3332.59593333333,2173,1356
3.70669207643639,5.45616102539124,0.937412843938357,3334.49783333333,2174,1357
3.93136583866454,-3.12509737611215,1.86560096806106,3342.57256666667,2175,1358
3.80696893278448,-2.33846574873962,1.84563904696029,3343.80713333333,2176,1359
3.81716247531495,-2.33289283531838,1.85096176084946,3343.8405,2176,1359
3.80828965099517,-2.30381225545481,1.84715167792219,3343.87386666667,2176,1359
3.80557227240382,-2.28672106121821,1.8462273755027,3343.90723333333,2176,1359
4.16732096316318,8.17322485872994,1.34406939780724,3344.07406666667,2177,1360
3.33448117041002,-1.63245230889489,1.73020690877594,3345.10843333333,2178,1361
3.32600641968143,-1.61715903840679,1.73088666463467,3345.1418,2178,1361
3.31538929029936,-1.60301206914789,1.73184724779675,3345.17516666667,2178,1361
3.30594887003863,-1.58842970552587,1.73232210412009,3345.20853333333,2178,1361
3.29098805653378,-1.57425798429958,1.73252139930727,3345.2419,2178,1361
3.13424026809491,7.86935945996883,1.42719229177279,3345.20853333333,2179,1362
-4.65351160345419,3.66187332110256,1.85583726867835,3345.37536666667,2180,1363
-4.63936931747726,3.62677303338633,1.85452005883192,3345.40873333333,2180,1363
-4.82499386530117,2.83249734779048,1.87952590666525,3346.343,2182,1363
-4.84827698638672,2.81281161955815,1.88271642885017,3346.37636666667,2182,1363
2.38281771433358,7.26041632238246,1.58734748536979,3346.343,2181,1364
2.37449526157259,7.27710795130709,1.59648847884986,3346.37636666667,2181,1364
2.74267868623872,-1.10425626484255,1.6059440227449,3346.4431,2183,1365
2.68999762382542,-1.06156569970219,1.59389563169834,3346.5432,2184,1365
2.67699270879535,-1.05014990905687,1.59336702337605,3346.57656666667,2184,1365
2.66555204152553,-1.04072885151786,1.59520538623569,3346.60993333333,2184,1365
1.45143261165968,6.59334759131322,1.4778015425597,3347.5442,2185,1366
1.43432354798825,6.58074175448314,1.47762596912466,3347.57756666667,2185,1366
1.41445754479582,6.56356878622283,1.47752491058196,3347.61093333333,2185,1366
1.39926672332747,6.55383881612446,1.47861749081461,3347.6443,2185,1366
2.03908060765582,-0.2561025111662,1.44648773746546,3348.11143333333,2186,1367
2.02083560757232,-0.23581947321197,1.4377183428993,3348.1448,2186,1367
2.00676522111942,-0.218294805517155,1.42970823761281,3348.17816666667,2186,1367
1.99303653326744,-0.201786627930555,1.42039435499773,3348.21153333333,2186,1367
1.97859247238885,-0.185582185852148,1.41146631804172,3348.2449,2186,1367
1.96474065131068,-0.170596611985946,1.40265089419794,3348.27826666667,2186,1367
0.764914973181942,6.03656524706135,1.38452829679753,3348.7454,2187,1368
0.741333320281776,5.98335255046219,1.37733052643635,3348.77876666667,2187,1368
0.723790079149132,5.96340214258827,1.37696867602921,3348.81213333333,2187,1368
1.45231804291338,0.53575930035123,1.12603095320616,3349.47946666667,2188,1369
1.44597940603377,0.549668912160257,1.12572989949122,3349.51283333333,2188,1369
1.4374351543238,0.567601810318108,1.12454715460557,3349.5462,2188,1369
1.42854859995383,0.586306833295722,1.122495145334,3349.57956666667,2188,1369
1.42539845330746,0.596929756981626,1.12209649465901,3349.61293333333,2188,1369
1.4134836747001,0.624103960780897,1.11690577800609,3349.6463,2188,1369
1.40686362572739,0.64233484843274,1.1137706417756,3349.67966666667,2188,1369
1.40151724582827,0.659652667715655,1.11097437830678,3349.71303333333,2188,1369
-3.09166997615597,1.45587356499429,1.60349374790411,3351.18116666667,2189,1370
-3.07836361597154,1.44386129222116,1.599641191182,3351.21453333333,2189,1370
1.38354671375931,1.7289094695636,0.970840211473438,3351.31463333333,2190,1371
1.38622477439406,1.74567537715461,0.967342463227379,3351.348,2190,1371
1.38773720043633,1.7638451124799,0.962702030257044,3351.38136666667,2190,1371
1.38971999608064,1.78037861642396,0.95851610566501,3351.41473333333,2190,1371
1.39034946337848,1.796344356301,0.95436160891099,3351.4481,2190,1371
1.39088089434526,1.81154365653407,0.951078606582649,3351.48146666667,2190,1371
1.392486756663,1.82566208820887,0.948531048546927,3351.51483333333,2190,1371
-2.60762374379174,1.13323462494375,1.2381181575918,3352.2489,2191,1372
-2.60254700884461,1.12465529064408,1.23174637719976,3352.28226666667,2191,1372
-2.59702648167783,1.113791862146,1.22392170339094,3352.31563333333,2191,1372
-2.43481856831322,0.971830332242553,1.26345462318051,3353.2499,2194,1372
-2.42951731282508,0.961787223545037,1.26893448794062,3353.28326666667,2194,1372
-2.42480445978521,0.951827602047532,1.27484644087791,3353.31663333333,2194,1372
1.52554076378226,2.2402967189161,0.713541698252631,3352.6493,2192,1373
1.52615855968842,2.25147911002029,0.707741889461673,3352.68266666667,2192,1373
1.52805822913019,2.26293258945308,0.701208659333543,3352.71603333333,2192,1373
1.52907402935855,2.27451824981077,0.694696750614695,3352.7494,2192,1373
1.53084206059868,2.28473744139221,0.689732706715731,3352.78276666667,2192,1373
-4.14863340833375,-1.97015953500148,3.83916966369867,3352.88286666667,2193,1374
-4.12540277086136,-1.95904305883559,3.82829540070354,3352.91623333333,2193,1374
1.66846534967956,2.62046524012357,0.621899117154566,3353.8505,2195,1375
-3.1039798650511,-1.54963381004458,3.32067113460462,3353.88386666667,2196,1376
-3.06844742455619,-1.54452740048624,3.2969796572489,3353.91723333333,2196,1376
-3.02619011171344,-1.53814128001337,3.26622154572665,3353.9506,2196,1376
-2.99946499024977,-1.53998200944599,3.24634212372866,3353.98396666667,2196,1376
-1.69934132045961,7.43341157869943,2.09403198959972,3354.351,2197,1377
-2.25315051129743,0.567086107640878,1.29701170228623,3354.4511,2198,1378
-2.25177639761181,0.553352770259426,1.30085765344512,3354.48446666667,2198,1378
-2.25243032846593,0.540115347833968,1.30552175571209,3354.51783333333,2198,1378
-2.25943823333505,0.524185320419499,1.30983098542508,3354.5512,2198,1378
-2.26938228111317,0.508079632144413,1.31225944520487,3354.58456666667,2198,1378
-2.15087562468957,-1.14701049668218,2.46169809521959,3355.01833333333,2199,1379
-2.13049118912124,-1.13077506303982,2.44557691541582,3355.0517,2199,1379
-2.10566651552457,-1.11237470984973,2.42521931611102,3355.08506666667,2199,1379
-2.08901867751904,-1.09624768913745,2.41206067828741,3355.11843333333,2199,1379
-1.52599672246103,7.10356275016587,2.15491477956865,3355.38536666667,2200,1380
-1.52634745448157,7.10011751104606,2.160890852608,3355.41873333333,2200,1380
-1.53465901315163,7.1151882672046,2.1746995910919,3355.4521,2200,1380
-2.60847383644409,-0.122307668089468,1.44303916283212,3355.71903333333,2201,1381
-2.61683762630538,-0.136664684199176,1.45067591311888,3355.7524,2201,1381
-1.3953905578209,-0.341601267286736,2.06925689273913,3356.28626666667,2202,1382
-1.37423904164953,-0.324840270352415,2.06913226870429,3356.31963333333,2202,1382
-1.35230827753787,-0.307139545256874,2.0704412506504,3356.353,2202,1382
-1.3354134794174,-0.291545422297858,2.07350770438707,3356.38636666667,2202,1382
-1.31857282162287,-0.275854955996039,2.07679422671391,3356.41973333333,2202,1382
-1.30666734949907,-0.262474271528152,2.08246761099914,3356.4531,2202,1382
-1.2930189128716,-0.246564287419922,2.08639731588813,3356.48646666667,2202,1382
-2.62552987961747,-0.711718555583615,1.53236087940624,3356.8535,2203,1383
-2.60318351545615,-0.714507360576078,1.53143506781517,3356.88686666667,2203,1383
-2.59545309624803,-0.723017012632336,1.53248407414581,3356.92023333333,2203,1383
-2.58353148063218,-0.730028815197466,1.53325310999889,3356.9536,2203,1383
-1.76972983259485,5.93973469265515,2.05148485267487,3357.0537,2204,1384
-1.78747898270152,5.92513088192882,2.04014598597721,3357.08706666667,2204,1384
-1.79755389646026,5.89550556076229,2.02596100996722,3357.12043333333,2204,1384
-1.82070651626171,5.89292330550343,2.02076139282473,3357.1538,2204,1384
-2.16113300186651,5.23798058152795,1.67131376154728,3358.12143333333,2208,1384
-2.16013643461596,5.20444713786934,1.660770972831,3358.1548,2208,1384
-2.17384590873522,5.18475063702564,1.65386962765738,3358.18816666667,2208,1384
-2.18100589287999,5.15950021860042,1.64605892230946,3358.22153333333,2208,1384
-2.3983906290036,4.63621580845011,1.51787527497887,3359.0557,2211,1384
-2.4075238014473,4.61885259721341,1.51689092976266,3359.08906666667,2211,1384
-2.41518577822414,4.60088531930633,1.5152522647398,3359.12243333333,2211,1384
-2.4202083071997,4.57574455747641,1.51223262901983,3359.1558,2211,1384
-2.40514068311914,4.53700854518521,1.50391160545126,3359.18916666667,2211,1384
-2.78134053307508,4.06749782839208,1.52183502911584,3359.98996666667,2214,1384
-2.79281817004919,4.04525225924114,1.52551743172706,3360.02333333333,2214,1384
-2.80933373139439,4.0279317874192,1.53131577781211,3360.0567,2214,1384
-2.81845835150001,4.00671418965678,1.53260672086666,3360.09006666667,2214,1384
-2.83994088234663,3.9927337190862,1.53685318579339,3360.12343333333,2214,1384
1.39088636865739,2.31211400167749,0.376052552909997,3357.354,2205,1385
1.40176436611981,2.29255827949678,0.381846918482114,3357.38736666667,2205,1385
-0.651605576614852,0.419284497764609,2.27232222459057,3357.68766666667,2206,1386
-0.636731336160757,0.433767575483143,2.28545613084434,3357.72103333333,2206,1386
-0.621765479090387,0.448445996457477,2.30091699475061,3357.7544,2206,1386
-0.608672951418909,0.4617505632937,2.31838424990222,3357.78776666667,2206,1386
-0.595090696868308,0.476104888953558,2.33627722967671,3357.82113333333,2206,1386
-0.582909404151736,0.489154233683903,2.35322973658472,3357.8545,2206,1386
-0.570553604529993,0.50215106300399,2.369799328661,3357.88786666667,2206,1386
-0.559124690648942,0.515816503354939,2.38760189853342,3357.92123333333,2206,1386
-0.15030985902661,1.0113481275568,2.47794078486557,3358.72203333333,2210,1386
-0.13117209818108,1.03954020315054,2.473641845199,3358.7554,2210,1386
-0.111824219172287,1.0665562823252,2.47091659167488,3358.78876666667,2210,1386
-0.0941441817394103,1.08996635420712,2.46786049247758,3358.82213333333,2210,1386
-0.0769565461730864,1.10958400228729,2.4638993915001,3358.8555,2210,1386
-0.0578589000683091,1.12697328967609,2.45656462956455,3358.88886666667,2210,1386
-0.0395090046626176,1.14293096540824,2.44688992072968,3358.92223333333,2210,1386
-0.0212838099956152,1.15711711909035,2.43662751140099,3358.9556,2210,1386
0.318484481772303,1.87436631436956,2.07742036604948,3359.82313333333,2213,1386
0.320431584986074,1.90496156153688,2.06853796400168,3359.8565,2213,1386
0.32390223521428,1.93830695714059,2.05743847978137,3359.88986666667,2213,1386
0.329264038903598,1.97031752959897,2.04564591651525,3359.92323333333,2213,1386
0.33561010671611,2.00095176039722,2.03501609924334,3359.9566,2213,1386
0.341185303472695,2.03202282883161,2.0231024705459,3359.98996666667,2213,1386
0.346527568940079,2.06216524185985,2.01299286371967,3360.02333333333,2213,1386
0.351213731971532,2.09086897865384,2.00256390477731,3360.0567,2213,1386
-1.97659315109675,-0.771481776717025,1.48672921466278,3358.0547,2207,1387
-1.96360506551585,-0.775630491539176,1.49214375911719,3358.08806666667,2207,1387
-1.94750664432359,-0.777709204944843,1.49769677711829,3358.12143333333,2207,1387
-1.93387966734124,-0.779430570611585,1.50228359253745,3358.1548,2207,1387
1.46180047065687,1.4867296132771,0.644624507090867,3358.62193333333,2209,1388
1.45370835945972,1.46607197666411,0.654794870671174,3358.6553,2209,1388
1.44328567580045,1.44293069960961,0.665166583380954,3358.68866666667,2209,1388
1.43541632760536,1.42187721245601,0.675063598114623,3358.72203333333,2209,1388
-1.35607727271734,-1.00128579236366,1.53867752807002,3359.32263333333,2212,1389
-1.34715801473432,-1.01422206800381,1.54376906018155,3359.356,2212,1389
-1.34121718182574,-1.02903449946616,1.54934090885257,3359.38936666667,2212,1389
-1.32938578350114,-1.03758905688782,1.55400039811937,3359.42273333333,2212,1389
0.408914134901637,0.869687289496892,1.01175247477496,3359.98996666667,2215,1390
0.376176686507245,0.861635131289738,1.02310775954833,3360.02333333333,2215,1390
0.342563769074592,0.852378755044413,1.03516103422829,3360.0567,2215,1390
0.308765518441843,0.843134018495067,1.04699698663965,3360.09006666667,2215,1390
-0.792865213774521,-1.72192770636411,1.39605059051206,3360.59056666667,2216,1391
-0.778343279039405,-1.74610210260839,1.39156243230499,3360.62393333333,2216,1391
-0.770481239642043,-1.77838161892727,1.39033384618272,3360.6573,2216,1391
-0.763227714105532,-1.81078202935324,1.39030117226168,3360.69066666667,2216,1391
0.616110958640384,2.8714400053447,1.76502053232987,3361.09106666667,2217,1392
0.630817261051726,2.88794336758003,1.76824149629281,3361.12443333333,2217,1392
0.647180087128758,2.90412261124937,1.76880614692786,3361.1578,2217,1392
0.663010463570257,2.92171985332488,1.77184290864252,3361.19116666667,2217,1392
-3.23261610932697,3.32571205201501,1.53513411260126,3361.12443333333,2218,1393
-3.23615376331644,3.30337895686923,1.53446461249015,3361.1578,2218,1393
-3.25267559755264,3.28503992811237,1.53675280261172,3361.19116666667,2218,1393
-3.26819300073214,3.26699169972937,1.54127470290799,3361.22453333333,2218,1393
-3.27303039650001,3.2441127846275,1.54352559560766,3361.2579,2218,1393
-0.503031051768465,-1.47227447318899,1.45478825653053,3361.72503333333,2219,1394
-0.501699570800808,-1.44955000956872,1.45764426388156,3361.7584,2219,1394
-0.501521705221209,-1.43164161461985,1.463904716194,3361.79176666667,2219,1394
-3.66654763533182,2.5970627500034,1.58370404234631,3362.2589,2220,1395
-3.67835119260422,2.57955770213895,1.58524882539044,3362.29226666667,2220,1395
-3.68718621146198,2.55968912986235,1.58315366443903,3362.32563333333,2220,1395
-3.68977642300869,2.54104016808345,1.58136904698747,3362.359,2220,1395
-3.78519789342885,2.07483463780578,1.52764222949341,3363.1598,2223,1395
-3.80249794870983,2.05440425133878,1.5330722346381,3363.19316666667,2223,1395
-3.78423332760427,2.03126810610008,1.53211512551425,3363.22653333333,2223,1395
-3.79743211607095,2.01620343778014,1.53659716539373,3363.2599,2223,1395
-3.79819694119044,1.9970947215327,1.54299820858832,3363.29326666667,2223,1395
1.61307348069363,3.91262253534268,1.36470055770673,3362.62593333333,2221,1396
1.63333156844008,3.92333650010027,1.35566188479437,3362.6593,2221,1396
1.66008156486774,3.94619499127057,1.35004782666813,3362.69266666667,2221,1396
-0.480039018139746,-0.814241079752268,1.5520357625221,3362.92623333333,2222,1397
-0.478364819814337,-0.793851535841862,1.54946641524727,3362.9596,2222,1397
-0.477883981028885,-0.776565042025134,1.54774346300843,3362.99296666667,2222,1397
-0.475286014579381,-0.758992499274383,1.54665146830453,3363.02633333333,2222,1397
0.00808650119139609,-0.0367689926851285,1.29291543595309,3364.22753333333,2224,1398
0.0204267669479283,-0.0270373440891397,1.2925669032282,3364.2609,2224,1398
0.0323703470687149,-0.0170328310088083,1.2921719861438,3364.29426666667,2224,1398
0.0425775882005761,-0.00726307414982386,1.29116769693007,3364.32763333333,2224,1398
0.053044919269452,0.00251645694872671,1.28891623180842,3364.361,2224,1398
0.0617877231312399,0.0115974693224754,1.2850002388874,3364.39436666667,2224,1398
-3.81371738887762,1.34911408446388,1.58239597829368,3364.4611,2225,1399
-3.80854027461576,1.33631196917819,1.58753771335993,3364.49446666667,2225,1399
-3.80412731185383,1.32595150058882,1.58817607300353,3364.52783333333,2225,1399
-8.26745189434872,0.314879047557191,2.65835493107512,3365.09506666667,2226,1400
-3.69161682204686,0.848494833568326,1.60771825842568,3365.5622,2227,1401
-3.68952131153619,0.833791966405801,1.61011480275837,3365.59556666667,2227,1401
-3.68136166298862,0.822250535813692,1.61048660098049,3365.62893333333,2227,1401
-3.67317980815115,0.809941861725979,1.61093231848701,3365.6623,2227,1401
0.0454491505970211,0.383928652226756,0.900802425965241,3365.5622,2228,1402
0.0235461758729728,0.400902623081641,0.892292522346577,3365.59556666667,2228,1402
0.00360669567346472,0.418497582886595,0.884246219297051,3365.62893333333,2228,1402
-0.013166103592741,0.433161668786745,0.877681082557548,3365.6623,2228,1402
-0.0289147495946781,0.443891581665341,0.871247044775083,3365.69566666667,2228,1402
-0.0453253776996894,0.449203941803188,0.866667470256848,3365.72903333333,2228,1402
1.50841706420558,5.25340825424328,1.17114425877471,3366.12943333333,2229,1403
1.50315604476327,5.2496680316192,1.18940923336295,3366.1628,2229,1403
1.48782541190551,5.21073770813663,1.20330310504303,3366.19616666667,2229,1403
1.48157627103467,5.1940937438748,1.22167765976218,3366.22953333333,2229,1403
1.46830827608279,5.15808405045739,1.23588178966029,3366.2629,2229,1403
1.45722476176896,5.12237598510036,1.25062419684122,3366.29626666667,2229,1403
-3.45277194840933,0.364257007872967,1.50226789834807,3366.6633,2230,1404
-3.45109928280692,0.351179639645364,1.50105922831256,3366.69666666667,2230,1404
-3.44134965463661,0.342166851513908,1.49708500624268,3366.73003333333,2230,1404
-3.43757904619478,0.327176987363546,1.49478220525592,3366.7634,2230,1404
-3.43011813595447,0.315193115167164,1.49061837657545,3366.79676666667,2230,1404
1.23034457294697,3.53662262888257,1.11415930499214,3367.39736666667,2231,1405
1.24674027975474,3.49073368887706,1.10729394689756,3367.43073333333,2231,1405
1.25987280309997,3.4468662763049,1.10119979623556,3367.4641,2231,1405
1.27888822849015,3.41403713342143,1.09819411855332,3367.49746666667,2231,1405
1.29555929913607,3.3798147673689,1.09544009778775,3367.53083333333,2231,1405
1.30627799983341,3.34250167769763,1.09201277210061,3367.5642,2231,1405
-3.25103079545782,-0.184174970916989,1.24592012505355,3367.9646,2232,1406
-3.24059198382883,-0.197788840447004,1.24113077178098,3367.99796666667,2232,1406
-3.24065534711042,-0.213469183364877,1.23923783503695,3368.03133333333,2232,1406
-3.23303907880707,-0.225194766269232,1.23553707562734,3368.0647,2232,1406
-3.22034711327715,-0.234069491625876,1.23204418431672,3368.09806666667,2232,1406
-3.21474951074119,-0.244438467617179,1.23235514842832,3368.13143333333,2232,1406
1.5913558101398,1.62987352337268,0.780731793382149,3368.73203333333,2233,1407
1.59444289896793,1.58688914818628,0.788097255847327,3368.7654,2233,1407
1.59808729165164,1.5454323032646,0.795686597462768,3368.79876666667,2233,1407
1.60265877147309,1.505798017014,0.802933383652402,3368.83213333333,2233,1407
1.60769977057029,1.4676588356549,0.809525062780061,3368.8655,2233,1407
-3.08278151621935,-0.697935685205671,1.18053338274161,3369.19916666667,2234,1408
-3.08036353434125,-0.706564819837858,1.18159935680096,3369.23253333333,2234,1408
-3.07840020037605,-0.714704484784525,1.18283529836983,3369.2659,2234,1408
-3.06598919281899,-0.71704757868972,1.18427721135663,3369.29926666667,2234,1408
-3.05484405839418,-0.721116274303454,1.18474500753712,3369.33263333333,2234,1408
1.85697405755349,0.498681057251636,0.798424245460407,3369.79976666667,2235,1409
1.86768500783761,0.480809387298016,0.804975016630563,3369.83313333333,2235,1409
-2.87133961345746,-1.02326328339901,1.09121194495108,3370.33363333333,2236,1410
-2.8638945941694,-1.02905256850195,1.08862483614841,3370.367,2236,1410
-2.86110245595927,-1.04011251980203,1.08800701950123,3370.40036666667,2236,1410
-2.85838672166306,-1.04961371234956,1.08809383888664,3370.43373333333,2236,1410
-2.70021320133426,-1.37293232322381,1.00287367113794,3371.4681,2237,1411
-2.68701255746053,-1.3801819725745,1.00032399640787,3371.50146666667,2237,1411
-2.68956352810386,-1.4005304748143,1.00015740223971,3371.53483333333,2237,1411
-2.67894349214984,-1.40900222433207,0.997528638367979,3371.5682,2237,1411
-2.66948901283516,-1.41875945250743,0.995780192397631,3371.60156666667,2237,1411
-2.55563474247061,-1.846535605968,0.981765570319651,3372.50246666667,2239,1411
-2.55065178453512,-1.85719473802589,0.984433883587,3372.53583333333,2239,1411
-2.54647431944185,-1.87268943545357,0.98871448730809,3372.5692,2239,1411
-1.65175282535773,1.48322475844036,0.978777950566871,3371.80176666667,2238,1412
-1.14391440112486,1.71181952877771,1.01614837035119,3372.70266666667,2240,1412
-0.250089400886292,1.13488106829287,0.711241534728094,3372.73603333333,2241,1413
-0.0365673661153689,1.46617085047286,0.533536868537416,3373.63693333333,2243,1413
-0.0349491161841665,1.47876463292204,0.529774001821013,3373.6703,2243,1413
-0.336236215298427,2.02905174118709,0.745304466579779,3373.70366666667,2244,1413
-2.571539384083,-2.2650440914428,1.00572536806177,3373.5702,2242,1414
-5.06983470083927,0.0376025950988652,2.18742939434198,3373.73703333333,2245,1415
-4.82602249346763,-0.128404947681356,2.2602456386758,3374.70466666667,2247,1415
-4.82364786950068,-0.136363639669503,2.2675406796437,3374.73803333333,2247,1415
-4.79369814997739,-0.132234541247621,2.26470083581609,3374.7714,2247,1415
-4.7918043373528,-0.140330079039403,2.27273571728083,3374.80476666667,2247,1415
-2.59694309365826,-2.40183242622799,1.01213714166978,3374.5712,2246,1416
-2.59518372070759,-2.40721462182305,1.01216536001452,3374.60456666667,2246,1416
-2.59088542077802,-2.41612416008403,1.01412530906074,3374.63793333333,2246,1416
-0.390643146025655,1.33672978606115,0.564354149630659,3375.1718,2248,1417
-2.44755190135272,-2.36934287272635,0.937652625561665,3375.63893333333,2249,1418
-2.44346343852012,-2.37847124487407,0.939396634243057,3375.6723,2249,1418
-4.13017200226768,-0.304058968423267,2.29842041366542,3376.13943333333,2250,1419
-4.1286311809685,-0.31673964768886,2.30917561862225,3376.1728,2250,1419
-4.11628483291503,-0.32330992013346,2.31511160854321,3376.20616666667,2250,1419
-4.10515317819464,-0.328568387735069,2.3194555320887,3376.23953333333,2250,1419
-4.10412212666964,-0.339015962163099,2.33001724156282,3376.2729,2250,1419
-0.630776433846341,0.864999824973383,0.695000269493227,3376.23953333333,2251,1420
-0.631171939913253,0.850471955725655,0.7016247862968,3376.2729,2251,1420
-0.632749339309834,0.836155900240314,0.706903224752272,3376.30626666667,2251,1420
-2.36212728978281,-2.74359726606255,0.774789458199119,3376.8735,2252,1421
-0.371538493278842,0.0418027876551899,0.721028174440398,3377.40736666667,2253,1422
-0.371420690302914,0.0235482225351066,0.722569594388921,3377.44073333333,2253,1422
-0.37179908800334,0.00473918296895803,0.724796585279248,3377.4741,2253,1422
0.857733199589081,0.720738712620506,0.704756810940041,3378.20816666667,2254,1423
-0.665775002808385,-3.90145731795675,0.873219236994034,3387.31726666667,2255,1424
-0.6664060115353,-3.9207240621762,0.881951915474796,3387.35063333333,2255,1424
-0.662749019578852,-3.91135878219238,0.885667581711403,3387.384,2255,1424
2.69930009861146,-2.26800021384547,0.443230655364987,3387.35063333333,2256,1425
2.69113043514128,-2.26014479311875,0.43264509226023,3387.384,2256,1425
2.68343007332816,-2.25266137961328,0.424183486061576,3387.41736666667,2256,1425
2.68078551680903,-2.25199871857329,0.411513473498631,3387.45073333333,2256,1425
2.67165481496364,-2.2422820331749,0.402978936851359,3387.4841,2256,1425
-2.55086103659413,-0.610322126277859,1.24796544666291,3388.81876666667,2257,1426
-2.55027459670823,-0.612395331922618,1.24711425165119,3388.85213333333,2257,1426
-2.48044276698474,-0.688802864022721,1.11928820515992,3389.65293333333,2258,1426
-2.26806840616367,-0.947147686310997,1.13957332479077,3390.42036666667,2261,1426
-2.24567503971059,-0.956894176492479,1.13847374081342,3390.45373333333,2261,1426
-2.23111994027532,-0.975251128022516,1.1417151371365,3390.4871,2261,1426
-1.82217724158539,-1.23700907830954,0.986645920449773,3391.25453333333,2263,1426
-1.81635040052025,-1.25293793636613,0.990016203005878,3391.2879,2263,1426
2.08483145603369,-1.9105385142127,0.136132979524099,3389.75303333333,2259,1427
-0.440624672334659,0.352576818160937,0.855225916114254,3389.7864,2260,1428
-0.436782413414005,0.362523390675072,0.864247153302488,3389.81976666667,2260,1428
-0.432201838746215,0.37225983975242,0.874162217301403,3389.85313333333,2260,1428
-0.428941060471621,0.380747862734525,0.884421606526242,3389.8865,2260,1428
-0.214412026960969,0.657051585537975,1.08088392602429,3390.7874,2262,1428
-0.201616470645318,0.669620265956842,1.08607543652373,3390.82076666667,2262,1428
-0.1886445986098,0.681521429681726,1.09048872915657,3390.85413333333,2262,1428
-0.176473584590435,0.691932001224664,1.09504156330811,3390.8875,2262,1428
-0.163770165128239,0.702891322089949,1.09806654350582,3390.92086666667,2262,1428
1.55923925973348,-1.17616716679432,0.153015146119491,3391.72166666667,2264,1429
1.55793818485361,-1.17321847194978,0.152052944009924,3391.75503333333,2264,1429
0.0342266253005179,1.27975203352906,1.05693967981977,3391.92186666667,2265,1430
0.0248504674963538,1.30234740882382,1.05679579378705,3391.95523333333,2265,1430
0.0154155713446661,1.32490750830815,1.05692371125429,3391.9886,2265,1430
0.00618178716672957,1.34672149555407,1.05674164528736,3392.02196666667,2265,1430
-0.00196245723158472,1.36647759269175,1.05595250063145,3392.05533333333,2265,1430
-0.0407810703018257,1.63860162949439,0.931736427032735,3392.72266666667,2266,1430
-0.0449922919667547,1.64489181205096,0.923490739576028,3392.75603333333,2266,1430
-0.0491288636883179,1.65046070952651,0.914409922514067,3392.7894,2266,1430
-0.0533935078919099,1.65503356923264,0.90526740464984,3392.82276666667,2266,1430
-0.0570249336464771,1.65799115004727,0.897502705115814,3392.85613333333,2266,1430
0.281495050332706,1.13734087063751,0.789444657185578,3392.8895,2267,1430
-1.10332974645474,-0.951455216313598,0.601011219331091,3393.05633333333,2268,1431
-1.08905964174408,-0.944705923220152,0.598292158589671,3393.0897,2268,1431
-0.866706935002162,-0.836107658834414,0.545798095092333,3393.7904,2270,1431
-0.855564085669877,-0.832443800225913,0.54979029152443,3393.82376666667,2270,1431
-0.649896048974215,-0.696461840368575,0.658315207139036,3394.45773333333,2274,1431
-0.636298655678558,-0.678485205742581,0.666994346143534,3394.4911,2274,1431
-0.625800828945215,-0.667409862770518,0.673719090930313,3394.52446666667,2274,1431
-0.613880567336431,-0.655724866565507,0.680249199829309,3394.55783333333,2274,1431
-0.595063394971966,-0.641686138162504,0.688285750720286,3394.5912,2274,1431
-0.253028887995459,-0.427796578168968,0.92310528707605,3395.45873333333,2278,1431
-0.240497205828058,-0.417934146400264,0.932335811242737,3395.4921,2278,1431
-0.225390834106496,-0.407222034313234,0.942846887360545,3395.52546666667,2278,1431
-0.209287098527012,-0.39605080175977,0.952349847626286,3395.55883333333,2278,1431
-0.192315048195458,-0.384750968797105,0.961831599203371,3395.5922,2278,1431
-0.17802002306883,-0.376701411116899,0.970532612157503,3395.62556666667,2278,1431
0.13663628466838,-0.153469252413137,1.09046547608708,3396.25953333333,2280,1431
0.152459202354453,-0.139793782670061,1.0971143995494,3396.2929,2280,1431
0.169175844152135,-0.126256399748227,1.10616156915568,3396.32626666667,2280,1431
0.186384524478156,-0.109507031807376,1.11567595659399,3396.35963333333,2280,1431
0.205419292490336,-0.0896278329156958,1.12437163515675,3396.393,2280,1431
0.220746573313091,-0.0723435349092277,1.13254798990562,3396.42636666667,2280,1431
0.237376054660243,-0.0541902635610441,1.14099627635558,3396.45973333333,2280,1431
0.25253757653006,-0.0356408807867413,1.14772061377848,3396.4931,2280,1431
0.653635751965684,0.369103041695194,1.16763365321141,3397.32726666667,2282,1431
0.675514994528655,0.383644782391262,1.16823773644454,3397.36063333333,2282,1431
0.69802991842101,0.396395342589367,1.16907446592196,3397.394,2282,1431
0.719791860544272,0.406942784920887,1.17081937918081,3397.42736666667,2282,1431
0.739010722441043,0.416921231939512,1.16941739064034,3397.46073333333,2282,1431
1.04868608433432,0.573617306822766,1.09162741325782,3398.12806666667,2286,1431
1.06663107709881,0.573181219838024,1.08549939742828,3398.16143333333,2286,1431
1.08561507210499,0.571201295684025,1.07911442171265,3398.1948,2286,1431
1.10547234550876,0.568201589070436,1.07288766923904,3398.22816666667,2286,1431
1.12676093050844,0.564765501972779,1.06617250634283,3398.26153333333,2286,1431
1.14822257922226,0.561955537107488,1.0577140216741,3398.2949,2286,1431
1.17103383550406,0.561106097687364,1.04765889217297,3398.32826666667,2286,1431
1.19456836621831,0.562509856126258,1.03729429651152,3398.36163333333,2286,1431
1.54144480906606,0.557936309625757,0.797563054537027,3399.06233333333,2290,1431
1.55993804363086,0.551973515171007,0.788729769529538,3399.0957,2290,1431
1.57872238989899,0.545980596336162,0.779870045895773,3399.12906666667,2290,1431
1.5983818790689,0.540576964101917,0.769969345609555,3399.16243333333,2290,1431
1.6164973973615,0.537075080373507,0.760626872667361,3399.1958,2290,1431
1.63687582999453,0.535290319063097,0.749001419919287,3399.22916666667,2290,1431
1.65584642186243,0.535169493057974,0.73652585618451,3399.26253333333,2290,1431
1.39131453947287,-0.702841914071224,0.151325691069769,3393.42336666667,2269,1432
1.4000325680897,-0.697392216039929,0.147877379291348,3393.45673333333,2269,1432
1.40577278118842,-0.684403418845472,0.145099126988206,3393.4901,2269,1432
1.41565037046174,-0.680036455185437,0.143185409250876,3393.52346666667,2269,1432
1.41961494460212,-0.668145378386655,0.145642705250875,3393.55683333333,2269,1432
1.43224057851697,-0.667658813093428,0.14653018733629,3393.5902,2269,1432
1.39724976305721,-0.442359482854973,0.238841313986689,3394.35763333333,2273,1432
1.39546252799819,-0.438185890748535,0.239843315411659,3394.391,2273,1432
1.39572709824161,-0.439945577373217,0.237871791251294,3394.42436666667,2273,1432
1.3944628610128,-0.438603953269589,0.236259391070065,3394.45773333333,2273,1432
1.39524378724609,-0.441077847363922,0.233313040404447,3394.4911,2273,1432
1.39630671313081,-0.446841827236255,0.229796343730141,3394.52446666667,2273,1432
1.39675618699108,-0.449185300441067,0.228927385952358,3394.55783333333,2273,1432
-0.125859838658801,1.62267687505522,0.588040566702095,3393.8905,2271,1433
-0.126600338420437,1.62259968746082,0.580466501056524,3393.92386666667,2271,1433
-0.197725660202774,1.58304473687693,0.55288145546313,3394.62456666667,2275,1433
-0.212100082760607,1.53836583230121,0.556579484138338,3395.42536666667,2277,1433
-0.213581521164715,1.53825861633791,0.558151269993108,3395.45873333333,2277,1433
-0.215502389438926,1.53800375837034,0.55824842722471,3395.4921,2277,1433
-0.230294013947838,1.55718069824976,0.595795075650914,3396.22616666667,2279,1433
-0.230888163843365,1.55711758642566,0.598828976154177,3396.25953333333,2279,1433
-0.231061306001033,1.55651328180611,0.601859110264918,3396.2929,2279,1433
-0.232010972124711,1.55612868210081,0.604057410064123,3396.32626666667,2279,1433
-0.371517312941636,1.63969581786788,0.656309337789725,3397.16043333333,2281,1433
-0.375561211605274,1.64431059237576,0.658674338550933,3397.1938,2281,1433
-0.378514863687235,1.64842060876679,0.660873672230305,3397.22716666667,2281,1433
-0.383292389827556,1.65193831429229,0.663266411529489,3397.26053333333,2281,1433
-0.412514237060703,1.65690117816092,0.676338214152613,3397.394,2283,1433
-0.421244895134101,1.65854031453215,0.680938502444648,3397.42736666667,2283,1433
-0.53642507106188,1.82130157139956,0.836917540235449,3398.12806666667,2285,1433
-0.537791474031909,1.83025810057612,0.843507534007395,3398.16143333333,2285,1433
-0.538599630879348,1.83996019757276,0.850913210514336,3398.1948,2285,1433
-0.539922728892371,1.84977484119509,0.857537921858069,3398.22816666667,2285,1433
-0.542843525984946,1.85962425891357,0.864144082267202,3398.26153333333,2285,1433
-0.662504735055841,2.09863572448553,0.925492344420867,3399.06233333333,2289,1433
-0.665338589651093,2.10598923335518,0.925326635093997,3399.0957,2289,1433
-0.668055454387953,2.11277966514516,0.925363427312691,3399.12906666667,2289,1433
-0.669384012005642,2.11890209028015,0.924301445666318,3399.16243333333,2289,1433
-0.672828659996466,2.12532668105737,0.923835124405267,3399.1958,2289,1433
-0.73429420307136,2.36615850916599,0.933228832789272,3399.9966,2292,1433
-0.732241853960031,2.37631423459,0.935203224362846,3400.02996666667,2292,1433
-0.731581859926262,2.38682510207563,0.936703752755891,3400.06333333333,2292,1433
-0.731122745036797,2.39769426002411,0.93846359442864,3400.0967,2292,1433
-0.651823765838794,2.64796020782185,0.951397544269234,3400.86413333333,2296,1433
-0.648252185297009,2.65874642441807,0.953425058428761,3400.8975,2296,1433
-0.6437967921987,2.66990827214045,0.95581252455216,3400.93086666667,2296,1433
-0.638660688317861,2.68018134818879,0.957921055454702,3400.96423333333,2296,1433
-0.633764356595138,2.69100249448789,0.961204535855997,3400.9976,2296,1433
-0.471057311388404,2.98107768938977,0.932614767990055,3401.76503333333,2299,1433
-0.467807860290852,2.99521228369361,0.931713744726605,3401.7984,2299,1433
-0.461375874694807,3.00829238816582,0.930131638209614,3401.83176666667,2299,1433
-0.455103793618114,3.01915946471486,0.928231365065561,3401.86513333333,2299,1433
-0.452468595408449,3.03264557244425,0.927663454146576,3401.8985,2299,1433
-0.312593481680463,3.31843138558462,0.899813038113475,3402.73266666667,2300,1433
-0.304332135534176,3.33193588721269,0.900315898209393,3402.76603333333,2300,1433
-0.294568253371946,3.34302357571574,0.900373456750257,3402.7994,2300,1433
-0.287616413288112,3.35825325606818,0.900825576631142,3402.83276666667,2300,1433
-0.277788235560306,3.37150374462375,0.900904119799212,3402.86613333333,2300,1433
-4.45808373562785,6.37741214163991,2.51970264014976,3394.25753333333,2272,1434
-3.52131268821328,6.13506476670838,2.72329354286506,3395.25853333333,2276,1435
-3.52455071901369,6.16411249070067,2.75031199249827,3395.2919,2276,1435
-3.48298605099051,6.1456656157956,2.75811748690501,3395.32526666667,2276,1435
-3.45425989426722,6.13603431276349,2.77109007861326,3395.35863333333,2276,1435
-1.41477023032622,6.44589957336701,3.03690969496852,3397.62756666667,2284,1436
-1.38792252313224,6.45401443089926,3.03476498916177,3397.66093333333,2284,1436
-1.36673908451593,6.47989910756187,3.0416042477672,3397.6943,2284,1436
7.8185017218075,3.02215142101622,-0.00041312887921674,3398.12806666667,2287,1437
7.87311783430096,3.00653548219983,-0.0038001063253118,3398.16143333333,2287,1437
-0.031573038766077,6.50065812754637,2.62523390642392,3399.02896666667,2288,1438
-0.0109928773041034,6.59908893170276,2.65680887553461,3399.06233333333,2288,1438
1.36471395271746,-0.421506858949041,0.322435600676663,3399.52946666667,2291,1439
1.35648416851436,-0.409207503662951,0.33150048727457,3399.56283333333,2291,1439
1.35003897648998,-0.399393834619399,0.339487831504477,3399.5962,2291,1439
1.34484799612004,-0.392834642829206,0.344485939181597,3399.62956666667,2291,1439
1.34151934251069,-0.390487784214045,0.349254740917824,3399.66293333333,2291,1439
1.33515896333947,-0.384794366939994,0.354906701615608,3399.6963,2291,1439
1.21549945475198,-0.285423357260954,0.427669589435219,3400.36363333333,2294,1439
1.21443896156037,-0.283895048753544,0.431626890385538,3400.397,2294,1439
1.21195189409798,-0.278528936860722,0.434764213640487,3400.43036666667,2294,1439
1.21182635713921,-0.27305499860814,0.43653334394232,3400.46373333333,2294,1439
1.21468433824281,-0.269376713129791,0.436741630800429,3400.4971,2294,1439
1.21593467363264,-0.263497242154468,0.436880506549802,3400.53046666667,2294,1439
2.10449282302591,0.801914144019808,0.254725474479053,3400.2969,2293,1440
2.11995238774981,0.814567718702914,0.245598720279349,3400.33026666667,2293,1440
2.13865865523532,0.826056666812446,0.235904835645724,3400.36363333333,2293,1440
2.31620813199123,1.00218911214859,0.184559250273048,3401.03096666667,2297,1440
2.32193440842722,1.00400906025093,0.182403647905803,3401.06433333333,2297,1440
1.26897904414385,6.55526374720488,2.13164509556103,3400.43036666667,2295,1441
1.11930559825855,-0.275422052052353,0.401741062732714,3401.6983,2298,1442
5.95706617102551,-0.0948901208582636,1.36086500963375,3404.56783333333,2301,1443
5.93508573617839,-0.0866868679911162,1.37437552448892,3404.6012,2301,1443
5.35731217913268,0.28672577509957,1.83741909071313,3405.76903333333,2302,1444
5.35408053577245,0.30451141139964,1.8501362790433,3405.8024,2302,1444
5.34738093449002,0.32026581508209,1.8630183744483,3405.83576666667,2302,1444
5.11193482303334,0.892689778087355,2.13848938504655,3406.83676666667,2303,1445
5.10427144302052,0.911571025655262,2.14222356941474,3406.87013333333,2303,1445
4.98890235279629,1.45990217592748,2.33762045495962,3407.9045,2304,1446
4.98084405529036,1.47507511170891,2.34107903374261,3407.93786666667,2304,1446
4.99031422633879,1.4883513962542,2.3486847379052,3407.97123333333,2304,1446
-0.6171901084359,5.12312581400494,1.44085392974647,3410.67393333333,2305,1447
-0.636056207776841,5.11718025502351,1.4428000737759,3410.7073,2305,1447
-0.654653770021201,5.11064839768539,1.44660306153218,3410.74066666667,2305,1447
-0.667275235019914,5.0947434229027,1.44845711595669,3410.77403333333,2305,1447
-0.670633209726976,5.0539186569668,1.44309408950172,3410.8074,2305,1447
0.238799436254982,-1.64112379956787,0.243062347016664,3411.3079,2306,1448
-1.11121391438304,4.82142656711203,1.43808803672588,3411.84176666667,2307,1449
-1.10506281108038,4.79670308113443,1.43627642488353,3411.87513333333,2307,1449
-1.09864919740595,4.77240410157318,1.42980611003102,3411.9085,2307,1449
-0.92414130563288,4.35695495704793,1.40366850572207,3413.0096,2308,1450
-0.91636202661948,4.34721601605305,1.40500000980977,3413.04296666667,2308,1450
-0.659708613076581,3.90913621441316,1.40170800334759,3414.1107,2309,1451
-0.655558474809105,3.90158155524248,1.40547303021695,3414.14406666667,2309,1451
-0.643961574066082,3.88257926431077,1.40588937537255,3414.17743333333,2309,1451
-0.635213678618212,3.86745951813342,1.40520237343571,3414.2108,2309,1451
-0.458523429896407,3.38043054472614,1.36324785771323,3415.17843333333,2311,1451
-0.455764516298183,3.36233197352805,1.36182897126094,3415.2118,2311,1451
-0.451548475300575,3.34257583040749,1.36032165939511,3415.24516666667,2311,1451
-0.448041579946086,3.3206099563845,1.35614160685274,3415.27853333333,2311,1451
-0.444546918436804,3.30008981611398,1.35224723656032,3415.3119,2311,1451
0.240767881391662,-1.6135018628132,0.28156375207083,3414.17743333333,2310,1452
0.238082966972553,-1.63534060548627,0.279464809946415,3414.2108,2310,1452
0.242272353174188,-1.60653192478562,0.283114378150413,3414.24416666667,2310,1452
4.92729589441717,1.42213290283142,2.6876007658185,3415.74566666667,2312,1453
4.92873756284917,1.41503226698906,2.70560679658514,3415.77903333333,2312,1453
4.91830038359413,1.40556326301138,2.71767102945451,3415.8124,2312,1453
-0.478532309791433,2.48212052385438,1.11377205932213,3416.5131,2313,1454
-0.484001064230113,2.4668815941167,1.11121166231377,3416.54646666667,2313,1454
-0.487763552024668,2.45195279669981,1.10721845555497,3416.57983333333,2313,1454
-0.49362077171693,2.4383361769531,1.10283358870392,3416.6132,2313,1454
-0.500239016238433,2.42589473568036,1.09706064027506,3416.64656666667,2313,1454
-0.507276446126297,2.41309302545453,1.09100144948498,3416.67993333333,2313,1454
-0.680541500835458,2.0128588925313,1.00148423398568,3417.48073333333,2316,1454
-0.684247044451915,1.99438168455645,0.999403084974222,3417.5141,2316,1454
-0.691331474170576,1.97418904713007,0.997656350677673,3417.54746666667,2316,1454
-0.699370406246258,1.95521666816895,0.995456382718342,3417.58083333333,2316,1454
-0.707434079927877,1.93733918423145,0.992671998550222,3417.6142,2316,1454
-0.713939965354779,1.92085864146792,0.989582583664478,3417.64756666667,2316,1454
-0.841846009806963,1.36048085967029,0.928938086922022,3418.58183333333,2317,1454
-0.842227907498769,1.34672076781526,0.926521461777444,3418.6152,2317,1454
-0.845255943820011,1.33582490631151,0.922983032266543,3418.64856666667,2317,1454
-0.844699310915376,1.33071606878419,0.918912978070833,3418.68193333333,2317,1454
-0.700133579458951,1.66465496632362,0.721686815804316,3419.54946666667,2318,1454
-0.696190877345489,1.67649527719975,0.716689817049647,3419.58283333333,2318,1454
-5.83350862750484,1.30346456210989,5.44577188635699,3417.38063333333,2314,1455
-5.83872549879889,1.31565246416142,5.46681295239306,3417.414,2314,1455
-5.82097418678803,1.33197366735693,5.468363329358,3417.44736666667,2314,1455
4.83289631739888,0.237583553581617,2.97133365293833,3417.38063333333,2315,1456
7.39632452452294,2.75577683413288,0.119791966140478,3419.7163,2319,1457
7.38300736121229,2.74368837743624,0.126546102384266,3419.74966666667,2319,1457
6.80220291517895,2.27959516136228,0.371758387535177,3420.78403333333,2320,1458
-0.495957856461934,1.57502202527325,0.673012576238868,3422.08533333333,2321,1459
-0.496888688105078,1.56480027288418,0.677683443298462,3422.1187,2321,1459
-0.496374342101916,1.553961394194,0.681373171798708,3422.15206666667,2321,1459
-0.481047983346776,1.23705417701426,0.677242752401648,3422.9195,2323,1459
-0.480159047689049,1.22559969811426,0.680890839605851,3422.95286666667,2323,1459
-0.477639625354454,1.21410727055603,0.684799707439848,3422.98623333333,2323,1459
-0.476920513968754,1.20189011214113,0.688574594382308,3423.0196,2323,1459
-0.473803913625235,1.18986615025522,0.690033559172472,3423.05296666667,2323,1459
-0.355711777176592,0.802503946144004,0.670197632261713,3423.9205,2325,1459
-0.351664284053832,0.791421562219114,0.674279718228416,3423.95386666667,2325,1459
-0.347488123137081,0.780112192526437,0.679241493084951,3423.98723333333,2325,1459
-0.343293996927632,0.769838925997189,0.683801391102391,3424.0206,2325,1459
-0.338517878556128,0.759776249054763,0.687358848489068,3424.05396666667,2325,1459
-0.226507689570965,0.560677444918922,0.739550926716858,3424.78803333333,2326,1459
-0.219938637352528,0.555766417506529,0.745220510788409,3424.8214,2326,1459
-0.211709850225252,0.55002174222639,0.750964979219748,3424.85476666667,2326,1459
-0.203307472636563,0.543878669545132,0.756565979206422,3424.88813333333,2326,1459
-0.194516244877449,0.536967585160658,0.761567220747216,3424.9215,2326,1459
0.0319705642493151,0.307940615276039,0.823090638184818,3425.7223,2328,1459
0.0443451979181121,0.30850787770903,0.827448138029802,3425.75566666667,2328,1459
0.0584389337002503,0.311340970315095,0.83162484896087,3425.78903333333,2328,1459
0.0713090067932489,0.314251933426752,0.835828737162823,3425.8224,2328,1459
0.0842421237533458,0.318236766125119,0.838820875612002,3425.85576666667,2328,1459
0.439036540806009,0.35389194150182,0.854582973842523,3426.75666666667,2330,1459
0.450523760719721,0.349601797853795,0.85677121192076,3426.79003333333,2330,1459
0.4613455783021,0.344979687424517,0.859049989201991,3426.8234,2330,1459
0.471257465744945,0.340488259407937,0.86100335878944,3426.85676666667,2330,1459
0.480512769942038,0.336517103856972,0.862769908324507,3426.89013333333,2330,1459
0.488089385197355,0.331166756958534,0.865058658984259,3426.9235,2330,1459
0.844253667052815,0.38530780630537,0.76669793092954,3427.85776666667,2331,1459
0.853052318186998,0.390958785078618,0.767345784029824,3427.89113333333,2331,1459
1.15556116387879,0.443288097541734,0.853411386886352,3428.79203333333,2334,1459
1.17337723728028,0.445192322385762,0.859644078228347,3428.8254,2334,1459
1.1920631869592,0.446566082913342,0.865379665840655,3428.85876666667,2334,1459
1.23528807989146,0.450830432840724,0.878189661983452,3428.9255,2335,1459
1.25509743969308,0.454664024457481,0.884736138230918,3428.95886666667,2335,1459
1.2732289494798,0.461515545343032,0.892762803583513,3428.99223333333,2335,1459
1.28818877917048,0.469058562252544,0.902277795023253,3429.0256,2335,1459
1.30269028725324,0.476547869800156,0.912694495535203,3429.05896666667,2335,1459
1.31565223267388,0.483233909362779,0.922418484203343,3429.09233333333,2335,1459
1.78142918985836,0.592165803628196,0.980709707602126,3429.79303333333,2337,1459
1.80970835941725,0.597001054224047,0.987984248529904,3429.8264,2337,1459
1.82976089809027,0.611524958109459,0.9909746837283,3429.85976666667,2337,1459
1.85531944451817,0.620952013015327,0.994568501683631,3429.89313333333,2337,1459
1.88101186080872,0.630302853837734,0.997176237580782,3429.9265,2337,1459
1.91229413049475,0.640112744942756,0.999120977218646,3429.95986666667,2337,1459
2.43053308796593,0.731776292402666,1.01600668402923,3430.69393333333,2340,1459
2.45601644339078,0.736858988434006,1.01377705878474,3430.7273,2340,1459
2.47967298002513,0.743692230627706,1.01159147660096,3430.76066666667,2340,1459
2.50135211102874,0.753127228035567,1.01101112785071,3430.79403333333,2340,1459
2.52400415586996,0.762522634841361,1.01018089964422,3430.8274,2340,1459
3.11091931368969,1.02981995485378,0.757840096585069,3431.7283,2341,1459
3.13050094458081,1.03817983615873,0.751954417398097,3431.76166666667,2341,1459
3.14864816568653,1.0459025392958,0.746203240775301,3431.79503333333,2341,1459
3.16662137247155,1.05421056767993,0.740106369154596,3431.8284,2341,1459
3.18328501254806,1.06053124306894,0.733850816799528,3431.86176666667,2341,1459
3.57175902125358,1.09927016132819,0.560402948969849,3432.7293,2342,1459
3.58629656426101,1.09745235972334,0.553294656888256,3432.76266666667,2342,1459
3.60348411867053,1.09331260735224,0.546467900779688,3432.79603333333,2342,1459
3.61840438160343,1.08883832676517,0.538571351323322,3432.8294,2342,1459
5.67130238858838,1.960576701441,0.590937941256926,3422.15206666667,2322,1460
5.65885170867392,1.95866404988396,0.59736996139136,3422.18543333333,2322,1460
5.63587306379397,1.9567719312376,0.604443336151649,3422.2188,2322,1460
4.65617459691576,1.89898982838838,0.775899343634462,3423.55346666667,2324,1461
4.63179818271672,1.90094493517099,0.781349042801063,3423.58683333333,2324,1461
4.60635227206923,1.90460176824581,0.787812317319413,3423.6202,2324,1461
4.58418163888271,1.90621826065534,0.791736346660545,3423.65356666667,2324,1461
3.30405829447419,1.79573445596552,0.820171377406985,3424.98823333333,2327,1462
3.27794034738389,1.79038045341732,0.822742231241693,3425.0216,2327,1462
3.24992279732555,1.78478870942117,0.825055288829186,3425.05496666667,2327,1462
3.22160873538848,1.77963383118818,0.826864616878958,3425.08833333333,2327,1462
3.19711798324174,1.77691651760794,0.828070940658831,3425.1217,2327,1462
2.28514274153421,1.70628393006579,0.831063432821017,3426.2228,2329,1463
2.26157568398942,1.70460080929545,0.833123360223692,3426.25616666667,2329,1463
2.23693810803641,1.70350361140693,0.835487208498417,3426.28953333333,2329,1463
2.21162523298827,1.70056930536467,0.83772714774261,3426.3229,2329,1463
2.18824007827416,1.69960935310438,0.840355499982542,3426.35626666667,2329,1463
2.16784750931949,1.70027571533114,0.842735684869976,3426.38963333333,2329,1463
1.02621007069239,1.48023522181689,0.97797666090349,3427.85776666667,2332,1464
1.00908301242557,1.47330634244174,0.983035529376608,3427.89113333333,2332,1464
0.990743260090183,1.46529043854825,0.98947943552623,3427.9245,2332,1464
0.974792537106905,1.45634770926147,0.996489566903958,3427.95786666667,2332,1464
0.960101319764522,1.44622077766164,1.00373792816802,3427.99123333333,2332,1464
0.947328539768869,1.43812876796575,1.0108614245409,3428.0246,2332,1464
0.935612702144419,1.43201565980191,1.01738739980002,3428.05796666667,2332,1464
-0.312185775147194,-4.02756198251131,0.440542748134671,3428.39163333333,2333,1465
-0.0999496883402382,1.04700918554934,1.32030326380463,3429.59283333333,2336,1466
-0.122412543234551,1.04105017575079,1.33050241188372,3429.6262,2336,1466
-0.148031141954378,1.03445425507345,1.34276964026004,3429.65956666667,2336,1466
-0.172676220498796,1.02698380098969,1.35501491477485,3429.69293333333,2336,1466
-0.19752010039067,1.017980294056,1.36718346650057,3429.7263,2336,1466
-1.03250788041915,0.852838403780136,1.58738063021829,3430.6272,2339,1466
-1.06311698658475,0.84869195092136,1.59782080263805,3430.66056666667,2339,1466
-1.09299075975734,0.842416987379189,1.60849796533927,3430.69393333333,2339,1466
-1.11873772025941,0.83581797322393,1.61739431297527,3430.7273,2339,1466
6.68988870543541,-1.59781093067297,4.75943551797297,3429.85976666667,2338,1467
3.91783423324572,0.801422825351355,0.397270904471274,3434.49773333333,2343,1468
4.41509036601106,0.732074398265433,0.330481033671629,3435.6322,2344,1469
4.43943534270262,0.733150613210519,0.32704055118019,3435.66556666667,2344,1469
4.44630804665222,0.738978567079439,0.325927542011544,3435.69893333333,2344,1469
0.662257386294192,0.742218735143902,0.345321517113006,3438.435,2345,1470
0.0938535857196326,-4.14477283909226,1.5106973982055,3440.8374,2346,1471
0.078111019027977,-4.14296347986003,1.50768561456756,3440.87076666667,2346,1471
-0.580758378100347,-3.54768182357448,1.70061166094018,3442.9395,2347,1472
-0.591560286210557,-3.51486804911152,1.700646831101,3442.97286666667,2347,1472
-0.612255828685277,-3.52852903167701,1.71536801384693,3443.00623333333,2347,1472
7.31054697076975,9.99027806730575,5.4994692767464,3444.10733333333,2348,1473
-0.612251221373158,-3.23045699551691,0.912419218608281,3444.10733333333,2349,1474
-0.633217772899101,-3.19971251285691,0.916836199079619,3444.1407,2349,1474
-1.38802715635857,-2.47894317020263,0.911684840532431,3445.20843333333,2350,1475
-1.42941337350504,-2.47866786350059,0.912136393526759,3445.2418,2350,1475
-1.45110227703431,-2.44436294472605,0.909924340207262,3445.27516666667,2350,1475
-1.48488133645242,-2.42426810110035,0.907934308913229,3445.30853333333,2350,1475
-1.51953958312647,-2.40306652579174,0.907322920270268,3445.3419,2350,1475
-1.54784657841194,-2.36768856365301,0.904691252294483,3445.37526666667,2350,1475
-1.58812602236579,-2.36381166846776,0.908170641270382,3445.40863333333,2350,1475
-2.50260030098925,-1.94775804368024,0.936176253491743,3446.443,2351,1476
-2.54384580356293,-1.94635865416059,0.934624010894288,3446.47636666667,2351,1476
-2.56912416532076,-1.92876744266326,0.933213361155919,3446.50973333333,2351,1476
-2.60926421957621,-1.92726633895367,0.932703011950361,3446.5431,2351,1476
-2.64251726711276,-1.91925090357895,0.930236934764189,3446.57646666667,2351,1476
7.29886427955441,0.71737427340181,0.638199944073943,3449.8464,2352,1477
7.27023963231602,0.707922539369268,0.647739055190899,3449.87976666667,2352,1477
-1.97330791679537,-3.81521910410953,1.8794152655985,3450.6472,2353,1478
-1.9827825224361,-3.80533034921997,1.87267898157605,3450.68056666667,2353,1478
6.63196943460284,0.299354324883966,0.801646144398357,3450.91413333333,2354,1479
6.65129114308702,0.280005835736363,0.805444123489186,3450.9475,2354,1479
5.76772840045116,-0.253824015597063,0.927624094087262,3452.0486,2355,1480
5.72066924626385,-0.26466412115909,0.930329828369812,3452.08196666667,2355,1480
4.68114521715104,-0.854945864186664,1.04998274657439,3453.1497,2356,1481
4.65212292192096,-0.871531759568473,1.05343576584322,3453.18306666667,2356,1481
4.61205113168447,-0.884074555950621,1.05555660409615,3453.21643333333,2356,1481
4.61823054317007,-0.916844608408374,1.05906345305025,3453.2498,2356,1481
3.62926327228104,-1.4865756994326,1.03173552033651,3454.21743333333,2357,1482
3.60968676381704,-1.52310313438296,1.03063933315507,3454.2508,2357,1482
3.60679719554754,-1.56288088688885,1.03012061866671,3454.28416666667,2357,1482
3.44693494867724,-2.54234183402285,1.76555206387359,3458.0546,2358,1483
3.4053242594567,-2.56196302611349,1.79682705050683,3458.1547,2359,1483
2.6510591893693,-2.56539119376017,2.46464338494256,3460.19006666667,2360,1484
2.4557088689529,-2.10098202889691,2.95699433742529,3461.49136666667,2361,1485
2.44131707213749,-2.07901336310049,2.97001141758899,3461.52473333333,2361,1485
2.43409493404611,-2.07230388934596,2.98408049894374,3461.5581,2361,1485
2.43046434915637,-2.07532845244998,3.00564057247135,3461.59146666667,2361,1485
2.41681265130125,-2.05546800244764,3.01468501639202,3461.62483333333,2361,1485
2.07582054779287,-1.36599994465958,3.38502217531464,3462.79266666667,2362,1486
2.0689416831666,-1.34375518006833,3.39243426523365,3462.82603333333,2362,1486
2.05919976496399,-1.31647236981298,3.39966814611935,3462.8594,2362,1486
2.04899044947658,-1.29306077740712,3.40896746100139,3462.89276666667,2362,1486
2.04009083887992,-1.27016676848153,3.42076973259515,3462.92613333333,2362,1486
2.02850414841827,-1.24689039244163,3.42735890749451,3462.9595,2362,1486
0.575970484288273,-0.21718022005251,3.31287855436273,3464.59446666667,2363,1487
0.546060612007534,-0.20491191218245,3.31662261041764,3464.62783333333,2363,1487
0.515343502373213,-0.189692581854577,3.31735671442838,3464.6612,2363,1487
0.486323481445924,-0.17671587597547,3.31706324848226,3464.69456666667,2363,1487
0.461101377983852,-0.166309817724715,3.31555961614661,3464.72793333333,2363,1487
0.436042774880278,-0.158608929343179,3.31392168862836,3464.7613,2363,1487
-0.409350037635822,0.759877781017026,2.55301678713133,3466.42963333333,2364,1488
-0.396701206484474,0.775396828454288,2.53404827098295,3466.463,2364,1488
-0.381057031064847,0.792449601202169,2.51401829326649,3466.49636666667,2364,1488
-0.363810466023906,0.80867923396907,2.49357689279905,3466.52973333333,2364,1488
-0.346840497361893,0.823718848491668,2.47323767701515,3466.5631,2364,1488
-0.330933638989698,0.838557810553814,2.45357551213396,3466.59646666667,2364,1488
-0.315230235889857,0.853490534585309,2.43353704293803,3466.62983333333,2364,1488
0.139078907405361,1.49186000364357,1.70671085225803,3467.7643,2365,1489
0.151960636286133,1.50532770002709,1.6935816448679,3467.79766666667,2365,1489
0.167341933089674,1.52271961419882,1.67836576883102,3467.83103333333,2365,1489
0.183354962385356,1.54072154263986,1.66399455509289,3467.8644,2365,1489
0.197928856675492,1.55816309315696,1.65024321892941,3467.89776666667,2365,1489
0.211392495651655,1.57573558314302,1.63586615394712,3467.93113333333,2365,1489
0.223814660599393,1.59289514375348,1.62132089031404,3467.9645,2365,1489
0.234573215799558,1.60841496823576,1.60732322865549,3467.99786666667,2365,1489
0.414310131042928,2.47202547865261,1.15727645595188,3469.09896666667,2366,1490
0.408083015229539,2.49591328060018,1.15011235371671,3469.13233333333,2366,1490
0.402723270790665,2.51916967377411,1.14157294706077,3469.1657,2366,1490
-0.220392240660274,3.13353041696868,0.918582919923674,3470.1667,2367,1491
-0.233757679990469,3.15203977987826,0.909495175624603,3470.20006666667,2367,1491
-0.252716087614617,3.1754404132136,0.901074467074905,3470.23343333333,2367,1491
-0.267622276093961,3.19281405337903,0.892023391853489,3470.2668,2367,1491
-0.28334804187131,3.21224139913793,0.883233914629055,3470.30016666667,2367,1491
-0.552609487188823,3.60332957243517,0.691072431268747,3471.2678,2368,1491
-0.552205513939329,3.62178594038824,0.687092167904682,3471.30116666667,2368,1491
-0.552116030807317,3.64052767119501,0.681369319039962,3471.33453333333,2368,1491
-0.387600518226406,3.8257496155688,0.709708730671262,3472.1687,2370,1491
-0.358812476951696,3.82199359142646,0.714997077199185,3472.23543333333,2371,1491
4.45222129279915,8.44151870718821,2.85401276511515,3472.03523333333,2369,1492
3.62843278150239,6.10392809511373,2.51245907250029,3474.00386666667,2372,1493
3.59490407352746,6.07113924053849,2.51503097884916,3474.03723333333,2372,1493
3.56923192438227,6.04572685162084,2.52653295752504,3474.0706,2372,1493
3.53374413843359,6.0107448123806,2.52932857763904,3474.10396666667,2372,1493
3.50256827486162,5.97988310454754,2.53780148737623,3474.13733333333,2372,1493
3.47499362443361,5.95823185262456,2.5452497085206,3474.1707,2372,1493
2.27370514219539,4.10428955669169,2.46198896144921,3475.73893333333,2373,1494
2.26538407905353,4.06328628563629,2.46013028795461,3475.7723,2373,1494
2.25560422573026,4.01754215168232,2.4557930994191,3475.80566666667,2373,1494
2.25121850223639,3.97759345513789,2.45667306581449,3475.83903333333,2373,1494
2.24265748146708,3.93064108465919,2.45260559620141,3475.8724,2373,1494
2.23657823895474,3.88818292889764,2.45061549062801,3475.90576666667,2373,1494
2.23300733653464,3.846158764455,2.44949948883893,3475.93913333333,2373,1494
2.23053114345004,3.80633474128661,2.44740524076684,3475.9725,2373,1494
-2.02760362894213,-1.87248774650966,0.995295805911078,3475.90576666667,2374,1495
-2.01944276584116,-1.86609097477842,0.998421052133879,3475.93913333333,2374,1495
-1.93195105389834,-1.78770700121264,1.01343009305687,3476.9735,2375,1496
-1.92637284517624,-1.77792238088116,1.0133898573294,3477.00686666667,2375,1496
1.88994458006455,1.85796321861558,1.56819766771904,3477.6742,2376,1497
1.89011594316838,1.83308239563241,1.55335353844995,3477.70756666667,2376,1497
1.88170633267213,1.80224883227521,1.53326314846187,3477.74093333333,2376,1497
1.8752216151561,1.77011004404602,1.51315296957021,3477.7743,2376,1497
1.86858592644344,1.73831696208171,1.49407915971022,3477.80766666667,2376,1497
1.86334431082069,1.70688533423676,1.47541168501752,3477.84103333333,2376,1497
1.85815466657427,1.67544104830134,1.45704219326985,3477.8744,2376,1497
1.85342506913502,1.64647084549143,1.44053124198809,3477.90776666667,2376,1497
1.85367448975597,1.62108104599755,1.42863210131341,3477.94113333333,2376,1497
-1.69518179382391,-1.58127679630354,0.954422836284401,3478.24143333333,2377,1498
-1.69961886835607,-1.57593570720794,0.957690403700152,3478.2748,2377,1498
-1.6929781637201,-1.56339524334975,0.959641911343793,3478.30816666667,2377,1498
-1.68908339676273,-1.54887105665008,0.961100134840229,3478.34153333333,2377,1498
-1.54921685725604,-1.37175783463559,0.915640586747172,3479.30916666667,2379,1498
-1.53973438409864,-1.36504502472289,0.916420279119297,3479.34253333333,2379,1498
-1.52923418358863,-1.35623454405959,0.919050349221439,3479.3759,2379,1498
-1.53047496102933,-1.36195956839946,0.921371407739846,3479.40926666667,2379,1498
-1.52502780075617,-1.36116066766176,0.923754809624403,3479.44263333333,2379,1498
-1.34563991973559,-1.32914096432169,0.83543103395646,3480.41026666667,2380,1498
-1.338436431678,-1.32570856718463,0.830597458975434,3480.44363333333,2380,1498
-1.32848345116976,-1.31887587925808,0.829930836938237,3480.477,2380,1498
-1.3271921191434,-1.31980507976008,0.829132882395837,3480.51036666667,2380,1498
1.1462393348888,0.402445733526821,0.861395896998825,3479.24243333333,2378,1499
1.12701740783956,0.375009270688401,0.842193701081465,3479.2758,2378,1499
1.11152559493292,0.345997821053503,0.825236695168188,3479.30916666667,2378,1499
1.09413148431793,0.316647436472587,0.80780254089934,3479.34253333333,2378,1499
1.07464050989229,0.288119371289431,0.790659482750516,3479.3759,2378,1499
1.05990750124864,0.256089046139581,0.776521438022824,3479.40926666667,2378,1499
-1.07063814004911,-1.13616764335194,0.663662061165524,3482.04523333333,2381,1500
-1.07333891210365,-1.13235278487355,0.667123288321617,3482.0786,2381,1500
-1.06911674498389,-1.11812332495378,0.670392812036713,3482.11196666667,2381,1500
-1.01756905507008,-0.939694143330812,0.696398190983408,3483.0796,2382,1500
-1.01100056578942,-0.92416060401687,0.697836862996075,3483.11296666667,2382,1500
-1.00846409699563,-0.911945354518407,0.699033757292788,3483.14633333333,2382,1500
-0.994920215273867,-0.528950001200487,0.729628448277187,3484.11396666667,2385,1500
-0.995747124954758,-0.513751981376494,0.734326552877692,3484.14733333333,2385,1500
-0.995744956717555,-0.497182095741121,0.737739190593131,3484.1807,2385,1500
7.02941692967566,-2.91685561509592,2.989864542948,3483.44663333333,2383,1501
1.27567613027091,-0.752582012356731,0.577070667902472,3484.04723333333,2384,1502
1.2854929062339,-0.742429618129088,0.586890179253405,3484.0806,2384,1502
1.29748215210949,-0.736271967853305,0.597553681248702,3484.11396666667,2384,1502
1.30385289866045,-0.72111056392961,0.608266782565336,3484.14733333333,2384,1502
1.31467819917491,-0.713010256773789,0.618392553508647,3484.1807,2384,1502
1.31794771083079,-0.693535440595277,0.627958939308966,3484.21406666667,2384,1502
1.69566555332416,-0.275405415889607,0.783203631383632,3485.14833333333,2386,1502
1.7071378832881,-0.265145852010765,0.792814170111617,3485.1817,2386,1502
1.71994495031685,-0.25607070953485,0.804351649155343,3485.21506666667,2386,1502
1.73259160759118,-0.24800950352152,0.816633630847372,3485.24843333333,2386,1502
1.74308624409731,-0.238699303570068,0.828285023785825,3485.2818,2386,1502
1.7578291349696,-0.231886585927031,0.840860165806009,3485.31516666667,2386,1502
1.77353694131391,-0.224884259063375,0.853031246129794,3485.34853333333,2386,1502
2.08780380120581,-0.192401817492175,1.1078394531474,3486.24943333333,2390,1502
2.09393689105771,-0.197869043867719,1.12493813652732,3486.2828,2390,1502
2.09914120414689,-0.203788186241515,1.14198247225099,3486.31616666667,2390,1502
2.10483891825269,-0.209560119446652,1.16135662939459,3486.34953333333,2390,1502
2.10903141961598,-0.213271059478327,1.17829337207826,3486.3829,2390,1502
2.11593635579175,-0.219162492651951,1.19560083805859,3486.41626666667,2390,1502
2.12360400485327,-0.226171178807622,1.21310851955149,3486.44963333333,2390,1502
-0.990134815835751,0.0178139292132229,0.792995884540462,3485.21506666667,2387,1503
-0.985458296554019,0.0404493494226857,0.795200139436927,3485.24843333333,2387,1503
-0.799504933746407,0.602295439788429,0.789076472458622,3486.1827,2388,1503
-0.779808178484679,0.645425039004676,0.796364701954929,3486.24943333333,2389,1503
-0.73748538498307,1.12714206243794,0.819978512555306,3487.0836,2391,1503
-0.735324183105275,1.14129050545069,0.818871070453334,3487.11696666667,2391,1503
-0.734659806355721,1.1564114539009,0.819366731459839,3487.15033333333,2391,1503
-0.733772783091343,1.17263465696084,0.821368328020216,3487.1837,2391,1503
2.53256581412558,-0.557029480108671,1.29541052243062,3487.51736666667,2392,1504
2.54951034232848,-0.56637962671671,1.29624651058497,3487.55073333333,2392,1504
2.56715421799242,-0.577960302196424,1.29879098870087,3487.5841,2392,1504
2.57806171527608,-0.585725207016616,1.30189881187734,3487.61746666667,2392,1504
2.59165719645377,-0.595080942863684,1.30457329010021,3487.65083333333,2392,1504
-0.54281759303694,1.72221937820351,0.894534929994003,3488.1847,2393,1505
-0.534512272709555,1.74079371282555,0.899009359595314,3488.21806666667,2393,1505
-0.52520835491016,1.76262502064047,0.903405965155742,3488.25143333333,2393,1505
-0.515436124797446,1.78480775395904,0.907562918843452,3488.2848,2393,1505
-0.506500191285343,1.80815682926288,0.911076284349525,3488.31816666667,2393,1505
-0.499235821484213,1.83263403856067,0.914077757378814,3488.35153333333,2393,1505
-0.490487567622233,1.85503032797704,0.915598807782797,3488.3849,2393,1505
-0.48162615638472,1.87619605847129,0.917023289390849,3488.41826666667,2393,1505
-0.307145428818607,2.31234031751495,0.918998877618273,3489.11896666667,2395,1505
-0.293591328950074,2.329587752381,0.919800705232912,3489.15233333333,2395,1505
-0.280179516232496,2.34735315118377,0.920878318112368,3489.1857,2395,1505
-0.0282839764684945,2.60843532281265,0.919744424973459,3489.65283333333,2396,1505
-0.010162305093508,2.62885461994913,0.92020976526184,3489.6862,2396,1505
0.00826773948530368,2.64903437967268,0.921162732781848,3489.71956666667,2396,1505
0.0272576027210117,2.66819286346007,0.921526744593033,3489.75293333333,2396,1505
3.20985869968533,-0.445986437864627,1.36837231300118,3488.91876666667,2394,1506
3.22690855390138,-0.44855292431078,1.37229495113259,3488.95213333333,2394,1506
3.24377196202131,-0.450089543418725,1.37634549652577,3488.9855,2394,1506
3.26486164697386,-0.454130962839468,1.38113006398684,3489.01886666667,2394,1506
3.2808351744837,-0.457283198605352,1.3840780685166,3489.05223333333,2394,1506
4.14518810396912,-0.628820126585131,1.23059660836906,3490.35353333333,2397,1507
-6.4959576788968,-1.44047659757568,3.10429905725214,3490.82066666667,2398,1508
-6.46483370161184,-1.45000723519922,3.10369342224246,3490.85403333333,2398,1508
0.690387310948386,2.29810206552002,0.836691462134053,3491.15433333333,2399,1509
0.707360365627428,3.51700529856699,0.859598472069627,3491.9885,2400,1510
0.71881419934059,3.51959612917259,0.854506238822415,3492.02186666667,2400,1510
0.733003456531758,3.53344452093434,0.849010754454683,3492.05523333333,2400,1510
0.743330059783133,3.53917289070742,0.844103132936959,3492.0886,2400,1510
0.75395621334563,3.54537238198056,0.841452719615297,3492.12196666667,2400,1510
0.763428471055338,3.55174567703001,0.837543573961407,3492.15533333333,2400,1510
4.84789819373372,-0.346353432715128,1.32758431536911,3492.05523333333,2401,1511
4.85957891168765,-0.335731256053069,1.3349810021312,3492.0886,2401,1511
4.88404102148292,-0.328147952696887,1.35098202284233,3492.12196666667,2401,1511
4.88616243715093,-0.314878563756402,1.3601431297677,3492.15533333333,2401,1511
4.89752160477285,-0.30587511181509,1.3736217574594,3492.1887,2401,1511
3.53600048906606,7.86053497805969,1.59894380373253,3492.82266666667,2402,1512
3.54615941799332,7.82216903186328,1.58570238076169,3492.85603333333,2402,1512
-5.03777486812987,-1.32947092092084,2.88093752362013,3492.82266666667,2403,1513
-5.0149619739551,-1.32707972515743,2.88805249203397,3492.85603333333,2403,1513
-4.99408041734409,-1.32425816133306,2.89424417272736,3492.8894,2403,1513
1.09998675401562,3.82284370849845,0.725036238568229,3493.22306666667,2404,1514
1.10636112720401,3.83351143732612,0.724395985645552,3493.25643333333,2404,1514
1.11168306821843,3.84384867806506,0.722907275325846,3493.2898,2404,1514
1.1143660525688,3.85253596617937,0.7223568174813,3493.32316666667,2404,1514
1.11208971137565,3.85271454174267,0.723098600541609,3493.35653333333,2404,1514
1.31284952852312,4.00333260140927,0.609477473579753,3494.2908,2407,1514
1.31854709243393,3.99392919740038,0.605843087053479,3494.32416666667,2407,1514
1.33184175990062,4.00587244745551,0.600116615073911,3494.35753333333,2407,1514
1.34473615211958,4.00887844178777,0.596010385091036,3494.3909,2407,1514
1.35536382405658,4.01350631532282,0.593956122248365,3494.42426666667,2407,1514
5.54467751839529,0.0776520906474309,1.49442811757432,3493.2898,2405,1515
5.56770529894386,0.0815898069251465,1.49743094014536,3493.32316666667,2405,1515
-3.85583730289526,-1.21728047059909,3.19895462661092,3494.25743333333,2406,1516
-3.83025290429348,-1.2106190997214,3.20302707992647,3494.2908,2406,1516
-3.8107895376928,-1.20383546278334,3.2119056859469,3494.32416666667,2406,1516
-3.7975293608905,-1.19845969665961,3.22172482186045,3494.35753333333,2406,1516
0.712961570041698,1.21420827950448,0.393340706324293,3495.05823333333,2408,1517
0.722335742474008,1.2058015086401,0.395668228682662,3495.0916,2408,1517
0.729330850284394,1.19770364529425,0.397225108218917,3495.12496666667,2408,1517
0.792709279843479,0.900568637342188,0.425103000478035,3495.85903333333,2411,1517
0.7901382882962,0.888834889701009,0.427911785450412,3495.8924,2411,1517
0.788236943692378,0.881286941813139,0.428967936338405,3495.92576666667,2411,1517
1.5827235040378,4.07100069287251,0.503159078453496,3495.72556666667,2409,1518
1.58377828778049,4.07319521101568,0.499684490288273,3495.75893333333,2409,1518
1.58174091407944,4.07287800846768,0.497683187078514,3495.7923,2409,1518
1.58004556477396,4.07390457244275,0.497375982850089,3495.82566666667,2409,1518
1.57681220085289,4.07437119647661,0.499822535620509,3495.85903333333,2409,1518
1.69035934566074,3.92236727870551,0.445022902694212,3496.82666666667,2412,1518
1.69402718697645,3.91921336443475,0.443843211773068,3496.86003333333,2412,1518
1.69538439186516,3.91346010710735,0.443763457376989,3496.8934,2412,1518
1.69682593919453,3.90768230540724,0.444343085653152,3496.92676666667,2412,1518
1.69912609357376,3.90518655684217,0.446432682488899,3496.96013333333,2412,1518
1.74222763633931,3.87272873718535,0.327064686480092,3497.92776666667,2414,1518
-2.89533822863134,-0.794103205172582,3.21110252562887,3495.7923,2410,1519
-2.88167801165727,-0.785943582687911,3.21684417873252,3495.82566666667,2410,1519
-2.85987393031399,-0.772226193944944,3.22394805288762,3495.85903333333,2410,1519
-2.84256956667826,-0.756214533220077,3.23064163407954,3495.8924,2410,1519
-2.82719402730794,-0.739094525738353,3.23913265873887,3495.92576666667,2410,1519
-2.37429420215029,0.413236574028839,3.26901356572034,3497.6942,2413,1520
-2.372852491906,0.427402044175594,3.28237430629734,3497.72756666667,2413,1520
-2.37228956777405,0.442967691738424,3.29837016396455,3497.76093333333,2413,1520
-2.36694382240019,0.458860485065914,3.31149073298198,3497.7943,2413,1520
-2.36856702458324,0.470522249681328,3.3316385507962,3497.82766666667,2413,1520
-2.36183362253058,0.484884430295269,3.34467861428428,3497.86103333333,2413,1520
6.57313675055152,-0.541875256522459,3.01737723185363,3498.92876666667,2415,1521
6.54967028998051,-0.538947299879999,3.03417172522993,3498.96213333333,2415,1521
6.53875334095185,-0.537304446207054,3.05567382645178,3498.9955,2415,1521
6.50509528500142,-0.527160663327487,3.06677343085676,3499.02886666667,2415,1521
6.48534657678304,-0.519415684740787,3.08807549418096,3499.06223333333,2415,1521
5.57982184978148,-0.44442916833375,3.70748088920963,3500.2968,2416,1522
5.52955818986264,-0.433516253168462,3.74995057903127,3500.36353333333,2417,1522
5.50616508659143,-0.427851539728074,3.77183576467306,3500.3969,2417,1522
5.47879442162842,-0.422890239676069,3.79183221508496,3500.43026666667,2417,1522
5.45224199660324,-0.42020410533393,3.81043550124733,3500.46363333333,2417,1522
8.40267483081911,1.17045143991298,4.35235941498864,3500.36353333333,2418,1523
8.36513622797146,1.15736053247404,4.35540461523301,3500.3969,2418,1523
8.34286891422629,1.14406607540498,4.3662068198582,3500.43026666667,2418,1523
8.32495721864489,1.12898847434068,4.38021737090521,3500.46363333333,2418,1523
-1.00271235414359,1.38349897948236,4.61386141420042,3500.56373333333,2419,1524
-0.962993538023935,1.37510376225206,4.64804598130304,3500.63046666667,2420,1524
7.39674333590546,0.49089289373135,4.27411877173981,3501.56473333333,2421,1525
7.36361992019445,0.467176803629192,4.26315790633123,3501.5981,2421,1525
7.34923077742881,0.445111793388098,4.25930557769833,3501.63146666667,2421,1525
7.34867049035318,0.425388363805656,4.26040630156135,3501.66483333333,2421,1525
7.49758233103013,0.059811469530852,3.7405732403113,3503.03286666667,2422,1526
7.53269436913379,0.0627025908916444,3.72275217020809,3503.06623333333,2422,1526
7.53555985226145,0.0764165755980469,3.69537075957311,3503.0996,2422,1526
7.54321545528606,0.0882409367338202,3.67116069944718,3503.13296666667,2422,1526
5.33336164666019,-1.26210059997441,5.00443185674661,3504.46763333333,2423,1527
-3.03864411731538,-0.205232004295808,0.940169595124999,3507.8043,2424,1528
7.96505411946864,0.194134850782004,0.636616478597764,3509.7062,2425,1529
7.14573282164535,0.309150805337394,0.284152070365187,3511.04086666667,2426,1530
0.640083429124971,6.55203611670407,2.70970608844682,3512.1086,2427,1531
0.643235685657145,6.53046162024021,2.70186553502672,3512.14196666667,2427,1531
0.643601588971943,6.50278029353452,2.69156227589643,3512.17533333333,2427,1531
0.64583763079317,6.51761366906365,2.69891826089161,3512.2087,2427,1531
-2.14516788994154,0.255514202601543,4.94096828345565,3513.2097,2428,1532
-2.17819663137786,0.241395929729916,4.93102784604696,3513.24306666667,2428,1532
6.04762455700059,0.387343183456656,-0.0472445009534175,3513.2097,2429,1533
5.41255326161064,0.454148111121836,0.0255829087600674,3514.37753333333,2430,1534
5.39230951422392,0.463475018335562,0.0274901000540414,3514.4109,2430,1534
5.38726852581506,0.468177648394297,0.0305093969533973,3514.44426666667,2430,1534
0.673809551057154,5.64983522275931,2.4099910610704,3514.4109,2431,1535
0.675568640917315,5.65092664317829,2.40837425672762,3514.44426666667,2431,1535
0.675866239009633,5.65315798630375,2.40894387414771,3514.47763333333,2431,1535
0.676407777230089,5.64771840039383,2.40697770729586,3514.511,2431,1535
-3.06397735465109,-0.380743913183249,1.1804095761908,3515.1116,2432,1536
-2.95242502828733,-0.613017619081496,1.19534933823066,3515.9124,2434,1536
-2.94193578642275,-0.619206273326815,1.19822963047596,3515.94576666667,2434,1536
-2.93457985030847,-0.625006405888224,1.1972983769838,3515.97913333333,2434,1536
-2.92554859773704,-0.631034106106636,1.20080914441305,3516.0125,2434,1536
-2.92037004758325,-0.635456676713449,1.20121166055397,3516.04586666667,2434,1536
-2.85839357623952,-0.777388583602918,1.17487289239006,3516.8133,2438,1536
-2.85453151643264,-0.779941616860259,1.17311180767984,3516.84666666667,2438,1536
-2.85040512128639,-0.783463265707564,1.17090512620865,3516.88003333333,2438,1536
-2.84176428141975,-0.784304384598869,1.16792895137601,3516.9134,2438,1536
-2.83916862765493,-0.788202735122973,1.16598177603124,3516.94676666667,2438,1536
-2.74855587813053,-0.90962972679772,1.10182777742129,3517.78093333333,2441,1536
-2.73917108566129,-0.904601304637605,1.10133145300429,3517.8143,2441,1536
-2.72884525629318,-0.893798545856518,1.1005195675783,3517.84766666667,2441,1536
-2.71113371608764,-0.880240252242661,1.09687831441337,3517.88103333333,2441,1536
-2.70147991907726,-0.869950865824299,1.09558468739518,3517.9144,2441,1536
-2.5302451553504,-0.682579851159654,1.09930864933385,3518.74856666667,2444,1536
-2.51896110873995,-0.672773858604253,1.09875963165598,3518.78193333333,2444,1536
-2.51040843892055,-0.664195079656334,1.09917409222771,3518.8153,2444,1536
-2.50201417382189,-0.657924302032071,1.09973590524014,3518.84866666667,2444,1536
-2.48889759661204,-0.648984762674154,1.09918321404429,3518.88203333333,2444,1536
-2.27566617237124,-0.501633461336208,1.13065600403701,3519.74956666667,2445,1536
-2.26616983564076,-0.498417776689676,1.12905128825963,3519.78293333333,2445,1536
-2.25857028421857,-0.494563932055367,1.12889649912621,3519.8163,2445,1536
-2.24965814316067,-0.491023206699139,1.1279474545992,3519.84966666667,2445,1536
-2.23704153944508,-0.484311166245605,1.12663607018881,3519.88303333333,2445,1536
-2.22769448917923,-0.47833593145312,1.12518749757595,3519.9164,2445,1536
4.60368954827181,0.735323192267935,0.24264334758306,3515.67883333333,2433,1537
4.58103168130787,0.744780770466655,0.252536895177279,3515.7122,2433,1537
4.56218316220165,0.752306955210695,0.262464196137687,3515.74556666667,2433,1537
4.54091989585934,0.761275462570513,0.272038348237501,3515.77893333333,2433,1537
4.51466959008552,0.769577352667814,0.283831190419159,3515.8123,2433,1537
3.94880107761998,1.01904101504196,0.520671197654226,3516.64646666667,2436,1537
3.93312001677828,1.02876935798059,0.532930432097807,3516.67983333333,2436,1537
4.50551637854979,0.52245049485067,0.351326806842776,3516.67983333333,2437,1537
3.91149747972465,1.0398565685204,0.547227028460135,3516.7132,2436,1537
3.89244631346986,1.04982719338355,0.561124868652431,3516.74656666667,2436,1537
3.87129039533933,1.06048893883157,0.573316699676242,3516.77993333333,2436,1537
3.85256420801679,1.07023201130336,0.584949744269368,3516.8133,2436,1537
3.83211011810483,1.0799437632205,0.598756126760069,3516.84666666667,2436,1537
4.69494257093598,0.962379494119676,0.263157280477908,3517.58073333333,2439,1537
3.22908334309465,1.47447188425066,0.880488278946434,3517.68083333333,2440,1537
3.20921340642516,1.49423645845185,0.893995356451907,3517.7142,2440,1537
3.18699611094144,1.51446612464224,0.908550667411661,3517.74756666667,2440,1537
3.16752789044482,1.533639513176,0.923617872310466,3517.78093333333,2440,1537
3.14755163464523,1.55131988575081,0.938252873915408,3517.8143,2440,1537
3.12657359031929,1.56604873585299,0.951616489090999,3517.84766666667,2440,1537
3.11187501964314,1.58088925354756,0.965499337604787,3517.88103333333,2440,1537
3.09469797001156,1.59602965552741,0.978184487004868,3517.9144,2440,1537
4.80330309969535,1.49693442272093,0.225845925988818,3518.54836666667,2442,1537
4.81379008642452,1.51604446818369,0.226523049695781,3518.58173333333,2442,1537
2.56085970887881,2.12590446698204,1.34403489035683,3518.7152,2443,1537
2.54889494607908,2.14502671581926,1.35863563005624,3518.74856666667,2443,1537
2.53678189092304,2.16768617693489,1.37586682554011,3518.78193333333,2443,1537
2.52428026226541,2.19149682995091,1.39361241688324,3518.8153,2443,1537
2.50812678336107,2.21448889006197,1.40926775622046,3518.84866666667,2443,1537
2.49411767096064,2.23861589701823,1.42639225318644,3518.88203333333,2443,1537
2.47696079709809,2.26224235652963,1.44313974001785,3518.9154,2443,1537
2.45967082193199,2.28348875299062,1.45911283438405,3518.94876666667,2443,1537
2.44313875905892,2.30423945282556,1.4753829565457,3518.98213333333,2443,1537
0.641672479788785,5.03464488090806,2.05428465044773,3516.47963333333,2435,1538
0.644944295035008,5.01606569191512,2.0432319536033,3516.513,2435,1538
0.649361326962801,5.00928684858793,2.03551889596371,3516.54636666667,2435,1538
0.653364083288253,5.01919613289511,2.03706976074789,3516.57973333333,2435,1538
1.73575355662391,3.4507194859017,2.19969326611482,3520.35016666667,2446,1539
1.71657382557107,3.47126046590891,2.21999119049623,3520.38353333333,2446,1539
1.69687587726362,3.49386927107309,2.242239060751,3520.4169,2446,1539
1.67759090747803,3.51617666332883,2.26624293297336,3520.45026666667,2446,1539
1.65768370132514,3.53292275553579,2.28574873321855,3520.48363333333,2446,1539
1.63852712035217,3.55013912587338,2.3067937550414,3520.517,2446,1539
1.62134671042775,3.57060102177035,2.33128617471824,3520.55036666667,2446,1539
1.6045420596765,3.58799963838075,2.35136943556519,3520.58373333333,2446,1539
1.01802796864038,3.98043864500554,2.85260043102133,3521.48463333333,2450,1539
1.00415502768004,3.99173047647757,2.86999147637272,3521.518,2450,1539
0.988898773591389,4.00563150348728,2.89034176883811,3521.55136666667,2450,1539
0.974416120118799,4.02005276298779,2.9094103283529,3521.58473333333,2450,1539
0.956688699932086,4.03027560343159,2.92617057780639,3521.6181,2450,1539
0.939315606198742,4.04314588843006,2.94742856594871,3521.65146666667,2450,1539
0.918936351417576,4.05283584955881,2.96453652334878,3521.68483333333,2450,1539
0.527213636951092,4.44646801988468,3.73668092721259,3522.58573333333,2455,1539
0.516286180478839,4.4533895221059,3.75806282774247,3522.6191,2455,1539
0.500205920349599,4.45403610118708,3.77470542426816,3522.65246666667,2455,1539
0.491519563996677,4.47290280364511,3.81078700951401,3522.68583333333,2455,1539
0.472177793227163,4.47409516261034,3.82653460000614,3522.7192,2455,1539
0.260582764883731,4.41668488320061,4.25124451536217,3523.58673333333,2458,1539
0.252920651056834,4.40551407773991,4.27950998945906,3523.65346666667,2460,1539
0.102250879997978,4.46593525800159,2.04532079706943,3520.65046666667,2447,1540
0.0941688244209138,4.48081085562554,2.05742590320169,3520.68383333333,2447,1540
0.0845814924394021,4.49527563407091,2.06867387007449,3520.7172,2447,1540
0.0767813658066806,4.51057083484972,2.07941487470722,3520.75056666667,2447,1540
4.44000463683096,2.62622179555241,0.275721771784222,3520.7172,2448,1541
4.13446364318786,3.02127636142257,0.335236338232732,3521.58473333333,2451,1541
4.13872559756553,3.03981064428123,0.336028249373608,3521.6181,2451,1541
4.11311764302365,3.05268295025585,0.34209900184905,3521.65146666667,2451,1541
3.86014361907205,3.49773869819002,0.457874476335791,3522.519,2454,1541
3.85321769461952,3.5215100575529,0.461967639180265,3522.55236666667,2454,1541
-1.7489650810882,-0.348262536275338,0.955808387570954,3520.9174,2449,1542
-1.7376923725833,-0.349222929070915,0.951317285833321,3520.95076666667,2449,1542
-1.72032858972571,-0.346733275145569,0.945404643607865,3520.98413333333,2449,1542
-1.70352225891111,-0.344749613405633,0.940349265019919,3521.0175,2449,1542
-1.68813636688731,-0.343034458380501,0.934280217014384,3521.05086666667,2449,1542
-1.67294605995309,-0.341407634347959,0.928781414409164,3521.08423333333,2449,1542
-1.2498996334682,-0.248911160923094,0.756642419196232,3521.9184,2453,1542
-1.23476367477476,-0.2455490456886,0.75114619107498,3521.95176666667,2453,1542
-1.2202778314932,-0.242705899616231,0.745804921273549,3521.98513333333,2453,1542
-1.20874033236367,-0.241514771499229,0.739636868120576,3522.0185,2453,1542
-1.19497900630971,-0.236817995668536,0.732907348051136,3522.05186666667,2453,1542
-1.18462635951568,-0.235787667511151,0.725988142378471,3522.08523333333,2453,1542
-1.17114518280509,-0.230541430723622,0.71880244256606,3522.1186,2453,1542
-0.817925814038844,-0.157962156939356,0.511025976769921,3522.95276666667,2456,1542
-0.801088584470593,-0.159081819674769,0.502080640724575,3522.98613333333,2456,1542
-0.784384168198025,-0.159308704017742,0.493798380287553,3523.0195,2456,1542
-0.768649347693826,-0.161245938564896,0.484896195652256,3523.05286666667,2456,1542
-0.755053402755474,-0.162832362362887,0.476395531760685,3523.08623333333,2456,1542
-0.74267542951444,-0.164610799721663,0.469797884899002,3523.1196,2456,1542
-0.72655663903357,-0.162347316810498,0.464820368597353,3523.15296666667,2456,1542
-0.458410946743019,-0.173391504198775,0.338620238151839,3523.88703333333,2461,1542
-0.445019417827194,-0.174225393166241,0.334253996176638,3523.9204,2461,1542
-0.431475161422274,-0.177227472915951,0.329365643383475,3523.95376666667,2461,1542
-0.417425247447389,-0.179533205859315,0.325449870043845,3523.98713333333,2461,1542
-0.404834729283653,-0.184399344782685,0.321275941242124,3524.0205,2461,1542
-0.39011258168544,-0.1859343653818,0.320583201269569,3524.05386666667,2461,1542
-0.106167269134751,-0.276023635094623,0.25385312612013,3524.78793333333,2463,1542
-0.0909123280530729,-0.282591986747674,0.251291395157781,3524.8213,2463,1542
-0.071237561751104,-0.284640758826085,0.252097742003468,3524.85466666667,2463,1542
-0.0585970997366942,-0.292059928951514,0.253992320269291,3524.88803333333,2463,1542
-0.0457407699332649,-0.297450698003703,0.259667663692175,3524.9214,2463,1542
-0.0382872686825807,-0.306127877471289,0.263934384320952,3524.95476666667,2463,1542
-2.81569417898147,-2.50290986429998,4.17116699240052,3521.75156666667,2452,1543
-1.83398406831413,-2.32201209970751,4.42316602947173,3523.2197,2457,1544
-1.80806311735586,-2.32700406067816,4.42465431429571,3523.25306666667,2457,1544
-1.7817431108962,-2.33290342599896,4.42595308362759,3523.28643333333,2457,1544
-1.75240864199443,-2.33620453624649,4.42252711241032,3523.3198,2457,1544
3.2868142656605,4.16120566686936,0.619131019798633,3523.6201,2459,1545
3.27385066484069,4.18199643432159,0.626276303911527,3523.65346666667,2459,1545
3.25649585560854,4.20618129424993,0.634129557330467,3523.68683333333,2459,1545
-0.447027279537368,-2.34721181504257,3.60682527778977,3524.78793333333,2462,1546
-0.42100622051045,-2.32931811476823,3.58894422294564,3524.8213,2462,1546
-0.396800074810905,-2.33316758512832,3.59127961711094,3524.85466666667,2462,1546
-0.369636021514119,-2.32507606479912,3.58326522100924,3524.88803333333,2462,1546
1.12239540826637,6.50322640572724,1.78228524330142,3525.48863333333,2464,1547
1.13837098996957,6.46023019870029,1.77272652463592,3525.522,2464,1547
1.15818983158916,6.48993074931518,1.78103721169327,3525.55536666667,2464,1547
2.2018698359046,5.61508531825907,0.974446085057084,3525.65546666667,2465,1548
0.408316805653658,-2.36039676092988,3.55275083515106,3526.48963333333,2466,1549
0.432276705377259,-2.3493707869402,3.56384783447303,3526.55636666667,2467,1549
6.84865904305529,2.58651139363816,6.16409803943806,3527.15696666667,2468,1550
6.83445486447855,2.56972394234988,6.16729076353885,3527.19033333333,2468,1550
2.86005039454568,6.7961122613846,1.80079219849882,3527.7242,2469,1551
2.89328062445341,6.79294273424985,1.79897878088446,3527.75756666667,2469,1551
2.91923512835763,6.77533523849721,1.79595975101418,3527.79093333333,2469,1551
2.93231658532673,6.73007194488458,1.78409013769645,3527.8243,2469,1551
5.85994842014768,1.19800623595459,5.70317352818315,3528.75856666667,2470,1552
5.81466631030521,1.16732362503281,5.6746806032194,3528.79193333333,2470,1552
5.77931491776276,1.13546969918679,5.66119767505122,3528.8253,2470,1552
5.74132519596301,1.10396270977169,5.63632329713687,3528.85866666667,2470,1552
4.57084601543715,6.9976630994059,1.06337932769409,3529.59273333333,2471,1553
4.57851097261712,7.00216138262828,1.05524178648716,3529.6261,2471,1553
0.963743611229754,0.0127320693051198,0.205341762825102,3529.69283333333,2472,1554
0.969344412190062,0.014770566855821,0.19969149385266,3529.7262,2472,1554
0.973106448710178,0.0100763161752555,0.194453851627545,3529.75956666667,2472,1554
0.970953260942156,0.0127949021241903,0.196075978011335,3529.79293333333,2472,1554
0.968719539317328,0.0143925986418082,0.196204538457745,3529.8263,2472,1554
0.968596503649038,0.013619653796926,0.196109854175072,3529.85966666667,2472,1554
0.969501082273752,0.0131807150970461,0.196198152201016,3529.89303333333,2472,1554
0.968233441625264,0.014080789270119,0.197097877233286,3529.9264,2472,1554
5.0922751127175,-0.00363642337609749,4.94199369281308,3529.99313333333,2473,1555
5.09698201502957,-0.0357583351163479,4.93983678176996,3530.0265,2473,1555
5.09642544131992,-0.064401726667367,4.93264681582755,3530.05986666667,2473,1555
5.08701443804408,-0.0887229989454523,4.91830986027293,3530.09323333333,2473,1555
2.6957915306108,-1.84060292286685,2.8905254798661,3530.66046666667,2474,1556
2.71350572457765,-1.85156189705582,2.87582834343781,3530.69383333333,2474,1556
2.7220016780258,-1.85078925325172,2.85329428750642,3530.7272,2474,1556
5.19753787144795,7.11748421679023,0.991410730845369,3530.9274,2475,1557
5.22168362956048,-0.578432157955713,4.43837331864038,3531.09423333333,2476,1558
5.26003990188094,-0.607239812590748,4.43247257383302,3531.1276,2476,1558
5.28018039035818,-0.625202281604773,4.41518182144112,3531.16096666667,2476,1558
5.2734524485782,-0.634131804058211,4.37915961310329,3531.19433333333,2476,1558
5.3309019089529,6.45593857625107,1.11559896834043,3532.529,2477,1559
1.85294151988039,3.72631007555517,0.472144568700003,3532.6291,2478,1560
1.84873793127196,3.72520016677231,0.478869059967393,3532.66246666667,2478,1560
1.8448760953777,3.72526043678208,0.485537608337882,3532.69583333333,2478,1560
1.8432198918935,3.72640889350533,0.49206595042885,3532.7292,2478,1560
1.84211931378014,3.72598377475204,0.497740134983919,3532.76256666667,2478,1560
1.88056548223201,3.64397197319146,0.538273639913934,3533.49663333333,2479,1560
1.88417943957933,3.6395620024516,0.542247980562033,3533.53,2479,1560
1.88705074786812,3.63332299167808,0.546018474601788,3533.56336666667,2479,1560
1.89050710189632,3.62816246236787,0.54912822357468,3533.59673333333,2479,1560
1.89386915073205,3.62342853695287,0.553907863199416,3533.6301,2479,1560
0.958228537355539,0.00927995925836511,0.211178610991082,3533.7302,2480,1561
0.959206088000822,0.00601052054201789,0.214441801718049,3533.76356666667,2480,1561
0.957417826297533,0.0085478287104398,0.22247714864947,3533.79693333333,2480,1561
0.958150233126744,0.00759730095583511,0.230823041198361,3533.8303,2480,1561
3.99832616592996,6.14362103842548,1.80438214852548,3534.46426666667,2481,1562
3.96361141101343,6.1357474676077,1.81832837541107,3534.49763333333,2481,1562
3.92762403304507,6.12058900780302,1.83119867854454,3534.531,2481,1562
3.91336548470347,6.13034056700107,1.84881836806562,3534.56436666667,2481,1562
1.81168183731653,3.24654324948133,0.649182522913467,3535.0315,2482,1563
1.8096316113561,3.23862696413841,0.654493353672672,3535.06486666667,2482,1563
1.80601031481982,3.23188679462765,0.659892840137438,3535.09823333333,2482,1563
1.80177567249542,3.22422186601512,0.665359186426334,3535.1316,2482,1563
1.79984483190656,3.21650702766788,0.668049606141789,3535.16496666667,2482,1563
1.79723645783215,3.20748488530422,0.670377307815568,3535.19833333333,2482,1563
1.77233074832929,2.99427910221047,0.684625589951345,3536.0325,2484,1563
1.7711990423258,2.98465000951596,0.686947049246996,3536.06586666667,2484,1563
1.77133945788058,2.97604832989648,0.691127622799083,3536.09923333333,2484,1563
1.7708906522106,2.96708029018807,0.693778240972061,3536.1326,2484,1563
1.76917899307077,2.95805890065068,0.696423788357275,3536.16596666667,2484,1563
1.76923768208653,2.94912042527147,0.696991373541792,3536.19933333333,2484,1563
7.1308132460662,0.841435516187304,4.56544519934932,3535.99913333333,2483,1564
7.09314146743756,0.831701750307763,4.56542239569713,3536.0325,2483,1564
7.02795020319956,0.818551138787604,4.56440395702616,3536.06586666667,2483,1564
6.96230486753593,0.810702385099666,4.55060005206324,3536.09923333333,2483,1564
6.9176367642172,0.799295352829357,4.54444242307442,3536.1326,2483,1564
0.598626263655415,1.21599395873273,0.855548554898577,3536.4329,2485,1565
0.635255562843529,1.37871054578293,0.892540765242237,3536.7332,2486,1565
0.639022200970179,1.39500713272315,0.895556295183455,3536.76656666667,2486,1565
0.644339100706454,1.41555540321494,0.898519008318071,3536.79993333333,2486,1565
0.649874729003575,1.43579937630057,0.901118027129043,3536.8333,2486,1565
0.655698186509565,1.45639322790886,0.904030440431833,3536.86666666667,2486,1565
0.661986622289003,1.47710110644747,0.906977438843792,3536.90003333333,2486,1565
0.667519385944409,1.49582475028513,0.908989666935546,3536.9334,2486,1565
0.672702457272841,1.51560526338395,0.910805941508761,3536.96676666667,2486,1565
0.677212116072138,1.53480294312034,0.911715189971784,3537.00013333333,2486,1565
1.77903229213184,2.55972891754461,0.710668872272474,3537.534,2487,1565
1.78081608754184,2.55772715126675,0.711804130923354,3537.56736666667,2487,1565
1.77815834130049,2.54811275903742,0.71370156931677,3537.60073333333,2487,1565
1.77852452361465,2.54276267548936,0.716189043032152,3537.6341,2487,1565
1.77917240365012,2.53809645885611,0.717492894980865,3537.66746666667,2487,1565
0.800033603140327,1.96544988761642,0.880495044198842,3537.66746666667,2489,1565
1.77986547247455,2.53353406192311,0.718343228580813,3537.70083333333,2487,1565
0.806815980022029,1.98567353904207,0.882010790992857,3537.70083333333,2489,1565
1.78276613085887,2.52906070527798,0.717707439897429,3537.7342,2487,1565
0.814086301179127,2.00717095994683,0.886048351136631,3537.7342,2489,1565
0.8196218106055,2.02806353890853,0.891166822456845,3537.76756666667,2489,1565
0.82390845748935,2.04733105702021,0.896737136383396,3537.80093333333,2489,1565
0.827158637399247,2.06488466573634,0.900212469640285,3537.8343,2489,1565
0.830409353355918,2.08101345697356,0.901440756191845,3537.86766666667,2489,1565
0.833204299467828,2.09667153123742,0.901308814274637,3537.90103333333,2489,1565
0.835272284110063,2.11233279222195,0.900547115511932,3537.9344,2489,1565
0.836061829588145,2.12824467312877,0.898907180124336,3537.96776666667,2489,1565
0.945159198564307,2.54995829347442,0.839870810995527,3538.66846666667,2491,1565
0.953211996186273,2.56992849360684,0.83687385236661,3538.70183333333,2491,1565
0.961088183097177,2.5892288493611,0.833481937608882,3538.7352,2491,1565
0.970516001847111,2.60849888647793,0.829513336174544,3538.76856666667,2491,1565
0.978060494119238,2.62670469321651,0.825749632875574,3538.80193333333,2491,1565
0.986845864408728,2.64636853014629,0.822542027363729,3538.8353,2491,1565
0.991535816955423,2.66447956178747,0.820072267403054,3538.86866666667,2491,1565
0.998454479075514,2.68531216732881,0.817984140780835,3538.90203333333,2491,1565
1.13805771882885,3.11895436809308,0.759568704079034,3539.76956666667,2494,1565
1.14587097148883,3.1354128187907,0.758216522181496,3539.80293333333,2494,1565
1.15524133316693,3.15223857001357,0.756990885923278,3539.8363,2494,1565
1.16291360865525,3.16798695703442,0.755336225776831,3539.86966666667,2494,1565
1.17258033659328,3.18686068924669,0.754246664318646,3539.90303333333,2494,1565
1.18099630508018,3.20269119348382,0.752570095770751,3539.9364,2494,1565
1.3000443828916,3.75227571708327,0.711914892017865,3540.8373,2496,1565
1.30879372911632,3.77887258898543,0.708819864681609,3540.87066666667,2496,1565
1.31367260060191,3.79436346314042,0.707630772902763,3540.90403333333,2496,1565
1.32357835441579,3.81908347450445,0.706074349105426,3540.9374,2496,1565
1.51516429728535,4.29880714134078,0.672299761306443,3541.77156666667,2499,1565
1.51979334274811,4.30902168093733,0.672133264140231,3541.80493333333,2499,1565
1.53402298812279,4.33694098377974,0.67104921916312,3541.8383,2499,1565
0.968721243263714,5.29053847135732,2.5725932662103,3537.66746666667,2488,1566
0.931766119476392,5.30064224272864,2.58262434200682,3537.70083333333,2488,1566
0.893700192906161,5.29988742986214,2.58934894384138,3537.7342,2488,1566
0.857895599717993,5.30107617293347,2.59679382882379,3537.76756666667,2488,1566
0.824721155141543,5.32111740260732,2.61648206778326,3537.80093333333,2488,1566
5.03223643989559,-0.467345322069524,4.64740103070939,3538.26806666667,2490,1567
5.0214776673631,-0.474463240099843,4.65749667535063,3538.30143333333,2490,1567
1.91753544333456,2.36078018179129,0.617955181859725,3538.80193333333,2492,1568
1.92220491838343,2.36042132332544,0.618389635158398,3538.8353,2492,1568
1.92664103084395,2.35937336821062,0.618255589073111,3538.86866666667,2492,1568
1.93246091203429,2.35912441922634,0.619673075247894,3538.90203333333,2492,1568
1.93654227032858,2.35854484836728,0.622017927916713,3538.9354,2492,1568
2.08484177537212,2.36259540146026,0.626556878433351,3539.80293333333,2495,1568
2.08979159920269,2.36464048918797,0.629918275430716,3539.8363,2495,1568
2.09452743444223,2.3673658041221,0.63407166306379,3539.86966666667,2495,1568
2.09979018517722,2.36912095364989,0.638117216890499,3539.90303333333,2495,1568
2.10468405439716,2.36961319253468,0.642789552530131,3539.9364,2495,1568
2.11069725874726,2.37031756294798,0.645150737033331,3539.96976666667,2495,1568
-1.31735258918214,6.30412211935764,3.29926638774483,3539.7362,2493,1569
-1.3377815383875,6.28954144899184,3.29365448254171,3539.76956666667,2493,1569
-2.47587362902057,5.76166649997917,3.21053054399021,3540.97076666667,2497,1570
-2.52545938344808,5.78349445305923,3.22938030294318,3541.00413333333,2497,1570
-2.56432115803423,5.78608765615119,3.2379813011537,3541.0375,2497,1570
2.31178878374992,2.30464441521908,0.709422481104628,3541.0375,2498,1571
2.31532891864691,2.30464919953522,0.711129629205839,3541.07086666667,2498,1571
2.31952514014662,2.30361402987789,0.712316840552316,3541.10423333333,2498,1571
2.32260911565964,2.30136343784973,0.713420239495335,3541.1376,2498,1571
2.32812365546585,2.30165942125199,0.714402902409729,3541.17096666667,2498,1571
2.65075636879933,2.09612337076586,0.569200357458289,3542.40553333333,2500,1572
2.65852165095662,2.09257314681926,0.569495987701642,3542.4389,2500,1572
2.6667807168299,2.088925351407,0.569356813655764,3542.47226666667,2500,1572
2.67010604348582,2.08551581941494,0.570880979389661,3542.50563333333,2500,1572
2.67528647864582,2.08298118730437,0.571357996234841,3542.539,2500,1572
2.85179439617519,1.92148586720228,0.490698479016174,3543.40653333333,2503,1572
2.86378899572326,1.915675522941,0.489160834353909,3543.4399,2503,1572
2.87154843026178,1.90754990310936,0.488347851457071,3543.47326666667,2503,1572
2.88343455248054,1.90064798829849,0.488286370564858,3543.50663333333,2503,1572
-3.92875589674331,4.91580366773868,3.10683766441252,3542.67246666667,2501,1573
-3.97905089984285,4.91582511822755,3.11946350819974,3542.7392,2502,1573
-3.95471614758903,4.91545569961534,3.13386721547482,3544.07386666667,2504,1574
-3.95491184068448,4.90851772746962,3.13038499250885,3544.10723333333,2504,1574
2.9988322031903,1.63865868133092,0.466891591805242,3544.541,2505,1575
2.99924561736503,1.62873491985698,0.468181317977348,3544.57436666667,2505,1575
3.00237907190244,1.61940933836874,0.468600011644363,3544.60773333333,2505,1575
2.99965680317446,1.6095747048734,0.470678152600081,3544.6411,2505,1575
3.00070677611359,1.60033337912544,0.471929048203188,3544.67446666667,2505,1575
3.00246995071659,1.59083412595362,0.473390779380419,3544.70783333333,2505,1575
2.91316986596802,1.32702031289592,0.477797919622522,3545.50863333333,2506,1575
2.90012385298719,1.31700482397627,0.481263017759158,3545.542,2506,1575
2.89046311419688,1.30758466005952,0.485161984246303,3545.57536666667,2506,1575
2.88189027103962,1.29801517791015,0.48968235640983,3545.60873333333,2506,1575
2.87194504217254,1.2896304086578,0.492486877938257,3545.6421,2506,1575
2.86148281476944,1.28080060163488,0.496068482386321,3545.67546666667,2506,1575
2.55299586029021,1.00750773080173,0.480259594514424,3546.50963333333,2507,1575
2.53917308977046,0.995847958921304,0.483507073365166,3546.543,2507,1575
2.52589834141257,0.983883061011152,0.486052205811103,3546.57636666667,2507,1575
2.5128617498729,0.972922975442214,0.48869877878957,3546.60973333333,2507,1575
2.50074514811404,0.961283015514679,0.491190370640906,3546.6431,2507,1575
2.48371289414274,0.950912552022745,0.491966918055202,3546.67646666667,2507,1575
2.10054281184943,0.726151889132504,0.506987105939186,3547.57736666667,2509,1575
2.08621900523488,0.726206659344246,0.510596891675781,3547.61073333333,2509,1575
2.06923042569877,0.725826125597655,0.514336105422566,3547.6441,2509,1575
2.05353624059188,0.724723633286134,0.516833224887293,3547.67746666667,2509,1575
2.03975244249819,0.722750411609402,0.519937719192238,3547.71083333333,2509,1575
2.02694664434903,0.7200898177836,0.522814656651532,3547.7442,2509,1575
2.01294333186665,0.718252902741031,0.5260242514737,3547.77756666667,2509,1575
1.57740003955577,0.693047954339495,0.570166094747236,3548.545,2511,1575
1.55993617288152,0.692783687200189,0.578657470317018,3548.57836666667,2511,1575
1.54456535989637,0.693156852791445,0.587750296853272,3548.61173333333,2511,1575
1.52806934329686,0.694499140830988,0.597372884771057,3548.6451,2511,1575
1.51231857839426,0.696101119500479,0.605408198934495,3548.67846666667,2511,1575
1.49577044688343,0.696984601808367,0.611788505876737,3548.71183333333,2511,1575
1.48049578402162,0.697473441570482,0.617690969634067,3548.7452,2511,1575
1.46568303740516,0.696783772353747,0.623089071333578,3548.77856666667,2511,1575
1.01696860334681,0.668097239383362,0.759137189094545,3549.57936666667,2512,1575
1.00160188606801,0.668840778685248,0.766834477673191,3549.61273333333,2512,1575
0.987246766709902,0.669939177752704,0.774519647013022,3549.6461,2512,1575
0.972199564275508,0.671664938568338,0.781764647734741,3549.67946666667,2512,1575
0.957498522070499,0.673546974974797,0.788342298704502,3549.71283333333,2512,1575
0.942028065148567,0.675523848948391,0.793756505909027,3549.7462,2512,1575
0.926504748820725,0.677675545952184,0.799022717134049,3549.77956666667,2512,1575
0.91223065804711,0.680610986297408,0.803202245343643,3549.81293333333,2512,1575
-4.1638325029667,3.6780874544926,2.4846855804837,3546.80993333333,2508,1576
-4.17221289550476,3.65657515299915,2.47372822791702,3546.8433,2508,1576
-4.17987927825343,3.63474130840611,2.46732726215389,3546.87666666667,2508,1576
-4.2022790977088,3.62319071994072,2.46341293542685,3546.91003333333,2508,1576
-4.45406410776917,2.69528220852342,2.04677514909427,3548.4449,2510,1577
-4.46114801487203,2.68004595517173,2.04169990506289,3548.47826666667,2510,1577
-4.46328249836798,2.66745950874605,2.03969750912975,3548.51163333333,2510,1577
-4.46319181919416,2.65647151222004,2.03574315902721,3548.545,2510,1577
-4.59273071855492,1.94316524930457,1.70044073440815,3550.41353333333,2513,1578
-4.5843326761737,1.93498029299103,1.69764943019873,3550.4469,2513,1578
-4.59218195975501,1.92500711304344,1.69794295176099,3550.48026666667,2513,1578
-4.58588631330603,1.91601983819297,1.69258000519061,3550.51363333333,2513,1578
0.203808328024703,0.585050342897033,0.880573051718934,3551.08086666667,2514,1579
0.185417936262052,0.582576592799534,0.887000801281774,3551.11423333333,2514,1579
0.166435902572098,0.580716114793356,0.893680734147013,3551.1476,2514,1579
0.148979206462182,0.579480243502408,0.899938119793646,3551.18096666667,2514,1579
0.131843109751929,0.578866052972484,0.906010460002564,3551.21433333333,2514,1579
0.117516208748675,0.578532092012811,0.910634017424348,3551.2477,2514,1579
0.103065313432454,0.57798762175814,0.915320017112164,3551.28106666667,2514,1579
0.0901161296495101,0.5769720620442,0.918948869518955,3551.31443333333,2514,1579
-4.85053845668085,1.03306413590171,1.54415919690436,3551.98176666667,2515,1580
-4.86789365613924,1.02026123709759,1.5448316440007,3552.01513333333,2515,1580
-0.585853956238511,0.396883442336387,0.972193680041114,3552.6491,2516,1581
-0.602674480660478,0.393591421755632,0.97812719413976,3552.68246666667,2516,1581
-0.618039338353942,0.391167429111357,0.983991136830277,3552.71583333333,2516,1581
-0.635538884515721,0.387346688013473,0.990592050333262,3552.7492,2516,1581
-0.650560737771993,0.38478253852745,0.997417907123635,3552.78256666667,2516,1581
-0.666259640082338,0.382413979141888,1.00267743075984,3552.81593333333,2516,1581
-5.18844924463103,0.344374607081577,1.37030625494324,3553.38316666667,2517,1582
-1.36337246285968,0.304675429747254,1.19826580613424,3554.08386666667,2518,1583
-1.37937211784137,0.303104750056298,1.20349925752075,3554.11723333333,2518,1583
-1.39643215044667,0.302238090746259,1.2083764033114,3554.1506,2518,1583
-1.4137703758553,0.301511180345419,1.21336408927898,3554.18396666667,2518,1583
-2.00896880753901,0.31660998725323,1.35127402552801,3555.0515,2519,1583
-2.03615303775364,0.319819817315248,1.35737281449632,3555.08486666667,2519,1583
-2.06325235565965,0.325269476615389,1.36217333963698,3555.11823333333,2519,1583
-2.08689605147877,0.327904746862917,1.36671661720967,3555.1516,2519,1583
-4.59732408386093,0.919321502087844,1.40083912503557,3558.62173333333,2520,1584
-5.10353256820445,-1.96423246501071,1.29476452837111,3561.02413333333,2521,1585
-5.09420552207974,-1.97049877535726,1.2938702317317,3561.0575,2521,1585
6.67571667473447,-1.04066818499308,4.03024858662811,3561.4579,2522,1586
6.65892797628267,-1.03257862346605,4.02413592964946,3561.49126666667,2522,1586
-4.66968461698296,-2.52899652705913,1.17693339872276,3562.8593,2523,1587
4.87328609399839,-0.647226613847351,3.30603113813544,3565.562,2524,1588
4.87462974731093,-0.665065846690777,3.31942658414477,3565.59536666667,2524,1588
4.54420977096982,-1.47481736868088,3.36081167285807,3566.7632,2525,1589
4.52961525204475,-1.4917398300071,3.35879209488395,3566.79656666667,2525,1589
-2.87761935830241,3.10175389000471,4.4071223843526,3578.00776666667,2526,1590
-4.65454627400639,2.6778037662478,2.71053929660689,3582.31206666667,2527,1591
-4.68507032232548,2.67593952398895,2.70381375825828,3582.34543333333,2527,1591
-4.70975638066073,2.67622307018488,2.69692666539179,3582.3788,2527,1591
-2.52608839263917,1.61074510761996,1.23682794572362,3589.51926666667,2528,1592
-2.5222518491185,1.62829450241084,1.22764498198135,3589.55263333333,2528,1592
-2.37205560102248,1.82470739386182,0.859536488003163,3593.82356666667,2529,1593
-2.37407046111232,1.81164951563778,0.858596772522056,3593.85693333333,2529,1593
-2.37876014721389,1.8079678651924,0.853046831580225,3593.8903,2529,1593
-2.38360085643176,1.8127163498085,0.850476827559968,3593.92366666667,2529,1593
-2.4577878515296,1.21376793756669,0.825228067644178,3596.65973333333,2530,1594
-2.46129481452896,1.18939561636895,0.823807012386234,3596.6931,2530,1594
-2.46130514110876,1.16737185566696,0.823902898897653,3596.72646666667,2530,1594
5.48175164591342,-2.72426372719112,5.2459334834588,3604.7011,2531,1595
4.86072061163039,-2.54193636616511,5.7853428840913,3609.5059,2532,1596
-2.87350193029318,-0.312629609623756,1.08756833949171,3617.44716666667,2533,1597
-2.86023209861592,-0.304049331242248,1.09655228455521,3617.48053333333,2533,1597
-2.86327131294405,-0.302364111727906,1.10940039501391,3617.5139,2533,1597
-2.86442051491998,-0.299435375445221,1.12049778447724,3617.54726666667,2533,1597
-2.70511052381926,-0.301778692966065,1.26202041355865,3618.3147,2534,1597
-2.69451738196295,-0.301628433567182,1.27099428047828,3618.34806666667,2534,1597
-2.68608735593983,-0.301846776878922,1.27919025210601,3618.38143333333,2534,1597
-2.68124342295135,-0.302755784033208,1.28967147311085,3618.4148,2534,1597
-2.30751805208863,-0.0155478277139234,1.23566692265248,3619.3157,2535,1597
-2.29443307398328,0.00398222982954433,1.2293846327226,3619.34906666667,2535,1597
-2.28090723741802,0.0241391220600076,1.22346893678255,3619.38243333333,2535,1597
-2.27030143904288,0.0404069782864772,1.21735763927766,3619.4158,2535,1597
-1.99009400260128,0.488408121431194,1.06649073355296,3620.35006666667,2536,1597
-1.9807883808322,0.498968907563664,1.06269301192307,3620.38343333333,2536,1597
-1.96943018205457,0.511883817858134,1.05929345680004,3620.4168,2536,1597
-1.961595286147,0.523231893972869,1.05746444662707,3620.45016666667,2536,1597
-1.9487927456635,0.539264919018052,1.05556252493232,3620.48353333333,2536,1597
-1.57073489026635,0.803117855937093,0.882600469027356,3621.48453333333,2537,1598
-1.56283262988993,0.811380011210764,0.877870101623284,3621.5179,2537,1598
-1.55483998774392,0.820071744590096,0.874746177622223,3621.55126666667,2537,1598
-1.55048110233328,0.828090390899953,0.872333363952736,3621.58463333333,2537,1598
-1.54558547923312,0.83528768770629,0.869798946738659,3621.618,2537,1598
-1.54107676135493,0.84400139524148,0.867486288270119,3621.65136666667,2537,1598
-1.10408733507107,1.02016481016735,0.726184460565643,3622.58563333333,2539,1598
-1.08597722646383,1.02205505194894,0.722442960493223,3622.619,2539,1598
-1.06847883822496,1.02432285089591,0.718555618677605,3622.65236666667,2539,1598
-1.04890795868833,1.02743181452316,0.715778503929583,3622.68573333333,2539,1598
-1.03030995537033,1.03007601068679,0.714343792416713,3622.7191,2539,1598
-1.00902892174987,1.03323803545999,0.713522207517925,3622.75246666667,2539,1598
-0.429651742501021,0.983409865601213,0.629364389157392,3623.65336666667,2542,1598
-0.402221074673894,0.982558853766793,0.622527352373933,3623.68673333333,2542,1598
-0.373363549591961,0.983263893186938,0.615368903825929,3623.7201,2542,1598
-0.344201528202554,0.983507998606141,0.608465397540593,3623.75346666667,2542,1598
-0.315798574583017,0.984174498515895,0.603536077376897,3623.78683333333,2542,1598
-0.287806477319778,0.984917000728341,0.598308129474285,3623.8202,2542,1598
0.3415816867613,1.07934899431121,0.302158228497465,3624.58763333333,2544,1598
0.359888869325933,1.08579884610315,0.294854304354416,3624.621,2544,1598
0.383346413031055,1.09504138910801,0.285733474616069,3624.65436666667,2544,1598
0.406083540860323,1.10445795171711,0.277307974751685,3624.68773333333,2544,1598
0.428934096741895,1.11255558817196,0.271509875780494,3624.7211,2544,1598
0.449230203738164,1.11857055053018,0.270554802562191,3624.75446666667,2544,1598
0.825780031762705,1.27003886927071,0.199291833834585,3625.55526666667,2545,1598
0.842019216154133,1.27772117274423,0.198084660127119,3625.58863333333,2545,1598
0.856933685839473,1.28556791905456,0.197234801870765,3625.622,2545,1598
0.871795847911875,1.2926445150105,0.197783215655775,3625.65536666667,2545,1598
0.886439043969657,1.29918433294516,0.19992179730536,3625.68873333333,2545,1598
0.900360072777336,1.30531425672315,0.203274383452846,3625.7221,2545,1598
1.29859499145579,1.48700151150843,0.186149038890056,3626.45616666667,2546,1598
1.31546747476852,1.49175079469128,0.186651182642823,3626.48953333333,2546,1598
1.33356167202958,1.49731322599318,0.18768485255731,3626.5229,2546,1598
1.35281544004977,1.50517092948137,0.189715677691412,3626.55626666667,2546,1598
1.37152877570582,1.51288558960524,0.193610214606229,3626.58963333333,2546,1598
1.79057500686573,1.73096184973535,0.273975661132514,3627.49053333333,2548,1598
1.80474449438845,1.73653023884507,0.275180431931718,3627.5239,2548,1598
1.81851098201695,1.74169684982658,0.27632085221978,3627.55726666667,2548,1598
1.83097719241548,1.74619786010717,0.278794633021311,3627.59063333333,2548,1598
1.84399992656792,1.75321760967853,0.283060318190437,3627.624,2548,1598
3.07835194604705,7.66337615353999,2.31824657917012,3621.65136666667,2538,1599
2.98516473860326,7.54982969704586,2.27822534651951,3621.68473333333,2538,1599
1.48217866186418,7.05752466808642,1.86479096773363,3622.78583333333,2540,1600
1.3883318794164,6.9060624559243,1.84037577969704,3622.85256666667,2541,1600
1.36585263185815,6.93783359204704,1.85015077568062,3622.88593333333,2541,1600
0.84809750957763,6.63155055866044,1.78644509199212,3623.8202,2543,1600
0.830853078892834,6.59386251143061,1.77628898527619,3623.85356666667,2543,1600
0.822852582013811,6.61061595707783,1.7825668807946,3623.88693333333,2543,1600
-1.24401420952257,6.35605855848481,2.25117498183085,3626.99003333333,2547,1601
-1.2493657513272,6.34063580099603,2.25669576328755,3627.0234,2547,1601
-1.25206542554644,6.32566817879562,2.26466436631427,3627.05676666667,2547,1601
-1.25776238931422,6.31054039432302,2.27125138574345,3627.09013333333,2547,1601
-1.43711545802849,5.69976524839837,2.52877143275194,3628.0244,2549,1601
-1.43578763908146,5.67577703906929,2.54072169270432,3628.05776666667,2549,1601
-1.44346330002241,5.67196050708864,2.5612168528879,3628.09113333333,2549,1601
-1.45378650116484,5.67955620781714,2.58565067198957,3628.1245,2549,1601
-1.44900013371009,5.65474408325424,2.59968440518788,3628.15786666667,2549,1601
-1.73299697147075,4.56431884822528,3.0514719691237,3630.25996666667,2550,1602
-1.76304276947542,4.55257857506526,3.05259953586937,3630.29333333333,2550,1602
-1.78326528070492,4.53512534233384,3.04672141880469,3630.3267,2550,1602
-1.80390254171341,4.52002852492644,3.039678568317,3630.36006666667,2550,1602
-1.82273017352035,4.49286559190221,3.02545118148708,3630.39343333333,2550,1602
-1.84752336745858,4.48868793352165,3.02200337403359,3630.4268,2550,1602
-2.52537686309142,4.00089183572353,2.87313059280427,3631.5279,2551,1603
-2.52115025661501,3.99239749909655,2.88370079725279,3631.56126666667,2551,1603
-2.5174939639913,3.98665800538904,2.89639383315223,3631.59463333333,2551,1603
1.86368668499677,1.79128827843169,0.319078134405698,3632.99603333333,2552,1604
1.86328382468036,1.79134366954688,0.318836064245452,3633.0294,2552,1604
1.86226994028719,1.79224707885954,0.320146002242386,3636.2326,2553,1605
-0.721034036636855,1.64252053777667,0.326006880993833,3636.8332,2554,1606
-0.720641566962944,1.64335190416549,0.326107546020455,3636.86656666667,2554,1606
1.84088283671786,1.80424437037445,0.377334063021553,3637.634,2555,1607
1.8332879135037,1.80685754134815,0.381261954576313,3637.66736666667,2555,1607
1.827293973566,1.80874166094615,0.385077705162884,3637.70073333333,2555,1607
1.82506424489024,1.81095660723871,0.38921303022806,3637.7341,2555,1607
1.82452442694536,1.81501750916447,0.393177779945882,3637.76746666667,2555,1607
1.79618136977791,1.86738575186904,0.428742883877549,3638.5349,2556,1607
1.79457145383818,1.86856523152584,0.433110988957648,3638.56826666667,2556,1607
1.79220484625712,1.86938895315468,0.436948846701398,3638.60163333333,2556,1607
1.78929952068153,1.86988496586527,0.442331262339201,3638.635,2556,1607
1.78717233611121,1.87089485173065,0.447432806900533,3638.66836666667,2556,1607
1.78296647404409,1.87213555254195,0.452553520838554,3638.70173333333,2556,1607
1.6731867352203,1.92351421345018,0.468016942012435,3639.46916666667,2557,1607
1.66975147155997,1.92328834672296,0.467206010287548,3639.50253333333,2557,1607
1.66729831097049,1.92336772837176,0.466863828103551,3639.5359,2557,1607
1.66326779573917,1.92374371817975,0.466405655281874,3639.56926666667,2557,1607
1.65882454674488,1.92434354244972,0.467439693585243,3639.60263333333,2557,1607
1.65377336831667,1.92616939007261,0.46891689477226,3639.636,2557,1607
1.6484665615555,1.9275417365351,0.473364849703012,3639.66936666667,2557,1607
1.49612784123959,1.93145464567657,0.468313737610747,3640.47016666667,2558,1607
1.48932948779404,1.93009223332346,0.468413937887238,3640.50353333333,2558,1607
1.48401083014285,1.92764236871613,0.467724428291729,3640.5369,2558,1607
1.47783800621437,1.92437713213114,0.467223373804198,3640.57026666667,2558,1607
1.47302634641328,1.92140419825605,0.467061955927534,3640.60363333333,2558,1607
1.46832980756856,1.91909642726887,0.468251098201192,3640.637,2558,1607
1.46120523637197,1.91580510287586,0.471850091089504,3640.67036666667,2558,1607
1.45520398597135,1.91351909438942,0.474147744292964,3640.70373333333,2558,1607
1.18446354802816,1.84118717057418,0.520428692074064,3641.60463333333,2559,1607
1.17445723280151,1.84195762931256,0.523581268416855,3641.638,2559,1607
1.16434909032869,1.84269281364722,0.527514134162932,3641.67136666667,2559,1607
1.15421142573752,1.84323414541017,0.532105057894915,3641.70473333333,2559,1607
1.14461953002745,1.84420359009104,0.537127576698797,3641.7381,2559,1607
1.13412156875067,1.84522003645561,0.543299666462937,3641.77146666667,2559,1607
1.12377997152427,1.84668103852307,0.549566064938174,3641.80483333333,2559,1607
1.1125026488176,1.84716679118794,0.555728244981692,3641.8382,2559,1607
0.824332115925703,1.90228135395013,0.640456792859576,3642.60563333333,2560,1607
0.816608540181494,1.9032608054594,0.64286698509104,3642.639,2560,1607
0.807569299689733,1.90369105911219,0.646089889495118,3642.67236666667,2560,1607
0.797698426403394,1.90381125693386,0.649768502052884,3642.70573333333,2560,1607
0.788097886585486,1.90271852382223,0.653783907740892,3642.7391,2560,1607
0.777715376596927,1.90209727127989,0.658319497124014,3642.77246666667,2560,1607
0.76700265292454,1.90232886028559,0.663173949362861,3642.80583333333,2560,1607
0.757394708322437,1.90329466515281,0.667470302426656,3642.8392,2560,1607
0.747185300208285,1.90743573465023,0.673149401056945,3642.87256666667,2560,1607
0.186931684776732,1.69083222195405,0.746613857676393,3648.41143333333,2561,1608
0.182201793771006,1.68278529124899,0.748412348887606,3648.4448,2561,1608
0.17834871344261,1.67473944395299,0.75031470361073,3648.47816666667,2561,1608
0.174554889498295,1.6652238298441,0.752337186740743,3648.51153333333,2561,1608
0.17159822455542,1.6572867970144,0.755160168112531,3648.5449,2561,1608
0.168071356741551,1.64959275942444,0.757411856543905,3648.57826666667,2561,1608
0.164350675570121,1.64340322738493,0.759632719755541,3648.61163333333,2561,1608
-0.12979318924907,1.41674455952741,0.722545065330212,3649.61263333333,2562,1609
-0.136695001890711,1.41198544613396,0.72221613500186,3649.646,2562,1609
-0.141385886876356,1.40810818252124,0.722553475073365,3649.67936666667,2562,1609
-0.145617124785893,1.40526442022834,0.721997245454039,3649.71273333333,2562,1609
-0.149446654647268,1.40130920399794,0.721884652493243,3649.7461,2562,1609
-0.154008747657931,1.39902238704395,0.722325538167165,3649.77946666667,2562,1609
-0.470911890769503,1.16774887786137,0.586493940307385,3650.78046666667,2563,1610
-0.481114063558868,1.16236720731556,0.584152291041497,3650.81383333333,2563,1610
-0.492022247811117,1.15698577257264,0.58150953185063,3650.8472,2563,1610
-0.501037513532828,1.15309026877778,0.578605575109037,3650.88056666667,2563,1610
-0.507790432696606,1.1496094306309,0.576549091320161,3650.91393333333,2563,1610
-0.513421002673117,1.14414114624039,0.576711362952258,3650.9473,2563,1610
-0.677076496652472,0.872016343625588,0.606891228222673,3651.8482,2564,1610
-0.682491668354897,0.859204052784128,0.610424348592901,3651.88156666667,2564,1610
-0.689228128394393,0.845414999843813,0.614481021871505,3651.91493333333,2564,1610
-0.695565259210953,0.832656272597322,0.619129727177374,3651.9483,2564,1610
-0.90077380393558,0.474996245976317,0.694784967205083,3652.88256666667,2565,1610
-0.912390884155997,0.461422720524436,0.701502540903978,3652.91593333333,2565,1610
-0.922431004655531,0.448303581203733,0.708189398006208,3652.9493,2565,1610
-0.932007812737557,0.435819000686409,0.715409803563033,3652.98266666667,2565,1610
-1.17547078608528,0.153479607435376,0.748731092469072,3653.88356666667,2566,1610
-1.3953824697566,-0.100328016765116,0.896339329357481,3654.8512,2567,1610
-1.40211108344147,-0.106570507461453,0.90386950187499,3654.88456666667,2567,1610
-1.41279965255802,-0.113338101874494,0.910672256889562,3654.91793333333,2567,1610
-1.842283859495,-0.460463392073323,1.01722201513916,3657.02003333333,2568,1611
-1.85750094351332,-0.462765551905052,1.01538269651888,3657.0534,2568,1611
-1.86418344216414,-0.460644832580986,1.0128640389959,3657.08676666667,2568,1611
-2.37339107700295,-2.04787758230135,4.41114251399429,3658.655,2569,1612
-2.3338663706408,-2.02736630983522,4.39712732722285,3658.68836666667,2569,1612
-2.30240687309896,-2.01123775437739,4.38883149102128,3658.72173333333,2569,1612
-2.2694364130486,-1.99132692782123,4.38030379199101,3658.7551,2569,1612
-2.23497635781452,-1.96987208284812,4.36882608545784,3658.78846666667,2569,1612
-5.53460974727136,-2.13531123683953,2.14773997154504,3658.68836666667,2570,1613
-5.48215799720878,-2.13535634192845,2.14670502247664,3658.72173333333,2570,1613
-4.4355350250625,-1.84374039989402,2.17826051442848,3659.5559,2571,1614
-4.40624568647391,-1.82257695290294,2.18136977309081,3659.58926666667,2571,1614
-4.37081195073571,-1.79814699952332,2.18340121557714,3659.62263333333,2571,1614
-1.2100681099345,-1.31245930302482,4.06481973241347,3659.8562,2572,1615
-1.18157529829284,-1.29198569910097,4.06244463135962,3659.88956666667,2572,1615
-1.15345711389595,-1.26857486814384,4.05398225317405,3659.92293333333,2572,1615
-1.12680963771812,-1.24804722133477,4.04755501634939,3659.9563,2572,1615
-1.09841265534195,-1.22872628069569,4.03684805542048,3659.98966666667,2572,1615
-3.40952925541217,-1.10195548602573,2.25875430363608,3660.49016666667,2573,1616
-3.36544607046717,-1.08319222903008,2.26224202396719,3660.52353333333,2573,1616
-3.31967624440528,-1.06427591729817,2.26933278035435,3660.5569,2573,1616
-3.27072135082228,-1.04171873236742,2.27401044609932,3660.59026666667,2573,1616
-1.36774687752926,-1.36844351971517,1.19116513369163,3661.22423333333,2574,1617
-1.3569705894121,-1.38352111006289,1.19220719965576,3661.2576,2574,1617
-1.34564661989053,-1.3965743434735,1.19474961150533,3661.29096666667,2574,1617
-2.33338383908402,-0.621114399654608,2.47804354255464,3661.29096666667,2575,1618
-2.29372677786274,-0.614556606988653,2.48838418387128,3661.32433333333,2575,1618
-2.25174934387099,-0.60874537024654,2.49937745588758,3661.3577,2575,1618
-2.20927894563848,-0.603394111177252,2.50772982074287,3661.39106666667,2575,1618
-2.16502825850123,-0.595525913163674,2.51486031024201,3661.42443333333,2575,1618
0.191824084795033,-0.282888989935084,3.45371105985065,3661.39106666667,2576,1619
0.21999672660168,-0.260818225348423,3.44751570278727,3661.42443333333,2576,1619
0.248306547096551,-0.237180528921231,3.4399693705008,3661.4578,2576,1619
0.276291287227723,-0.213056857420906,3.42940897705493,3661.49116666667,2576,1619
0.303136599667384,-0.191376862366613,3.42191330536135,3661.52453333333,2576,1619
0.331991176359958,-0.168382505217296,3.41246537489222,3661.5579,2576,1619
-1.01243596709544,-0.167507197576764,2.76179957882104,3662.29196666667,2577,1620
-0.971962087018032,-0.157330445700245,2.77898806539801,3662.32533333333,2577,1620
-0.932959027815708,-0.147607275873162,2.79741055417534,3662.3587,2577,1620
-0.893084311419268,-0.136648430482467,2.81556347149559,3662.39206666667,2577,1620
-0.853017982471337,-0.124381177189883,2.8330491135778,3662.42543333333,2577,1620
-0.815853328584153,-0.111590419239107,2.84948161343907,3662.4588,2577,1620
1.01598015949032,0.540248992516812,3.07711656276713,3662.52553333333,2578,1621
1.0416590816921,0.562909125913828,3.07197583690326,3662.5589,2578,1621
1.06572448753252,0.585435377709514,3.06829072147023,3662.59226666667,2578,1621
1.08779015813889,0.598279283654978,3.0784495468582,3662.62563333333,2578,1621
1.10805266141947,0.637125922270604,3.05417150927058,3662.659,2578,1621
1.1291159186371,0.661726999259458,3.04726647270874,3662.69236666667,2578,1621
0.153865653320857,0.356217989022934,3.2288658475156,3663.2596,2579,1622
0.187551072383471,0.371777101095212,3.24573977413762,3663.29296666667,2579,1622
0.225491687767716,0.391611642238353,3.25797907663052,3663.32633333333,2579,1622
0.264972592338758,0.411019138837496,3.27234886934104,3663.3597,2579,1622
0.302635031385367,0.429474304591292,3.28593421993161,3663.39306666667,2579,1622
0.339184726670123,0.447050268629765,3.30324044327756,3663.42643333333,2579,1622
1.96043062207977,1.84368790305037,2.46211409226425,3663.9603,2580,1623
1.97534013458314,1.87444953524224,2.45141464602252,3663.99366666667,2580,1623
1.99168067444698,1.9067236690353,2.44118581153763,3664.02703333333,2580,1623
2.00713265214021,1.94067908357636,2.4295864880299,3664.0604,2580,1623
2.02187077869824,1.97363417654469,2.41820163078241,3664.09376666667,2580,1623
2.03583689533398,2.00503459089878,2.40792036982049,3664.12713333333,2580,1623
2.04841696817092,2.03337337335602,2.39873828273726,3664.1605,2580,1623
1.11457074663347,1.57211788130915,3.77114333518473,3664.62763333333,2581,1624
1.13600760761468,1.59882071326754,3.78212608234737,3664.661,2581,1624
1.15949411784553,1.62695255774968,3.79406258447315,3664.69436666667,2581,1624
1.18314274611019,1.65582154194748,3.8074091669697,3664.72773333333,2581,1624
1.20884575140807,1.6852059766132,3.81783552475335,3664.7611,2581,1624
1.23501852025738,1.71199419621442,3.83020726778441,3664.79446666667,2581,1624
1.26235808406353,1.73945634195363,3.84627264070876,3664.82783333333,2581,1624
-0.728680666745655,-1.19719327118396,0.928167975817971,3664.72773333333,2582,1625
-0.704454302422207,-1.17285771961599,0.920578016907999,3664.7611,2582,1625
-0.683867888357705,-1.156246840873,0.914611139589617,3664.79446666667,2582,1625
-0.656349496992107,-1.13089060817985,0.908143419307871,3664.82783333333,2582,1625
2.45542854570527,3.03143835909086,2.08822545551617,3665.19486666667,2583,1626
2.46666277787336,3.06417428968871,2.0816924557374,3665.22823333333,2583,1626
2.47444041289208,3.09776044674586,2.07448791184705,3665.2616,2583,1626
2.48718396818223,3.1314586373785,2.07041414709407,3665.29496666667,2583,1626
2.49813580998303,3.1627712000771,2.06497923012355,3665.32833333333,2583,1626
2.50777843734604,3.19272002504352,2.05956894955961,3665.3617,2583,1626
1.85882692056511,2.49290361577388,4.21892456455361,3665.7621,2584,1627
1.87782093927766,2.51238522891761,4.2360478708728,3665.79546666667,2584,1627
1.89678173545884,2.53248873025335,4.25256799253925,3665.82883333333,2584,1627
1.9160757321218,2.55205051140716,4.26826716632991,3665.8622,2584,1627
1.93717987369537,2.57262381410567,4.28936327758104,3665.89556666667,2584,1627
0.167494378615357,-0.444093295397591,0.713440554580235,3665.82883333333,2585,1628
0.19702028951172,-0.422989832143636,0.707441020016946,3665.8622,2585,1628
0.225972489608065,-0.403804082382032,0.701433204641317,3665.89556666667,2585,1628
0.258044438077336,-0.373704746419994,0.695368706943035,3665.92893333333,2585,1628
0.287717288160023,-0.350912695274304,0.689437739174695,3665.9623,2585,1628
2.57343379806399,3.92097490357493,1.80005507888857,3666.39606666667,2586,1629
2.57922397952958,3.94657070880821,1.79439337066406,3666.42943333333,2586,1629
2.57837523618321,3.96849395311931,1.78632468995534,3666.4628,2586,1629
2.58052864266953,3.99194546689222,1.77749073233122,3666.49616666667,2586,1629
2.5829623161389,4.01401416791383,1.7681029706803,3666.52953333333,2586,1629
3.1451152789958,3.07611048571993,4.45696135024463,3667.09676666667,2587,1630
3.18434780951373,3.0698153351594,4.47281600335097,3667.13013333333,2587,1630
3.21383236830647,3.06093159749778,4.48174317026419,3667.1635,2587,1630
3.24865814738528,3.05131116984078,4.49872768164683,3667.19686666667,2587,1630
1.38215028332483,0.824134219433282,0.642185593426461,3667.69736666667,2588,1631
1.39742710086125,0.845964166000903,0.64742601842403,3667.73073333333,2588,1631
1.41274248003611,0.867020506533823,0.652184938865518,3667.7641,2588,1631
1.42690017557457,0.887567900849123,0.65598879821209,3667.79746666667,2588,1631
1.44281907824894,0.908178775023854,0.659546194652772,3667.83083333333,2588,1631
1.45960419773933,0.92884255079497,0.662051014084459,3667.8642,2588,1631
1.47138050599745,0.947203324266142,0.66391032835465,3667.89756666667,2588,1631
4.28613602361941,2.85999458369012,4.4440658067492,3668.33133333333,2589,1632
4.31614817703341,2.83321533251256,4.44505391110695,3668.3647,2589,1632
4.34355339315879,2.80375734310236,4.44540960631671,3668.39806666667,2589,1632
3.17563114312075,5.27115440133922,1.3782298003954,3668.7651,2590,1633
3.20404225090056,5.31410955209936,1.37338697729887,3668.79846666667,2590,1633
2.02597889008662,1.97125516608201,0.653393009758562,3669.03203333333,2591,1634
2.03137878885319,2.00022794192304,0.657124028076143,3669.0654,2591,1634
2.03814471091952,2.03105324059106,0.66238088567481,3669.09876666667,2591,1634
2.04329910150553,2.0598183819895,0.667428544704761,3669.13213333333,2591,1634
2.04688421223358,2.08908620690336,0.672139744481043,3669.1655,2591,1634
2.05176598737746,2.11829306417197,0.677027397082337,3669.19886666667,2591,1634
2.05865983872168,2.14437176993927,0.68012009390231,3669.23223333333,2591,1634
2.25331176552651,2.7916217177304,0.708411379521385,3670.1665,2592,1634
2.2566958323581,2.8108490303229,0.711640233312507,3670.19986666667,2592,1634
2.2633741001055,2.83095959687683,0.715119568244486,3670.23323333333,2592,1634
2.27158515307429,2.85113503014507,0.718603834000653,3670.2666,2592,1634
2.34224608116325,3.41909993253077,0.661021915538697,3671.10076666667,2593,1634
2.34744190739059,3.43878708129306,0.657866612682364,3671.13413333333,2593,1634
2.35142104570317,3.4554810871523,0.655802279821832,3671.1675,2593,1634
2.3591158301929,3.4741873643181,0.652734795963871,3671.20086666667,2593,1634
1.71395845393092,0.74551666119352,4.10230845340569,3671.4678,2594,1635
1.67733396502882,0.768761075214577,4.10179346857153,3671.50116666667,2594,1635
2.35931196078378,4.02230103448613,0.663352559903251,3672.30196666667,2595,1636
2.3597052975683,4.03819714845732,0.664548292980488,3672.33533333333,2595,1636
2.2833799225692,4.21592470589677,0.741935836409533,3672.8692,2596,1636
2.28407583336884,4.23653261519466,0.747822864450809,3672.90256666667,2596,1636
2.27997372606132,4.25245564424593,0.753349492410097,3672.93593333333,2596,1636
2.27919650845063,4.27397416646419,0.759955781419395,3672.9693,2596,1636
2.27187664712662,4.28710151928832,0.766357792593251,3673.00266666667,2596,1636
2.31435287987104,4.76752706941565,0.868964801187428,3673.90356666667,2599,1636
2.31953868461469,4.79112699864939,0.871703706821315,3673.93693333333,2599,1636
2.32359579872609,4.81566594150757,0.875334539172142,3673.9703,2599,1636
2.23218378101526,5.52085367809001,0.825377086201838,3674.93793333333,2603,1636
2.22216570329043,5.5234519844365,0.830172957084172,3674.9713,2603,1636
1.98069639701763,5.70977532556023,0.873651568556147,3675.70536666667,2604,1636
1.96926087802723,5.72332983915988,0.878565442519757,3675.73873333333,2604,1636
1.9595289334657,5.74119846447412,0.882762326973619,3675.7721,2604,1636
-3.64458388751483,0.41417323906259,1.32836315747124,3672.8692,2597,1637
-3.61918413062242,0.422668852110109,1.32380860835076,3672.90256666667,2597,1637
-3.59322170317102,0.431646270475888,1.32002691098032,3672.93593333333,2597,1637
3.65338827386321,6.7122996992461,1.20048421809091,3673.0694,2598,1638
3.67090427846857,6.72435178670214,1.20529907860204,3673.10276666667,2598,1638
3.66689424901877,6.70455552041953,1.20930464484865,3673.13613333333,2598,1638
3.65620739651402,6.67154587856919,1.20677390009145,3673.1695,2598,1638
-2.83315784413848,0.645474860993569,1.06751536978989,3673.93693333333,2600,1639
-2.8055782906829,0.651284715629078,1.05638784002427,3673.9703,2600,1639
-2.78250044451018,0.654442172209829,1.04663478956688,3674.00366666667,2600,1639
-2.34131336650415,0.701621131198485,0.825665976762981,3674.7711,2601,1639
4.69902123906918,2.52662954163262,4.44448773713151,3674.7711,2602,1640
4.28366254077435,1.99853217651398,4.44356765065533,3676.13913333333,2605,1641
4.27221270414793,2.02348965791647,4.44259667282309,3676.1725,2605,1641
4.25855288200952,2.0491109337305,4.44226864418441,3676.20586666667,2605,1641
4.23024411441536,2.07409510218976,4.42415367840206,3676.23923333333,2605,1641
4.23469793495363,2.10193944186789,4.43859095090665,3676.2726,2605,1641
1.65601322363706,6.05709490071446,0.855020345369723,3676.83983333333,2606,1642
1.29186248628182,5.9957355567555,0.997672498141696,3677.80746666667,2608,1642
1.29720385294877,6.03630302136151,1.00563654705408,3677.84083333333,2608,1642
4.31842141708346,3.16965962513821,4.13049096591373,3677.3737,2607,1643
3.87397764968093,3.79234806589157,3.88263910212138,3678.70836666667,2609,1644
1.34997716583746,5.84786366538565,1.21026732600073,3678.90856666667,2610,1645
1.35770859850509,5.81013647699497,1.21663712106396,3678.94193333333,2610,1645
1.37076129004002,5.79829378419483,1.22386510593534,3678.9753,2610,1645
1.38761846327251,5.79864837346283,1.23274571593638,3679.00866666667,2610,1645
1.42053439220324,5.44161545133625,1.30182424633775,3679.8762,2611,1645
1.41889416474688,5.4069749192689,1.30108672012013,3679.90956666667,2611,1645
1.42779697037402,5.40754455767371,1.30389535381689,3679.94293333333,2611,1645
1.43470901042626,5.38912046934399,1.30463274633033,3679.9763,2611,1645
3.15182488748328,4.75851409178674,2.60577097752845,3680.64363333333,2612,1646
3.1556381513144,4.78636260875229,2.58222858851311,3680.677,2612,1646
3.15327665398302,4.80689247894786,2.55588653425513,3680.71036666667,2612,1646
3.15462238325823,4.83530191677851,2.53302533787779,3680.74373333333,2612,1646
1.53958170012046,4.27421685243219,1.10290071976258,3681.5779,2613,1647
1.56334325028573,4.24919311664658,1.09853479251884,3681.61126666667,2613,1647
1.58933587708784,4.22893024847022,1.09544842313262,3681.64463333333,2613,1647
1.61083882580605,4.19951335471232,1.09026132409678,3681.678,2613,1647
1.63239062733143,4.17571453052889,1.0871472039731,3681.71136666667,2613,1647
1.65921290446954,4.16589965212347,1.08630635642964,3681.74473333333,2613,1647
2.10261340782464,3.45820784870078,0.866725974402138,3682.64563333333,2615,1647
2.11778925582627,3.43311045051031,0.862588031827606,3682.679,2615,1647
2.1395682475812,3.41293476993613,0.857184525528139,3682.71236666667,2615,1647
2.16137893348522,3.39242095533227,0.851191183734619,3682.74573333333,2615,1647
2.18275344133417,3.37295216419611,0.844577742437808,3682.7791,2615,1647
2.20564822048308,3.35788962110529,0.838413930777159,3682.81246666667,2615,1647
2.22902947701697,3.34123468221269,0.832091517609605,3682.84583333333,2615,1647
3.26809492271573,5.78113834303908,1.70157408149043,3681.678,2614,1648
3.26830206767243,5.81624564817081,1.67633458491607,3681.71136666667,2614,1648
3.26995586572005,5.85392045095007,1.653148530995,3681.74473333333,2614,1648
2.46670782665751,2.50215208268928,0.581248606771005,3683.94693333333,2616,1649
2.46503804344211,2.47629968974471,0.574486616628138,3683.9803,2616,1649
2.46004611543703,2.45097696698503,0.569069553828796,3684.01366666667,2616,1649
2.45907334638741,2.42559705100651,0.564547499279139,3684.04703333333,2616,1649
2.45613336204309,2.402549626938,0.562012279402899,3684.0804,2616,1649
2.45786282175328,2.38064484389758,0.56125035167687,3684.11376666667,2616,1649
2.06100397620941,1.95382509355536,0.431601477083733,3685.14813333333,2617,1650
2.05090945170288,1.9459422379782,0.430047229134357,3685.1815,2617,1650
2.04429188210062,1.93862495528512,0.42820557587149,3685.21486666667,2617,1650
2.04163484826072,1.93200119686418,0.426861239060595,3685.24823333333,2617,1650
2.04276349247867,1.92429094075829,0.426527192787422,3685.2816,2617,1650
2.04561596608244,1.9157454915081,0.425950946012036,3685.31496666667,2617,1650
2.04890394147186,1.90702292595303,0.425747574035575,3685.34833333333,2617,1650
1.86858849992403,7.16083716589683,1.42206489996827,3685.7821,2618,1651
2.02772897360154,6.33858465170663,1.64378810510545,3689.85283333333,2619,1652
2.06335021921427,6.37995163562253,1.66561944013638,3689.8862,2619,1652
2.07251502358835,6.35415385990683,1.67580297197067,3689.91956666667,2619,1652
1.98421205606147,1.7373808156354,0.325619734831029,3690.3867,2620,1653
2.08843876710793,5.19633259799422,1.75682902594177,3691.0874,2621,1654
2.09955210218899,5.17813500492092,1.75960612225312,3691.12076666667,2621,1654
2.10383067010573,5.14432758782958,1.75914744931896,3691.15413333333,2621,1654
2.09531801023525,5.09162861966969,1.74722653033652,3691.1875,2621,1654
1.74591938424682,3.6119488460815,1.40357870475466,3693.02266666667,2622,1655
1.74165867677976,3.61434386822355,1.40878677143831,3693.05603333333,2622,1655
1.73520833750043,3.61237145359326,1.41586804862921,3693.0894,2622,1655
1.72684863348627,3.60818245462579,1.42144786968865,3693.12276666667,2622,1655
1.72385409815841,3.60974322906994,1.42910213782565,3693.15613333333,2622,1655
1.36722398863248,3.58171817585657,1.42700451258095,3694.22386666667,2623,1656
1.36074712731574,3.58303543709514,1.43659664780174,3694.25723333333,2623,1656
1.35424084589708,3.58324764964654,1.44555210945851,3694.2906,2623,1656
1.34804265770057,3.58219052597898,1.45362449052947,3694.32396666667,2623,1656
1.34288501057272,3.58212965787249,1.46219227951842,3694.35733333333,2623,1656
1.33754730446319,3.58088982686721,1.46916860893311,3694.3907,2623,1656
0.869684081588025,3.84265827219124,1.88147772484188,3696.0924,2624,1657
0.866286774121645,3.8470399429361,1.89807749696308,3696.12576666667,2624,1657
0.864555967830948,3.85290818909187,1.9153000076954,3696.15913333333,2624,1657
0.862732889775725,3.85521724711989,1.93116502202264,3696.1925,2624,1657
0.86141475046625,3.86098693601663,1.94858583603762,3696.22586666667,2624,1657
0.393136033860233,4.29245653806911,2.52802955475892,3697.26023333333,2625,1658
0.373994973530281,4.30951210775862,2.54662320332116,3697.2936,2625,1658
0.354659610656146,4.31812370417301,2.55912432094176,3697.32696666667,2625,1658
0.338575233502459,4.32696707586251,2.56825433197234,3697.36033333333,2625,1658
0.0812261174523563,4.66529416789501,2.73205560837131,3698.26123333333,2626,1658
0.0754926192536312,4.67240051377356,2.74236271783558,3698.2946,2626,1658
0.0681578363090242,4.68468819458259,2.75836585130763,3698.32796666667,2626,1658
-0.319612655644697,5.11536617291556,2.6173447889858,3699.46243333333,2627,1659
-0.336236016944126,5.13261777453197,2.61578024723284,3699.4958,2627,1659
1.5784643347491,4.66231968225239,0.878753246829753,3700.56353333333,2628,1660
1.40917808539533,4.64677910290626,0.745636747824632,3701.5979,2629,1661
1.39141336263426,4.64005583730798,0.736279667781836,3701.63126666667,2629,1661
1.37901900064748,4.64445796371969,0.724103230910418,3701.66463333333,2629,1661
1.0482696046431,4.45447361898769,0.641356368549283,3702.56553333333,2630,1661
0.772411712677691,4.28371380898075,0.676781423397797,3703.43306666667,2631,1661
0.776101254931277,4.28573805008697,0.678489120341465,3703.46643333333,2631,1661
-0.146845848460673,-0.676060216174103,3.8337658588401,3703.56653333333,2632,1662
-0.135302664350227,-0.64541623349603,3.81183000059373,3703.5999,2632,1662
-0.123520806549764,-0.612059195494049,3.79045079349649,3703.63326666667,2632,1662
-0.112420578510453,-0.580134355796224,3.76982064145231,3703.66663333333,2632,1662
-0.0997681825028061,-0.547951548170368,3.74917424678822,3703.7,2632,1662
-0.0845208989912679,-0.513681917964404,3.72363702511026,3703.73336666667,2632,1662
-1.5091770424609,6.81742927358079,2.14626733372387,3704.16713333333,2633,1663
-1.51214211245938,6.77555223212577,2.1260932416631,3704.2005,2633,1663
0.834470561683814,0.623299327742173,2.75186832655887,3705.03466666667,2634,1664
0.84565880355337,0.638126619750851,2.72533203865942,3705.06803333333,2634,1664
0.857001097536073,0.655935769992735,2.69434664304257,3705.1014,2634,1664
0.866828175163677,0.675302514892721,2.66335634294054,3705.13476666667,2634,1664
0.874461424871766,0.694958588531226,2.63321223249184,3705.16813333333,2634,1664
0.883220051394819,0.714502258155531,2.60212244702298,3705.2015,2634,1664
0.892930504599459,0.733317580084814,2.57323374124382,3705.23486666667,2634,1664
0.704561824892656,1.62615734996728,1.57182837756352,3706.9032,2635,1665
0.693855651003331,1.64143733006896,1.56074320919851,3706.93656666667,2635,1665
0.680341712319055,1.66067634750731,1.54881093331528,3706.96993333333,2635,1665
0.667294441835137,1.67999552946765,1.53662383469982,3707.0033,2635,1665
0.655651167443198,1.69840948413026,1.52606439624052,3707.03666666667,2635,1665
0.645773837951068,1.71691429534034,1.51738870049024,3707.07003333333,2635,1665
0.637798783866272,1.73490776988331,1.51061218708488,3707.1034,2635,1665
0.631076298592781,1.74967618415826,1.50756873950248,3707.13676666667,2635,1665
1.1073733390728,2.09505322492262,0.532667999347039,3710.2065,2636,1666
1.11103936194604,2.08500843800327,0.52603318798355,3710.23986666667,2636,1666
1.1153160275477,2.07226114179866,0.517096958890635,3710.27323333333,2636,1666
1.12049647980904,2.05930202049033,0.507619633435621,3710.3066,2636,1666
1.12588826054168,2.04575191635615,0.498930406285771,3710.33996666667,2636,1666
1.12787718239033,2.03041292641883,0.491743011161337,3710.37333333333,2636,1666
1.12617398113719,2.0169371900076,0.487738724317198,3710.4067,2636,1666
0.982606625557401,1.71010344958052,0.572163975829353,3711.27423333333,2637,1666
0.979483371439904,1.70016779672678,0.57699601669238,3711.3076,2637,1666
0.977338060731517,1.68647076762151,0.582770945757787,3711.34096666667,2637,1666
0.975535813273759,1.6711492657885,0.588245352698376,3711.37433333333,2637,1666
0.973737951922299,1.65510930102639,0.593455448952252,3711.4077,2637,1666
0.971773570362727,1.63735853937073,0.598710621398278,3711.44106666667,2637,1666
0.970349683273088,1.6204981196495,0.604731118249185,3711.47443333333,2637,1666
0.806240659585196,1.14404381555783,0.699448894810057,3712.44206666667,2638,1666
0.803610980399111,1.13672198866675,0.703135685540635,3712.47543333333,2638,1666
0.800631556929111,1.12662021418708,0.707548989385844,3712.5088,2638,1666
0.7980412310923,1.11577506114768,0.711802990352906,3712.54216666667,2638,1666
0.795700816856912,1.1049894181983,0.715929319588613,3712.57553333333,2638,1666
0.792114146000558,1.09448959376619,0.720651354658965,3712.6089,2638,1666
0.789163284991336,1.08927217450295,0.726410989204144,3712.64226666667,2638,1666
0.749238509533238,0.834086820851224,0.81539997964668,3713.4097,2639,1666
0.749604213172751,0.815929089953609,0.821201259154842,3713.44306666667,2639,1666
0.748964856669278,0.797190762137084,0.827239831899921,3713.47643333333,2639,1666
0.748188741883392,0.778458410443812,0.83362919975945,3713.5098,2639,1666
0.746523991902941,0.759339324960787,0.839544441162342,3713.54316666667,2639,1666
0.744998344342543,0.740814885145996,0.844917590502798,3713.57653333333,2639,1666
-5.75046896352577,-2.31583311909134,6.92847146069822,3713.74336666667,2640,1667
-5.73782725504697,-2.31257278990129,6.93740295739463,3713.77673333333,2640,1667
-5.70747038511328,-2.2998278304564,6.9329668973007,3713.8101,2640,1667
0.984310643246006,0.138490294710138,0.618934099095205,3714.64426666667,2641,1668
1.01466046452138,0.111508674605786,0.605007960067556,3714.67763333333,2641,1668
1.03955302322999,0.0862314153895122,0.592447507527858,3714.711,2641,1668
1.47924772810201,-0.380686590356412,0.29331535731737,3715.64526666667,2643,1668
1.49573973348729,-0.38925207822959,0.284142711465679,3715.67863333333,2643,1668
1.50789238059896,-0.395107760591959,0.277173303828367,3715.712,2643,1668
1.52056087205107,-0.402835985118382,0.270402355885039,3715.74536666667,2643,1668
-0.762736478616807,5.50097254708712,1.08770358770446,3714.8111,2642,1669
2.22478632575875,0.234553312573878,0.187414961779544,3718.6149,2644,1670
2.21984049518086,0.243278583825823,0.193907781579868,3718.64826666667,2644,1670
2.24181760444007,0.434851284685807,0.342924406585336,3719.5158,2645,1670
2.24819627597097,0.445968570217822,0.348708313663495,3719.54916666667,2645,1670
2.25480229571549,0.456754633916988,0.355141705784974,3719.58253333333,2645,1670
2.25983789167997,0.466138165191827,0.360758579079878,3719.6159,2645,1670
2.26506185326938,0.475755710897679,0.368901577539401,3719.64926666667,2645,1670
2.41218156446306,0.749461091591919,0.46219501267195,3720.5168,2646,1670
2.40938668097194,0.76160776953357,0.468232874858834,3720.55016666667,2646,1670
2.40748216447382,0.772947809078248,0.474493978728552,3720.58353333333,2646,1670
2.40834162013699,0.783957670603473,0.480500360495928,3720.6169,2646,1670
2.5409901760561,0.9806417177753,0.458287714135649,3721.58453333333,2647,1670
2.54882707580432,0.988342737623707,0.457956109163277,3721.6179,2647,1670
2.55483513735606,0.993223076736404,0.459910396990591,3721.65126666667,2647,1670
2.55853318954458,0.998150005591866,0.463909498736877,3721.68463333333,2647,1670
2.56240119467962,1.00100272291737,0.468273791521913,3721.718,2647,1670
2.73253925029892,1.12025213248132,0.411215700361185,3722.719,2648,1671
2.73517505056191,1.1316107064884,0.410456263714277,3722.75236666667,2648,1671
2.73439056253113,1.14099265932725,0.409763128298666,3722.78573333333,2648,1671
2.73140822422057,1.15135078258608,0.410056392989365,3722.8191,2648,1671
2.7522947713932,0.777953222201554,0.379348991346584,3723.78673333333,2649,1671
2.76200331231947,0.751221147565961,0.377552309247148,3723.8201,2649,1671
2.76360090695069,0.725810106889281,0.378297200385964,3723.85346666667,2649,1671
2.76706667588102,0.700308596025741,0.37723472204505,3723.88683333333,2649,1671
2.60792383647203,0.319289979744188,0.356186746160014,3724.88783333333,2650,1672
2.60162606724034,0.309088431534585,0.356418703127426,3724.9212,2650,1672
2.59873893623338,0.297945037239713,0.354266134297463,3724.95456666667,2650,1672
2.59652735606438,0.28832246599622,0.352522316885051,3724.98793333333,2650,1672
2.59904032669083,7.49334484518597,1.61536307044163,3725.4217,2651,1673
2.59516302677364,7.46874119619744,1.62838250794731,3725.45506666667,2651,1673
2.59417933310052,7.45701016331049,1.63428059758853,3725.48843333333,2651,1673
2.34024849848452,-0.0317220668076539,0.269610195501838,3726.0223,2652,1674
2.32757836450138,-0.040111249051453,0.271705946501429,3726.05566666667,2652,1674
2.31542563973847,-0.0511686198250579,0.275465524192248,3726.08903333333,2652,1674
2.30288696544588,-0.0638699646055867,0.277845731149915,3726.1224,2652,1674
1.68379683912607,6.73400620611791,1.69517647752091,3726.723,2653,1675
1.66285939969724,6.74040781579066,1.7052238483996,3726.75636666667,2653,1675
1.63129448992006,6.71166303403298,1.70656075619743,3726.78973333333,2653,1675
1.60396045472118,6.69029279300152,1.70972729765322,3726.8231,2653,1675
2.15495243165397,-0.18556000233909,0.427582803183816,3727.15676666667,2654,1676
2.14578912976918,-0.182359176836435,0.433889050862818,3727.19013333333,2654,1676
2.13818351404198,-0.181374065533764,0.440480758890079,3727.2235,2654,1676
2.129554527098,-0.180249915917297,0.448867549672878,3727.25686666667,2654,1676
2.12696744316092,-0.18285516592838,0.456102728484458,3727.29023333333,2654,1676
1.0590984338753,6.27074941984381,1.8185793775838,3728.0243,2655,1677
1.04718736066516,6.28826156553433,1.83046306005988,3728.05766666667,2655,1677
1.02805678847757,6.24054333191822,1.82806481614298,3728.09103333333,2655,1677
1.02677489624749,6.3047634103749,1.85287928011044,3728.1244,2655,1677
1.85802719748789,-0.231481624633794,0.56755312899412,3728.49143333333,2656,1678
1.8472257852491,-0.230164642439272,0.571283834334004,3728.5248,2656,1678
1.83356310303225,-0.225799903164029,0.575961562778616,3728.55816666667,2656,1678
1.82083546011112,-0.221863214690314,0.581434886587538,3728.59153333333,2656,1678
1.81146135117462,-0.219360856202354,0.586752917902883,3728.6249,2656,1678
1.48532228478172,-0.0654476184583048,0.391802767037323,3730.79373333333,2657,1679
1.49271519567869,-0.0603926779481081,0.392265226970668,3730.8271,2657,1679
1.5023037656243,-0.0562011729290257,0.391193900509379,3730.86046666667,2657,1679
1.5142125899942,-0.0539007689074963,0.389356336447642,3730.89383333333,2657,1679
1.52264264744834,-0.0504924570510118,0.387344099944806,3730.9272,2657,1679
1.907608591326,1.63638863483529,0.422565953356272,3732.06166666667,2658,1680
1.9084460892293,1.64041035377815,0.423217761376039,3732.09503333333,2658,1680
1.91265020148713,1.64370725914378,0.42412095262432,3732.1284,2658,1680
1.91898090607848,1.64917991588178,0.426748145518579,3732.16176666667,2658,1680
2.02348587765708,1.65385719999168,0.421315003457369,3732.89583333333,2660,1680
2.03236468889434,1.65497092468087,0.421473155231342,3732.9292,2660,1680
2.03936925005964,1.65761999907768,0.421627753304725,3732.96256666667,2660,1680
2.04096568085178,1.65983756058976,0.42090547997348,3732.99593333333,2660,1680
2.04162381025726,1.66039671445453,0.421897424733449,3733.0293,2660,1680
1.5398658907427,0.0404809190827512,0.448613839357025,3732.1284,2659,1681
1.53593179949996,0.0401807212211667,0.45317449324973,3732.16176666667,2659,1681
1.5316375074731,0.0395986903391106,0.45738159587774,3732.19513333333,2659,1681
1.52689533280758,0.0398109469892005,0.46355568327239,3732.2285,2659,1681
1.52527728855748,0.0382770889075923,0.469551944061157,3732.26186666667,2659,1681
1.26297133703351,-0.044687004808341,0.741648970215493,3733.5298,2661,1682
1.26449289943082,-0.0485456620524963,0.752852879663715,3733.56316666667,2661,1682
1.26339334140196,-0.0489482762365403,0.760971778852206,3733.59653333333,2661,1682
1.26372555943082,-0.0514339917941061,0.768277603113478,3733.6299,2661,1682
1.26667353719611,-0.0573963190675382,0.774223856903118,3733.66326666667,2661,1682
1.26685744457793,-0.0606648098125402,0.778577612259295,3733.69663333333,2661,1682
1.68162295900573,1.56072218237067,0.513940874707982,3734.3306,2662,1683
1.66715689340986,1.55626023696254,0.50957030629361,3734.36396666667,2662,1683
1.64961988710953,1.5504294007322,0.503580942147529,3734.39733333333,2662,1683
1.63203361356044,1.54507460596425,0.497650464631949,3734.4307,2662,1683
1.61706756478723,1.54239676750989,0.493008717763628,3734.46406666667,2662,1683
1.60040374202962,1.54065594145417,0.489048559566595,3734.49743333333,2662,1683
1.27066801393533,1.42344163537044,0.324268372920312,3735.19813333333,2663,1683
1.25696456533916,1.42000277326203,0.32081136089086,3735.2315,2663,1683
1.24544750119433,1.41537506899889,0.316955817712456,3735.26486666667,2663,1683
1.23770251607693,1.41031853235655,0.312071002387979,3735.29823333333,2663,1683
1.23223981250162,1.4026886332462,0.307077380821628,3735.3316,2663,1683
1.22851392610672,1.3926891047976,0.301503440837377,3735.36496666667,2663,1683
0.948340517054891,1.22911207974236,0.217442924535473,3736.19913333333,2665,1683
0.941821927386999,1.22554763981966,0.219263411279943,3736.2325,2665,1683
0.938270632522825,1.22269370349618,0.221063422216931,3736.26586666667,2665,1683
0.938036687648017,1.21869074734973,0.221555260654107,3736.29923333333,2665,1683
0.939968939860094,1.21275290878269,0.221588294069725,3736.3326,2665,1683
1.14599260029293,-0.125888763844553,1.01369650889565,3735.26486666667,2664,1684
1.14790022649459,-0.122183137479501,1.0168821549552,3735.29823333333,2664,1684
1.1474914776226,-0.118124663644573,1.02098381270062,3735.3316,2664,1684
1.14976148666562,-0.117806771647227,1.02740076828283,3735.36496666667,2664,1684
1.15433561553058,-0.121859789653072,1.03518630856217,3735.39833333333,2664,1684
1.15748105019234,-0.123344135575705,1.03991933560947,3735.4317,2664,1684
1.13142163816135,0.0163317292478007,0.948961893283011,3737.90083333333,2666,1685
1.13622959524214,0.0179100212192195,0.949781635718961,3737.9342,2666,1685
1.14174643654864,0.0212115961045061,0.95099647732512,3737.96756666667,2666,1685
1.14760114020296,0.0256388086158582,0.951597379140165,3738.00093333333,2666,1685
1.15241590079358,0.0308536993527081,0.952340641703876,3738.0343,2666,1685
0.960768294656133,6.1499678844886,1.31548085096336,3738.1344,2667,1686
0.972386231665278,6.12873373154295,1.31236428860965,3738.16776666667,2667,1686
1.32614387408624,6.20154544179776,1.24862504552751,3739.20213333333,2668,1687
1.3258237746152,6.16580984270996,1.24401692742445,3739.2355,2668,1687
0.574587263578717,0.703790636302051,0.167616018351316,3740.10303333333,2669,1688
0.529427338755055,0.749486476929017,0.166680927549612,3740.2365,2670,1688
0.514904321752928,0.75523658054522,0.167038447029665,3740.26986666667,2670,1688
0.503815973329794,0.759493906977768,0.167707950058632,3740.30323333333,2670,1688
0.494190924221583,0.762153735850953,0.168380841442518,3740.3366,2670,1688
0.247739806232305,0.755905187317133,0.159608279479144,3740.9372,2672,1688
0.234266235472193,0.752427984170889,0.157761820301377,3740.97056666667,2672,1688
0.219533098267684,0.748538999582598,0.159044125999126,3741.00393333333,2672,1688
-0.177791733256,0.73554457269078,0.272897302940066,3741.738,2674,1688
-0.195782514347582,0.73194460790703,0.280372296955285,3741.77136666667,2674,1688
-0.213779101519973,0.725563457156722,0.287882207652352,3741.80473333333,2674,1688
-0.235161952471192,0.717476637152947,0.295991077568429,3741.8381,2674,1688
1.61945471028464,6.36862707041794,1.14700204778455,3740.30323333333,2671,1689
1.63529405932848,6.37670302008149,1.14507823194822,3740.3366,2671,1689
1.64772173046143,6.37333177785745,1.14345586421029,3740.36996666667,2671,1689
2.07550757216495,6.60742852137958,1.09969123776743,3741.5378,2673,1690
2.34198191670282,6.54600025194043,1.03144964687598,3742.60553333333,2675,1691
2.34911379894268,6.52877720882915,1.02838227383991,3742.6389,2675,1691
2.56607733753124,6.49696755236783,1.10969466779382,3743.6399,2676,1692
2.56120481173328,6.49058956459293,1.11187746513882,3743.67326666667,2676,1692
0.233147136541936,-0.350900326312115,1.60219914133278,3744.27386666667,2677,1693
0.219934826905946,-0.354059171418985,1.60503991203752,3744.30723333333,2677,1693
0.206145892364998,-0.357550814991061,1.60764776002714,3744.3406,2677,1693
0.194646223399658,-0.361009445815588,1.60900275440191,3744.37396666667,2677,1693
0.183605252795299,-0.365794536546731,1.6129126912371,3744.40733333333,2677,1693
0.174424521857223,-0.370396043660404,1.61486777650454,3744.4407,2677,1693
-0.276573743502394,0.647386265954214,0.424884143466903,3744.97456666667,2678,1694
-0.266225117898476,0.637688401305433,0.426740488880337,3745.00793333333,2678,1694
-0.296874024943883,0.389141394059065,0.45427678120152,3745.8421,2679,1694
-0.300899952156703,0.385857422423515,0.462383782801886,3745.87546666667,2679,1694
-0.301827673929765,0.384724665437073,0.471365729444887,3745.90883333333,2679,1694
-0.300579631026117,0.382983800967979,0.479660916495638,3745.9422,2679,1694
-0.405056720717006,-0.00621040056727118,0.641967602951524,3746.87646666667,2681,1694
-0.403823242784003,-0.0227413540506491,0.651875303085592,3746.90983333333,2681,1694
-0.405349712370402,-0.0424700740115667,0.661544630307484,3746.9432,2681,1694
-0.404220269759307,-0.0599224070497907,0.67293870278087,3746.97656666667,2681,1694
-0.593624295963877,-0.627050686134291,0.862075944340414,3747.87746666667,2682,1694
-0.597217241199422,-0.638924311562831,0.867163360412702,3747.91083333333,2682,1694
-1.13803667072983,-0.772185819585605,1.64429752105771,3747.91083333333,2683,1694
-0.607347854936409,-0.65614141476556,0.873479991391995,3747.9442,2682,1694
-1.16234271317151,-0.786352080375202,1.64395736173192,3747.9442,2683,1694
-1.18467932726543,-0.801492200812897,1.64283767085571,3747.97756666667,2683,1694
-1.20646266086487,-0.81885417973971,1.64269128846564,3748.01093333333,2683,1694
-0.620572083476091,-1.28806056606771,0.984612813891488,3748.91183333333,2684,1694
-0.619275080425452,-1.30514624600444,0.986074881128444,3748.9452,2684,1694
-0.613358047653204,-1.31183672508571,0.986215447473366,3748.97856666667,2684,1694
-0.472495768096717,-0.324973854153904,1.57578741920611,3746.00893333333,2680,1695
-0.48478289398696,-0.327324029911361,1.58223237379945,3746.0423,2680,1695
-0.494122155846536,-0.332292707724868,1.59027712932551,3746.07566666667,2680,1695
-0.500130237794524,-0.340256180166861,1.59974408423367,3746.10903333333,2680,1695
-0.503688174645748,-0.351978503661215,1.60927176293625,3746.1424,2680,1695
-2.06235979410975,-0.920538430280985,1.48112183278975,3749.6459,2685,1696
-2.08263472630869,-0.911591555366489,1.47485083311231,3749.67926666667,2685,1696
-2.09922145334779,-0.903378594051188,1.47027370626951,3749.71263333333,2685,1696
-2.11476789612928,-0.896476156911357,1.46397600777503,3749.746,2685,1696
-0.82685351037702,-1.82865236083113,1.10837558853356,3750.5468,2686,1697
-0.820695559888258,-1.81546958141218,1.10545200950526,3750.58016666667,2686,1697
-0.996618138441464,-1.73958072599102,1.11503158228702,3751.58116666667,2687,1698
-1.00656526509295,-1.73872463339296,1.11906464956244,3751.61453333333,2687,1698
-1.01740095707224,-1.7396967827416,1.12569310543239,3751.6479,2687,1698
-1.02583311834948,-1.73469778519482,1.13266646124039,3751.68126666667,2687,1698
-1.38342054420323,-2.00969405395933,1.21860083222642,3752.71563333333,2688,1699
-1.39283233453646,-2.02273695100283,1.22268537956205,3752.749,2688,1699
-1.4053198467998,-2.04376773704436,1.22790478946388,3752.78236666667,2688,1699
-0.713199779194122,1.7573644200291,0.370977106269639,3755.18476666667,2689,1700
-0.712316630440191,1.757768129883,0.371963072669452,3755.21813333333,2689,1700
-0.714562974801495,1.75687687530387,0.372029163884201,3755.2515,2689,1700
2.40616712257989,-2.54125141434522,5.93291432709686,3795.6919,2690,1701
2.37007536758238,-2.5556458779475,5.95913971626403,3795.72526666667,2690,1701
2.33099231782057,-2.55044082830747,5.95037971330131,3795.75863333333,2690,1701
2.29208303444763,-2.54643261120337,5.94662884033459,3795.792,2690,1701
-0.054628132963655,-2.82782206053564,5.23615492186413,3797.8941,2691,1702
-0.0852519515916585,-2.84434044188172,5.24794855695361,3797.92746666667,2691,1702
-0.118973968340094,-2.85153496884452,5.24494837212443,3797.96083333333,2691,1702
1.16119445554864,-0.988046922771303,0.0195890600450995,3809.6058,2692,1703
-0.684344679582426,1.73476867303252,0.297244068514595,3811.57443333333,2693,1704
2.09740923261497,8.03849481046569,1.73150046819656,3819.18203333333,2694,1705
2.10273640528185,8.03541578186249,1.73968556753733,3819.2154,2694,1705
2.08745772213175,7.54762557240847,1.85231104449215,3820.34986666667,2695,1706
2.07818869021446,7.51893130077465,1.85546361680538,3820.38323333333,2695,1706
2.07096964214836,7.49562624047293,1.85912354842867,3820.4166,2695,1706
2.18388532198693,7.1130631219954,2.00205803945678,3821.48433333333,2696,1707
2.19845702771444,7.10719859227674,2.00887369220117,3821.5177,2696,1707
2.21864666768593,7.10317715916849,2.01401917228045,3821.55106666667,2696,1707
2.45546981662771,6.50398860137237,2.04950567018896,3822.88573333333,2697,1708
2.46513145251577,6.47180874457831,2.04818337021898,3822.9191,2697,1708
2.49025889174862,6.48875802782249,2.05962898184198,3822.95246666667,2697,1708
2.49407466469033,6.45331198574827,2.05523096950947,3822.98583333333,2697,1708
2.53937794143831,6.25207657085483,2.23970481766605,3824.1203,2698,1709
2.51985442273104,6.21471614806617,2.2330343752342,3824.15366666667,2698,1709
2.52415546496933,6.21652692274828,2.23942015391443,3824.18703333333,2698,1709
2.52195415120722,6.20727650366547,2.23959750252424,3824.2204,2698,1709
2.48339321438682,5.644006052385,2.00736550845215,3825.4216,2699,1710
2.49596017728571,5.65287958090355,2.01318972444685,3825.45496666667,2699,1710
2.47932174827214,5.59680169933786,1.99339015925226,3825.48833333333,2699,1710
2.68363253244401,5.26835984491256,1.90654525071832,3826.7229,2700,1711
2.68509712734818,5.26481678422597,1.91500598523033,3826.75626666667,2700,1711
2.67988832880596,5.25032587088621,1.91882975991329,3826.78963333333,2700,1711
2.67091177614176,5.23326421425625,1.92044137086635,3826.823,2700,1711
2.37704422270107,1.54672853091709,0.201664829355566,3827.9241,2701,1712
2.37579453893215,1.54407898158509,0.196206487264511,3827.95746666667,2701,1712
2.49044785139471,4.71015974985781,1.82841296028345,3828.05756666667,2702,1713
2.49535233688342,4.69046611772182,1.82298693548924,3828.09093333333,2702,1713
2.50019487623115,4.67059732277033,1.81843305299985,3828.1243,2702,1713
2.50666985824014,4.64936986326497,1.81217456854465,3828.15766666667,2702,1713
2.50716937253885,4.62391541690341,1.80539611926819,3828.19103333333,2702,1713
2.46730726202538,4.18387799105379,1.5619035037052,3829.2254,2703,1714
2.46151950621484,4.17139571622505,1.55278165793964,3829.25876666667,2703,1714
2.45831065353524,4.16502196958592,1.54354577837056,3829.29213333333,2703,1714
2.45608228128319,4.1669245803585,1.53184534023333,3829.3255,2703,1714
2.4532328821282,4.17377318758761,1.5205053212258,3829.35886666667,2703,1714
2.05112242499734,4.40010744387661,1.0624182016044,3830.19303333333,2704,1714
2.03987060314275,4.40462774248484,1.05079330745933,3830.2264,2704,1714
2.02761762661372,4.40644068408078,1.03790587275044,3830.25976666667,2704,1714
2.01034793841578,4.40259288227744,1.02501168711414,3830.29313333333,2704,1714
2.00170961150417,4.40674182482123,1.01349760917212,3830.3265,2704,1714
1.99794416364924,4.26826739253083,0.785514683667351,3831.19403333333,2705,1714
1.99082662932218,4.25480728052855,0.778499251430998,3831.2274,2705,1714
1.99126621004906,4.25427638823916,0.771386714197392,3831.26076666667,2705,1714
1.98818995116663,4.24777771280501,0.763287290408777,3831.29413333333,2705,1714
1.97291098816197,4.18591043693825,0.598682695121507,3832.2284,2706,1714
1.96863595445496,4.17970223933263,0.603262786176822,3832.26176666667,2706,1714
1.96494756738843,4.1750206103303,0.606252733233663,3832.29513333333,2706,1714
1.95578942874718,4.16257435552644,0.611416201167936,3832.3285,2706,1714
1.84788129914473,4.04476049099173,0.68021404420108,3833.2294,2707,1714
1.84606617713875,4.03779868486876,0.680163108506863,3833.26276666667,2707,1714
1.84358254113686,4.03067875622632,0.679345792733744,3833.29613333333,2707,1714
1.84495209949197,4.02895622731987,0.679185744056386,3833.3295,2707,1714
1.7332018697787,3.924542936132,0.751008402301403,3834.2304,2708,1714
1.72849561879977,3.91807431938664,0.757885080386771,3834.26376666667,2708,1714
1.72211401767702,3.9111423560772,0.766181855780394,3834.29713333333,2708,1714
1.71561119278365,3.90798981833562,0.771485721472809,3834.3305,2708,1714
1.70703479112514,3.90782055260131,0.774931370978303,3834.36386666667,2708,1714
1.21938415639547,4.47509459485751,0.567777385171855,3835.69853333333,2709,1715
1.70650857925102,2.01440996011126,2.14059014189693,3837.60043333333,2710,1716
1.72124877313248,1.98103814372269,2.11445710935116,3837.6338,2710,1716
1.73307904993437,1.9522881033885,2.09110039528552,3837.66716666667,2710,1716
1.7475187724112,1.92013427906498,2.06378856840716,3837.70053333333,2710,1716
1.76244597397157,1.88955660589052,2.03854198838075,3837.7339,2710,1716
1.77623832685838,1.86159342190177,2.01397207938688,3837.76726666667,2710,1716
0.754691984098835,4.76429263216877,0.633172930826224,3850.47996666667,2711,1717
0.763033012794795,4.77065329720291,0.63643245312889,3850.51333333333,2711,1717
0.770113878750187,4.76496930338111,0.639004703866046,3850.5467,2711,1717
0.733040270813994,5.04183506233473,0.699207783520665,3851.58106666667,2712,1718
0.64825304913779,5.32518753776511,0.788202391588537,3852.68216666667,2713,1719
0.647172952649382,5.34139194487561,0.789997778104592,3852.71553333333,2713,1719
0.643503284193042,5.32585383137484,0.793273124354344,3852.7489,2713,1719
1.25859532249825,-0.224878339589675,0.293364797265944,3854.61743333333,2714,1720
1.25850014078136,-0.224662890659883,0.293334315336411,3854.6508,2714,1720
0.770905387975891,5.4810356797346,1.0104820863185,3855.91873333333,2715,1721
0.770662920762005,5.47486940862697,1.0098309735912,3855.9521,2715,1721
0.766391445947051,5.45608993089048,1.00874082439635,3855.98546666667,2715,1721
0.727601167642677,5.366506299448,0.961599931789837,3858.1543,2716,1722
0.718609417933094,5.30535882162052,0.963905657421888,3858.22103333333,2717,1722
2.58600531009575,1.42505385492924,0.60049960239781,3859.68916666667,2718,1723
2.58916058991741,1.42274577227876,0.610961914479853,3859.72253333333,2718,1723
3.04428697200683,1.30104983021138,0.936202762321502,3860.89036666667,2719,1724
3.29958139149042,1.38280650138036,1.4064559100127,3862.0582,2720,1725
0.796053157114383,2.98723286355365,0.923170949953509,3870.4666,2721,1726
0.805904632078925,2.98619599330135,0.926488908187207,3870.49996666667,2721,1726
0.812312874619609,2.98050207945502,0.929013428160295,3870.53333333333,2721,1726
0.821742211744945,2.97828997852195,0.932509622094362,3870.5667,2721,1726
1.22204794188142,2.97449261592379,0.885083204627435,3871.40086666667,2722,1726
1.23925996612508,2.98349622005772,0.882580197947128,3871.43423333333,2722,1726
1.25513339984414,2.99151847238653,0.879947710697144,3871.4676,2722,1726
1.27210878683877,2.99998740307659,0.877056061290464,3871.50096666667,2722,1726
1.28978446985935,3.00737932472746,0.87374049764299,3871.53433333333,2722,1726
1.30662751187894,3.015544546674,0.872476087502939,3871.5677,2722,1726
1.7156628586929,3.12694037663348,0.827882208721144,3872.4686,2723,1726
1.73228490875639,3.12975870512916,0.826931489300083,3872.50196666667,2723,1726
1.7481006006124,3.13292188216874,0.825500368787661,3872.53533333333,2723,1726
1.76406871909166,3.13703426652406,0.822978624705522,3872.5687,2723,1726
1.77865474304262,3.14196929695962,0.820859391350005,3872.60206666667,2723,1726
2.04089991119902,3.16524969964509,0.879362486658608,3873.5697,2724,1726
2.04744714571898,3.16438316978008,0.882809408409701,3873.60306666667,2724,1726
2.05471250896591,3.1651555707677,0.886508097396759,3873.63643333333,2724,1726
2.06219925009658,3.1653602170905,0.888623983684131,3873.6698,2724,1726
2.40003161470798,3.01527309988761,0.852238827672318,3874.6708,2725,1727
2.40648230376593,3.00470314131863,0.851694768304609,3874.70416666667,2725,1727
2.41818926321147,2.99726376114395,0.851617670638609,3874.73753333333,2725,1727
2.42500371501061,2.9887551472552,0.850145298419313,3874.7709,2725,1727
2.64450700990133,2.88950923392498,0.879267779183997,3875.7719,2726,1728
2.65501127362362,2.89112289397631,0.883120174757266,3875.80526666667,2726,1728
2.6629824166118,2.89249533011604,0.886585792710202,3875.83863333333,2726,1728
2.67115220346934,2.89347059452661,0.889278236071277,3875.872,2726,1728
-4.07148294467099,-1.25241754311471,1.23547377769528,3876.73953333333,2727,1729
-4.0722092910332,-1.22543040797071,1.23816494289391,3876.7729,2727,1729
-4.03702927801434,-1.17521850932891,1.24197222652762,3876.80626666667,2727,1729
2.9889788547917,2.97444498689025,0.938948314585137,3876.90636666667,2728,1730
3.00377305562638,2.98467867816362,0.936607158211639,3876.93973333333,2728,1730
3.02223492460711,2.99642140519608,0.935153326637705,3876.9731,2728,1730
3.03650698369608,3.00684949199142,0.931550274418227,3877.00646666667,2728,1730
-3.93443126564829,0.15691304585155,1.47356692065567,3878.00746666667,2729,1731
-3.94146635094767,0.191409815073719,1.47755893978777,3878.04083333333,2729,1731
-3.95316569298271,0.231405934941892,1.48790404657911,3878.0742,2729,1731
-3.95441780261345,0.267451591874474,1.49104065590326,3878.10756666667,2729,1731
3.07932566675079,3.20956494128998,0.744947260226982,3878.1743,2730,1732
3.06770758944934,3.20394160482976,0.742883502281572,3878.20766666667,2730,1732
3.04698328790557,3.19789794028978,0.739853382493272,3878.24103333333,2730,1732
3.0305268773296,3.19239959558572,0.73902400950008,3878.2744,2730,1732
3.00745917713753,3.18595854828179,0.737591596458016,3878.30776666667,2730,1732
2.67688116850989,3.20588398720937,0.713997664439372,3879.24203333333,2731,1732
2.66814592123461,3.20637497656649,0.714872801740917,3879.2754,2731,1732
2.66317970995901,3.20939757163333,0.715095271068788,3879.30876666667,2731,1732
2.65287961797859,3.20958149511945,0.715627973425177,3879.34213333333,2731,1732
2.64448108591889,3.21159889942756,0.716635482072549,3879.3755,2731,1732
2.30331552054825,3.32639438541652,0.746627547270358,3880.34313333333,2733,1732
2.29054635753846,3.32562594191028,0.748255279313293,3880.3765,2733,1732
2.27721311958454,3.32164938945755,0.749869358164233,3880.40986666667,2733,1732
2.26706094934802,3.32021599300675,0.749910340372454,3880.44323333333,2733,1732
2.25301402081335,3.31500442149632,0.749499567969216,3880.4766,2733,1732
1.09658641046907,-0.00324055748350249,0.27064139537259,3879.24203333333,2732,1733
1.08121688238986,0.0116679384819329,0.267538420106158,3879.2754,2732,1733
1.06477198422817,0.0267790203116066,0.264808958813289,3879.30876666667,2732,1733
1.0493228152192,0.0413089461624541,0.262635961563799,3879.34213333333,2732,1733
1.03981452765139,0.0497646642011212,0.259568338598198,3879.3755,2732,1733
0.929071363940204,-3.42940003994229,3.61710912069432,3880.3765,2734,1734
0.711954130551119,0.614490911559657,0.26765825781078,3881.21066666667,2735,1735
0.706393998196758,0.621966699555955,0.272206865359347,3881.24403333333,2735,1735
0.701466281396629,0.630717069712362,0.277293414852893,3881.2774,2735,1735
-0.136348076231677,-2.10196507293564,3.51388308207831,3881.61106666667,2736,1736
-0.15162700522651,-2.03650470605268,3.49284019183966,3881.64443333333,2736,1736
-0.166635547423702,-1.96961368564937,3.47222617531779,3881.6778,2736,1736
-0.178191578855545,-1.90245270960431,3.44541369049921,3881.71116666667,2736,1736
-0.18789751376019,-1.84059814845752,3.4229823308386,3881.74453333333,2736,1736
-0.194393254495499,-1.78184105045454,3.40070422341733,3881.7779,2736,1736
1.34559940216503,3.21844814565588,0.72590447860026,3881.878,2737,1737
1.32942659951228,3.20838581150245,0.729086463806376,3881.91136666667,2737,1737
1.31227114212927,3.19637205053386,0.731641656801256,3881.94473333333,2737,1737
1.29678514965625,3.18815969720392,0.7340535299835,3881.9781,2737,1737
1.28097726883372,3.18141775698407,0.735724057244845,3882.01146666667,2737,1737
0.684241145820316,2.90684272639949,0.772269539723016,3882.81226666667,2740,1737
0.661572521178106,2.87960886757151,0.777707538884417,3882.84563333333,2740,1737
0.638111249359044,2.85141473674518,0.784828353316532,3882.879,2740,1737
0.227191616845946,2.31178911340706,0.677764960795934,3882.94573333333,2741,1737
0.335985898989198,2.58839794819734,1.22090282081666,3883.84663333333,2742,1737
0.329065141572052,2.57672572507432,1.23255820191686,3883.88,2742,1737
0.323851345809373,2.56293344521939,1.24316297476764,3883.91336666667,2742,1737
0.319614729410789,2.55019388285535,1.25515123178725,3883.94673333333,2742,1737
0.316208934915417,2.53743765656094,1.26613961853027,3883.9801,2742,1737
0.313346607253738,2.5256193474552,1.27736507649216,3884.01346666667,2742,1737
0.310500852518277,2.51414749413899,1.28745372851515,3884.04683333333,2742,1737
0.432947079776772,1.15682013584217,0.524457314612392,3882.74553333333,2738,1738
0.429070953765226,1.1665937272296,0.530851587474512,3882.7789,2738,1738
0.424245319232731,1.17728272549975,0.538324800361223,3882.81226666667,2738,1738
0.41934438768521,1.18878277363369,0.545810678650619,3882.84563333333,2738,1738
0.413939195499907,1.1995344498373,0.553283760394014,3882.879,2738,1738
0.407377604272059,1.21210918319487,0.560603112766851,3882.91236666667,2738,1738
-0.309714408769287,0.0952279483916235,2.88134726190211,3882.7789,2739,1739
-0.316259363871996,0.140567212041162,2.87952342045684,3882.81226666667,2739,1739
-0.32336039724574,0.191105778422922,2.87582367227471,3882.84563333333,2739,1739
-0.329713875096462,0.240077115394156,2.87340020633605,3882.879,2739,1739
-0.334883613789457,0.285085205099922,2.86985671378957,3882.91236666667,2739,1739
-0.339647255429809,0.328548270816279,2.86636301915129,3882.94573333333,2739,1739
-0.344144706146489,0.365261342713161,2.8675045025225,3882.9791,2739,1739
-0.843287010902979,1.01942616570653,2.71845330834606,3883.9801,2743,1740
-0.872834172476383,1.01573121284397,2.7155337924855,3884.01346666667,2743,1740
-0.908593070524548,1.0121174052235,2.71630618949492,3884.04683333333,2743,1740
-0.942421860686643,1.0115992923805,2.71889816113856,3884.0802,2743,1740
-0.971926680526745,1.01411455504168,2.72287956756077,3884.11356666667,2743,1740
-0.99712472968402,1.01806180856765,2.72754095242846,3884.14693333333,2743,1740
-1.02067658095659,1.01940620162497,2.73310884782322,3884.1803,2743,1740
0.264420881347698,1.55410098286924,0.78310210162954,3883.9801,2744,1741
0.263178436963078,1.56210073745283,0.792798936284538,3884.01346666667,2744,1741
0.26160723232201,1.57047594482727,0.80368979317765,3884.04683333333,2744,1741
0.258788384833741,1.57996999386359,0.814830794054558,3884.0802,2744,1741
0.253347483863601,1.58619160341778,0.82535842827117,3884.11356666667,2744,1741
0.246408164280277,1.59375077512891,0.834955327099539,3884.14693333333,2744,1741
0.238622095980703,1.59866381004493,0.842826529193426,3884.1803,2744,1741
0.205378551003911,2.16010362515637,1.52233352463028,3885.34813333333,2745,1742
0.202816448149397,2.15196198262538,1.52609303060705,3885.3815,2745,1742
0.201352857935112,2.14385745589851,1.52915493570259,3885.41486666667,2745,1742
0.200985483986449,2.13561776367609,1.53123841749961,3885.44823333333,2745,1742
0.200668527315609,2.12752743736331,1.53311629191969,3885.4816,2745,1742
0.200512978492048,2.12017626955196,1.5336023191266,3885.51496666667,2745,1742
-2.19288777134068,0.59791233398256,2.65636469863295,3885.4816,2746,1743
-2.22750665795335,0.583024766062358,2.6571657319139,3885.51496666667,2746,1743
-2.26505246907218,0.566625190609025,2.65739948025266,3885.54833333333,2746,1743
-2.30217919849329,0.54999176540149,2.66094001418891,3885.5817,2746,1743
-2.33603412496915,0.533828694987298,2.66367836701055,3885.61506666667,2746,1743
-2.37717748156745,0.51662580989028,2.67161882376658,3885.64843333333,2746,1743
0.148531217550422,2.08203946744768,1.17669732239525,3885.51496666667,2747,1744
0.143542584917472,2.10072606802029,1.18406504137396,3885.54833333333,2747,1744
0.137645082877933,2.11995285732433,1.19110937229095,3885.5817,2747,1744
0.131287639007183,2.14031102071122,1.1970544647692,3885.61506666667,2747,1744
0.12445645970976,2.16090832382609,1.2016491772169,3885.64843333333,2747,1744
0.117765889877003,2.18140160032418,1.20681362422165,3885.6818,2747,1744
-0.00122387724488981,2.16671127592405,1.52903841617218,3886.51596666667,2749,1744
-0.010523416596707,2.17037443006814,1.53234814339007,3886.54933333333,2749,1744
-0.0179556233234193,2.17433024549331,1.53554392734888,3886.5827,2749,1744
-0.0241680200767943,2.1792577197662,1.53622420658865,3886.61606666667,2749,1744
-0.0296788322901189,2.18461746510108,1.53644548342602,3886.64943333333,2749,1744
-0.0350763210350458,2.19001625513597,1.53388938321346,3886.6828,2749,1744
-0.0415478197087156,2.1957281134028,1.53244902481824,3886.71616666667,2749,1744
7.23149924190995,1.27611340504512,-0.0806167171579822,3885.5817,2748,1745
7.21848462151173,1.28819625768094,-0.0688997867172719,3885.61506666667,2748,1745
7.21761373697871,1.29669997249987,-0.0622978257819333,3885.64843333333,2748,1745
6.77708744235995,1.48294454220556,0.0829927147164179,3886.5827,2750,1745
6.40116998081952,1.52724369757856,0.146050623727511,3887.4836,2752,1745
5.9431770116871,1.48942290311259,0.161096793213599,3888.45123333333,2756,1745
-0.0363630263760867,2.20151803386438,1.11128369425539,3886.71616666667,2751,1746
-0.0448874559673104,2.19539090702875,1.11074691866771,3886.74953333333,2751,1746
-0.0569999207014057,2.18982032231343,1.11116722228792,3886.7829,2751,1746
-0.0705171203876397,2.18472353504468,1.11128741920748,3886.81626666667,2751,1746
-0.221088015674549,1.93863529101632,1.02132057500304,3887.71716666667,2753,1746
-0.222886857794884,1.92487683947545,1.02937675565016,3887.75053333333,2753,1746
-0.223603342259546,1.91047999055401,1.03830040601643,3887.7839,2753,1746
-0.223672517915138,1.89509798760265,1.04819664996848,3887.81726666667,2753,1746
-0.223174416128935,1.88102819632996,1.05873057663545,3887.85063333333,2753,1746
-0.221769768281842,1.8692992145042,1.06800545743395,3887.884,2753,1746
-0.221577794427439,1.85892470342967,1.07676362518764,3887.91736666667,2753,1746
-0.793851274434506,1.67390632626869,1.39048590898126,3888.45123333333,2755,1746
-0.809570245530251,1.66132683097374,1.39220541768922,3888.4846,2755,1746
-0.824038954359818,1.64793628374933,1.39324316628768,3888.51796666667,2755,1746
-0.838018192014776,1.63487025809578,1.39363780260915,3888.55133333333,2755,1746
-0.851606184795865,1.62287377265948,1.39368300766643,3888.5847,2755,1746
-0.074985319148976,1.39029368624953,1.22094592802184,3889.25203333333,2758,1746
-0.0654676017614738,1.38878817839114,1.22669292828779,3889.2854,2758,1746
-0.0533026316194763,1.38858444599343,1.23200584029703,3889.31876666667,2758,1746
-0.0400809766257915,1.38949846920371,1.23647257456097,3889.35213333333,2758,1746
-1.22138317698494,1.2471016887642,1.27514980839165,3889.35213333333,2760,1746
-0.0259039579334946,1.39201630845437,1.24123454787263,3889.3855,2758,1746
-1.24278810534132,1.2276569910152,1.27376310716215,3889.3855,2760,1746
-0.0119275409568341,1.39524870787649,1.24510388526029,3889.41886666667,2758,1746
-1.26217033222968,1.20769794488189,1.27222800624798,3889.41886666667,2760,1746
-1.28171577196639,1.18910068246792,1.27011356334629,3889.45223333333,2760,1746
-1.78986988446651,0.811368714758966,1.18842138093486,3890.35313333333,2762,1746
-1.80696794806794,0.799414215324544,1.18750014940286,3890.3865,2762,1746
-1.82210817702796,0.788019819476914,1.1866452364483,3890.41986666667,2762,1746
-3.47100247334833,0.352421772307861,2.70184682376686,3887.75053333333,2754,1747
-3.45171788214115,0.367563219357475,2.69649295436185,3887.7839,2754,1747
-3.43995595298354,0.386094731850493,2.69383303160396,3887.81726666667,2754,1747
-3.50441809272632,2.0435773494102,2.62637169251296,3889.1853,2757,1748
-3.51102915725323,2.08266194957132,2.62928025046351,3889.21866666667,2757,1748
-3.53109595088746,2.13057479929071,2.63857739077774,3889.25203333333,2757,1748
-3.54128906717539,2.22046451755235,2.64053801610022,3889.31876666667,2759,1748
-4.1363667908488,3.73795223145375,2.78581953839105,3890.25303333333,2761,1749
-4.12144446995228,3.77193388095431,2.77869586089494,3890.2864,2761,1749
-2.40408265840491,0.521040538413281,1.2014766301226,3891.65443333333,2763,1750
0.0311513175674147,0.369305758420202,0.626347469159967,3892.55533333333,2764,1751
0.0287067955333533,0.373022579307253,0.627068956143339,3892.5887,2764,1751
0.0243500806906192,0.376164306229694,0.626666538572331,3892.62206666667,2764,1751
0.0209649717344478,0.379284547701524,0.625706153564727,3892.65543333333,2764,1751
-2.82317295539134,0.662930144243583,1.19492043444581,3892.7889,2765,1752
-2.82455551980094,0.676231337682309,1.19392369341052,3892.82226666667,2765,1752
-2.83821596548905,0.689747115894388,1.19345699802103,3892.85563333333,2765,1752
0.0696139142855755,0.507753710000379,0.499037024136765,3893.72316666667,2766,1753
0.0839796217431744,0.516518820143804,0.496494195437054,3893.75653333333,2766,1753
0.0977883069398467,0.526018867390527,0.493404323385219,3893.7899,2766,1753
0.112121588212466,0.536066985504031,0.490943138439172,3893.82326666667,2766,1753
0.125220536695751,0.544534702215078,0.488218838650935,3893.85663333333,2766,1753
-3.23524705751521,0.982016600368967,1.1171237438737,3893.85663333333,2767,1754
-3.41844392769249,1.08631285344574,1.11120446114495,3895.02446666667,2768,1755
-3.40724267729072,1.09009899850038,1.10829183269622,3895.05783333333,2768,1755
-3.42503834885914,1.23181438071438,1.07710221460153,3895.95873333333,2769,1755
-3.47082130463078,1.26669298029814,1.11041162380577,3896.85963333333,2770,1755
-3.47392775889079,1.26828382724242,1.11146544722166,3896.893,2770,1755
-3.59838740361195,1.22355369985286,1.11861681912352,3897.7939,2771,1755
-3.6069805150843,1.21814343026371,1.12706221093719,3897.82726666667,2771,1755
-3.60431441583917,1.21376361411242,1.13401579397362,3897.86063333333,2771,1755
-3.75194383533489,1.16073213913076,1.22455623969155,3898.76153333333,2772,1755
-4.87005353438152,0.689698434967411,1.43275062119654,3903.3995,2773,1756
-4.86066163474647,0.679469296560045,1.43254203321208,3903.43286666667,2773,1756
-4.58790850051262,0.123788300128645,1.54279755627658,3908.63806666667,2774,1757
0.966557337965086,0.0969936930362154,0.124174121322314,3909.13856666667,2775,1758
0.968082831141955,0.0952586789759208,0.122954530881182,3909.17193333333,2775,1758
-4.00024584758647,0.350900044201749,1.54458130397356,3909.8059,2776,1759
-3.98430558465038,0.361717675642072,1.54756574662041,3909.83926666667,2776,1759
-3.96447436691353,0.375837427740821,1.54851818940156,3909.87263333333,2776,1759
-3.55494718864815,0.729395541403118,1.55592845034582,3910.84026666667,2777,1759
-3.54488004662029,0.736822820472712,1.56062714072449,3910.87363333333,2777,1759
-3.52466301519999,0.746740868901014,1.56553847863509,3910.907,2777,1759
-3.51030608922292,0.75427501355018,1.56987751341159,3910.94036666667,2777,1759
-3.15324736036698,0.931888806799665,1.55332660758742,3912.0081,2778,1760
-3.13570015053311,0.933957165031087,1.55111748605123,3912.04146666667,2778,1760
-3.12609959557052,0.934078602499191,1.54877447419355,3912.07483333333,2778,1760
-2.83986409299933,1.30913747801678,1.50980548933859,3913.27603333333,2779,1761
-2.82193898633423,1.32873558905331,1.50485006348873,3913.3094,2779,1761
-2.81013906496961,1.35244519078126,1.5015750969408,3913.34276666667,2779,1761
-2.79396778504727,1.3765926485115,1.49733944272643,3913.37613333333,2779,1761
-2.56021120181102,1.88318479492617,1.29225756619263,3914.24366666667,2780,1761
-2.5559515416048,1.90000231689579,1.2875667680572,3914.27703333333,2780,1761
-2.55050619566638,1.91551774091802,1.28398496204839,3914.3104,2780,1761
-2.54775611065083,1.93031910481672,1.27890479456067,3914.34376666667,2780,1761
-2.54644621256608,1.9458678696477,1.27370313318965,3914.37713333333,2780,1761
-2.62300460644496,1.98748140885506,1.18455549348618,3915.24466666667,2781,1761
-2.62294337133416,1.98518565993447,1.18410634792177,3915.27803333333,2781,1761
-2.62624645723907,1.98231597207933,1.18507431371857,3915.3114,2781,1761
-2.63002083602335,1.98072534392168,1.18490777396364,3915.34476666667,2781,1761
-2.76785223422429,1.84983952532702,1.12434150299869,3916.3124,2782,1761
-2.77108864619631,1.84721830721045,1.12151537476787,3916.34576666667,2782,1761
-2.77156587296933,1.84453388912289,1.12048694551507,3916.37913333333,2782,1761
-2.77340541079003,1.84225317906495,1.11525664342291,3916.4125,2782,1761
-2.81967152755115,1.62875933352687,1.05157594515896,3917.38013333333,2783,1761
-2.81027707564958,1.61734509011564,1.0504208718456,3917.4135,2783,1761
-2.81265145016719,1.60381921218593,1.05020368914469,3917.44686666667,2783,1761
-2.63236723692335,1.29724359602754,1.08549706232268,3918.38113333333,2784,1761
-2.62338696502615,1.28900114073812,1.08680702259389,3918.4145,2784,1761
-2.61313802039181,1.27859603033875,1.08804540186855,3918.44786666667,2784,1761
-2.60819210945515,1.26784814942906,1.08844880185257,3918.48123333333,2784,1761
-2.5006035488999,1.15763123461142,1.04996974338811,3919.4155,2785,1761
-2.4964622670328,1.15330667576931,1.05009985767351,3919.44886666667,2785,1761
-2.49218519205411,1.14822944318914,1.04778690848207,3919.48223333333,2785,1761
-2.49085334171014,1.14303981865127,1.04606819613139,3919.5156,2785,1761
-2.35922415401285,1.04820548398529,1.11366402718861,3920.44986666667,2786,1761
-2.35545023987597,1.0429484666809,1.11715477651702,3920.48323333333,2786,1761
-2.35013631374972,1.03975134824368,1.12184855985348,3920.5166,2786,1761
-2.3477768546589,1.03483090315883,1.12546461286479,3920.54996666667,2786,1761
-2.17931314869913,1.01225977737955,1.12327414230749,3921.45086666667,2787,1761
-2.17014463422545,1.01032865967783,1.12770464049973,3921.48423333333,2787,1761
-2.16231109594721,1.00754307514711,1.13367757404801,3921.5176,2787,1761
-2.14921433489203,1.00612410979481,1.13709169716247,3921.55096666667,2787,1761
-1.91719275074286,0.978824133279379,1.1704769000179,3922.48523333333,2788,1761
-1.90627458828856,0.978181867400988,1.17242636624124,3922.5186,2788,1761
-1.89406458308673,0.977307352769871,1.1740048623029,3922.55196666667,2788,1761
-1.88035903090237,0.975642931274213,1.17529375177939,3922.58533333333,2788,1761
-1.8709336980964,0.973101239427626,1.1782820315721,3922.6187,2788,1761
-1.65470019258281,0.918036863221094,1.20436821669305,3923.55296666667,2789,1761
-1.6429093493455,0.915099309705979,1.20881901242453,3923.58633333333,2789,1761
-1.62767840372484,0.91296049886188,1.21316735722396,3923.6197,2789,1761
-1.61484878177097,0.911171632151629,1.21756769612966,3923.65306666667,2789,1761
-1.59959476756887,0.909352679131872,1.22266962905288,3923.68643333333,2789,1761
-1.58609094509637,0.909419553658323,1.22635465455813,3923.7198,2789,1761
-1.32062909700597,0.838375106582004,1.23573238299311,3924.65406666667,2790,1761
-1.30587744803022,0.840115320681783,1.23741881707088,3924.68743333333,2790,1761
-1.29307898770811,0.841276665972903,1.23967107329513,3924.7208,2790,1761
-1.28017996483568,0.842736915538179,1.24215903513322,3924.75416666667,2790,1761
-1.26730332331114,0.844017224031166,1.24417752599276,3924.78753333333,2790,1761
-1.25474739083605,0.845208082753112,1.24541342231852,3924.8209,2790,1761
-0.8412706787411,0.823180274659627,1.11625748970483,3925.922,2791,1762
-0.819983705754335,0.824333177453652,1.10613007506043,3925.95536666667,2791,1762
-0.800349786715249,0.824464041003804,1.09563628216258,3925.98873333333,2791,1762
-0.779015293694736,0.824885908594242,1.08412844725073,3926.0221,2791,1762
-0.759202218842001,0.823770560494486,1.07292861492985,3926.05546666667,2791,1762
-0.740836186174216,0.822843084857619,1.06286304222407,3926.08883333333,2791,1762
-0.509790567004757,0.653528837531117,0.941764588764036,3926.88963333333,2792,1762
-0.504295604624685,0.641431396243905,0.940242503820479,3926.923,2792,1762
-0.500486659388948,0.629181024417926,0.939866645543579,3926.95636666667,2792,1762
-0.496919355094849,0.616724173596724,0.940469707236505,3926.98973333333,2792,1762
-0.494071943307794,0.605987446312534,0.941282805399589,3927.0231,2792,1762
-0.423369168043833,0.426345731761503,0.936466485447698,3927.924,2793,1762
-0.414241091807338,0.424241711249268,0.936181822535717,3927.95736666667,2793,1762
-0.40568275291275,0.422833849913317,0.935492702611634,3927.99073333333,2793,1762
-0.395250412052873,0.422116879434562,0.934771121064745,3928.0241,2793,1762
-0.383966291351874,0.421999709339745,0.932988594136049,3928.05746666667,2793,1762
-0.373307689147453,0.421632302753363,0.931982679793124,3928.09083333333,2793,1762
-0.0863626319906368,0.365668602518789,0.825471888419444,3929.05846666667,2794,1762
-0.0766006516117129,0.362812039968953,0.824793035206792,3929.09183333333,2794,1762
-0.0671652667080191,0.359937963437559,0.825065738236931,3929.1252,2794,1762
-0.0567885988247936,0.357679490485959,0.825342804898744,3929.15856666667,2794,1762
-0.0467513825503963,0.355716555093086,0.826067554055038,3929.19193333333,2794,1762
0.31267494921867,0.269425398822691,0.688154489953542,3930.19293333333,2795,1763
0.330230251968503,0.265495894091118,0.682546715297081,3930.2263,2795,1763
0.349549513191736,0.262467868256109,0.675887246114748,3930.25966666667,2795,1763
0.830708988580127,0.253328435142891,0.276448982818899,3932.59533333333,2796,1764
0.837508777064382,0.246618662477605,0.272983227847312,3932.6287,2796,1764
4.67749969911807,0.820187962863749,-0.0120675821248264,3938.935,2797,1765
4.67647888421544,0.806542868310075,-0.00717558217577641,3938.96836666667,2797,1765
4.52568381951415,0.389678082195489,0.130379432665577,3939.76916666667,2798,1765
4.50288446995462,0.375391212927345,0.140859573443881,3939.80253333333,2798,1765
4.49757733331922,0.35882616683447,0.149166934782217,3939.8359,2798,1765
4.48763866275717,0.341795240243977,0.158738622952395,3939.86926666667,2798,1765
4.21379285992237,-0.0383728416221778,0.362370845075791,3940.67006666667,2799,1765
4.19782748471088,-0.0488406646382912,0.370781937609267,3940.70343333333,2799,1765
4.17720756308532,-0.0608552764764324,0.382551918273034,3940.7368,2799,1765
4.17043557783961,-0.0739557168885266,0.391381879041961,3940.77016666667,2799,1765
3.80009775391538,-0.220474742147062,0.5762450544783,3941.67106666667,2800,1765
3.79049704287108,-0.218888424019172,0.584647570583171,3941.70443333333,2800,1765
3.77848516238652,-0.214463383647459,0.593061902882064,3941.7378,2800,1765
3.76894026057681,-0.211900922509671,0.601547538897223,3941.77116666667,2800,1765
3.32170745040239,-0.226155567018575,0.666843356433966,3942.70543333333,2801,1765
3.29734026414971,-0.226043599855868,0.6704113546471,3942.7388,2801,1765
3.28094174363474,-0.228722394737586,0.674310326496012,3942.77216666667,2801,1765
3.26329893429274,-0.229816027606208,0.676422227015832,3942.80553333333,2801,1765
3.25149273723887,-0.233799270395599,0.682282265001516,3942.8389,2801,1765
2.78275282494866,-0.116546648516488,0.678903073282707,3943.77316666667,2802,1765
2.76771736101735,-0.112316249673488,0.678011333921236,3943.80653333333,2802,1765
2.74572900625235,-0.104427923896002,0.675461903745348,3943.8399,2802,1765
2.72737926004994,-0.0987984509361072,0.673856088363271,3943.87326666667,2802,1765
2.70958835428795,-0.0924836184245565,0.672073217944458,3943.90663333333,2802,1765
2.16784835850554,0.0252832737322782,0.605929298270856,3944.7408,2803,1765
2.1426913284697,0.0262747538017186,0.606636183315643,3944.77416666667,2803,1765
2.11825633453036,0.0266546316760471,0.60625021247028,3944.80753333333,2803,1765
2.09035402258718,0.0298153770343119,0.606892971123095,3944.8409,2803,1765
2.06913624977604,0.0321839345102306,0.607309422073774,3944.87426666667,2803,1765
2.04496091390909,0.0381245428627627,0.60833684380523,3944.90763333333,2803,1765
1.4475003379166,0.134041477006418,0.540524626686765,3945.77516666667,2804,1765
1.41771129189227,0.135564083965872,0.539261319525578,3945.80853333333,2804,1765
1.39157630487418,0.138545111511653,0.537655864957739,3945.8419,2804,1765
1.36588070557349,0.144892889093303,0.53730070259209,3945.87526666667,2804,1765
1.34343023719078,0.151589751746365,0.536821064083037,3945.90863333333,2804,1765
1.32386918862102,0.158800977292066,0.536123305620461,3945.942,2804,1765
1.30782649803561,0.166579949356952,0.535132015294645,3945.97536666667,2804,1765
0.95859112746627,0.40874692594913,0.292514585857081,3947.00973333333,2805,1766
0.955214884461636,0.410646598830971,0.282449026114082,3947.0431,2805,1766
0.928798533425171,0.437412289396619,0.192493992228357,3948.1442,2806,1767
1.62404074489793,-0.0326373142382509,0.674310095623915,3952.2483,2807,1768
2.20133319612877,0.207846154844126,0.882009048672727,3953.8499,2808,1769
2.20981933478831,0.429264173742003,1.08630221107654,3955.31803333333,2809,1770
2.19417898979234,0.439537767829269,1.09326009802739,3955.3514,2809,1770
2.1778701593463,0.45022106986257,1.1008870654251,3955.38476666667,2809,1770
2.16389926200463,0.460687912981271,1.10744518962903,3955.41813333333,2809,1770
2.14845892340048,0.471570834519281,1.11483240848533,3955.4515,2809,1770
0.920757571985782,0.0274453548447462,0.134870064573597,3958.32103333333,2810,1771
0.922293620720701,0.0252137531203687,0.133261878506084,3958.3544,2810,1771
1.31116368033193,1.20350839355698,1.08667770729282,3958.92163333333,2811,1772
1.30565685499355,1.20703324179792,1.09297819728596,3958.955,2811,1772
1.29894726159642,1.21014110462537,1.10054671887344,3958.98836666667,2811,1772
1.2910685669041,1.21260862973224,1.10794089016384,3959.02173333333,2811,1772
1.28218974431855,1.21448785350036,1.11436453167377,3959.0551,2811,1772
1.27306492038909,1.21731956325818,1.12069067755199,3959.08846666667,2811,1772
1.26447518438903,1.22031642593947,1.12673716484957,3959.12183333333,2811,1772
1.25557748119594,1.22244972701592,1.13113409806022,3959.1552,2811,1772
0.920996947688847,0.0222043194542939,0.136483862341728,3959.5556,2812,1773
0.921418973295692,0.0208536653301652,0.135150465880881,3959.58896666667,2812,1773
0.560411635546929,0.978476904731922,1.48276294349159,3960.8569,2813,1774
0.548351670078795,0.978276181427082,1.48905263439394,3960.89026666667,2813,1774
0.534076612586282,0.978031476177854,1.49585307724399,3960.92363333333,2813,1774
-0.13595639799641,0.857647331231464,1.54650135966026,3961.92463333333,2814,1775
-0.153433817915463,0.853842627635979,1.55070287488012,3961.958,2814,1775
-0.170135191613888,0.850795255362163,1.55394585942303,3961.99136666667,2814,1775
-0.18796318826355,0.848042210065943,1.55786476817372,3962.02473333333,2814,1775
-0.206229024059498,0.846716740115096,1.56121256715898,3962.0581,2814,1775
-0.222701291269213,0.846608919538845,1.56342824507388,3962.09146666667,2814,1775
-0.898755831952752,0.747013578817892,1.53748523398992,3963.22593333333,2815,1776
-0.91477356214872,0.743784058216534,1.5416625333246,3963.2593,2815,1776
-0.932795067838574,0.740362172275201,1.54673116255041,3963.29266666667,2815,1776
-0.949725410016505,0.737167313936236,1.55095732125915,3963.32603333333,2815,1776
-0.96599909297306,0.73446995251165,1.55297876656661,3963.3594,2815,1776
-1.43915273051957,0.72364953489175,1.54663678297396,3964.49386666667,2816,1777
-1.45158217760543,0.727306762701761,1.5468139092088,3964.52723333333,2816,1777
-3.17356543958498,0.818530267964274,1.42475132978158,3969.83253333333,2817,1778
-3.18247447909723,0.814908669563048,1.42337958996594,3969.8659,2817,1778
-3.23520401399472,0.743209351262671,1.3900926076684,3971.1672,2818,1779
-3.39241498808797,0.126160368026985,1.56507628951999,3974.20356666667,2819,1780
-3.38015884388749,0.121502837069256,1.56490431931187,3974.23693333333,2819,1780
-3.02920894730248,-0.164630774451833,1.61955432090503,3975.3714,2820,1781
-3.02079998836885,-0.176012697749005,1.62310373162441,3975.40476666667,2820,1781
-3.01670295581519,-0.188915127212657,1.62923630207889,3975.43813333333,2820,1781
-2.76455960851142,-0.651724739184148,1.68794956529371,3976.70606666667,2821,1782
-2.75935498338105,-0.661053832198247,1.69159169439066,3976.73943333333,2821,1782
-2.75429329436537,-0.670389370361394,1.69746959185944,3976.7728,2821,1782
-2.75058069815621,-0.681400532151455,1.7046042508488,3976.80616666667,2821,1782
0.875540665244209,0.517332629426421,1.02906181727913,3979.1752,2822,1783
0.877310145456096,0.532406234583807,1.04040830605808,3979.20856666667,2822,1783
0.880351387704106,0.547259036010453,1.05296579512418,3979.24193333333,2822,1783
0.882779784513997,0.56153644081784,1.06470212641046,3979.2753,2822,1783
0.983161578777604,1.00438130286257,1.32233257331028,3980.00936666667,2823,1783
0.987781983239893,1.02429184211971,1.33226010263934,3980.04273333333,2823,1783
0.993512816407885,1.05008319940024,1.34470854400518,3980.0761,2823,1783
0.998184008570779,1.07638284600454,1.35681584025231,3980.10946666667,2823,1783
1.0030875540405,1.10287764993551,1.36908748221585,3980.14283333333,2823,1783
1.0074604364295,1.1298515025571,1.38043331352605,3980.1762,2823,1783
1.01054173534583,1.15419321795701,1.38882948138426,3980.20956666667,2823,1783
1.12369166066195,1.98327950355832,1.67537474932245,3981.1772,2824,1783
1.12923604337763,2.01499339650341,1.68384811149113,3981.21056666667,2824,1783
1.13406778794271,2.04866527672156,1.69289664155382,3981.24393333333,2824,1783
1.13817964701009,2.0818059323839,1.70270020655519,3981.2773,2824,1783
1.14110482557231,2.11533905584183,1.71236708566777,3981.31066666667,2824,1783
1.1427054025425,2.14865277894916,1.72148901269513,3981.34403333333,2824,1783
1.20775793411884,3.05822479199481,1.97112697186746,3982.2783,2825,1783
1.2150742785207,3.09009622599907,1.97863808055367,3982.31166666667,2825,1783
1.22375212214541,3.12592134464775,1.98822903401189,3982.34503333333,2825,1783
1.23077564945707,3.16084428097531,1.99750270235669,3982.3784,2825,1783
1.23756270339896,3.19440563107172,2.00611072436237,3982.41176666667,2825,1783
1.40955830815654,4.35309011173989,2.15857301768834,3983.44613333333,2826,1784
1.41185161419558,4.39342967697642,2.1559209470781,3983.4795,2826,1784
1.41141738265212,4.43409265256586,2.15035449696239,3983.51286666667,2826,1784
1.41225054742098,4.48259764198662,2.14863893151726,3983.54623333333,2826,1784
-2.99950122073568,1.48992389767598,1.68995518694897,3985.84853333333,2827,1785
-2.98059713473736,1.51374297707888,1.69239520241824,3985.8819,2827,1785
-2.96843465976259,1.53760213535883,1.69463729381183,3985.91526666667,2827,1785
-2.94423977656959,1.56037282627381,1.69217221972778,3985.94863333333,2827,1785
-2.15215445274773,1.90686069181763,1.61203266723994,3987.31666666667,2828,1786
-2.13113201206135,1.90394789341942,1.61157130952963,3987.35003333333,2828,1786
-2.11065752611021,1.90247506757393,1.6106368596929,3987.3834,2828,1786
-1.87913380888345,1.70348020345774,1.70944838164794,3988.5846,2829,1787
-1.88793151304479,1.70276296386255,1.71671758577299,3988.61796666667,2829,1787
-1.89629152935321,1.70375853677472,1.72433710638047,3988.65133333333,2829,1787
-1.90486037881269,1.70202463834785,1.73306002637345,3988.6847,2829,1787
-2.02884539397115,1.47223667101942,1.84250551827006,3989.85253333333,2830,1788
-2.03408207940541,1.46586921692691,1.84718854622195,3989.8859,2830,1788
-2.04349195777025,1.45927783951542,1.85320284541811,3989.91926666667,2830,1788
-2.05018753276006,1.45400152040954,1.85849964962407,3989.95263333333,2830,1788
-2.31784567135363,1.15310432380173,1.87497972824874,3990.987,2831,1789
-2.3278744095296,1.14224979685107,1.88346170659445,3991.02036666667,2831,1789
-2.33472740865975,1.13635754867683,1.88900358698485,3991.05373333333,2831,1789
-2.33970380862757,1.12869044428351,1.89625443795239,3991.0871,2831,1789
-2.34619798853168,1.12285686722327,1.90234163415919,3991.12046666667,2831,1789
-2.85503279862281,0.985898396071744,1.93351901949207,3992.22156666667,2832,1790
-2.8738885505821,0.986283590342794,1.9358032568677,3992.25493333333,2832,1790
-2.8968739845562,0.985694345040976,1.93644579676525,3992.2883,2832,1790
-2.91735949587342,0.987400445225009,1.93868890647816,3992.32166666667,2832,1790
-3.54628727490919,1.1147086072331,1.94326588521201,3993.8899,2833,1791
-4.02253885909002,0.354961753047231,1.77244228349558,3996.45913333333,2834,1792
-4.1831848102945,-0.070680104659205,1.8627415840206,3997.86053333333,2835,1793
-4.17631840644294,-0.0810404579840653,1.86879005221347,3997.8939,2835,1793
-3.43482703858711,-0.61063790835248,1.99269696634956,3999.82916666667,2836,1794
-3.42104813089785,-0.623132376594442,1.99916203661832,3999.86253333333,2836,1794
-3.39877205608347,-0.629134059409179,2.00068116823188,3999.8959,2836,1794
-3.38629379449178,-0.639871762742498,2.00565457236222,3999.92926666667,2836,1794
-2.84236215241632,-1.04345111177114,2.0067723510677,4001.06373333333,2837,1795
-2.83215453825469,-1.0533292227598,2.01485087785692,4001.0971,2837,1795
-2.8122341720565,-1.05870277720751,2.01935379039433,4001.13046666667,2837,1795
-2.7904176977427,-1.06113323421434,2.02424532999296,4001.16383333333,2837,1795
-2.04312047611476,-1.18028823895907,1.98216753269863,4002.3984,2838,1796
-2.02391378040853,-1.17204716558308,1.98681734566393,4002.43176666667,2838,1796
-2.00320303644345,-1.16328537042331,1.99148274248963,4002.46513333333,2838,1796
-1.98026562763076,-1.1530143025827,1.99392885398077,4002.4985,2838,1796
-1.23924797142523,-0.95899207239059,1.96626871735644,4003.56623333333,2839,1797
-1.21480439908808,-0.952971694175178,1.96616715907313,4003.5996,2839,1797
-1.19253437109101,-0.951623485207931,1.9700412559528,4003.63296666667,2839,1797
-1.17093051869888,-0.947950532838782,1.97319902349411,4003.66633333333,2839,1797
3.11102485982821,4.49804044487201,0.477353243157017,4004.26693333333,2840,1798
3.1140319394004,4.49337878907666,0.459835145947956,4004.3003,2840,1798
-0.692309695567856,-0.419338119955983,1.87707891254999,4004.76743333333,2841,1799
-0.686621377743773,-0.398155476921814,1.87675157355481,4004.8008,2841,1799
-0.683606807432353,-0.376112704773464,1.87865598279995,4004.83416666667,2841,1799
-0.680142318439572,-0.350710531243076,1.880265840443,4004.86753333333,2841,1799
-0.676813448424156,-0.326884797351037,1.88495174185098,4004.9009,2841,1799
-0.672614657189749,-0.305273819716531,1.8903004379005,4004.93426666667,2841,1799
-0.479216522096614,0.48029816170235,1.79826850757566,4005.9019,2842,1799
-0.4747146821927,0.500932142828994,1.79491139532197,4005.93526666667,2842,1799
-0.467825578117005,0.524210091820212,1.78964498950825,4005.96863333333,2842,1799
-0.459846421402016,0.546518593897358,1.78352360576051,4006.002,2842,1799
-0.451645417024615,0.568769647617975,1.77594423054029,4006.03536666667,2842,1799
-0.441511230632026,0.59128901565593,1.76771039252776,4006.06873333333,2842,1799
-0.431228927748938,0.612909956228287,1.75943091295943,4006.1021,2842,1799
0.0658137746467784,1.29471510349898,1.5390642073791,4007.23656666667,2843,1800
0.0822208386046919,1.30083015564129,1.5322530347098,4007.26993333333,2843,1800
0.100649715679141,1.3079505466865,1.52493638313652,4007.3033,2843,1800
0.119968615054971,1.31503249314225,1.51702394916262,4007.33666666667,2843,1800
0.138081239629673,1.32214668224347,1.5095186440006,4007.37003333333,2843,1800
0.15581779258792,1.32999481401486,1.50143578380876,4007.4034,2843,1800
0.172001615891149,1.33627902048168,1.49345359554505,4007.43676666667,2843,1800
0.185617736632197,1.34241531272485,1.48633122071398,4007.47013333333,2843,1800
2.86559100099252,2.70764515205846,0.653285123334095,4007.97063333333,2844,1801
2.87513156138853,2.69942028127199,0.656322419855492,4008.004,2844,1801
0.646695918410665,1.24888232763258,1.21868433024569,4008.8048,2845,1802
0.658724057082878,1.23905966186876,1.21322446935077,4008.83816666667,2845,1802
0.672406333517655,1.22742717748919,1.20689876960512,4008.87153333333,2845,1802
0.686470355511223,1.2148470251115,1.20025538224263,4008.9049,2845,1802
0.70068338355906,1.20261436791409,1.19370818797286,4008.93826666667,2845,1802
0.71476540613301,1.19096136269422,1.18733592479411,4008.97163333333,2845,1802
0.727871499987329,1.18006106273502,1.18069594229608,4009.005,2845,1802
0.739786048839078,1.16917250381699,1.17432934789229,4009.03836666667,2845,1802
1.05155511122326,0.769125659374728,0.973377797192604,4010.006,2847,1802
1.0577181327742,0.754510264680759,0.972269872045021,4010.03936666667,2847,1802
1.06386746622106,0.740955278614481,0.971417790686265,4010.07273333333,2847,1802
1.06960961372605,0.728609452585491,0.970221651771837,4010.1061,2847,1802
1.07291544917955,0.71694833703134,0.967376333249901,4010.13946666667,2847,1802
2.98805324882377,2.31662705130557,0.644624747126827,4009.07173333333,2846,1803
1.14356723445697,0.259026900177872,0.883475779238959,4011.37403333333,2848,1804
1.1439859754829,0.254141117317871,0.88206482104446,4011.4074,2848,1804
1.14762882327841,0.246677227841354,0.882984292197855,4011.44076666667,2848,1804
1.14623003771933,0.241805477716484,0.88185136800706,4011.47413333333,2848,1804
1.14420453647795,-0.24164191614142,1.01465243483085,4013.2092,2849,1805
1.14830358931083,-0.247051587279385,1.01747132989079,4013.24256666667,2849,1805
1.15633490097162,-0.256578585529456,1.02171367300245,4013.27593333333,2849,1805
1.1618935790779,-0.26305388514023,1.02522954459951,4013.3093,2849,1805
1.53911697339408,-0.292858546060089,1.03072604557666,4014.54386666667,2850,1806
1.55163830469098,-0.282051825854374,1.03077959531215,4014.57723333333,2850,1806
1.5651742806818,-0.271384143268067,1.03145951241764,4014.6106,2850,1806
1.57648125805955,-0.258477193430267,1.03148247232157,4014.64396666667,2850,1806
1.58898778618707,-0.246065979770359,1.03113417470938,4014.67733333333,2850,1806
1.60018518912495,-0.235093436241515,1.03204630610109,4014.7107,2850,1806
1.81054106827481,0.357726399848824,1.03474683638135,4015.94526666667,2851,1807
1.81234212759693,0.376659062779049,1.03547603182444,4015.97863333333,2851,1807
1.81595450131967,0.395431714284766,1.03483514619826,4016.012,2851,1807
1.81921436852333,0.413461912754976,1.03438034626941,4016.04536666667,2851,1807
2.09666986713442,1.22427415468766,0.8082951417258,4017.04636666667,2852,1808
2.10722440163364,1.245026433987,0.800745467821947,4017.07973333333,2852,1808
2.12212901558435,1.27132025035519,0.792880299970672,4017.1131,2852,1808
2.13435439627407,1.29650789827022,0.786280728543844,4017.14646666667,2852,1808
2.14405180885123,1.3204559265031,0.780423257023593,4017.17983333333,2852,1808
2.15693049316011,1.34423707311999,0.776931339581899,4017.2132,2852,1808
2.16252120592835,1.36254925352714,0.77589169211933,4017.24656666667,2852,1808
2.94493313197945,2.21786940504398,0.547659044251505,4019.18183333333,2853,1809
2.95951198566172,2.23368966832816,0.543099994130736,4019.2152,2853,1809
2.9696416161064,2.24998599235403,0.539905122614229,4019.24856666667,2853,1809
4.23876631493771,2.51375422560705,1.94498528372312,4019.38203333333,2854,1810
2.87153746657635,3.18441863036905,1.60324905408558,4020.4164,2855,1811
2.83162735773068,3.21392206124742,1.60213997667268,4020.44976666667,2855,1811
2.78815109543217,3.24674478754639,1.60019149993151,4020.48313333333,2855,1811
1.83552021339879,4.12837284405215,1.86825307201117,4021.6176,2856,1812
1.81844532784046,4.12737850736679,1.887241735741,4021.65096666667,2856,1812
1.80227068512407,4.12906004411338,1.90830193801548,4021.68433333333,2856,1812
1.78800493639751,4.13186165024006,1.92927786264539,4021.7177,2856,1812
2.56723066759246,3.04211701114829,0.384338935973101,4022.28493333333,2857,1813
2.55527900638697,3.04371305698685,0.38224273784436,4022.3183,2857,1813
2.54535966631879,3.04558436072133,0.380129482868551,4022.35166666667,2857,1813
2.53340631247604,3.04620630439152,0.377519987669062,4022.38503333333,2857,1813
0.930213014626098,4.24556509917142,2.67198430297061,4023.019,2858,1814
0.922363828945563,4.2437648112495,2.69294329036724,4023.05236666667,2858,1814
0.914519640022951,4.24125042608801,2.71395936056395,4023.08573333333,2858,1814
0.904279650204139,4.23605886641086,2.7331261170759,4023.1191,2858,1814
0.421912877707458,4.24129909098727,3.61780568660707,4024.08673333333,2859,1815
0.409243759842801,4.23918286023754,3.64158714452391,4024.1201,2859,1815
0.395791069169423,4.23187577130426,3.66250308952103,4024.15346666667,2859,1815
0.384025014451891,4.23685675878306,3.692736858393,4024.18683333333,2859,1815
1.75995910840356,2.75707964049734,0.469320827091334,4024.5205,2860,1816
1.74812497237227,2.75945003460305,0.471435204073708,4024.55386666667,2860,1816
1.73737398358486,2.76317436353312,0.473602306462756,4024.58723333333,2860,1816
1.72509458120551,2.76748449757018,0.475910451893521,4024.6206,2860,1816
1.71312649265186,2.77107941982204,0.478225294441124,4024.65396666667,2860,1816
0.528507009431138,3.64300100958,4.17315119593716,4026.4224,2861,1817
0.803501234446262,2.48128123206998,0.667258763289631,4026.95626666667,2862,1818
0.786547306739255,2.47488051500097,0.671435413631723,4026.98963333333,2862,1818
0.768279121688118,2.4679082894772,0.675866587175022,4027.023,2862,1818
0.750190114242665,2.46096167729341,0.679704473991091,4027.05636666667,2862,1818
0.734365972467752,2.45472908685642,0.683546286461553,4027.08973333333,2862,1818
0.722100933163299,2.45008750473278,0.685879261076877,4027.1231,2862,1818
0.764650909426986,0.204274683613146,1.01935160015781,4033.7297,2863,1819
0.772697266669154,0.196212699348094,1.02461927966218,4033.76306666667,2863,1819
0.781619183836898,0.186357538586126,1.0313119383574,4033.79643333333,2863,1819
0.78910569698603,0.176262032151959,1.03754517264651,4033.8298,2863,1819
0.936272664757819,-0.31537627696456,1.11207210272105,4035.39803333333,2864,1820
0.931999955414685,-0.31821486085219,1.11703271645211,4035.4314,2864,1820
0.926641915898103,-0.32206832653349,1.12206967011839,4035.46476666667,2864,1820
0.920915554289053,-0.328114452675738,1.12777781758844,4035.49813333333,2864,1820
0.568913513637307,-0.44284617435223,0.978677578841227,4036.8328,2865,1821
0.556444525173051,-0.443840793790197,0.975381230567013,4036.86616666667,2865,1821
0.544798790721771,-0.437415071069999,0.96982834502315,4036.89953333333,2865,1821
0.53408326186717,-0.433429551511669,0.96524412835402,4036.9329,2865,1821
0.524224704171711,-0.43479858423026,0.962709705971779,4036.96626666667,2865,1821
-0.125978034262731,0.189864286116822,0.566309397947545,4039.035,2866,1822
-0.0266562338996861,0.425410423974,0.58937473280429,4039.9359,2867,1822
-0.0190877078217455,0.438706608822169,0.593068451547747,4039.96926666667,2867,1822
-0.0117167991906266,0.451707371369823,0.594521521690883,4040.00263333333,2867,1822
-0.00340448091997336,0.464621878186141,0.596244088057988,4040.036,2867,1822
2.18123217093718,2.68143130416841,3.26380426906474,4041.037,2868,1823
2.22229159213878,2.67484633344873,3.25904403912555,4041.07036666667,2868,1823
2.2582283185225,2.66895674859933,3.24774265154512,4041.10373333333,2868,1823
0.820480561897237,0.835853689332439,0.848854393329501,4042.8388,2869,1824
0.834993784324037,0.84233232215762,0.857822649110425,4042.87216666667,2869,1824
0.851096946650568,0.847973232575682,0.86765179042865,4042.90553333333,2869,1824
0.867198886342968,0.852919591837962,0.877698084432731,4042.9389,2869,1824
0.882450671695906,0.858388082583751,0.887793235301736,4042.97226666667,2869,1824
0.896875311467194,0.862721122629795,0.896601246649085,4043.00563333333,2869,1824
0.912342369734772,0.867264173766852,0.905752644743562,4043.039,2869,1824
1.44777319821754,1.37350077912032,1.13595605027525,4044.3403,2870,1825
1.45404049366188,1.38871917647371,1.14049408654894,4044.37366666667,2870,1825
1.46105393464999,1.40551546288288,1.14528324523274,4044.40703333333,2870,1825
1.46766157178359,1.4223338426586,1.14965655991685,4044.4404,2870,1825
1.47426557175567,1.44009459400985,1.15470665998602,4044.47376666667,2870,1825
1.48108040422992,1.45715856449818,1.15951173591696,4044.50713333333,2870,1825
1.48813532146605,1.4747860175766,1.16532150259883,4044.5405,2870,1825
1.49303081616846,1.49187710393764,1.16965966625329,4044.57386666667,2870,1825
1.61644515615765,2.29679558503809,1.22493592859837,4045.80843333333,2871,1826
1.61260575985648,2.32113328774855,1.22295976064673,4045.8418,2871,1826
1.60750489501574,2.34864344492359,1.22034702759097,4045.87516666667,2871,1826
1.60361551919458,2.37605712723369,1.2181872755664,4045.90853333333,2871,1826
1.60068713630792,2.4037727138609,1.21686318796692,4045.9419,2871,1826
1.59883866482247,2.43079330805995,1.21577637930465,4045.97526666667,2871,1826
1.59543334936025,2.45562383246504,1.21458431046511,4046.00863333333,2871,1826
1.67251610834884,2.95972827017165,1.32377698483538,4046.9429,2872,1826
1.67086835804041,2.97783703736334,1.33411183926721,4046.97626666667,2872,1826
1.67063393240973,2.99678562843948,1.34424008633819,4047.00963333333,2872,1826
1.67029163948432,3.01493093097776,1.35363684944345,4047.043,2872,1826
1.67069552532937,3.03381294118053,1.36271842369787,4047.07636666667,2872,1826
1.66006109121319,3.55188885891221,1.55444755229196,4048.2442,2873,1827
1.6605015557147,3.56755351774847,1.55734772361354,4048.27756666667,2873,1827
1.65730616393778,3.58044053753481,1.55650571813244,4048.31093333333,2873,1827
1.65685633360463,3.59808307605602,1.55683488475011,4048.3443,2873,1827
1.51070163503063,4.44542684593136,0.759804002671797,4048.37766666667,2874,1828
1.50821519951561,4.46151117794068,0.757188201136518,4048.41103333333,2874,1828
1.73891524102679,4.0414231279881,1.50834220634987,4049.47876666667,2875,1829
1.74843560869859,4.05659131228068,1.50430715544626,4049.51213333333,2875,1829
1.75060656435026,4.06380985379638,1.49866199530505,4049.5455,2875,1829
1.75345046377828,4.07702488493532,1.49584740653139,4049.57886666667,2875,1829
1.71330704347175,4.16491707736446,1.31540048153625,4054.05,2876,1830
1.72073382682521,4.16157125755936,1.32166521096892,4054.08336666667,2876,1830
1.72454743314066,4.14991723074279,1.32643401696304,4054.11673333333,2876,1830
1.72755165629819,4.13860846732128,1.33173400383033,4054.1501,2876,1830
1.73724969272781,4.13721594980784,1.33972032342786,4054.18346666667,2876,1830
1.73633819044985,4.12222892673955,1.34191620310735,4054.21683333333,2876,1830
3.88124203433125,7.06915767869226,1.32593951758107,4054.81743333333,2877,1831
3.89417441878104,7.07008852044919,1.33758206953836,4054.8508,2877,1831
2.17642390351572,3.52775784333211,1.44422216900499,4055.7517,2878,1832
2.19051004720825,3.51019611542181,1.44125283220183,4055.78506666667,2878,1832
2.21023795331765,3.49523050254065,1.43815733283315,4055.81843333333,2878,1832
2.22291069796166,3.47724708425791,1.43411334099235,4055.8518,2878,1832
2.24133022959371,3.46267994823552,1.43085644896068,4055.88516666667,2878,1832
2.77287976307744,2.87178371357715,1.14486098027207,4057.01963333333,2879,1833
2.78882610829938,2.85357779836952,1.13996145305786,4057.053,2879,1833
2.80100347984828,2.83476698820318,1.13467981170518,4057.08636666667,2879,1833
2.81268540972934,2.81298667961106,1.12840454995835,4057.11973333333,2879,1833
2.82497428908893,2.79433707006835,1.12294644867495,4057.1531,2879,1833
2.83646008880462,2.77419830360134,1.11484298423717,4057.18646666667,2879,1833
2.86897539616235,5.68708066064189,1.44075850987578,4057.78706666667,2880,1834
2.85341677378711,5.67597679070464,1.45042133387213,4057.82043333333,2880,1834
2.8332482536245,5.6555613187024,1.45616145690101,4057.8538,2880,1834
3.28160279345786,2.00404013619813,0.928427536604274,4058.2542,2881,1835
3.30228603803385,1.98145084696353,0.926583392707288,4058.28756666667,2881,1835
3.31417346918183,1.95935518961705,0.925411757169356,4058.32093333333,2881,1835
3.33323953741481,1.93835931239578,0.924158784084454,4058.3543,2881,1835
3.34247376744458,1.91858740275207,0.92207961366103,4058.38766666667,2881,1835
1.93885810763328,4.92977185377898,1.18746872488978,4059.2552,2882,1836
1.91498356754153,4.90497365621942,1.18067124980813,4059.28856666667,2882,1836
1.89792636338284,4.89361713818117,1.17608299335732,4059.32193333333,2882,1836
1.87863654007928,4.87376327396079,1.16976351039698,4059.3553,2882,1836
1.69620528915148,4.53710465429822,1.08591432921383,4060.2562,2884,1836
1.69483670113737,4.53558815818944,1.08476636115865,4060.28956666667,2884,1836
1.68459718451538,4.52153758406203,1.07990296579392,4060.32293333333,2884,1836
1.67762185428692,4.51712900868772,1.07508459967399,4060.3563,2884,1836
1.53161171535341,4.61693510145866,0.887141236267703,4061.29056666667,2886,1836
1.5404700062348,4.63526315033823,0.879536178024186,4061.32393333333,2886,1836
1.54113867315514,4.64257802615329,0.871688012874905,4061.3573,2886,1836
1.53650404085902,4.64642668012083,0.863518984091866,4061.39066666667,2886,1836
1.5743757647368,4.58695121449165,0.773275825700096,4062.29156666667,2888,1836
1.58023132505066,4.57568348724727,0.77051762948209,4062.32493333333,2888,1836
1.5896219085814,4.57453188653273,0.76539453443553,4062.3583,2888,1836
1.68183190961085,4.51480783402524,0.762374683825983,4063.1591,2889,1836
1.68142259720189,4.52094684121069,0.766001862450914,4063.19246666667,2889,1836
1.67527731262519,4.52151409610527,0.768068352655215,4063.22583333333,2889,1836
1.6767942280803,4.53574684166552,0.768366228715937,4063.2592,2889,1836
3.66643977661,1.20200480321268,0.902116209678132,4059.4554,2883,1837
3.67972083545549,1.18341757447816,0.90586871090403,4059.48876666667,2883,1837
3.68875396339196,1.16084613766832,0.909075487553994,4059.52213333333,2883,1837
3.69782916831894,1.14234500308379,0.911963067395531,4059.5555,2883,1837
4.07265333450978,0.294828281243115,0.931141131217064,4060.7567,2885,1838
4.09830907314803,0.270126748557554,0.935875230351948,4060.79006666667,2885,1838
4.10662598056722,0.249955392131149,0.941510240238504,4060.82343333333,2885,1838
4.06503884648939,-0.287925434979423,1.03933172713501,4062.058,2887,1839
4.05836803340756,-0.296734415781172,1.04624830016512,4062.09136666667,2887,1839
4.0465328447359,-0.304745194271763,1.05321498598545,4062.12473333333,2887,1839
4.04172724326404,-0.313037261827873,1.06107888356173,4062.1581,2887,1839
3.64039487027322,-0.94628599262932,1.46930385184507,4064.12673333333,2890,1840
1.55996155023298,5.22438116616121,0.766581968040198,4065.02763333333,2891,1841
1.29545078514242,5.98400932142224,0.907011378909326,4066.99626666667,2892,1842
0.948809464427916,6.3494083196234,1.36249929607559,4070.066,2893,1843
0.946974338532373,6.39418699786005,1.37746739871392,4070.09936666667,2893,1843
0.934578452872253,6.33394915137845,1.37849234381439,4070.13273333333,2893,1843
1.10424187614774,5.92882274552338,1.52861653490172,4071.63423333333,2894,1844
1.81725779893137,5.93130527045356,1.45664576765807,4072.8688,2895,1845
2.80666907653365,4.86118081448222,1.14662174074444,4076.33893333333,2896,1846
2.80481291504925,4.87170700904836,1.15095626089527,4076.3723,2896,1846
2.79358711510967,4.8757829924071,1.15421453281924,4076.40566666667,2896,1846
2.78151107465937,4.8825757250155,1.15702035268708,4076.43903333333,2896,1846
1.90897818823083,5.35206022676898,1.12570622406119,4077.8738,2897,1847
1.89112258275391,5.36842858329066,1.1253666058341,4077.90716666667,2897,1847
1.86430982401753,5.36627005279479,1.12275875456844,4077.94053333333,2897,1847
1.2285859668014,5.22342275193868,1.03849871192385,4079.2752,2898,1848
1.21305354012118,5.21483126463021,1.04152927673706,4079.30856666667,2898,1848
1.20162338778762,5.2129042256018,1.04630362297585,4079.34193333333,2898,1848
0.787561158355691,5.03107043213246,1.11579441341373,4080.24283333333,2899,1848
0.775498481876187,5.01572910506795,1.12282106050519,4080.2762,2899,1848
0.760655867063164,4.98235710714446,1.12709500033969,4080.30956666667,2899,1848
0.751259425143622,4.97256009907983,1.13523166089629,4080.34293333333,2899,1848
-0.614628785628219,5.02331506970855,1.55909978637983,4083.9799,2900,1849
-0.628807549688013,5.00810799659271,1.55996961863983,4084.01326666667,2900,1849
-0.638847090747367,4.98897794843315,1.55884262004635,4084.04663333333,2900,1849
-0.654623116487735,4.98726546966551,1.56321430180292,4084.08,2900,1849
-0.67707047204311,5.01016147387199,1.5752448415143,4084.11336666667,2900,1849
1.24889711356966,-0.589128410713377,0.867349333805341,4084.01326666667,2901,1850
1.27271584524206,-0.59036467009507,0.868416804220244,4084.04663333333,2901,1850
1.28590209891222,-0.574110758150754,0.867915971569881,4084.08,2901,1850
1.78252796905435,-0.52758743704062,0.831629020627888,4084.84743333333,2902,1850
1.8020099750728,-0.524008017700758,0.826625908221318,4084.8808,2902,1850
1.81876664708919,-0.517988318866846,0.822513542082382,4084.91416666667,2902,1850
2.1968599753813,-0.515927473244995,0.688346956860016,4085.7817,2904,1850
-1.21211311267172,4.99134489267476,1.6401369428063,4085.31456666667,2903,1851
-1.23328850704065,4.99764084022352,1.64713073572012,4085.34793333333,2903,1851
-1.24800712920169,4.9919828256603,1.65487812216785,4085.3813,2903,1851
-1.74115768647872,4.86271321036388,1.5931960025249,4086.51576666667,2905,1852
-1.76576994010665,4.87485161573421,1.59496060672452,4086.54913333333,2905,1852
-1.78172997687412,4.87460281097461,1.59460523256214,4086.5825,2905,1852
-2.33112990009894,4.72570552089024,1.48486605501358,4087.71696666667,2906,1853
-2.34532481445385,4.72115461488019,1.48424925008213,4087.75033333333,2906,1853
-2.35888977698391,4.72009267780914,1.48605174906135,4087.7837,2906,1853
-2.57314183732163,4.42442005933101,1.41238813364613,4089.01826666667,2907,1854
-2.5559547616757,4.40370863915562,1.40753531643967,4089.05163333333,2907,1854
-2.54727081135212,4.393239216897,1.4031100043097,4089.085,2907,1854
3.50381731300537,-0.3550844913272,0.0593784643228785,4089.21846666667,2908,1855
-2.362347733136,3.96581752540036,1.24921227224158,4090.11936666667,2909,1856
-2.35846885279742,3.94456117399352,1.24572931314527,4090.15273333333,2909,1856
-2.35248332021403,3.92367888895608,1.24301407300962,4090.1861,2909,1856
-2.36526191445045,3.91916148326211,1.24261946183253,4090.21946666667,2909,1856
-2.37375831641063,3.59977955970589,1.24578172679342,4091.22046666667,2910,1857
-2.37361926056547,3.59030693941321,1.24909950327077,4091.25383333333,2910,1857
-2.36969801545026,3.57773116095085,1.25424799083456,4091.2872,2910,1857
-2.36801235533394,3.56498378050384,1.25940468156334,4091.32056666667,2910,1857
-2.36874600648159,3.55663647946448,1.26490995615565,4091.35393333333,2910,1857
-2.68911001041218,2.96585454291232,1.43022988342255,4093.3893,2911,1858
-2.92876005057791,2.37623736769684,1.47383341353554,4094.65723333333,2912,1859
-2.92556810795503,2.35849124384442,1.48054175950119,4094.6906,2912,1859
-2.91485208050568,2.34153040608789,1.48565822382733,4094.72396666667,2912,1859
-2.90369570665309,2.32595538777471,1.49287073731172,4094.75733333333,2912,1859
-2.89218328374852,2.31108184208573,1.49723803762397,4094.7907,2912,1859
-2.17941180505413,1.77716060692204,1.33744312719198,4095.8918,2913,1860
-2.14912910667814,1.76667090246204,1.3333193041891,4095.92516666667,2913,1860
-2.11773417412167,1.7551403290981,1.32770433663492,4095.95853333333,2913,1860
-2.08466556464054,1.7440017216761,1.32355375091511,4095.9919,2913,1860
-2.0549093378777,1.73484994490969,1.31843165402176,4096.02526666667,2913,1860
-2.0206090859232,1.72811980727807,1.31061326375593,4096.05863333333,2913,1860
-0.976876977470492,1.52660468743821,0.991269669537721,4096.95953333333,2914,1861
-0.944661693526656,1.51578471073652,0.987077296513173,4096.9929,2914,1861
-0.91155875677353,1.50599343962222,0.983388217101717,4097.02626666667,2914,1861
-0.881683502824195,1.49728561353851,0.97947130541606,4097.05963333333,2914,1861
-0.85156889584205,1.48932348104037,0.975324195669415,4097.093,2914,1861
-0.820852271854935,1.48196564228111,0.970638797206086,4097.12636666667,2914,1861
-0.7938684192631,1.47817669122842,0.966562217312916,4097.15973333333,2914,1861
-0.0472473395807012,1.2788181941643,0.837552793700316,4097.9939,2915,1861
-0.0220590704295656,1.2675391864932,0.829951480512878,4098.02726666667,2915,1861
0.00749879191961933,1.25406627295165,0.821245326043669,4098.06063333333,2915,1861
0.0367857696139611,1.24144394724446,0.81268576734258,4098.094,2915,1861
0.0653818535522981,1.2306080402129,0.804548904691612,4098.12736666667,2915,1861
0.093332685709609,1.22117433533013,0.796505622541278,4098.16073333333,2915,1861
0.119196698906234,1.21204093079443,0.788542256659322,4098.1941,2915,1861
0.723921664624006,1.09978926710383,0.57874986334644,4099.095,2916,1861
0.747907779760097,1.09634980861183,0.573119572428452,4099.12836666667,2916,1861
0.772056588225169,1.09152064278262,0.56853074682219,4099.16173333333,2916,1861
0.797436944650495,1.08660888153711,0.564330932056249,4099.1951,2916,1861
0.820899690560208,1.07746402218817,0.561943797970116,4099.22846666667,2916,1861
1.25628851976682,0.920529186457759,0.645005187528267,4100.1961,2917,1861
1.2703740379265,0.912272533766359,0.651320115489198,4100.22946666667,2917,1861
1.28391558323792,0.903548056557947,0.657425427320159,4100.26283333333,2917,1861
1.29868277522255,0.895763562007998,0.662818278878766,4100.2962,2917,1861
1.31525229171785,0.888733903439929,0.667892267847702,4100.32956666667,2917,1861
1.78608379714186,0.598324698184418,0.574668614184202,4101.2972,2918,1861
1.79513088239926,0.592881872197811,0.577930913463551,4101.33056666667,2918,1861
1.80811244135391,0.583339658980069,0.582129206322438,4101.36393333333,2918,1861
1.82007172544948,0.573351762074281,0.58553216033618,4101.3973,2918,1861
2.09670760729919,0.250154535302074,0.683077364340147,4102.3983,2919,1862
2.10393961200166,0.236591274491111,0.687947948650424,4102.43166666667,2919,1862
2.11387849104582,0.222459174769789,0.695723899402744,4102.46503333333,2919,1862
2.12182840001119,0.209588370263546,0.70158432126725,4102.4984,2919,1862
2.461079629643,-0.12863685230196,0.755143340412701,4103.53276666667,2920,1863
2.46394478415913,-0.1436587736092,0.761189059609331,4103.56613333333,2920,1863
2.46031184352722,-0.155545808703706,0.768317815486435,4103.5995,2920,1863
2.24319211759719,-0.656497629970045,0.925793193109851,4104.76733333333,2921,1864
2.23515794220456,-0.667745668295939,0.934881347856049,4104.8007,2921,1864
2.22369336590281,-0.677433865630823,0.944720227849536,4104.83406666667,2921,1864
2.21815671248382,-0.69087390870329,0.95469394035853,4104.86743333333,2921,1864
2.1646794250423,-1.06752276304383,1.15220516891277,4105.86843333333,2922,1865
2.16631811763631,-1.06780831978406,1.16027653801486,4105.9018,2922,1865
2.16671601318929,-1.06681363856099,1.16920827001279,4105.93516666667,2922,1865
2.17336743953637,-1.07428437156145,1.18115108727386,4105.96853333333,2922,1865
2.08262137701086,-1.07858256619655,1.45656603512196,4107.03626666667,2923,1866
2.07275320598182,-1.06591651701928,1.46513115673883,4107.06963333333,2923,1866
2.06247506240655,-1.05161362680419,1.47385797840338,4107.103,2923,1866
2.055333176907,-1.04207456123086,1.48455921218855,4107.13636666667,2923,1866
2.04261267281697,-1.02652937750735,1.49507025725656,4107.16973333333,2923,1866
1.62331429781851,-0.341128412108319,1.3519505475169,4108.23746666667,2924,1867
1.61734368206272,-0.331151697834191,1.34367555376164,4108.27083333333,2924,1867
1.61342660284558,-0.323469237841368,1.33730444107787,4108.3042,2924,1867
1.60545748032888,-0.311854919996239,1.3301223053378,4108.33756666667,2924,1867
1.59930477793006,-0.303596914595845,1.32762598923844,4108.37093333333,2924,1867
1.93282737187439,0.414715810240493,0.904893079255469,4109.6055,2925,1868
1.96266437498178,0.433883100964598,0.890521327708952,4109.63886666667,2925,1868
1.98762334857633,0.454036870768503,0.876331289199632,4109.67223333333,2925,1868
2.01287558572578,0.472839303264645,0.863093307153883,4109.7056,2925,1868
2.03642210150251,0.491166890209234,0.849339631437895,4109.73896666667,2925,1868
2.76224971064758,0.861628250642432,0.434376668407891,4110.8067,2926,1869
2.77246945175646,0.852591284923555,0.425485269384928,4110.84006666667,2926,1869
2.78736902156804,0.843516331280866,0.417590815289014,4110.87343333333,2926,1869
2.79980785200169,0.835376529241542,0.409795112422757,4110.9068,2926,1869
3.13588465091667,0.72210389523584,0.368693186676892,4111.87443333333,2927,1869
3.14550405138847,0.720518705085039,0.372064629673119,4111.9078,2927,1869
3.15436115929716,0.717223495363242,0.373112224635154,4111.94116666667,2927,1869
3.42034227946263,0.423093316119979,0.234686393309905,4112.87543333333,2928,1869
3.42979551900879,0.408201430786329,0.233345436947683,4112.9088,2928,1869
3.43625273725757,0.392461179064353,0.233036045602179,4112.94216666667,2928,1869
3.50262951660558,0.169466086240703,0.342505982568882,4113.9098,2929,1869
3.49662348137957,0.15955889866051,0.351072131153008,4113.94316666667,2929,1869
3.50129824384497,0.146477074383562,0.358088084089928,4113.97653333333,2929,1869
3.50156424330562,0.135387880671522,0.367622862012293,4114.0099,2929,1869
3.35974625886644,-0.293526142928018,0.51111277227317,4114.94416666667,2930,1869
3.35754833630713,-0.308063916817296,0.517245110221359,4114.97753333333,2930,1869
3.35131709157692,-0.320586993059499,0.524025113454429,4115.0109,2930,1869
3.33975750719109,-0.329244979329359,0.530216408199382,4115.04426666667,2930,1869
3.09969579154221,-0.865150520606145,0.575852683428464,4116.17873333333,2931,1870
3.09512415729427,-0.876845659658519,0.580133304267797,4116.2121,2931,1870
3.10319168817242,-0.89936669966316,0.585230187159011,4116.24546666667,2931,1870
3.13912522047687,-1.27752390788134,0.678261117177298,4117.3132,2932,1871
3.14106177823065,-1.29203639761028,0.688476417569809,4117.34656666667,2932,1871
-4.79255644466457,-1.49767026731529,5.53235391497159,4118.0139,2933,1872
-4.08078433960295,3.60796186859163,1.40906967430122,4120.08263333333,2934,1873
-3.26194909181304,0.304544680987066,6.43380862973417,4120.34956666667,2935,1874
-3.22485400768696,0.340712019505989,6.43945956817102,4120.38293333333,2935,1874
-3.19800004248116,0.369150400414128,6.45012277873351,4120.4163,2935,1874
-4.4596239545432,2.1178847729558,1.79045874313625,4122.2181,2936,1875
-4.481692313562,2.08640166319984,1.79639902581541,4122.25146666667,2936,1875
-4.49565330434488,2.05916337469502,1.7973144916308,4122.28483333333,2936,1875
-2.52821723472426,-0.0424303754657596,6.99558704428264,4133.06226666667,2937,1876
-0.566741539514325,6.34111386804669,2.87467740417953,4139.66886666667,2938,1877
-0.521591733219564,6.28368030972568,2.85001233181243,4139.7356,2939,1877
-0.504917376668756,6.27715183329381,2.84700895616303,4139.76896666667,2939,1877
-0.487243035047818,6.28125428105822,2.85091589500496,4139.80233333333,2939,1877
-2.34823294937763,-1.35252852826565,2.81000142326608,4139.76896666667,2940,1878
-2.3222710223486,-1.33215185285073,2.82484857629964,4139.80233333333,2940,1878
-2.29888126762407,-1.31405671647073,2.83982649964124,4139.8357,2940,1878
-2.28169012398485,-1.29855296924701,2.86103481493056,4139.86906666667,2940,1878
-0.432580659162474,5.45561304736804,2.22482554076096,4141.00353333333,2941,1879
-0.442308055950272,5.40086723976673,2.21024558448082,4141.0369,2941,1879
-0.472464945300707,5.41652903327664,2.22664424704791,4141.07026666667,2941,1879
-0.489368776333531,5.40177473473338,2.2319476086292,4141.10363333333,2941,1879
-0.512355086147985,5.42201674812103,2.25028674222211,4141.137,2941,1879
-0.532783282016443,5.4304653253263,2.26365504203067,4141.17036666667,2941,1879
-0.967316069487351,-0.895836218341465,2.97057549758837,4141.27046666667,2942,1880
-0.933915923090315,-0.896900781793323,2.97551425989566,4141.30383333333,2942,1880
-0.902272984964258,-0.897408481530731,2.98023957574253,4141.3372,2942,1880
0.303447070461464,-0.985152929219413,3.14371356005254,4142.67186666667,2943,1881
1.16340540134152,-1.13860470199539,2.95721211846037,4144.20673333333,2944,1882
1.18166115078996,-1.14192406054622,2.95546500851558,4144.2401,2944,1882
1.19974831711804,-1.14597250858135,2.9523574908954,4144.27346666667,2944,1882
1.98533510599377,-0.235925606726485,2.25289350161528,4145.8417,2945,1883
2.00507746549226,-0.213962673025969,2.24040397436667,4145.87506666667,2945,1883
2.02155073795043,-0.192177504048719,2.22787373270862,4145.90843333333,2945,1883
2.04288021086481,-0.171770614691795,2.21703797745348,4145.9418,2945,1883
2.05875384867848,-0.149990866460776,2.20236500316918,4145.97516666667,2945,1883
2.42498749414073,0.754892134496625,1.75819594377662,4147.07626666667,2946,1884
2.44088094441468,0.776975951118421,1.75581535787026,4147.10963333333,2946,1884
2.44966102432224,0.799745616852111,1.75045005634391,4147.143,2946,1884
2.4592704158778,0.823479170249441,1.74518677445872,4147.17636666667,2946,1884
2.47255506797027,0.845736305244371,1.74084832455703,4147.20973333333,2946,1884
2.48464746330889,0.867841698067575,1.73404525490321,4147.2431,2946,1884
4.91687394371301,2.15609762603589,0.203160108775407,4158.0539,2947,1885
4.89931499327387,2.16719453323468,0.211787128291807,4158.08726666667,2947,1885
4.88641195992634,2.18516191548314,0.219834794821865,4158.12063333333,2947,1885
3.2882875240996,-1.37363033670502,1.23280912889489,4160.68986666667,2948,1886
2.95961466563762,-1.29185908201345,1.41182181418445,4161.62413333333,2949,1886
2.94570887810138,-1.28668911131872,1.41631079897498,4161.6575,2949,1886
4.37106584365742,3.96902423084059,0.364592315415469,4162.82533333333,2950,1887
4.35678650697618,3.9631387027865,0.368019448347595,4162.8587,2950,1887
4.13113142962443,3.86501844286114,0.4048879111699,4163.72623333333,2951,1887
4.13619918355045,3.864787017816,0.40432433149735,4163.7596,2951,1887
4.09066842248988,3.68013187653014,0.347804869020787,4164.7606,2952,1888
3.83288887836837,3.18267241295808,0.537219219285204,4166.69586666667,2953,1889
3.83512727637708,3.18144708540932,0.538013960021523,4166.72923333333,2953,1889
3.74194067772206,2.77698215199475,0.519390204420769,4167.69686666667,2954,1889
3.73400699708114,2.76115140964765,0.519353570286183,4167.73023333333,2954,1889
3.5689696246051,2.31523306110562,0.375716344819975,4168.69786666667,2955,1889
3.5643191322387,2.30077805677386,0.374092754424231,4168.73123333333,2955,1889
3.5613122013344,2.28609510595482,0.372187468483843,4168.7646,2955,1889
3.55711666456368,2.27433946239479,0.371436330998839,4168.79796666667,2955,1889
3.5511401703255,2.25997318468023,0.37055192609471,4168.83133333333,2955,1889
3.47730986985346,1.8822374872483,0.308453892998707,4169.7656,2956,1889
3.4697885330085,1.86223611132426,0.308367527314495,4169.79896666667,2956,1889
3.46451251836348,1.84364687827646,0.308825795444972,4169.83233333333,2956,1889
3.46074394532559,1.8236540686837,0.310037268795,4169.8657,2956,1889
3.46160321712584,1.80618147771144,0.310648792754684,4169.89906666667,2956,1889
4.35053467380915,0.778646978948811,0.22600612685377,4188.3842,2957,1890
4.15258354759563,0.436593650253194,0.374476672480525,4189.41856666667,2958,1891
4.14574123834581,0.429805018370397,0.381101787971548,4189.45193333333,2958,1891
4.14252032538749,0.423493043398628,0.388322941346449,4189.4853,2958,1891
2.83601634974275,-1.25421808194167,1.53355218561628,4189.75223333333,2959,1892
2.83086648596073,-1.25551775791805,1.54473108070791,4189.7856,2959,1892
3.75871596182427,0.0936244421173642,0.487796942767476,4190.51966666667,2960,1893
3.75261743196766,0.0782463336220103,0.495551445620084,4190.55303333333,2960,1893
3.72767983572803,0.059813851123399,0.511986838020154,4190.61976666667,2961,1893
3.46135089332574,-0.384942769301504,0.560922723136826,4191.62076666667,2962,1894
3.45573773236413,-0.393019747832407,0.565844989987899,4191.65413333333,2962,1894
2.76349903060314,-1.20907095555383,1.67347550001915,4194.75723333333,2963,1895
2.75504317068172,-1.20854389049511,1.68565030810559,4194.7906,2963,1895
2.41017590793721,-0.301869443775401,1.85291717083303,4196.55903333333,2964,1896
2.40445441390415,-0.292436324227189,1.84767079481031,4196.5924,2964,1896
2.39972008170705,-0.283845627916226,1.84293345410316,4196.62576666667,2964,1896
2.39261857792681,-0.276669489393465,1.83824116567787,4196.65913333333,2964,1896
2.48662572582335,-0.346408576682279,1.3763544131521,4197.86033333333,2965,1897
2.51690714905262,-0.372373348741472,1.35007263243898,4197.8937,2965,1897
2.54690685073358,-0.399006869729393,1.32214009463043,4197.92706666667,2965,1897
2.57200320837333,-0.422146681819596,1.29453087959156,4197.96043333333,2965,1897
3.27708383185379,-0.143096039196577,0.563223975994039,4199.12826666667,2966,1898
3.29060351103399,-0.116515094055517,0.552668688938973,4199.16163333333,2966,1898
3.29379032750291,-0.0882670479067905,0.544305052912688,4199.195,2966,1898
3.29890009068309,-0.0581797325532044,0.536917334382556,4199.22836666667,2966,1898
3.15995655936458,0.420404727601589,0.385503164975172,4200.22936666667,2967,1899
3.16017624650664,0.433195556636243,0.380857131523466,4200.26273333333,2967,1899
3.15463261418051,0.447017798089936,0.377369786894016,4200.2961,2967,1899
2.69300780047519,0.691786945205954,0.307800586865694,4201.3972,2968,1900
2.67694764660914,0.700772657501399,0.310999827105707,4201.43056666667,2968,1900
2.65900236106347,0.709463504810655,0.316018105948106,4201.46393333333,2968,1900
2.64286194432869,0.717337918362987,0.320742124076148,4201.4973,2968,1900
1.93975461059698,0.672521960899637,0.420340929021159,4202.3982,2969,1900
1.9118841363764,0.676353203309954,0.428541068636189,4202.43156666667,2969,1900
1.88133076065872,0.680837695157211,0.437477309792547,4202.46493333333,2969,1900
1.85711122136476,0.685185273917925,0.445877573172228,4202.4983,2969,1900
1.83199117188059,0.689875048888746,0.457154750015992,4202.53166666667,2969,1900
1.31000130092129,0.993308738320628,0.568165138500028,4203.3992,2970,1900
1.29502152237198,0.995569365930658,0.574566501228604,4203.43256666667,2970,1900
1.28051156526385,0.998241395721903,0.581040486135761,4203.46593333333,2970,1900
1.2686746657704,0.999835040126821,0.586751893098933,4203.4993,2970,1900
1.25948651748295,0.999484197502372,0.590566942852561,4203.53266666667,2970,1900
1.25210812409657,0.997384177847026,0.592373500052775,4203.56603333333,2970,1900
1.24646546023713,0.994085921804626,0.592053868111396,4203.5994,2970,1900
1.2010224784704,0.556819860146952,0.306229256317919,4205.1009,2971,1901
1.19083841643317,0.548647384984088,0.303616013841094,4205.13426666667,2971,1901
1.18241132420735,0.539941884149635,0.30065510682364,4205.16763333333,2971,1901
1.17432390269546,0.531508999705796,0.298808177320396,4205.201,2971,1901
1.06986508902965,0.297410114969506,0.183221516592291,4206.03516666667,2972,1901
1.05433698410438,0.289846625137268,0.17948451803793,4206.06853333333,2972,1901
1.03703183680088,0.280159007690971,0.176271109581354,4206.1019,2972,1901
1.02382084234581,0.268377910176954,0.176338461903473,4206.13526666667,2972,1901
4.47402265499715,-2.72551206102288,1.76167263926901,4209.77223333333,2973,1902
4.20624405818324,-2.29503470689765,1.7320118700233,4211.37383333333,2974,1903
4.21584901553183,-2.30202002375414,1.73366861923214,4211.4072,2974,1903
3.93794872844354,-0.926543432261169,1.10425100113618,4214.9107,2975,1904
3.93844251437028,-0.899553213183187,1.09555674559842,4214.94406666667,2975,1904
3.9345889904829,-0.870827074588901,1.08431321423995,4214.97743333333,2975,1904
3.9374302824008,-0.84398701331242,1.07546906448409,4215.0108,2975,1904
3.94914593250277,-0.822503762706915,1.0682719258936,4215.04416666667,2975,1904
4.01172556299485,0.352679237922005,0.579519141711873,4216.5123,2976,1905
4.02051641820234,0.380816989191643,0.567320921781401,4216.54566666667,2976,1905
4.02648570338961,0.409625034956877,0.554896909748201,4216.57903333333,2976,1905
4.02364158497073,0.437201750856593,0.543677505495543,4216.6124,2976,1905
4.03174125903202,0.463006852631223,0.531743353414366,4216.64576666667,2976,1905
0.995321169947272,0.158135336954236,0.107481069494856,4219.3151,2977,1906
0.995305269061943,0.158232545981538,0.107522659417694,4219.34846666667,2977,1906
0.993351128635095,0.160290834919377,0.106775059712229,4219.9157,2978,1906
0.993439078175119,0.159524450012299,0.1064141686092,4219.94906666667,2978,1906
0.994637831319306,0.158225327973505,0.105271809292741,4219.98243333333,2978,1906
0.991211908613264,0.167251630862734,0.112803910702761,4227.0228,2979,1907
0.991163386505175,0.167185359622731,0.112723216153601,4227.05616666667,2979,1907
1.00267250326296,0.199142690781161,0.0927253036974275,4244.20663333333,2980,1908
-1.77774234650619,0.948973656546526,0.786577100088891,4277.0728,2981,1909
-1.7637513687532,0.963652908043028,0.787117305462369,4277.10616666667,2981,1909
-1.53402754779428,1.25727811566998,0.864583242135517,4278.00706666667,2982,1909
-1.53022282293045,1.26969148975191,0.871810669537551,4278.04043333333,2982,1909
-1.52152329758725,1.28515796475434,0.878748005825058,4278.0738,2982,1909
-1.51483223493917,1.29993300408484,0.885659312687291,4278.10716666667,2982,1909
-1.50489116808674,1.31611851588215,0.891041227874538,4278.14053333333,2982,1909
-1.08647726632792,2.01143160982202,1.05769866423264,4279.10816666667,2983,1909
-1.06350243987519,2.04523590138627,1.06242658451209,4279.14153333333,2983,1909
-1.03806333807549,2.08086285349334,1.06666328502369,4279.1749,2983,1909
-0.565169057653033,1.89983849598293,0.321478634790889,4283.71276666667,2984,1910
-0.564833205512055,1.89948229570119,0.321529166409131,4283.74613333333,2984,1910
-0.563827387613,1.89973337876437,0.322466801637626,4283.7795,2984,1910
1.34942762539381,5.29240510752749,0.739743821706031,4343.77276666667,2985,1911
-0.539605229182799,1.98192696065895,0.408602925585751,4349.41173333333,2986,1912
-0.539796768278113,1.98175121733183,0.407849723747856,4349.4451,2986,1912
-0.540896498074155,1.98135249820357,0.407141715551951,4349.47846666667,2986,1912
-4.24719458996996,3.51239926503809,5.87659445811691,4538.26706666667,2987,1913
-4.75145868972769,3.47329885896677,5.23815759350458,4539.40153333333,2988,1914
1.32452923860203,4.75169306907805,0.521876278760874,4555.38416666667,2989,1915
-3.60659940265229,0.1952363658967,4.1982753861301,4557.9534,2990,1916
-2.00424425005629,1.70931844559615,1.00585734301752,4752.38096666667,2991,1917
-1.99589833025993,1.72402732414698,0.999046824827531,4752.41433333333,2991,1917
-1.98222836632819,1.74191072420124,0.989801316852509,4752.4477,2991,1917
-1.65528735121728,1.96832518608958,0.814566274445855,4753.41533333333,2992,1917
-1.64590684561176,1.97521144718759,0.809648137545051,4753.4487,2992,1917
