-1.49676675575701,4.91571703954697,0.294068479692796,60.2602,1,1
-2.41748662584752,-3.30368595943653,0.253943373460345,60.8274333333333,2,2
-2.30713122981898,-3.06272856203055,0.196958119787897,61.4280333333333,5,2
-2.14785808261185,-2.84474887628121,0.245298980523818,62.0286333333333,7,2
-2.11187690040176,-2.63342447869129,0.308006235326643,62.6292333333333,8,2
-2.13047618785711,-2.36337847895548,0.275477093300307,63.1964666666667,9,2
-2.11758536456189,-2.10870677648802,0.196716719974532,63.7970666666667,12,2
-2.13794271394942,-1.91707092608817,0.177948549658692,64.3976666666667,14,2
4.01018015493329,2.28952956452064,0.444223782628274,60.8608,3,3
-4.6855734414408,3.9955880076337,0.190957401316182,60.8608,4,4
-4.50583246553178,4.01745669558201,0.175772039022513,61.4614,6,4
3.5771719153266,2.43174078092132,0.17620810462119,63.2298333333333,10,5
-3.76613076432027,4.3598395998298,0.253494445589483,63.2298333333333,11,6
-3.33078896056143,8.45588322161965,0.0433279890667045,63.8638,13,7
-3.26754861690904,8.49042586633423,-0.0161632830475159,64.4310333333333,15,7
-3.23935500405944,8.38421034341573,0.0715718404342721,65.0316333333333,17,7
-3.0638777591243,8.12048215512894,0.125865455501207,65.6322333333333,19,7
-4.32302326392442,-0.424006086137741,0.287655756924634,64.9649,16,8
3.24828621147645,0.662120446208749,0.633728845130611,65.5988666666667,18,9
3.58118393193412,2.43117943618881,0.17537356502789,66.7667,20,10
3.58297859508179,2.43119633546672,0.175471238898518,67.3673,24,10
-3.7345820136179,-0.252367161846029,0.319293995255088,66.7667,21,11
-2.37768879536848,-1.23005555009651,0.210011355057566,66.7667,22,11
-3.56332177813911,-0.196321859405824,0.314403992360535,67.3673,25,11
-2.40188444238057,-0.966900851953143,0.230393253902296,67.3673,26,11
-3.40187015974126,-0.0640780996603887,0.30578701367075,67.9679,29,11
-2.40733617808146,-0.699838360295458,0.244098692947729,67.9679,30,11
-3.31182395951262,0.0817396352706161,0.305280443565672,68.5685,32,11
-2.44614981449077,-0.544878316199879,0.203736368532412,68.5685,33,11
-3.2198638598405,0.236386023142384,0.266187403333489,69.1691,35,11
-2.46978092689215,-0.299924694927922,0.208838627391091,69.1691,37,11
-2.33214630141415,-0.0948250108765608,0.183014694133172,69.7697,39,11
-2.11858679094446,0.00530337277022197,0.165317280053972,70.3703,42,11
-2.72389711611523,-0.0543117136808009,0.282150109430106,70.9709,46,11
-3.0180030347346,7.70546503077164,0.115585554423503,66.8334333333333,23,12
-5.0790272103435,-0.756868448951542,0.26796822714032,67.4006666666667,27,13
3.58297859508179,2.43119633546672,0.175471238898518,67.9679,28,14
3.58055690374366,2.42958242181665,0.174260475848423,68.5685,31,14
-4.75654321272862,-0.737103950577923,0.19621146597155,68.6018666666667,34,15
-4.63290864542045,-0.608122878430068,0.267548339002177,69.1691,36,15
-4.46740081657956,-0.466708914443417,0.315589522503461,69.7697,38,15
-4.25123602921816,-0.407332222979254,0.290628019489766,70.3703,41,15
-4.01320613277847,-0.352984171079008,0.24115139339781,70.9709,45,15
-3.890062297307,-0.2854975672772,0.264250234672244,71.5715,50,15
-3.72707803380006,-0.163332766316029,0.28265154626847,72.1721,55,15
-3.57074108529793,0.0256426093777249,0.262018001939331,72.7727,60,15
3.57916310807749,2.42876372564956,0.174060150640769,70.3703,40,16
3.57937471086604,2.42980481608353,0.176403656024071,70.9709,44,16
3.57735302167428,2.42875950857724,0.176635789753525,71.5715,49,16
3.57914510290902,2.42877553677338,0.176733785955616,72.1721,54,16
3.58031297902728,2.42956971753869,0.175748284147288,72.7393333333333,58,16
3.58073055226331,2.43118491716842,0.176449234131445,73.3399333333333,62,16
3.58310914681901,2.4312108321945,0.176149935835184,73.3733,62,16
3.58762525685936,2.43285149429381,0.173738905157347,73.9739,69,16
-2.45332975316231,6.57937060172633,0.130479317193381,70.4370333333333,43,17
-2.26194806743084,6.49411214415302,0.149667743305461,71.0376333333333,48,17
-2.04277828703582,6.4696325052815,0.187734655990541,71.6048666666667,53,17
-6.00393861684643,-0.945489766647739,0.23024604044273,71.0042666666667,47,18
-1.66976320131829,0.183180766255814,0.31415922532651,71.5715,51,19
-1.66893912119751,0.184077777285626,0.315229883366155,71.6048666666667,51,19
-1.42666172367155,0.162694051028929,0.325718465343399,72.1721,56,19
-1.17924227651821,0.123230199674546,0.329251372945477,72.7727,61,19
-1.60404596293872,0.386946869767036,0.366994482203811,73.3733,66,19
-0.953595491395885,0.107097268733204,0.346952427807263,73.3733,67,19
-0.716262422778072,0.0645699173563241,0.287105584289052,73.9739,72,19
2.20159902918245,1.3303334261576,0.592870348946956,71.5715,52,20
2.22807213488239,1.31336184480254,0.599434738847086,72.1721,57,20
4.40571468501983,3.00560721708937,0.290656725172123,72.7727,59,21
8.39090018500955,3.53955030036826,0.48579576538541,73.3399333333333,63,22
-1.36448837360811,6.49534591601541,0.28563820520586,73.3733,64,23
-1.21347495873496,6.43933724173529,0.314602787116075,73.9739,70,23
-1.08765521471673,6.3255000753953,0.361641990702485,74.5411333333333,73,23
-5.0594878863506,-0.693591045557656,0.283637506062243,73.3733,65,24
-5.96857999081732,-0.991865429855934,0.0779363227632864,73.9739,71,24
-3.31851042646271,0.381774874582538,0.195099410013127,73.9405333333333,68,25
-4.24525447663595,-0.542292698005581,0.37680082672009,75.1417333333333,74,26
-4.07590991222877,-0.467102522302653,0.357457150758191,75.7423333333333,76,26
-3.87258772761145,-0.40051072447158,0.358246674414168,76.3429333333333,77,26
-3.64811296868919,-0.323870196012399,0.364361486591122,76.9435333333333,80,26
-3.45398183715186,-0.260841193530453,0.353905876591584,77.5441333333333,82,26
-3.30130954460454,-0.215922533048878,0.292260918621668,78.1447333333333,84,26
-3.03422431728166,-0.158811850756324,0.271310797363318,78.7453333333333,87,26
3.5661755742517,2.42312422117331,0.143717927990967,75.7423333333333,75,27
-0.613137046160407,6.64368805575984,0.35669663908902,76.3763,78,28
-0.399560118605439,6.46750761239942,0.317731192050013,76.9769,81,28
-1.15133537840336,7.67448448510017,0.123561011697783,76.9435333333333,79,29
-3.46390027938488,1.32915988693126,0.281374209364752,78.1447333333333,83,30
-0.3708763618543,5.99047868692907,0.362613496688493,78.1781,85,31
-0.350259571075706,5.77036810672175,0.35800268349625,78.7453333333333,86,31
-0.350259571075706,5.77036810672175,0.35800268349625,78.7787,86,31
-0.413156982410885,5.46835682216223,0.317969830499519,79.3459333333333,88,31
-0.474542254478647,5.1716693919332,0.326062792287384,79.9465333333333,91,31
-0.419159038734397,4.90227478290749,0.285441594939029,80.5471333333333,92,31
-0.366581297679332,4.66600320821873,0.277810950755616,81.1477333333333,93,31
-0.355483224617537,4.40168500036016,0.28895927801704,81.7149666666667,94,31
-0.355017359227056,4.3940445233801,0.289630540002219,81.7483333333333,94,31
-0.329127226545169,4.03797586549917,0.288868320676119,82.3155666666667,96,31
-0.272448550429524,3.91041720373303,0.304672677103649,82.8828,98,31
-0.271153412531417,3.91128777331113,0.304142173932795,82.9161666666667,98,31
-0.0833388420851963,3.77966530354274,0.330932508832699,83.4834,101,31
-0.0831753753455665,3.78395545545458,0.330392243272674,83.5167666666667,101,31
0.162021773138369,3.58282476965885,0.321226376735457,84.084,104,31
0.16722990532147,3.57575285678439,0.321198472888369,84.1173666666667,104,31
0.323539521218582,3.37547352758137,0.356119987177915,84.6846,106,31
0.326971254237347,3.37166925493671,0.357248551930602,84.7179666666667,106,31
-3.30618492003713,1.70506749821162,0.272213057095791,79.3459333333333,89,32
-2.82607252372487,-0.257017375829962,0.23604502351695,79.9131666666667,90,33
-2.12443700984232,-0.268048530722286,0.33797901337217,81.7149666666667,95,34
-1.7912429190868,-0.257359291049768,0.339071189094717,82.3155666666667,97,34
-1.44040229763385,-0.253003294501672,0.336270128705457,82.8828,99,34
-1.4378905651182,-0.254299931082267,0.336208914093408,82.9161666666667,99,34
-1.24212254590399,-0.314733171320216,0.32325070728959,83.4834,102,34
-0.970437896222822,-0.340744988355325,0.350503928158191,84.084,105,34
-0.61783264842643,-0.367947900382874,0.387793282565441,84.6846,107,34
-0.308985139066426,-0.34297966397672,0.383439674944039,85.2518333333333,108,34
10.9808445620242,0.820847773581471,1.76079720793867,83.1831,100,35
10.9485474677345,0.8258245518215,1.75433780511039,83.2164666666667,100,35
-8.06854487560606,11.6364925563805,8.63631578719097,83.9171666666667,103,36
3.54392936247817,2.3893236984889,0.134309249495714,85.8524333333333,109,37
-2.19842083420457,6.54021753726927,0.164453986831714,85.8524333333333,110,38
3.31614129895411,-0.0945415142369332,0.556303938773245,86.4864,111,39
0.642342463526279,2.37717860835495,0.467728092532149,87.6542333333333,112,40
0.549574857623796,2.59217246592464,0.240866195014239,88.2548333333333,114,40
0.433848656677739,2.52008216540412,0.287383935438183,88.8554333333333,116,40
0.325881388888367,2.37470366437621,0.303461127715217,89.4560333333333,118,40
0.323572694905521,2.3719917693565,0.303699659662348,89.4894,118,40
0.273597704622217,2.21257503216843,0.303173764195004,90.0566333333333,120,40
0.216150359288494,2.00049079487944,0.263031559467816,90.6572333333333,123,40
0.197160672156744,1.79347844631769,0.257196215651882,91.2244666666667,127,40
0.198835542770431,1.79055607577358,0.257921329713228,91.2578333333333,127,40
0.264723773329385,1.54330089218241,0.256817793754232,91.8584333333333,134,40
0.342412507408154,1.30627590829521,0.259037669490275,92.4256666666667,137,40
4.7863892330163,-0.464546616192638,0.606132178738571,87.6542333333333,113,41
5.20143976275956,-0.75022250948066,0.62166619826015,88.2548333333333,115,41
5.4736945249571,-0.95577258771867,0.567336836916088,88.8554333333333,117,41
-3.21088902919192,-1.2407057183732,0.319489210133899,89.4560333333333,119,42
-2.99089704115873,-1.18911804311061,0.346284505212989,90.0566333333333,121,42
-2.80590838701018,-1.08043522636322,0.327905456828367,90.6572333333333,124,42
-2.63682931590889,-0.926548225329417,0.26410906735555,91.2244666666667,126,42
-2.51706092864627,-0.762237034156283,0.270079598484606,91.8250666666667,131,42
-2.43019588428351,-0.568873227767435,0.284009946468463,92.4256666666667,136,42
2.88046265365604,-0.239782487980366,0.427448418799357,90.0566333333333,122,43
2.81940500688841,-0.12561834158653,0.460714500913753,90.6572333333333,125,43
3.18963590601634,-1.09010695458056,0.333843716139411,91.2244666666667,128,43
2.63265044228655,0.100601303300068,0.425119717349707,91.2578333333333,129,43
3.10379285798216,-0.976951171801144,0.36386812710877,91.8250666666667,132,43
2.41676337258485,0.204129991949836,0.445409875575074,91.8250666666667,133,43
2.19366665051353,0.0590196970221226,0.466449231131824,92.4256666666667,138,43
2.95945585098353,-0.809947351925712,0.401698842541984,92.4256666666667,139,43
1.98672868071122,-0.0379448702519504,0.427535777438207,93.0262666666667,140,43
2.80409770382883,-0.798257464575068,0.421554636050782,93.0262666666667,141,43
1.75809154055544,-0.211443646351561,0.376617997882511,93.6268666666667,143,43
2.7196306782477,-0.636864541212338,0.386700029176336,93.6268666666667,144,43
2.55406385717346,-0.534167319682226,0.378253542613914,94.1941,145,43
2.55429414874063,-0.534709153384523,0.379434374853567,94.2274666666667,145,43
1.44780536884317,-0.335456306461057,0.403005926664833,94.2274666666667,147,43
1.14941104490497,-0.359878813455061,0.381094737812906,94.7947,148,43
2.35823949089426,-0.554706621470219,0.376797357043082,94.7947,150,43
0.865336026712125,-0.15209995677898,0.363350478704864,95.3953,151,43
2.2358267233565,-0.579899676748194,0.366123561224292,95.3953,152,43
-4.65932837905057,2.56468634204502,0.294786698982372,91.8250666666667,130,44
-4.53811104994998,2.58678362246319,0.358236201560943,92.4256666666667,135,44
0.729623086672827,1.00727080834573,0.28550682977811,93.6268666666667,142,45
1.01692996054075,1.00881634269634,0.320328227511869,94.2274666666667,146,45
1.3360466408592,1.00515561959699,0.348673368129729,94.7947,149,45
1.65990783382189,0.950409175645053,0.376728502192996,95.3953,153,45
1.9164116359917,1.0005097387594,0.429058500496377,95.9959,154,45
-2.36915721784986,0.433671874146454,0.223073369131004,96.5631333333333,155,46
-2.29659036667144,0.588152069938165,0.192417029421251,97.1637333333333,157,46
-2.27524057650485,0.709050522841999,0.190381776865433,97.7643333333333,160,46
-2.26938299687361,0.886428642541505,0.17737563664675,98.3315666666667,162,46
2.03275656714672,-0.651100511622896,0.282641470055704,96.5631333333333,156,47
1.88612181782864,-0.737065543838548,0.312142750513816,97.1637333333333,159,47
0.282125217244449,0.638587831591191,0.398577477019879,97.1637333333333,158,48
0.165859888837545,0.923137869202998,0.36242972001346,97.7643333333333,161,48
0.112586363480497,1.31726692389449,0.384728091971769,98.3315666666667,163,48
0.11191872142082,1.69696166628869,0.349520811896566,98.9321666666667,164,48
0.860410064742829,2.32271701363339,0.513753858262693,100.133366666667,165,49
5.54461620916144,3.35311924294686,0.333433062711075,100.733966666667,166,50
5.4501569783235,3.08619295014879,0.339791892629486,101.334566666667,167,50
4.1818748534934,2.26545691610708,0.259600790537261,101.935166666667,168,51
3.64966532135888,2.32654393047699,0.153715165583179,102.5024,169,51
-1.60906251884988,4.65239710983648,0.241813981056363,102.5024,170,52
2.19415822175759,4.79753372248414,0.205853081414643,103.069633333333,171,53
2.13831145649249,4.55708105288,0.244164901505138,103.670233333333,172,53
2.13595025693858,4.36806372234959,0.244349149314023,104.237466666667,174,53
2.13378882654001,4.36288123496249,0.244652279120883,104.270833333333,174,53
2.06667125282861,4.17310897544714,0.249454003586394,104.838066666667,177,53
2.04987898383011,4.03517175071715,0.213089852991141,105.438666666667,179,53
1.93066984694996,3.90993797693327,0.242143750611507,106.039266666667,181,53
1.79889594926616,3.78414091169312,0.264757014007044,106.639866666667,185,53
1.70166413071802,3.65324443963899,0.247428172528568,107.240466666667,187,53
1.63858192802199,3.56691546221963,0.224947823103723,107.8077,189,53
1.59549685555932,3.43594517542958,0.235789635522095,108.4083,191,53
1.56106501459433,3.25692669335679,0.243512185333195,108.975533333333,192,53
1.56266853088826,3.2550697361862,0.243229841472677,109.0089,192,53
1.52025608088127,3.00588102060069,0.21859493138624,109.576133333333,194,53
1.58578133890877,2.84242667852286,0.261811532481722,110.143366666667,196,53
1.59075093590483,2.84385002851812,0.262075741376349,110.176733333333,196,53
1.72831859107832,2.72890082660721,0.282772473925123,110.743966666667,198,53
1.90303679696522,2.58069426624611,0.259044118061113,111.344566666667,200,53
5.04280651832074,2.12437706271938,0.426294658246688,103.7036,173,54
4.86656552405416,1.99784417576069,0.436568926705607,104.270833333333,176,54
4.61311333513059,1.84245641779517,0.3821149306148,104.838066666667,178,54
4.45319675925534,1.74136800724744,0.448737781292354,105.438666666667,180,54
4.32590807853035,1.65245963537362,0.428875424949621,106.039266666667,182,54
4.23077880437082,1.44469558049941,0.439743088498047,106.6065,184,54
4.09790903307131,1.25718124331747,0.41943500521193,107.2071,186,54
-3.24782539823783,2.56203730136825,0.331565346512889,104.237466666667,175,55
1.0259427405117,-0.52320663086329,0.473930865834039,106.6065,183,56
4.97392193740787,6.57854469698097,0.14128762672227,107.8077,188,57
4.98579643217959,6.47300983676916,0.0668861968779834,108.4083,190,57
1.47642043383959,-3.58239966143517,0.23855797474157,109.542766666667,193,58
1.36667271817853,-3.39232624086122,0.278862854141752,110.143366666667,197,58
1.28605578420871,-3.16405957317957,0.277704549064051,110.743966666667,199,58
1.16628144536049,-2.94334660041011,0.244708467619675,111.344566666667,201,58
7.4322935423856,0.650341586568297,0.328259278694648,109.576133333333,195,59
1.80127281790449,-4.69802921131994,0.383602774957499,111.344566666667,202,60
1.78497020930362,-4.42737939706537,0.429620937288514,111.945166666667,204,60
4.84377685952935,5.90797176317631,-0.0904793209442943,111.945166666667,203,61
-1.60824464981238,4.65112959250715,0.244919895246381,112.5124,205,62
2.3862141191817,2.31466335471526,0.343626882906906,113.113,206,63
3.62138260102814,2.3740995957131,0.12496606053434,113.680233333333,207,64
0.787218024377167,0.634823338485206,0.573703785810318,113.7136,208,65
1.1546432803052,-0.376130092722678,0.566055813547124,114.3142,209,66
3.47074609472396,6.06674166199386,0.237666422698775,114.881433333333,210,67
3.25051461351942,6.12151494036919,0.199896430882324,115.482033333333,212,67
-4.12386912387256,2.63406209582341,0.302763970907132,115.148366666667,211,68
-4.22815004887181,4.53571139037931,0.20123552719895,117.484033333333,213,69
-0.801839057352828,-1.3971089730983,0.308092851544835,118.485033333333,214,70
-0.909802318900444,-1.19898264150976,0.331767459368017,119.085633333333,215,70
-0.889836079368713,-0.945280876067021,0.273221259566944,119.652866666667,217,70
-0.887636374358965,-0.940786716202267,0.273175429045261,119.686233333333,217,70
-0.830102657496879,-0.700182979459239,0.242201705878038,120.253466666667,218,70
-0.71470932353403,-0.481241856404156,0.228256738300617,120.854066666667,221,70
-0.632629007338842,-0.262831147971642,0.21731802498615,121.454666666667,224,70
-0.507629102069968,-0.0728368812564079,0.212600481486644,122.088633333333,228,70
-0.391708031045845,0.109745624145412,0.248417638843235,122.689233333333,230,70
-0.387896537307046,0.112948352704491,0.248831463903644,122.7226,230,70
-0.289838870170367,0.28853557176085,0.251777416572112,123.289833333333,232,70
-0.25154650673029,0.489632512637234,0.277794682072253,123.890433333333,234,70
-0.250291835673317,0.492305520119955,0.278319405559142,123.9238,234,70
-1.61470419938462,4.66222485580148,0.238996819507632,119.652866666667,216,71
-0.882533583763145,-2.92151531154836,0.307766941506775,120.253466666667,219,72
-0.881832991599327,-2.9195444907849,0.3072760255271,120.286833333333,219,72
-0.827654396495733,-2.55689250400765,0.329298129426371,120.854066666667,222,72
-0.819780781359166,-2.537011961522,0.330618880454295,120.887433333333,222,72
-0.801937212204037,-2.33543297126351,0.259349424336611,121.454666666667,225,72
-0.801090103350694,-2.3335455772712,0.258476919806147,121.488033333333,225,72
-0.710327743495541,-2.18794967400567,0.256313638152072,122.055266666667,226,72
1.14160990219271,-0.510087936526013,0.320074893246083,120.8207,220,73
-4.20645373687278,2.77763917853282,0.24370142972843,121.0209,223,74
4.55403530198356,6.43453625458887,0.335155898074899,122.088633333333,227,75
-3.96319035184269,2.5843586512869,0.290075139840504,122.188733333333,229,76
-3.85049403952786,2.49479907134946,0.276777356474367,122.755966666667,231,76
-3.79262607471265,2.34830042992028,0.348952553743096,123.356566666667,233,76
-3.557063921267,2.16457017166881,0.372583083402825,124.5244,235,77
-3.43431890338251,2.03970291474387,0.290477409195266,125.125,239,77
-3.30203630821761,1.91032236842816,0.266394775686102,125.7256,242,77
-3.29494572322116,1.90789442185175,0.265302031515258,125.758966666667,242,77
-3.10719367341511,1.73978208452857,0.227484548697926,126.3262,245,77
-2.88463702327866,1.70074266318817,0.187002534004422,126.9268,247,77
-2.69535106665781,1.69759704832279,0.154689691080382,127.5274,251,77
-2.48523005466276,1.73814654141029,0.173654801729684,128.094633333333,254,77
-2.48547794427417,1.73988843465728,0.173308012606122,128.128,254,77
-2.28377581828381,1.89020138477531,0.218082628084461,128.695233333333,256,77
-2.21863282221639,2.02954090524453,0.232004702465881,129.295833333333,260,77
-2.16569878075669,2.11325908319816,0.205074115294647,129.896433333333,267,77
-2.11160346059784,2.29527614308553,0.204631109475962,130.497033333333,272,77
-1.97046725368053,6.2597403510248,0.206192851435666,124.6245,236,78
3.41555135059551,5.61750927294768,0.357234002413992,125.125,237,79
3.39484895413437,5.2195859729923,0.385993022001976,125.7256,241,79
-1.70878520057194,3.63416176818795,0.336664583927039,125.125,238,80
-0.354723348719897,0.732847633742166,0.211839526966857,125.125,240,81
-0.410795572206259,0.821783695674637,0.184497024965644,125.7256,243,81
-0.414418756425587,0.94712162639235,0.159026230795185,126.3262,246,81
-0.426783682282909,1.09333100004293,0.175491963096767,126.9268,248,81
-4.97565194714107,0.83125004771335,0.451236878715408,125.792333333333,244,82
-4.6215621757445,1.04964681147341,0.313531486262084,126.960166666667,249,83
-4.65791570073146,-0.86896380360922,0.349716817739,126.993533333333,250,84
-4.48799958422256,-0.89353393594723,0.293243802371393,127.594133333333,252,84
3.51162080769611,4.26854489094582,0.364738545395353,128.061266666667,253,85
3.56423212143654,4.13437054943046,0.306878405856342,128.661866666667,255,85
-0.376363937731706,1.4756258863375,0.23923696112997,128.695233333333,257,86
-0.201538425891155,1.58834865651327,0.285871004185896,129.295833333333,262,86
0.00436578567130308,1.6690599086557,0.297929573152678,129.863066666667,266,86
0.00738917190811073,1.66927466018644,0.298433306901302,129.896433333333,266,86
0.197524929880015,1.72247694401395,0.289621879718675,130.4303,271,86
0.19998143450407,1.72269856875639,0.289620670932971,130.463666666667,271,86
0.377102604982294,1.74592435086302,0.257411917696902,131.0309,274,86
0.522944568164012,1.75119379618211,0.234503505088643,131.6315,276,86
-3.85375458959182,1.20489388463172,0.449005016405208,128.7286,258,87
-3.57324032180488,1.24349115236785,0.437261214815322,129.295833333333,261,87
-3.30706545357658,1.28452162425598,0.382828627816809,129.896433333333,268,87
-1.71581890526355,-4.93360808069944,0.179075880087216,129.2291,259,88
-5.27175288908742,1.13760436351606,0.400677939729099,129.362566666667,263,89
-5.00369463010421,1.16580603372843,0.355638950661752,129.963166666667,269,89
-4.69407667293738,1.12141455442718,0.370157183878813,130.563766666667,273,89
-4.37207968563294,1.18023237019951,0.453131283892558,131.131,275,89
-4.02725191195142,1.2438776670753,0.471102081478136,131.698233333333,277,89
-3.771318186926,1.26450796482627,0.368877767820393,132.298833333333,279,89
-0.442447117417248,7.05573982280128,0.104632770653008,129.4293,264,90
-0.259039690656156,6.90058534829691,0.169710818286424,130.0299,270,90
3.64171564026128,3.85807951143341,0.309541026679077,129.863066666667,265,91
-2.99861918472831,2.04589481410585,0.357424752780253,132.298833333333,278,92
0.720183176132046,1.65232729258604,0.194212592793975,132.8327,280,93
0.873319021462514,1.62668992661899,0.204573049316552,133.4333,282,93
-7.23553330386487,1.89621990517825,0.106336290006391,132.899433333333,281,94
2.450815226091,-2.93917601292607,0.304185251708297,133.4333,283,95
2.51223835495451,-2.7569944815783,0.338613555807741,134.0339,285,95
2.54936107125857,-2.50854721256081,0.386235518177168,134.6345,288,95
2.55592142860654,-2.51510137212368,0.386286679357457,134.667866666667,288,95
-2.04598333691025,2.21242404204348,0.346943810260244,134.667866666667,289,95
-2.04265680805558,2.21043231657598,0.346622434578881,134.701233333333,289,95
-1.87799055350631,2.11275717797022,0.287764901831872,135.268466666667,293,95
2.61973796640264,-2.2343880352858,0.395190440346496,135.268466666667,294,95
2.64119810174176,-1.99187111546032,0.3258392310917,135.8357,296,95
2.64307963840379,-1.99467614382933,0.323451509481363,135.869066666667,296,95
-1.71468024692787,1.93376574211719,0.323733640503251,135.869066666667,298,95
-1.47591940927543,1.8060483923963,0.400961280193803,136.4363,300,95
2.55860580745422,-1.77187264694149,0.327874121759235,136.4363,301,95
-1.47105330447576,1.80470964539975,0.402775991977894,136.469666666667,300,95
-1.19340816166194,1.64517207149824,0.43254747857915,137.0369,305,95
2.49167333809534,-1.55006954996585,0.342887588175789,137.0369,306,95
-0.925266726020836,1.52430490594288,0.351520907918523,137.6375,310,95
2.38698968122514,-1.37025069072466,0.37488345211998,137.6375,311,95
-0.683557084003632,1.46507480728308,0.317832447382208,138.204733333333,313,95
-0.679241056169891,1.46490431774389,0.318319826309257,138.2381,313,95
2.31401470017442,-1.17419675669316,0.374848653103104,138.2381,315,95
-0.409745189974523,1.47419732175329,0.34944465057639,138.8387,318,95
2.17382263993912,-0.999878746960065,0.36633748186676,138.8387,319,95
-0.155703696268694,1.58520150610772,0.365699835823686,139.405933333333,320,95
-0.152237579391689,1.58662156390547,0.365815757485184,139.4393,320,95
2.14898003550945,-0.82709777836313,0.304430628450095,139.4393,322,95
0.125470228862158,1.72655057915773,0.366863218859733,140.006533333333,324,95
2.18655656529671,-0.627646842216582,0.28071233769053,140.006533333333,325,95
0.130183652081085,1.72795084051258,0.366237531434323,140.0399,324,95
0.374098348653976,1.84789813895985,0.287135847201052,140.607133333333,328,95
2.16436152339346,-0.437955272303653,0.314533507134198,140.607133333333,329,95
0.555899920406156,1.92595889128418,0.294516728432417,141.207733333333,333,95
2.09417824431123,-0.212652204672676,0.342361415501703,141.207733333333,334,95
0.740574811405788,1.97656666332479,0.410609181659408,141.774966666667,337,95
2.03375035596025,0.0522444019138666,0.316752870065499,141.774966666667,338,95
0.743463372600756,1.97565003793491,0.411716182232648,141.808333333333,337,95
2.03335096362897,0.0550360373735571,0.316296698515148,141.808333333333,338,95
1.93773347520949,0.25904819878795,0.272322313277579,142.375566666667,342,95
1.93568748604733,0.260736866133885,0.272294450297131,142.408933333333,342,95
0.935456463167532,1.89421126089787,0.471819576879488,142.408933333333,343,95
1.81084569205875,0.315113837783137,0.316533199437474,142.976166666667,346,95
1.90370495287417,0.12800573210947,0.411393548566364,143.009533333333,346,95
1.39494050289683,2.3601820358804,0.443677723167989,143.009533333333,348,95
2.18090669934921,0.22942327590964,0.188129525585716,143.009533333333,349,95
1.66551094640461,0.427385613905195,0.331007259443348,143.576766666667,351,95
1.2844622289429,1.66540959286386,0.390893124213697,143.576766666667,352,95
1.28646838884408,1.66431844114611,0.390540997300031,143.610133333333,352,95
1.46827197314627,0.567415261925537,0.312110458789329,144.177366666667,355,95
1.51444212659676,1.57533948387058,0.358479257543982,144.177366666667,357,95
1.4656786587672,0.568994822030526,0.31214675888206,144.210733333333,355,95
1.23739057434966,0.604115985195459,0.321640608226978,144.777966666667,359,95
2.37736070166014,0.653544933259951,0.301154079961157,144.777966666667,361,95
1.76094350204196,1.49549895412814,0.458175264041647,144.777966666667,362,95
1.03363794601256,0.6501048685459,0.319184968278511,145.3452,363,95
2.31029625499937,0.553504606032637,0.305381829277118,145.3452,364,95
1.029768405807,0.651797936736718,0.319094567087248,145.378566666667,363,95
2.3100485541277,0.551626864400937,0.305125192170561,145.378566666667,364,95
2.17798763041595,0.484010337342796,0.329813711597443,145.9458,368,95
2.00019692615484,0.372916017000431,0.332459370690022,146.5464,370,95
1.80493269491681,0.301835524383149,0.31670477311101,147.147,373,95
1.63052261622333,0.276704863254017,0.330863366384287,147.7476,375,95
1.44190804266126,0.221189666442745,0.336945310994002,148.3482,378,95
-2.50994720164899,2.32160588891184,0.463172575664638,133.500033333333,284,96
-9.36389718931745,6.71617585750606,-0.312150579901637,134.100633333333,286,97
-11.0372098482017,2.11292386278987,-0.0933271621049961,134.100633333333,287,98
-3.28314736810089,1.88980888285245,0.290398499341658,134.667866666667,290,99
1.16983272323574,1.84233077894333,0.214977646005805,135.2351,291,100
1.20541446550788,1.76841068792022,0.241138327094621,135.8357,297,100
1.29511202438847,1.66536881902418,0.227272331708349,136.4363,302,100
1.41858981849397,1.64628166663373,0.218729780936304,137.0369,307,100
1.53564748431524,1.64322465099495,0.259604902655021,137.6375,312,100
-8.89753976817172,1.8119105311105,0.0327657400198801,135.268466666667,292,101
-1.9486503937007,3.81304241756892,0.234888886410578,135.301833333333,295,102
-2.99128452511656,2.43351854508764,0.472986717837528,136.4363,299,103
-2.99615067473208,2.43377215330045,0.473855358139596,136.469666666667,299,103
-2.67246853771546,2.45978261724496,0.517404982744379,137.0369,304,103
-2.32514328707025,2.52102867126744,0.412253621529404,137.6375,309,103
-2.14373408854784,2.3775642804777,0.329932885019604,138.2381,314,103
-2.10365621010035,2.02520671490077,0.391610629535599,138.8387,317,103
-2.12413988978178,1.65335053597736,0.423012346656492,139.4393,321,103
-5.83190573870445,1.38259482505836,0.200135490642062,136.469666666667,303,104
-5.69531266630554,1.34513418737246,0.145507002295663,137.070266666667,308,104
-5.4045710647016,1.28084230678915,0.142374786726203,138.271466666667,316,105
3.48330323017041,2.28169829105573,0.13822896607138,140.006533333333,323,106
3.47820467882454,2.27727348807699,0.138332337171962,140.607133333333,326,106
3.47117965387913,2.26434874030834,0.14575853293602,141.207733333333,331,106
3.47392798505394,2.25906090834965,0.152720799050876,141.774966666667,336,106
3.47384116023573,2.25905960067649,0.152228210915967,141.808333333333,336,106
3.47880870027517,2.25881912535043,0.152743610315331,142.375566666667,341,106
3.47880870027517,2.25881912535043,0.152743610315331,142.408933333333,341,106
-1.95072035609695,0.880527112801887,0.372771395542781,140.607133333333,327,107
-1.63887618448215,0.49164362074315,0.407608620663295,141.207733333333,332,107
-1.29149278727497,0.112746756734756,0.374385125495757,141.808333333333,339,107
3.917921953675,-0.21495616968195,0.666725874282724,140.607133333333,330,108
3.80043990619005,-0.220067795913913,0.65149473182086,141.207733333333,335,108
3.66951520165332,-0.207420894863555,0.55945524013896,141.808333333333,340,108
3.50706796214157,-0.327766421452617,0.503997938788654,142.408933333333,344,108
3.34120360055886,-0.424048703759606,0.451836429436916,142.976166666667,347,108
3.16118133364223,-0.471086009340501,0.456012994708582,143.576766666667,353,108
3.02648545754751,-0.492277200606721,0.411605543355944,144.177366666667,356,108
2.92332304630092,-0.53636248948449,0.375421406035525,144.777966666667,360,108
2.81779511461571,-0.541523770371055,0.364678335285635,145.378566666667,367,108
9.15531906551897,1.97652007160236,-0.763948443194632,142.976166666667,345,109
3.47509735615497,2.25848403688175,0.151768039161988,143.576766666667,350,110
3.47305728365383,2.25858633105317,0.15236626868133,144.177366666667,354,110
3.47123271208223,2.25751454536818,0.153040445749485,144.777966666667,358,110
3.47901823843057,2.25880624019782,0.151325784601932,145.378566666667,365,110
3.47639859437781,2.25841947043967,0.151773730946587,145.979166666667,369,110
3.4772859943767,2.25889357774108,0.152027289424119,146.579766666667,371,110
3.47181246535197,2.25778483702465,0.153429453421214,147.147,372,110
3.47225931946693,2.25704797791547,0.153571958107946,147.7476,374,110
3.4772859943767,2.25889357774108,0.152027289424119,148.3482,376,110
3.47251828119878,2.25820285058944,0.152016805238456,148.915433333333,379,110
3.47901823843057,2.25880624019782,0.151325784601932,148.9488,379,110
3.47183894858428,2.25784487950403,0.152953020869497,149.5494,381,110
4.41942765196664,5.03966005556392,0.246268180661957,145.378566666667,366,111
4.64019494513432,4.3778689050661,0.205506049647398,148.3482,377,112
4.55397940838753,4.20695428325153,0.268982054662437,148.9488,380,112
4.43182496304801,4.11644743746375,0.283172423788579,149.5494,382,112
0.197738429282666,-0.0536502025397579,0.239824253939905,150.15,383,113
0.00593922125674917,0.0261410963153692,0.252418988694968,150.717233333333,384,113
0.401640646013014,0.672722762313533,0.481039807191449,150.7506,385,113
-0.76737694453446,0.223978115909264,0.484055133894484,151.317833333333,388,113
-0.243302581163201,0.135028124750045,0.271318246247608,151.317833333333,389,113
-0.820504726325032,0.210666761540354,0.487592936268698,151.918433333333,391,113
-0.495365735550608,0.262823652440951,0.259476017700107,151.918433333333,392,113
-0.721490539512322,0.359573489510674,0.248865323277052,152.485666666667,394,113
-0.890590210028794,0.429738310808466,0.194793435023833,153.086266666667,399,113
4.00955541569952,4.13100351920681,0.264278811610976,151.317833333333,386,114
3.86455221812129,3.96195998106768,0.337132127451594,151.918433333333,390,114
3.69617442484686,3.9001564402952,0.353542246281741,152.519033333333,395,114
3.62160584670104,3.79446694470031,0.325277175079892,153.119633333333,401,114
3.48594195090832,3.80488077465129,0.300261696907604,153.686866666667,402,114
-3.87697850617255,2.53238744681982,0.278493231975821,151.317833333333,387,115
-4.52822723611765,2.70937073547149,0.294532971396562,152.485666666667,393,116
-4.34462467509247,2.69086195883034,0.254333564204326,153.086266666667,398,116
-4.19295078218346,2.75269403934276,0.254022767035506,153.686866666667,403,116
-3.12524122507485,3.63155735415129,0.301097530936183,152.519033333333,396,117
-3.29253044649728,-3.40225766361102,0.322309909145561,152.519033333333,397,118
-3.11301839322741,-3.11291301210203,0.323794733664113,153.086266666667,400,118
-3.11262807792709,-3.11244934460523,0.322900969117197,153.119633333333,400,118
-2.94862643021469,-2.95243105775324,0.297379967250065,153.686866666667,404,118
-2.72817546595863,-2.78305294333223,0.28537417106002,154.287466666667,406,118
-2.52371974303658,-2.59411026700136,0.298813800687668,154.8547,408,118
-2.52495822880125,-2.59611834035619,0.298215727230743,154.888066666667,408,118
-2.30164107326693,-2.54917092224897,0.288763428445904,155.4553,411,118
-1.97857201656907,-2.4762513708574,0.305936061665897,156.0559,416,118
-1.6479326326475,-2.4518120164137,0.343535601710626,156.6565,418,118
3.47229821753981,2.25683112002277,0.152605798291304,153.720233333333,405,119
-3.36043371277388,2.70851936386679,0.310908198579082,154.8547,407,120
3.08423698320792,3.66750020119527,0.318932810383135,154.888066666667,409,121
2.76455614485,3.60783958856073,0.303660031618098,155.4553,410,121
2.47043902420542,3.70269149580096,0.285117916265297,156.0559,412,121
-1.77019993858808,6.44210746300918,0.174612324026403,156.0559,413,122
-3.25322275416757,2.19076186986549,0.327465907885811,156.0559,414,123
-3.12132550965443,2.06112715983468,0.357570679749685,156.6565,417,123
-2.88422214960867,1.99991195535016,0.280544464895629,157.223733333333,419,123
-2.57818282962705,1.8702528853607,0.265844254699119,157.824333333333,420,123
-2.423431116682,1.80043552617335,0.291857718246342,158.424933333333,426,123
-2.1869385731972,1.83259152300983,0.304878483489162,158.992166666667,427,123
-2.18696485675882,1.83256917806061,0.304120691683622,159.025533333333,427,123
-3.64551893947916,-0.349729533863277,0.30996688448137,156.0559,415,124
-3.27978747621284,0.164693247104926,0.299685794063201,157.824333333333,421,125
-1.80170396584671,5.88740254986823,0.186259732284852,157.8577,422,126
3.48121746391343,2.26331799214452,0.149687888300973,158.391566666667,423,127
4.09577476599822,2.82565550798508,0.339628173221045,158.424933333333,424,127
-1.61846595741588,4.6377192911446,0.244040002531029,158.424933333333,425,128
-3.26687056161403,0.609495211153863,0.339095115055968,158.992166666667,428,129
-3.36145102466536,0.788111096857336,0.32496691432201,159.592766666667,431,129
-1.81236821992029,5.64618193486781,0.259304876019263,159.0589,429,130
-1.61819064898507,4.63735691378248,0.243555259766846,159.592766666667,430,130
-1.74884455509868,5.4669374033357,0.278503588591201,159.626133333333,432,130
-1.61819064898507,4.63735691378248,0.243555259766846,160.193366666667,433,130
-1.51972946037566,5.3910748334925,0.171175822430982,160.793966666667,435,130
-1.41150241411526,5.27626606992901,0.211120219074424,161.3612,436,130
-1.280672808686,5.19889889718654,0.279992640257331,161.9618,440,130
-1.61846595741588,4.6377192911446,0.244040002531029,161.9618,441,130
-1.08258461421106,5.10258489715585,0.28008189150941,162.5624,443,130
-0.903005036247105,5.00616424561795,0.245353591915807,163.129633333333,445,130
-1.62902256973143,4.64922597146237,0.242325488954374,163.129633333333,446,130
-0.75503339174219,4.96561886054236,0.24162529942821,163.730233333333,448,130
-1.61837624317694,4.63758079753221,0.24204875754052,163.730233333333,449,130
-0.575732409780176,5.00483981706726,0.331567182558409,164.330833333333,452,130
-1.74813406968088,2.00473714308739,0.345145924097724,160.193366666667,434,131
-1.5809100167668,2.25226550120215,0.246425159268534,161.3612,437,132
-1.33356885420215,2.28665492174248,0.240774171871426,161.9618,442,132
-1.14186440048404,2.32827760995569,0.226107632003341,162.5624,444,132
-0.921129136243585,2.27407721207657,0.227810594195324,163.129633333333,447,132
-0.920359269846404,2.2732536140587,0.228430610301239,163.163,447,132
-0.743655509355755,2.23737136484698,0.283807195884652,163.730233333333,450,132
-0.548165415220509,2.15407135600154,0.321782017961604,164.330833333333,453,132
-0.292822407276172,2.03192719107095,0.369362873078434,164.931433333333,457,132
-0.00442389494805118,1.97754521673029,0.395213159993749,165.532033333333,460,132
0.235767947731756,1.91176641522534,0.387240412783483,166.099266666667,463,132
0.238117594295522,1.9115086030104,0.387539332168968,166.132633333333,463,132
0.506415367173653,1.92264050302179,0.368161084887684,166.699866666667,465,132
0.510499680158499,1.92286327405197,0.367500515325508,166.733233333333,465,132
0.761057291581731,1.94285754147813,0.315275535299836,167.300466666667,468,132
1.00585358592334,1.95479343013245,0.332923349619751,167.8677,471,132
1.21743818697222,2.72197341046347,0.375130335279984,167.901066666667,473,132
1.24019590817926,1.90609703562004,0.350346290830258,168.4683,476,132
1.36852743077474,1.76515201116786,0.390875073388677,169.0689,478,132
1.56354111858732,1.54771678811548,0.404138714115336,169.702866666667,482,132
5.61760730723098,3.10506418442929,0.427378738188098,161.394566666667,438,133
-0.352004688164843,2.33295406495189,0.445474795969333,161.394566666667,439,134
4.6587270923249,3.42533169843806,0.35765524852331,163.7636,451,135
-1.62288749614175,4.64574975599064,0.243396144416634,164.898066666667,454,136
-2.35124174817603,4.14220982305952,0.314776859342424,164.898066666667,455,136
-2.11644879196729,4.0268819118545,0.284022636850026,165.498666666667,458,136
-1.91554531858561,3.8502747029573,0.264217499237457,166.099266666667,462,136
-1.64488540848313,3.65561977174228,0.262492419208789,166.6665,464,136
-1.6449373039997,3.65759596109497,0.260837558071708,166.699866666667,464,136
-1.41486538394381,3.53617475144654,0.272581542905231,167.300466666667,467,136
-1.2075463714162,3.34807408061724,0.279903835963031,167.8677,470,136
-1.20848067780471,3.34659057348812,0.28093653011476,167.901066666667,470,136
-1.00942270035635,3.02700489626033,0.288388042692168,168.4683,475,136
-1.00805190939654,3.02186026318652,0.288392651528872,168.501666666667,475,136
-0.968973793656014,2.74774069114315,0.281070290857532,169.0689,477,136
-0.967897759872278,2.74507682047713,0.280316826262809,169.102266666667,477,136
-0.92652819245727,2.51861010822333,0.243883574062243,169.6695,480,136
-0.924636356216618,2.31138588089663,0.284607555847015,170.2701,483,136
-0.906903730553395,2.08453103515994,0.333126003995215,170.837333333333,486,136
-0.906767132119708,2.08139377016965,0.334683720558518,170.8707,486,136
-0.951022505744715,1.84888018277885,0.325108278668792,171.437933333333,489,136
4.09671376677952,3.18883449881584,0.369683059529195,164.931433333333,456,137
3.90089999913593,3.03132435667473,0.383292140999879,165.532033333333,459,137
3.78407132226337,2.78956732154716,0.374253253638201,166.099266666667,461,137
3.77709913607276,2.78351036913387,0.375081838425035,166.132633333333,461,137
3.48111252117343,2.26331563280338,0.149112245120991,167.300466666667,466,138
3.4847113576496,2.26545370558609,0.147945582092726,167.8677,469,138
3.53352852796903,2.41617909144085,0.40275543474517,167.901066666667,472,138
3.36507460348614,2.24798786749904,0.372671248713347,168.4683,474,138
3.35823038078253,2.24393327589389,0.372777888688382,168.501666666667,474,138
3.15644422769996,2.0730998437571,0.434981642301357,169.0689,479,138
3.03704651907453,1.94014665459253,0.435408729018693,169.6695,481,138
2.61617723975869,1.95224197236922,0.330224082814767,170.2701,484,138
3.47838956245397,2.26345373333425,0.149880237506519,170.837333333333,485,138
2.80119843875111,1.85639660525667,0.392383202243395,170.8707,487,138
3.47451147283796,2.26155024104434,0.152621139439325,171.437933333333,488,138
3.47381975867993,2.25906077510774,0.152369895140312,172.038533333333,490,138
3.47208916590048,2.25915262792506,0.153162894940158,172.639133333333,491,138
3.47394282099438,2.25905995867045,0.152619671198305,173.206366666667,492,138
-5.36923978896979,1.49048962436728,0.265813552865248,176.209366666667,493,139
2.50874895026016,-2.18213825702872,0.307662674368655,176.743233333333,494,140
2.46183271254752,-2.01340184770928,0.336302197230519,177.343833333333,495,140
-5.13673793465645,1.06880475187201,0.344983616392022,178.011166666667,496,141
-4.98230931642499,1.01637681884713,0.300978600646468,178.611766666667,498,141
-4.78026309665683,1.00749190944196,0.285824379254275,179.179,500,141
2.28999103340935,-1.72760357534023,0.330284281611264,178.511666666667,497,142
2.24730435299947,-1.56683408368532,0.322025285342026,179.145633333333,499,142
2.03616296313448,-1.41136306725244,0.296209588768224,180.313466666667,501,143
1.92997752539836,-1.28575582561873,0.300510286851477,180.914066666667,502,143
1.85282118838767,-1.14949392729377,0.316419322296111,181.514666666667,504,143
1.8543797384618,-1.15095753297647,0.315568614573942,181.548033333333,504,143
1.83427124796185,-0.990827305415292,0.307688298803754,182.115266666667,507,143
1.85092060746347,-0.892565336944394,0.249644060016974,182.715866666667,512,143
1.89123183882548,-0.78256105026035,0.257724542358139,183.2831,515,143
1.96766808284249,-0.641912916091082,0.293260588113616,183.8837,517,143
2.0960444755546,-0.519257342704733,0.295602332777904,184.4843,520,143
2.16265587419391,-0.40948485703703,0.318039832667954,185.0849,523,143
2.21479960187679,-0.312687357981289,0.297374764801624,185.718866666667,530,143
2.15471971779683,-0.136611500429439,0.315828240340562,186.319466666667,538,143
2.0986595751275,0.0302737739045464,0.329625588595747,186.8867,541,143
2.05321301370486,0.145184409909408,0.283136065908707,187.4873,544,143
2.05233351529773,0.14772660897311,0.283003883997279,187.520666666667,544,143
2.01397015129447,0.222074723627484,0.241622017853495,188.0879,549,143
1.97319881999576,0.324993838240441,0.271936507897736,188.6885,555,143
1.97627124099525,0.495079399383426,0.28750451348372,189.255733333333,557,143
1.95089313069988,0.642359359675699,0.292160541682945,189.856333333333,562,143
1.85543226636235,0.718848781983121,0.263607978896695,190.423566666667,564,143
1.85247293782995,0.719276944721961,0.263631530127659,190.456933333333,564,143
1.77906208171884,0.773247368497224,0.246684350372662,191.024166666667,572,143
1.69130675365814,0.848437947526475,0.252266104669289,191.5914,575,143
1.68969796921101,0.850394790988943,0.251979709131549,191.624766666667,575,143
1.62433150273179,0.941440321700861,0.271336561062165,192.192,582,143
1.59952035838144,1.1345116544397,0.287447722113247,192.7926,587,143
1.56837895668123,1.31207878710263,0.310575847316138,193.359833333333,590,143
1.52030104048536,1.48788931813584,0.302892846610391,193.960433333333,595,143
1.45153649762142,1.60328461870879,0.278030518582377,194.527666666667,600,143
1.38207893103064,1.75950021235777,0.276128638518183,195.128266666667,608,143
1.29598391467453,1.87212821283483,0.281208365048176,195.6955,609,143
1.22459330864734,1.97699467371211,0.234173730261719,196.2961,616,143
1.11558491209802,2.0065602415763,0.217679341255672,196.863333333333,619,143
1.11386112476317,2.00733731854816,0.217864062435058,196.8967,619,143
0.96616660395184,2.09194233750688,0.221141491332888,197.463933333333,625,143
0.863058291163779,2.46048836455175,0.387068131467166,198.064533333333,629,143
-4.25843624666533,1.22749650211087,0.250866359540544,180.947433333333,503,144
-3.1433136014412,1.56043397325054,0.338938321770856,182.115266666667,505,145
-3.92437549719636,1.35457326277449,0.319098816260959,182.115266666667,506,145
-2.9645671091457,1.78080223580406,0.357248207069022,182.6825,509,145
-3.76917703856388,1.4073098080423,0.24246384490666,182.715866666667,511,145
-2.80813556769129,2.02605241227506,0.367632649368236,183.2831,514,145
-2.66222281429399,2.23532057479208,0.27491186981737,183.917066666667,518,145
-2.51203053784585,2.39657951077291,0.281367458790833,184.517666666667,521,145
-3.03435193881493,1.50087903240152,0.351755463442185,184.517666666667,522,145
-2.32634500196162,2.635801296292,0.310589742552747,185.118266666667,525,145
-2.85729822917545,1.58492327493704,0.403864248101317,185.118266666667,526,145
-2.74525110898895,1.65069911206605,0.340246012552137,185.718866666667,528,145
-2.65829101153833,1.79291669767931,0.33152174160709,186.319466666667,536,145
-2.48451450228528,2.00056292805681,0.315165504758676,186.920066666667,543,145
-2.31885853009754,2.14480783759175,0.235968286781711,187.520666666667,546,145
-2.16608593867789,2.33242561914454,0.236738756691437,188.121266666667,551,145
-1.62770281179903,4.64675233775329,0.242827344230766,182.148633333333,508,146
-1.61977584126788,4.6401788736253,0.243540734060882,182.715866666667,510,146
-1.61846595741588,4.6377192911446,0.244040002531029,183.2831,513,146
3.16112786122948,-7.4368942290984,7.58688357170014,183.850333333333,516,147
1.51178973881233,6.05382931056644,0.074381886417472,184.017166666667,519,148
-1.61304412626231,4.63327107384784,0.24503009498536,185.118266666667,524,149
-1.62533236744138,4.64529165747582,0.243417369537947,185.718866666667,527,149
-1.61846595741588,4.6377192911446,0.244040002531029,186.319466666667,535,149
1.51219166758036,-3.98728477627584,0.364915198902893,185.718866666667,529,150
1.51690415908868,-3.71479318423544,0.397407790654072,186.319466666667,537,150
1.48739349760438,5.75287988347263,0.122449442079471,185.752233333333,531,151
-4.91887696517133,-0.401083644905736,0.529377007540586,185.752233333333,532,152
-4.69288791281575,-0.43033096574419,0.471392806495599,186.352833333333,539,152
-2.13058767428078,0.776162218809672,6.20403757526496,186.0859,533,153
-2.08958102104539,0.85159356745563,6.1585128723208,186.653133333333,540,153
3.85926264672878,-0.989650692388433,0.526120874432252,186.2861,534,154
-1.61846595741588,4.6377192911446,0.244040002531029,186.920066666667,542,155
-1.61902066549818,4.63907120565553,0.244566299933015,187.520666666667,545,155
-1.61883277040215,4.63897766256738,0.245587989671379,188.121266666667,550,155
-1.61561884658266,4.63582633811564,0.24443603799375,188.6885,553,155
-1.63002234081169,4.65113201590673,0.241826262428548,189.255733333333,556,155
-4.14081060215774,-0.401906892955334,0.384314679595511,187.520666666667,547,156
-2.05619024563875,1.11295215306312,6.01304961102633,187.854333333333,548,157
1.409971481623,5.26877718208758,0.1878317201614,188.655133333333,552,158
1.409971481623,5.26877718208758,0.1878317201614,188.6885,552,158
-3.65565196031765,-0.297292823501351,0.463607138494109,188.6885,554,159
-3.41180883624579,-0.252734963125656,0.442488997336665,189.2891,558,159
-3.21851996670498,-0.124969981014974,0.458795094547348,189.856333333333,561,159
-3.02704622156377,0.0869724286824178,0.450178724895975,190.423566666667,563,159
-3.02233137450655,0.0899071621807017,0.453288814320997,190.456933333333,563,159
-2.80731039216773,0.232766547503211,0.378066350239121,191.024166666667,570,159
-2.53532086352615,0.319063098545968,0.339176575538691,191.624766666667,579,159
-2.30110885381408,0.354947949390757,0.322869060824062,192.192,581,159
-2.29813223339563,0.356991030577416,0.322981991883594,192.225366666667,581,159
-2.00844043718619,0.482973325323609,0.275214950866347,192.7926,586,159
-1.74479297274239,0.610609116760282,0.242313653552259,193.3932,592,159
4.23930102440733,-0.668715298415438,0.339295786514293,189.822966666667,559,160
0.844523773567381,2.34715569809497,0.537832162954647,189.856333333333,560,161
1.9285682976974,4.87614720183958,0.230008327815451,190.456933333333,565,162
2.09285750293113,4.73866021714658,0.244882922174091,191.024166666667,568,162
2.26096547248998,4.58167843723091,0.295657958606679,191.624766666667,576,162
2.31268481379893,4.34137049507764,0.337693260005466,192.192,580,162
2.31321913748454,4.33998622233582,0.338137224675186,192.225366666667,580,162
2.38567213874967,4.19022820477904,0.309040394337637,192.7926,584,162
-5.08199080864176,0.981785538468316,0.209812023518816,190.456933333333,566,163
-4.91593043823015,1.14784435562458,0.221589129223168,191.057533333333,574,163
-4.71464007508701,1.17368705244828,0.265527001847362,191.624766666667,578,163
-4.45537226458614,1.19833162699461,0.263359986074445,192.225366666667,583,163
-2.80582648656683,1.50187399482244,5.63777367392867,190.857333333333,567,164
-1.6207684984419,4.64207465073735,0.243043885780161,191.024166666667,569,165
-1.61948746788819,4.63966547611437,0.243543367192467,191.624766666667,577,165
1.84512705312939,-2.76740325797372,0.323340847187275,191.024166666667,571,166
5.43671638665854,5.24280134497329,0.270665454108147,191.057533333333,573,167
-1.61819064898507,4.63735691378248,0.243555259766846,192.7926,585,168
3.80234088247215,-0.469573148236802,0.288530163889802,192.7926,588,169
3.69136628693968,-0.407261865720581,0.336598795782121,193.3932,593,169
3.55813006751456,-0.334484287875374,0.330936949868194,193.960433333333,596,169
3.42552290030979,-0.282424551370397,0.376477417075108,194.561033333333,603,169
3.28102790808095,-0.201333678386239,0.401656859610781,195.128266666667,607,169
3.16767417316439,-0.0805128117405738,0.421993974016746,195.728866666667,611,169
3.09856247181873,0.080938918493518,0.414353925164248,196.2961,615,169
2.971970763971,0.2402104029481,0.400098776452792,196.863333333333,618,169
2.97200617780754,0.240204463243939,0.400519298994365,196.8967,618,169
2.85664281940803,0.409821110400707,0.395591501416698,197.463933333333,626,169
2.76884071225203,0.580629148276281,0.348691270518872,198.064533333333,633,169
2.67290055113923,0.739694596385494,0.327373774792366,198.631766666667,634,169
2.66959098354048,0.742488144393118,0.328520971047727,198.665133333333,634,169
2.58522576605388,0.892301848127164,0.325522453077622,199.232366666667,640,169
2.52204389050177,1.03007801890802,0.32167428275696,199.832966666667,644,169
2.49189599752972,1.19302089038539,0.329134524981268,200.4002,646,169
2.11219761293217,1.44604162928895,0.405182711022985,200.433566666667,650,169
2.23859350347158,1.51558200699994,0.392707450878439,201.0008,654,169
4.05470741225457,5.74250416478359,0.165584679815438,193.359833333333,589,170
-3.98557857367652,1.26027885673812,0.259979056891638,193.3932,591,171
-3.88712344829252,1.28663768511305,0.215115519662551,193.9938,597,171
-3.77555594456232,1.32243378617082,0.276462127887874,194.561033333333,601,171
-3.65837097193563,1.40008234071311,0.257694174223873,195.128266666667,605,171
2.70068811517557,4.04049141084556,0.346348118139864,193.960433333333,594,172
2.94189950100544,3.95426989615024,0.416050615446254,194.527666666667,598,172
3.93430306434299,5.56632851838943,0.255586125454208,194.527666666667,599,173
4.37644189537185,4.93462675444528,0.290309522204086,195.128266666667,604,173
-1.31212444840519,0.680149188238848,0.271411423082709,194.561033333333,602,174
-1.11725170728105,0.60483957736234,0.306712865508521,195.128266666667,606,174
-1.11649040679223,0.604212921971391,0.306524417962013,195.161633333333,606,174
-0.896025137762004,0.519671108208297,0.30183461698056,195.728866666667,610,174
-0.713478725725457,0.494653108756497,0.292580414711478,196.2961,614,174
-0.712636467387294,0.494524439747492,0.292582902993221,196.329466666667,614,174
-0.465073252951668,0.484518833571928,0.314418842900613,196.8967,622,174
-0.192548722442374,0.604323707712801,0.339482444539678,197.4973,628,174
0.066013512031378,0.640706417178465,0.405950303367123,198.064533333333,632,174
0.363795206852576,0.701799777148608,0.406043957040216,198.665133333333,637,174
0.602458598560288,0.818602899870588,0.36161724309315,199.232366666667,639,174
0.627596166658809,0.651372321449929,0.465819294918047,199.265733333333,639,174
0.863840248682851,0.906350220162045,0.334967469030925,199.832966666667,643,174
1.02828109846925,1.00215465070126,0.378180719900393,200.433566666667,649,174
1.10691508931405,1.21210279730977,0.399607747603204,201.0008,653,174
1.10804622991345,1.21579377728261,0.399687886221412,201.034166666667,653,174
1.18443387268394,1.48590014658485,0.418282841210414,201.6014,659,174
1.71435519026773,1.23900402021454,0.386419280242118,202.202,665,174
2.09659213545454,1.45465846157462,0.331753272308568,202.769233333333,668,174
2.11884081687066,1.43897770422225,0.37438039636752,202.8026,668,174
2.72954462174056,1.80208841375409,0.274704413286428,203.369833333333,672,174
3.52927219180049,2.23815891561632,0.231967426778929,203.970433333333,675,174
4.13138188647291,4.93177804879045,0.422304158949917,196.2961,612,175
4.09334191142465,4.76832001918315,0.415138854011074,196.863333333333,617,175
4.05448810090731,4.57823969140914,0.363551083109473,197.463933333333,623,175
3.3605008553158,5.19667181699412,0.298978550698161,198.064533333333,630,175
-3.14377618519405,1.56710829844841,0.257815266382945,196.2961,613,176
-3.00726812364832,1.63222508080425,0.274986931155478,196.8967,621,176
-2.862410994104,1.73019463457065,0.301490768107059,197.4973,627,176
-2.58693418934194,1.85759164444522,0.349562304204623,198.064533333333,631,176
-2.58566611238303,1.85779503087812,0.349183525716909,198.0979,631,176
-4.50201650173101,2.52977925359268,0.234213258383545,196.8967,620,177
-4.44212594077019,2.58928759666583,0.266821194301152,197.463933333333,624,177
7.91157732140566,3.86248413949475,0.58283246352814,198.665133333333,635,178
-4.23899426389932,2.60548333861571,0.231427012963309,198.665133333333,636,179
-2.06094409008222,2.0130479635295,0.260508651238669,199.232366666667,638,180
-2.05569247709196,2.01378552419837,0.260858906244904,199.265733333333,638,180
-1.76877288996723,2.05676838760945,0.236176318965857,199.832966666667,642,180
-1.45994541459983,2.14164483300599,0.228714977562649,200.433566666667,648,180
-1.25000164527747,2.24901970348754,0.22689663699491,201.0008,652,180
-1.24762559358204,2.25076747506192,0.22636944777498,201.034166666667,652,180
-1.12930794411691,2.35430256663008,0.159541298720261,201.6014,658,180
-0.989828886576726,2.4032145117667,0.234151933473081,202.202,664,180
-4.05378537460744,2.55439491208096,0.259535950497053,199.832966666667,641,181
-3.90273339405094,2.551882940351,0.266356774408294,200.433566666667,647,181
7.78133188362015,3.64136109982136,0.636949447764504,199.866333333333,645,182
7.63755855929957,3.54207604448438,0.677338875786759,200.466933333333,651,182
7.38377856963054,3.45555871181,0.726943759932567,201.034166666667,655,182
7.22117862112848,3.39349935109656,0.754125682223423,201.634766666667,660,182
7.14086672730196,3.28427591766699,0.831816426913348,202.235366666667,666,182
6.93967588037107,3.13172645067029,0.855573177035698,202.8026,669,182
4.64552688326609,3.12938528146142,0.335827847977779,201.6014,656,183
4.61235020042305,2.9427689506137,0.36272348600755,202.202,663,183
0.958551404589854,3.0721209282168,0.213909493203583,201.6014,657,184
-3.74104714230252,2.34669410494678,0.387684433545625,201.634766666667,661,185
1.84398739343318,2.51917662112314,0.463604039228707,202.202,662,186
2.68438378534967,-2.88366877655262,0.455263346765715,202.235366666667,667,187
2.69457903312204,-2.71974249166259,0.506076686374463,202.835966666667,671,187
2.6316805040651,-2.56262498220976,0.468667851616001,203.4032,673,187
-3.67515501859255,2.09031334233552,0.352569621308799,202.835966666667,670,188
-4.23555175406189,-1.7780843168829,0.302542159386717,203.570033333333,674,189
6.58455635504585,2.61402946062677,0.798938209498706,204.571033333333,676,190
6.5708799088787,2.60870297018586,0.799992857608441,204.6044,676,190
6.34434365468165,2.26277223465444,0.78007544888441,205.171633333333,680,190
5.97619677503913,1.84784630671616,0.740534767279641,205.772233333333,684,190
5.5341620367298,1.49476852922212,0.731943613083299,206.372833333333,686,190
5.053324138326,1.22897135430385,0.726952136845015,206.973433333333,689,190
-2.24784511530276,6.35006106250477,0.175268094003054,204.637766666667,677,191
-2.02795177331904,6.42414412494337,0.126652124176464,205.205,681,191
-1.80914415153524,6.4687099364201,0.146617539067158,205.8056,685,191
-0.76208072442875,3.34729574836014,0.436570722287229,204.671133333333,678,192
3.64559751471691,1.01718937672205,0.467087226049358,205.138266666667,679,193
3.60329628040991,0.863581337672021,0.49372328881982,205.738866666667,683,193
2.25820180493295,-2.27518002297539,0.588924414332763,205.238366666667,682,194
1.95662236963563,-2.28632877449079,0.689454355482206,206.439566666667,687,195
1.6834520535734,-2.2786115926947,0.642399040684767,207.073533333333,690,195
1.43716073494561,-2.2727728730006,0.514807613178826,207.674133333333,693,195
1.19280196029635,-2.28957555737962,0.408347016596169,208.241366666667,697,195
3.45200670179759,0.573794732608154,0.495465456532117,206.940066666667,688,196
-4.49629759111211,2.61869212093618,0.300834019389399,207.207,691,197
3.20776868206701,3.18358173893508,0.464722141622614,207.574033333333,692,198
-3.18865316442412,-1.46915863324566,0.390144027450522,207.7075,694,199
-3.00584810591717,-1.32355354514055,0.336072615019655,208.274733333333,698,199
3.40029626643605,0.416457740420204,0.531403737999407,208.141266666667,695,200
4.62426920850532,0.989716651904542,0.922741094691812,208.141266666667,696,201
4.41936760351989,1.05307089730301,0.99202587897178,208.741866666667,699,201
4.15032030382747,1.08003246042438,0.938731381011637,209.342466666667,701,201
3.85368393884983,1.15910195845969,0.863836801930975,209.943066666667,704,201
3.50282121422707,1.27780493770321,0.752617009246742,210.543666666667,709,201
3.20370531069883,1.33432841750105,0.755630759680837,211.1109,714,201
3.20033340587602,1.33161318250378,0.757237433984691,211.144266666667,714,201
2.84361233772162,1.29493297516166,0.759584402172909,211.7115,717,201
2.45591834619221,1.18102340680738,0.755868627122357,212.3121,722,201
2.17919065329041,0.892083715801419,0.739408921121078,212.9127,727,201
1.86866192312591,0.579382122020199,0.678911193631566,213.479933333333,731,201
1.86115971353613,0.573167793994098,0.677988808036735,213.5133,731,201
1.52728220200737,0.289971865417048,0.59045385483546,214.047166666667,735,201
1.52449711675338,0.279629039247241,0.589050067202332,214.080533333333,735,201
1.18260347580214,-0.0878749427148596,0.505156860014196,214.647766666667,740,201
3.41220008787846,0.130974496722426,0.543919213846048,209.342466666667,700,202
3.34294143015763,0.0655169407329466,0.565184711450109,209.943066666667,703,202
3.20648503946274,0.00213763498222685,0.532631557687209,210.543666666667,708,202
3.07256885365793,-0.0912961630795881,0.471784243992572,211.1109,713,202
2.97409674456187,-0.208561886174031,0.467171751215726,211.7115,716,202
2.924417615947,-0.316959207086248,0.45129973970266,212.278733333333,721,202
2.83345634123742,-0.306840222394198,0.45535765410801,212.879333333333,726,202
2.63335739190377,-0.294512817343851,0.452432980763805,213.479933333333,732,202
2.34682900594719,-0.348473876293893,0.448369565823935,214.080533333333,737,202
-2.76741485866276,-1.04209427805853,0.396642951763232,209.442566666667,702,203
-2.65699091993534,-0.798047018258795,0.429591844960944,210.0098,705,203
-3.87915103853032,2.6147569758639,0.345833203806936,210.276733333333,706,204
-3.71345290210628,2.42815373832664,0.399384848861871,210.877333333333,710,204
-0.634523089046308,5.64775766038952,0.232532192985123,210.5103,707,205
-0.381808609262941,5.72586615204455,0.2105691649145,211.1109,712,205
0.120245376124524,4.17622077553632,0.323416854482439,211.1109,711,206
-0.0578017018320931,3.99656554708746,0.305926189422296,211.678133333333,715,206
-0.0604396923597189,3.99311834896726,0.305555350981028,211.7115,715,206
-0.208308409503421,3.82355330082532,0.281435960347953,212.278733333333,720,206
-1.69484390586041,3.42691185521534,0.239715354620938,212.845966666667,723,206
-1.69545124321642,3.42939215439137,0.237921736127386,212.879333333333,723,206
-0.318030640072208,3.69438871656177,0.233558645061497,212.879333333333,724,206
-0.384712004654184,3.5218303378906,0.235115479900823,213.446566666667,729,206
-1.51656093185222,3.39731748531185,0.181606484651386,213.446566666667,730,206
-0.417256735265966,3.336060013566,0.249295392872897,214.047166666667,733,206
-1.37187490800186,3.31994268935742,0.215814434379781,214.047166666667,734,206
-0.419725167070569,3.19061178145777,0.248863975011757,214.6144,738,206
-1.21971351440725,3.1829739053519,0.2818679887363,214.6144,739,206
-1.21803885116823,3.17945775585971,0.282997902424037,214.647766666667,739,206
-0.435173602160624,3.04028525972376,0.247299800840094,215.215,741,206
-1.10654508586807,2.98804773489462,0.277764281760471,215.215,742,206
-0.431990302840102,2.87519604650733,0.292328709656028,215.782233333333,743,206
-1.04499182755716,2.85711402440749,0.2421310938658,215.782233333333,744,206
-0.432768966357596,2.87279105827239,0.292704794656596,215.8156,743,206
-1.04565922563731,2.85632981251313,0.241150517824589,215.8156,744,206
-0.447503530266867,2.70115138011319,0.324661221293808,216.382833333333,746,206
-0.998853537110718,2.70295156732602,0.220701394581146,216.382833333333,747,206
-0.499691280546592,2.54635719148432,0.273509963517659,216.950066666667,748,206
-0.931486384522787,2.52305498990198,0.276139148483433,216.950066666667,749,206
-0.928330948466736,2.51861591609158,0.277461136561911,216.983433333333,749,206
-0.462775149144296,2.4362044200989,0.266168591527164,217.5173,750,206
-0.876856120087472,2.32871647427839,0.304626321072051,217.5173,751,206
-0.461931430172976,2.43461908068356,0.266710500722518,217.550666666667,750,206
-0.875156651595749,2.32598482118406,0.305697682566328,217.550666666667,751,206
-0.376830713459381,2.27426247014188,0.280100136105726,218.1179,752,206
-0.959707716060891,2.15482949118736,0.32483112545787,218.1179,753,206
-0.255695010157275,2.08044992406809,0.286131585741825,218.685133333333,755,206
-0.254186051467281,2.07695254780491,0.286468544097235,218.7185,755,206
-1.08002453446038,1.93095383893488,0.374590421174844,218.7185,756,206
-0.092061948066801,2.01850533273957,0.27785287060508,219.285733333333,757,206
0.0866496774836264,2.00571811679994,0.259359233988543,219.886333333333,759,206
0.236017887090739,1.95239877435842,0.218045453874327,220.453566666667,761,206
0.238077822874796,1.95159717025912,0.217971078525137,220.486933333333,761,206
0.375339460065931,1.9147399220291,0.207106452048236,221.054166666667,764,206
-2.80179956392038,-0.0708829677682291,0.30659591619553,211.778233333333,718,207
-3.11915999017672,2.1897222943483,0.355774731624305,212.245366666667,719,208
-2.8637992010059,2.17703457316839,0.278186205750506,212.879333333333,725,208
-4.25905794874822,3.80766658408218,0.289456995903628,213.3131,728,209
-2.59021855642584,2.45988472757054,0.341330248879034,214.080533333333,736,210
-4.8450128458203,4.04219921104562,0.109009312813688,215.8156,745,211
2.76211029879592,-2.25499155467131,0.664932123055259,218.351466666667,754,212
2.73766308363765,5.98254427531045,0.136462724974952,219.852966666667,758,213
4.09941514048241,-4.33390413417228,0.918514388601372,220.086533333333,760,214
4.08838453856431,-4.25899018083844,0.904062200101978,220.653766666667,763,214
-2.62644821988315,2.20087578127239,0.258881082676749,220.486933333333,762,215
-2.4180326089326,2.1916392715576,0.267995987922161,221.087533333333,765,215
-2.12311145565519,2.18724310069171,0.298313658359951,221.688133333333,771,215
-1.91261881531646,2.10315861672229,0.324542180375731,222.255366666667,774,215
-1.5942031988423,2.04531525617016,0.355925922302291,222.8226,780,215
-1.33408393243541,2.02443059645595,0.36569395530459,223.389833333333,783,215
-1.32881773781286,2.02448810541627,0.365645747134132,223.4232,783,215
-1.07107938397963,2.01165273794539,0.343833146303323,223.990433333333,788,215
-0.864035997137326,1.94088829598581,0.278323839626649,224.557666666667,790,215
-0.863616161172041,1.94087996042214,0.277441884034169,224.591033333333,790,215
-0.70258784348165,1.8761962880337,0.263246064435638,225.158266666667,795,215
-0.531933626561787,1.81226797629852,0.271918214424583,225.758866666667,800,215
-0.350012156659198,1.84141601877235,0.298387144574939,226.3261,803,215
-0.0959759879498435,1.89780557805812,0.302515018423108,226.9267,805,215
0.115053734992289,2.01143577651723,0.260273419698152,227.5273,806,215
0.351672079613457,2.1637862029086,0.300367984607025,228.1279,809,215
-1.30577972068343,0.962414098722397,0.256640949243737,221.087533333333,766,216
-0.78161435622527,-2.56302434889022,0.454711030794063,221.087533333333,767,217
-1.18310501890982,-2.3132775888895,0.404092015308321,221.654766666667,770,217
-1.59388052939283,-2.17349043388391,0.352853046832587,222.255366666667,776,217
1.62433836506675,6.69782320203629,0.0965624337340361,221.6214,768,218
3.62186544064262,2.28890252592853,0.247154874294865,221.654766666667,769,219
3.71529548415638,-1.23738829244723,0.416086968592707,221.8216,772,220
3.64090311997484,-1.2635062997106,0.390071806344109,222.388833333333,777,220
0.601141038266581,1.72258882637773,0.298168016353445,222.222,773,221
0.719769662261835,1.55809676267266,0.352428598742118,222.8226,781,221
0.799922853888845,1.47536313568161,0.328832860338088,223.389833333333,784,221
-1.05289742362073,0.559576811116337,0.211494335943456,222.255366666667,775,222
3.62186544064262,2.28890252592853,0.247154874294865,222.789233333333,778,223
3.62186544064262,2.28890252592853,0.247154874294865,222.8226,778,223
1.71763791054308,6.31448696419259,0.0487617982791969,222.8226,779,224
1.86430960395027,6.18657104646407,0.0551481431541022,223.4232,786,224
3.70463057741762,-3.43491738533783,0.957709450096052,223.0228,782,225
4.01534245286562,5.55183009879993,0.176772644184331,223.4232,785,226
11.4702911728048,-3.30966073431161,7.62803597712726,223.856966666667,787,227
-0.664275460527832,-0.0760889688496311,0.284373255187665,223.990433333333,789,228
-0.39826972634327,-0.178316741104139,0.282376271875512,224.557666666667,791,228
-0.16170456744731,-0.309285104989548,0.274814776218756,225.158266666667,796,228
0.148051563669149,-0.266123449596971,0.305653811550797,225.758866666667,801,228
0.148272987485496,-0.271822151367799,0.30490356807794,225.792233333333,801,228
1.09963629711027,1.44083375023621,0.306467677193589,224.557666666667,792,229
2.83491221758268,-3.22923791574261,1.01213216277139,224.757866666667,793,230
3.62186544064262,2.28890252592853,0.247154874294865,225.158266666667,794,231
1.42739588705893,1.42856854044862,0.253582687934376,225.7255,797,232
3.62186544064262,2.28890252592853,0.247154874294865,225.758866666667,798,233
4.35394426817923,5.30866625334299,0.222726383660622,225.758866666667,799,234
2.69716488947072,-3.20009858167891,0.92000910608846,225.892333333333,802,235
3.62186544064262,2.28890252592853,0.247154874294865,226.9267,804,236
2.20498887616684,1.27701663192908,0.450108728997483,227.5273,807,237
0.918906417914439,-0.275664552141154,0.272842293923623,227.594033333333,808,238
0.921633573170523,-0.272366083387645,0.27501629986202,227.6274,808,238
1.08208888872905,-0.215502145106659,0.283752373902743,228.194633333333,810,238
0.915536881876344,2.42065428582684,0.272854624296334,229.896333333333,811,239
1.72472131113927,-0.397342285449885,0.364747641366975,229.9297,812,240
1.71089532441584,0.575448229389846,0.479660054236229,231.064166666667,813,241
-4.21852855908979,4.48880564701986,0.206213732812033,231.1309,814,242
-3.99306610169478,4.33420706353605,0.247333355533198,231.698133333333,815,242
-3.79628941977101,4.28201539741865,0.219883029151831,232.298733333333,817,242
-3.58980154898687,4.22831953669279,0.208276770187085,232.899333333333,818,242
4.50502986087705,-3.65923098933279,0.425809284623875,231.798233333333,816,243
6.32913114798541,4.26298002005272,0.327334634327462,235.301733333333,819,244
2.13388814856205,-3.68140466960642,0.147558959621132,235.768866666667,820,245
2.36694140471043,3.5312330274713,0.382960937454079,236.4362,821,246
2.58381324721044,3.35386656844952,0.402462333004968,237.0368,822,246
2.71843458164228,3.13010449162377,0.42680829959798,237.604033333333,823,246
2.69092551534811,2.9580005058104,0.378584603868043,238.204633333333,824,246
2.64167462296776,2.78330872407889,0.39442321293665,238.805233333333,825,246
2.6417942585858,2.54696473017073,0.409822945082603,239.405833333333,826,246
2.70427874749948,2.31165046060354,0.420023360881917,239.973066666667,827,246
2.80512051407542,2.07913962203054,0.406966894025901,240.573666666667,828,246
2.24001696733871,-0.827364176883639,0.331619392166739,240.974066666667,829,247
5.22522336474388,2.96617308484752,0.296936402139208,241.7415,830,248
5.02871237889089,3.0327671534643,0.307318942301121,242.3421,832,248
4.76288191418071,3.02149494589888,0.277262927250766,242.9427,835,248
1.8636480783258,-0.748262388585662,0.30858550685551,242.1419,831,249
1.6843231408414,-0.753105871724814,0.330774248728885,242.709133333333,833,249
1.790525937546,-0.679433507471226,0.462052862572749,242.709133333333,834,249
2.62033642194364,-3.07801722317756,0.389131006429495,243.276366666667,836,250
1.46664916374927,-0.769070898792441,0.256075805397161,243.8436,837,251
1.35766587021611,-0.715787427777266,0.270184594817081,244.410833333333,840,251
1.23127847062455,-0.607855254771604,0.289738748507578,245.011433333333,843,251
1.10570346531002,-0.51342459887949,0.263986190582443,245.612033333333,847,251
0.988618581542071,-0.438219468101435,0.228661601347356,246.179266666667,851,251
0.834126976015529,-0.424674531838361,0.253387808563898,246.779866666667,854,251
4.41253917076402,2.84627834283347,0.309233168147219,244.1439,838,252
-1.83850678280599,6.30798677924244,0.298252536496402,244.177266666667,839,253
-1.77465387363935,6.11813263258964,0.340677123995759,244.777866666667,842,253
-1.68227686816158,5.89933402444636,0.338833331891394,245.378466666667,846,253
-1.49434856939843,5.71462362434464,0.381009594794909,245.979066666667,850,253
-1.31747933548626,5.56998883999892,0.336548143243234,246.5463,853,253
-1.20988951841036,5.44826255155706,0.295322858519945,247.1469,857,253
1.35889426849998,3.90005227023454,0.175117370039978,244.477566666667,841,254
1.92398141180672,-2.76833957300651,0.42473115087893,245.011433333333,844,255
1.59579262834678,-2.71243145507339,0.458108137773468,245.612033333333,848,255
3.41249818113663,0.863655962957726,0.447744275599442,245.311733333333,845,256
1.49218858241022,3.61948333578114,0.23615287127352,245.6454,849,257
1.56034405408475,3.4162060152688,0.265152649686891,246.246,852,257
1.63055542347108,3.18941457033613,0.242768196546343,246.8466,855,257
1.55834062376325,3.04107385190631,0.28343847956449,247.480566666667,858,257
1.41336008507953,2.83111119600762,0.248061074925411,248.181266666667,860,257
1.28021344335685,2.75035675051253,0.242370000638661,248.8486,863,257
0.838535740468282,2.32548723704944,0.452241079114207,249.482566666667,866,257
1.95051493074832,1.49894915817535,0.543523061919913,247.113533333333,856,258
3.73779774116107,2.89925181185701,0.302293796159726,247.714133333333,859,259
-1.09450859391397,5.07817129156659,0.236712962649744,248.314733333333,861,260
-0.962760358916356,4.93188078834162,0.241305571703871,248.915333333333,865,260
0.53218664422564,-0.229352106804648,0.21980922542773,248.514933333333,862,261
3.51440629124823,3.13890329222558,0.313117207784002,248.915333333333,864,262
4.61022902806968,-0.344326525938859,0.559665910273954,249.482566666667,867,263
-0.760597639973832,4.52644618254189,0.288810449198739,250.083166666667,868,264
-0.755155471984941,4.37654782578114,0.236223747315161,250.6504,869,264
-1.62216013004126,4.64419787301889,0.240565946823169,250.6504,870,264
-0.752857262483945,4.37000253806353,0.237059360283633,250.683766666667,869,264
-0.745264604931173,4.20179489464207,0.191255721345469,251.251,873,264
-1.62225603181377,4.6448974480927,0.240464727884848,251.251,874,264
-0.674590255490016,3.99895433755963,0.189946194444962,251.818233333333,877,264
-1.62174479692658,4.64346670248631,0.240536212092221,251.818233333333,878,264
-0.667661767223726,3.98827407784498,0.190663106087048,251.8516,877,264
-0.687662686838178,3.78577190767645,0.22390567031747,252.418833333333,880,264
-0.656690512207986,3.65318418582185,0.165072057146702,253.019433333333,883,264
-0.630859924414586,3.48916848356332,0.236303264232672,253.620033333333,886,264
-0.449406817757341,3.36364197295631,0.315020126302651,254.220633333333,890,264
-0.184617435621464,3.3095130658845,0.368616137733409,254.821233333333,892,264
0.0561197372455502,3.24829303663308,0.363564563077224,255.421833333333,896,264
0.298351149198711,3.2193437362823,0.280074783159214,256.022433333333,899,264
0.299415269553336,3.22405031300508,0.277492824663299,256.0558,899,264
0.970259943777715,2.48608770761079,0.22576108258179,250.683766666667,871,265
0.911097349994656,2.2844798080559,0.284585091396478,251.251,875,265
0.911089276213968,2.28251541884309,0.284847386203634,251.284366666667,875,265
0.926143780741238,2.08125706994419,0.331973712510623,251.8516,879,265
1.03498811201115,1.86418125533141,0.360544844251147,252.4522,882,265
1.05370821696362,1.61165672712847,0.367736777589633,253.0528,885,265
1.19236791262367,1.44376747967656,0.318707579092385,253.6534,889,265
0.142203534921768,-0.194436296849228,0.186802108057382,250.8506,872,266
0.0322275954736176,-0.139997345666489,0.197188034864299,251.417833333333,876,266
-4.91519757733217,1.44116660480841,0.331171966452045,252.4522,881,267
-1.61487820184577,4.56930890648256,0.287009389443041,253.019433333333,884,268
-1.69558608908725,4.3803203473315,0.374115029659026,253.620033333333,887,268
-1.6957565461862,4.38052082585643,0.374640675055356,253.6534,887,268
-1.7446629688943,4.07781075029645,0.367390832902264,254.220633333333,891,268
-1.7463771777567,3.63709044977299,0.352597187140501,254.821233333333,893,268
-1.68268915819331,3.32619925518842,0.374830331729191,255.421833333333,897,268
-4.42336833067921,1.33256049688688,0.337257819139667,253.6534,888,269
-3.82228667948394,1.27227271715454,0.338341862994952,254.8546,894,270
-3.59191203992145,1.34503936356161,0.394565521849916,255.4552,898,270
2.39118022886248,1.66754472574192,0.354307389238408,254.887966666667,895,271
-3.62870170304243,-0.0237457472659114,0.268873643625904,256.022433333333,900,272
-2.93752355443209,1.65519123753446,0.347821411399137,256.589666666667,901,273
-2.93535500374814,1.65667591450532,0.348614024657359,256.623033333333,901,273
-2.53223584926512,1.90665912657615,0.298415310358356,257.190266666667,902,273
-2.17839174532184,1.97856107710978,0.347415472458232,257.790866666667,904,273
-1.89433294771159,1.93555345316905,0.322647774913596,258.391466666667,905,273
-1.57634463803517,2.01504761759121,0.302464938434001,258.9587,906,273
-1.57292196783998,2.01601039035166,0.301355406980349,258.992066666667,906,273
-1.18774479478681,2.0661578390313,0.258838695038822,259.5593,907,273
-0.869790864626122,2.08206598819348,0.255700699501688,260.1599,908,273
-0.607528667760771,2.05877107102427,0.260707161362219,260.7605,910,273
-0.258484388892883,2.01284757385964,0.266717270020765,261.3611,913,273
-0.0427805611982432,1.92497726177963,0.299115698775007,261.928333333333,916,273
-0.0417288808325896,1.92413515537582,0.299536782445906,261.9617,916,273
0.029101577922406,1.78645776875342,0.278726779939471,262.528933333333,921,273
-0.0124945429204789,1.57042079043166,0.272449072801072,263.129533333333,923,273
0.0657282124224783,1.31766219284819,0.296688471128388,263.696766666667,925,273
4.38408343616393,1.2715044335497,0.267513440015266,257.223633333333,903,274
-4.41130319917266,-0.526392410275098,0.307491800204475,260.193266666667,909,275
1.36237029031874,-3.78653563667749,0.344002485716687,260.7605,911,276
1.47037891715066,-3.59827125797524,0.36580177131004,261.3611,915,276
-3.59498140691605,4.24846429470569,0.17834798646138,261.3611,912,277
-3.53615091647811,4.0685136205439,0.182122920260445,261.9617,917,277
-3.93820887359427,-0.380176969678032,0.286267613158356,261.3611,914,278
-3.7089458644616,-0.308524774311405,0.311665697341505,261.9617,918,278
-3.4919930300995,-0.282402364451951,0.316921180652857,262.528933333333,920,278
-3.33526859694021,-0.179422280637557,0.307770962699502,263.129533333333,922,278
-3.19734459837182,-0.0205709308793891,0.298172557137963,263.730133333333,927,278
-3.0451646407006,0.110708818657309,0.269986224474921,264.297366666667,930,278
-2.86469382818659,0.256840172068652,0.24571964976761,264.897966666667,934,278
-2.59068657036272,0.29364643509745,0.263725111891772,265.4652,936,278
1.77899714567471,-3.3764862702646,0.29257177222179,262.495566666667,919,279
2.10647900432104,-3.05489956573889,0.28307645990452,263.6634,924,280
-3.32023365742408,3.78504229273197,0.229183985397908,263.730133333333,926,281
-3.20123430913021,3.79818865493194,0.265951503905906,264.297366666667,929,281
-3.06602472882516,3.76215693196082,0.282817240973042,264.897966666667,933,281
6.73755180783626,4.21754265544594,0.601374311362931,264.264,928,282
2.3878368878367,-2.74200415504067,0.313741077655997,264.831233333333,931,283
0.577844685395227,0.960871758977656,0.316013627671026,264.8646,932,284
0.840288361282412,0.920528121970378,0.297182039064919,265.431833333333,935,284
1.09476852926323,0.974412844058656,0.277109865880248,265.999066666667,937,284
1.09755333284174,0.974937578329768,0.27746831734867,266.032433333333,937,284
2.45025775916159,-2.29015655016756,0.316897878067544,265.999066666667,938,285
2.58016097454375,-1.8537257222123,0.372033460262273,267.1669,939,286
2.74557483463367,-1.66847028828087,0.417229149410988,267.7675,941,286
-0.519183502399781,-1.82097576229553,0.242921111252202,267.267,940,287
-0.594506884339589,-1.72265425193755,0.232941913134329,267.8676,943,287
-0.641019052985209,-1.58047160485697,0.199355758376772,268.4682,944,287
3.88469998992247,3.12890497693079,0.358489742737016,267.800866666667,942,288
-0.578689091109217,-1.28203584143073,0.210298863889966,269.636033333333,945,289
-0.474953187593936,-1.16374840770663,0.245992041977463,270.203266666667,948,289
-0.477257070220642,-1.16625683175232,0.244866913679939,270.236633333333,948,289
-0.337749577068781,-1.07389284656018,0.285776894309618,270.803866666667,951,289
-0.117450809558564,-1.01266516647909,0.306987851844347,271.3711,953,289
3.15946230141763,-0.885182167428377,0.442844581528379,270.103166666667,946,290
3.05053207116006,-0.722987830616137,0.425993330974485,270.6704,950,290
2.96995895757863,-0.646931564225145,0.42753267892282,271.271,952,290
3.01870706833866,-0.413477167740154,0.419286242096657,271.8716,957,290
3.16138356422615,-0.275732720868058,0.430967803942353,272.438833333333,961,290
-3.11597976034432,-0.840471804630045,0.231663978373769,270.203266666667,947,291
-1.05674578132788,1.96340838626879,0.443628661244161,270.236633333333,949,292
-2.21673372802801,2.61824007321692,0.321685434551737,271.404466666667,954,293
-3.00597796453356,1.8338987694352,0.320501048126679,271.404466666667,955,293
-2.22609452840452,2.50523145878616,0.251672743665026,272.005066666667,958,293
-2.90138821490172,1.98360741553362,0.363952195468136,272.005066666667,959,293
-2.20729592178943,2.35187920188874,0.232662248639378,272.5723,962,293
-2.78316386273347,2.15287357235906,0.346078514586283,272.605666666667,963,293
-2.60951204306186,2.30735061599813,0.305856539807295,273.1729,965,293
-2.20280856116701,2.23188683153331,0.275425520796666,273.1729,966,293
-2.42750055188725,2.45317358000687,0.305408313300179,273.7735,969,293
-2.12842671215733,2.08421259265741,0.295658215937856,273.7735,970,293
-1.94786553734202,1.97253748173934,0.315072835298571,274.340733333333,973,293
-1.76009099498687,1.89453290602891,0.273493289337161,274.907966666667,975,293
-1.75494786319717,1.89354079152691,0.272185537108127,274.941333333333,975,293
-1.61172868623197,1.81964262559778,0.219427682048976,275.4752,979,293
-1.60643387869938,1.81896517009188,0.220170874661765,275.508566666667,979,293
-1.4676232797456,1.78915580836635,0.224173712947748,276.0758,984,293
-1.46760054169895,1.78918489217218,0.224606310778108,276.109166666667,984,293
-1.2816767744694,1.81477295958671,0.233742655946093,276.6764,987,293
-1.13845284257085,1.82409922311915,0.158716215445787,277.277,989,293
-1.01276713329531,1.83519887496514,0.17636689096938,277.8776,992,293
-0.880634385227208,1.85808486184751,0.216275064435898,278.4782,994,293
-0.738562407818085,1.85957751693532,0.252903816995588,279.0788,997,293
-0.560281564809132,1.8589589177192,0.278151418429321,279.646033333333,999,293
-0.558626794877345,1.85912823036656,0.277973184486031,279.6794,999,293
-0.354978655278208,1.84315084285903,0.279999063653915,280.246633333333,1001,293
-0.181748107827379,1.84491910584787,0.285209626717511,280.847233333333,1003,293
-0.00427797589058831,1.87073678945023,0.267308064875052,281.414466666667,1005,293
-0.00191095878095182,1.87137300961849,0.267157357386647,281.447833333333,1005,293
0.825261908197984,2.35793943677868,0.549097523674141,281.447833333333,1006,293
0.135410098729718,1.90338267600286,0.23426991079724,282.015066666667,1007,293
0.247731739954059,1.92745901166512,0.239451930867353,282.615666666667,1011,293
0.362471977526276,1.94886058343806,0.24721489743256,283.1829,1013,293
0.363352319324593,1.94924720815186,0.247314252519004,283.216266666667,1013,293
0.497660542536606,1.99336985190385,0.249092794847785,283.7835,1017,293
0.500283204071463,1.99551853062224,0.24984128968681,283.816866666667,1017,293
-1.82053155686535,6.182642120194,0.263917808511747,271.437833333333,956,294
-2.03946725803011,0.998328135427378,0.461481606478271,272.005066666667,960,295
-1.48065612223074,5.65740255099946,0.25720178941672,273.1729,964,296
-1.28624639864329,5.44188309183807,0.263620662715193,273.7735,968,296
3.33613953717944,-0.0545312702976569,0.416510652133351,273.606666666667,967,297
3.32080871891144,-0.00864396893230512,0.41762446500711,274.1739,971,297
4.38799167190329,-0.214733296695691,0.511248500685615,274.207266666667,972,298
1.06315158437453,-0.99792786997279,0.326182575873451,274.807866666667,974,299
1.22811186477797,-0.829557136393577,0.319432772089,275.3751,978,299
1.29497873458891,-0.628867245888368,0.343995313103312,275.942333333333,983,299
1.34277321938448,-0.4106575786767,0.349515847552886,276.542933333333,986,299
1.41018005364318,-0.21699078250089,0.355821406968104,277.143533333333,988,299
1.41310546110008,-0.217220264942326,0.356098598531867,277.1769,988,299
1.52508385408172,-0.0277875950253228,0.355224395176563,277.744133333333,990,299
1.52544374175702,-0.0246350053247159,0.356126690037512,277.7775,990,299
1.66928711225474,0.12386321631428,0.367403374756568,278.344733333333,993,299
1.79096116430291,0.273546961493285,0.402489186184364,278.945333333333,995,299
-4.64719167733847,1.08907788120832,0.250981115431809,274.907966666667,976,300
-4.55102679877487,1.11300303683457,0.331896838437522,275.508566666667,980,300
-4.41624057930043,1.10648175097685,0.31630121517919,276.109166666667,985,300
-0.874526394677925,5.06969732238951,0.301534843951678,274.941333333333,977,301
-0.629870074818184,5.1143071343972,0.353386534383091,275.541933333333,981,301
-8.74378306777152,-14.9751109607815,3.23463396010282,275.5753,982,302
-8.67033253310887,-14.8413766013362,3.21844981520898,275.608666666667,982,302
-4.03841263862143,1.36892668602402,0.305536114503386,277.844233333333,991,303
-3.74212935339921,1.67631340304177,0.289147516144634,279.012066666667,996,304
-7.28281313997187,-13.6953064277438,4.43550023543478,279.212266666667,998,305
-3.03502788465245,-2.00924917051511,0.300721798377042,280.1799,1000,306
-2.7436410817377,-1.95697422776525,0.305490818837508,280.7805,1002,306
1.4232900066373,5.2060090778278,0.292969173226204,280.8806,1004,307
1.83146944966005,4.88456159081355,0.353214850948301,282.048433333333,1008,308
2.00571487671095,4.69150895767256,0.342397497789445,282.615666666667,1010,308
2.02018066714694,4.43302911657748,0.358246777182397,283.216266666667,1014,308
2.00687973116339,4.12005164681629,0.403816984747394,283.7835,1015,308
2.0425494489417,3.73980757079717,0.393958662320924,284.3841,1018,308
2.17466708811124,3.39825118162092,0.363066043243599,284.951333333333,1019,308
2.40464306011218,3.26264943684691,0.465360832838935,285.551933333333,1023,308
2.49240813661913,3.09558863132058,0.465086991681817,286.152533333333,1027,308
2.50653125090646,2.89368701901189,0.420699128819456,286.719766666667,1028,308
2.51524371216554,2.66338532497126,0.348310448682883,287.320366666667,1030,308
2.54178702537379,2.52469508530136,0.329136146757296,287.8876,1033,308
2.54039093738346,2.52335615949283,0.329031823271548,287.920966666667,1033,308
2.57035869165675,2.34703561066625,0.359284308097185,288.4882,1035,308
-4.85496454588026,-1.4480200951225,0.365338459605832,282.548933333333,1009,309
-2.72109471210323,2.5065048341966,0.315934687617297,283.1829,1012,310
-2.49711317851528,2.55870172112011,0.308961867308196,283.7835,1016,310
0.665026522235078,2.04870754666453,0.29788357698083,284.951333333333,1020,311
0.6872324946062,2.38078971864095,0.420552120410602,284.9847,1021,311
0.770666395458764,2.12199436724159,0.295358892499395,285.551933333333,1025,311
0.896568892570591,2.15697284720404,0.313019995402512,286.119166666667,1026,311
0.792592858770515,2.34420307607253,0.448598573860356,286.152533333333,1026,311
1.03614913759093,2.18973880757825,0.298705191869883,286.719766666667,1029,311
1.17470533452478,2.18110083232716,0.272435372183249,287.320366666667,1031,311
1.28688770026677,2.11992339367858,0.28040632475071,287.8876,1034,311
1.39282414843386,2.05927262192729,0.30890215029564,288.4882,1037,311
1.52968117149991,1.96304627639706,0.308977800278869,289.055433333333,1038,311
1.59760533408781,1.86078432439907,0.309895183212174,289.656033333333,1041,311
8.10429506725247,3.25743782665469,0.441947625767393,285.451833333333,1022,312
-3.21075170413607,2.34165171521906,0.274456142169956,285.551933333333,1024,313
-2.90762065075697,-1.8361090784608,0.310441786228442,287.854233333333,1032,314
-2.57674260691691,-1.73194800457308,0.263905774820865,288.4882,1036,314
-2.28675478951684,-1.61595404352431,0.231176690615615,289.0888,1039,314
-2.07662899054283,-1.42742567263662,0.242585468280182,289.656033333333,1040,314
-1.79975488500373,-1.27906329977594,0.237151400451325,290.256633333333,1042,314
-1.61296761242528,-1.13272819927388,0.228559743649807,290.857233333333,1043,314
-1.41676870007639,-1.03030517538084,0.210453478903342,291.424466666667,1045,314
-1.25946849070461,-0.857148360655774,0.228107731540946,291.9917,1046,314
-1.08655853851072,-0.817071638990925,0.220557438709612,292.558933333333,1047,314
-0.876942986417934,-0.792800661329035,0.232644111841432,293.159533333333,1048,314
-0.68255928281808,-0.704043057923729,0.26151142416719,293.726766666667,1049,314
-0.677423097926736,-0.698913917134186,0.262514524266315,293.760133333333,1049,314
-0.4890658451062,-0.629179795788715,0.281612029745907,294.327366666667,1050,314
-0.324117324625323,-0.446100968826832,0.314216824622222,294.8946,1051,314
-0.323521331426816,-0.444111684608198,0.313644081185779,294.927966666667,1051,314
-0.148660521259836,-0.277777203479267,0.297050147034403,295.4952,1052,314
-0.0327476997766248,-0.0400595776099764,0.287285884231382,296.0958,1055,314
0.0861039038934007,0.18210078640718,0.274385962099711,296.663033333333,1056,314
0.196169191548738,0.429248118431309,0.303024721436679,297.230266666667,1057,314
0.168431791218899,-0.114336052057677,0.398917552902897,297.263633333333,1058,314
0.227525264460811,0.669037889662399,0.33492338181394,297.7975,1060,314
0.227051587713203,0.672446287918117,0.335257365274218,297.830866666667,1060,314
0.215668651385426,0.927653513316198,0.322953482967262,298.3981,1063,314
0.193595613011606,1.17198587284409,0.3127061342417,298.965333333333,1066,314
0.177218218553256,1.44945088113196,0.295697954307064,299.532566666667,1068,314
0.177207710912646,1.45421477002133,0.295717110205164,299.565933333333,1068,314
0.232558347325312,1.72906215577964,0.279109291050496,300.133166666667,1070,314
1.3981926756432,-4.0107733603998,0.363333755089498,291.3911,1044,315
1.12760429644348,-0.658419069165737,0.368167274461116,295.4952,1053,316
1.26397616747175,-0.592517731517513,0.323319130237968,296.062433333333,1054,316
3.25783605413085,0.724763253805522,0.618103482060965,297.263633333333,1059,317
3.28477068202205,0.798040115718374,0.556016884409245,297.830866666667,1062,317
3.33514709316568,0.863588980942032,0.459767361877918,298.3981,1064,317
-0.870849968882348,-1.97425478961105,0.453239319317642,297.830866666667,1061,318
-1.07847005064872,-1.29810729375352,0.353140804713406,298.965333333333,1065,319
-1.04988726577858,-0.960513598382594,0.371068431628358,299.532566666667,1067,319
-0.944187183084625,-0.627540174725272,0.386814553898903,300.133166666667,1071,319
-0.988292874089065,-0.301704869967444,0.407358854919556,300.7004,1073,319
-1.07032429428197,-0.00690745969754558,0.416395016792191,301.267633333333,1075,319
-1.0678451415842,-0.00138122843356125,0.417304671382725,301.301,1075,319
-1.15162147420355,0.372790193872389,0.399567927827056,301.868233333333,1077,319
3.32264249032444,0.968428084872283,0.422038206672568,299.565933333333,1069,320
3.32379619708855,1.00858983120276,0.433243640957516,300.133166666667,1072,320
2.6712780851423,-0.658391955311449,0.219540762021103,300.7004,1074,321
2.64820465455815,-0.672438552816072,0.225002673180882,301.834866666667,1076,322
2.64594486207988,-0.674601504347013,0.227147212972815,302.435466666667,1078,322
2.64378634878874,-0.671024085594334,0.228511115356948,303.036066666667,1079,322
3.26027899715997,0.998550946845055,0.239455214994124,303.6033,1080,323
3.18806017604641,1.00000182560225,0.263618426100155,304.170533333333,1083,323
3.16819107377602,1.00370777408359,0.325899320350323,304.771133333333,1086,323
3.1357278413946,1.04940181607356,0.378124083443336,305.338366666667,1088,323
3.09209017307939,1.05206078083554,0.399612926574594,305.938966666667,1092,323
3.02405350178145,1.0860905440071,0.275412360829871,306.5062,1093,323
2.98050802779228,1.06023210437884,0.410751253760295,307.1068,1097,323
2.39388264562309,1.54002998381518,0.295552894268507,307.674033333333,1099,323
2.90929616553792,0.975456045816228,0.431551049990042,308.274633333333,1103,323
2.31869376984729,1.52043498830813,0.317663275361231,308.274633333333,1104,323
-1.37276364504646,1.24811471103542,0.297600584828153,303.636666666667,1081,324
2.05333680414263,1.27516688165839,0.384193550470411,304.170533333333,1082,325
2.12743405581367,1.30933723475319,0.377351276645374,304.771133333333,1085,325
2.35467638202139,-0.725135625182783,0.304058924694876,304.2039,1084,326
2.14776239472301,-0.748991573769121,0.338135538792294,304.8045,1087,326
1.96673990157597,-0.771330235679612,0.384466446904666,305.4051,1090,326
-1.20916238730996,1.93476458149658,0.383794894292992,305.371733333333,1089,327
-0.974129686864332,1.9508750748139,0.369361664116797,305.938966666667,1091,327
-0.969220460434535,1.95132020202639,0.369120882171514,305.972333333333,1091,327
-0.653021846035444,2.04911132003789,0.34292049461599,306.539566666667,1094,327
-0.348890913440119,2.23023464263112,0.323792321881602,307.1068,1096,327
-0.0654239522943414,2.44340226373428,0.344081024578104,307.674033333333,1098,327
7.02297660188219,3.23588502212454,0.57841011130681,306.739766666667,1095,328
-2.55952361829378,-2.62287039778608,12.4747629204599,307.874233333333,1100,329
6.46409096832287,3.1364879898957,0.660550304297531,307.9076,1101,330
1.63528593369043,4.03227956377619,0.321565351121914,308.241266666667,1102,331
-3.76223283350761,-0.338439078608316,0.31916437968495,308.941966666667,1105,332
5.95461489249871,3.40045446552474,0.725159390488561,309.075433333333,1106,333
5.76494435864364,3.57636669699656,0.762102570307652,309.676033333333,1109,333
5.52457861533911,3.71845879559961,0.691207631261465,310.276633333333,1114,333
5.23553180688363,3.78034468325471,0.666435989366476,310.877233333333,1120,333
2.05336090839368,1.46893171402928,0.321673368686792,309.442466666667,1107,334
2.85566617475499,0.957772596006313,0.451994429640939,309.442466666667,1108,334
2.82694944367659,0.999079031524757,0.432172455485774,310.0097,1111,334
2.00453394565423,1.43795370615111,0.3132413076818,310.043066666667,1112,334
2.78515541903724,1.01645392509137,0.392618128140661,310.6103,1117,334
1.9847460801538,1.43366105316021,0.338144983084823,310.643666666667,1118,334
1.92517581088085,1.41714687853816,0.302510992326643,311.2109,1123,334
1.92564512762341,1.41679861103901,0.303237708839037,311.244266666667,1123,334
2.71259735973999,1.00409362282092,0.350178100587323,311.778133333333,1125,334
1.91729262991754,1.46767082804988,0.328297190896838,311.8115,1126,334
1.88243493530938,1.51440601237803,0.321130094753939,312.378733333333,1129,334
2.65888864798872,0.980441330381093,0.344052451808812,312.378733333333,1130,334
1.82396743068189,1.56910241336478,0.316314463365176,312.945966666667,1133,334
2.38200042883388,3.92470706812252,0.294009737426089,310.0097,1110,335
2.56919695389954,3.78959491797754,0.290815138237993,310.6103,1116,335
2.78153156619559,3.62461546250206,0.307895048219406,311.177533333333,1122,335
2.97810931414808,3.44967045862048,0.3046961202661,311.778133333333,1124,335
3.12926855074798,3.28268585354386,0.338207310144275,312.345366666667,1128,335
-3.44131231073292,-0.166146372102559,0.317150605774627,310.143166666667,1113,336
-3.39169525072311,-0.0590362482856674,0.307693173015562,310.743766666667,1119,336
4.40859862094045,5.24831356785429,0.33667797253903,310.31,1115,337
4.22479401271391,5.19751478851194,0.278144485145529,310.9106,1121,337
-3.12702344792657,0.214431974634071,0.28525886718244,311.944966666667,1127,338
-3.0438384022543,0.292210810962653,0.250644685665189,312.545566666667,1131,338
4.01848892159725,4.00508491301289,0.544952700116656,312.779133333333,1132,339
3.38241179535182,3.07642643952779,0.410172702751469,313.5132,1134,340
2.80633454743285,0.938754477285076,0.163612394149025,313.546566666667,1135,341
-2.79739558738039,0.405914837650123,0.219036300728403,313.7134,1136,342
-2.655852532353,0.454539056889739,0.218691690237976,314.314,1137,342
-2.50411998103843,0.473585762445604,0.226001849710722,314.9146,1141,342
-2.41104872768353,0.443182417834507,0.21746771459095,315.481833333333,1145,342
-2.40245980458173,0.444048317180524,0.217420219920816,315.5152,1145,342
-2.31526742332911,0.385476979813748,0.238800057342227,316.082433333333,1147,342
-2.17693967053049,0.358563956118216,0.224908473155174,316.683033333333,1149,342
-2.02038766531394,0.367458157562922,0.223259770850509,317.283633333333,1153,342
3.42134435754547,4.55080330772429,0.590965197760838,314.647666666667,1138,343
3.26450813246969,4.55685764095749,0.664205454193906,315.2149,1142,343
3.09938063340191,4.92032115521379,0.328790009547477,315.248266666667,1143,343
2.97016059741363,4.31601833075304,0.713086590778324,315.8155,1146,343
2.96149843677669,4.30917458980424,0.713451570167294,315.848866666667,1146,343
2.55100886630153,4.0117313028402,0.788605204720631,316.449466666667,1148,343
2.13201192684497,3.81909483700138,0.770953043359071,317.050066666667,1150,343
2.77652635795922,4.73655517285504,0.325569564204845,317.050066666667,1151,343
1.68653847821096,3.6224522883104,0.692943234971954,317.650666666667,1154,343
1.3201601402231,3.31544782590825,0.730378945492607,318.251266666667,1156,343
1.31355372016851,3.30786504574722,0.731496573630555,318.284633333333,1156,343
1.03728740763962,2.91599096184937,0.702993081066609,318.851866666667,1161,343
1.0294000911276,2.9051326742577,0.701864963433677,318.885233333333,1161,343
3.39402389359297,2.68624584776367,0.373625969731816,314.681033333333,1139,344
3.18707996627064,-2.22635769348888,0.435779764436476,314.747766666667,1140,345
2.08875053149668,1.61577843735297,0.42005397792122,315.281633333333,1144,346
3.53894138672484,2.03131747745387,0.3381169269353,317.083433333333,1152,347
-4.04251973553136,-1.43713183563797,0.259890368780176,317.9176,1155,348
-3.83786995039553,-1.41188124127433,0.249144532735147,318.484833333333,1159,348
3.41606835836394,1.62057590599824,0.313359562789671,318.251266666667,1157,349
3.38685219344884,1.48934783271051,0.296615724547949,318.851866666667,1162,349
2.21773961873173,4.69317949359937,0.425257399468197,318.284633333333,1158,350
1.89843568180696,4.58415524918665,0.3991775731634,318.885233333333,1163,350
1.65268549776883,4.41436146416534,0.36512509715709,319.485833333333,1164,350
1.44955582650085,4.21386673358607,0.340188536233455,320.086433333333,1167,350
-1.73230387271074,0.34958707287143,0.215400327548312,318.484833333333,1160,351
-1.47155065159152,0.256798296849196,0.20020199310913,319.652666666667,1165,352
-1.4714868086418,0.256816450084445,0.199967059397453,319.686033333333,1165,352
-1.33659321507723,0.177671175713747,0.237435007009838,320.253266666667,1170,352
-1.22944380984612,0.104280444385088,0.253172572160966,320.853866666667,1172,352
-1.08110160051569,0.0953123489245473,0.248141264169207,321.4211,1175,352
-0.966780924697177,0.0894682397256155,0.270881418710918,321.988333333333,1177,352
-0.969976069392538,0.0885211616211113,0.271590619559183,322.0217,1177,352
-0.858903757222136,0.0519884086101404,0.283530392733964,322.588933333333,1180,352
3.30204529070201,1.23527319489372,0.408454342264872,320.053066666667,1166,353
0.369201227112903,2.39858131789755,0.608678032523193,320.086433333333,1168,354
0.0279752133316249,2.28974447656097,0.528657783393501,320.7204,1171,354
0.0222035258425731,2.28797165649657,0.527868150844052,320.753766666667,1171,354
-0.329792860005052,2.15664675609871,0.458599426778237,321.354366666667,1174,354
-0.755023652053674,2.00596979267806,0.460546487909086,321.988333333333,1176,354
-3.21005490076168,-1.27579198847919,0.30475853798839,320.253266666667,1169,355
1.16457265846901,3.83506501630243,0.290834591687721,321.321,1173,356
-3.04513260716886,-0.654017037708755,0.312103788611865,322.055066666667,1178,357
1.87932969262573,-3.38291955977184,0.332124794835989,322.388733333333,1179,358
0.3418221503038,3.34813461066116,0.354775624612586,323.756766666667,1181,359
0.0699725955284923,3.17567831161692,0.382500107344815,324.357366666667,1185,359
-0.16483179220003,3.05451339081324,0.394524705367986,324.957966666667,1189,359
-0.327115347491293,2.87013742979352,0.345529317416592,325.558566666667,1193,359
-0.420534921182918,2.61109668748522,0.367391912459289,326.1258,1197,359
-0.419131666019714,2.60638510920107,0.368797832041086,326.159166666667,1197,359
-0.431004848229649,2.29495283508076,0.368412630318335,326.759766666667,1199,359
-0.337370768372456,1.97112534723558,0.341590302215248,327.360366666667,1204,359
-0.251676373109838,1.70762587019856,0.305232306271289,327.960966666667,1208,359
-0.171155779984929,1.49647781836977,0.303934764160215,328.561566666667,1209,359
-0.8281651742809,2.31443067488105,0.296623203055224,328.594933333333,1210,359
-0.0132462604300837,1.29492385402532,0.349505852512829,329.162166666667,1212,359
-0.00961866841377756,1.29251022432083,0.35030456053632,329.195533333333,1212,359
0.265042334692075,1.10467826544156,0.357080163635111,329.762766666667,1215,359
0.269275391836438,1.10239607457969,0.357048503205619,329.796133333333,1215,359
0.518595539939612,0.950323554083492,0.346085289207362,330.363366666667,1218,359
0.77736630790294,0.913323051436598,0.349652613754078,330.997333333333,1221,359
0.950651261420036,0.888193687767029,0.298182109459349,331.597933333333,1224,359
-3.08994381121388,-0.250832987655491,0.323635083212444,323.856866666667,1182,360
-3.08994381121388,-0.250832987655491,0.323635083212444,323.890233333333,1182,360
-3.02631514645684,-0.0576007261823904,0.297325832761738,324.457466666667,1186,360
-2.99028286589989,0.178028320775625,0.282565010182981,325.058066666667,1190,360
-3.08115568440767,0.410099378381337,0.314126034775584,325.6253,1194,360
1.87654810069362,-3.05981648934908,0.355625741785397,324.1238,1183,361
1.84448975180711,-2.89379102018008,0.381890269146121,324.7244,1187,361
1.75157597299033,-2.71313787843864,0.380824693899453,325.291633333333,1191,361
1.5923006264975,-2.61893852645413,0.382668079878964,325.858866666667,1195,361
5.08056256307247,1.60227799115832,0.364051638223541,324.324,1184,362
4.91493864188136,1.7071620008618,0.343495045517615,324.891233333333,1188,362
4.79729299734141,1.85070338469205,0.330080977236245,325.491833333333,1192,362
4.67179717126539,2.03687184987776,0.336933539284199,326.092433333333,1196,362
4.57591042867399,2.17115244335416,0.334206585650509,326.693033333333,1198,362
4.49320309107371,2.27633934923622,0.299995361778237,327.260266666667,1201,362
4.38971778890814,2.37720539790782,0.278400241461311,327.860866666667,1205,362
1.25067097312074,-2.65830183077618,0.381375019097437,326.993333333333,1200,363
-2.24824415803335,2.61637299699685,0.489006126422564,327.360366666667,1202,364
-3.23998540128551,2.64836973789908,0.379103155208916,327.360366666667,1203,364
-3.12801961104217,2.51102634086423,0.426406310142317,327.960966666667,1206,364
-2.16279452065312,2.30264524051045,0.437747548601889,327.960966666667,1207,364
-1.74997904697644,1.41965078318945,0.472619615676161,329.162166666667,1211,365
-4.19508765540724,2.26173103113468,0.294464655819334,329.195533333333,1213,366
-2.65347611079072,2.28453800825003,0.312223801070291,329.762766666667,1214,367
0.310723527612603,2.67199466937453,0.993890019031395,329.796133333333,1216,368
0.329861895036489,2.59895852850598,1.00171537548812,329.896233333333,1217,368
0.330350860630509,2.58207595197509,1.00361392159773,329.9296,1217,368
3.01480951490529,0.364159359876807,0.41757903164915,330.863866666667,1219,369
2.96696500266029,0.402801717216212,0.459433719124595,331.464466666667,1222,369
2.90087360185705,0.415128937865764,0.490309267736872,332.065066666667,1225,369
2.80153293530742,0.436213326510915,0.478065165558906,332.699033333333,1227,369
2.69166828902088,0.513412557847555,0.436564934765823,333.299633333333,1229,369
2.63003941805764,0.60967402034244,0.393471872123898,333.900233333333,1230,369
2.03073723238896,0.644506132888587,0.405947317333243,334.500833333333,1231,369
2.57907862547782,0.757415284662029,0.356052064260051,334.500833333333,1232,369
2.145871406189,0.78811464412096,0.398208540628883,335.068066666667,1233,369
2.56507934508959,0.870189412251459,0.352814262867906,335.068066666667,1234,369
2.56502451599049,0.870159345310944,0.351996928893377,335.101433333333,1234,369
2.20531728784167,0.900269121768416,0.419474589459069,335.668666666667,1235,369
2.55903290782208,0.921828388390044,0.376910204938376,335.668666666667,1236,369
2.53854039703004,0.976264043215885,0.411539444185156,336.2359,1237,369
-1.07431427405755,0.462967476377471,0.446330736688138,330.997333333333,1220,370
-0.747756335110255,0.278513757383854,0.422269207875547,331.597933333333,1223,370
-0.473416708441499,0.0139477188795478,0.441373093208472,332.165166666667,1226,370
-0.172179593918451,-0.240165341354662,0.426101576134951,332.7324,1228,370
-0.175534259096331,-0.256572263258455,0.424004858311156,332.765766666667,1228,370
-2.33213360344417,-0.765341878663698,0.218763863460165,336.8365,1238,371
4.85546861280177,1.47908471558286,0.324818671156084,337.403733333333,1239,372
-2.36393858754083,-0.523850682059734,0.206597457703903,338.004333333333,1240,373
2.67391859336624,1.13381119665372,0.468551834681161,338.004333333333,1241,374
2.68640793240365,3.66754507839096,0.315685594998795,338.5382,1242,375
2.43286631814282,3.80797577797307,0.355465089312806,339.1388,1245,375
2.21996968393322,3.8979013601962,0.345899611899787,339.7394,1248,375
-4.30184056445702,-0.308510034268528,0.339112621946868,338.604933333333,1243,376
-4.08741800320912,-0.360327016210046,0.340970578707185,339.172166666667,1246,376
-3.88855290812668,-0.365596761502132,0.362442976865186,339.772766666667,1249,376
-3.68762833210161,-0.346869925258544,0.389474977173328,340.34,1252,376
-3.52649751910504,-0.229238487649283,0.40687912363668,340.9406,1258,376
-3.36520337038232,-0.115637515387274,0.348896970736866,341.507833333333,1260,376
-3.27617968239611,0.102581511034265,0.325193963253558,342.075066666667,1263,376
-3.27932214441672,0.307460345556825,0.335012716757375,342.675666666667,1270,376
4.64305854354096,1.90631796106178,0.347524370097806,338.604933333333,1244,377
-2.44334664200465,-0.239556929548127,0.204497534289963,339.172166666667,1247,378
2.70102240113553,-0.83994923437604,0.497223851261172,340.306633333333,1250,379
2.65163653748406,-0.29291869198189,0.40229956888692,340.306633333333,1251,379
2.44964147249355,-0.287366699762148,0.469495049252291,340.873866666667,1255,379
-2.41807093425336,0.0635713645205488,0.218540770211315,340.34,1253,380
-2.35766071864672,0.205058056875954,0.23990610888133,340.907233333333,1256,380
-2.26639646624318,0.336600682744201,0.219572296666336,341.507833333333,1261,380
-2.23301872830738,0.51885254987735,0.187294798208133,342.075066666667,1264,380
-2.67619738768958,-2.93818017978766,0.229884308652724,340.34,1254,381
-2.61332509257478,-2.78060847259684,0.236646440859822,340.907233333333,1257,381
-2.61332509257478,-2.78060847259684,0.236646440859822,340.9406,1257,381
-2.43024182269127,-2.70164939779104,0.275661620470508,341.474466666667,1259,381
-2.43748469386353,-2.71310608631104,0.275049037473736,341.507833333333,1259,381
-2.21243326823389,-2.70913227413891,0.335124378712416,342.075066666667,1265,381
-1.98378506717141,-2.66022857471455,0.372260623116732,342.6423,1268,381
-1.72151951713565,-2.50370084182709,0.400918687214784,343.2429,1273,381
-1.55810563112772,-2.34475689087591,0.328911750919341,343.810133333333,1276,381
-1.45248754368967,-2.24335660066833,0.276836117881751,344.410733333333,1279,381
-1.3565822737604,-2.07134038596494,0.268456272648959,344.977966666667,1282,381
-1.35260737571477,-2.06687034275346,0.268562314452673,345.011333333333,1282,381
-1.18127071460503,-1.93327940898388,0.308062690759067,345.578566666667,1285,381
-1.0427093351097,-1.77165097581078,0.368024167402286,346.1458,1287,381
-0.937032096648419,-1.63365484495766,0.334581184452072,346.7464,1292,381
-0.93945979536933,-1.63979108871347,0.334137715405978,346.779766666667,1292,381
-0.879899039555189,-1.52548069786677,0.267626272754369,347.347,1295,381
-0.840987554142909,-1.34035314584096,0.276057905975928,347.914233333333,1299,381
-0.842395773560533,-1.33938814737843,0.275836982514556,347.9476,1299,381
-0.797447867432154,-1.20873917177099,0.300460932721426,348.514833333333,1302,381
-0.732284285680301,-1.0504495633511,0.350215344500429,349.115433333333,1306,381
-0.64095091090004,-0.95189588275621,0.405777592718983,349.682666666667,1310,381
-0.438857715316062,-1.00311278525954,0.477358633300725,350.283266666667,1312,381
-0.258576405678392,-1.02834624250356,0.488106842283139,350.8505,1314,381
-0.02741872437201,-1.06958203965916,0.4728938820437,351.4511,1317,381
2.67575441787199,1.67131847587622,0.326596532058406,341.507833333333,1262,382
2.62737525239967,1.72443994161444,0.339987457749283,342.075066666667,1267,382
2.57567852005356,1.8150212093634,0.35770967088097,342.675666666667,1271,382
2.49859615303244,-0.46893945471419,0.38286303703738,342.075066666667,1266,383
2.43751411518415,-0.491192114508792,0.413774665708194,342.6423,1269,383
2.3433509002627,-0.443000938147137,0.398697369668972,343.2429,1274,383
2.23588986040466,-0.443980085039461,0.355117452804803,343.8435,1277,383
2.03935249297947,-0.482284730282056,0.366284355317581,344.410733333333,1280,383
1.85023361975133,-0.509724805335326,0.344397139671294,345.011333333333,1284,383
1.63932123200038,-0.550589087170739,0.33839366945557,345.578566666667,1286,383
1.45083288578382,-0.569893828044522,0.315221551336578,346.179166666667,1289,383
-2.25513518790295,0.773081661406021,0.200317319718463,343.2429,1272,384
-2.19736328432539,0.847830700747637,0.217261928221354,343.810133333333,1275,384
-2.19990337302167,0.989623890680161,0.219984143290347,344.410733333333,1278,384
-2.08749813622363,1.11406439575788,0.201332773381711,344.977966666667,1281,384
4.58644921724591,2.51879641275634,0.498517844491886,345.011333333333,1283,385
-1.90268195748455,1.21818961426429,0.214600731526662,346.179166666667,1288,386
-1.73595410799145,1.24232759838392,0.211658954353302,346.7464,1291,386
-1.63753742790677,1.27126039384821,0.178389617729606,347.347,1294,386
-1.59537832510895,1.24202586369282,0.179080655248312,347.914233333333,1298,386
-1.59516334416525,1.24130790351207,0.18017955566592,347.9476,1298,386
-1.50326868987654,1.29291573171053,0.208325018568621,348.514833333333,1301,386
-1.39400969163428,1.32682607470051,0.218435840952797,349.115433333333,1305,386
-1.2853441650267,1.36464729933336,0.203850371589361,349.682666666667,1309,386
-1.28556553667946,1.36455594552104,0.204041706440164,349.716033333333,1309,386
-1.21610588978094,1.40603090977406,0.235698084074309,350.283266666667,1311,386
-1.19491706036154,1.5181581660003,0.249539972492326,350.883866666667,1315,386
2.60539123789082,1.74897678886744,0.344927574865646,346.179166666667,1290,387
2.55646485217141,1.64354152597964,0.29198049745944,346.7464,1293,387
2.53554065997117,1.54416747737304,0.31583131845907,347.347,1297,387
2.51283145758315,1.41804291673291,0.28879249633457,347.9476,1300,387
2.47776866249385,1.31653632209434,0.332749787766884,348.514833333333,1303,387
2.43824037792062,1.15761275389932,0.324889586581908,349.115433333333,1307,387
1.04146286422563,-0.60492352805013,0.353022553570022,347.347,1296,388
4.10850017032785,4.70083148177844,0.29315196206386,348.6483,1304,389
3.85799618802971,4.65277284749554,0.360695250082059,349.2489,1308,389
4.05139811200249,10.7675962676631,0.47642192012264,350.416733333333,1313,390
1.39842014540223,3.05258630060898,0.542263140355959,351.017333333333,1316,391
-4.82346976081604,3.96834628550876,0.15518836287084,351.5512,1318,392
2.96188780030764,4.67483811650213,0.299760406759432,351.584566666667,1319,393
2.73529935193327,4.59168529186519,0.333889987464283,352.1518,1321,393
2.51459766780201,4.4342686237771,0.405976459366498,352.7524,1323,393
2.27725412211783,4.21430670318361,0.422741365062471,353.319633333333,1326,393
2.08186553788107,4.02284795446226,0.39912383498415,353.886866666667,1328,393
1.47219543422819,3.84182286758046,0.514088858863842,353.9536,1329,393
1.91078574258924,3.8085049408897,0.340902620861738,354.4541,1330,393
1.90977861453149,3.80628658724342,0.340644533198931,354.487466666667,1330,393
1.70654904020666,3.5788300862566,0.351258157558672,355.0547,1333,393
1.58780137075131,3.32527367104784,0.395281738970926,355.621933333333,1335,393
1.58617835409487,3.32024080865118,0.396322261858808,355.6553,1335,393
1.47932896424556,3.07086224408352,0.347344125916462,356.222533333333,1337,393
1.36454389328663,2.89451727091299,0.270087856374224,356.789766666667,1339,393
1.36406069279807,2.89298625915939,0.269554554029553,356.823133333333,1339,393
1.33644460782231,2.7540583859923,0.244777576943374,357.390366666667,1341,393
0.925166444130808,2.26842040713899,0.456045621652116,357.990966666667,1343,393
0.814241144254388,0.0468551709227318,0.354087363592856,352.0517,1320,394
0.815688231592537,0.0521929212182058,0.355599597303245,352.085066666667,1320,394
0.995923142961158,0.183937801381144,0.370136909015781,352.6523,1322,394
0.997109132030819,0.188149802981862,0.37136107112519,352.685666666667,1322,394
1.15656083092727,0.338483226601134,0.33830942228431,353.2529,1324,394
1.33157095236902,0.369486216088724,0.305525881516265,353.8535,1327,394
3.61172623776743,2.29169343347305,0.247913486917585,353.286266666667,1325,395
2.77456545658656,8.96982667968406,0.46613765097483,354.5542,1331,396
3.61759842937365,2.29633561663858,0.248844823636704,355.021333333333,1332,397
3.61450841775168,2.29457656140793,0.248359772378832,355.621933333333,1334,397
3.60956771037637,2.29499561074422,0.247681676397508,356.189166666667,1336,397
3.61213934876272,2.29651594019985,0.248107051733984,356.789766666667,1338,397
3.61085351529551,2.29602803984266,0.248112973402488,357.390366666667,1340,397
3.60710375482033,2.295083387699,0.249572854529601,357.9576,1342,397
3.60985443413252,2.2966046461395,0.249651344670754,357.990966666667,1342,397
3.61139238031902,2.2960092649369,0.247666243026943,358.5582,1344,397
3.61128806502224,2.29601239854218,0.248536028323906,359.1588,1345,397
3.61110097591426,2.29594441033086,0.248048036700097,359.7594,1350,397
1.60544567212792,2.43998844676401,0.283581279236987,359.1588,1346,398
1.71002101346409,2.25468472981867,0.303697992287616,359.7594,1351,398
1.80748830658942,2.13555074801918,0.245446319420847,360.36,1353,398
1.94216025088456,2.0284696112974,0.285819797510968,360.9606,1356,398
1.77389623498141,6.60040168165032,0.403311419061627,359.225533333333,1347,399
6.13421303271173,5.43747046337079,0.213569459840313,359.2589,1348,400
3.77863307525885,6.06621124223626,0.314483426572884,359.2589,1349,401
-0.337461221441621,6.2171811780392,0.237947452050323,360.36,1352,402
-0.40822434377614,6.08568008340744,0.283152318692621,360.9606,1355,402
1.3321506988268,3.32264985825331,0.512601213729212,360.393366666667,1354,403
2.08644259480111,5.57280007674548,0.371314739922551,360.993966666667,1357,404
2.08267531206945,5.29191424483154,0.325971347854716,361.5612,1358,404
1.91924046131646,5.12062945435033,0.33105748904522,362.128433333333,1359,404
1.92192696225554,5.12996953501996,0.330342406572541,362.1618,1359,404
2.04012255347979,1.63426162702618,0.386108758070392,362.128433333333,1360,405
2.21022396115259,1.53388858364465,0.354559998788683,362.729033333333,1365,405
2.32462642202849,1.468637423716,0.345671551793202,363.329633333333,1366,405
2.49332962775219,1.3732461615838,0.334070701969039,363.930233333333,1369,405
5.64979170187842,4.28567393828081,0.130541605051451,362.1618,1361,406
3.92287635074402,3.47536289439522,0.273528312256329,362.729033333333,1362,407
1.18628798021762,2.86492364446485,0.499965381791572,362.729033333333,1363,408
-0.601446695101832,5.56393729138529,0.193402730430494,362.729033333333,1364,409
5.72665161867705,3.75313194846231,0.319944239898118,363.896866666667,1367,410
1.24310833456241,4.42987600058319,0.379735807576445,363.896866666667,1368,411
1.24509203346241,4.44240071124519,0.37874847750518,363.930233333333,1368,411
1.54036133217618,6.03802723382991,0.16797382341825,364.497466666667,1370,412
-0.841831914447101,5.0814236805329,0.233895997060015,364.497466666667,1371,413
-0.942221835493166,4.95440234988377,0.195585903574253,365.0647,1373,413
3.33756027859998,-1.23241361889933,0.462757240670538,365.031333333333,1372,414
2.32307105845587,1.46442053525456,0.429891427958154,365.6653,1374,415
-1.25920766340567,4.54358349710566,0.240072255023913,366.833133333333,1375,416
3.34368000925225,0.571782753006415,0.507537494214974,366.833133333333,1376,417
0.20585758316971,3.78860995085039,0.408240204011937,366.8665,1377,418
0.039076262445098,3.54309863825563,0.442497668051049,367.433733333333,1380,418
0.0380545890510727,3.53624128059914,0.443669687619309,367.4671,1380,418
-0.0677680770352767,3.3634961119878,0.439225443041741,368.034333333333,1383,418
-0.118845052540853,3.11669393001535,0.39316735455559,368.601566666667,1387,418
-0.116231159807029,3.10884225701176,0.392945550150957,368.634933333333,1387,418
-0.196681190107105,2.83882073547259,0.386433225960794,369.202166666667,1392,418
-0.196920560246693,2.83372240470623,0.387279620192493,369.235533333333,1392,418
-0.341307852537539,2.66541603108032,0.351583386363714,369.802766666667,1396,418
-0.496176748303762,2.4347253438269,0.338901567405116,370.37,1399,418
-0.499336096633262,2.43008568689772,0.339434053348702,370.403366666667,1399,418
-0.592854028496533,2.16603106362995,0.374047842590585,370.9706,1402,418
-0.619997964803587,1.89168000561023,0.383804365421576,371.537833333333,1404,418
-0.617465104497748,1.88785980043196,0.384160401240155,371.5712,1404,418
-0.526425300305006,1.55309902497518,0.360685388656473,372.138433333333,1408,418
-0.52544387511666,1.54835016969279,0.360676025180879,372.1718,1408,418
-0.42883377298476,1.26352351452268,0.354234654460447,372.739033333333,1412,418
2.45703720970199,1.38781944473681,0.409919966894492,366.8665,1378,419
5.36798736411704,2.48114889836457,0.329107950744179,367.433733333333,1379,420
3.56429409489223,-0.653500574384445,0.560313441425163,368.000966666667,1381,421
3.59425112674331,-0.577570428810416,0.58517502558044,368.601566666667,1389,421
3.6082335046759,2.29424435298109,0.249065915645839,368.034333333333,1382,422
1.64479723445264,1.84943947668614,0.490999923368704,368.034333333333,1384,423
-4.41401127504239,1.09384359118764,0.331107239655637,368.134433333333,1385,424
5.10131216859482,2.18468893155662,0.356401637215782,368.601566666667,1386,425
4.96181346895562,2.16066654075556,0.300642662864515,369.202166666667,1391,425
4.83292759363665,2.14583693843449,0.302618957872167,369.802766666667,1395,425
4.6661132395753,2.07364926569928,0.327795253487335,370.37,1397,425
3.6136599633572,2.30698528426567,0.250611352996544,370.37,1398,425
4.66357840239648,2.0727478461024,0.327419481377984,370.403366666667,1397,425
4.49590211523571,1.99397963845291,0.362656141270152,370.9706,1401,425
4.29203436250101,1.8512311870791,0.398609429104934,371.537833333333,1406,425
3.62693649031515,2.27557078459842,0.246716799547527,372.138433333333,1407,425
4.11965388734519,1.79282279666846,0.391657997435302,372.138433333333,1410,425
3.98912362427971,1.66277659731358,0.396611904961271,372.705666666667,1411,425
3.99372474401334,1.66290591048384,0.396621616293147,372.739033333333,1411,425
3.86807205710886,1.51947065098917,0.390826450559214,373.306266666667,1416,425
3.70458343234767,1.30008287224139,0.404553620305464,373.8735,1417,425
3.69856157350034,1.2975869358167,0.406614160390381,373.906866666667,1417,425
3.57603945960224,1.14150730016624,0.414240159095659,374.4741,1419,425
3.44568107572447,1.00548327468191,0.413506213529619,375.041333333333,1420,425
-1.56808619735424,4.20084136159157,0.273357742367028,368.601566666667,1388,426
3.15361193896061,0.290053715204255,0.408405819405647,368.601566666667,1390,427
3.03397228608245,0.245054670225634,0.410145633319379,369.202166666667,1393,427
2.87960327081654,0.113505945045133,0.456824759129253,369.7694,1394,427
2.67897966027809,-0.0154167668436684,0.483067380219747,370.37,1400,427
2.48132543903807,-0.109323884064755,0.419235795368229,370.9706,1403,427
2.25380228035337,-0.145713095659436,0.41935804025476,371.537833333333,1405,427
2.25558407308619,-0.148536491549526,0.419302841503549,371.5712,1405,427
1.98768072246001,-0.146162794633326,0.378768587530952,372.138433333333,1409,427
1.7152617575529,-0.186636252125118,0.364240188137556,372.739033333333,1413,427
1.41484399487201,-0.27152580194475,0.375117688294585,373.306266666667,1414,427
1.211881437212,-0.449867500954244,0.386171523554917,373.906866666667,1418,427
2.25341608124609,1.50811657740869,0.37186492907745,373.306266666667,1415,428
3.34116766642219,0.689751474133019,0.403123693125895,376.209166666667,1421,429
3.04167355831723,0.291471944818941,0.548123357159519,378.511466666667,1422,430
3.03807629013946,0.291192383002311,0.548840492842399,378.544833333333,1422,430
2.95032816293727,0.198119064886303,0.502030779807151,379.112066666667,1423,430
2.95466395181072,0.195394696506937,0.502140429126711,379.145433333333,1423,430
-1.62530791035153,7.3161898744779,0.261646691109817,379.746033333333,1424,431
7.00362399673575,-1.20490645783095,-0.243677190008378,380.313266666667,1425,432
1.89560811731439,1.70623277219892,0.400579750546914,380.913866666667,1426,433
3.11270188003135,-0.618779283019181,0.45182500426946,383.249533333333,1427,434
3.17613026982859,-0.595289912634022,0.458016672546778,383.816766666667,1428,434
-4.84711707727223,0.861664117939478,0.23719194353246,384.384,1429,435
3.32882767602287,-0.491286909465708,0.490909486608344,385.017966666667,1430,436
3.26781259278883,-0.434110833236397,0.51247034043618,385.5852,1431,436
3.26781259278883,-0.434110833236397,0.51247034043618,385.618566666667,1431,436
3.18961206472874,-0.342791942934831,0.515817693787183,386.1858,1433,436
3.06571256166627,-0.202876481943359,0.508797090666556,386.753033333333,1435,436
3.05628563512526,-0.195877003772862,0.508564076449167,386.7864,1435,436
2.8718126359391,-0.0796113767467153,0.471292029233741,387.353633333333,1437,436
2.68007592463758,0.0958073020208192,0.445555061249391,387.920866666667,1439,436
2.67674690705533,0.0996108667770449,0.445901411546358,387.954233333333,1439,436
2.52637143361367,0.243479341664942,0.416845153844174,388.521466666667,1443,436
2.36917954491627,0.429785724629723,0.401405426812795,389.122066666667,1449,436
2.16488078514746,0.430341223961695,0.404523387465663,389.6893,1452,436
2.16205611650523,0.430647901830743,0.405028795987215,389.722666666667,1452,436
1.95592367156912,0.463957692856373,0.374758396226549,390.2899,1458,436
-4.28584906004231,1.15399966053072,0.307818336561114,386.119066666667,1432,437
-4.1068125343678,1.24318220430745,0.331710730370209,386.719666666667,1434,437
1.89505422350368,1.70760271529146,0.400452599910681,386.753033333333,1436,438
0.993633014856749,2.21097985924665,0.536213212425475,387.353633333333,1438,439
1.69032409045042,5.58990992298603,0.374481468812492,387.954233333333,1440,440
1.55558536414231,5.52641020585263,0.359991380769715,388.521466666667,1441,440
1.43813351190827,5.50893762602665,0.384868660672805,389.122066666667,1446,440
-3.46347276934029,-0.2568305270475,0.166766203127855,388.521466666667,1442,441
1.89601887034504,1.70787042434778,0.400913667796437,388.521466666667,1444,442
5.31707054245518,-0.233760906580245,-0.00824740672693869,388.554833333333,1445,443
-3.50465381883934,1.27275088705297,0.265999510049195,389.122066666667,1447,444
-3.39580466129037,1.28999851172958,0.275983376766131,389.6893,1450,444
-3.40175804024875,1.28988764497125,0.275210041366539,389.722666666667,1450,444
-3.27098014040245,1.24480226609216,0.252794997495105,390.2899,1456,444
-3.15979866988201,1.17659041837695,0.227092056889146,390.8905,1461,444
-3.04560433527794,1.22233820281614,0.26207977635737,391.457733333333,1466,444
-1.45547881212769,-2.36400898957115,0.260557066593812,389.122066666667,1448,445
-1.42167137838892,-2.07474271360928,0.256436702037192,389.722666666667,1453,445
-1.42207960471685,-1.72874555865813,0.258837381188797,390.323266666667,1459,445
-1.39316448986666,-1.41941362392772,0.253889767059137,390.8905,1462,445
-1.20844841483385,-1.18467050753006,0.258401637944172,391.4911,1468,445
-0.969874972684017,-1.06849635836423,0.261227700700535,392.058333333333,1470,445
-0.9719190959681,-1.07272210976469,0.26105541414892,392.0917,1470,445
-0.754208541138125,-1.05914237450894,0.279799575022901,392.658933333333,1474,445
-0.537233146428108,-1.09055288420918,0.308338882637635,393.259533333333,1479,445
-0.384295759647837,-1.07454188641437,0.32202155360827,393.826766666667,1482,445
-0.386319783525372,-1.0810393327113,0.321709464027127,393.860133333333,1482,445
-0.25618717884247,-1.01489158602462,0.31125312565309,394.427366666667,1487,445
-0.13191217688361,-0.992688918405504,0.342960114002297,395.027966666667,1490,445
-3.41595150199239,-0.157914892850159,0.200834916700566,389.6893,1451,446
-3.41280805520445,-0.0760525571749667,0.227949933877948,390.2899,1457,446
-0.506547525310951,-10.1754005875139,9.30665765060696,389.756033333333,1454,447
2.93474891373659,2.80724817496197,0.328176616670677,390.2899,1455,448
2.71406863680104,2.79495528459498,0.323864561403768,390.8905,1460,448
2.48467287581245,2.79418172354825,0.307785301756162,391.457733333333,1465,448
2.30132938747168,2.74691245331712,0.321781831939528,392.058333333333,1469,448
2.06663255764034,2.69994133624028,0.331632387360844,392.625566666667,1472,448
2.06411107035031,2.69929256095843,0.332179091184936,392.658933333333,1472,448
1.83756328205196,2.67549348682206,0.30981290770433,393.226166666667,1475,448
1.61075386334295,2.60025563088601,0.284360083002625,393.826766666667,1480,448
1.42232152435022,2.55176714734308,0.273355276889521,394.394,1484,448
2.5632227958833,-0.678557212327654,0.34642583580058,390.8905,1463,449
3.71239333885641,0.667328070701231,0.00602523735498806,390.8905,1464,450
1.57643803814588,0.765560569052131,0.34060957913373,391.457733333333,1467,451
1.57290515497048,0.76884777105393,0.340895856759564,391.4911,1467,451
1.43988388397103,0.914479900041951,0.359612791063845,392.058333333333,1471,451
1.4373875453268,0.916781739813972,0.360159357197145,392.0917,1471,451
1.33058613775339,1.06520760007417,0.325726667907286,392.625566666667,1473,451
1.32897686511037,1.0688196503349,0.325982339857156,392.658933333333,1473,451
1.25927573502545,1.18668492140141,0.312786949663,393.226166666667,1477,451
1.27593234226176,1.26483326665271,0.339628601030706,393.826766666667,1483,451
1.32922542682349,1.42308952977708,0.333711182801453,394.394,1486,451
1.41995457748875,1.55390735792722,0.365545471601499,394.9946,1489,451
-1.29696805612584,4.71759993153117,0.240734784262188,393.226166666667,1476,452
0.0981295382427553,4.30028246340513,0.48486343897846,393.259533333333,1478,453
-0.239139673947728,3.99601088731555,0.44611836520318,393.826766666667,1481,453
-0.516964868659476,3.75294888262277,0.366545063525833,394.394,1485,453
-0.521392448354027,3.7490642880267,0.365128426832381,394.427366666667,1485,453
0.273230552919345,-8.13512531634043,7.62770952672102,394.560833333333,1488,454
0.981506674234891,-0.678512134808905,0.354362982579849,397.397,1491,455
0.92563253451292,-0.416962171305432,0.360567241187769,397.9976,1492,455
0.957471322608067,-0.147133541910045,0.399264922591838,398.564833333333,1493,455
0.958393811473968,-0.139965165728317,0.400478493237464,398.5982,1493,455
0.174546046043023,0.338127065072491,0.412141116280798,399.165433333333,1494,455
0.935620163720616,0.134510580318748,0.384379921734562,399.165433333333,1495,455
0.0298500435861401,0.671163854457346,0.38913899476612,399.766033333333,1496,455
0.835025750558473,0.375512321422951,0.394920446569276,399.766033333333,1497,455
-0.220321736088865,0.926783727689519,0.391789012655544,400.333266666667,1498,455
0.913438426046249,0.611251554250349,0.4092086108963,400.333266666667,1499,455
-0.425471531107494,1.14627395601709,0.389452496294206,400.933866666667,1501,455
1.00995719909065,0.856637893483533,0.421387128168115,400.933866666667,1502,455
0.859236570594811,1.09231347324719,0.431500125206375,401.5011,1504,455
0.856377478819358,1.09665621390259,0.430957391839271,401.534466666667,1504,455
0.817211690075382,1.32531951013672,0.445134756313467,402.1017,1505,455
1.89961892570496,1.70612833350791,0.397807144846755,402.1017,1506,455
0.922632922468255,1.61687421634358,0.379554251529515,402.7023,1509,455
4.55071257571776,-1.51588191362035,0.432727388569487,400.333266666667,1500,456
-3.73136618792269,1.9955715079001,0.269272189350434,401.5011,1503,457
1.25614612465125,0.294118773844249,0.307760371361118,402.668933333333,1507,458
-3.43933744314698,2.04526236098443,0.307792655843143,402.7023,1508,459
3.01382671638685,-2.246644375874,0.441411332075662,402.7023,1510,460
-1.97184979150541,2.13097160596488,0.438196569079373,403.3029,1511,461
-3.03737252410528,1.97382019072379,0.340398993571189,403.870133333333,1512,462
-2.86980927296092,1.94885766007768,0.282409808608866,404.470733333333,1513,462
-2.67515900364162,1.89913862149695,0.26634387430388,405.071333333333,1515,462
-2.47780233340922,1.76778692129178,0.260748872424165,405.671933333333,1516,462
-2.29352415131921,1.63861397006969,0.258324890056658,406.272533333333,1518,462
-2.15373369152641,1.5478715546933,0.176989679972094,406.839766666667,1520,462
-2.03189047065435,1.41113701182606,0.217231987219576,407.440366666667,1523,462
-1.91743780250156,1.22353092092614,0.256531541366576,408.0076,1524,462
-1.78768922577479,1.01135871900934,0.256549028605594,408.6082,1526,462
-1.6384228376238,0.798082099790636,0.221571008809197,409.2088,1529,462
-1.50244077524592,0.58795833366962,0.208914053303409,409.8094,1530,462
-1.37895800410853,0.40077522649846,0.220493719940224,410.376633333333,1531,462
-1.25168491627488,0.286453683542156,0.228241589122242,410.977233333333,1532,462
-1.1113886247533,0.22886135275447,0.239471062004138,411.577833333333,1533,462
-0.938916467518608,0.149897172985192,0.240247619540877,412.145066666667,1534,462
-0.937190910409557,0.149296228105884,0.240378498148314,412.178433333333,1534,462
-0.770132855825031,0.109514756367099,0.247441534473349,412.745666666667,1535,462
-0.610952708249053,0.0285279218471589,0.243099489257302,413.346266666667,1538,462
-0.448462472348712,-0.132752188449139,0.245775062059058,413.9135,1539,462
-0.450019334206803,-0.136037504239938,0.245642120219644,413.946866666667,1539,462
-0.279303552240049,-0.23551516672474,0.286123138516006,414.5141,1541,462
-0.276807100764838,-0.237200001817744,0.285993341571266,414.547466666667,1541,462
-0.109303343360458,-0.315568054101406,0.300879226304261,415.1147,1544,462
0.0812244725722745,-0.383959552867603,0.251477580154459,415.7153,1546,462
0.216791325114999,-0.453840574685405,0.199246759254174,416.282533333333,1548,462
0.329996370516812,-0.471296032508027,0.22226300821452,416.883133333333,1552,462
0.936030208444055,2.4450914615583,0.463731528925009,405.071333333333,1514,463
10.0598137396023,-1.89785944129,8.36162207319576,405.671933333333,1517,464
10.0931823987049,-1.91324423397894,8.38974885848334,405.7053,1517,464
-3.5696755566458,2.32713255651358,0.456144496468551,406.839766666667,1519,465
-3.40502026032345,2.09091310706742,0.387369176486796,407.440366666667,1522,465
-3.24579296920546,1.8914746544344,0.311355822090409,408.040966666667,1525,465
-3.95863249295082,-2.35509330297759,0.275570869955715,406.839766666667,1521,466
2.8770782150166,5.67996467680002,0.324644084343934,409.2088,1527,467
-3.01113103612097,1.53045933201048,0.22068646775418,409.2088,1528,468
-2.27321691518913,3.95275603069586,0.330792183924977,412.779033333333,1536,469
-2.0938531569293,3.91750782762285,0.311868068831192,413.346266666667,1537,469
-2.08725123479107,3.91263966621719,0.31217350019364,413.379633333333,1537,469
-1.88213720794452,3.87106436209553,0.277708337461107,413.946866666667,1540,469
-1.76642525899636,3.70977878770895,0.236894356685649,414.547466666667,1542,469
-1.65245276599245,3.6387843773551,0.263087992942466,415.1147,1543,469
-1.46945421344192,3.59986999574329,0.277281689172647,415.7153,1545,469
-1.31865336567374,3.51375253876912,0.299985159355953,416.282533333333,1547,469
-1.18572403707365,3.38551627800539,0.298067922925377,416.883133333333,1551,469
-1.02261515166264,3.29650181264659,0.307908231777016,417.450366666667,1554,469
-1.02266089941911,3.29654083708205,0.308037066362453,417.483733333333,1554,469
-0.82841998477599,3.1267238832492,0.317351444832368,418.050966666667,1556,469
-0.714492792669448,2.8818400627365,0.312646617091998,418.651566666667,1558,469
-0.625207428735319,2.70917423013292,0.29869820588998,419.252166666667,1561,469
-0.607036458161716,2.49989933960969,0.295927941107602,419.852766666667,1563,469
-0.577937206747983,2.28075347594162,0.317784298648609,420.42,1564,469
-0.57580829554881,2.27854913281846,0.318261470017922,420.453366666667,1564,469
3.21875260502504,-1.23794236710392,0.502382210348437,416.282533333333,1549,470
3.31289025473773,1.78132406254611,0.339941093103927,416.282533333333,1550,471
3.12231728237636,1.85921332987018,0.363436170564455,416.883133333333,1553,471
3.16444397806492,-1.03471890757582,0.466195304495366,417.450366666667,1555,472
3.16573610035818,-1.03651657417811,0.465697311619117,417.483733333333,1555,472
3.14176616039731,-0.912209522007974,0.444319339939439,418.050966666667,1557,472
3.06135717020766,-0.816398568028253,0.421690751377392,418.651566666667,1559,472
2.37235226750076,2.36632752401645,0.360422548627305,419.252166666667,1560,473
2.29331826342003,2.47107484190014,0.359353850838555,419.852766666667,1562,473
2.91768746373768,-0.436491032197324,0.39446279740813,420.42,1565,474
2.85746341284774,-0.272950704918343,0.404260500150222,421.0206,1566,474
2.80365326706408,-0.11336854090181,0.41967888121032,421.6212,1568,474
2.77464058065854,0.0425312081982236,0.418894642042816,422.2218,1570,474
2.72124821662263,0.226560599414176,0.417678470865805,422.8224,1572,474
2.70848868569418,0.268402620957897,0.433856683729083,423.389633333333,1575,474
2.6501024166828,0.353952128090289,0.445884839616489,423.990233333333,1577,474
2.64705372409256,0.428780836100822,0.427123539825945,424.590833333333,1580,474
2.62100945418226,0.531740815175352,0.429840628043657,425.158066666667,1582,474
2.56145050929974,0.677990754115929,0.421849143705108,425.758666666667,1583,474
2.56796293606892,0.807220742172497,0.406373941902132,426.359266666667,1585,474
2.59561002357775,0.911074978794993,0.386940994898564,426.9265,1588,474
2.63946579892495,1.06616750187861,0.358062433703411,427.5271,1590,474
2.68556111650449,1.21035640613574,0.348172022584886,428.1277,1592,474
2.25612359804118,2.81370203309957,0.330614049661129,421.6212,1567,475
2.07699817423594,2.84510242179463,0.361030126639726,422.2218,1569,475
1.84290181172887,2.90865072328114,0.357608876143857,422.8224,1571,475
1.6665175438472,2.94285262004483,0.34567350065873,423.389633333333,1574,475
1.39240740596629,2.96507140245522,0.346200326389455,423.990233333333,1576,475
1.10179007330972,2.94751826651264,0.32903190057242,424.590833333333,1579,475
10.7652266659266,-1.94631434910918,6.30149493849785,423.256166666667,1573,476
10.7245149707522,-1.92537098486628,6.28071049010576,423.289533333333,1573,476
1.34895802374447,-2.88041901891429,0.39410884374214,424.557466666667,1578,477
1.34048810415889,-2.43084098227569,0.373824641572964,425.1247,1581,477
1.19628279710504,-1.6840010503903,0.380857355682158,426.3259,1584,478
1.03691093336764,-1.30045639806897,0.396613917760115,426.9265,1587,478
-0.728231397922706,-1.93329803065926,0.232911846379864,426.9265,1586,479
0.29919554292838,3.03587432969184,0.243127373674231,427.5271,1589,480
0.167420991678783,2.88652087652043,0.245253174223428,428.1277,1591,480
0.0644292269198762,2.78221925845468,0.28009683766201,428.694933333333,1593,480
0.0635777241543073,2.78100864310586,0.280574600707634,428.7283,1593,480
-0.0601456565357557,2.57216018048423,0.328327778196197,429.295533333333,1594,480
-0.0606574486778098,2.56873705478156,0.328959748709027,429.3289,1594,480
-0.0924107710744401,2.32212310363567,0.355470551207888,429.896133333333,1596,480
2.80812540868178,1.51207953540841,0.3460369087988,429.295533333333,1595,481
-1.21326834259772,-1.16451254801511,0.190163953255977,429.896133333333,1597,482
-0.0626609460517549,-0.691661283584199,0.270883466315187,431.063966666667,1598,483
-0.150648400155415,-0.574459020713677,0.243250159907777,431.664566666667,1601,483
-0.374129573876966,-0.430361148084844,0.246394232169169,432.265166666667,1604,483
-0.621418246318023,-0.269186676143058,0.257639779310448,432.865766666667,1607,483
3.75633931096045,2.0113329387631,0.123779869523988,431.063966666667,1599,484
3.75383659688739,2.01273876725557,0.122219578124035,431.664566666667,1602,484
-1.42587224054941,-0.936056471292976,0.168024374236868,431.664566666667,1600,485
-1.5092610777635,-0.76981794034024,0.18438835740603,432.265166666667,1603,485
3.74285407326827,2.0115394530993,0.122991090002693,432.8324,1605,486
3.73142657964187,2.00631306467407,0.123528086848047,433.433,1608,486
-4.5719891829103,4.18927263830258,-0.41624178288905,432.865766666667,1606,487
-1.11559537274188,-0.004899451351706,0.286804618115769,434.0336,1609,488
4.78043285884053,1.76624242399106,0.24686461950069,434.0336,1610,489
-0.54336096154492,1.01810688301765,0.376077946465899,434.6342,1611,490
2.25957622269547,2.8839755673606,0.369593300584598,435.2348,1612,491
-1.204461738408,0.0551249050050906,0.132096193864809,435.802033333333,1613,492
-1.15019341602965,0.0470725020606887,0.127842921855739,436.402633333333,1615,492
-1.08024864459549,0.0509699935448069,0.181196323282991,436.969866666667,1617,492
-1.10083337980019,0.691615179507713,0.295426476920298,437.003233333333,1618,492
-0.95523007820113,0.543682469237558,0.290715616352195,437.570466666667,1620,492
-0.953382078304554,0.0772687723943309,0.269426210247652,437.570466666667,1621,492
-0.842999666537465,0.402253336271033,0.273325972489061,438.171066666667,1624,492
-0.71648842169449,0.150199647935775,0.334272240793484,438.171066666667,1625,492
-0.726722636843648,0.378209299710689,0.286980258084835,438.7383,1627,492
-0.727129607265455,0.377531422193951,0.28662458605184,438.771666666667,1627,492
-0.452058738349479,0.268014913699453,0.296579706189748,438.771666666667,1627,492
-0.382257220541805,0.322989890822787,0.225933607522763,439.3389,1629,492
-0.546831444894066,0.406787753982163,0.297025336921932,439.372266666667,1629,492
-0.382606931078846,0.323723645859195,0.225139371871547,439.372266666667,1629,492
-0.438258589686512,0.351649807950169,0.323532740199144,439.9395,1633,492
-0.303621470974361,0.456822250487,0.245176888072272,439.9395,1634,492
-0.247125476110297,0.705360026971286,0.279449047243089,440.5401,1636,492
-0.266929527603253,0.255088166995996,0.311920374443086,440.5401,1637,492
-0.162281178921794,0.968608169754474,0.279488583725722,441.107333333333,1638,492
-0.159939423142444,0.972787522144554,0.279590125719958,441.1407,1638,492
-0.0312801794332339,1.25494535803149,0.247692771366394,441.707933333333,1640,492
0.142573557911943,0.109724477656165,0.258954335553872,441.707933333333,1641,492
1.87686275415141,3.0956875928564,0.34515166924012,436.402633333333,1614,493
5.04117232439838,1.86692378546955,0.478616319853743,436.402633333333,1616,494
4.77997589330971,1.86796659747128,0.50298427843885,437.003233333333,1619,494
4.57398709733561,1.87206355715374,0.407321996503562,437.603833333333,1622,494
4.40686433663454,1.89917129432168,0.334211124809455,438.204433333333,1626,494
4.23744020445071,2.09965550930891,0.36148641331973,438.771666666667,1628,494
4.05213557461853,2.24887174911636,0.358212027773112,439.372266666667,1630,494
1.97015299890349,7.0141808854042,0.227891371063876,438.171066666667,1623,495
-1.67416666515072,4.42202508047322,0.237289757504419,439.372266666667,1631,496
-1.45118198472452,4.39189939725691,0.2273612085806,439.9395,1632,496
-1.28031789298864,4.31979073937185,0.215099366602586,440.5401,1635,496
3.72713176933093,1.95718413035707,0.120007352976849,441.107333333333,1639,497
3.72035750658153,1.96158792721495,0.123908150940717,441.707933333333,1642,497
-0.806182991804485,4.15617186347451,0.198299167391546,442.875766666667,1643,498
-0.667208952317598,4.06213828494694,0.246275897290818,443.476366666667,1644,498
-0.524628983118705,3.88474773673201,0.301786077963709,444.076966666667,1646,498
-0.360704618556778,3.69242650676141,0.334842710175229,444.6442,1648,498
-0.361013528169633,3.69298554900506,0.334187799500229,444.677566666667,1648,498
-0.224755990988771,3.52333042738571,0.330050496389678,445.2448,1649,498
-0.0782541945640335,3.424921793232,0.289284653858484,445.8454,1653,498
0.0917489308140292,3.27854194125433,0.263286507715216,446.446,1657,498
0.228401678250078,3.26928578437687,0.287276271842883,447.013233333333,1659,498
-0.613488684746054,-1.92792314134434,0.360435907962765,443.476366666667,1645,499
-0.694589395039625,-1.79501836394179,0.277324491117967,444.076966666667,1647,499
-0.889803626943525,-1.36137529372879,0.296345082249533,445.2448,1650,500
-0.853826071576138,-1.12773645761452,0.319952619657387,445.8454,1654,500
-0.864771978487136,-0.915060664829745,0.263410369559529,446.446,1658,500
-0.782961849400479,-0.729644567500123,0.251659172568607,447.013233333333,1660,500
-0.706905782865306,-0.490551693122847,0.261843882317199,447.613833333333,1661,500
-0.532031625603086,-0.358698943079096,0.301884816272626,448.214433333333,1662,500
-0.477761915033172,-0.201107609918154,0.289713915546766,448.781666666667,1663,500
-0.475773000020827,-0.196423550282192,0.290502995513013,448.815033333333,1663,500
-0.472557736413932,-0.0262300177196213,0.338045402740587,449.382266666667,1664,500
-0.558384048420964,0.162754423730774,0.367442369416451,449.982866666667,1666,500
-0.543636917187763,0.388238484769717,0.407634854230659,450.583466666667,1668,500
-0.376411810122528,0.641379478680933,0.443878371821766,451.184066666667,1670,500
-0.257323387000343,0.915248531361538,0.375837960697084,451.784666666667,1671,500
-0.0512891559530143,1.08734979423446,0.369912314177396,452.3519,1673,500
0.151545037619087,1.29818908954676,0.343028901428312,452.919133333333,1674,500
0.154970328642324,1.30097813826555,0.343243856264,452.9525,1674,500
0.415039324710687,1.38771676240307,0.36083376585107,453.519733333333,1676,500
0.418798725265961,1.38834057964498,0.361502050186496,453.5531,1676,500
0.609662776504414,1.31060151263336,0.420721343432286,454.120333333333,1679,500
0.929191213042065,1.17392310096373,0.451723982321353,454.720933333333,1682,500
1.22589660778271,1.115537745671,0.48845546271125,455.321533333333,1684,500
1.54858896671383,1.09116708660428,0.425011483874925,455.888766666667,1686,500
1.74269677480251,1.12335923470386,0.422383830848948,456.489366666667,1689,500
1.14841420495108,-0.104982384281747,0.221269600189633,445.2448,1651,501
1.21159498267811,-0.0650449088911089,0.295764427222867,445.8454,1655,501
-0.443341791647627,6.85318403607644,0.295398983507947,445.8454,1652,502
-0.21159860118119,6.68056148961686,0.414536210866371,446.446,1656,502
2.1227550705896,-0.160306461228978,0.367389360207902,449.382266666667,1665,503
-4.62291572409063,-0.257915102119383,0.310032490390261,450.583466666667,1667,504
-4.39438451031395,-0.300323099356334,0.377929825364467,451.184066666667,1669,504
-3.84902881254129,-0.202022432560273,0.327158675350475,452.3519,1672,505
-3.66582495937992,-0.0541884885740225,0.312467980578392,452.9525,1675,505
-3.48405842563624,0.120008128560749,0.300140496439627,453.5531,1677,505
-3.395057685128,0.246082769282889,0.302953429459945,454.1537,1680,505
-0.617205042113122,-2.21274783131861,0.348324225324692,453.5531,1678,506
-0.762412995293457,-2.04147685179939,0.330036566100927,454.1537,1681,506
-0.881230676731758,-1.62717593363396,0.349888240617187,455.321533333333,1683,507
-0.808317725502613,-1.4230962615429,0.420341874458663,455.922133333333,1687,507
-0.694002896516246,-1.24693224609151,0.448626563077431,456.522733333333,1691,507
-0.553633518956914,-1.00602521836015,0.482161629674209,457.089966666667,1692,507
-0.473647253419915,-0.815774150048441,0.514104111258931,457.690566666667,1695,507
-0.411796677472717,-0.624112844750229,0.497729350176568,458.2578,1696,507
-0.411178893594804,-0.622525262159641,0.49727522190887,458.291166666667,1696,507
-0.236710249813969,-0.467072575191176,0.515023770742049,458.8584,1698,507
0.06696789423089,-0.381674623628878,0.560685853310703,459.459,1699,507
4.19075572956223,-1.39039962708712,0.39537236215681,455.321533333333,1685,508
1.36810096848663,-4.15037964040187,11.803796317563,456.422633333333,1688,509
3.05476426794209,-0.0042250099108242,0.390690377684017,456.489366666667,1690,510
3.03733199279156,0.0274814696730529,0.459313677935483,457.089966666667,1693,510
5.28919060528978,-2.00049409417706,0.392986535528544,457.6572,1694,511
5.61570418072398,-2.17405583878093,0.429205530274155,458.2578,1697,511
-3.08664965577261,2.03245309902015,0.339259678046891,460.626833333333,1700,512
-2.86492443838312,2.11889664731788,0.382549113061012,461.227433333333,1701,512
3.19268486457651,1.77470856501361,0.345900169969462,462.395266666667,1702,513
2.69767917857026,1.98348460960125,0.391371194460044,462.9625,1703,513
1.50134085112221,1.19544127822903,0.561637522738453,465.932133333333,1704,514
5.16109920368025,3.61496992130309,0.201771408918612,466.532733333333,1705,515
3.06551421360369,3.28464341612525,0.40405342820531,467.133333333333,1706,516
-3.17517763630646,-1.50767667096053,0.241934257847946,467.700566666667,1707,517
3.44765079879914,-1.07530795291531,0.532512076934584,468.301166666667,1708,518
3.46181739215417,-0.91166350892143,0.527468386104686,468.901766666667,1709,518
-2.5418291068396,-1.43295311197361,0.243027221829205,470.0696,1710,519
3.30626251566337,-0.421109850399877,0.442334920672197,470.6702,1711,520
3.21016209929478,-0.197390757914394,0.420566821457313,471.2708,1712,520
3.09278770709837,-0.053604572496483,0.430245056272338,471.8714,1713,520
3.0312081956249,0.127206511603459,0.462542735795777,472.438633333333,1714,520
2.95458126221847,0.232992347324744,0.477756727429962,473.039233333333,1715,520
2.87126013428526,0.376771367058289,0.46406217085148,473.639833333333,1716,520
2.79907948249924,0.529811502060408,0.476266604950998,474.207066666667,1718,520
2.7617122060292,0.668478311344696,0.450900803518635,474.807666666667,1720,520
2.70723109696898,0.790854523422243,0.40682251136128,475.3749,1721,520
2.70396907206752,0.793336340747268,0.407087704961408,475.408266666667,1721,520
2.69402823534385,0.917021726882765,0.39644118914404,475.9755,1724,520
2.74967800124285,1.05286159051414,0.405995348026873,476.5761,1726,520
2.78362966064401,1.12802459824364,0.376843437265184,477.1767,1729,520
2.81128047378221,1.27737902889492,0.375521555002143,477.7773,1733,520
-2.12106489805515,-0.797687269732418,0.251704437768676,474.207066666667,1717,521
-2.10435817252782,-0.65657829902644,0.196620235472878,474.807666666667,1719,521
3.70289012161097,1.83780986882605,0.122888477621052,475.408266666667,1722,522
-2.06415440927147,-0.246430353619815,0.142592784093148,475.9755,1723,523
0.176602108940732,4.80660201328936,0.327147690369384,476.5761,1725,524
-0.0074586486144782,4.61205576623119,0.294505016643419,477.1767,1727,524
-0.225454137270126,4.35879346012128,0.297855625838152,477.7773,1732,524
-0.487194593561971,4.07072663859944,0.301779386241497,478.344533333333,1734,524
-0.741664138537294,3.8170449342486,0.332183678602011,478.945133333333,1736,524
-0.997955729533626,3.62213902366538,0.295681261579302,479.545733333333,1739,524
-2.05285868150192,0.0428418527504427,0.170409573260855,477.1767,1728,525
-2.03302718301738,0.180721582790158,0.182709389571476,477.743933333333,1731,525
3.70396477221198,1.84017052039946,0.121208029851414,477.1767,1730,526
11.1811445728165,-1.33405488804388,4.53485505485516,478.611466666667,1735,527
-2.02577748159518,0.468348038235878,0.223985684983607,478.945133333333,1737,528
2.74682968097408,1.66141680933854,0.417067097518411,478.945133333333,1738,529
-1.69983327035781,-1.94992886638535,0.390002649845518,479.545733333333,1740,530
3.70149151436907,1.84326650227178,0.126533861338048,479.545733333333,1741,531
-1.92731819881082,0.63101940057269,0.117367552136645,480.112966666667,1742,532
-1.87272690021973,0.802780451504445,0.119435370743362,480.713566666667,1744,532
2.52602121861304,-2.13486846808107,0.445146848789653,480.112966666667,1743,533
-1.43036960248521,-1.64722842677319,0.293556369305941,480.713566666667,1745,534
-1.76651502069661,1.03863489083437,0.151067395795062,481.8814,1746,535
-1.24437765056468,-1.30879788755543,0.290644247289884,481.8814,1747,536
-1.21698964021756,-1.18748036991328,0.317467862721199,482.482,1749,536
2.38896490121887,-1.70699561721011,0.426327335650321,481.8814,1748,537
2.31139479498468,-1.49607801159921,0.419913861640414,482.482,1750,537
2.21269138268532,-1.32318771731056,0.404956886276449,483.0826,1751,537
2.12361147743046,-1.21378447145563,0.423103223364897,483.649833333333,1754,537
10.7044734257949,-1.34132154070485,5.81204240030738,483.483,1752,538
10.6640395614888,-1.33709084925215,5.79551835899966,483.516366666667,1752,538
10.6897593205837,-1.3444633903338,5.81271141952825,483.549733333333,1752,538
-1.00910936741178,-0.919488681268619,0.29288749396213,483.649833333333,1753,539
-0.942099921805433,-0.778427330223212,0.359099779190629,484.250433333333,1756,539
-0.845274964100158,-0.586542855011567,0.372533960534534,484.851033333333,1758,539
-0.770812000587855,-0.356614962122524,0.307389145297965,485.418266666667,1761,539
-0.755878118612066,-0.177265052587591,0.306082532444659,486.018866666667,1765,539
-0.934489870922914,-0.00058779551231869,0.337033209821773,486.619466666667,1769,539
-1.49154660792724,1.64724293732545,0.23004756132241,484.250433333333,1755,540
-1.29064561716052,1.72552834410395,0.230471291901716,484.817666666667,1757,540
-1.14009802468591,1.83318778052403,0.255900881198258,485.418266666667,1760,540
-0.979743955939291,1.91513565905921,0.290244759857062,486.018866666667,1764,540
-0.818159265450204,1.90355343760997,0.308271995234623,486.619466666667,1768,540
-0.645038620446519,1.81750540329637,0.235202490014124,487.1867,1771,540
-0.467400183737207,1.71715137979757,0.243359660370979,487.7873,1774,540
-0.310713181475373,1.61155271077564,0.276389310501149,488.3879,1776,540
-0.130326874453649,1.49109150130366,0.311094638625485,488.955133333333,1777,540
-0.128066737485928,1.48890932891855,0.311466994760477,488.9885,1777,540
0.0368689394900897,1.36182470255688,0.332221820930108,489.555733333333,1780,540
0.0396151611355343,1.3604229065463,0.332973205626091,489.5891,1780,540
0.242812281638634,1.17337629239704,0.354408601556531,490.156333333333,1782,540
2.05418490752882,-0.868553345355283,0.401384268288262,484.851033333333,1759,541
2.00790706043218,-0.658500952489521,0.402562343905702,485.451633333333,1762,541
1.97709984552849,-0.446014224050502,0.416955726945315,486.018866666667,1766,541
2.06231200215124,-0.333759962541895,0.405388963595709,486.619466666667,1770,541
-1.76080859318262,3.40544007143787,0.356003978922291,486.018866666667,1763,542
-1.61163380143985,3.42256055300627,0.385742039871119,486.619466666667,1767,542
-1.4564107703546,3.34406614287279,0.38971113486914,487.220066666667,1772,542
-1.32444901158064,3.18727427943331,0.311390369895559,487.7873,1773,542
-1.20379395460487,3.05673135183266,0.269239674410177,488.3879,1775,542
-1.10476737419788,2.93525866447445,0.239575673320555,488.9885,1778,542
-1.02381632719648,2.8434586656627,0.224074256582502,489.555733333333,1779,542
-0.923404196985521,2.82364514849024,0.214447222963621,490.156333333333,1781,542
3.77184402204326,2.78874820172479,0.360745033810322,490.756933333333,1783,543
15.055459343726,10.6341703078374,-0.549814725450776,491.924766666667,1784,544
-0.511685627127242,3.00202610062417,0.26417486476591,491.924766666667,1785,545
-0.307128493876824,2.99585463244407,0.25147822623551,492.525366666667,1787,545
-0.187766749618923,3.05667032665969,0.283562574291612,493.0926,1788,545
4.43150580143839,3.24708206606009,0.320752965541848,492.525366666667,1786,546
0.102623283134947,3.10103879787222,0.327633882756981,494.260433333333,1789,547
0.104194832007996,3.10163793362858,0.328414382992014,494.2938,1789,547
0.262958234197213,3.029291153693,0.279624668776343,494.861033333333,1790,547
3.22462962274013,0.212867776006468,0.46576138413342,494.861033333333,1791,548
3.9201951211395,5.20129892330235,0.35503960715698,496.062233333333,1792,549
0.43001561120646,3.01717390552073,0.258931145402864,496.062233333333,1793,550
2.38716641784408,1.83327277873004,0.432645936539371,496.062233333333,1794,551
2.38512559310454,1.83325538315433,0.432211513871479,496.662833333333,1795,551
2.98109035530618,4.94270747799062,0.36193857232404,497.830666666667,1796,552
3.76039483636703,1.82199284543912,0.11832552074445,497.830666666667,1797,553
2.28619081241682,4.88663456848914,0.368254090171929,498.9985,1798,554
1.94963249527431,4.70627338972408,0.336850334943823,499.5991,1799,554
1.35081998254701,4.72301060744292,0.385434524245878,501.367533333333,1800,555
0.106954425555364,4.24812691026286,0.451714362339581,503.736566666667,1801,556
-1.22190542689087,-2.71648505022595,0.321301959720533,506.672833333333,1802,557
4.76906481167962,3.56686934371981,0.412504247307673,507.273433333333,1803,558
4.66663618084479,3.18448739011977,0.452557781427461,507.874033333333,1805,558
0.328538253431308,0.707133747854794,0.548747223076063,507.273433333333,1804,559
-1.29441042355886,-2.50779140752091,0.281201175714107,508.441266666667,1806,560
-1.17750635028095,-2.41424520553402,0.379453900571333,509.041866666667,1808,560
-1.07329027050476,-2.29248691406434,0.456812991461019,509.642466666667,1810,560
4.47443753976621,2.43400289968901,0.464812502738818,509.041866666667,1807,561
4.33971662905766,2.10379911150288,0.440784469158055,509.642466666667,1809,561
1.73419778311507,5.7880765169571,0.141536959644719,510.243066666667,1811,562
-0.911826266490764,-2.11684717308293,0.535402387349614,510.8103,1812,563
-0.832609570405066,-2.0734283664625,0.40047379596813,511.4109,1813,563
4.69087414865614,2.01486632818434,0.290727347991551,513.779933333333,1814,564
2.46405504311377,4.11717103158334,0.318801029639824,514.981133333333,1815,565
4.11100109547065,1.99733415153105,0.339186396274705,515.548366666667,1816,566
5.532240178437,2.91792895504433,0.293431686314842,516.148966666667,1817,567
2.65420738837812,3.49336093672966,0.316442025528457,516.148966666667,1818,568
2.72759440708841,3.22088907379173,0.313155308551177,516.749566666667,1819,568
2.68210355018481,3.00136499191058,0.275992132982415,517.3168,1821,568
2.67838266455831,2.99709814832038,0.276441258264753,517.350166666667,1821,568
2.51451811575485,2.76837346828311,0.288158593755964,517.9174,1822,568
3.38169158355574,1.9435064784828,0.308986641519573,517.9174,1823,568
2.36112953972406,2.59700448538212,0.299415378838711,518.518,1824,568
3.15813618541551,1.97264164521683,0.28172185727064,518.518,1827,568
2.21352929343515,2.49819944288429,0.281947546130391,519.1186,1828,568
2.53709314229198,1.937162183412,0.476432898802097,519.1186,1829,568
3.00854927043228,2.01159035694173,0.330775185293795,519.1186,1830,568
2.01371408953126,2.42558017168067,0.316428485890555,519.685833333333,1831,568
2.94382679331388,1.96338637030645,0.370887089748,519.685833333333,1832,568
2.01164325839705,2.42369778268162,0.31729100894753,519.7192,1831,568
2.94602725798323,1.96296945827061,0.370887678635628,519.7192,1832,568
1.81199907788164,2.29942015766961,0.334287968546413,520.286433333333,1834,568
2.74369697424908,2.19512635784264,0.335373458307635,520.887033333333,1835,568
1.57515833730127,2.17479784316188,0.311456434716068,520.887033333333,1836,568
2.65098992448948,2.36027448322644,0.319382074869501,521.487633333333,1838,568
1.37424766574461,2.02342812581918,0.296818044603031,521.487633333333,1840,568
2.5283420208497,2.53752555154779,0.305442835460096,522.088233333333,1841,568
1.14439096274434,1.91117969983208,0.288512805865099,522.088233333333,1842,568
0.894133002464042,1.85162700893512,0.284083251710553,522.655466666667,1843,568
0.889714707605867,1.85120452727029,0.283504151392297,522.688833333333,1843,568
0.679416355405543,1.8200444613336,0.23173865540309,523.256066666667,1844,568
0.469173187847243,1.7288569330924,0.254090946933187,523.856666666667,1847,568
0.191257685513167,1.66412343302842,0.300257326452551,524.4239,1849,568
0.187656772613022,1.66237422222586,0.30050210460227,524.457266666667,1849,568
-0.0704448324891213,1.54489524008389,0.318420315278386,525.0245,1850,568
3.3250366374503,-1.23055480808355,0.429670822493041,516.749566666667,1820,569
3.11286249466987,-0.88578558022606,0.3980707566561,518.518,1825,570
5.75406285363268,1.51172283821973,0.426977336351547,518.518,1826,571
0.0991161966885011,-0.35779124172773,0.265277606255487,519.7192,1833,572
7.57583133538411,0.776446317293617,10.6114137312227,521.287433333333,1837,573
1.29841844255982,-1.57772660958805,0.274055774977689,521.487633333333,1839,574
2.38600702241581,1.83390828921294,0.431535480508942,523.256066666667,1845,575
2.38628927366157,1.83404512323182,0.432297033702426,523.856666666667,1848,575
-2.95867639325974,1.76162813985413,0.170970136456007,523.856666666667,1846,576
-0.205403702196317,-0.88061570544621,0.293134802804982,529.161966666667,1851,577
-0.207903900397548,-0.721695572317048,0.280694612193065,529.762566666667,1852,577
-0.283504128796911,-0.5684294655693,0.239459306842108,530.363166666667,1854,577
-0.415032621840993,-0.49306276712934,0.219758628915649,530.9304,1855,577
-0.605040759800087,-0.403686263508035,0.242728603756993,531.531,1857,577
-1.64190349780773,3.31340219690051,0.378482023763447,530.3298,1853,578
-1.24974814149368,3.26720541353661,0.207650700286933,531.497633333333,1856,579
-1.07109595296898,3.15873349512138,0.233057061033944,532.098233333333,1858,579
-0.911318318520859,3.03827211165969,0.225050977794232,532.698833333333,1859,579
-0.735199645355836,3.00644241541811,0.232477271198585,533.299433333333,1861,579
-1.02748538695792,-0.275056410454431,0.259046499962165,532.698833333333,1860,580
-1.12018986585372,-1.96677107449663,0.607681465096987,533.299433333333,1862,581
-1.14264856335352,-1.88007504089168,0.562449752912723,533.900033333333,1863,581
-0.326944755460007,2.88857115857676,0.163151597802231,534.467266666667,1864,582
-0.222001996578566,2.73356692401628,0.18036008719283,535.067866666667,1865,582
-0.107539040418818,2.55491442481307,0.279730199114561,535.668466666667,1867,582
0.0372641593588583,2.30176943411584,0.324219960447314,536.2357,1868,582
0.0395564065358407,2.29760791361309,0.324149958952152,536.269066666667,1868,582
0.139904035953026,2.0368434506827,0.258276034263742,536.8363,1869,582
-1.1433765779633,-1.69779087710225,0.326433748871519,535.067866666667,1866,583
2.3854129339179,1.8334758013072,0.431886975088243,539.205333333333,1870,584
-1.97292585260363,3.67783691991378,0.213663644539036,539.805933333333,1871,585
1.40858489308456,-1.27233484216569,0.369062776032423,540.406533333333,1872,586
-1.76614413409606,3.80057182681895,0.224777994364643,540.973766666667,1873,587
-1.6459675401971,3.76444907167362,0.208893609906692,541.574366666667,1874,587
-1.56625558111595,3.81895263946747,0.250833714492568,542.174966666667,1875,587
3.58365833388765,1.60556435195889,0.1662041668701,542.2417,1876,588
3.58373220565376,1.60548901462048,0.164442394516949,542.775566666667,1877,588
3.58107037353766,1.60538922603715,0.16526364639869,543.3428,1878,588
3.57995819554614,1.60500476631673,0.165587502616568,543.9434,1879,588
-3.91295633091462,4.22983785982496,0.128797666240514,545.111233333333,1880,589
2.38512559310454,1.83325538315433,0.432211513871479,545.111233333333,1881,590
3.58162207593293,1.60416446395804,0.164266272169429,545.111233333333,1882,591
3.58059727228867,1.60379609546622,0.16481587290426,545.711833333333,1883,591
3.58110155960795,1.60452343501128,0.164605895062946,546.312433333333,1885,591
-4.24630408059101,-3.29179803605308,0.308597751013724,546.312433333333,1884,592
3.32146156972888,1.51958422266586,0.271355648499175,547.480266666667,1886,593
3.57927322057568,1.60481469700218,0.164988811904083,548.080866666667,1889,593
3.5818061975718,1.60494667297987,0.164031808430644,548.681466666667,1890,593
3.57819485732209,1.6044702793273,0.16482417149146,549.2487,1891,593
4.92338099664149,-5.58149584164969,0.671711959171644,547.513633333333,1887,594
2.38560428124802,1.83362276584624,0.43167059345993,548.080866666667,1888,595
3.5793203650246,1.60584022779043,0.164750770011697,550.416533333333,1892,596
3.58066474793232,1.60634205791386,0.16372038612048,551.584366666667,1893,597
3.69130232209501,0.894264214412851,0.367821525020057,552.184966666667,1894,597
3.580603229232,1.60528168006803,0.164486913904332,552.785566666667,1895,597
3.19712678286544,0.709152397246622,0.389331993222907,554.554,1896,598
-2.70436587385077,-1.51536471589015,0.250779725368002,556.322433333333,1897,599
2.74335544347825,0.638295960646653,0.325557906368858,556.322433333333,1898,600
2.57766958795543,0.632971500536331,0.318904407486851,556.889666666667,1899,600
2.57705511115979,0.633439389384023,0.318143217151019,556.923033333333,1899,600
2.36945781966091,0.624628738036964,0.322254721142041,557.490266666667,1901,600
2.18109621738676,0.68548413468418,0.357074271938877,558.090866666667,1904,600
1.9430040675136,0.73142393459434,0.343200870166823,558.6581,1906,600
1.93904078948332,0.732541630248824,0.342934011205568,558.691466666667,1906,600
1.65780595916087,0.780430400411983,0.278069182412507,559.2587,1907,600
1.48445554983009,0.807342047247837,0.245597898574229,559.8593,1909,600
1.33287966609055,0.893412313259994,0.295684666932493,560.426533333333,1913,600
1.1963573462019,0.962524518493437,0.321308899104609,561.027133333333,1914,600
1.06334386949915,1.07914828072314,0.284719301156922,561.594366666667,1917,600
-2.78763537609868,-1.10175540973379,0.325613449084857,557.490266666667,1900,601
4.07823302982104,-0.57754982056243,0.772504005606884,557.490266666667,1902,602
3.98415215394351,-0.549537295706154,0.716300000402729,558.090866666667,1905,602
2.38719823487616,1.83259956232447,0.432949370680199,557.490266666667,1903,603
3.79593180219413,-0.51483952801687,0.63732306595595,559.2587,1908,604
3.71578057941678,-0.623412122254768,0.59477110021345,559.8593,1910,604
2.38581657668025,1.83303698043637,0.432457339635935,559.8593,1911,605
-2.38787713791681,-0.218444894419421,0.229124714251411,560.426533333333,1912,606
3.58659401588874,-0.729723251451486,0.455023284649555,561.027133333333,1915,607
-2.04264708576513,0.103466914772786,0.228837655486057,561.594366666667,1916,608
-2.86282811519781,3.50383956492845,0.329346016280786,561.627733333333,1918,609
3.45883002091539,-0.535148098606713,0.443119827501675,562.194966666667,1919,610
3.44908972944908,-0.440520179330626,0.416468579361854,562.795566666667,1921,610
1.36826576533702,0.908121751701877,0.279880942946092,562.795566666667,1920,611
-1.49415760633705,0.197656970539236,0.251605609449092,563.3628,1922,612
-1.34473721624935,0.128713878291293,0.16484277472259,563.9634,1923,612
-1.17313765214348,0.0213515350549207,0.204789347389615,564.564,1925,612
-0.987184679569512,-0.0453043860950108,0.24011406936885,565.131233333333,1927,612
-0.816835954027296,-0.0906109360646518,0.190843171422307,565.731833333333,1929,612
-0.542936864722765,-0.162504329871418,0.1716518164155,566.332433333333,1932,612
-0.400286270625292,-0.0866187835327181,0.220482487487284,566.899666666667,1935,612
-0.24202511550435,-0.0763480495990257,0.316815924269179,567.500266666667,1937,612
-0.129266877608581,0.0186499855556697,0.310601241691021,568.0675,1940,612
-0.132009769798432,0.0176424865739155,0.31054841572494,568.100866666667,1940,612
-0.00949593872905563,0.152519922556288,0.238835003709977,568.6681,1942,612
0.0656220273433369,0.265244614290024,0.23726636393692,569.235333333333,1944,612
0.0658038410071741,0.2658547822783,0.236876648721589,569.2687,1944,612
0.161808373822878,0.402986691429958,0.301574959350328,569.835933333333,1946,612
0.277027125692951,0.570069767828038,0.372570817062546,570.436533333333,1947,612
0.364075997877007,0.755711652452088,0.410250388348579,571.003766666667,1948,612
0.363697663664363,0.758557008027056,0.410692450223317,571.037133333333,1948,612
0.339188924460511,0.939325676897855,0.412882000810047,571.604366666667,1950,612
0.253371276034541,1.17770373554976,0.393712764096555,572.204966666667,1952,612
0.224108567477821,1.42670291696637,0.347944915145181,572.7722,1953,612
0.185981574496078,1.67967711740058,0.27577046370908,573.3728,1954,612
3.31290755857549,-0.302147911694171,0.407050847093791,563.9634,1924,613
3.16350816499427,-0.217286163721515,0.432328178608057,564.564,1926,613
2.96120064484694,-0.143775136326293,0.443897053359182,565.131233333333,1928,613
2.95479193811342,-0.140851378820675,0.44443579848142,565.1646,1928,613
2.78927185240559,-0.0730772139603617,0.446489812815522,565.731833333333,1930,613
2.67067081484387,-0.0602375174143555,0.377883896884331,566.332433333333,1933,613
2.47076262266242,0.0735903358176416,0.376343555964606,566.899666666667,1936,613
2.3431558672066,0.22350496600974,0.419176817820964,567.500266666667,1938,613
2.33335487741148,0.397377719755887,0.405015162548056,568.100866666667,1941,613
2.34887112586726,0.640422672200348,0.384687415002985,568.6681,1943,613
2.39028796238627,0.82940701931683,0.370248107657031,569.2687,1945,613
3.56833651160708,1.53237465421623,0.153722713416121,565.731833333333,1931,614
3.56133483250458,1.53122258232783,0.155035529320083,566.332433333333,1934,614
3.56260002322987,1.53157420298912,0.166050377712318,567.500266666667,1939,615
-0.782458158050037,6.15622298503003,0.334791743557448,571.037133333333,1949,616
-1.00752134927609,5.70714183818665,0.350761111602118,572.204966666667,1951,617
3.54160996383344,1.52258705047882,0.188673066065893,573.9734,1955,618
3.54192691206565,1.52247443048903,0.188172911969146,574.574,1956,618
2.91842239716293,-2.31143717207265,0.516085423771153,575.741833333333,1957,619
2.12716879977157,-1.52754732255931,0.414976920726218,579.312066666667,1958,620
2.01666857988946,-0.859158975921436,0.378488956596223,581.647733333333,1959,621
1.8877266153332,-0.680078700659173,0.372543738955669,582.248333333333,1961,621
1.74877724156393,-0.517026100890022,0.375949444819388,582.815566666667,1962,621
1.53692304017596,-0.478677453267641,0.336251697266949,583.3828,1963,621
1.33678793024959,-0.393771118084151,0.327825212410988,583.9834,1964,621
1.10768256170051,-0.3237714275569,0.301855322989871,584.584,1966,621
0.871452816686008,-0.296472307055783,0.336919439914951,585.151233333333,1967,621
3.5394697809801,1.52324157408474,0.189080709037995,581.647733333333,1960,622
2.37761141064755,1.85270651681475,0.424354589457435,583.9834,1965,623
2.37996823874102,1.85351111143293,0.424328298020565,586.352433333333,1968,624
2.37719198417031,1.85372782520337,0.42455617661343,586.919666666667,1970,624
0.197645248453948,-0.372704466476945,0.344181642670612,586.919666666667,1969,625
-0.103971680741334,-0.344050612044469,0.35534050463628,587.520266666667,1971,625
-0.308448278127419,-0.31150361115998,0.325541433216897,588.0875,1972,625
-0.309331941117663,-0.309682676470606,0.326092706005366,588.120866666667,1972,625
-0.413315633490544,-0.0935471102374537,0.320360997278535,588.6881,1974,625
-0.323046205188619,0.178487283685863,0.351045149142417,589.2887,1975,625
-0.170366442057688,0.405690664958716,0.380099862460011,589.855933333333,1978,625
0.0652923843076152,0.610898246691864,0.378571087598253,590.456533333333,1980,625
0.258170805747425,0.869314794596205,0.362438790222209,591.023766666667,1982,625
0.411441021750644,0.670623996428778,0.471108217979189,591.057133333333,1982,625
0.308503248192301,1.1992546639424,0.348636531148519,591.624366666667,1986,625
0.282784151399583,-0.292004051925186,0.271808059652746,591.624366666667,1987,625
0.11976804183984,-0.101101683382874,0.307068071363703,592.1916,1988,625
0.345175189952957,1.52105862172317,0.368219835056476,592.224966666667,1989,625
0.433147492912785,1.67120628900262,0.361895357275805,592.7922,1990,625
0.0225395111842622,0.0180408812220213,0.328217048424401,592.7922,1991,625
-0.145107072748414,0.136371579804139,0.276073002113913,593.3928,1993,625
0.719748476015724,1.72868607831691,0.378134418041056,593.3928,1994,625
-0.267506308645007,0.311588805449867,0.29673159157516,593.960033333333,1996,625
1.05688457627575,1.63111799750619,0.415527929021973,593.9934,1998,625
-0.384463850449962,0.605637225797484,0.253624092974467,594.560633333333,1999,625
1.39026555180766,1.52824441689566,0.398751203329196,594.560633333333,2000,625
-0.468392626483984,0.875076522180953,0.235342378800782,595.127866666667,2002,625
-0.440428771972947,1.0755095270318,0.276897745306588,595.728466666667,2005,625
-0.39274514913451,1.23351207257437,0.29073344288087,596.329066666667,2006,625
-0.259250501758998,6.29197186094925,0.20543535717454,588.6881,1973,626
-0.26287966187662,6.0390322903513,0.22491225955504,589.855933333333,1976,627
-1.41817030956991,-1.35528867565674,0.461242563744445,589.855933333333,1977,628
-1.46073434704203,-1.2581884179368,0.563872299989135,590.456533333333,1979,628
-1.50689399307237,-1.08487780741737,0.660156392992845,591.057133333333,1983,628
-1.66055229800056,-0.894499907312589,0.769483676606194,591.624366666667,1985,628
-0.179573946784605,5.72074795910849,0.189825070745577,591.023766666667,1981,629
-0.103151970627539,5.60453442588962,0.191781660012544,591.624366666667,1984,629
0.203911641320348,5.43189063966076,0.178378662160629,593.3928,1992,630
2.37481772066949,1.85205418163646,0.424774060978474,593.3928,1995,631
2.37481772066949,1.85205418163646,0.424774060978474,593.960033333333,1997,632
2.37486772062552,1.85203211076063,0.425512188034798,594.560633333333,2001,632
-2.82108283232953,1.82412171410791,0.241159966939133,595.161233333333,2003,633
-2.64510576604468,1.71044236045742,0.217105105491381,595.728466666667,2004,633
1.04352800448218,3.06049950428034,0.426921240528516,608.0074,2007,634
-0.898588190946616,5.09694330314337,0.190900460179561,608.0074,2008,635
11.9893815107173,8.63462379714526,5.76583537986869,608.374433333333,2009,636
0.197453735790988,4.96721329371496,0.176900949617033,609.775833333333,2010,637
1.1803528044982,-0.595553556121411,0.268099597139905,610.943666666667,2011,638
0.143299454538081,4.51252897481802,0.273962804368414,612.1115,2012,639
0.0668881075084596,4.38252262253396,0.30350111300055,612.7121,2013,639
-0.0235780175740729,4.18746582128534,0.328365313288922,613.279333333333,2014,639
-0.0684278833525619,3.88419228027826,0.357479201372688,613.879933333333,2015,639
-0.107943431468691,3.69114319788898,0.354668988923949,614.447166666667,2016,639
-0.185735406052189,3.52033664252434,0.274947110351634,615.047766666667,2017,639
-0.262747013169424,3.38412115061717,0.264405621127949,615.615,2019,639
-0.264622062553717,3.38351507460615,0.26558857783258,615.648366666667,2019,639
-0.308400034999335,3.21091262774653,0.212321461741435,616.2156,2022,639
3.79039199195605,1.57920130934914,0.395195324172374,615.047766666667,2018,640
3.48541985032085,1.5479554630539,0.385309721153726,615.648366666667,2020,640
3.26632210298969,1.55646457522068,0.401941931823733,616.2156,2023,640
3.05728592790643,1.55710309185261,0.406157684374157,616.8162,2025,640
2.90950043861274,1.5632108518398,0.344359767600731,617.383433333333,2028,640
2.77411510794568,1.50839748006338,0.338597786847892,617.950666666667,2029,640
2.62549384318627,1.40278080008094,0.39747963134771,618.551266666667,2032,640
2.52022331975737,1.31065391681063,0.409368316068475,619.1185,2033,640
2.52000752960668,1.3101077156788,0.408639678573207,619.151866666667,2033,640
2.44629624721479,1.23251232578484,0.338220451339388,619.7191,2037,640
2.29656509840804,1.14717858362327,0.353820498795941,620.286333333333,2038,640
2.29183636062212,1.14513340079216,0.354567663434068,620.3197,2038,640
2.07994076990767,0.993979972680701,0.395287943069013,620.886933333333,2039,640
1.86495586897712,0.914651005827034,0.436104586926831,621.487533333333,2040,640
1.7390347052984,0.72833067792523,0.454392090353112,622.054766666667,2041,640
-1.06576221187559,5.64144812756677,0.349908683710051,616.2156,2021,641
-1.16613472542522,5.4113901073599,0.373875115739545,616.782833333333,2024,641
-0.433971317562975,2.95231834522126,0.237430810784146,617.383433333333,2026,642
2.92041430265657,0.338830398429086,0.559076657944255,617.383433333333,2027,643
2.84737607711967,0.255350863056426,0.502574607420283,617.984033333333,2030,643
2.76320611056094,0.175225012266147,0.4725542813252,618.551266666667,2031,643
2.68323524409093,0.0763509058044843,0.414633461202844,619.151866666667,2034,643
2.61493735550923,0.0281424740111145,0.396289729011327,619.7191,2036,643
-2.30371200561984,4.62023868288696,0.00673620056470858,619.7191,2035,644
12.5905653925443,-3.86207631559392,6.44936403615102,626.292333333333,2042,645
12.5863945018126,-3.84797039489695,6.44714355383196,626.3257,2042,645
-3.7526158149184,2.58503021955382,0.609322445422205,626.7261,2043,646
2.56155740414751,-0.486768305043257,0.454247500457137,628.494533333333,2044,647
2.44009775909745,-0.325546333611899,0.50466326410703,629.061766666667,2046,647
2.29559409557205,-0.191795893140413,0.491119984606054,629.629,2047,647
12.4179573021844,-3.26311912228418,7.2544836436374,628.761466666667,2045,648
12.3186317877374,-1.96071945447622,7.6714917264539,630.63,2048,649
2.05784634825393,-0.153474201880829,0.316572844547425,630.796833333333,2049,650
-1.01679991464994,5.13608610837286,0.218323261208614,631.964666666667,2050,651
-0.89977088471552,4.98086094296876,0.204002077495715,632.565266666667,2053,651
-0.824386381722861,4.79357229524031,0.148482671681552,633.1325,2054,651
-0.712661274450153,4.6602674246426,0.14680547720831,633.699733333333,2056,651
-0.581519320366509,4.56183448134855,0.18890539480846,634.300333333333,2057,651
-0.509151029804932,4.39912662429011,0.261642601792448,634.867566666667,2059,651
-0.412338460154212,4.22174126269329,0.287195980869767,635.468166666667,2061,651
-0.306423203702259,3.98522495064145,0.268414224429914,636.0354,2062,651
-0.190016561045832,3.74391129173515,0.234715554332271,636.636,2063,651
-0.0327116484791298,3.55940216517665,0.240208636167752,637.203233333333,2064,651
0.0884664340129688,3.37901871356031,0.292356055344446,637.770466666667,2065,651
0.234311476992125,3.23926717169131,0.296620579416443,638.3377,2066,651
0.234319321026972,3.24142745859337,0.295920323652584,638.371066666667,2066,651
0.367865731772992,3.10222863796508,0.324949947401403,638.9383,2067,651
0.498799821674782,2.98087699054065,0.288166239679729,639.505533333333,2068,651
1.4584589171728,-0.0291676959294808,0.403080992692168,631.964666666667,2051,652
1.13136106818044,0.0532845803807647,0.40822655034295,632.5319,2052,652
0.82655939896924,0.176762234601535,0.359290129460327,633.1325,2055,652
-4.75379058142104,0.884970952366953,0.446748096615109,634.300333333333,2058,653
4.9861186410632,2.07291982753433,0.35667654372872,635.468166666667,2060,654
-2.81217338878623,1.91615546203851,0.208037784169737,639.5389,2069,655
-0.068078668475587,-1.16761614148739,0.16298533523189,645.378066666667,2070,656
0.0393372183043438,-1.17688467543379,0.171462876169545,645.9453,2071,656
0.171053056586792,-1.15756121590995,0.240051557648284,646.512533333333,2072,656
-0.557266196628053,5.50610438488191,0.27204597443285,648.2476,2073,657
-0.656597764475171,5.36642018169592,0.298573503305468,648.814833333333,2074,657
-0.685231023276483,5.07170198216933,0.288958544974328,649.382066666667,2075,657
-0.670211646143328,4.87395633913945,0.258053994378053,649.9493,2079,657
-0.634811145228635,4.71728956817398,0.242515113265472,650.5499,2081,657
-0.654503617545514,4.54573500696608,0.223046012997421,651.117133333333,2084,657
0.887877084063982,0.247933047309382,0.536477711899981,649.382066666667,2076,658
0.944195682371392,0.54157859962681,0.521189789988603,649.9493,2080,658
0.944511847813287,0.545889485718886,0.520982145213914,649.982666666667,2080,658
0.958473844757223,0.823618048784232,0.389839020822028,650.5499,2082,658
1.02742575898226,1.16189428087819,0.368138101580163,651.117133333333,2085,658
1.31920987053597,-0.416982163945512,0.429162334101511,649.382066666667,2077,659
2.85908921915273,-2.56347208944293,0.431376665779843,649.382066666667,2078,660
1.71417707538738,-0.159646169505578,0.405429452679541,650.5499,2083,661
1.88702043695036,0.0748101995627859,0.390720003636885,651.117133333333,2086,661
2.03787428933893,0.440659304749991,0.415286707209629,651.717733333333,2088,661
2.18717989032937,0.774204342367667,0.38861486331683,652.284966666667,2091,661
2.55431164027358,-1.91002787107204,0.451167070389932,651.717733333333,2087,662
2.42928621314516,-1.73516584582532,0.464239841730765,652.284966666667,2090,662
2.37008977139571,-1.58736174847333,0.479916393381517,652.885566666667,2092,662
2.24202448296833,-1.43599129212521,0.45319587275147,653.4528,2093,662
2.18508522609133,-1.35093224455416,0.494238105469468,654.0534,2094,662
2.07625209902958,-1.20795688165263,0.477376622989545,654.620633333333,2095,662
1.99235933536593,-1.05957933755631,0.510533159463142,655.187866666667,2097,662
1.90708048821078,-0.878245688014395,0.507136140112561,655.788466666667,2098,662
1.89112244366405,-0.665594091172782,0.487717582506865,656.3557,2101,662
1.93030537960595,-0.560916459002427,0.458524441026656,656.9563,2102,662
1.96972408755812,-0.463623805480763,0.403948820642947,657.523533333333,2104,662
1.97014266259162,-0.462086822449171,0.40330060470835,657.5569,2104,662
2.01931047026321,-0.274612810747836,0.412050173458471,658.090766666667,2105,662
2.01704871505566,-0.270052656825068,0.412851874508244,658.124133333333,2105,662
2.07986525608693,-0.111478854746689,0.461071285551624,658.691366666667,2106,662
2.07434599688013,0.041209712914361,0.442233343698133,659.2586,2107,662
2.07466445145005,0.0418811342465895,0.442736207302149,659.291966666667,2107,662
2.06808916928072,0.166421697858987,0.404943815697772,659.8592,2108,662
2.07066784191781,0.27414960234958,0.383679512104556,660.4598,2109,662
2.07439284508547,0.47154710697717,0.418353114161283,661.027033333333,2110,662
2.07400079044753,0.473977447327063,0.419526984793229,661.0604,2110,662
2.16980532584416,0.705784737366057,0.469163244368768,661.627633333333,2111,662
2.24887547737053,0.898968640561665,0.482777285445784,662.194866666667,2112,662
2.24937019576443,0.900113783540382,0.483197194242326,662.228233333333,2112,662
2.29533098867926,1.08004479994877,0.420752493746552,662.7621,2113,662
2.29417761554864,1.08229864488854,0.42070789771324,662.795466666667,2113,662
10.0136705297771,7.97050029648131,5.84409779703655,652.2516,2089,663
-0.237742732262789,4.08645150693279,0.216002330957951,655.187866666667,2096,664
17.0141776186287,5.22915465351527,4.36916725136642,656.022033333333,2099,665
-0.0433531833950423,3.86827746960181,0.27710962224532,656.3557,2100,666
0.19860245617857,3.6642902773585,0.288789039453423,657.523533333333,2103,667
0.0503995461194677,-1.22903928432911,0.213306134933998,662.828833333333,2114,668
3.14409104636695,3.88726768141351,0.302111966209995,663.9633,2115,669
2.35231424116689,1.42776848166561,0.354689220985247,663.9633,2116,670
2.13218006105773,3.47729724144762,0.342228126665283,668.601266666667,2117,671
2.06316568523335,3.17754776078896,0.296764976278218,669.7691,2118,672
1.94306754128809,3.07754424557528,0.310518560723095,670.336333333333,2119,672
1.82381509941093,2.99677872720129,0.288612617223292,670.936933333333,2120,672
1.67953945704037,2.96099681841505,0.275779946672188,671.504166666667,2121,672
15.6821986591606,4.53552548710952,4.42901406825049,672.805466666667,2122,673
7.64319327915593,-0.16329707151705,0.364922894415727,688.4878,2123,674
-1.42468833313258,-0.816926193026914,0.705907475683629,691.3907,2124,675
-1.18877467965932,-0.879739844364081,0.614654234957396,691.957933333333,2126,675
4.28806098176808,1.139270743006,0.438062879595648,691.3907,2125,676
2.59466809517971,-0.552469739008524,0.468696762368893,692.558533333333,2127,677
5.00856948104974,1.55217948951607,0.465756811896921,693.726366666667,2128,678
10.1836414675048,-4.72470180029879,7.52536949598583,694.126766666667,2129,679
10.179363835365,-4.6913815231014,7.49947377806022,694.160133333333,2129,679
2.46551163703029,-0.0520601601303475,0.435173898993669,694.2936,2130,680
2.4777656245737,0.16172645016569,0.436501778578048,694.860833333333,2131,680
4.74664520966359,1.75603739308532,0.473533054172926,694.8942,2132,681
4.5994452759725,1.87779518911759,0.461235150232724,695.461433333333,2134,681
4.45218124488062,2.09173513538302,0.449021885621869,696.028666666667,2135,681
1.96782466710659,-1.12653356241565,0.442429931789147,695.428066666667,2133,682
1.76487683277075,-0.917304837120592,0.461280064346778,696.028666666667,2136,682
1.59231210885485,-0.882578151449359,0.483073229642901,696.5959,2138,682
1.24924084065598,-0.840875832550196,0.467741548929782,697.1965,2142,682
2.59045858840294,0.462999982407039,0.441694749295441,696.028666666667,2137,683
2.62555189132954,0.553602418556153,0.417410751057065,696.5959,2139,683
2.59454849114147,0.648041295912132,0.418996609495341,697.1965,2143,683
2.5265479456111,0.751636957643791,0.408820082485401,697.763733333333,2144,683
2.40769025206346,0.858228346912602,0.42886092080365,698.364333333333,2145,683
2.27352289036967,1.0113906986578,0.44099063029956,698.931566666667,2146,683
2.1168486086724,1.16041724141187,0.441917979628004,699.532166666667,2147,683
1.87300284666566,1.25743202192937,0.453282715045796,700.0994,2148,683
1.65762931536936,1.31640203984472,0.424530368488121,700.666633333333,2149,683
1.49762057017316,1.33465403843535,0.404647302532345,701.267233333333,2150,683
1.31943137157167,1.40472465705569,0.402516153088317,701.834466666667,2151,683
1.15082912995928,1.42854158398741,0.385483920644651,702.4017,2152,683
1.1492347858516,1.43006343675741,0.384930923828132,702.435066666667,2152,683
0.954285204814623,1.47052343284735,0.384845945796408,703.0023,2153,683
0.756315684803443,1.58205297034153,0.440771997816852,703.569533333333,2154,683
0.753931558893995,1.58621359712745,0.441156003524021,703.6029,2154,683
4.18119556301159,2.49157336960817,0.426620336142651,697.1965,2140,684
5.44325276465247,3.19383076593161,0.453404966819847,697.1965,2141,685
3.28768949453759,4.17456386696626,0.359935738114093,704.170133333333,2155,686
0.429235146659255,2.03711630484818,0.413059519364319,705.337966666667,2156,687
0.23330251013859,1.99791774489883,0.407901663162358,705.9052,2157,687
-0.0567771265221203,2.00105615682711,0.432838072579482,706.472433333333,2158,687
-0.402683436545078,2.04847083270618,0.410007076585931,707.073033333333,2159,687
2.23284450784602,-3.43485109874327,0.683968748941164,709.341966666667,2160,688
0.127794513996307,2.57969797059858,0.53257669152236,710.5098,2161,689
-0.481929964974291,6.98916584983943,0.410360425820798,711.644266666667,2162,690
-0.00152184473485517,5.28183490394437,0.456905179087929,713.979933333333,2163,691
0.153755113381231,4.87450820754128,0.441352100746407,714.547166666667,2164,691
0.203879122858162,4.45561313302283,0.424815072427065,715.147766666667,2165,691
-2.16991357503616,2.22341194145798,0.367058031077603,715.748366666667,2166,692
-2.05316486199109,2.02645910551657,0.284508819327867,716.3156,2167,692
-1.94159737666406,1.90545096827435,0.274467350555615,716.9162,2168,692
-1.65702113594644,1.75598108033998,0.232519752572061,718.050666666667,2169,693
-1.53581552029209,1.70591550545443,0.283409510598507,718.6179,2172,693
-1.40445266041483,1.71818105012162,0.298585634164881,719.2185,2174,693
-1.23914834236601,1.75055353437693,0.290161401508675,719.785733333333,2177,693
-1.02381056941979,1.77965550058935,0.232654915745382,720.386333333333,2179,693
-0.862706667691584,1.82643346445919,0.219892366611496,720.953566666667,2181,693
-0.704717331455352,1.95211910113849,0.25024320328376,721.554166666667,2184,693
-0.578369442767866,-1.87131867619155,0.282413688870988,718.050666666667,2170,694
0.945440050636973,2.97477680615505,0.386804091593097,718.6179,2171,695
0.976727476645978,2.73804477153415,0.409974985360072,719.185133333333,2173,695
0.976129737575105,2.73207833196027,0.411043528416947,719.2185,2173,695
1.13877092240673,2.40655365885012,0.36676918875564,719.785733333333,2176,695
1.38466615736276,2.17389042053131,0.330123160611552,720.352966666667,2178,695
1.38872150138782,2.17199409275068,0.32971843015508,720.386333333333,2178,695
1.52472396248036,1.91080174760066,0.329648144023,720.953566666667,2183,695
-0.714722369218166,-1.61436702748247,0.210745831360851,719.2185,2175,696
-0.924429695152267,-1.20563298385168,0.352058795373825,720.386333333333,2180,697
-0.864072822315123,-0.866310305399319,0.376389677172814,720.953566666667,2182,697
-0.664534639390379,-0.556915036578066,0.388372157619636,721.554166666667,2185,697
-0.512331095741762,-0.290798562643343,0.320623010738099,722.1214,2186,697
-0.507037631367869,-0.285041586431457,0.320806890791113,722.154766666667,2186,697
-0.461482473004229,-0.0613296088895677,0.264886825058939,722.722,2187,697
-0.322499738164138,0.226120282132572,0.35984851558087,723.289233333333,2188,697
-0.318613850272815,0.233133466417998,0.361560720595978,723.3226,2188,697
-0.103600180164049,0.645299511148014,0.394101989891283,723.889833333333,2189,697
0.0669081286975923,1.05949650873832,0.431130275861433,724.457066666667,2191,697
0.070014490042448,1.06448280857906,0.432253217743357,724.490433333333,2191,697
0.395056300085411,0.688757517270198,0.448404881683737,725.057666666667,2194,697
-1.37992903277696,3.23107209698956,0.215838872549471,724.457066666667,2190,698
-0.268253401214842,3.3777462905182,-0.0196642296335402,725.057666666667,2192,698
-1.21776839617162,3.18933689413521,0.181960786955683,725.057666666667,2193,698
-1.10891635653557,3.02123556760971,0.213767556358282,725.6249,2195,698
-0.905022004443609,2.71266661221695,0.17978329942447,726.792733333333,2196,699
-0.862365055797253,2.5408355642888,0.172626760362445,727.393333333333,2197,699
-0.796448205825164,2.36715064349168,0.235972977257595,727.960566666667,2198,699
-0.663021752092769,2.19810257639887,0.329785980091818,728.561166666667,2199,699
-0.580385840651127,1.96511464243698,0.404990245053995,729.1284,2200,699
-0.569177878580224,1.75188019422416,0.367234433716582,729.695633333333,2201,699
-0.116062575180913,4.44321291555149,0.25166712012541,742.5418,2202,700
-0.0754629855057484,4.17694621308411,0.330444584881803,743.1424,2203,700
1.26799053977159,3.36069881078231,0.253898931322929,750.082666666667,2204,701
1.2866432193334,3.20302412738175,0.255498403027061,750.6499,2205,701
1.16751976135671,3.00231095410158,0.276165403762637,751.817733333333,2206,702
1.10466629494913,2.81401331732971,0.309652561572104,752.384966666667,2207,702
1.01053428531525,2.55313444295602,0.338411503037002,752.985566666667,2208,702
0.89032769600463,2.33170437934342,0.435834344142209,753.5528,2210,702
0.702522059991556,2.35797857766952,0.427242966533879,754.1534,2211,702
0.657873206940357,2.12105048060488,0.284235605742746,754.720633333333,2213,702
0.520626306198333,2.58214712341566,0.410820610917177,755.287866666667,2215,702
0.379535928489158,1.78068851417214,0.398181640715144,755.888466666667,2217,702
0.249232210541687,1.65355899605703,0.364704686519276,756.4557,2219,702
3.52765024797128,1.97001077585699,0.266217446686118,752.985566666667,2209,703
3.19529170713568,1.8561557392435,0.23276890825903,754.1534,2212,704
3.06351538872256,1.77003677347858,0.255288857276714,754.720633333333,2214,704
2.88204445205799,1.6137617411792,0.29747859944819,755.287866666667,2216,704
2.62945787550697,1.41163076681522,0.288091012303398,755.888466666667,2218,704
2.33049030570688,1.20554946494599,0.287721056620242,756.4557,2220,704
2.06300807566096,1.0014640516418,0.290343737013716,757.0563,2222,704
1.88537555473674,0.822468661323054,0.27938220166203,757.623533333333,2223,704
1.77336690729317,0.664086193517599,0.243249155406757,758.224133333333,2224,704
-0.703166522142947,4.46869843958532,0.270772348380793,757.0563,2221,705
3.47947831914105,-0.232485703737975,0.443537662675626,761.127033333333,2225,706
-1.470848671161,3.58654226593998,0.351691640662914,762.294866666667,2226,707
-1.32556654464162,3.47127774544805,0.325556766840258,762.8621,2227,707
-1.06205873705227,3.26684597892474,0.174498316569846,764.029933333333,2228,708
-0.994274610500452,3.08111974931556,0.243855515660023,764.597166666667,2229,708
-0.964435593038152,2.84609654533431,0.281280956532889,765.197766666667,2230,708
-1.01375879358203,2.56589880407692,0.269261707125538,765.765,2232,708
-1.07869454985395,2.39486984320398,0.269431923403439,766.3656,2233,708
-1.0737963549766,2.19569084735823,0.272543655439445,766.932833333333,2234,708
-1.06288941836496,2.07416788683655,0.278516095340993,767.500066666667,2235,708
-1.01384274086755,1.94567283219848,0.334770725001758,768.100666666667,2236,708
-0.856177892667969,1.85945120519138,0.355682862960628,768.6679,2237,708
-0.652935724421308,1.78050446547151,0.349189145268523,769.235133333333,2238,708
-0.651657811587348,1.77981074451225,0.349705397009044,769.2685,2238,708
-0.491283835101581,1.71131716513565,0.342755742034881,769.835733333333,2239,708
-0.305727747530493,1.60896465075972,0.318034976497064,770.436333333333,2241,708
-0.132213093153345,1.51937858493907,0.287174955974492,771.003566666667,2242,708
0.00523356868592528,1.35225873463523,0.285286466416328,771.5708,2243,708
0.147113666413724,1.15497572338345,0.329158878715287,772.1714,2244,708
0.305687730326741,1.06427143580827,0.336246181427808,772.738633333333,2245,708
0.48662186953963,1.00041305426509,0.322744553372858,773.339233333333,2246,708
1.02311258201572,3.96606253783896,0.220619441986152,765.765,2231,709
0.500013607682624,2.9345214297325,0.250780330742491,770.436333333333,2240,710
-2.33771140881068,1.63485495107321,0.180328842543322,773.906466666667,2247,711
0.730382188570933,0.893152146519927,0.37011661866333,774.507066666667,2248,712
0.831177272546032,0.905949549972491,0.380002797884927,775.0743,2249,712
0.821409323837989,0.936605002576351,0.338885643013235,775.641533333333,2250,712
0.678459230252695,0.939011860404508,0.311019023320578,776.242133333333,2252,712
-1.88615196868039,1.45986606755716,0.202777912279062,776.242133333333,2251,713
-1.80464735823802,1.42065571298634,0.231646509165527,776.809366666667,2253,713
-1.56180989903052,1.33978695307102,0.222258185372527,777.9772,2254,714
-1.46219986346096,1.36156601931573,0.275140577115431,778.544433333333,2256,714
0.488262983217847,1.1120998018669,0.215734148721586,777.9772,2255,715
0.424333252364056,1.20794962764217,0.253770663521445,778.544433333333,2257,715
-2.40313787408852,-0.938085217951679,0.279871366244501,780.2795,2258,716
-1.57023318233076,3.46167499308335,0.30496484640707,780.8801,2259,717
-0.93024785946636,2.07119349019588,0.307018229558465,781.447333333333,2260,718
-3.26441796511218,1.16354774538711,0.279414850100118,781.447333333333,2261,719
-0.131951596035115,1.60553094088932,0.505196037471863,781.447333333333,2262,720
-1.30974300640973,3.36873518791086,0.322608895848113,782.047933333333,2263,721
-2.23472484746585,0.872192335955959,0.19292201316123,784.350233333333,2264,722
-1.63324830055844,0.821824875951028,0.218628148810431,785.518066666667,2265,723
-1.28394965909463,0.725559197090351,0.240054097805397,786.0853,2266,723
-0.968768743325778,0.600985723133826,0.231709083775465,786.6859,2268,723
-0.711937266275299,0.603695786232531,0.217762905661613,787.253133333333,2269,723
-0.631180055765951,0.632674498024578,0.190760439352008,787.820366666667,2270,723
-0.443126400739634,0.711158786554073,0.202441789556788,788.3876,2271,723
-0.171072281843669,0.857164944957216,0.253106407926743,788.9882,2272,723
0.129420314417605,0.940201036264632,0.295405661472821,789.555433333333,2273,723
0.438517637644404,1.01256923294757,0.339560725123311,790.122666666667,2276,723
0.443256744284707,1.01463687081248,0.34037511153605,790.156033333333,2276,723
0.666908569442086,1.06563718466458,0.399464905176373,790.723266666667,2278,723
0.867924088238857,1.16200874891696,0.418246944036506,791.2905,2280,723
1.04970364262311,1.22503629177811,0.331312637049215,791.8911,2281,723
0.878037861149175,2.06301203672308,0.507016450926238,792.458333333333,2283,723
-1.5331627608023,-0.584920180723263,0.200559064297884,786.0853,2267,724
-0.390833614193982,-0.647325261200035,0.329755371615869,789.555433333333,2274,725
-2.19074083758174,1.99328660717886,0.360242865393784,790.122666666667,2275,726
-1.96548452857192,1.88423949990972,0.279686747985231,790.723266666667,2277,726
0.132973039676173,-0.61027825849565,0.350902179989389,791.2905,2279,727
-1.19069128489966,1.57934519352692,0.251443788758326,792.458333333333,2282,728
-0.922368887200904,1.71881458199865,0.311672541269434,793.025566666667,2285,728
-0.678399730248384,1.75852144616388,0.331930791055161,793.5928,2286,728
-0.676340272590679,1.75848303704267,0.331721092081002,793.626166666667,2286,728
-0.380063818031883,1.79640539030463,0.280085959039738,794.1934,2287,728
-0.0850959770020696,1.9455130356102,0.295462805250374,794.760633333333,2288,728
0.240395382086666,2.08215035400933,0.378975423285757,795.327866666667,2289,728
1.54351712111845,3.91959590657309,0.428187889337927,793.025566666667,2284,729
1.87590512334037,-0.46125795759034,0.416339863892586,799.965833333333,2290,730
1.86574138883328,-0.177972239918295,0.354743618647818,801.133666666667,2291,731
1.90664616925178,-0.0399781771477461,0.361092305222396,801.7009,2292,731
1.84585267730327,0.0981568699258011,0.382673068882729,802.268133333333,2293,731
1.8104000616201,0.229904100428812,0.385211404843085,802.868733333333,2294,731
1.8628990393128,0.42716752422134,0.380950384140332,803.435966666667,2295,731
1.91369135879913,0.533310716267947,0.333871679886939,804.0032,2296,731
1.9102567620297,0.684480132417396,0.332682660402313,804.570433333333,2297,731
1.9110726029343,0.686411850308545,0.333213933494914,804.6038,2297,731
-0.998473768633618,0.249005583458398,0.255957886136577,813.879733333333,2298,732
-1.02610115064095,0.517101654100943,0.269070576356994,814.446966666667,2299,732
-0.395419499474523,4.58480907569193,0.258872055822092,816.782633333333,2300,733
-0.389192919712928,4.37605029426096,0.220344412833412,817.383233333333,2301,733
-0.403405368961447,4.13309666989299,0.232652355952438,817.950466666667,2302,733
-0.409194325368042,3.92466695938534,0.285961444048753,818.5177,2303,733
-0.269786949730725,3.71747476297767,0.371728889086198,819.1183,2304,733
-0.149758227621461,3.45939008563171,0.367789042766427,819.685533333333,2305,733
-0.0481202601071918,3.22154849499896,0.335574984102659,820.286133333333,2306,733
0.0988038902149664,3.02738572445283,0.326119941859489,820.853366666667,2308,733
-1.60172856746718,3.79546099164265,0.256874204553598,820.286133333333,2307,734
-1.46507334498301,3.60417504223777,0.261308284659864,821.453966666667,2309,735
-1.30732497487052,3.49354474606117,0.267177392208505,822.0212,2311,735
-1.17093967181038,3.35108988647443,0.263281951095737,822.588433333333,2313,735
-1.02962968125043,3.22314975753756,0.272017068138506,823.189033333333,2315,735
-0.8848194551445,3.01994544471016,0.303260604057005,823.756266666667,2317,735
-0.740340043985159,2.83573817520264,0.299319001263262,824.356866666667,2318,735
-0.571543558699443,2.70315984294726,0.305137979351651,824.9241,2319,735
-0.353194270331104,2.58905827703745,0.321279342379948,825.491333333333,2320,735
-0.10413582864635,2.602543419254,0.361704493548681,826.091933333333,2321,735
0.0748706192389035,2.57665066221755,0.327114916730259,826.692533333333,2322,735
0.229054991440783,2.62847802776019,0.280132963101034,827.259766666667,2323,735
0.397051583495956,2.91173547345231,0.295313096933635,822.0212,2310,736
0.565020547020364,2.87847833931395,0.287819887780506,822.588433333333,2312,736
0.663165015713816,2.380527432538,0.479587577331616,823.189033333333,2314,736
0.848220339446941,2.77730561216891,0.285675620178115,823.756266666667,2316,736
-0.865385379095638,4.23725254774434,0.225394380864415,830.162666666667,2324,737
-1.1572926404584,3.79173317528301,0.262416212890856,831.3305,2325,738
0.276830343193643,-0.281166997147383,0.276140968857056,837.7369,2326,739
0.248880660686284,-0.00727787240682343,0.290643376321994,838.304133333333,2327,739
0.258091271411926,0.238013781826283,0.291847267796009,838.904733333333,2328,739
0.251497398772873,0.454697969657785,0.280439034663504,839.471966666667,2329,739
0.240655797910663,0.643256760645894,0.264648044629345,840.0392,2330,739
0.213562664568893,0.881035908964008,0.267773264131177,840.6398,2331,739
0.198902288335879,1.13566685983592,0.300959434888503,841.207033333333,2332,739
0.435650963570312,1.56648508134914,0.225945706499761,842.9421,2333,740
0.546480961202074,1.54991729601454,0.268507803102052,843.5427,2334,740
0.689294526903639,1.51302053699042,0.314962671498244,844.109933333333,2335,740
0.92334565655111,1.45013642104546,0.346487112418689,844.677166666667,2336,740
2.20217257450744,3.1678985459463,0.332563948042303,853.419233333333,2337,741
1.88328468568921,3.15635226742774,0.317327334092375,853.986466666667,2339,741
1.53723314738413,3.13399340961215,0.329547434947451,854.587066666667,2340,741
1.19331046757331,3.0972905168162,0.354030355145419,855.1543,2342,741
0.937394996362739,3.00807215166572,0.355901250238044,855.7549,2345,741
-1.53138441137125,5.03950086749973,0.231452707969282,853.419233333333,2338,742
2.53267391854693,3.59740277048428,0.444353541742829,855.1543,2341,743
2.4526681728918,3.19428665695502,0.428115373148091,855.7549,2344,743
2.346724141946,2.82671712431985,0.396217146621768,856.322133333333,2346,743
2.2616085843506,2.48082103537921,0.370405566770098,856.889366666667,2348,743
2.25993141640371,2.4769237611731,0.369517722957704,856.922733333333,2348,743
2.16842803066562,2.11457295039587,0.376008927847991,857.489966666667,2353,743
-1.24006462683898,4.64257551971229,0.238058480557219,855.1543,2343,744
-1.06775016367111,4.24774186198991,0.207556065204152,856.322133333333,2347,745
-1.00669055355181,4.12267898106073,0.280141182827154,856.889366666667,2350,745
-0.958174273325036,3.96427722601879,0.271229547472262,857.489966666667,2351,745
-0.935262230867666,3.77499049477426,0.215904840182372,858.0572,2354,745
0.392225708765968,2.67021392129716,0.294726645266732,856.889366666667,2349,746
0.0890464441852477,2.53564155881227,0.320697693011611,857.489966666667,2352,746
-1.83126855146646,4.19757572018667,0.0566252162863558,858.624433333333,2355,747
-0.869786736209217,3.27999699215099,0.353136650442901,859.225033333333,2356,748
-0.715122147130327,3.00131356100063,0.354076450495677,859.792266666667,2358,748
-0.597766378493916,2.70704060989356,0.295089691216367,860.392866666667,2359,748
-0.525964033967716,2.52030383652059,0.270888763297785,860.9601,2360,748
-0.398573456293768,2.27145407301286,0.33250903055701,861.527333333333,2361,748
-0.397904989186483,2.26744842635728,0.333447841726721,861.5607,2361,748
-0.307373407782043,1.95753367914217,0.352120285660535,862.127933333333,2362,748
-0.154511431420273,1.66294747455685,0.3074316456401,862.695166666667,2363,748
-0.151836060062356,1.6597453670217,0.306774230106193,862.728533333333,2363,748
0.183414288219441,1.50061521779194,0.33102820007923,863.295766666667,2364,748
0.504291103382598,1.36145077538661,0.391610584340628,863.863,2365,748
0.507462223679065,1.36095969247727,0.392431041216603,863.896366666667,2365,748
0.799676328995071,1.26189110816938,0.461426247047835,864.4636,2367,748
1.10172023380511,1.11697524309702,0.440232724436016,865.0642,2368,748
2.87469646260546,1.53992595254599,0.473804100401417,859.225033333333,2357,749
-0.693677720481916,5.62266797524134,0.365686559849025,864.4636,2366,750
-0.831068701258981,4.90713452013852,0.315646561176168,865.631433333333,2369,751
-0.98449725624537,4.00741944897457,0.366837333519545,866.799266666667,2370,752
-1.00189951620548,3.69675071977762,0.361720685078523,867.3665,2372,752
-0.887697362314517,3.34483728267606,0.358636030972652,867.9671,2374,752
-0.777792925136938,2.92966060134722,0.330484413349714,868.534333333333,2376,752
-0.669934866458266,2.55702134540795,0.286156312398958,869.101566666667,2378,752
-0.669129211385491,2.55361029740643,0.286457587816701,869.134933333333,2378,752
-0.703414322957774,2.3231160768377,0.224348419199804,869.702166666667,2380,752
-0.8116022372719,2.08909774166133,0.26115974872751,870.2694,2381,752
-0.8785769199566,1.80327307257146,0.288933085198213,870.87,2382,752
4.74290725149425,1.46443909185804,0.349526621340407,866.799266666667,2371,753
4.41418040255699,1.64545065088318,0.332255518967992,867.3665,2373,753
4.23776866132375,1.79183788468728,0.371971585096749,867.9671,2375,753
3.98816559020482,1.91648832982285,0.407691070487688,868.534333333333,2377,753
3.73179071744963,2.08118355446174,0.406831326597431,869.134933333333,2379,753
1.86877584536225,-1.77869388106049,0.449004286144348,872.605066666667,2383,754
-1.50437717950991,1.29898845092104,0.217547853317803,886.018466666667,2384,755
-1.3331853363806,1.31316782477038,0.251486962956641,886.5857,2385,755
-0.800140193562657,1.48137087645744,0.216924255160117,887.753533333333,2386,756
-0.567361196247522,1.54161885741379,0.21900085330349,888.354133333333,2387,756
-0.323792546636583,1.49324941855155,0.262510145399125,888.921366666667,2388,756
-0.0791519155219134,1.43991171648435,0.274156872559355,889.4886,2389,756
-0.078764040774856,1.44055615071886,0.274112733701164,889.521966666667,2389,756
0.00949447791900015,1.57712202285542,0.280041967401102,890.0892,2390,756
0.149951046173305,1.70573716753093,0.273042087710811,890.6898,2391,756
0.330382180133379,1.80181651432908,0.272908427577195,891.257033333333,2392,756
2.66444057313371,0.297219603478215,0.444771374897768,894.1933,2393,757
2.58483609021903,0.373306388919219,0.401735130963738,894.760533333333,2394,757
2.46816721519887,0.454511724506377,0.375242659864301,895.361133333333,2396,757
2.28843854159596,0.515990106141205,0.374914879755348,895.928366666667,2397,757
2.06519934659152,0.562559650767322,0.405427964809335,896.528966666667,2400,757
1.82946911457177,0.666163826387454,0.403767788782069,897.0962,2401,757
1.82858416872009,0.667439108182604,0.403747275158938,897.129566666667,2401,757
1.56957253503466,0.732508101572874,0.422505370063331,897.6968,2403,757
1.31545801814432,0.806787214779675,0.426359174403914,898.264033333333,2405,757
1.07170202556958,0.808655683992463,0.390159345212741,898.864633333333,2407,757
0.792995727367411,0.836458111763876,0.378038663444506,899.431866666667,2409,757
-2.09383932796396,3.96546760048266,0.313302911297098,895.361133333333,2395,758
-1.88040292436305,3.99628348131621,0.356441407223441,895.961733333333,2398,758
-1.6979837059244,4.00256270041768,0.360053089744172,896.528966666667,2399,758
-1.19403055667285,3.55910552788465,0.366531643597114,897.6968,2402,759
-1.0222434225546,3.44142261074727,0.328137998813355,898.264033333333,2404,759
-0.78431157414337,3.46305869473248,0.354349557096073,898.864633333333,2406,759
-0.407946708668836,3.35021854313931,0.41499846819355,899.431866666667,2408,759
-0.0198041098045463,3.27085654485847,0.43172047871785,900.032466666667,2410,759
0.301267013322209,3.20175229092182,0.418608439624295,900.5997,2411,759
0.294076825397584,0.719957277577883,0.409310067503696,900.5997,2412,760
3.53786177925339,3.56685907688339,0.54494788702189,921.654066666667,2413,761
2.57800044978605,3.26683080895557,0.375294266745209,922.254666666667,2414,762
3.24330951895636,3.62903970167991,0.521966994694939,922.855266666667,2415,762
2.98566826404421,3.77525242374983,0.531014605233794,923.4225,2416,762
1.76138852012541,3.43365135174653,0.40249831260681,924.0231,2417,763
1.26416974111683,3.71032835694859,0.334756433837181,926.358766666667,2418,764
4.5003242047145,-1.37112372216514,0.825370188564745,928.1272,2419,765
-0.856839219592218,0.571731522487628,0.317670141323616,939.805533333333,2420,766
-0.745588250236067,0.88555822418551,0.301145937993089,940.372766666667,2421,766
-0.451513730330184,1.47133285037895,0.251996162790549,941.5406,2422,767
3.28353170184992,1.14977674783251,0.395926510867676,946.211933333333,2423,768
3.133848286809,1.39261253300863,0.391547262101657,946.779166666667,2424,768
2.95099828135649,1.62145549894986,0.388238906285996,947.379766666667,2425,768
1.72598189088651,3.81282541098414,0.511621452988734,954.987366666667,2426,769
2.2008216173124,3.16477970473165,0.457508415827559,956.722433333333,2427,770
2.30462098340383,2.89056073171104,0.452791138996588,957.323033333333,2428,770
-1.09208008889822,5.22062368502266,0.230457737688702,973.739433333333,2429,771
-0.652716604625417,4.71638332114198,0.248526858650032,974.907266666667,2430,772
-0.562996018539518,4.44425127443104,0.314907601677834,975.507866666667,2431,772
-0.315532597576462,4.06148447888541,0.371893856811232,976.0751,2432,772
-0.029204749752571,3.70032151342422,0.385959949523605,976.6757,2433,772
0.128617851059442,3.39553841825377,0.363877725871663,977.2763,2434,772
0.254417824095742,3.15197863743504,0.248935839472001,977.843533333333,2435,772
0.478722778574,3.12032759422608,0.298946080035195,978.444133333333,2436,772
1.02792548261192,2.97243281160751,0.342352732718012,979.611966666667,2437,773
1.33813299843658,2.90609168135876,0.287897779190359,980.212566666667,2438,773
1.63847472450987,2.762330835544,0.241675693699229,980.813166666667,2439,773
1.90337198169779,2.58865046956913,0.266355722628255,981.3804,2440,773
3.75430864819115,4.34876622160693,0.431584649023116,984.316666666667,2441,774
-2.24028487918375,-2.0383716601111,0.411484681365869,987.252933333333,2442,775
-1.29074191031341,-1.47367387815726,0.398734823396514,988.420766666667,2443,776
-0.971079230824779,-0.984530922382391,0.389114507411681,989.021366666667,2444,776
-0.609785370661937,-0.336098774138618,0.281276858718146,990.1892,2445,777
-0.279046787644598,-0.0484860748249573,0.39876196182094,990.7898,2446,777
0.140232202698768,0.264028517111621,0.510701676848262,991.3904,2447,777
0.892295734466747,0.750412131686298,0.478061485653113,992.524866666667,2448,778
1.29501117938046,0.968841684315999,0.544973165965206,993.125466666667,2449,778
2.99685778395602,3.55654653559859,0.404926671479641,1008.4074,2450,779
2.058683694558,3.47440571809382,0.415335315730488,1011.94426666667,2451,780
1.80992862391966,3.5140031945528,0.468276121377126,1012.54486666667,2453,780
1.5334290060164,3.52080448326076,0.407496326086993,1013.1121,2454,780
1.48949473610525,3.52212143353817,0.439045914438452,1013.7127,2455,780
1.58109522419721,3.56885611153564,0.389882989971408,1014.3133,2456,780
1.68152175442248,3.39661236221225,0.362013703813954,1014.88053333333,2457,780
12.3339996774618,9.09401832516335,7.65843077567145,1012.14446666667,2452,781
12.4391891335327,9.14520781528279,7.71219190990413,1012.17783333333,2452,781
1.44763033687006,3.07681657804836,0.415812428761529,1016.04836666667,2458,782
1.30501005611629,3.02333550308075,0.420401882332447,1016.64896666667,2459,782
1.18285023924806,2.92645388214763,0.456929081721375,1017.24956666667,2460,782
1.06688380332155,2.78666308527738,0.400496812195647,1017.8168,2461,782
1.00362688982933,2.75809293750354,0.381141266061692,1018.4174,2462,782
0.91842700535695,2.658366690296,0.418290447879889,1018.98463333333,2465,782
0.917162405096345,2.65914717041265,0.41878390671302,1019.018,2465,782
-1.29431887431869,-2.81526534661402,0.599750013005323,1018.4174,2463,783
-1.03077124375878,-2.23310557994758,0.569297913391463,1018.98463333333,2466,783
-0.868235585118062,-1.64070631508107,0.488684493823372,1019.58523333333,2467,783
-0.696097366285597,-1.08675454426878,0.487719699145881,1020.18583333333,2469,783
2.86142317586735,-0.265808472060325,0.31869827801208,1018.4174,2464,784
2.76315345388952,0.40888123829971,0.388388641668242,1019.58523333333,2468,785
2.64204899039743,0.665198727329324,0.361758055346698,1020.18583333333,2470,785
2.53235319903925,0.948388972239517,0.339119594460655,1020.75306666667,2472,785
2.5290787889565,0.951677919573516,0.340021609409364,1020.78643333333,2472,785
0.44760404530209,2.44564646836035,0.370165634595061,1020.75306666667,2471,786
0.290766620006101,2.55085798273473,0.394470968385961,1021.35366666667,2473,786
0.108233771255088,2.69439681798466,0.433505472985293,1021.95426666667,2476,786
-0.448997710603573,-0.0727248988296073,0.437937421513743,1021.35366666667,2474,787
-0.443876085470368,0.343938542860112,0.3709032684912,1021.9209,2475,787
-0.445069682975632,0.349738130002703,0.371358827687551,1021.95426666667,2475,787
2.61645563017866,1.43332202597018,0.325292477005763,1021.95426666667,2477,788
2.66854107351346,1.55768350910601,0.455183812583429,1022.5215,2478,788
2.75271564153993,1.66429759556445,0.571009823557947,1023.1221,2480,788
2.72595487748563,1.91477806092024,0.595222672479584,1023.68933333333,2483,788
2.61850565375117,2.31252037839585,0.495755682860207,1024.28993333333,2484,788
2.36164954395983,2.5976817916527,0.43529466376759,1024.89053333333,2485,788
2.21224633139441,2.84044570426455,0.316776780611073,1025.45776666667,2487,788
-1.8845428693555,-0.703041530073371,0.469102580391355,1023.1221,2479,789
7.758722866686,5.34564051535291,9.66269434559556,1023.45576666667,2481,790
-2.87622029181561,-1.14025623836278,0.457419991856877,1023.68933333333,2482,791
-2.20704624719018,-0.377687294866455,0.375085415322407,1024.89053333333,2486,792
1.69747651841733,3.13129538047177,0.378832772683001,1027.2262,2488,793
1.53476858094103,3.27872667748099,0.390838378931033,1027.8268,2489,793
1.21561582122006,3.64047083566944,0.272103636413867,1028.99463333333,2490,794
3.47098425204961,-0.526134901736909,0.844285740533856,1030.76306666667,2491,795
3.23965299124588,-0.334136976718887,0.824230719257901,1031.36366666667,2493,795
3.046788050168,-0.255209109722042,0.695683525828928,1031.9309,2494,795
2.84422765057683,-0.146279872898146,0.61115705607106,1032.5315,2496,795
0.224368485945062,3.78451833546242,0.483120982464076,1031.3303,2492,796
-0.337311105078272,3.77190300674084,0.336469425047484,1032.49813333333,2495,797
-0.525911110243828,3.81643946562508,0.303072535249781,1033.09873333333,2497,797
2.55507877523036,-0.170741951122624,0.566636165532496,1033.69933333333,2498,798
-0.746740950877674,3.60030327301528,0.208651261184119,1034.26656666667,2499,799
-0.781169826900011,3.3831995369226,0.196084511362644,1034.86716666667,2500,799
-0.825014053731984,3.15269706206821,0.273827133637557,1035.4344,2502,799
-0.838748736224571,2.92025622382537,0.363816482943542,1036.035,2503,799
-0.784399881135879,2.71267306671342,0.525149305377901,1036.6356,2504,799
-0.69103287075508,2.6721936026443,0.491318026392071,1037.2362,2505,799
-0.848112400053273,2.5432581334216,0.426948651447899,1037.80343333333,2506,799
2.35265604234922,-0.554598293001808,0.435902890636337,1034.86716666667,2501,800
4.29457176591121,0.745158725955804,0.723680219315114,1059.058,2507,801
4.36521868641041,1.02691105571132,0.790973972111183,1059.6586,2508,801
1.10178956034065,2.96667592495583,0.298628255389427,1072.70496666667,2509,802
1.0782565819559,2.97805867419726,0.318563189703116,1073.30556666667,2510,802
0.515508707619151,2.45102963373661,0.349191884101359,1076.20846666667,2511,803
0.387399070335224,2.33330043903262,0.311343037761612,1076.80906666667,2512,803
0.197284691072361,2.28045859931855,0.37917853314861,1077.40966666667,2513,803
10.4662328097654,-1.10012224230283,5.83677792284194,1082.64823333333,2514,804
10.4678035233537,-1.10747672084512,5.84317386286079,1082.6816,2514,804
2.98774838902955,3.69575230536072,0.348624626174411,1088.9879,2515,805
2.03983166459729,0.150709791183355,0.356020265959392,1088.9879,2516,806
2.38669399425571,1.83709116623429,0.436188354465358,1089.5885,2517,807
2.38466596744315,1.83657224519235,0.435792041409069,1090.1891,2518,807
2.18894140628269,0.619079256240558,0.309671274567972,1090.75633333333,2519,808
2.21119311771784,0.69143950435226,0.358881801505062,1091.35693333333,2520,808
2.28033652778816,0.901891500314536,0.406164244227989,1091.95753333333,2521,808
-1.63597005862769,5.71192239070032,0.701417679592598,1097.2962,2522,809
-1.69481674687815,5.31166895093845,0.71254740144942,1097.8968,2523,809
-1.78230081593603,5.08332580386387,0.560327741199532,1098.4974,2525,809
-0.214998899735609,3.26127597974955,0.279102284010124,1098.46403333333,2524,810
-0.224446244466535,3.11416205892557,0.240263396830248,1099.06463333333,2526,810
-0.236064579449441,2.94694348485221,0.219492156634983,1099.66523333333,2527,810
-0.303296392462853,2.81021513067429,0.255175315059367,1100.26583333333,2530,810
-0.217116525694019,2.69060021509807,0.303876456184721,1100.86643333333,2533,810
-0.05615437024795,2.50421990115249,0.340113376995071,1101.43366666667,2534,810
0.126075926835707,2.27784645160035,0.30761316123431,1102.03426666667,2536,810
0.309362622590804,2.23576332504115,0.258645123346521,1102.63486666667,2538,810
0.489975171923993,2.20408965334952,0.280755580544804,1103.2021,2540,810
0.571618607198226,2.35801928935178,0.434028329918653,1103.23546666667,2540,810
0.635257613635655,2.37226789119937,0.453765411292115,1103.8027,2541,810
0.796826870307692,2.1006054537366,0.35647178190893,1104.4033,2544,810
1.01043573921455,1.9730615727364,0.326411720161577,1104.97053333333,2546,810
5.13385588728751,0.923252166316181,0.999173981087445,1099.66523333333,2528,811
-1.62534267212686,4.61983492490348,0.511450398640948,1100.26583333333,2529,812
-1.61902699548657,4.48003876959837,0.541435415762957,1100.86643333333,2532,812
4.92360370388683,1.20883750940445,0.891814924357188,1100.83306666667,2531,813
4.73800673393139,1.29942144517519,0.806373455875341,1101.43366666667,2535,813
4.56733314045157,1.33127204714504,0.74495467872557,1102.03426666667,2537,813
4.40799164985728,1.5208098080802,0.64061722264614,1102.63486666667,2539,813
3.98206114347158,1.53668979753983,0.634326983189161,1103.8027,2542,814
2.38218150261808,3.12122744384554,0.282390478902647,1104.36993333333,2543,815
2.16031964424093,3.09966678033301,0.266948067350929,1104.97053333333,2545,815
1.78243136907949,2.97544849623989,0.198823717392644,1105.57113333333,2547,815
3.3535166062485,1.31050931163027,0.576826362024826,1105.57113333333,2548,816
3.11164205595321,1.19213718307297,0.631240762650107,1106.17173333333,2550,816
3.3246977355364,3.90570044655492,-0.189471358610574,1106.13836666667,2549,817
1.51782175812712,3.00527247524959,0.276564190743458,1106.73896666667,2551,818
2.6952206880712,1.07950803926752,0.664025067254916,1107.33956666667,2552,819
2.58066482937636,0.919316764365965,0.728824874299482,1107.94016666667,2553,819
2.4599752139637,0.723560159463779,0.73624800028526,1108.5074,2554,819
2.28526163507604,0.461282191580678,0.711314089333656,1109.108,2555,819
3.26518600233497,-0.0145414281385287,0.571955362528335,1109.108,2556,820
2.89959457766627,-0.167199942990787,0.437307671217704,1110.27583333333,2557,821
2.87162217600196,-0.025089738090444,0.431145922053243,1110.84306666667,2558,821
2.73358350239196,0.159853752086539,0.454350523071868,1111.44366666667,2559,821
2.30644529660582,0.49672155648615,0.555056731030261,1112.64486666667,2560,822
2.32070313803416,0.764665511306697,0.577277494962062,1113.24546666667,2561,822
2.36302125121515,1.1044914211364,0.549756246137899,1113.84606666667,2562,822
2.36771499374936,1.41844718282289,0.509479530840898,1114.44666666667,2563,822
2.34949261118608,1.6666860808012,0.493230114710705,1115.0139,2564,822
2.39629981731103,1.85409995969831,0.496691729705093,1115.6145,2566,822
2.37805891420676,1.98288971788674,0.498305275147787,1116.2151,2568,822
2.2314035734305,2.12731448757198,0.489657405661605,1116.8157,2570,822
1.93469052859915,2.27031632461532,0.488977112840181,1117.38293333333,2571,822
1.93199556522509,2.27139795419072,0.489246799434339,1117.4163,2571,822
1.58924730837288,2.30099836538014,0.493727192087076,1117.98353333333,2574,822
1.27364683209575,2.28111198594046,0.479131296814529,1118.58413333333,2576,822
0.89100957324099,2.2619271170977,0.442696627282299,1119.15136666667,2577,822
3.44366696644315,-0.174429762868961,0.649717783097616,1115.6145,2565,823
3.30146234676653,-0.0751203963352488,0.646678523246274,1116.2151,2567,823
3.15899993134723,0.0866289502656105,0.511280791025219,1116.8157,2569,823
2.99980069137567,0.197738087475037,0.488610597646544,1117.4163,2573,823
2.81225655693172,5.24462159720159,0.378149653212833,1117.4163,2572,824
2.77599254692477,0.499531600944811,0.409185012862339,1118.58413333333,2575,825
2.66704225228717,0.674046847723062,0.360499935915274,1119.18473333333,2579,825
2.58915741815088,0.850308317323914,0.316272699087063,1119.78533333333,2581,825
2.88225324712752,4.31333718218527,0.503449091011987,1119.18473333333,2578,826
2.80897003902084,3.98238906262316,0.487196371488416,1119.78533333333,2580,826
2.96295817630467,3.74823378921153,0.442148480007326,1120.38593333333,2583,826
3.0638061357575,3.55567493372566,0.38920531842401,1120.95316666667,2584,826
0.32664480311791,2.08901585606008,0.411073630774779,1120.35256666667,2582,827
0.201338391909803,1.93920834036187,0.41315063807914,1120.95316666667,2585,827
0.0167362951074643,1.72127496486948,0.389724966834177,1121.5204,2586,827
-0.0912882374276887,1.50532052804999,0.368116615966337,1122.121,2587,827
2.54787083874132,-2.14687017813726,0.404700418645541,1125.69123333333,2588,828
2.21042973291096,-1.22501020359212,0.513839741539466,1127.45966666667,2589,829
2.05816386212219,-0.919097391491051,0.511420837732103,1128.06026666667,2590,829
1.93910937530201,-0.670319818013934,0.480991521535379,1128.66086666667,2591,829
1.87317422351544,-0.34267227697082,0.465631130370247,1129.2281,2592,829
1.85256480902721,0.0917383664949017,0.473515196591622,1129.8287,2593,829
1.93807924798253,0.398242731037924,0.524292352749307,1130.4293,2594,829
2.01445339675833,0.760696907173636,0.517279273599613,1131.0299,2595,829
2.08905802035544,1.06371868803969,0.478022744979866,1131.59713333333,2596,829
1.17018139137271,-6.87526343148871,5.96204635916919,1131.8307,2597,830
1.16011544848977,-6.84948239700639,5.9385980763717,1131.86406666667,2597,830
-2.7307385545511,-0.222733380866155,0.382296050559622,1134.56676666667,2598,831
-1.78486066675954,0.56878039937198,0.311221757060907,1138.10363333333,2599,832
-1.69519667174013,0.777944894005443,0.303880753623667,1138.70423333333,2600,832
-1.30032619585047,1.43864985785831,0.30040175850731,1140.47266666667,2601,833
-1.14321114376863,1.63619002570606,0.286985467266041,1141.07326666667,2602,833
-0.921126272012877,1.75715749487749,0.330091672455237,1141.67386666667,2603,833
-0.652906170938232,1.84705498836553,0.354274517296851,1142.2411,2605,833
-0.356171675914929,1.88154299728381,0.31369294886245,1142.8417,2607,833
-0.118075256134013,1.86206008401031,0.333270386243481,1143.4423,2609,833
0.0893583701812907,1.75794114331179,0.389788040023689,1144.00953333333,2610,833
0.092159022911757,1.7561499076253,0.390233690610755,1144.0429,2610,833
0.385374636625678,1.64087088306172,0.400331404464479,1144.61013333333,2612,833
0.388701534883276,1.63909534406282,0.400545785301511,1144.6435,2612,833
0.586263200274578,0.754535466057263,0.413108453111388,1145.21073333333,2613,833
0.75628423536462,1.47476485420689,0.41590658804277,1145.81133333333,2614,833
1.95720706658532,3.60119048414001,0.271398536148179,1142.2411,2604,834
1.97325947595749,3.35624709327362,0.327130658775832,1142.8417,2606,834
1.96750898106275,3.14140904197474,0.343566240445371,1143.4423,2608,834
2.09751039812444,2.86499921689614,0.351118299567914,1144.61013333333,2611,835
-3.28432246761572,1.23151727997465,0.380639914328237,1149.9488,2615,836
-3.08240786727057,1.14315681556429,0.380337375171902,1150.5494,2616,836
-2.78244659664168,1.01999382332232,0.385076929125172,1151.15,2617,836
-2.43052913440674,1.02086979263545,0.375097442020336,1151.7506,2618,836
-2.13702802543971,1.02050817425191,0.382596702003043,1152.3512,2619,836
-1.97722721305491,1.06968910981368,0.310011734771958,1152.9518,2620,836
-1.86557903439767,1.62599992380672,0.216072884871011,1154.11963333333,2621,837
-1.81743963805554,1.86067826383901,0.272560207575769,1154.72023333333,2622,837
-1.50400068844008,2.12503930214051,0.366323056876294,1155.88806666667,2623,838
-1.31297517818089,2.11622296528294,0.382885946853546,1156.48866666667,2624,838
-1.05821394030689,2.02277406938131,0.374245523220954,1157.08926666667,2625,838
-0.780067948699694,1.79978423064342,0.392054969087559,1157.68986666667,2626,838
-0.483428874349012,1.59559236419759,0.4277002719319,1158.29046666667,2627,838
-0.199527055063548,1.48496558486421,0.474144322387727,1158.8577,2628,838
-0.195475045446127,1.48488037777727,0.474236083329933,1158.89106666667,2628,838
0.0974491969855764,1.35794916997671,0.439566743083313,1159.4583,2629,838
0.103603921191982,1.35459172969643,0.439164899031463,1159.49166666667,2629,838
0.291807226853332,1.23335646521678,0.505898148004558,1160.0589,2630,838
2.79433921977555,0.518576842867444,0.856990823401468,1161.2601,2631,839
2.69234880464013,0.540069303636915,0.825543059025035,1161.82733333333,2632,839
2.79097471511009,4.95288070701856,0.383904528941541,1171.90406666667,2633,840
2.3503174831096,3.02683080112182,0.320601168672269,1176.60876666667,2634,841
2.37400632097308,2.85003426037494,0.383182231369988,1177.20936666667,2635,841
2.39887734360638,2.71651925423836,0.387186145098713,1177.80996666667,2636,841
2.39364239272796,2.51485547249163,0.365736948754873,1178.9778,2637,842
2.34932558374904,2.41926069663947,0.412899801500486,1179.5784,2638,842
2.25402359418513,2.31639468174288,0.444029292859748,1180.179,2639,842
2.15260060552411,2.19857664877532,0.467256064857649,1180.7796,2640,842
2.06879363111945,2.05673033678908,0.460918817223413,1181.34683333333,2641,842
1.99560652126881,1.91129269035694,0.478084708804889,1181.94743333333,2643,842
1.86669845794559,1.77946757747869,0.525300341260164,1182.54803333333,2644,842
1.78735724579725,1.62184611585449,0.523433368464171,1183.14863333333,2645,842
2.26106989444734,2.14470432684455,15.1252378859547,1181.81396666667,2642,843
-2.66979175789335,-1.86248220114094,0.29591590218582,1184.31646666667,2646,844
-2.5863558088243,-1.48034902973556,0.313587455090105,1184.91706666667,2647,844
1.621303560741,0.941412823691893,0.390013584702791,1186.0849,2648,845
1.42680495417801,0.971595458333573,0.324208927131296,1186.6855,2649,845
1.21790625529727,1.04373315394409,0.277744216337775,1187.2861,2650,845
1.06078180553492,1.00950109751859,0.351325412078783,1187.8867,2651,845
0.883145124041454,0.946856748820495,0.425129231579979,1188.4873,2652,845
0.658952001247342,2.25964019362557,0.28120306951365,1189.0879,2653,846
0.380575020375836,1.09328947747727,0.400452914292218,1189.65513333333,2654,847
0.218773024548373,1.3477296002815,0.368917722889066,1190.25573333333,2655,847
5.00283825509373,1.38379144833183,0.490884306261092,1211.04316666667,2656,848
4.33796899676361,1.28131095660038,0.531297557804923,1212.24436666667,2657,849
4.06384937074622,1.24491976589545,0.545048634853416,1212.84496666667,2658,849
3.73325822978565,1.25796075338711,0.550273383823419,1213.44556666667,2659,849
3.44451695504525,1.1248123664471,0.541539811900385,1214.04616666667,2660,849
-2.6356938796119,0.411835029397584,0.303762806972544,1220.58603333333,2661,850
-2.5009943638589,0.434940824147518,0.307280956803437,1221.18663333333,2662,850
-2.30204637162972,0.459809491222688,0.317457563683657,1221.78723333333,2663,850
-2.12189814605179,0.479671051647848,0.35635626833107,1222.38783333333,2664,850
-1.88536322372888,0.453940173883757,0.418645823455823,1222.95506666667,2665,850
-1.30788049004443,0.379054579574818,0.352942230161709,1224.15626666667,2666,851
-1.12423100036324,0.271330544542525,0.405817106198385,1224.75686666667,2667,851
-0.868747230616522,0.207725534168459,0.405271921861213,1225.35746666667,2668,851
-0.745938147984178,0.229620786053717,0.354054796299758,1225.9247,2669,851
-0.745986762080861,0.229586042202815,0.352702050515162,1225.95806666667,2669,851
-0.609400662814953,0.303001083834426,0.269881950910068,1226.5253,2670,851
-0.540172961766855,0.274090840401102,0.310917862644518,1227.1259,2671,851
-0.416069386516765,0.199488023608082,0.376550806603919,1227.7265,2672,851
-0.223124860613792,0.0979713297421807,0.379615365122301,1228.3271,2673,851
-0.0677631430499681,0.158489702613078,0.386285200712293,1228.9277,2674,851
-0.0468403552390279,0.306719951859427,0.295030301787716,1229.5283,2675,851
-0.112905455502409,0.534597346354861,0.311154829558702,1230.09553333333,2676,851
-0.185527015225675,0.786370707939482,0.325110261498352,1230.69613333333,2677,851
-0.185039748765888,0.79051172292078,0.325761237015836,1230.7295,2677,851
-0.172883192529006,1.04721400954913,0.361974544296015,1231.29673333333,2678,851
-0.170836526114703,1.05116308108878,0.362835775821976,1231.3301,2678,851
-0.168769488839825,1.33783048939225,0.381253947491665,1231.89733333333,2679,851
-0.15552504345638,1.59602119987863,0.364588808540653,1232.49793333333,2680,851
1.06916351295489,3.25711392068681,0.480846655549719,1233.66576666667,2681,852
1.00751992107148,2.8283316304463,0.460102530766642,1234.86696666667,2682,853
1.01447161678515,2.58177600607325,0.368030816334752,1235.46756666667,2683,853
0.991968773261249,2.26102022975156,0.351616215411549,1236.0348,2684,853
0.829200950482645,2.33953472647954,0.477877177274099,1236.06816666667,2684,853
0.943506460401805,1.93962802862718,0.385573058919104,1236.6354,2685,853
3.25814529850074,2.9465042825028,0.283470733853312,1246.81223333333,2686,854
3.09764863438246,2.88233911910133,0.298093571685695,1247.41283333333,2687,854
1.5205689074697,3.6398461413736,0.420112519230649,1247.41283333333,2688,855
1.48921484070456,3.20772625010037,0.384071218947361,1248.01343333333,2689,855
1.4191124170692,2.79697682622545,0.329451990895681,1248.61403333333,2691,855
2.81860771440632,2.69157304366187,0.306348981353804,1248.61403333333,2690,856
2.69884896823326,2.49174817875788,0.32897947260569,1249.21463333333,2692,856
1.18741312733035,2.0611722607011,0.32866230078304,1249.81523333333,2693,857
-2.46744579851691,6.93725713388898,0.497780663003371,1264.73013333333,2694,858
-1.92449748023649,0.151285844869634,0.256931193469139,1276.04143333333,2695,859
-0.895635914014786,-0.488371736216533,0.274586481597214,1277.80986666667,2696,860
4.24116184386457,1.56039084020102,0.33401055600622,1285.5843,2697,861
17.4254807962722,-1.7444053448157,-0.590646587941069,1286.15153333333,2698,862
2.59260824298096,0.374069582573323,0.39127475651242,1286.75213333333,2699,863
2.4538837570166,0.53223193250365,0.387969589942828,1287.35273333333,2700,863
2.27984602130197,0.700082005619593,0.436400418988184,1287.95333333333,2701,863
2.05581921681058,0.833527026124792,0.468663198829525,1288.55393333333,2703,863
1.81340914297394,0.865450548319014,0.490510406478774,1289.12116666667,2704,863
1.811864744794,0.864859488340053,0.490882972399663,1289.15453333333,2704,863
1.5061300532679,0.726087697502957,0.543507708878338,1289.72176666667,2705,863
1.27571558975053,0.66644585385242,0.496446320955962,1290.32236666667,2707,863
1.07761794724668,0.717173567962821,0.480370182485578,1290.92296666667,2708,863
0.953430032763705,0.900715532784303,0.363463815927148,1291.52356666667,2709,863
0.740475550133189,1.02734848286638,0.328232496911296,1292.12416666667,2710,863
3.40181441973189,1.73024621212174,0.320391681249373,1287.95333333333,2702,864
2.55197322292981,2.16469175895882,0.296926041520204,1289.72176666667,2706,865
2.08186151964097,3.02226856088658,0.351939870726238,1293.32536666667,2711,866
1.84187492169921,3.02737003331418,0.354227952747204,1293.92596666667,2712,866
1.63687399509505,2.89770103450587,0.373842511980263,1294.4932,2713,866
1.35556560052801,2.71587731285191,0.3371363018698,1295.0938,2714,866
0.959120922429267,2.64436335817175,0.275342613241702,1295.6944,2715,866
-0.48782200122158,-0.877815359013011,0.36123807780257,1295.6944,2716,867
-0.844162049236847,-0.606992358037341,0.379676413671629,1296.8956,2717,868
-0.796583526934677,-0.495687096776421,0.338603604861411,1297.4962,2718,868
-0.431359176695257,-0.147337374818756,0.26208792197816,1298.66403333333,2719,869
-0.201762620657689,0.0594469428928738,0.302334350582963,1299.26463333333,2720,869
0.0832694923514261,0.266400720046835,0.3367456889373,1299.86523333333,2721,869
0.268338804245147,0.485646774601489,0.360342718444951,1300.46583333333,2722,869
0.402637527474274,0.669996364047114,0.385215304658106,1301.06643333333,2723,869
0.483933639376606,0.831543289255412,0.39335398711895,1301.63366666667,2724,869
0.682693835512311,1.28059010031577,0.45351528628176,1302.83486666667,2725,870
1.79214656390218,3.20230889521474,0.356724736888043,1311.14316666667,2726,871
1.52997667744763,3.1664464959513,0.362797232142818,1311.74376666667,2727,871
1.12048258956437,2.97664814622381,0.502915176972816,1312.94496666667,2728,872
1.02941416475076,0.307179212760872,0.41121926568593,1327.85986666667,2729,873
1.23344912975658,0.442955023404355,0.389282958721571,1328.4271,2730,873
0.136296033546975,0.376360015546296,0.293192261433453,1329.0277,2731,874
1.64632180010443,0.665852045309356,0.378400763304503,1329.6283,2732,875
1.82128713753763,0.79320214198884,0.436662417399507,1330.2289,2733,875
2.01473456230324,0.912831633572757,0.495423871298407,1330.8295,2735,875
0.575539060996792,1.29335529375286,0.259448540226232,1330.79613333333,2734,876
-0.91857208755246,0.399219679983045,0.362108497126506,1351.0497,2736,877
-0.73439679734516,0.661183751025365,0.446635504373258,1352.2509,2737,878
-0.974028396453024,0.621467757197565,0.400377867101594,1354.4531,2738,879
3.92828182282223,1.13274107335823,0.469656721635466,1366.4651,2739,880
2.12368277254218,-0.0259344879895885,0.392774747433599,1380.11206666667,2740,881
2.11199229247636,0.149416406323651,0.371987361720657,1380.71266666667,2741,881
2.08813043475918,0.576145037719084,0.348202856189955,1381.8805,2742,882
1.97539253141286,0.749137259383187,0.337331616603007,1382.4811,2743,882
1.61163216378104,1.06441138361615,0.382874721193923,1383.6823,2744,883
1.42674982604829,1.2461797599161,0.430911969240588,1384.24953333333,2746,883
1.42389342371474,1.24833223468065,0.432065193016774,1384.2829,2746,883
1.30976160571316,1.44143195080877,0.454825438047825,1384.85013333333,2747,883
1.24073663215573,1.67289774994692,0.45611946805129,1385.45073333333,2749,883
2.48996518856447,0.319648811736539,0.465404306897011,1383.6823,2745,884
2.52188623051733,0.189383595155334,0.408600671609957,1384.85013333333,2748,885
1.96600085866607,1.00469513474487,0.303584501997605,1393.7924,2750,886
1.6877876618083,1.01516739695185,0.34201279768331,1394.393,2751,886
1.38797541591891,1.12088228590513,0.376744286903118,1394.9936,2752,886
1.15561079900901,1.23098702095689,0.397905394463153,1395.56083333333,2753,886
-0.770844781272789,0.522897779840864,0.309449317594923,1397.92986666667,2754,887
-1.31438553416955,0.891455297923078,0.356426615847714,1401.46673333333,2755,888
1.65369539943159,0.401109096582233,0.322953880431571,1405.53746666667,2756,889
-1.75760344368543,1.9518424780997,0.417346633060949,1407.9065,2757,890
-1.57759055672772,1.86765535442637,0.419301447050108,1408.5071,2758,890
-1.2855000734341,1.92172144783529,0.411523069086011,1409.1077,2759,890
-1.07317185423008,1.93229641726335,0.352243117130724,1409.7083,2760,890
-0.899188024914461,2.02235797736286,0.276068217162324,1410.27553333333,2761,890
-0.6727951783705,2.17134532364138,0.31009031405379,1410.87613333333,2763,890
-0.454238533762117,2.29267174443924,0.36285077522702,1411.47673333333,2765,890
-0.24012658407968,2.35524063994684,0.41527305470454,1412.07733333333,2766,890
0.0187354664814338,2.45722002983405,0.426836618487733,1412.67793333333,2767,890
1.02847638233434,0.569739079965679,0.330491996361718,1410.3089,2762,891
-4.59967652041982,-3.36292553133307,0.703608848592853,1410.9095,2764,892
2.98360791560674,3.14665975410246,0.493215292850643,1419.78503333333,2768,893
3.52449178295044,2.2701713627376,0.446060382917002,1421.55346666667,2769,894
3.52857645885937,1.8809740037122,0.435460474998408,1422.15406666667,2770,894
3.44312430439263,1.47771420234354,0.502670501178226,1422.75466666667,2771,894
2.91888151835584,1.09607299740526,0.549013101003021,1423.9225,2772,895
2.91727325277347,1.09453953564043,0.549052227022509,1423.95586666667,2772,895
2.54575764619165,0.924087383393761,0.571733808526517,1424.55646666667,2773,895
2.27250693509222,0.719246947754677,0.614656628316687,1425.15706666667,2774,895
2.03211159757352,0.464326330606039,0.605590524029182,1425.75766666667,2775,895
1.88525242633026,0.202668120137317,0.546664503911933,1426.3249,2776,895
1.73862373368184,-0.14141878509326,0.496575041772649,1426.9255,2777,895
1.53011293178273,-0.431507531596623,0.439297045252972,1427.5261,2778,895
-1.7189228954566,4.05778458884216,0.274641518041897,1432.26416666667,2779,896
-0.422396650906555,2.95717661658744,0.276343898450487,1436.435,2780,897
-0.255187149715473,2.71949010795172,0.221116070425902,1437.0356,2781,897
-0.0694497076268058,2.45852494830453,0.267951894384251,1437.6362,2782,897
0.189594850132032,2.16563993893045,0.295848330054273,1438.2368,2783,897
0.497063946169851,1.88292093613454,0.337334619418235,1438.8374,2784,897
0.747485499504646,1.70098335986603,0.339623891775283,1439.40463333333,2785,897
-0.679150411571739,-15.2932600283318,11.4634597724323,1461.3599,2786,898
0.465888105377772,-14.7639275045352,11.0491694254141,1463.29516666667,2787,899
1.31760319445401,-0.315292461726017,0.332891190170785,1469.83503333333,2788,900
1.3270508703763,0.219427196252613,0.286556431295704,1471.60346666667,2789,901
1.36042892217301,0.605299144936128,0.333765290960314,1472.80466666667,2790,902
1.34465163592708,0.973291520307665,0.362182728027386,1473.9725,2791,903
0.75751632593296,2.03507535744324,0.365081596374212,1479.34453333333,2792,904
6.1954616576767,-0.794591664187167,0.975690428734479,1481.1797,2793,905
4.12733220489872,-0.825126059971655,1.13170023220461,1483.54873333333,2794,906
3.79341245164932,-1.20893818609363,1.03179896206111,1484.74993333333,2795,907
1.96221662612217,3.44970149236762,0.276287905575969,1485.91776666667,2796,908
1.88600685915145,3.08827068519618,0.257424684388834,1486.51836666667,2797,908
1.76350121629984,2.80095986684946,0.288618434393586,1487.11896666667,2798,908
1.64084214878574,2.56230206682344,0.381067499919812,1487.6862,2799,908
1.51451447821027,2.29383479516262,0.448038025034894,1488.2868,2800,908
1.36818592788795,2.03366771205533,0.398452434049085,1488.8874,2801,908
1.20459412421978,1.83090680751901,0.385299400536247,1489.45463333333,2802,908
1.20126467537721,1.82872152437888,0.384638898760085,1489.488,2802,908
1.06092269538998,1.57712193196485,0.372454532732222,1490.05523333333,2803,908
1.05948404273863,1.57613784463052,0.372676533662433,1490.0886,2803,908
0.85330416273285,1.33972035413381,0.39206522768872,1490.65583333333,2804,908
2.09775496939443,3.89843858002083,0.499187286243946,1502.56773333333,2805,909
1.93817583648682,3.5857383963059,0.477238539250235,1503.16833333333,2806,909
1.84403138800037,3.19696490080733,0.409582946728665,1503.76893333333,2808,909
1.7653671201259,2.85339999908134,0.371150404683875,1504.33616666667,2809,909
1.7639374192203,2.84925913240144,0.370735933742471,1504.36953333333,2809,909
1.71637820077806,2.5197269345613,0.371403368195631,1504.93676666667,2810,909
1.65029930031196,2.20259369365188,0.370935130692571,1505.53736666667,2811,909
3.44866122022884,5.93629294803196,2.60638328916053,1503.16833333333,2807,910
2.49697266593275,1.08120757665741,0.399140917148446,1511.47663333333,2812,911
2.19501264627091,1.06333748125587,0.430508165362156,1512.07723333333,2813,911
1.81615260240671,1.03998928244349,0.428887586843645,1512.67783333333,2815,911
1.40147340491662,1.07561925931192,0.388796811143937,1513.27843333333,2816,911
1.04359795864027,1.11697999402744,0.37182682605241,1513.84566666667,2817,911
1.03999368839033,1.11755852657592,0.371552756423807,1513.87903333333,2817,911
0.697338085090796,1.24578703429743,0.373260247426303,1514.44626666667,2819,911
-2.37115488360719,6.40761492102413,1.21530755625001,1512.67783333333,2814,912
-1.49434674730514,5.96398467707913,1.04381043991196,1513.87903333333,2818,913
-0.225571595315436,5.40468236261011,0.626078775958522,1515.64746666667,2820,914
2.95696691068223,-1.03954350143326,1.13490761749937,1516.24806666667,2821,915
2.90667610703927,-0.666183810364385,1.05779228302092,1516.84866666667,2822,915
2.91070240892928,-0.304383821082449,1.00330723138273,1517.44926666667,2823,915
2.88335853257684,0.0359774013827689,0.956907737160617,1518.04986666667,2824,915
2.98613370598699,0.239384756624975,0.917913035884327,1518.6171,2825,915
3.16479930807926,0.721268273128214,0.785657151356362,1519.8183,2826,916
3.19168049877725,0.953282495467571,0.779034995196192,1520.4189,2828,916
3.30624771236956,1.24190917500589,0.691498301882629,1521.0195,2830,916
1.44021550401888,3.86349615748569,0.923523388243591,1520.4189,2827,917
1.76697390566207,3.6798361755732,1.05286830106204,1521.0195,2829,917
2.05594772934204,3.53331534493795,1.19759149444251,1521.6201,2831,917
3.3790990969616,1.84004751396226,0.728742687222411,1522.2207,2832,918
3.25087377787266,2.13456695590649,0.758782334311722,1522.8213,2833,918
3.01081248448489,2.40629353995471,0.803164823512324,1523.4219,2834,918
-1.82648214298836,1.61282543632662,0.399322632225042,1530.529,2835,919
-1.61122298348857,1.95255591477757,0.419380426719979,1531.1296,2837,919
2.0222264959768,4.06575563680081,0.381788682887619,1531.1296,2836,920
1.87874606716578,3.5899105836639,0.418729566807548,1531.7302,2838,920
1.84579619364011,3.05498755953317,0.407128625709822,1532.3308,2839,920
1.82440088421497,2.59040998695821,0.419147708034281,1532.9314,2840,920
1.86708951976928,2.18095793968643,0.390987967082067,1533.532,2841,920
1.82169449863725,1.8726191538361,0.431241986636777,1534.1326,2842,920
-0.307024776140168,-0.0184656021057946,0.308343285152377,1541.87366666667,2843,921
0.00818838320715887,0.469470220616692,0.34082777429919,1543.07486666667,2844,922
0.0751928780805033,0.713318837385521,0.333527984946911,1543.67546666667,2845,922
4.41980362917607,4.02784842725315,1.18880751526279,1556.22133333333,2846,923
4.19461298841181,4.28366307654202,0.998206162504798,1556.78856666667,2847,923
3.90580848991081,4.43227615097234,0.908420536775987,1557.38916666667,2848,923
3.52589001390564,4.47027532694915,0.853934501473078,1557.98976666667,2849,923
3.12228407825616,4.39702206515335,0.813710962596775,1558.59036666667,2850,923
2.78004237903113,4.25736172682886,0.797651163832332,1559.19096666667,2851,923
2.35771165522922,4.22130757928737,0.776520884591026,1559.79156666667,2852,923
1.89826646388074,4.29060262193168,0.684421233342909,1560.39216666667,2853,923
1.51369610575353,4.3382390743364,0.680144263879501,1560.99276666667,2854,923
2.21124698017367,-0.434556910622285,0.474052482480062,1561.56,2855,924
2.20769211660435,-0.22274196859842,0.52447034883994,1562.1606,2856,924
1.86259799141177,0.268586637368901,0.545556753196819,1563.3618,2857,925
1.64017610474782,0.51713179417389,0.579191230851526,1563.9624,2858,925
1.45839398549812,0.650825066288254,0.560678096878381,1564.563,2859,925
1.16056077645886,0.850575768870878,0.45176995672477,1565.13023333333,2860,925
1.15706497706429,0.855217556340064,0.450868409875862,1565.1636,2860,925
0.917947137217987,1.03117857548402,0.400219735495084,1565.73083333333,2861,925
0.914726650708891,1.03343954925318,0.400699180977153,1565.7642,2861,925
0.747162786844592,1.19192507445718,0.441213263803133,1566.33143333333,2862,925
0.745651686954997,1.1937062345888,0.442278195971131,1566.3648,2862,925
0.574895237196143,1.44847960179151,0.456705961393083,1566.93203333333,2863,925
0.308385043815811,1.59851209032205,0.434926152846028,1567.53263333333,2864,925
1.03396571997744,0.292208492306641,0.403526369727897,1582.4809,2865,926
1.33774243069045,0.329817308139356,0.430118760728728,1583.0815,2866,926
1.65366693498029,0.352173961584896,0.447092971283742,1583.6821,2867,926
3.35725783221856,-0.0138288599699909,0.649742130896961,1588.4869,2868,927
3.39805462349664,0.606868358975604,0.570080027632579,1590.85593333333,2869,928
3.18661881285769,1.70627838005578,0.427454617116984,1595.62736666667,2870,929
3.02055054967109,1.82832741096237,0.471676900236604,1596.1946,2871,929
3.01452942059869,1.82928531628451,0.473549058966549,1596.22796666667,2871,929
2.8347308827352,1.91716302347806,0.500642712406405,1596.82856666667,2872,929
2.67538744557477,1.9453611544253,0.553389725000647,1597.3958,2873,929
2.67120339030333,1.94745996572552,0.553749579273386,1597.42916666667,2873,929
2.54191974620679,1.96529341919169,0.50834211424392,1598.02976666667,2876,929
2.92700996622629,7.70993307577402,2.13945842161952,1597.42916666667,2874,930
-0.973949716552877,4.85577477665587,0.421335225205882,1597.42916666667,2875,931
2.63478515204485,2.0231112959454,0.496496393629779,1599.7982,2877,932
2.5070568601934,2.20458988802318,0.501095680049246,1600.9994,2878,933
2.21882979088496,2.47345304458528,0.362897184192682,1602.8012,2879,934
2.14390659617851,2.56170074111903,0.376957124775072,1603.4018,2880,934
10.4338025830869,-3.21030570793268,7.13052317804601,1603.86893333333,2881,935
9.91025042912169,-1.37876952462024,6.20796844065104,1608.13986666667,2882,936
9.92562144856413,-1.37408778658514,6.22283303512045,1608.17323333333,2882,936
-1.43998047229456,0.891245126491116,0.354703506337896,1610.57563333333,2883,937
0.466937973068854,4.67120329980263,1.85467977533553,1614.17923333333,2884,938
1.87694703597306,3.73442743566926,1.4014668680541,1615.34706666667,2885,939
1.88405807591395,3.71981414748075,1.39710424573313,1615.38043333333,2885,939
2.68226081668124,3.22958321895378,1.26706047120752,1615.94766666667,2886,939
2.9804503541788,2.690610738039,1.13649006338006,1616.54826666667,2887,939
6.48854967871316,1.75128860594703,0.750238325888072,1616.54826666667,2888,940
3.09799946918931,1.09140359907531,0.885371279637449,1618.9173,2889,941
7.2188908035729,1.8883469036682,1.58431881639156,1619.5179,2890,942
-4.96127039827107,4.07718673868701,0.868913334266246,1621.95366666667,2891,943
-4.35866415707517,3.86077943970382,1.15120146526972,1622.55426666667,2893,943
-2.1778041900737,8.87021031553928,2.93678922077855,1622.5209,2892,944
-1.87818499045321,8.36627900660673,2.74092418135371,1623.1215,2896,944
-0.582718190065161,4.61696131962894,1.07135949917063,1623.08813333333,2894,945
-0.574264784236323,4.60049706022915,1.07429703804775,1623.1215,2894,945
0.0863681265627512,4.94041835056594,1.49550938397301,1623.1215,2895,945
-0.243944043332566,4.22336559480958,1.39597227908384,1623.7221,2897,945
0.34582257563154,3.87951516964314,1.7471222611571,1624.3227,2900,945
-0.743631298951505,7.97784837268612,3.09696451649997,1624.28933333333,2898,946
3.07853764110878,2.45996598471746,1.07539154665606,1624.3227,2899,947
3.41929256691139,1.89881364774908,0.975619624607074,1624.9233,2901,947
1.90502091614461,5.22319500153183,3.19244010916555,1626.09113333333,2902,948
3.84498906574297,0.918530135286701,0.904818917162796,1626.09113333333,2903,949
4.04649855823645,0.803252290188093,0.923331211096148,1626.65836666667,2904,949
-2.10064558477301,3.17902899434965,2.61838909523199,1627.2256,2905,950
-1.45703673931582,1.79717639851744,4.38178051257992,1632.0304,2906,951
-1.17515167914541,1.20097326722112,0.287261086201621,1632.59763333333,2907,952
-0.9705695318061,1.3702318905552,0.378585263417708,1633.19823333333,2908,952
3.70319518068555,-0.28067439607184,0.548127379649414,1639.27096666667,2909,953
8.56192772871505,-15.4842901585411,1.0459383473548,1642.9413,2910,954
8.34295882735083,-15.0359267895287,1.03812186265514,1642.97466666667,2911,954
7.96651012451618,-14.768363185355,1.04205764738731,1643.37506666667,2912,954
7.99681876237022,-14.9348052212109,1.05700108378573,1643.40843333333,2912,954
7.90506387024654,-14.803320066734,1.08996174917994,1643.4418,2912,954
8.33774292742208,-15.8562966826894,1.13998010986189,1643.47516666667,2913,954
7.25932095112846,-14.2101546916107,1.0263886139088,1643.77546666667,2914,954
6.72054698390044,-13.951322906377,1.03585510314423,1644.20923333333,2915,954
4.77743132722841,-11.3932469216175,1.0714768085458,1645.8442,2916,955
4.7272456294044,-11.2304991165694,1.05834604876087,1645.87756666667,2916,955
4.76020353721802,-11.3465892737636,1.06834876334192,1645.91093333333,2916,955
4.50563420561921,-10.6925566917143,1.0429367114214,1646.21123333333,2917,955
4.66016619810132,-11.2232460149536,1.04953878777167,1646.2446,2918,955
4.58779358666202,-11.030918173689,1.0339517183067,1646.27796666667,2918,955
4.46284888980572,-10.6726580065012,1.02413900854722,1646.3447,2919,955
4.52928490816702,-10.9207412632313,1.03037177660895,1646.37806666667,2919,955
4.7191221185315,-11.9859885859067,1.12449837577661,1646.67836666667,2920,955
4.52139284696124,-11.3709845121795,1.10189205493255,1646.71173333333,2921,955
4.50615331708622,-11.5547768641987,1.1281085119727,1646.81183333333,2922,955
4.53900820016016,-11.6821521966043,1.12204894068036,1646.8452,2922,955
4.12485009401124,-11.5157226069951,1.10946227415414,1647.61263333333,2924,955
4.05719289021853,-11.3030702301683,1.10005222858538,1647.646,2924,955
3.80928572761318,-11.4133020432026,1.08352926844853,1647.97966666667,2925,955
3.7753072055159,-11.5319893793327,1.06852806933587,1648.0464,2926,955
2.85467527232149,-11.4611647685051,1.00353904041031,1648.81383333333,2929,955
2.65057674195438,-10.848182158498,0.959177171594803,1648.88056666667,2930,955
2.70062483605941,-11.4128393248601,0.967901905662222,1648.91393333333,2931,955
2.59352561160569,-11.0248532452204,0.958515265324082,1648.9473,2932,955
2.56489649002059,-11.1437016112832,0.972623529643141,1648.98066666667,2932,955
2.52224154099942,-11.1608874888083,0.984394325569849,1649.01403333333,2932,955
2.52210708536574,-11.4963602854337,1.01718466046051,1649.0474,2933,955
2.44520974716178,-11.4024072840834,1.03824394038895,1649.08076666667,2933,955
2.43524863400152,-11.5459958408274,1.06243719022918,1649.11413333333,2933,955
-1.94638110898079,-0.693320405000282,1.40458717516971,1647.61263333333,2923,956
-1.5639995246607,-0.770785367654783,1.48771760636377,1648.21323333333,2927,956
-1.1266522039635,-0.831320787084609,1.37923786754752,1648.78046666667,2928,956
-0.0996508065391513,-0.686333099245531,1.37045325550033,1650.58226666667,2934,957
0.248126585540346,-0.591748115395425,1.38723092630598,1651.21623333333,2935,957
0.669707625857166,-0.508216837524962,1.59295322934698,1651.78346666667,2937,957
0.674069485582656,-0.504419874298925,1.59370219077305,1651.81683333333,2937,957
3.5993500297543,1.25292412768316,0.783273418914763,1651.7501,2936,958
3.33229267328748,1.49600357116416,0.863089745411678,1652.3507,2939,958
0.370794893684443,0.672693370040287,0.625284871324388,1652.3507,2938,959
3.69880669298039,1.83905587108701,1.41678299534965,1654.71973333333,2940,960
3.65912421380527,2.02490014825327,2.0012791771836,1655.98766666667,2941,961
0.166460540554316,-2.62068677415948,1.32759795862614,1662.49416666667,2942,962
0.790547262923523,-2.91499336023426,1.96194025953518,1663.9623,2943,963
-6.59741146868495,-4.53623118898495,0.499232568875544,1666.53153333333,2944,964
-2.22565901928229,4.82808922956818,2.90829985199922,1668.23323333333,2945,965
-2.86087610643888,2.76141086272088,5.1264910695923,1674.10576666667,2946,966
3.56881398209993,-0.36133345426873,0.462767970608359,1679.4778,2947,967
1.47931468933755,-4.511715076633,1.38874169189306,1682.81446666667,2948,968
3.89368926565874,-0.411650684747113,1.36016083635381,1683.7821,2949,969
3.61421371094406,-0.462742911369613,1.58603290702052,1684.3827,2951,969
1.76976118324316,-4.44690316817447,1.95780992003389,1684.01566666667,2950,970
1.63504618806174,-4.24379023389148,2.29111160862691,1684.61626666667,2952,970
1.50624706891215,-3.89617723845467,2.58400559622016,1685.1835,2953,970
1.23137325529102,-3.51131107341476,2.90385355978472,1685.7841,2954,970
0.960183889828414,-3.05680387320575,3.16372645092931,1686.3847,2955,970
0.628567794183038,-2.60760249834852,3.47848814535823,1686.95193333333,2958,970
0.307573856348242,-2.33806812257313,3.77396038771431,1687.55253333333,2959,970
2.74721977567444,-1.55959220309627,2.71980740258769,1686.55153333333,2956,971
2.74147957309421,-1.56599798367775,2.72238988481761,1686.5849,2956,971
2.66804663340039,-1.41561118307732,2.7344070932111,1686.91856666667,2957,971
2.67660543135848,-1.39892157863767,2.73344629013622,1686.95193333333,2957,971
2.58383197197598,-1.24875715343188,1.39442538738111,1694.05903333333,2960,972
2.58345067081707,-1.24258768911586,1.39727933792684,1694.0924,2960,972
3.95400667294055,6.34779934776753,2.317055496967,1695.52716666667,2961,973
2.29422746496249,-1.39867409662712,2.96206689047043,1696.2946,2962,974
2.2797113547175,-1.39433464035735,2.96954353454703,1696.32796666667,2962,974
2.03663289782869,-1.09213641879584,3.25750192517474,1696.8952,2963,974
1.7378026717377,-0.671820538596007,3.34920765350354,1697.3957,2964,974
1.72659735950405,-0.657091588144329,3.3482337442096,1697.42906666667,2964,974
1.42525488244595,-0.371628766969776,3.60960020715121,1697.96293333333,2965,974
1.42468845494121,-0.368842584977745,3.62426815999197,1697.9963,2965,974
1.68310774297799,-0.365976075298851,3.87807643558892,1698.46343333333,2966,974
1.69266843677531,-0.364403886554554,3.88496522793759,1698.4968,2966,974
1.94654653875353,-0.285062850518447,4.18967462512105,1699.03066666667,2967,974
2.12257863013521,0.280511273322126,4.50811873471697,1699.56453333333,2968,974
2.12026644840197,0.296570285803449,4.5139202214567,1699.5979,2968,974
1.9492473022204,0.843478841710267,4.82033242787592,1700.13176666667,2969,974
1.4998822311834,1.13479282357847,5.11142841789195,1700.63226666667,2971,974
1.47470015217026,1.30791789190918,5.2893644213562,1700.96593333333,2972,974
1.48005787594781,1.31289503604418,5.29468016380251,1700.9993,2972,974
1.61892645337068,1.49253885770542,5.40759555950165,1701.46643333333,2974,974
1.83327739512524,-1.52013711363275,2.20440826916277,1700.56553333333,2970,975
1.68646092290783,-1.17143843140035,2.54301913149525,1701.1995,2973,975
1.12645371103308,-0.993485897885264,2.85337117534302,1701.8001,2975,975
0.580963820315287,-0.810694218137679,3.18873594293453,1702.4007,2976,975
-1.01938950275409,-1.58128417638317,4.4701375341906,1705.73736666667,2977,976
-4.85458725984374,1.73311713701866,2.6556076366136,1711.27623333333,2978,977
-4.3916704779578,1.63536670672008,3.02036188659938,1713.54516666667,2979,978
-3.99448568515744,1.37021110929415,3.16535471034046,1714.14576666667,2980,978
2.84650909355172,-4.01981015352275,5.86801902490006,1716.715,2981,979
-3.81462563732815,0.755364500505784,3.29929145829571,1718.48343333333,2982,980
-3.64945676695253,0.566674673737512,3.48872598583573,1719.08403333333,2983,980
-8.02487324871801,-6.21085053664185,1.00706210353512,1831.4296,2984,981
-8.08074882282827,-6.26639951292361,1.01648711489925,1831.46296666667,2984,981
-8.07801470550078,-6.27799925194824,1.01847680370301,1831.49633333333,2984,981
-8.09627363665978,-6.79386314058281,1.04747478276842,1831.99683333333,2985,981
-8.05100744129313,-6.77642276236326,1.04661720828838,1832.0302,2985,981
-8.03342539652414,-7.51872150052037,0.924404415843929,1832.66416666667,2986,981
-8.09395352100579,-7.5830575585179,0.93541072522811,1832.69753333333,2986,981
1.37254959513387,3.10092150406175,5.41482119850876,1843.37486666667,2987,982
-5.42957938475551,-4.79747901584027,0.659779031194142,1888.41986666667,2988,983
3.12104013473433,-7.26941268069401,1.06249309117953,1896.36113333333,2989,984
3.01398946726008,-6.89552983073564,1.07601244518519,1896.3945,2990,984
3.22213411877497,-7.45286347095684,1.12703424527081,1896.42786666667,2991,984
3.17164552310028,-7.17519484707995,1.11129847368405,1896.46123333333,2991,984
3.14363052758677,-6.96127772069328,1.09318848103677,1896.4946,2991,984
3.32220434128735,-7.38034308553808,1.10814361780996,1896.52796666667,2992,984
3.3279858783459,-7.30460482753559,1.09313638640141,1896.56133333333,2992,984
3.36743752656411,-7.32127693664808,1.078175742997,1896.5947,2992,984
-2.20566073006652,-3.12550059325895,1.53197561313187,1903.93536666667,2993,985
1.96476067626499,-1.3018408678102,0.964082194073549,2051.81643333333,2994,986
1.59414996074161,-1.11594346118299,1.22819493510718,2052.4504,2995,986
1.10767190583192,-0.967082073080085,1.45264277042442,2053.08436666667,2996,986
1.10309801884497,-0.96362033235537,1.45380801249083,2053.11773333333,2996,986
-0.37381508568367,-1.78996107880107,2.80206626213872,2058.08936666667,2997,987
6.34185047932936,3.71752856100039,1.14561127201631,2071.03563333333,2998,988
4.90948383688835,2.47863203857819,1.9897015947037,2074.1721,2999,989
4.49680849464137,2.36671549218663,1.99502008745,2074.80606666667,3000,989
3.95916332548038,2.10308689785515,2.13619028816912,2075.40666666667,3001,989
3.9572935278851,2.09971883995342,2.1425613499121,2075.44003333333,3001,989
3.69013312035507,1.90971198976001,2.43090652533411,2076.04063333333,3002,989
3.45333683700427,1.65423474720637,2.64905923008387,2076.6746,3003,989
2.92321360262751,1.30159422758869,3.60733355608265,2078.54313333333,3004,990
2.6199166569668,1.22589137987178,4.10978913139042,2079.81106666667,3005,991
2.5185746446691,0.986255529944076,4.45041596123624,2080.41166666667,3006,991
2.51871266629907,0.980522312230335,4.45990793765458,2080.44503333333,3006,991
2.34701057244347,0.747868633114619,4.70232660431593,2081.04563333333,3007,991
2.35074117327243,0.743695897050209,4.7129375078321,2081.079,3007,991
2.61871120225425,-0.187138952365333,6.27790068655804,2091.22246666667,3008,992
-5.8460934984922,1.12006596987601,2.75618796711648,2135.09963333333,3009,993
4.47257848425393,7.27949537018168,12.0859222352381,2247.6454,3010,994
4.4903441962651,7.28927601001776,12.133728431459,2247.67876666667,3010,994
3.02924749348477,1.12833906744601,1.45281648136662,2288.01906666667,3011,995
2.97977935802365,0.754073421906534,2.0226388060829,2289.8876,3012,996
1.1118575057391,3.43755190868451,2.32601870588183,2348.51283333333,3013,997
1.23975381466662,3.29969113353693,2.433965026879,2349.1468,3014,997
1.45873332845448,3.12166865651133,2.61751016935009,2349.78076666667,3015,997
1.66091519022239,2.94388262380615,2.84420393633685,2350.41473333333,3016,997
-2.18195659779978,2.34580029601215,0.466945891271143,2359.19016666667,3017,998
-6.72630593366071,-10.2217049204526,2.48352879572107,2360.82513333333,3018,999
-1.6843352453485,1.17479563270546,0.467118885876796,2361.12543333333,3019,1000
-1.27380153042437,-0.152936383954992,0.416959037190003,2362.42673333333,3020,1001
-5.63820719542873,1.35894658790629,4.30375872709845,2362.9606,3021,1002
3.77516440136897,-0.989570587685659,0.577364897666755,2369.6673,3022,1003
-4.45970898177282,-1.52508974700675,2.02623988465232,2370.5682,3023,1004
-3.99812597599403,-1.69599635022346,1.87621298444604,2371.20216666667,3024,1004
3.38139359720833,-0.349211717858975,0.414530058566081,2372.33663333333,3025,1005
3.29613330318181,-0.165161442701472,0.39351293253555,2373.00396666667,3027,1005
3.10547640226612,-0.169762644568953,0.404095576111697,2373.6713,3029,1005
2.91498983043318,-0.0952100971809524,0.387900372420608,2374.30526666667,3031,1005
2.79900157059155,0.0376794383152812,0.359596072997035,2374.90586666667,3033,1005
-3.02422601256939,-1.52522062279472,1.39934586844568,2372.43673333333,3026,1006
-2.76583775348392,-1.10559152116361,1.16608795783062,2373.03733333333,3028,1006
-2.66423024177719,-0.256743219495639,0.862910038413278,2374.2719,3030,1007
-2.86763505548299,0.0595094021548173,0.759208176103964,2374.90586666667,3032,1007
-3.02774999672738,0.36818842318715,0.762098884495766,2375.53983333333,3034,1007
2.91062314521241,6.7235260002047,0.7682630141299,2413.67793333333,3035,1008
3.40010350613488,6.13564637003049,0.744757658616415,2414.3119,3036,1008
3.64879667153361,5.47231991692911,0.664879799763858,2414.94586666667,3037,1008
3.92320860017726,4.82684967396185,0.604478695364978,2415.57983333333,3038,1008
4.01276985560921,4.19630793729013,0.646057765770477,2416.18043333333,3039,1008
4.32085252694404,2.8745475490377,0.72664820266721,2417.44836666667,3040,1009
2.28643049665915,5.80550656357113,0.383623383735451,2453.18406666667,3041,1010
1.84887235154193,4.92008834496327,0.404394492514557,2454.452,3042,1011
0.830312877412226,2.35867750867382,0.577045812114092,2455.08596666667,3043,1012
0.252549050391823,3.59952977401469,0.557217081087891,2456.9545,3044,1013
0.25125192893028,3.57768965328759,0.559138890721995,2456.98786666667,3044,1013
-0.0867449169786166,3.13804586136917,0.599815161184869,2457.58846666667,3045,1013
-0.0897359607957759,3.12994162141859,0.601115849343968,2457.62183333333,3045,1013
-0.44232892428359,2.68077085875389,0.599616209186173,2458.22243333333,3046,1013
2.93764708598834,2.903409534038,0.458493319209369,2494.95913333333,3047,1014
2.59481057582839,2.82271870857585,0.426727771179872,2495.55973333333,3048,1014
2.25954133110036,2.69441210241143,0.430873247126578,2496.1937,3049,1014
2.00396642692471,2.63294303982868,0.430849278928587,2496.82766666667,3050,1014
3.55299045399184,5.84790781819329,0.196248889818316,2497.46163333333,3051,1015
0.923394488300835,2.25776306482507,0.400664994629206,2498.72956666667,3052,1016
0.326064604642504,1.87708100361254,0.44501375438058,2500.03086666667,3053,1017
0.0331071818035731,1.86126087670757,0.436059088931163,2500.66483333333,3054,1017
-3.16148147290305,-1.0394120876293,5.61821351207342,2505.93676666667,3055,1018
2.15516406645754,4.93063211279313,1.51648300637881,2531.6291,3056,1019
1.86443152921587,4.31274265498694,1.32941709216068,2532.26306666667,3057,1019
1.41200991256022,3.01486714009363,0.969399241938832,2533.49763333333,3058,1020
1.40817679687598,3.0026185575754,0.966537698544835,2533.531,3058,1020
1.25285013554156,2.36456185649229,0.833008608073391,2534.16496666667,3059,1020
1.03140112337254,1.80884387180644,0.721166456126066,2534.79893333333,3060,1020
1.02829310346634,1.80139172795109,0.720165636153429,2534.8323,3060,1020
0.872029295505997,1.32283251533887,0.655071071997498,2535.4329,3061,1020
1.79036701203604,0.855357725628673,16.5655842458812,2541.80593333333,3062,1021
-1.61274836369016,3.46442806923351,0.296274844921068,2572.93703333333,3063,1022
-2.00198343292465,7.37838445064813,0.992383288009353,2573.60436666667,3064,1023
-1.23060051007685,3.37408671769176,0.3186572069207,2574.20496666667,3065,1024
-0.965163549438003,3.1920881788246,0.349055423100285,2574.83893333333,3066,1024
-0.701864676704682,2.95329452365427,0.410707131169552,2575.4729,3067,1024
-0.429241076299222,2.63210849226234,0.410807262989022,2576.10686666667,3068,1024
-0.132102237960083,2.3442567564039,0.413477486743434,2576.74083333333,3069,1024
0.0658918886035974,2.16454482961643,0.395636225076427,2577.3748,3070,1024
0.290452921460136,2.11038991033545,0.366824139542913,2577.9754,3071,1024
0.293404045088624,2.10983358338756,0.366591068636513,2578.00876666667,3071,1024
0.571671332059817,1.99360861787677,0.342702324578932,2578.60936666667,3072,1024
0.738333285612758,1.89283067954264,0.348160685378911,2579.24333333333,3073,1024
0.739642973168199,1.89193509678071,0.348810381629389,2579.2767,3073,1024
1.02480881319531,1.89604828356805,0.354409481462718,2579.91066666667,3074,1024
-2.48893404426319,3.27513067713073,0.638466832423266,2586.91766666667,3075,1025
-2.86416708984756,2.57368618281906,0.633188435561247,2587.55163333333,3076,1025
-1.95462710095654,3.6665602025722,0.523607045158312,2588.81956666667,3077,1026
-1.46014957243796,4.12134780580215,0.795440648615105,2591.32206666667,3078,1027
-1.15434408765548,4.23600959509836,0.832474609253896,2591.95603333333,3079,1027
-0.434143579590207,6.55865859080091,0.771091270739245,2593.1906,3080,1028
-0.695150330216915,4.60017138627994,0.97378836627289,2593.1906,3081,1029
-0.579129480862847,5.65640349886983,1.10024062109932,2595.6931,3082,1030
-0.519736701861251,5.39705260772742,1.2088320084817,2596.32706666667,3084,1030
1.1229631733645,2.8829729317888,5.34282284780389,2595.7932,3083,1031
-0.148388964011359,5.05568229669142,1.52056392421679,2597.595,3085,1032
0.0130207571865372,4.95663020167266,1.79792959724528,2598.22896666667,3087,1032
0.0925011126036364,4.97353048469708,2.41076358240269,2598.86293333333,3089,1032
0.17061569611626,4.79981184969286,2.57495077531662,2599.53026666667,3090,1032
0.339294592760818,2.41876276869108,4.72036645536414,2597.6951,3086,1033
-1.47760135243512,3.24891039886038,0.38937428259297,2598.22896666667,3088,1034
-1.1202696226145,2.83034544084641,0.227564247359688,2600.76483333333,3091,1035
-1.01310937775456,2.62179925136964,0.270399962439637,2601.3988,3094,1035
-0.865013229865175,2.40902877612773,0.303681636970406,2602.03276666667,3097,1035
-0.631510691317063,2.19244617834012,0.360813689099428,2602.66673333333,3099,1035
-0.280155315361923,1.90171864200033,0.367883114726963,2603.3007,3101,1035
0.128304966378272,1.68774683162835,0.352643090049147,2603.93466666667,3103,1035
0.361984291785411,1.51990364549494,0.395799147253809,2604.56863333333,3104,1035
0.604106689525368,1.39497550642973,0.441450385963129,2605.2026,3106,1035
0.957809857855,1.19827461649402,0.469690979206802,2605.83656666667,3108,1035
1.37636846205735,1.00358859800776,0.449133711449268,2606.47053333333,3110,1035
0.258125611066209,4.56982062563123,2.77185988034698,2601.3988,3092,1036
0.170380703912737,4.73979055459201,2.66178147691333,2601.3988,3093,1036
0.192025680757871,4.63284967291164,2.80827649048989,2602.03276666667,3095,1036
-0.574225220120633,2.74089801618597,3.28235089532853,2602.03276666667,3096,1037
-0.623813741346496,3.00428960031906,3.029395819025,2602.66673333333,3098,1037
-0.512291669331836,3.26485260796586,2.79752196202589,2603.26733333333,3100,1037
-0.508381392899036,3.265075246739,2.79563443775744,2603.3007,3100,1037
0.453032294065216,4.52856183091029,2.83572182541877,2603.33406666667,3102,1038
0.589980231381009,2.98258547170311,2.07984649839758,2605.2026,3105,1039
0.992321400188146,2.78045398878253,1.77992664798152,2605.83656666667,3107,1039
1.38258155111118,2.64753594798002,1.53747258879949,2606.47053333333,3109,1039
1.37754250243424,1.49886893625724,0.721668950010044,2607.73846666667,3111,1040
1.91094792395514,2.10330201545975,1.09400504130483,2607.77183333333,3112,1040
1.63195209350633,1.42904413503698,0.660696835497055,2608.37243333333,3113,1040
12.0234045894173,8.12959779946377,3.33816730984268,2617.18123333333,3114,1041
11.925986783131,8.0777514543736,3.31842717485182,2617.2146,3114,1041
-0.700317083829415,2.13617815809959,0.434637479896753,2625.55626666667,3115,1042
-0.406200567394829,2.23168276673271,0.44911422081832,2626.19023333333,3116,1042
-0.40282564858897,2.23359270820406,0.450178648668337,2626.2236,3116,1042
-0.236343369929895,2.4537194465098,0.453844920620846,2626.85756666667,3117,1042
4.38244007731131,-1.35185272963506,1.49086831170196,2632.59663333333,3118,1043
2.46064197907912,-1.67848727833282,0.749849677973738,2636.40043333333,3119,1044
2.31506469646837,-1.48368048932372,0.616312418734355,2637.0344,3120,1044
1.48553170582143,-1.07586249951302,0.423407859406809,2639.57026666667,3121,1045
-0.109103724078205,-0.805186639544793,0.49122415810849,2643.4408,3122,1046
-0.281032509010498,-0.645508692214604,0.489714209444865,2644.07476666667,3123,1046
-0.480197395174893,-0.519060021184997,0.537246843252155,2644.70873333333,3124,1046
-0.69025468132317,-0.305540485213503,0.580170103853328,2645.3427,3125,1046
-0.960094113615586,-0.0891445803453301,0.588387662807333,2646.01003333333,3126,1046
-1.2234918820244,0.117259239564364,0.592758216208337,2646.644,3127,1046
-1.4842937262096,0.357920408770552,0.615564711777933,2647.27796666667,3128,1046
-1.79365670976314,0.751656708295445,0.515562593081374,2648.5459,3129,1047
-1.72253015876005,0.962666790406017,0.561152575825083,2649.17986666667,3130,1047
-1.55506225779271,1.12065636338413,0.551689781578538,2649.81383333333,3131,1047
-1.55221373308405,1.12230067391733,0.551979206242439,2649.8472,3131,1047
-1.46520152679027,1.20335291890735,0.595778565155674,2650.48116666667,3132,1047
-1.35599333746447,1.43215812009441,0.648698363782069,2651.11513333333,3134,1047
-1.15131507588962,1.74957063487845,0.645187321645623,2651.7491,3135,1047
6.29801954009616,-2.23090777906433,1.08543624447338,2650.48116666667,3133,1048
5.65223535968117,-1.5542364877217,1.34631961689619,2653.0504,3136,1049
4.76119466273363,-0.952180440804555,1.27003682060564,2655.01903333333,3137,1050
4.32578121945792,-0.997132580998971,1.24096511785727,2655.61963333333,3138,1050
3.13586148271314,-0.663667393169387,0.894146247289057,2656.88756666667,3139,1051
2.92990689904947,-0.461558586506725,0.84870892315519,2657.48816666667,3140,1051
2.65634233159938,-0.178209559968353,0.750100439412904,2658.08876666667,3141,1051
2.51143009480894,0.172213560496106,0.724309923716762,2658.68936666667,3142,1051
1.93916562541375,1.33859992669947,0.505539074527439,2661.2586,3143,1052
1.83574292179155,1.65714314491296,0.516545473160933,2661.89256666667,3144,1052
1.83511675548172,1.66183599953493,0.516883627710114,2661.92593333333,3144,1052
1.67307353748141,1.95951729245991,0.568667561637809,2662.5599,3145,1052
1.54813131614181,2.34623425066443,0.601980373726066,2663.22723333333,3146,1052
-0.948687615519302,-2.91699365536672,0.659255050372386,2664.49516666667,3147,1053
5.58468369386256,-1.53362718495123,13.0584820163758,2666.664,3148,1054
5.56902079985399,-1.5448062970235,13.0583520376953,2666.69736666667,3148,1054
-1.17389340284717,-0.686592727704586,0.493071160923189,2677.90856666667,3149,1055
-1.37078144379827,-0.48049433163555,0.519071738462352,2678.50916666667,3150,1055
-1.69310265643518,0.0549671535408319,0.562407981896753,2679.7771,3151,1056
-2.27857243083715,1.39924243690474,0.275795471372275,2680.41106666667,3152,1057
-2.03471044291374,1.66289313971134,0.321726102868831,2681.0784,3153,1057
-0.875400697462447,1.63266789617913,0.558366977384044,2682.34633333333,3154,1058
4.74212182547096,3.3872928501144,0.897734041739789,2683.681,3155,1059
-2.72056853872547,2.4878404868957,1.47585014847497,2693.2906,3156,1060
-3.05685683964518,3.53799190760036,3.5298440967617,2695.85983333333,3157,1061
-2.85638007420221,1.84839444918356,3.43868982788976,2700.93156666667,3158,1062
-2.99038835236279,1.32687665417887,3.44331628156733,2701.56553333333,3159,1062
-3.04698260303757,0.617901477546671,3.41751523902171,2702.1995,3160,1062
-3.06824470999003,-0.373155168890872,3.15764346482019,2703.5008,3161,1063
-2.86258314530956,-0.92829101639858,3.04558042647056,2704.13476666667,3162,1063
-2.69945954342047,-1.66709263389968,2.99943794369976,2704.76873333333,3163,1063
0.985845749701267,6.9395281234573,2.49959545079759,2714.37833333333,3164,1064
1.55323805812677,6.79957263098518,2.04171945431576,2715.04566666667,3165,1064
1.90754359393022,6.15195609570925,1.599938993156,2715.67963333333,3166,1064
2.10010773997058,5.35858222095146,1.20017532986361,2716.3136,3167,1064
2.14631474067891,4.60721506368339,0.988924919044133,2716.94756666667,3168,1064
1.93787146861751,3.990792588386,0.803227528140879,2717.58153333333,3169,1064
1.70059823175736,3.41469282385208,0.703765770960795,2718.2155,3170,1064
1.29553872189513,2.94804454155556,0.627310794230937,2718.8161,3171,1064
1.28753377400447,2.94216939584999,0.625296609788864,2718.84946666667,3171,1064
-0.267885062568673,1.88358678057909,0.633373747900735,2720.75136666667,3172,1065
1.83872991206991,1.08527174777079,0.461969474360349,2725.2225,3173,1066
1.25623173148672,1.072522638941,0.506163691579172,2725.8231,3174,1066
-0.0530520232617007,1.08927605731549,0.486146763729057,2727.75836666667,3175,1067
-1.87025015370099,0.727444156043179,0.401974048010632,2733.4307,3176,1068
-1.79043151994911,0.875010241709788,0.46281353156793,2734.06466666667,3177,1068
-1.45743945332655,1.25921782507733,0.573472401912095,2735.29923333333,3178,1069
-1.20719009738364,1.41924730099926,0.617792545781712,2735.9332,3179,1069
-0.900852478928677,1.56325433607711,0.650263605574665,2736.56716666667,3180,1069
0.112155209792126,1.76392648870486,0.485716049432497,2738.46906666667,3181,1070
0.115694188934421,1.76074362053949,0.484169828179349,2738.50243333333,3181,1070
0.401936479994133,1.65257552404795,0.410020782692576,2739.1364,3182,1070
0.702011663889652,1.53634324036677,0.414436559868534,2739.77036666667,3183,1070
1.53809240826832,0.466496891198837,0.864855796747004,2742.30623333333,3184,1071
0.965146966160979,4.79904504579673,1.52009520866238,2756.18676666667,3185,1072
0.0910484797837352,4.67075388115016,0.959834634122768,2758.756,3186,1073
-0.476385291724482,4.48809862678615,0.902423679047633,2759.38996666667,3187,1073
-0.955652766688277,4.17966321241391,0.911592569274753,2760.02393333333,3188,1073
-1.33939410735114,3.9642595281116,0.881783692333635,2760.6579,3189,1073
-1.73236932676916,3.81872362937081,0.846916108431279,2761.29186666667,3190,1073
-1.96555050978672,3.57380199809862,0.96126479846228,2761.92583333333,3191,1073
-6.23569599643081,-15.6400565102529,1.0101707798016,2767.765,3192,1074
-6.26528723604351,-15.673110534898,1.01116240868675,2767.79836666667,3192,1074
-5.96921808498977,-14.9005526605466,0.992954367744008,2767.83173333333,3193,1074
-5.85647173532607,-14.5651422003642,0.988621831329033,2767.8651,3194,1074
-5.76664663531415,-14.3314620950325,0.984167447610701,2767.89846666667,3194,1074
-6.15066738426834,-15.1846577067507,1.01376578103246,2767.93183333333,3195,1074
-6.13633067483562,-15.0799532468828,1.01657706451768,2767.9652,3195,1074
-6.16056563530415,-15.1004283474249,1.02079515033273,2767.99856666667,3195,1074
-6.1956379464194,-15.1473784491795,1.03226922546025,2768.03193333333,3195,1074
-6.09195078040725,-14.8559064193127,1.03545609809148,2768.0653,3196,1074
-6.24279021858007,-15.1972164777324,1.05983092161413,2768.09866666667,3197,1074
-6.07108460349114,-14.720623272163,1.05226057758957,2768.13203333333,3198,1074
-6.31925126868423,-15.2777156266543,1.07133043117121,2768.1654,3199,1074
-6.15872251423989,-14.8528685585586,1.06349488851148,2768.19876666667,3200,1074
-6.14378353901998,-14.7628452352956,1.06404883493915,2768.23213333333,3200,1074
-6.33668513092187,-15.1891668317093,1.07225149118098,2768.2655,3202,1074
-6.27737340271975,-15.0072045911282,1.06855507269764,2768.29886666667,3202,1074
-6.29987938334415,-15.0355436379668,1.06538933537055,2768.33223333333,3202,1074
-2.65889454185556,0.261563842287135,4.80729854285595,2768.2655,3201,1075
-2.54865189599163,0.44499089960407,4.54708871783767,2768.89946666667,3203,1075
-2.21840200882588,0.493133625699367,4.21320518359889,2769.53343333333,3204,1075
-1.80076142708914,0.278612574944177,3.8805762366166,2770.13403333333,3205,1075
-1.79812675437984,0.27222761241352,3.8821943147687,2770.1674,3205,1075
-1.04776434654414,-0.621103023154946,3.2583205992896,2771.3686,3206,1076
-1.0425717828605,-0.629261427494852,3.25712879478605,2771.40196666667,3206,1076
-0.814377919249944,-1.15282937459306,3.03749043882993,2772.00256666667,3213,1076
-7.40462534567676,-13.422253330443,1.11117325026012,2771.60216666667,3207,1077
-7.22995352559323,-13.0476941090097,1.09790362637583,2771.63553333333,3208,1077
-7.49211038487084,-13.4962534987869,1.12308726728268,2771.6689,3209,1077
-7.30388198909512,-13.1165891151508,1.11235466245577,2771.70226666667,3210,1077
-7.5459174066176,-13.5366637907786,1.12874234326012,2771.73563333333,3211,1077
-7.4785056492812,-13.3931166412884,1.12245629902594,2771.769,3211,1077
-7.41284886405289,-13.2788574565863,1.11951715368177,2771.80236666667,3211,1077
-7.32797760171783,-13.1142724623069,1.10918600040593,2771.83573333333,3211,1077
-7.47698968882028,-13.3719723060347,1.11829207700985,2771.8691,3211,1077
-7.42752158529295,-13.2769282213068,1.11941133012316,2771.90246666667,3211,1077
-7.7491973446875,-13.8339797536407,1.13243370642051,2771.93583333333,3212,1077
-7.66550099448832,-13.6621332808541,1.13836192250626,2771.9692,3212,1077
-7.60530545136398,-13.5574295077867,1.12969863013844,2772.00256666667,3212,1077
-7.78160951173233,-13.8635369774113,1.15560102976968,2772.03593333333,3214,1077
-8.02085264812518,-12.7709628660511,1.00940902114809,2773.40396666667,3215,1078
-7.88500535088143,-12.5223831534812,1.00242724950022,2773.43733333333,3215,1078
-8.16781120263919,-12.9403615451849,1.01627048043621,2773.4707,3216,1078
-7.90106536272275,-12.4493853619162,1.00940940457135,2773.50406666667,3217,1078
-8.01372529379275,-12.6164141461579,1.01890173060208,2773.53743333333,3217,1078
-8.19715760987846,-12.8020205115032,1.07300302094624,2773.6709,3218,1078
-8.09284980984275,-12.6117748129384,1.07627020490595,2773.70426666667,3218,1078
-8.06609121232129,-12.5552134642871,1.09556011862146,2773.73763333333,3218,1078
-8.13890763022012,-12.6346260205573,1.11276980818787,2773.80436666667,3219,1078
-8.057541094082,-12.4958515320543,1.12241365740499,2773.83773333333,3219,1078
-7.93678145203551,-12.2900206435881,1.13136606778166,2773.8711,3219,1078
-7.92698869853983,-12.2743166023254,1.13708770017859,2773.90446666667,3219,1078
-8.21021561740064,-12.561269178948,1.17764671328352,2774.23813333333,3220,1078
-8.19601777116141,-12.4254370168789,1.16719377743187,2774.33823333333,3221,1078
-8.3404941186085,-12.6393331677059,1.17606960537078,2774.3716,3221,1078
-8.17509455686515,-12.3261306459005,1.15298377004943,2774.40496666667,3222,1078
-8.29703762523793,-12.4830479082729,1.16444761935003,2774.43833333333,3222,1078
-8.19627649646199,-12.288992681637,1.16353317962577,2774.4717,3222,1078
-8.15060033962547,-12.1324153652451,1.15834203159609,2774.63853333333,3223,1078
-8.43424725093545,-12.5450405742006,1.17557352804653,2774.6719,3224,1078
-8.50639389846155,-12.5805238290697,1.16434451417957,2774.73863333333,3225,1078
-8.78255093338226,-11.5775467175685,1.08369309573203,2776.30686666667,3226,1079
-8.75790121634115,-11.4921423289025,1.08254828462871,2776.34023333333,3226,1079
-8.53152962597579,-9.39218285042949,0.892277640249866,2780.4777,3227,1080
-8.06943319136728,-7.91452401299185,1.09402710894349,2786.01656666667,3228,1081
0.117241868754,1.06439385001342,0.600085589117113,2792.85673333333,3229,1082
0.114232630822439,1.06628770237293,0.599922874899836,2792.8901,3229,1082
-0.448938088101338,1.43846141568332,0.692775075158582,2793.52406666667,3233,1082
-8.56270237831896,-5.75288346825084,1.2883235564513,2793.25713333333,3230,1083
-8.61611772189986,-5.7194253723943,1.3105287571578,2793.3906,3231,1083
-8.60853284752925,-5.65966145549744,1.3122424264677,2793.45733333333,3232,1083
-8.64611432880682,-5.66575627460818,1.31578445177691,2793.4907,3232,1083
-8.53221556227097,-5.52766790826522,1.30630520054094,2793.55743333333,3235,1083
-8.60130092695779,-5.54776687892068,1.31135262629836,2793.5908,3235,1083
-8.60513780121911,-5.52447242247496,1.31231878629397,2793.62416666667,3235,1083
-8.57147079775586,-5.46942581574153,1.30259762242315,2793.65753333333,3235,1083
-8.64642965371405,-5.49386274411242,1.30602719937997,2793.6909,3235,1083
-8.66291105014239,-5.46903341859666,1.30211280854837,2793.72426666667,3235,1083
-8.63180876730835,-5.41652619772666,1.29618913130269,2793.75763333333,3235,1083
-2.08888957712519,-1.2126109338446,0.808260672328245,2793.52406666667,3234,1084
-1.63966875885595,-3.75153937655736,0.608261320852547,2793.62416666667,3236,1085
-8.75581348710961,-4.1807501919132,1.14924246611763,2795.6929,3237,1086
-8.78488696559793,-4.19142070122699,1.15001373167419,2795.72626666667,3237,1086
-8.78515269548672,-4.19158591115104,1.1556474722786,2795.75963333333,3237,1086
-8.84665478386276,-4.22296462153691,1.16255022699921,2795.793,3237,1086
-8.79463967782847,-4.18673002463523,1.15937007437532,2795.82636666667,3237,1086
-0.870066681220241,-1.15622747230536,0.369117602736785,2799.83036666667,3238,1087
-0.803599061814501,-0.96481280455157,0.313663967273933,2800.4977,3239,1087
-0.690693906800581,-0.845368167231052,0.274966129237335,2801.13166666667,3240,1087
-0.416150553853666,-0.711315411787416,0.273954679047554,2801.76563333333,3241,1087
1.07995928604034,-0.0557378447099643,0.373647110310194,2806.83736666667,3242,1088
1.74636734077134,-0.139128871711585,0.437539785083261,2808.13866666667,3243,1089
-3.08315938202022,-0.813906662392233,0.273836509983272,2842.60643333333,3244,1090
-3.24000338865484,-0.214037694206772,0.407630403108308,2843.841,3245,1091
2.31670056188881,-3.80040444259557,1.52061789103726,2848.07856666667,3246,1092
2.1285623927377,-3.74080331817898,1.45639472481622,2848.71253333333,3247,1092
1.83943774108535,-3.63676585461439,1.41267100090541,2849.3465,3248,1092
1.5422255557594,-3.56354003080761,1.32616000596879,2849.98046666667,3249,1092
1.35027316138529,-3.54285069237322,1.193258789557,2850.61443333333,3250,1092
-0.957199215296083,-2.57104329488453,0.682294454023223,2855.0522,3251,1093
-1.37533335813905,-2.413024436873,0.702364826525631,2855.6528,3252,1093
-1.54004844492435,-2.21275678095976,0.713296082462439,2856.28676666667,3254,1093
-1.73833176785241,-2.04478060972703,0.78805150382768,2856.92073333333,3256,1093
-1.83513788346421,-1.78503634824089,0.858301696794535,2857.5547,3259,1093
-2.08731541183089,-1.54844997706638,0.911631461466852,2858.18866666667,3262,1093
-4.83126617758888,-0.159479603594365,6.30462768596244,2856.28676666667,3253,1094
-4.3729970839377,-0.0745890608741686,6.24793694636257,2856.92073333333,3255,1094
-3.89419382734342,-0.0125679916696415,6.10650575539709,2857.5547,3258,1094
-0.127228166386496,-0.827203970996889,0.438929995688582,2856.92073333333,3257,1095
-0.20207314834114,-0.659310781513479,0.485644750003984,2857.5547,3260,1095
-0.127501436303039,-0.404077611437969,0.500655455125905,2858.18866666667,3263,1095
0.00790374874744393,-0.105133441944839,0.494319231539383,2858.82263333333,3264,1095
0.155512164294083,0.201158083726397,0.426239509253747,2859.4566,3267,1095
0.244348773855896,0.463602348886877,0.429752845321245,2860.09056666667,3270,1095
0.337681841716585,0.66715989683602,0.508381841525379,2860.72453333333,3272,1095
5.36882658488961,1.09745233324571,3.66102620503447,2857.6548,3261,1096
-2.75922377441533,0.435012705161166,5.06477898777538,2859.4566,3265,1097
-2.31663993933203,0.586878840121974,4.64933374621283,2860.09056666667,3268,1097
-2.61523018600423,-0.834348515570128,0.96583575567763,2859.4566,3266,1098
-2.74133860382464,-0.546504589873539,1.08285757195309,2860.09056666667,3269,1098
-2.87460010872789,-0.200556631203975,1.24784429067755,2860.72453333333,3271,1098
-2.9886655288232,0.143698577086192,1.41453176562849,2861.32513333333,3274,1098
-2.98499337658882,0.406885309309984,1.59892376228511,2861.9591,3276,1098
-2.85838262831198,0.699054746979627,1.78539714151465,2862.59306666667,3277,1098
-2.84839262541526,0.703469452887837,1.7871651165842,2862.62643333333,3277,1098
-2.57073636903394,0.888214970280485,1.92758265055273,2863.22703333333,3281,1098
-2.56957548604126,0.88862053723835,1.93309539479894,2863.2604,3281,1098
-2.31257344273091,0.800479427832916,2.13950688766696,2863.861,3283,1098
-2.30627997362518,0.798977610180542,2.14158741963304,2863.89436666667,3283,1098
-2.67023669097465,1.06186334832202,3.97039193765981,2861.32513333333,3273,1099
-2.74153296463089,1.45297269262086,3.51323008953502,2861.9591,3275,1099
-2.74657621585024,1.46113499969392,3.50818996545889,2861.99246666667,3275,1099
-3.10962815949404,1.85891925383635,2.92195811314909,2862.62643333333,3279,1099
-3.48211925137771,2.25525770117121,2.44615946567447,2863.22703333333,3280,1099
-3.87712880337672,2.61483571231393,2.01922368471967,2863.861,3282,1099
0.833595986017287,0.657045106869214,0.628092338230109,2862.59306666667,3278,1100
1.5920652405534,3.61719437541633,0.480084735048898,2872.7699,3284,1101
2.05362639385492,2.902933607054,0.45626693582088,2873.43723333333,3285,1101
3.24763691718763,-0.201509434673518,1.55931656867907,2879.30976666667,3286,1102
3.04738032885088,-0.607212622102036,2.00034107402474,2880.61106666667,3287,1103
2.82801497123752,-0.806211298822092,2.25686710607064,2881.24503333333,3288,1103
2.20777784597435,-1.20530560890321,2.71978277781641,2882.51296666667,3289,1104
-2.33216476939105,-1.47224646484294,0.61150556224047,2900.06383333333,3290,1105
-2.28563002299675,-0.958447908294948,0.626807760729104,2900.6978,3291,1105
-2.30341931087388,0.113320333923333,0.519989028197597,2901.9991,3292,1106
-2.20014263190209,0.647860600384798,0.568997321502014,2902.63306666667,3293,1106
-2.07473057440798,1.23344963729936,0.605573987231037,2903.26703333333,3294,1106
-1.9422597334712,1.61046539653263,0.685253044562387,2903.93436666667,3295,1106
-1.42670595749551,1.65057189291833,0.732351762915431,2904.56833333333,3296,1106
-1.07316167321079,1.93371868889592,0.739447349361372,2905.2023,3297,1106
-0.742245520351406,2.07121141781386,0.666217785806081,2905.86963333333,3298,1106
-0.531179236874875,2.21848857004346,0.626701819501173,2906.53696666667,3299,1106
-0.383613798350736,2.44164354347295,0.530407773188665,2907.17093333333,3300,1106
-0.299210662297995,2.61949038780973,0.388083781985936,2907.8049,3301,1106
-0.147085458228044,2.72367045686949,0.358322743226259,2908.43886666667,3302,1106
-0.146061047442981,2.72646960259272,0.358185552330423,2908.47223333333,3302,1106
-2.70323344334538,-4.46834094870361,1.90659297439618,2911.64206666667,3303,1107
-2.34195280843046,-4.1719775716673,1.70724408035945,2912.91,3304,1108
3.44210494796937,-0.175518056025775,0.446740243959932,2916.78053333333,3305,1109
1.35492114460796,5.091242582101,1.10991028235628,2921.38513333333,3306,1110
-2.13562416894876,-4.68281856378945,4.00344958722949,2953.78416666667,3307,1111
-0.38037798480097,6.68364999439059,0.504216651719548,2964.39476666667,3308,1112
-0.333318509171276,6.11290692136894,0.53539398311571,2965.02873333333,3309,1112
-1.43880180454515,6.2103762267419,0.826303545099129,2968.19856666667,3310,1113
2.28293501287484,1.05761945442179,18.4155296749388,2992.65633333333,3311,1114
-2.30071419054391,0.85450657033897,2.95462955412589,3007.83816666667,3312,1115
-2.30055197945788,0.916763928379587,2.98751243888941,3008.47213333333,3313,1115
-2.3090736327179,1.11198975373983,3.04226466884917,3009.1061,3315,1115
-2.13574446717418,1.26888661370507,3.12133616666659,3009.7067,3316,1115
-2.13087971819287,1.27104115493541,3.12124972857219,3009.74006666667,3316,1115
-1.96250088112739,1.4981161000729,3.20453502315098,3010.34066666667,3319,1115
-1.96167922338821,1.50214037956256,3.20720986911502,3010.37403333333,3319,1115
-1.77310145643245,1.65022744502268,3.34847622727081,3010.97463333333,3321,1115
-1.77085984242534,1.65213187333245,3.35059411836457,3011.008,3321,1115
2.16428485524501,4.41125332136774,0.269817198925231,3009.1061,3314,1116
1.9788008691456,4.3280066537312,0.355804348203162,3009.74006666667,3317,1116
1.70906125514751,4.14146007746487,0.38366190602046,3010.34066666667,3318,1116
1.46669482122441,3.96959290853835,0.342152912897563,3010.97463333333,3320,1116
-0.480106693621376,2.43586629748636,4.09349814375437,3013.54386666667,3322,1117
0.101356020863685,3.38755880893629,0.338005083945322,3014.14446666667,3323,1118
-0.22787496805742,3.15827698986762,0.378905821202065,3014.77843333333,3324,1118
-0.49799627833743,2.90993105736651,0.431874171869237,3015.4124,3325,1118
-0.780210360372263,2.60807603592624,0.435105229161589,3016.04636666667,3326,1118
-1.01374586172497,2.29099477695333,0.379648614617277,3016.68033333333,3327,1118
1.5408798531742,4.09720737594471,5.80275649455756,3037.2342,3328,1119
-8.10410137984899,1.24923759165325,0.761116236050247,3038.4354,3329,1120
-7.91384775817302,1.11333452700448,1.0046183334015,3039.06936666667,3330,1120
-7.76460189203497,1.14824423550663,1.28079142658676,3039.7367,3331,1120
-7.2258363199184,1.2030359535297,1.59439033315419,3040.97126666667,3332,1121
0.681474782622725,-1.62836635672877,3.99439510106502,3049.27956666667,3333,1122
0.607746888962632,-1.20707908757278,3.59466448420544,3049.9469,3334,1122
0.250183818492262,-0.834288576187771,3.13355436845625,3050.58086666667,3335,1122
0.245443964672422,-0.828460286923291,3.12458446655114,3050.61423333333,3335,1122
-0.3312770028045,-0.576810134071907,2.63475992763546,3051.21483333333,3336,1122
-0.993587066085669,-0.341937977568659,2.0792326816334,3051.8488,3337,1122
-1.00467818711899,-0.340457001320529,2.07023524935791,3051.88216666667,3337,1122
-1.74679163319211,-0.38538755833363,1.54112893296439,3052.51613333333,3339,1122
-9.91733819577871,-15.2193816752143,6.20430556573052,3052.21583333333,3338,1123
0.334384362709589,3.09428257169923,0.326588361903401,3061.49176666667,3340,1124
0.022516023966033,2.77706353988044,0.396338806112242,3062.12573333333,3341,1124
4.76707248003634,3.84107026144838,0.670554799630108,3068.6656,3342,1125
4.47894756508077,3.44253632742476,0.659134818638227,3069.29956666667,3343,1125
4.21255844509818,3.0464662093871,0.592298906405871,3069.93353333333,3344,1125
3.29183543501189,1.89204153518282,0.552389158721261,3071.83543333333,3345,1126
2.88189030592282,1.64516860621854,0.501906902434797,3072.4694,3346,1126
-2.70988792330707,1.76114614272571,0.567727278903399,3083.81406666667,3347,1127
-1.95125035381065,1.98583902763112,0.500942635674688,3085.11536666667,3348,1128
-1.55588521445545,2.02026423631977,0.472690174584216,3085.71596666667,3349,1128
-1.20562377667673,2.04367875730999,0.448340887221282,3086.34993333333,3350,1128
-0.868046773091843,2.11613611466647,0.445056639267919,3086.9839,3351,1128
-0.575720485018593,2.09897220530593,0.574417485619923,3087.61786666667,3353,1128
-0.212654326119194,2.10668489393013,0.695589829525217,3088.25183333333,3355,1128
0.207310703745302,2.05052958890317,0.751113660313515,3088.8858,3357,1128
1.5179047821588,2.33086763495089,0.59229328282256,3089.51976666667,3358,1128
0.661018045882275,2.00956030746905,0.815149192716035,3089.51976666667,3359,1128
1.0457203076602,2.0632308404441,0.842192238567565,3090.15373333333,3360,1128
1.07140374707264,2.70672892792358,0.575966552967163,3090.7877,3361,1128
2.17022852233352,1.33846912806789,0.565563453890426,3086.9839,3352,1129
1.88751629129663,1.49346937688995,0.574524135725646,3087.61786666667,3354,1129
1.68798534562712,1.68460669576503,0.607137649235588,3088.25183333333,3356,1129
13.5515858888117,10.4837321339653,7.85862754699211,3091.35493333333,3362,1130
0.210806170758866,2.50215604935857,0.583437660498205,3092.05563333333,3363,1131
-0.192745104516824,2.37658461288694,0.51773931163212,3092.6896,3364,1131
-0.527295923525065,2.08881868797126,0.518218113711886,3093.32356666667,3365,1131
-0.774639585912478,1.69863692810495,0.577009389174617,3093.95753333333,3366,1131
-0.795655838602971,1.31543534248476,0.662416988228643,3094.5915,3367,1131
-0.792424184340747,1.31042422052994,0.663089223891248,3094.62486666667,3367,1131
-0.842255612979852,1.39348220995822,0.733404685962748,3095.85943333333,3368,1132
-0.84149088799022,1.39538374750757,0.734000133862804,3095.8928,3368,1132
-0.638904225556013,1.48005461991323,0.690707105304536,3096.52676666667,3369,1132
-0.252840920994216,1.53717025540931,0.658324631503733,3097.16073333333,3370,1132
-0.24683477112166,1.53891857420644,0.65832270320342,3097.1941,3370,1132
0.0480877414217753,1.52266236262504,0.669029512189923,3097.7947,3371,1132
0.0516494052858114,1.51997690319768,0.669735662140228,3097.82806666667,3371,1132
0.338243493779647,1.25009831631606,0.703706791326996,3098.46203333333,3372,1132
-0.0268705371334761,-7.67290109822934,6.44700387979463,3111.0079,3373,1133
0.583947191123239,-4.81751090042517,7.15884939268395,3114.97853333333,3374,1134
3.61465901794595,2.0835566259642,0.888330155821082,3120.48403333333,3375,1135
2.87243961104224,1.9094589682655,0.882270520869904,3121.15136666667,3376,1135
2.15725892312868,1.85827535041437,0.853986991525695,3121.78533333333,3377,1135
2.14741894355267,1.85831037317339,0.85376011340259,3121.8187,3377,1135
1.52871368534016,1.8584890208562,0.819688134713072,3122.4193,3378,1135
1.5186033222897,1.85623917893133,0.819412850373565,3122.45266666667,3378,1135
0.999898674600476,1.80385054419432,0.761034742998059,3123.08663333333,3379,1135
0.990920806122608,1.80322077889513,0.759259938999437,3123.12,3379,1135
0.440730811889479,1.77997598577874,0.74494935821438,3123.7206,3380,1135
0.432598094249083,1.78363924635905,0.745246714701654,3123.75396666667,3380,1135
-0.139164517855174,1.77207498099262,0.735735642332822,3124.35456666667,3381,1135
1.92618431143041,1.35510581183154,5.22999828491448,3145.3422,3382,1136
1.92858689487426,1.35694255123008,5.23273400389241,3145.37556666667,3382,1136
-1.17054242409749,-1.39903817292152,0.303848577060263,3147.81133333333,3383,1137
-0.712253187927055,-1.08124925812274,0.282639419415661,3149.11263333333,3384,1138
-3.10082421091527,-0.869473367837394,0.45385504628373,3150.98116666667,3385,1139
-0.353573783316775,-0.444218553163085,0.322023780211943,3152.28246666667,3386,1140
-0.169521346145846,-0.294083895788063,0.288588257773054,3152.91643333333,3387,1140
-0.0717718128455267,-0.293727360118155,0.277820910985561,3153.5504,3388,1140
0.0513457036399225,-0.270378289247669,0.246323047401806,3154.21773333333,3389,1140
0.095503727736815,-0.207586187509354,0.255976466097422,3154.8517,3390,1140
0.241641422777438,-0.0474156097029657,0.301533284344251,3155.48566666667,3391,1140
0.338946343124607,0.710165266813874,0.47400967733425,3157.42093333333,3392,1141
0.207783210951698,0.872035740552439,0.435904707270721,3158.0549,3393,1141
0.0691251346420684,1.06917718966827,0.392555300231923,3158.68886666667,3394,1141
-0.0859181328168239,1.26928073219874,0.296413708486184,3159.32283333333,3395,1141
7.77330250173722,-3.46975745454728,6.43711426967476,3177.24073333333,3396,1142
7.75319277732392,-3.45426776775693,6.42353028771915,3177.2741,3396,1142
7.77205436946577,-3.47611972288686,6.44964502584569,3177.30746666667,3396,1142
0.994547467732139,-0.234236349908381,0.512948436102458,3178.20836666667,3397,1143
1.29737867425464,0.0651651495074292,0.45451233830527,3178.84233333333,3398,1143
1.531646094144,0.274963483177114,0.440010936620336,3179.44293333333,3399,1143
1.53392856229196,0.277478869203905,0.441095461951915,3179.4763,3399,1143
3.20891317691524,-2.93565681781567,4.30568764237707,3188.61876666667,3400,1144
3.20824479298857,-2.9524892453018,4.31307969764068,3188.65213333333,3400,1144
3.19487213692823,-2.95003866448508,4.3029952271292,3188.6855,3400,1144
-5.11100845670509,-2.66753201765676,2.217450925199,3189.5864,3401,1145
3.10032822697894,-2.22253819849235,3.83267382594534,3192.6895,3402,1146
3.09719881548571,-2.21259522436444,3.82562877197451,3192.72286666667,3402,1146
3.08991286313977,-2.20061007948994,3.81685403780291,3192.75623333333,3402,1146
-5.38168264215677,-0.468154352394395,0.968929493792392,3192.7896,3403,1147
4.7123486098551,-1.07344862985629,3.05740860602005,3196.56003333333,3404,1148
4.72554263424778,-1.07067329297355,3.06091473635064,3196.5934,3404,1148
4.73169486024678,-1.06334736549345,3.05651103385262,3196.62676666667,3404,1148
-4.94288424429207,0.885940665433284,0.950995094271249,3197.92806666667,3405,1149
-4.56824273201008,1.08769363945649,0.964248660578992,3198.56203333333,3406,1149
-4.04056895856056,1.26897916146739,0.900918272106904,3199.196,3407,1149
-4.02049092302088,1.2738040290042,0.899679361193084,3199.22936666667,3407,1149
-3.27334029640638,1.72065601685532,0.83658749850784,3200.46393333333,3408,1150
-2.86911657618863,1.72089869863867,0.769712692227922,3201.0979,3409,1150
-2.49229688515434,1.72167655908181,0.740232767452371,3201.73186666667,3410,1150
-2.07776245978676,1.78955340198412,0.790136473400754,3202.36583333333,3411,1150
-1.6874172471206,1.75658176652442,0.793232905943946,3202.9998,3412,1150
-1.33128768445982,1.84291878708688,0.830741626352459,3203.6004,3413,1150
-1.04475161150935,1.95245900515059,0.856249632572525,3204.23436666667,3414,1150
-0.747085241925195,2.0724638976166,0.855582994499719,3204.86833333333,3415,1150
-0.408789558106045,2.22563735769962,0.869232052988523,3205.5023,3417,1150
-0.40625104442969,2.22937079162611,0.869440818231011,3205.53566666667,3417,1150
-0.206921230644973,2.46407669360797,0.947322688474302,3206.13626666667,3418,1150
-0.203952378260431,2.46996204730386,0.950716508163346,3206.16963333333,3418,1150
0.112926462190498,2.76137021419874,1.08962656060743,3206.8036,3421,1150
0.472639479709812,3.12617293993113,1.19229335282999,3207.43756666667,3423,1150
-1.84102670930373,6.7772043685553,0.544932928598211,3204.9017,3416,1151
-1.30610991564846,6.22925709675048,0.942943318349814,3206.16963333333,3419,1152
-1.07811186893341,6.03393261389261,1.20757191615998,3206.8036,3420,1152
2.90161366001001,4.4977786021453,0.384313914602716,3207.43756666667,3422,1153
2.37632536489131,0.360204860968582,0.989514004493377,3208.03816666667,3424,1154
2.3432111539667,3.1156277198714,0.358012942862954,3209.94006666667,3425,1155
2.26597634060609,2.74900199652041,0.35338445454396,3210.57403333333,3426,1155
1.92922302742342,1.8066146935401,0.448621712209434,3212.47593333333,3427,1156
2.24805535298225,-2.7284591369826,0.39180693978762,3214.24436666667,3428,1157
2.61589680708765,-2.4063785619981,0.52027380945101,3215.54566666667,3429,1158
1.61823465634149,-3.88208307106462,2.67646741797097,3220.65076666667,3430,1159
2.41023205185922,-1.24915437985606,0.591757805330137,3230.19363333333,3431,1160
-4.28167609203712,-2.74717903067807,0.805020307468671,3230.8276,3432,1161
2.43201268550824,-0.340797122090442,0.572990696854114,3231.46156666667,3433,1162
2.38348820281714,0.0362421772686629,0.567611611680442,3232.09553333333,3434,1162
-3.18114801601077,-2.18197689222052,0.420692128483039,3233.39683333333,3435,1163
-2.95626216508265,-2.03302804847224,0.464375686591401,3234.0308,3436,1163
-2.67219423124,-1.85348784517814,0.545933076421481,3234.66476666667,3437,1163
2.21192245589321,1.45991860920031,0.680249451868129,3235.26536666667,3438,1164
2.10281143467354,-1.17235688226542,1.46723226859247,3246.3431,3439,1165
-4.78244195132396,-2.05276509103715,4.91701130302357,3247.07716666667,3440,1166
1.2572319572281,-1.39760435486103,0.425900883546948,3248.67876666667,3441,1167
1.45054883900308,-0.950385591994236,0.53866094517353,3249.31273333333,3442,1167
1.62687477873899,-0.580226004463173,0.6460074235352,3249.9467,3443,1167
1.71397035743409,-0.256367066903686,0.742177080873322,3250.58066666667,3445,1167
1.65683302933981,-0.0265793768361741,0.886138611625353,3251.21463333333,3447,1167
1.68044367308792,0.277709080038027,0.997857490636846,3251.88196666667,3449,1167
0.184274452618271,2.36549686905676,4.57908822240024,3250.247,3444,1168
0.427262079072766,2.31510613104688,4.61615104691752,3250.88096666667,3446,1168
0.618249425285812,2.18347679861617,4.50380321583379,3251.48156666667,3448,1168
0.619547456137062,2.18172504282961,4.5161985100508,3251.51493333333,3448,1168
0.799439350675807,1.84092068280427,4.42357345491875,3252.1489,3450,1168
0.937320249366112,1.36633253594026,4.35960999605117,3252.7495,3452,1168
0.938325349246976,1.35894735572662,4.35989226441882,3252.78286666667,3452,1168
1.07252330450325,0.833135750092806,4.25615044503185,3253.41683333333,3455,1168
1.2064126643349,0.272707896319362,4.15262927505583,3254.0508,3458,1168
1.20898442966028,0.265199657083035,4.1530079203658,3254.08416666667,3458,1168
1.23843368988832,-0.167045098834118,4.03699030745418,3254.68476666667,3460,1168
1.23847944165511,-0.172011018481673,4.03676996719316,3254.71813333333,3460,1168
1.24881992210658,-0.523070390712679,3.85307221157111,3255.31873333333,3462,1168
1.2976187328724,-0.790107323654617,3.65426951380752,3255.9527,3463,1168
1.33548028583794,-1.24330788957721,3.39635807161213,3256.58666666667,3464,1168
-0.500890944094746,-1.18579087225611,0.351102673500328,3252.51593333333,3451,1169
-0.419539454650861,-1.02120887494075,0.401964320618657,3253.1499,3453,1169
-0.196980226461244,-0.857474636411275,0.456964312312838,3253.78386666667,3456,1169
0.0653573172417896,-0.733073628132661,0.488047626376945,3254.41783333333,3459,1169
1.80417068785419,0.800471793067978,1.40699397234644,3253.1499,3454,1170
1.79115156183428,0.955039590591244,1.65754575041684,3253.78386666667,3457,1170
1.80128898149645,1.03565780959818,1.85226717055352,3255.01843333333,3461,1171
0.32384649092937,0.620334554841429,0.797597631933468,3258.255,3465,1172
0.0979155249722807,0.834233223128429,0.756110964092557,3258.88896666667,3466,1172
0.0934400101531523,0.834613823669317,0.755191597484668,3258.92233333333,3466,1172
-0.294462029974836,0.965212414927621,0.64238245969688,3259.5563,3467,1172
0.873987912769261,-3.40393563360568,1.98020443645082,3259.6564,3468,1173
0.482793438422239,-3.3246984576043,1.81057486948735,3260.257,3469,1173
-0.0246698865287559,-3.33301802414533,1.73441421233563,3260.8576,3470,1173
-1.8734037718733,-3.78004835819582,1.9141602993684,3262.69276666667,3471,1174
1.7552128703829,-1.38124019668146,0.568299826608557,3263.32673333333,3472,1175
1.86858839823895,-1.21064603270194,0.527133028077807,3263.9607,3473,1175
1.96709089665762,-0.951544837999788,0.555177364635742,3264.59466666667,3474,1175
2.05972233733198,-0.674842854355999,0.565719029384185,3265.22863333333,3475,1175
2.14998346582098,-0.359345456366413,0.564029711349333,3265.8626,3476,1175
2.25789937929881,-0.0100869538335127,0.541688246042595,3266.49656666667,3477,1175
2.18125279508522,0.17523773738816,0.501776892413868,3267.13053333333,3478,1175
4.03378882167447,3.75859313928047,0.549393920286137,3268.39846666667,3479,1176
1.6026348706428,1.34733543868512,0.468348895046695,3269.6664,3480,1177
4.25042449478258,-0.362784634810878,4.12985512481397,3283.01306666667,3481,1178
-5.49282898220349,2.77444702099497,0.608181114512801,3306.1028,3482,1179
-3.72262776827519,2.51187241787759,0.602172572156657,3313.07643333333,3483,1180
-2.30387256243062,-2.6345980837301,2.57404244190055,3321.55156666667,3484,1181
-1.84229187958078,-2.3757235567813,2.15959424477863,3322.8195,3485,1182
-1.8955344661923,-2.26347125982218,1.94237515751747,3323.45346666667,3486,1182
4.76535830197381,3.13850080359502,0.724284964654741,3324.65466666667,3487,1183
4.26658494007782,2.99251239632037,0.778948446738803,3325.322,3488,1183
3.89097342436907,2.80286268304038,0.846721830211448,3325.95596666667,3491,1183
-1.99737588431519,-1.73939651748537,1.83366024193182,3325.35536666667,3489,1184
-1.8280628694862,-1.80148263037233,1.98626136538482,3325.95596666667,3492,1184
-1.74631813695895,-1.891484462661,2.23263831557738,3326.58993333333,3493,1184
-4.73850158239729,-0.667492956348857,4.09105549722134,3325.38873333333,3490,1185
-4.3642047550643,-0.548666941331603,3.80708595979885,3326.65666666667,3494,1186
3.07045683733087,3.05431288338913,0.870939453829055,3327.2239,3495,1187
2.71355457438991,3.18397808882429,0.85994051088353,3327.85786666667,3496,1187
2.25114787226214,3.47055554098505,0.812261887593723,3328.49183333333,3497,1187
1.86176852617053,3.70629609031868,0.729142313360424,3329.1258,3498,1187
-1.45772695769746,-2.39936326547535,2.82491099918391,3329.7264,3499,1188
-1.4013972014457,-2.35932672989039,2.88534179643072,3330.46046666667,3500,1188
-1.2147923218626,-2.43346933478569,2.88083562993411,3331.06106666667,3501,1188
-0.948324685138448,-2.48147255489057,3.04503940080584,3331.7284,3502,1188
1.87712172963382,0.93375753410296,2.08478680607089,3338.10143333333,3503,1189
1.55483895798283,0.935242586884526,2.21570706313579,3338.7354,3504,1189
1.24718011559269,1.20311082942449,2.35848217859498,3339.36936666667,3505,1189
1.2407829665799,1.20593520903244,2.36133338035332,3339.40273333333,3505,1189
0.842868560009348,1.39820818545214,2.54410337457943,3340.00333333333,3506,1189
0.836181056397514,1.40025807693929,2.54703068327288,3340.0367,3506,1189
0.476790423601973,1.52439377431264,2.78927358688438,3340.6373,3507,1189
0.474010567339971,1.52770525311802,2.79289416075004,3340.67066666667,3507,1189
0.253477395074797,1.71082202640372,3.08850752531026,3341.27126666667,3508,1189
0.249969408566866,1.71285452500345,3.0927471469933,3341.30463333333,3508,1189
-0.937108657051667,2.03584480559245,4.26091262594705,3351.5482,3509,1190
-1.2178956338893,1.84464203439349,4.83165699723106,3354.01733333333,3510,1191
-1.7558334955894,1.62890618521506,5.45789697995715,3355.28526666667,3511,1192
2.24480898432541,5.41958408326874,0.449812796574572,3367.49746666667,3512,1193
2.39502906847262,4.96391611348526,0.530029635819197,3368.13143333333,3513,1193
2.4568876515209,4.45511480150811,0.594891837125534,3368.7654,3514,1193
2.48174839670709,3.85928157938609,0.541522605105401,3369.39936666667,3515,1193
2.30735581818075,3.4568427083503,0.54242767629977,3370.03333333333,3516,1193
2.30890493775679,3.45642941574704,0.542847294343601,3370.0667,3516,1193
2.10679038842692,2.94665720093105,0.583379772153499,3370.70066666667,3517,1193
1.89652592867586,2.46598470724263,0.580085212658059,3371.33463333333,3518,1193
1.71119838479189,2.01626426163269,0.542856938775295,3372.00196666667,3519,1193
3.9859707664416,3.68910707899094,0.665258624641262,3372.63593333333,3520,1194
3.24720292569456,3.76704879211572,0.662462764756969,3373.90386666667,3521,1195
2.86621672058886,3.51198568132605,0.744854620777343,3374.5712,3522,1195
2.46059737722679,3.14505025900715,0.718113380636343,3375.20516666667,3523,1195
1.99661098611487,2.78734169370292,0.676983625872411,3375.8725,3524,1195
1.37448013258538,2.37958105028207,0.60053833536754,3376.50646666667,3525,1195
0.0940538706792606,1.84638603793504,0.460346918248755,3377.80776666667,3526,1196
-1.85721718972733,1.32384414787923,6.40195620722321,3407.23716666667,3527,1197
5.00814860011154,2.02164225994798,0.965877515850478,3416.67993333333,3528,1198
4.65450883963595,2.33569779105404,1.00590614319152,3417.3139,3529,1198
4.64965988266719,2.3398044154331,1.00848470540227,3417.34726666667,3529,1198
3.31682788312958,3.53410500301582,0.991146858939239,3419.24916666667,3530,1199
-3.70813041169787,-0.48660871092857,0.490072505608352,3427.5241,3531,1200
4.23726692944766,-1.13351871341142,0.912791959570538,3431.29453333333,3532,1201
4.16587250163868,-1.0357682704319,0.964207498956586,3431.9285,3533,1201
4.00144830167585,-0.976149317914034,0.962163954077009,3432.56246666667,3534,1201
3.74474761078035,-0.827343936883346,0.888937306305446,3433.19643333333,3535,1201
3.53915039940814,-0.553166712809248,0.847927529746904,3433.8304,3536,1201
3.43332213125908,-0.246870564563984,0.840260405158978,3434.46436666667,3537,1201
2.69022877949669,0.694176894170514,1.23284462025058,3438.86876666667,3538,1202
2.56143087958076,0.816328452219976,1.30532889797034,3439.50273333333,3539,1202
-1.93033562444517,-2.25488232720742,0.317026339189001,3447.1437,3540,1203
-2.08612313439314,-1.83191366957419,0.373459572142782,3447.77766666667,3541,1203
-2.3640103413418,-1.43354120512135,0.455765543472634,3448.445,3542,1203
-2.44873243132038,-1.06826082548951,0.509584065791963,3449.07896666667,3544,1203
2.65792257476646,0.371646334426624,5.36673221730329,3448.51173333333,3543,1204
2.43080069057099,0.263815934868807,5.13752935062294,3449.1457,3545,1204
2.05512034181826,0.209971011489653,4.83907605172599,3449.7463,3546,1204
1.97059728528305,-0.0614982687269613,4.64593278924607,3450.3469,3547,1204
2.06074050371567,-0.390113504955323,4.46121372074063,3450.98086666667,3549,1204
2.3552946449625,-0.437143975965934,4.21341897460056,3451.61483333333,3551,1204
-3.03737705265738,-0.0219508482180548,0.486466174977558,3450.98086666667,3548,1205
-2.9694669899106,0.257290683821357,0.471176629109134,3451.61483333333,3550,1205
1.51199471906557,5.12479050386842,4.64648916746915,3452.2488,3552,1206
1.14223670734672,4.79578027575824,4.52985158007856,3453.51673333333,3553,1207
12.4996654888669,11.3426666323119,8.20479487418624,3456.61983333333,3554,1208
2.02513671319223,-1.81441240019011,0.656615161560036,3458.58846666667,3555,1209
1.99610931111024,-0.605895781052827,0.653375279529634,3461.79166666667,3556,1210
1.9769051465946,-0.340796751629524,0.553523763588904,3462.42563333333,3557,1210
2.10628777103704,0.0706146147633354,0.564586437458826,3463.0596,3559,1210
2.72573166155434,-0.339944612039338,0.620286759346005,3463.69356666667,3561,1210
3.46239777015281,3.49448684469077,2.53035354908509,3463.0596,3558,1211
3.4716175518937,3.49035594385632,2.5309029995061,3463.09296666667,3558,1211
3.73942549981937,2.93493755411859,2.30436161124766,3463.69356666667,3560,1211
3.74463352271434,2.92776506794827,2.30238916043476,3463.72693333333,3560,1211
4.10581068048813,2.36604524162765,2.05513853222044,3464.3609,3564,1211
4.57044612536655,1.90968049059334,1.7873436005651,3464.99486666667,3566,1211
-0.282713719575471,8.48990067284255,1.09094933721084,3464.32753333333,3562,1212
-0.068043328350711,7.87409466778592,1.17549081914589,3464.9615,3565,1212
-0.104706674671058,7.04609043292244,1.21379019148953,3465.59546666667,3567,1212
-0.145691654373387,6.41181453374281,1.18213311134229,3466.22943333333,3568,1212
0.0314297205540164,5.57986453559559,1.12045816535149,3466.8634,3569,1212
0.154794885502454,4.82897854905965,1.08070490806532,3467.49736666667,3570,1212
0.183714855319583,3.97022856640386,0.960303153939633,3468.13133333333,3571,1212
0.220552973092802,3.10157927085142,0.84292908299245,3468.7653,3572,1212
0.221013783587248,2.37243581826018,0.832263418491546,3469.39926666667,3573,1212
0.288776950454213,1.93080320993944,0.809572045781011,3470.03323333333,3574,1212
0.291693689440401,1.92409255316612,0.810274550101076,3470.0666,3574,1212
1.71384066543058,1.17881155872575,0.855015605516844,3464.32753333333,3563,1213
3.41700464743643,3.22649473115945,1.90015771633712,3472.60246666667,3575,1214
3.12928789605226,3.35773461977407,1.92875799742308,3473.23643333333,3577,1214
2.84597456792558,3.47231697002703,1.84452276019217,3473.8704,3579,1214
2.44991289443161,3.50378676059859,1.75083132303367,3474.53773333333,3582,1214
2.06659942565999,3.52342017200018,1.64048612087566,3475.1717,3583,1214
1.74669356154062,3.47188818491044,1.45180445713569,3475.80566666667,3586,1214
1.31130286675154,3.3790185578406,1.32377859210787,3476.43963333333,3587,1214
1.07103601668168,3.28283710396848,1.2509598046659,3477.0736,3588,1214
1.06500678590807,3.27896716504899,1.24938569427886,3477.10696666667,3588,1214
-3.32960062221683,2.29215553835867,0.495607307039986,3472.60246666667,3576,1215
-3.25017368469488,1.91758599056862,0.485928261602764,3473.23643333333,3578,1215
-3.12890430085694,1.53926748675873,0.46172768864813,3473.8704,3580,1215
2.8389140560179,0.504373301270548,12.199090728038,3474.43763333333,3581,1216
-2.79236565430575,0.788025738860334,0.423184444685103,3475.1717,3584,1217
-1.51754416121227,12.8500714795071,12.6653182780799,3475.50536666667,3585,1218
0.835987604078764,3.19410100440986,1.10050303179315,3478.3749,3589,1219
0.324353438761917,2.72595858919279,0.70952624416589,3480.2768,3590,1220
0.323119688874584,2.71649660457279,0.709065770983357,3480.31016666667,3590,1220
0.0458062079432864,2.38356742692328,0.70724663683963,3480.94413333333,3591,1220
-0.246742395668998,2.08207602066354,0.725849580462837,3481.5781,3592,1220
-4.92328757693843,4.32233186039351,1.87144699255448,3492.45563333333,3593,1221
-4.68964729419264,4.09236997635389,1.67761121332001,3493.0896,3594,1221
-4.32937612733061,3.78935848710593,1.38806409610619,3493.72356666667,3595,1221
-3.93015844989794,-2.74829665053867,0.869417319544701,3494.92476666667,3596,1222
-3.34682585683479,-2.70819250359326,0.823436871052829,3495.55873333333,3597,1222
-2.64721408739923,-2.77510445800524,0.733612185034067,3496.22606666667,3598,1222
-2.08659117577516,3.74045059148621,0.520872527135757,3498.76193333333,3599,1223
-1.62116769484175,3.57955988375079,0.681247001794684,3500.02986666667,3600,1224
-1.21359229750896,3.51033368486988,0.692996553727656,3500.6972,3601,1224
-0.802862989589485,3.40219791287433,0.646205652382195,3501.33116666667,3602,1224
-0.467371324719214,3.31618409163587,0.623329751586497,3501.96513333333,3603,1224
-0.131529491834257,3.27204809235427,0.644319465559814,3502.5991,3604,1224
0.151050107122105,3.29204306700595,0.577175608443733,3503.23306666667,3605,1224
1.10964374252546,3.49392517836569,0.743778457135223,3505.13496666667,3606,1225
1.24062843276065,3.41947555782429,0.755409674338542,3505.76893333333,3607,1225
1.24254435508395,3.4176334897492,0.755690379169142,3505.8023,3607,1225
1.41042943190279,3.22172606892614,0.807377950975982,3506.43626666667,3609,1225
1.56130477059625,2.97971406200726,0.971870520626841,3507.07023333333,3611,1225
1.64962971022814,2.79074576252567,1.1700848315319,3507.7042,3613,1225
1.61731873408768,2.68124418866595,1.30614873252058,3508.33816666667,3615,1225
1.52316843526722,2.5502054536783,1.43192101298095,3508.97213333333,3617,1225
1.5210762824141,2.54879527163982,1.43334771711577,3509.0055,3617,1225
1.42774485669873,2.34170306298669,1.53382488658362,3509.6061,3619,1225
1.42623506617771,2.33845475241475,1.5356653290973,3509.63946666667,3619,1225
1.28188946433526,2.03958612105603,1.58367319168556,3510.24006666667,3622,1225
1.27672293438213,2.03252525892905,1.58464876930765,3510.27343333333,3622,1225
0.985505503041264,1.754410307601,1.71061498209783,3510.9074,3623,1225
0.650091653002106,1.59418131299602,1.75245938681309,3511.54136666667,3624,1225
0.437854629549961,1.63001734886227,1.93171641180484,3512.17533333333,3625,1225
0.259843504167475,1.70291402379498,2.10069123308366,3512.77593333333,3626,1225
0.257826189549331,1.70345511253564,2.10631626312436,3512.8093,3626,1225
0.15474451229117,1.79023233537391,2.2864844699826,3513.4099,3627,1225
0.0578369715789466,1.86471897177113,2.41572655629382,3514.04386666667,3628,1225
-0.102888945760076,1.9361638749293,2.47408893623939,3514.67783333333,3629,1225
-0.105464347861444,1.93766194395301,2.47433394325693,3514.7112,3629,1225
2.54510932066247,-1.04480381797732,0.693141569160495,3505.8023,3608,1226
2.50653982655876,-0.946498607091258,0.726233147182547,3506.43626666667,3610,1226
2.5435134079607,-0.821818853383036,0.745041399758802,3507.07023333333,3612,1226
2.48917818010984,-0.725923200560956,0.7028331789599,3507.7042,3614,1226
2.38157369662542,-0.662372224989446,0.668774767747692,3508.33816666667,3616,1226
2.38072514552491,-0.660708555836119,0.670615825999323,3508.37153333333,3616,1226
2.2469385516154,-0.598633164938311,0.655087128890493,3508.97213333333,3618,1226
2.09484276408165,-0.526571512295216,0.687213211043794,3509.63946666667,3620,1226
1.88531172957217,-0.454826436755931,0.752767125844378,3510.24006666667,3621,1226
1.88650783605152,-0.457569417534648,0.75437390993225,3510.27343333333,3621,1226
-0.576599529601126,1.95502129143376,2.43420543744506,3515.97913333333,3630,1227
-0.81415585071063,2.02224103043233,2.53858116868015,3516.6131,3632,1227
-1.10662836341286,2.070767999714,2.58355712891202,3517.28043333333,3634,1227
-1.46491651799697,2.05959566952825,2.58748375639719,3517.9144,3635,1227
3.10579565494308,3.36061156581175,0.438831439044886,3516.6131,3631,1228
2.7545804162453,3.64851513452766,0.389947491860884,3517.24706666667,3633,1228
4.8295926722683,4.64667691441231,0.337369557021949,3523.0195,3636,1229
4.40904456816576,3.08245840654392,0.429740695117287,3525.6221,3637,1230
4.04317688583758,2.16598431947482,0.366444005750585,3526.89003333333,3638,1231
3.87290482491466,1.81044633097912,0.369468796366969,3527.524,3639,1231
5.45389940767144,2.55956836753467,0.526786356248704,3547.2437,3640,1232
5.26533436080738,2.52052813008078,0.454264776787519,3547.87766666667,3641,1232
4.30348417555031,1.91488073664662,0.500471557286273,3550.4469,3642,1233
4.04427286682707,1.835566391249,0.530691921906512,3551.08086666667,3643,1233
3.70586616264256,1.78347422361412,0.50584868044137,3551.71483333333,3644,1233
3.70589255807198,1.78347596872392,0.506392939125141,3551.7482,3644,1233
3.41443592162273,1.65399060982337,0.468589569044876,3552.3488,3646,1233
3.4076681752899,1.6514717089104,0.468210343981333,3552.38216666667,3646,1233
3.23515787687884,1.64132494531792,0.503232929901903,3553.01613333333,3647,1233
3.1791697774151,1.80437959614484,0.526492882860735,3553.6501,3648,1233
3.06628570253804,1.98825860036694,0.545164972734853,3554.28406666667,3649,1233
2.84395462401661,2.1046671278844,0.529665829091601,3554.91803333333,3650,1233
2.55102205315668,2.07679584077093,0.424657957237859,3555.552,3651,1233
1.53798629581499,5.12683709184938,0.271991946200958,3551.7482,3645,1234
0.139197409709423,4.6671672099953,0.466371066667453,3558.1546,3652,1235
-0.183716451720469,4.51679029055488,0.628809071473662,3558.78856666667,3653,1235
-0.482893268310224,4.39643639052927,0.741050603932087,3559.42253333333,3654,1235
-0.47489972732094,4.22717486214891,0.942635840538449,3560.0565,3655,1235
-0.480709635054336,4.23637214679488,0.947323644750164,3560.08986666667,3655,1235
-0.631362880556784,4.07312676887035,1.06600155647809,3560.72383333333,3656,1235
-0.925364247073546,3.88867673862181,1.11697685200332,3561.3578,3657,1235
-0.972384018485557,3.61450402770275,1.18268179522801,3561.99176666667,3658,1235
-0.978806894578814,3.24360813110558,1.42000933467082,3562.6591,3659,1235
-0.85578590366606,3.03699423813083,1.67681795515416,3563.29306666667,3660,1235
-0.666570737501583,2.8587383229566,1.90735357844034,3563.92703333333,3661,1235
-0.453896877579423,2.75988771861193,2.17446002137464,3564.561,3662,1235
-0.450722338784126,2.7612707408572,2.17769743036635,3564.59436666667,3662,1235
-0.0771299928534904,5.91669526687176,0.321563437183808,3576.6731,3663,1236
-0.0132613555071031,5.64319521824273,0.390816383927882,3577.30706666667,3664,1236
-2.11073135695987,2.45980284655417,0.485008923543907,3577.30706666667,3665,1237
-2.91956889286928,1.73009655750835,0.422138857748925,3580.4769,3666,1238
1.45664837888527,4.11742026452099,0.517103500839459,3581.14423333333,3667,1239
-2.45280055523494,0.788258013092203,0.491943498251206,3582.41216666667,3668,1240
1.21616188516248,0.250176349220362,8.41880497886009,3582.4789,3669,1241
1.60832486638597,0.309233122699913,8.5908138693337,3583.11286666667,3670,1241
-1.39058837765251,-0.0500123008998327,0.480911131672794,3584.34743333333,3671,1242
-1.03652208420825,-0.326287677665952,0.437290065695084,3584.9814,3672,1242
-0.673920203710845,-0.436358935610146,0.473535091189317,3585.61536666667,3673,1242
-0.405761478972502,-0.368966816797246,0.545825964323658,3586.24933333333,3674,1242
-0.382945423932162,2.72711943856588,2.26097260328975,3601.63136666667,3675,1243
-0.382566963395984,2.72730057361696,2.25996804153099,3602.26533333333,3676,1243
-3.38045780543606,-2.95543492650323,2.78891349071002,3608.03776666667,3677,1244
-2.88756712395599,-3.20416692504957,2.94891673242331,3608.67173333333,3678,1244
6.74302045555396,5.07159489103356,9.74571557103693,3615.84556666667,3679,1245
6.74652655382033,5.06615948162877,9.74187574853802,3615.87893333333,3679,1245
-1.12479025352033,4.6601820725579,0.296586668134418,3616.37943333333,3680,1246
-1.26008249767251,4.2732771557804,0.325388596361231,3617.0134,3681,1246
-1.40586037142318,3.97608234589271,0.388063695774388,3617.64736666667,3682,1246
-1.62249431858297,3.69612145311411,0.369067455213634,3618.28133333333,3683,1246
-3.85299221236007,-2.34866396351697,4.22462349603559,3649.61263333333,3684,1247
3.21300762185248,-0.943016461022325,0.496971863036478,3652.81583333333,3685,1248
2.8144649262056,-0.358923744923918,0.551447639982661,3655.38506666667,3686,1249
2.72055908571341,-0.127569254407434,0.531989223130382,3656.01903333333,3687,1249
2.53422035912194,0.10332879833739,0.478135982823331,3656.653,3688,1249
2.50882267021176,0.296596367700182,0.415289240108265,3657.32033333333,3689,1249
2.32511619106892,0.591939343424241,0.472181500218016,3657.9543,3690,1249
2.14492906605786,0.822687636060262,0.46447209719931,3658.62163333333,3692,1249
1.96203617035259,0.965353098747818,0.429290170427879,3659.2556,3693,1249
1.87906312559901,1.0976550305865,0.374724453129686,3659.92293333333,3694,1249
1.73663553876725,1.2106519456443,0.356488511516437,3660.52353333333,3695,1249
1.73386592779342,1.21168929948659,0.356606022557492,3660.5569,3695,1249
1.55559292688974,1.3406090795897,0.353235609660196,3661.1575,3696,1249
1.32899864261279,1.4685475446496,0.357030914151409,3661.79146666667,3697,1249
1.11710689932255,1.5894818532011,0.370679914642386,3662.39206666667,3698,1249
1.11486653379519,1.58990378934022,0.370958773446793,3662.42543333333,3698,1249
0.854636130736593,1.63999509683063,0.389346732948457,3663.02603333333,3699,1249
0.851217332924173,1.64140414653041,0.389948314738011,3663.0594,3699,1249
0.564202781829382,1.68321413523764,0.346329097091288,3663.69336666667,3700,1249
0.327897792109189,1.77162483188961,0.330847877300864,3664.32733333333,3701,1249
0.0486881204292371,1.86871079845876,0.31793123227293,3664.9613,3702,1249
-0.0976590005908846,1.93634267998538,0.315896663251556,3665.5619,3703,1249
2.05085427610065,-2.20747856065148,5.64831015752176,3658.62163333333,3691,1250
-0.38005288630381,2.73167609654848,2.25920601290874,3670.09976666667,3704,1251
-0.376842023962802,2.73700404751523,2.25378181405048,3671.40106666667,3705,1252
-6.83769449619055,4.99160762865546,1.55570429420402,3683.51316666667,3706,1253
3.30953080025817,0.279301712244955,0.707742416539054,3684.7811,3707,1254
-6.03634042932836,4.65088181259247,2.42574487974877,3686.71636666667,3708,1255
-5.89900359723603,4.53020866449658,2.68589894959147,3687.35033333333,3709,1255
4.44407499780292,-0.509148129429761,3.72349173316892,3687.9843,3710,1256
2.30665043629632,0.336806386057669,2.94778242936261,3693.0894,3711,1257
3.96411476848076,-0.243859049065644,0.779840878023365,3710.9072,3712,1258
4.53370860958916,0.930876784507268,0.451534217397075,3719.9162,3713,1259
-9.10188417476723,-15.4960395369262,2.90049656257493,3728.75836666667,3714,1260
-5.05197624124238,0.835969199244834,0.797836524979457,3730.15976666667,3715,1261
-4.70398557469216,0.952009368924002,0.833245715778824,3730.79373333333,3716,1261
-4.43571568290798,1.0669231572505,0.731176288428944,3731.39433333333,3718,1261
-4.16317185669554,1.17167594640957,0.633359652937268,3732.0283,3719,1261
-3.93827667791996,1.24382399106278,0.604502760884884,3732.66226666667,3720,1261
-3.64149801075759,1.26672759368116,0.597390105712904,3733.29623333333,3722,1261
-3.3225861252489,1.31927559301034,0.619076776725823,3733.9302,3723,1261
-3.00690191690571,1.46594399081143,0.685129449128179,3734.56416666667,3724,1261
-2.7399126921844,1.63706995910855,0.748795422503052,3735.19813333333,3726,1261
-7.38791680752949,-13.7192972492898,2.25786723768513,3730.89383333333,3717,1262
-6.47503204983602,-12.0508078525864,2.24080892748696,3732.89583333333,3721,1263
-6.42864918052987,-11.9874198956853,2.24201941291793,3732.9292,3721,1263
-4.73750200720975,-10.7821596994783,2.47621817883124,3735.06466666667,3725,1264
-4.65722641819913,-10.649087225469,2.45797125306767,3735.09803333333,3725,1264
2.23378873538085,0.389011616241545,3.00900650039949,3735.8321,3727,1265
-2.38826927566059,1.93047868013507,0.729704893096022,3736.4327,3728,1266
-2.58969558157516,1.86952126947613,0.747372993687298,3737.06666666667,3730,1266
-2.37382714589224,2.16150052986172,0.650911215156877,3737.70063333333,3731,1266
-2.38286716130083,1.69600230476002,0.70896914927138,3737.734,3732,1266
-2.07452363231992,1.59415070914516,0.646474722290285,3738.36796666667,3733,1266
-1.80962685425082,1.54313419182643,0.529635290544203,3739.00193333333,3734,1266
-1.60345597209665,1.51860228103907,0.369315799686612,3739.6359,3735,1266
-5.82937293786795,2.82302745330613,3.46454224605935,3736.46606666667,3729,1267
-1.37535066321707,1.75560769936103,0.365072632185914,3740.90383333333,3736,1268
-1.2254593307273,1.94237834422291,0.446032950075324,3741.5378,3737,1268
-1.22148272905334,1.94403751698234,0.447137116337449,3741.57116666667,3737,1268
-1.00314556861009,2.09751290911247,0.377821179216705,3742.17176666667,3738,1268
-0.76865923717619,2.12680069670004,0.295900257319479,3742.80573333333,3739,1268
-0.542893549244576,2.05626288375301,0.184688357904597,3743.4397,3741,1268
-0.418003537886726,1.9302728825474,0.108312707537696,3744.07366666667,3742,1268
-0.29176261948041,1.79994175179911,0.123765486560656,3744.67426666667,3743,1268
-0.155276607058181,1.66991547424851,0.187498467101447,3745.30823333333,3744,1268
0.00820328540049053,1.61274640428405,0.232393744922029,3745.9422,3745,1268
0.260931331110925,1.61843359457456,0.283995457586512,3746.5428,3746,1268
0.264298620382483,1.61872481772935,0.284471802885045,3746.57616666667,3746,1268
0.52534811369802,1.65523683942471,0.347121976570504,3747.17676666667,3747,1268
0.813666804096262,1.6962824781813,0.32557510023123,3747.81073333333,3748,1268
1.06091149155753,1.70057054672156,0.373602349418174,3748.4447,3750,1268
1.2879488179984,-10.2213429565577,4.31504280561295,3743.07266666667,3740,1269
1.29333618787091,-10.2118880712208,4.31708868681693,3743.10603333333,3740,1269
-4.01317635969435,-0.36873386084324,0.464291383824891,3747.8441,3749,1270
-3.78924100187998,-0.172704129485703,0.514842890241331,3748.47806666667,3751,1270
-3.58544327670691,0.115046842067842,0.539047271094823,3749.11203333333,3752,1270
3.30630169145366,0.281922369732379,0.70649648035004,3750.98056666667,3753,1271
3.30111404557767,0.282531832910322,0.706347824475066,3751.6479,3754,1271
-0.612749747117477,3.99040953607373,0.31504679587599,3758.22113333333,3755,1272
-0.382694358563507,3.89809362885855,0.308893170352047,3758.8551,3756,1272
-0.173750175611343,3.81201254754238,0.347588237521787,3759.48906666667,3757,1272
2.86845859047978,4.13507136106328,0.403533903239109,3767.83073333333,3758,1273
3.33161084209931,3.03938678204482,0.471254665760597,3769.766,3759,1274
-5.81779589286981,-7.54456167816918,14.1972973729674,3770.19976666667,3760,1275
3.82228675972211,1.33188139539606,0.474261541745403,3773.00256666667,3761,1276
3.55999914043889,1.1285918197494,0.423919974520904,3773.63653333333,3762,1276
3.42045390972155,0.835898565652379,0.484293486850457,3774.30386666667,3763,1276
-0.333995327016879,-0.302200210133107,0.340379601804066,3783.2795,3764,1277
-0.696169598955516,-0.183794970763795,0.343985180219168,3783.91346666667,3765,1277
-0.971583569635773,0.0381266102063221,0.359894369591465,3784.5808,3766,1277
2.97549233748579,-0.590844519243383,0.522694358267025,3794.95783333333,3767,1278
2.70689307169464,0.0180057208651391,0.535579701108948,3797.52706666667,3768,1279
2.61977545488633,0.163028552691913,0.561045956341383,3798.16103333333,3769,1279
2.62690395378688,0.291250129403605,0.520405905955903,3798.76163333333,3770,1279
2.62799961725322,0.29238865653476,0.521360204406599,3798.795,3770,1279
2.57950045268288,0.418109821875279,0.461260464821917,3799.3956,3771,1279
2.50597374715954,0.522560690525905,0.446839077806204,3800.02956666667,3772,1279
2.45642228720913,0.629161753513678,0.416652376445109,3800.66353333333,3773,1279
2.44429451218656,0.759324001486125,0.392621233074609,3801.26413333333,3774,1279
2.45125806242896,0.903046214470895,0.383865496601048,3801.8981,3775,1279
3.30328089203682,0.333161949547856,0.501175844145158,3802.53206666667,3776,1280
1.4803425676568,5.83923349574942,3.3780193681301,3803.1994,3777,1281
-2.10298616960091,-0.665721293233236,7.22405255859227,3825.48833333333,3778,1282
-1.6806369393459,3.61284301001062,0.565009744989507,3831.16066666667,3779,1283
5.64888811610651,0.154499920329104,0.466408251709239,3837.60043333333,3780,1284
5.63968542230204,0.155361233185409,0.466251803800881,3839.50233333333,3781,1285
3.81218524193648,1.07670995358264,0.37909656005052,3840.1363,3782,1286
5.46967881971405,1.00891093593362,0.381545934385067,3840.77026666667,3783,1287
0.9096806688222,4.33991962431405,9.72103445727593,3841.0372,3784,1288
0.526166435880374,3.83346984038156,9.4742806114533,3841.70453333333,3785,1288
2.55488259311789,1.60434855876399,0.426200836365789,3842.07156666667,3786,1289
0.873473104922152,1.23695113505204,7.2029073373311,3845.20803333333,3787,1290
1.641469940526,0.807780781627954,6.5819254165739,3846.4426,3788,1291
1.63909924830236,0.801247998342771,6.58414871317615,3846.47596666667,3788,1291
1.35991546032531,0.239772558415234,6.26656921823092,3847.10993333333,3791,1291
0.897146278096387,-0.101206012175969,6.07774258283943,3847.7439,3792,1291
0.893023497100463,-0.107893642030134,6.09186983614283,3847.77726666667,3792,1291
1.35627726280772,1.79318644464798,4.81480319088838,3846.4426,3789,1292
1.35275319681179,1.79286025788598,4.80819181445702,3846.47596666667,3789,1292
0.879942135390129,1.76629326551491,4.50428976598992,3847.10993333333,3790,1292
0.872076580530514,1.76561501154708,4.49755389890241,3847.1433,3790,1292
0.4297422356378,1.70073030944381,4.25854526886045,3847.77726666667,3793,1292
0.07672607847138,1.7767891631412,3.97882620187228,3848.41123333333,3794,1292
0.0735322845039903,1.78245662644248,3.97394606084727,3848.4446,3794,1292
-0.0670712574266189,2.1755846898211,3.67316411105811,3849.0452,3795,1292
-0.287306686918964,2.75621894039041,3.21611012259465,3850.31313333333,3796,1293
-0.283375261743505,2.75814972784799,3.21163076278302,3850.3465,3796,1293
-0.959572364914487,-0.629901377695621,5.02141020374868,3852.28176666667,3797,1294
-1.43212485860014,-0.682041905922678,4.74858681634135,3852.91573333333,3798,1294
-1.43762862691476,-0.683039475734581,4.74757895078295,3852.9491,3798,1294
-1.94968043581089,-0.727225960635916,4.39223704882172,3853.5497,3799,1294
-2.46186667022928,-0.785063145839531,4.06330995044475,3854.18366666667,3800,1294
-2.95926035564495,-0.8268961676676,3.80599408552162,3854.81763333333,3801,1294
-6.52685390971856,-1.47723762186182,0.807848285144283,3859.32213333333,3802,1295
-6.23111637439512,-1.2723846235968,0.878184760231842,3859.9561,3803,1295
-5.91460853822924,-1.18900134787433,0.877829978966248,3860.59006666667,3804,1295
-5.73133546653332,-1.08894867898851,0.736584420922224,3861.22403333333,3805,1295
-4.58151764916794,-0.389186663462666,0.305292468369167,3864.39386666667,3806,1296
2.47688254076915,1.63902530647465,0.43839527701981,3865.0612,3807,1297
4.44682665307011,0.787785823936475,0.404736016028698,3865.69516666667,3808,1298
5.05379302438181,0.503797680471413,0.400878104814208,3866.32913333333,3810,1298
-3.60167970629203,0.0188390276766627,0.413213401609089,3866.32913333333,3809,1299
-2.98810337245843,0.526618619915101,0.361481551892943,3868.23103333333,3811,1300
-2.9881442682575,0.526635567523957,0.359794880975431,3868.2644,3811,1300
-0.271761994150648,2.97825452260089,3.24173983590272,3882.94573333333,3812,1301
0.0235317479295125,3.56105067095031,3.27228559679601,3884.21366666667,3813,1302
0.509055314826323,3.71664921064572,3.18865815713722,3884.84763333333,3814,1302
0.463528217319086,3.58839783743033,2.95067626128355,3885.4816,3815,1302
0.446962913885953,3.28587397343377,2.82961082483319,3886.0822,3816,1302
0.451025457405869,3.27477064503214,2.82684194995197,3886.11556666667,3816,1302
0.859242758495171,2.88371931841555,2.54553922454176,3886.74953333333,3817,1302
0.87156560424383,2.88470040030258,2.54572958332716,3886.7829,3817,1302
1.24002626998337,2.71251397935116,2.49182927967752,3887.3835,3818,1302
1.24551049021751,2.70799143701903,2.49154974351749,3887.41686666667,3818,1302
1.61857385172524,2.42028011267207,2.372258511869,3888.01746666667,3819,1302
1.62650529309925,2.41347213349329,2.37207506151815,3888.05083333333,3819,1302
1.86914814229955,1.99292301598752,2.43815854407116,3888.65143333333,3820,1302
1.87285997339907,1.98499818953009,2.43723155041663,3888.6848,3820,1302
2.23281330263035,1.78301597526083,2.45760886651789,3889.2854,3821,1302
2.23809685307385,1.78419411865421,2.45707395797804,3889.31876666667,3821,1302
2.71136460049833,1.7842607917792,2.4903664596193,3889.91936666667,3822,1302
2.72105661364386,1.78536403856047,2.4937910456616,3889.95273333333,3822,1302
3.07669705007557,1.84028530421034,2.72441395256423,3890.55333333333,3823,1302
3.08277312903225,1.84517737839673,2.73004285514,3890.5867,3823,1302
3.20584876044951,2.12126398214202,2.88316469867091,3891.1873,3824,1302
3.2020474421312,2.12426083719903,2.88342455520466,3891.22066666667,3824,1302
3.18635814799486,2.35296076217253,2.90249378320239,3891.82126666667,3825,1302
3.43319415535448,2.76265239497773,3.13148177051512,3893.0892,3826,1303
8.47470767263227,1.95533891661692,0.783286480153217,3900.12956666667,3827,1304
7.88683123343002,2.19253292855313,0.800373693453954,3900.76353333333,3828,1304
6.59692092600023,2.43524864631804,0.878687046436454,3902.06483333333,3829,1305
6.13943352098867,2.57308483509635,0.905999276581922,3902.6988,3830,1305
5.25003151496216,3.82205721601364,0.864681970371015,3904.6007,3831,1306
-0.537491450879479,2.59477623747034,1.83789152216987,3906.53596666667,3832,1307
-0.486079336314703,2.46616617786429,1.74433936773904,3907.16993333333,3833,1307
-0.347591647394273,2.42419500540372,1.55636425480446,3907.8039,3834,1307
-0.345802879094737,2.42356368866293,1.55446039855163,3907.83726666667,3834,1307
-0.0926335689606849,2.43189750444652,1.2930269932133,3908.47123333333,3835,1307
0.228863842401811,2.43522360976224,1.03112844691652,3909.1052,3836,1307
-0.80312462092459,4.41386779572516,0.358383254085824,3936.1322,3837,1308
-0.44733390924252,4.35019363769862,0.396014173646988,3936.76616666667,3838,1308
0.00799561512008551,4.26199926154227,0.477131663475264,3937.4335,3840,1308
2.92763327185723,-0.607597521786432,4.82312351443461,3936.76616666667,3839,1309
2.51701131068639,-0.566520018020764,4.52799745592787,3937.4335,3841,1309
2.07291675351575,-0.490064841899894,4.2386920524712,3938.06746666667,3842,1309
1.62793460596762,-0.3920750307832,3.92748104714521,3938.70143333333,3844,1309
1.47764038985428,-0.243151208510706,3.80184802679698,3939.36876666667,3846,1309
1.45626013575035,-0.166081264346396,3.85609224118086,3940.00273333333,3847,1309
1.27725247236962,-0.0540514856039559,3.80699728050174,3940.6367,3849,1309
0.802744064344918,0.159397090441041,3.5872073496967,3941.2373,3850,1309
0.796717870881431,0.162541883204517,3.58430298869619,3941.27066666667,3850,1309
0.469752794067251,0.261842663869307,3.41108535711346,3941.90463333333,3853,1309
-1.25354450120756,-1.21028331032635,0.324047689961346,3938.70143333333,3843,1310
-1.19455799781201,-1.03180788922809,0.385509662522785,3939.3354,3845,1310
-1.0387786084539,-0.409759571216585,0.452165358770453,3940.6367,3848,1311
-0.934980345072615,-0.0705432670244374,0.43621146159906,3941.27066666667,3851,1311
-0.854439430907265,0.371664743271685,0.461571070669418,3941.90463333333,3852,1311
-0.771687420401133,0.766638887234155,0.510056933435493,3942.5386,3854,1311
-0.772549962120558,0.770436450113408,0.512022263383001,3942.57196666667,3854,1311
-0.779877627867953,0.882699481376254,0.658923371712477,3943.17256666667,3855,1311
-0.115354296629446,0.874254978901928,3.12467810656288,3943.8399,3856,1312
-0.431780320956563,1.14431844888181,3.01310683774969,3944.47386666667,3858,1312
-0.909880285259825,1.3682040234838,2.859265629342,3945.10783333333,3859,1312
-1.48785799327387,1.52750541584348,2.68222477640841,3945.7418,3861,1312
-1.49297479737037,1.52912869499168,2.67917756896126,3945.77516666667,3861,1312
-1.9910249402729,1.71640140051815,2.35782538753252,3946.37576666667,3863,1312
-0.915060772551115,1.17447595819459,0.845737343226135,3944.47386666667,3857,1313
-0.774797541701257,1.26851273018503,0.988584936934741,3945.10783333333,3860,1313
-0.729319890099517,1.38821581174676,0.980897926873707,3945.7418,3862,1313
-0.728122826924771,1.38912425622316,0.980387782749767,3945.77516666667,3862,1313
-0.642514805526316,1.63537567101548,0.984310056020381,3946.40913333333,3864,1313
-0.493584887410778,1.93185723698285,1.06018680900101,3947.0431,3865,1313
-0.408677927543362,2.16070831265633,1.04297804998131,3947.67706666667,3866,1313
-0.188048749586365,2.48866521958072,0.91349748992498,3948.3444,3867,1313
0.128221508082213,2.66360477222061,0.73867740850124,3948.97836666667,3868,1313
1.11083297207196,2.45755114964646,0.429458328876528,3950.2463,3869,1314
1.11629540895371,2.45611314258509,0.429048998924758,3950.27966666667,3869,1314
1.55801146293268,2.19675394866092,0.403327491285829,3950.91363333333,3870,1314
-0.230435589103611,3.35332036595909,0.27432542772216,3958.58796666667,3871,1315
-0.195126352108379,3.09486717819238,0.273060961832895,3959.22193333333,3872,1315
-0.113505200864005,2.84650340759959,0.273480227821511,3959.8559,3873,1315
-0.0029067988907191,2.56225801257761,0.288465265962789,3960.48986666667,3874,1315
0.0644619069044389,2.26035291975298,0.303732675758776,3961.12383333333,3875,1315
0.246547001217697,1.98472688102642,0.284987716852263,3961.7578,3876,1315
0.401810983877627,1.90260359776331,0.296088976921297,3962.39176666667,3877,1315
0.689351418553718,1.99979803817497,0.287051327177712,3963.69306666667,3878,1316
0.917476649603177,1.98849525923086,0.309943288371377,3964.32703333333,3879,1316
3.16245104534865,-0.873857758528139,0.633411937211772,3973.93663333333,3880,1317
3.0377157809276,-0.716430322782435,0.512025335924115,3974.5706,3881,1317
2.9615577404417,-0.576625408073972,0.579752821766356,3975.20456666667,3882,1317
2.81128057762991,-0.453036031090512,0.663594714337636,3975.83853333333,3883,1317
2.3467091316921,0.00865664701193769,0.636179324987179,3977.7738,3884,1318
2.26799593305163,0.111848031922026,0.498856076591238,3978.3744,3885,1318
2.15756187893697,0.32420824071554,0.519005300004736,3979.04173333333,3886,1318
1.90919241838907,0.574374743687591,0.611964490766565,3979.6757,3887,1318
1.59512499972458,0.723402083928226,0.709406428219145,3980.30966666667,3888,1318
1.33714689771758,0.923160986034642,0.78165395666677,3980.94363333333,3889,1318
1.33345283326703,0.926442078573453,0.782658938770524,3980.977,3889,1318
1.06630989906025,1.12837484214054,0.821342015258802,3981.5776,3890,1318
1.06055632866434,1.13287934223724,0.822140143283835,3981.61096666667,3890,1318
0.852201853607393,1.30838400788437,0.770452600862916,3982.21156666667,3891,1318
0.851828315888322,1.30990268899782,0.768139222986102,3982.24493333333,3891,1318
0.816653791296056,1.47918382279163,0.614769708975762,3982.8789,3892,1318
0.438160696272857,1.79751889790201,0.536385331794889,3984.14683333333,3893,1319
0.0160367645108564,1.91372299891666,0.564062485795837,3984.7808,3894,1319
3.30531906327814,0.282782341704023,0.708215318586475,3990.4865,3895,1320
6.47727310141919,0.364267359638846,0.681453696771904,3994.85753333333,3896,1321
3.30728896533323,0.281070112459614,0.70839710924557,4021.85116666667,3897,1322
3.30624013255408,0.281935982306446,0.707610439489465,4022.48513333333,3898,1322
3.30631962962662,0.281924757014466,0.710116493674641,4023.1191,3899,1322
-4.16192326409752,2.39227016907442,0.478647347362686,4024.4204,3900,1323
1.91760935103966,4.86867507599975,0.459727697857771,4026.35566666667,3901,1324
1.60711607745271,4.4729037180524,0.502208794831308,4026.98963333333,3902,1324
0.141593571859345,3.09669172679442,0.514251901937444,4029.55886666667,3903,1325
0.0141348710630245,2.68229333363272,0.487314750523979,4030.19283333333,3904,1325
-0.0692137082515156,2.22925806447777,0.464313891691615,4030.8268,3905,1325
-0.0698813234757063,2.22328941445752,0.464587267254512,4030.86016666667,3905,1325
-0.0569920411220314,1.81717270803604,0.508773595770056,4031.46076666667,3906,1325
-0.0540262100475867,1.81073222618446,0.510022100810679,4031.49413333333,3906,1325
0.0545692686183846,1.38414888454507,0.503710013302342,4032.1281,3907,1325
3.30630169145366,0.281922369732379,0.70649648035004,4032.76206666667,3908,1326
-0.639018323716041,-0.283260590096111,0.544420771205112,4034.66396666667,3909,1327
-1.39520583612568,-0.268834918473203,0.532277590622458,4035.96526666667,3910,1328
3.30105310265902,0.282545223813609,0.707459668091027,4039.16846666667,3911,1329
3.30282850460932,0.282333704089487,0.707973506153689,4039.80243333333,3913,1329
3.30105310265902,0.282545223813609,0.707459668091027,4040.4364,3914,1329
0.340706706842525,4.72845780372699,2.73329748154947,4039.80243333333,3912,1330
0.0329796743832915,4.94129759387161,2.5490720343796,4041.10373333333,3915,1331
-0.190330064282425,5.03366704603747,2.41239646953466,4041.7377,3916,1331
-0.452263831954219,5.15729477716183,2.27404815375937,4042.37166666667,3917,1331
-0.552758727993735,4.94201908960993,2.1489024348364,4043.00563333333,3918,1331
-0.54643604262474,4.92748550664759,2.14220582713522,4043.039,3918,1331
-0.506977619872384,4.63528893567292,2.01184158256589,4043.67296666667,3920,1331
-0.3206908073143,4.52880921789993,1.8663070013681,4044.30693333333,3922,1331
-0.0692513294007896,4.57792468838485,1.70432286596037,4044.9409,3924,1331
-0.0637663530049528,4.5745949637854,1.70026227343228,4044.97426666667,3924,1331
0.217615734119676,4.70024064088838,1.55021065138152,4045.60823333333,3926,1331
2.14542492721337,0.459842846597353,3.02233735681384,4043.039,3919,1332
1.95889955465145,0.392562453944157,2.93886033440912,4043.67296666667,3921,1332
1.73715171341881,0.331004664102864,2.82563103146857,4044.30693333333,3923,1332
1.73427314106864,0.331137699245588,2.82508879908014,4044.3403,3923,1332
1.41366906155493,0.321153218614559,2.67690770656126,4044.97426666667,3925,1332
1.08533846050845,0.28680903017612,2.53313898648386,4045.60823333333,3927,1332
0.821497591997007,0.280385208698333,2.34914690838564,4046.2422,3928,1332
0.818758735897705,0.281166516778373,2.34640516392874,4046.27556666667,3928,1332
0.582206670742922,0.334895374551796,2.18080405304521,4046.90953333333,3929,1332
0.312312375116474,0.476084799857731,2.00231131896776,4047.5435,3930,1332
0.027440411115094,0.607440812564024,1.86979511815818,4048.17746666667,3932,1332
0.025595645862222,0.609404355896808,1.86904983764954,4048.21083333333,3932,1332
-0.212520035679794,0.665329324668961,1.85837016883256,4048.8448,3933,1332
-0.438380184399584,0.563716093983299,1.79018203970923,4049.47876666667,3935,1332
1.32604240067788,5.14870127149119,0.986133527866434,4048.17746666667,3931,1333
1.5820004384752,4.77848701973125,0.918705036196517,4049.47876666667,3934,1334
1.70200504575353,4.60681803054361,0.806368957419266,4050.11273333333,3936,1334
1.8799294753656,4.49117217710816,0.726180975930206,4050.7467,3937,1334
2.03978330927261,4.3234262975134,0.64058508484802,4051.41403333333,3938,1334
2.17230100539134,4.11291346856237,0.598846361858374,4052.048,3940,1334
2.35409289012181,3.85346254654268,0.613595822234951,4052.68196666667,3942,1334
2.35965323201285,3.85356764344369,0.613107543744819,4052.71533333333,3942,1334
2.55082508328205,3.64579894896792,0.660496301976114,4053.3493,3944,1334
2.77210592592757,3.44420396937787,0.643422399687157,4053.98326666667,3945,1334
2.91788980223408,3.26232742288609,0.561613745272042,4054.6506,3946,1334
3.10900754182546,3.02343922575486,0.513450081184169,4055.28456666667,3947,1334
-1.26348854630985,0.464081666215372,1.87277001665811,4051.41403333333,3939,1335
-1.47938026088536,0.807713869220565,1.99967220364864,4052.048,3941,1335
-1.73034838332595,1.21469579402498,2.2135626276303,4052.71533333333,3943,1335
-0.0301134280356324,-0.666269771839448,0.383842115556412,4057.21983333333,3948,1336
3.51254185231206,2.40957997598176,0.637629377887862,4057.8538,3949,1337
3.35423430126184,2.20047303457688,0.659561015371402,4058.48776666667,3950,1337
3.35711841297601,2.197846633372,0.660346030250495,4058.52113333333,3950,1337
3.24032547128769,1.96687628430896,0.711264759384306,4059.1551,3951,1337
3.05713017861624,1.70121690128129,0.729021531376144,4059.78906666667,3952,1337
3.05587607699785,1.69824787410855,0.728781223237972,4059.82243333333,3952,1337
2.89669793180417,1.44516847033504,0.668896895108218,4060.4564,3954,1337
2.77978262014743,1.22551832667381,0.640461556566233,4061.09036666667,3955,1337
2.61046853807471,0.970469400708933,0.636772962307233,4061.72433333333,3957,1337
2.60766332066858,0.967003544626737,0.636395318037036,4061.7577,3957,1337
2.44895275468807,0.702239398578334,0.662969003153495,4062.39166666667,3958,1337
-1.59418717866249,3.63627146008018,4.86244856796059,4059.82243333333,3953,1338
-1.0650016929113,4.07352591746421,5.23110320817402,4061.12373333333,3956,1339
-1.64919595692783,-0.560613876991917,0.291574399898303,4063.059,3959,1340
-2.81939808037105,2.31074278637836,0.366505813508612,4065.62823333333,3960,1341
4.02505237461465,5.52270142357162,0.252114641037948,4067.5635,3961,1342
-1.50638289884812,1.76837740850055,0.322363506843868,4068.19746666667,3962,1343
-1.19681195068966,1.89151054498396,0.358615144903887,4068.83143333333,3963,1343
-0.871809921338709,2.12251013034358,0.408016479440796,4069.4654,3964,1343
-0.867122553563409,2.12592313356133,0.407802256471543,4069.49876666667,3964,1343
-0.520379043134846,2.42103537421522,0.399138790604312,4070.13273333333,3965,1343
-5.1921984631218,2.67785211427576,0.382202111671955,4076.50576666667,3966,1344
-2.2956747949239,2.35824713730557,0.471593828177679,4082.31156666667,3967,1345
-1.29893721442549,1.59911633258724,0.501488786363356,4084.2802,3968,1346
-0.9721517534139,1.57646914837199,0.515156303473484,4084.91416666667,3969,1346
-0.57847658576022,1.54638356967534,0.514677451694923,4085.54813333333,3970,1346
-0.573300541714528,1.54693775273674,0.514920910028446,4085.5815,3970,1346
-0.128776051551799,1.45161266054,0.525332302665495,4086.21546666667,3971,1346
0.364033734550103,1.32835522907611,0.53503772460629,4086.84943333333,3972,1346
0.370630878192416,1.33099264682044,0.535244408151422,4086.8828,3972,1346
0.804154782544847,1.18379105190177,0.562023133815106,4087.51676666667,3973,1346
1.31144992417891,1.05852117243235,0.535036832121906,4088.15073333333,3974,1346
1.78358363261092,1.02896319766126,0.528832997976651,4088.7847,3975,1346
-3.51012856165431,0.0177841264184248,0.402808761057199,4092.6886,3976,1347
5.02540308736302,1.37907919342737,0.555197947777578,4114.4103,3977,1348
4.0881651714021,1.8083197314274,0.562993557778902,4116.37893333333,3978,1349
3.88245171138262,2.12627935888335,0.561183152558193,4117.04626666667,3979,1349
3.72202776245026,2.40137880070479,0.527764109202261,4117.68023333333,3980,1349
-2.91451040052024,1.5293994573198,0.516226339056607,4118.3142,3981,1350
-2.65539719886156,1.7289319653032,0.48424789452691,4118.94816666667,3982,1350
-2.50352947179679,1.90642729115543,0.466404934814191,4119.6155,3986,1350
-2.27599265434132,2.03421569299953,0.46253894068023,4120.24946666667,3987,1350
-2.03335903173714,1.99930473192771,0.474099004996763,4120.9168,3989,1350
-1.73890554596277,1.90586779470717,0.510977048719674,4121.55076666667,3991,1350
-1.36758521531372,1.92641279703458,0.492203481722489,4122.18473333333,3993,1350
-1.35954602414515,1.92567541770223,0.493377707171446,4122.2181,3993,1350
-0.983795552806215,1.96526065166045,0.470542919848599,4122.85206666667,3995,1350
-0.64140582906879,2.05353582316146,0.47598222783233,4123.48603333333,3997,1350
-0.301787842009448,2.08878175266638,0.498335583200682,4124.12,3999,1350
0.112142286735746,2.11569288984397,0.485135086310366,4124.75396666667,4001,1350
0.438238595384057,2.14155739592654,0.422110695475317,4125.38793333333,4002,1350
3.28094995501537,3.07548541998604,0.458103422544674,4118.98153333333,3983,1351
2.98056177467601,3.38226690642481,0.46571881223908,4119.6155,3985,1351
3.38129567297747,-0.111219629116983,0.725571724980125,4118.98153333333,3984,1352
2.35845069158331,4.20292802096846,0.501170870134749,4120.9168,3988,1353
2.65280334918407,0.0750820840581402,0.518327514862078,4120.9168,3990,1354
2.2361264110164,0.243825957403185,0.580311738911879,4121.55076666667,3992,1354
1.73243643285755,0.432379204767838,0.585400348144493,4122.2181,3994,1354
1.21977122938797,0.610904550507052,0.522903035958731,4122.85206666667,3996,1354
0.867741694499164,0.731228957359456,0.396869419543488,4123.48603333333,3998,1354
0.635838448215241,0.739459365857691,0.264762832711691,4124.12,4000,1354
-1.29630268053662,4.55090893402547,0.358760971375122,4135.69823333333,4003,1355
-1.71975951098033,5.28485215511069,0.440526198394153,4136.36556666667,4004,1355
-2.13103723656185,4.08197684190459,0.496538986129916,4140.2361,4005,1356
-2.08269231158559,3.74109432043894,0.500776058194153,4140.87006666667,4006,1356
-1.51590644894386,3.21411531691598,0.521990215353704,4142.80533333333,4007,1357
-1.25533032940354,3.1345391225473,0.473254489851066,4143.4393,4008,1357
-1.2575652025843,3.13497819415985,0.472695643364562,4143.47266666667,4008,1357
-1.03830002622088,2.9577516847984,0.396728148958293,4144.10663333333,4009,1357
-0.838127987918453,2.70724535131435,0.339388543475749,4144.7406,4010,1357
-0.591487515547943,2.52559292310346,0.290333571319714,4145.37456666667,4011,1357
-0.451483311382941,2.34309620564409,0.257522303971665,4146.0419,4012,1357
-0.304035737801741,2.135334598916,0.247193723323826,4146.67586666667,4013,1357
-0.303354604121525,2.13232575696987,0.246688400139237,4146.70923333333,4013,1357
-0.0157107565573599,1.94844619878824,0.301743138114387,4147.3432,4014,1357
0.357484770626103,1.77026352482251,0.374130477656655,4147.97716666667,4015,1357
1.46715157817356,5.03334801728834,0.391018147118048,4157.6535,4016,1358
0.0144662112151938,3.75378208461745,0.379596047531807,4161.52403333333,4017,1359
-2.08174127344855,4.54370912979785,0.374384310270611,4166.02853333333,4018,1360
2.67163548727672,5.25278406173355,0.4005881313282,4169.2651,4019,1361
2.89945356641598,4.86834781168244,0.456962294794605,4169.89906666667,4020,1361
4.72355617760035,0.505518612452903,0.730063076136233,4176.33883333333,4021,1362
3.52343637397272,6.31410834437999,0.860589039687158,4176.9728,4022,1363
3.28960001191592,6.17974936659484,0.759355334751806,4177.64013333333,4023,1363
3.07898776742664,6.03575395871844,0.608463942225191,4178.2741,4024,1363
2.61815036429612,5.65066024021253,0.409634869455735,4179.5754,4025,1364
2.41147820022413,5.16193005622026,0.286834752040566,4180.8767,4026,1365
2.32045558128836,4.98493730783126,0.366540325300832,4181.54403333333,4027,1365
3.29955475320067,0.284957311186612,0.707841623705139,4181.54403333333,4028,1366
2.67239791325045,4.31497063892854,0.438747014441297,4183.4793,4029,1367
2.96326122477485,4.03868628086294,0.445333441214366,4184.11326666667,4030,1367
4.7312168775735,0.501962272836668,0.73304159984461,4185.41456666667,4031,1368
4.72664936216692,0.505447754527512,0.730755710439605,4186.0819,4032,1368
-0.713243607048259,5.64957021999405,0.619998877581426,4214.4102,4033,1369
-0.515605571458261,5.22202746083209,0.592645608682606,4215.04416666667,4034,1369
-0.296141922732201,4.84349049038376,0.586975955874011,4215.67813333333,4035,1369
0.11660600333229,4.51949644770835,0.577767528674166,4216.3121,4036,1369
0.124266008798392,4.51068552789267,0.579211254975959,4216.34546666667,4036,1369
2.33719087640191,4.6073349362121,0.541854193210259,4219.54866666667,4037,1370
4.68344550949695,0.459627267375573,0.719033517480961,4221.08353333333,4038,1371
-3.55875832732681,0.271852826423226,0.321425465677449,4236.99943333333,4039,1372
-3.35776436141844,0.2265286773318,0.274033840380475,4237.6334,4040,1372
-3.47101518801316,-0.477445691964047,0.868071205588521,4241.40383333333,4041,1373
-3.4768924906915,-0.478135514240562,0.870403887496629,4242.0378,4042,1373
-3.51947178733847,-0.360496811116079,0.857142351145001,4242.70513333333,4043,1373
-3.23354918985824,0.0101785907541793,0.584610989232493,4244.00643333333,4044,1374
-3.17921352108783,0.167326637949748,0.444621039719252,4244.6404,4045,1374
5.99304014140631,4.25475121529561,0.457934029694002,4251.68076666667,4046,1375
5.34504647402607,3.59933712323149,0.530795246221226,4253.61603333333,4047,1376
5.02667368544834,3.36674746235086,0.548315543746011,4254.25,4048,1376
4.7741192125814,3.02209283705297,0.601770702572865,4254.88396666667,4049,1376
4.37204655511303,2.24258120411123,0.623071927878521,4256.18526666667,4050,1377
4.03606804891792,1.99830258348503,0.635342769791657,4256.81923333333,4051,1377
3.695834533157,1.82631346398043,0.635736629219596,4257.48656666667,4052,1377
3.29204986518582,1.67126977111166,0.623621815598044,4258.12053333333,4053,1377
2.86278776857652,1.53851600513027,0.619037540879535,4258.7545,4054,1377
2.86150677822896,1.53674580303114,0.618776042902282,4258.78786666667,4054,1377
2.50722510357241,1.25190920836853,0.586513197185285,4259.42183333333,4055,1377
2.29046329481825,0.936846283771012,0.530754152383138,4260.0558,4056,1377
2.05367923361543,0.605021445095286,0.50113851450768,4260.68976666667,4057,1377
-4.60693294334462,2.56463631073963,0.566106887926577,4265.19426666667,4058,1378
-2.79242316335035,2.4276636270843,0.452421328632603,4271.00006666667,4059,1379
-2.62098532467878,2.49355733885603,0.491015068103083,4271.63403333333,4060,1379
-2.47071326571293,2.61929877240198,0.492829346907975,4272.30136666667,4061,1379
2.47251648901091,1.64258608758758,0.439161485814421,4283.9797,4062,1380
2.47116682694426,1.6418465586917,0.439064947844446,4284.61366666667,4063,1380
2.47175064992333,1.6421600126067,0.439221329941445,4285.24763333333,4064,1380
2.47073018950315,1.64159227990072,0.439301056203681,4286.54893333333,4065,1381
2.47102597906426,1.64179021101807,0.438690350686063,4287.1829,4067,1381
2.47161089235216,1.64122423751229,0.439237710963409,4287.81686666667,4069,1381
2.47172629473898,1.64219678267663,0.440105067534561,4288.4842,4071,1381
3.30637999781989,0.281911902139694,0.709002431941825,4287.1829,4066,1382
3.44545965726959,-1.21170476651136,0.715701736213989,4287.81686666667,4068,1383
3.3196817269135,-1.04275756415961,0.713228847784108,4288.4842,4070,1383
2.87487546162338,-0.844473063801736,0.663832306292972,4289.75213333333,4072,1384
2.61475780714266,-0.758650799224529,0.613452454700543,4290.3861,4074,1384
2.34141215994406,-0.66303538607661,0.589733398050137,4291.05343333333,4075,1384
2.12739164771508,-0.467803226185253,0.556216672632846,4291.6874,4076,1384
2.02418052430985,-0.218856284537594,0.528033033047976,4292.32136666667,4077,1384
1.91489812505721,0.102653025999145,0.495303399897394,4292.9887,4078,1384
1.86062698052593,0.434856735972017,0.488656361076677,4293.62266666667,4081,1384
1.69386746060566,0.678293830153433,0.49970508398851,4294.25663333333,4083,1384
1.47063484609962,0.896844973275749,0.514074119486379,4294.8906,4085,1384
1.46709907019225,0.900371191619574,0.514219618639793,4294.92396666667,4085,1384
1.23360935054365,1.11395505720676,0.542252373181891,4295.52456666667,4086,1384
1.22988023927157,1.11742957714629,0.542954901270013,4295.55793333333,4086,1384
1.02637960739044,1.2705824068952,0.582130029866146,4296.1919,4087,1384
0.794725560813805,1.4612314273295,0.613064830776861,4296.82586666667,4088,1384
3.45848398606133,0.570373139241501,0.554558503861218,4289.75213333333,4073,1385
3.95134289181842,1.78675151802647,0.436438185440599,4292.9887,4079,1386
3.98645967192429,2.30106597426167,0.396897661358374,4293.62266666667,4080,1386
3.80129914531414,2.84675565791142,0.393673148201447,4294.25663333333,4082,1386
3.37785459031918,3.29710891559881,0.36649834423842,4294.8906,4084,1386
0.366325903473648,1.91390160959359,0.636896074401545,4298.12716666667,4089,1387
2.47368077661558,1.64123009308506,0.439083274602434,4307.83686666667,4090,1388
2.46928718345337,1.64080769518413,0.439090791930756,4308.47083333333,4091,1388
3.30218667256004,0.281660407308876,0.70676196827433,4316.8125,4092,1389
3.30111404557767,0.282531832910322,0.706347824475066,4317.44646666667,4093,1389
2.47073018950315,1.64159227990072,0.439301056203681,4318.1138,4094,1390
2.47073018950315,1.64159227990072,0.439301056203681,4318.74776666667,4095,1391
3.32145297834485,3.24537651188613,0.417275037616369,4319.38173333333,4096,1392
3.02465968083563,3.26631636809405,0.409174776572112,4320.0157,4097,1392
2.71365617656979,3.26758517074266,0.422283978390542,4320.68303333333,4098,1392
2.38986591966677,3.3074294975305,0.421751283296526,4321.317,4099,1392
1.81837457869422,3.46207409524311,0.374800180842816,4322.58493333333,4100,1393
3.30000412460051,0.283410490519359,0.706675046411746,4322.58493333333,4101,1394
3.30518733102364,0.282803029604465,0.706824262562118,4323.25226666667,4102,1394
-0.0123183825224085,0.377950071722501,0.548431467525692,4337.96696666667,4103,1395
-0.357052196895657,0.48434231172225,0.553191326310894,4338.60093333333,4104,1395
2.47073050110874,1.64156863346953,0.437957969990175,4339.26826666667,4105,1396
2.47328369934324,1.6405226182913,0.438434649711621,4339.90223333333,4106,1396
-3.12562344963029,2.52146683564529,0.429494342442419,4361.12343333333,4107,1397
-2.26402162503152,2.39272134812285,0.358947795665073,4363.69266666667,4108,1398
-2.03741034988178,2.47367364338553,0.369137581832719,4364.32663333333,4109,1398
-1.80995263809588,2.4367212170432,0.416359179865891,4364.99396666667,4110,1398
-1.56921579950114,2.3147290802948,0.46328728714334,4365.62793333333,4111,1398
-1.3543444556275,2.19775291700542,0.450392287902007,4366.2619,4112,1398
-1.35159872223641,2.19636488179975,0.450333487434406,4366.29526666667,4112,1398
-1.1363684410387,2.12028923359576,0.424697324032783,4366.92923333333,4113,1398
-0.981195138344999,2.07227723373441,0.300904640424449,4367.5632,4114,1398
-0.88717024706283,2.10814662608664,0.269993125188974,4368.19716666667,4115,1398
-0.777554489608343,2.11650536277719,0.365034742034504,4368.83113333333,4116,1398
-0.777092108975242,2.11689482866249,0.365988935170873,4368.8645,4116,1398
-0.683333973921042,2.1928231778124,0.43695232049906,4369.49846666667,4117,1398
-0.623319690048654,2.23543985769896,0.551396681098543,4370.13243333333,4118,1398
-1.59078131178634,5.9014871491548,0.439342219728974,4380.2759,4119,1399
-1.43375205283868,5.62596804248302,0.439571304650639,4380.94323333333,4121,1399
-1.29704180956583,5.51366010295695,0.463025944343212,4381.5772,4122,1399
-1.10964471145967,5.37394794197896,0.443086107604314,4382.21116666667,4124,1399
3.30111404557767,0.282531832910322,0.706347824475066,4380.2759,4120,1400
3.30439224295388,0.279903223400626,0.706477912531902,4381.5772,4123,1401
3.30630169145366,0.281922369732379,0.70649648035004,4382.21116666667,4125,1401
-0.738971375025332,5.46969776948326,0.506036915660294,4383.4791,4126,1402
-0.177719100563568,5.17193309856266,0.559727078138421,4384.7804,4127,1403
0.11837145843313,5.03079012769364,0.547399898830753,4385.41436666667,4128,1403
3.29778374686588,0.285166819161328,0.70732851057802,4387.9836,4129,1404
1.50691755612153,3.93052217880262,0.516304238060698,4389.25153333333,4130,1405
1.50326719946796,3.91696779584931,0.517878588585135,4389.2849,4130,1405
1.749621861306,3.80469938787961,0.588992826352949,4389.91886666667,4131,1405
2.04961520897433,3.66756413126226,0.610306943481086,4390.55283333333,4132,1405
2.40783397161253,3.54470773068034,0.605569327307887,4391.1868,4134,1405
2.64241249736526,3.43179240924077,0.593622033049297,4391.82076666667,4137,1405
0.333165819066346,3.35939397840095,0.381220575191123,4390.55283333333,4133,1406
0.32912376399922,3.35941765674737,0.381520134798952,4390.5862,4133,1406
0.226737068946855,2.96684119549656,0.416675290186726,4391.22016666667,4136,1406
0.100236057271494,2.60920027403676,0.478937403329471,4391.85413333333,4139,1406
0.0354821126701286,2.20225440485389,0.482625588640271,4392.4881,4140,1406
0.0284375975687945,1.90748321647425,0.486399776561469,4393.12206666667,4141,1406
0.015223249355348,1.5863161818128,0.523410739230994,4393.7894,4142,1406
3.29778374686588,0.285166819161328,0.70732851057802,4391.1868,4135,1407
3.30105310265902,0.282545223813609,0.707459668091027,4391.82076666667,4138,1407
3.70754463669565,2.95233250973793,0.744320986943795,4394.42336666667,4143,1408
-3.54943673652243,0.640745521759377,0.622633019320725,4420.24916666667,4144,1409
-2.98844964059726,0.158154780845582,0.582439246750288,4422.2178,4145,1410
-2.7082602453784,0.213017320487805,0.521866296708685,4422.85176666667,4147,1410
-2.60236585053349,0.353244763514186,0.447955452985139,4423.5191,4148,1410
-2.58985120047738,0.600017977708372,0.44311036394532,4424.15306666667,4150,1410
-2.64517472834726,0.902496041709049,0.424943648104158,4424.78703333333,4152,1410
-2.32576915095305,-1.74424093447295,0.635569606188308,4422.2178,4146,1411
-2.02155926156937,-1.45624085274728,0.852154427575489,4423.5191,4149,1412
-1.9772039388721,-1.26530595427853,0.826183940575716,4424.15306666667,4151,1412
2.26397394813847,5.7365818964439,0.412086544186601,4443.70593333333,4153,1413
2.17086739966376,4.02190530660683,0.313586982624996,4468.39726666667,4154,1414
2.31751302038965,3.17039312055936,0.379802356346955,4470.33253333333,4155,1415
2.2733178030274,2.85605726332247,0.344866533535349,4470.9665,4156,1415
2.258130933233,2.55411357645859,0.222749834125582,4471.63383333333,4157,1415
2.29575229329912,2.32345695883718,0.269709340843586,4472.2678,4160,1415
2.31925079739927,2.18346740398277,0.391352460356298,4472.90176666667,4161,1415
2.21253903262866,2.11917860657512,0.506736855468182,4473.53573333333,4163,1415
2.21018520484275,2.11731740015322,0.50758426380494,4473.5691,4163,1415
2.04011612419974,1.92898981896329,0.508659129197985,4474.20306666667,4164,1415
1.96194501348645,1.73683715600332,0.415535255927296,4474.83703333333,4165,1415
1.83355920492556,1.60432509867695,0.44301266039033,4475.471,4167,1415
1.67159954122933,1.47351752841175,0.488477275206757,4476.10496666667,4168,1415
1.67040567956436,1.47256183947629,0.489105644321074,4476.13833333333,4168,1415
1.46958685220563,1.25263039012142,0.429025894215056,4476.7723,4169,1415
-2.49297631532753,-2.60094174250229,0.346932816368208,4471.63383333333,4158,1416
3.30953080025817,0.279301712244955,0.707742416539054,4472.23443333333,4159,1417
2.86348858087462,0.63333683109874,0.692143720406815,4473.53573333333,4162,1418
3.30518733102364,0.282803029604465,0.706824262562118,4475.471,4166,1419
-3.5093439608862,-1.2807280174372,1.21843395267992,4481.91076666667,4170,1420
-2.89642332200354,-1.11712267990814,0.930670531612695,4483.1787,4171,1421
-2.67447571442963,-1.08534413599633,0.747969752007715,4483.84603333333,4172,1421
-2.485573150844,-1.07532719292409,0.570331458906127,4484.48,4173,1421
3.49943303032646,0.591113532664647,0.41779328351411,4493.42226666667,4174,1422
-5.48784758712972,-2.50575736022628,1.03070840580758,4494.22306666667,4175,1423
-5.4807967144496,-2.49204235255695,1.02999314008999,4494.25643333333,4175,1423
4.39399426615967,4.53953889079203,0.563884193317387,4516.54536666667,4176,1424
4.36783936684203,4.1833905346787,0.600936857983362,4517.17933333333,4177,1424
4.23760078896796,3.40546064603517,0.44164756508735,4519.1146,4178,1425
4.09015082410312,3.20918501810728,0.43514559065836,4519.78193333333,4179,1425
3.87464887467159,3.12128106363461,0.437003913458578,4520.4159,4180,1425
2.98455136497296,2.89275365358426,0.515017659569943,4523.58573333333,4181,1426
2.69556024205562,2.73012501598697,0.551310904767951,4524.2197,4182,1426
2.42409625543648,2.53989771650983,0.521916521179105,4524.85366666667,4183,1426
2.24683783562572,2.34382705837162,0.451852921599826,4525.521,4184,1426
2.13007279369221,2.07820522721752,0.381046184411561,4526.15496666667,4185,1426
2.02332730892444,1.81000480510652,0.361879538799768,4526.78893333333,4188,1426
-4.23309215505851,1.31115244844641,0.869789835942667,4526.38853333333,4186,1427
4.22502609421196,6.50289335524913,1.69934329304917,4526.78893333333,4187,1428
4.18072307892673,5.79066761511494,1.87056947540022,4527.4229,4189,1428
4.10026812327906,5.40456372365688,2.13600733328786,4528.09023333333,4190,1428
4.27400452356475,5.03100355395248,2.3614718939775,4528.7242,4191,1428
4.72769682943699,4.44018341498852,2.59810989324225,4529.4249,4192,1428
-2.30487404753143,1.26731877954668,0.622294141499704,4529.59173333333,4193,1429
-1.86770174519355,1.21169483754544,0.653668279269233,4530.2257,4194,1429
-1.52036220873462,1.21008625106583,0.69485775377995,4530.89303333333,4196,1429
-1.18070618553615,1.29694847026391,0.671806895449699,4531.527,4198,1429
-0.834858073728603,1.57014896894708,0.646932945150565,4532.19433333333,4200,1429
-0.46955208958727,1.80326320728753,0.608771274607984,4532.8283,4202,1429
-0.0763364172949391,1.98978754939178,0.592703642883906,4533.46226666667,4203,1429
0.312568199902687,1.98988481125459,0.628498693770708,4534.09623333333,4205,1429
5.48316127118793,3.41366211498191,2.81301089320019,4530.69283333333,4195,1430
5.36932495925059,2.90492397431799,2.91942883042043,4531.3268,4197,1430
5.29960546761995,2.19095315935187,3.03126515992714,4531.96076666667,4199,1430
-1.4849547173066,5.88897903971555,0.56475455015968,4532.59473333333,4201,1431
-0.675611487721656,5.06695966011796,0.633380029352417,4533.99613333333,4204,1432
-0.160885694497289,4.74375747204047,0.587446921335226,4534.69683333333,4206,1432
1.67124063191781,-3.90889841649266,0.890631752353103,4537.39953333333,4207,1433
1.61689106718489,-3.59415522129702,0.981573857262711,4538.00013333333,4208,1433
1.82903668365419,-3.34733553841055,1.13544808555815,4538.6341,4209,1433
2.54111783794466,-2.55389674661236,1.2144112972115,4539.86866666667,4210,1434
2.63849497472121,-2.29723989966281,1.2965582199874,4540.50263333333,4211,1434
3.46295810482722,-1.57474256625502,1.53890247294839,4542.47126666667,4212,1435
3.80309407257455,-1.17750265266745,1.36425652324985,4543.10523333333,4213,1435
4.01640586113231,-0.759927087698026,1.27874883521494,4543.7392,4214,1435
5.14204129539683,0.793350561822938,0.978013471086961,4545.6411,4215,1436
5.14989570457197,1.1952198230002,0.972606919475564,4546.27506666667,4216,1436
5.10351133467301,1.66953542578207,0.878380919980501,4546.90903333333,4217,1436
5.0477538428484,2.23918864026972,0.810821665632511,4547.57636666667,4218,1436
4.55691627146577,3.17425906037597,0.770117898466737,4548.8443,4219,1437
1.329547733104,0.645638113955023,13.3356310162836,4549.0445,4220,1438
1.33102681412554,0.649693091741011,13.3399808486282,4549.07786666667,4220,1438
5.47503458327421,1.98063147596697,0.340604995208884,4553.28206666667,4221,1439
5.16812502401226,2.19248567699147,0.341794261431704,4553.91603333333,4222,1439
4.80299579148245,2.27110789329863,0.348953176283509,4554.55,4223,1439
4.45737254373379,2.34012599968372,0.378977374280102,4555.21733333333,4224,1439
4.31544480340023,2.42466612007745,0.452361670177616,4555.81793333333,4225,1439
3.98251307240848,3.03643797846375,0.522541568005413,4557.11923333333,4226,1440
3.73299358000184,3.37032596160963,0.500500856871978,4557.7532,4227,1440
3.58592384061849,3.54910138856391,0.491303277375061,4558.42053333333,4229,1440
3.44865396437066,3.54341479798953,0.462874510481722,4559.0545,4231,1440
3.28104712501633,3.60717471278878,0.430215589062337,4559.72183333333,4233,1440
3.11666813549453,3.58600467164848,0.401655557527158,4560.3558,4235,1440
0.435444717040292,-2.25360681296969,1.81130479294909,4557.92003333333,4228,1441
0.564730299493893,-1.95943544797674,1.54969886225854,4558.52063333333,4230,1441
0.503533873236849,-1.81678822582816,1.37820759595157,4559.1546,4232,1441
0.550267837973564,-1.59174017920461,1.25859144584527,4559.7552,4234,1441
0.675646545013546,-1.42425012819177,1.32355513427756,4560.3558,4236,1441
0.675757266531538,-1.409184647215,1.3207030516147,4560.38916666667,4236,1441
0.882135384323766,-1.19386397852942,1.26204699908159,4560.98976666667,4237,1441
1.44022087456929,-1.0270052573379,1.09013484816763,4561.59036666667,4238,1441
1.75665480651449,-0.996259546434388,0.960880973970925,4562.2577,4241,1441
2.05954367029387,-0.782871311638201,0.856861237057043,4562.89166666667,4243,1441
2.33908146298168,-0.701827926354158,0.764680568152207,4563.559,4245,1441
2.48231677668283,-0.549277929545365,0.650015770831338,4564.19296666667,4246,1441
2.57539909226121,3.78827043805546,0.371348925317555,4561.62373333333,4239,1442
2.57886474364113,3.79384744725521,0.37102439139956,4561.6571,4239,1442
2.1694373450397,3.90442729554326,0.383890160586161,4562.2577,4240,1442
1.73412951455933,4.10395542601953,0.408290475272846,4562.89166666667,4242,1442
1.25818507936064,4.15189642963537,0.461364129287982,4563.559,4244,1442
0.0954788295777433,4.34068056430559,0.488452106121814,4565.49426666667,4247,1443
2.77851883159611,-0.109814963123161,0.581494712345583,4565.49426666667,4248,1444
2.94238175365029,0.239266748640306,0.73780579852902,4566.7622,4249,1445
2.94903439055254,0.395761173049565,0.882750284951159,4567.39616666667,4250,1445
2.94807949774621,0.396617053525141,0.882436088970544,4567.42953333333,4250,1445
1.41941012486934,-2.01709390695177,0.539360277198707,4571.33343333333,4251,1446
1.39480618039485,-1.72608526471123,0.513671564305634,4571.9674,4252,1446
-7.03136386156322,-7.08181842989152,1.31306554427243,4573.9694,4253,1447
-7.05415241508711,-7.07889242371414,1.31018710641117,4574.00276666667,4253,1447
-7.07018264434064,-7.08254232302966,1.3097700619859,4574.03613333333,4253,1447
-7.04536931568205,-7.03619289633326,1.3058692077359,4574.0695,4253,1447
-7.10123870281842,-7.08863827191967,1.30959802099817,4574.10286666667,4253,1447
0.070470397122827,-0.0319101108403866,0.456377346432771,4575.83793333333,4254,1448
-0.0523413605291697,0.304646479569398,0.448789225241378,4576.4719,4255,1448
-0.0508889050001464,0.310411106408804,0.448919161570412,4576.50526666667,4255,1448
0.080008404528226,0.603260665282967,0.477480118175184,4577.13923333333,4256,1448
0.0742290676165531,0.918590692176794,0.477144562385824,4577.7732,4258,1448
0.0740943668264725,0.922791945934534,0.477825393053817,4577.80656666667,4258,1448
0.217903398851464,1.29457612293709,0.482142417981327,4578.44053333333,4259,1448
0.426699816900627,1.77274752958307,0.467069435553992,4579.0745,4260,1448
9.55556162778772,7.24855182171995,4.187139010859,4577.3728,4257,1449
9.43223222847179,7.18209581433191,4.14180503370424,4579.44153333333,4261,1450
9.47515422139818,7.20436045589348,4.15297534427819,4579.4749,4261,1450
9.32869978558624,7.06125487940245,4.11394942379231,4581.51026666667,4262,1451
9.44024055902041,7.09237714675928,4.28655020194789,4585.64773333333,4263,1452
9.43737575781171,7.089282234781,4.28168464639372,4585.6811,4263,1452
8.88096759170434,8.03702601791969,3.18884695871281,4589.81856666667,4264,1453
1.74174599199018,1.30318691618188,0.337211304535233,4589.8853,4265,1454
1.6084349003752,1.29938301286435,0.390828047624522,4590.51926666667,4266,1454
1.47777302881323,1.37304052830795,0.393243140832724,4591.15323333333,4267,1454
1.44346403851068,1.42828004083756,0.309413372775609,4591.7872,4268,1454
1.13915924276003,1.44762425234865,0.351568187770323,4592.45453333333,4269,1454
-0.489887889552033,-1.42089295461983,0.332347616525965,4593.72246666667,4270,1455
-0.217107066360407,-1.19874764611514,0.306267582822011,4594.3898,4272,1455
0.145667690853625,0.893689171081512,0.392106957133749,4594.3898,4271,1456
8.23158159638501,8.7070898752793,2.87750802926812,4596.22496666667,4273,1457
8.23893322500288,8.70067651610779,2.88388334021115,4596.25833333333,4273,1457
1.40041861873823,-0.653535645030889,0.38614977339371,4596.95903333333,4274,1458
1.80519014115779,-0.48563314639361,0.415484237784092,4597.593,4275,1458
2.21451678110394,-0.369645659371766,0.494402262533951,4598.22696666667,4276,1458
3.30945114614865,0.279313164767205,0.70523342915134,4598.86093333333,4277,1459
3.10048696881729,-0.11626487291266,0.547315101248089,4599.4949,4278,1459
3.37481127766729,0.317536757435663,0.594821206315679,4601.43016666667,4279,1460
3.30945114614865,0.279313164767205,0.70523342915134,4602.06413333333,4280,1460
4.59747013387386,0.164448110083861,0.582423680298626,4602.6981,4281,1461
3.30959264278032,0.279287950392741,0.706627003337913,4603.33206666667,4282,1462
3.68862051898265,1.24174285507741,0.497962670618945,4603.96603333333,4283,1463
3.51150906205575,2.18699453647505,0.527892920881057,4605.9013,4284,1464
3.39345002680501,2.47982329055456,0.480307809845798,4606.53526666667,4285,1464
4.89360039146291,0.758144803733259,0.761060732478738,4632.36106666667,4286,1465
4.91618029838433,0.716553989342666,0.696683193991223,4632.99503333333,4287,1465
4.95741990767287,0.72837039292854,0.672733999131668,4633.629,4288,1465
4.97832879250474,0.768442390127834,0.638531702354117,4634.26296666667,4289,1465
2.37777608721882,0.68021418149567,1.94638312955809,4636.79883333333,4290,1466
2.37744497117745,0.680816905288261,1.94553773777921,4636.8322,4290,1466
2.38449136481314,0.755793176585938,1.7853859397881,4637.46616666667,4291,1466
2.41261408760562,0.838065227175015,1.57674699658186,4638.10013333333,4292,1466
2.0168120915127,1.21307591872749,0.904215775725715,4639.10113333333,4293,1467
2.66685383100685,0.449579314857194,1.27163339919024,4639.36806666667,4294,1468
5.37289146530532,2.97317667518826,0.695387601541342,4643.8392,4295,1469
5.15274182833467,3.1350103641431,0.68267968750402,4644.47316666667,4296,1469
4.72129490209276,3.41761941800721,0.632679843841297,4645.7411,4297,1470
4.49003988163116,3.54969459896255,0.642473863298764,4646.40843333333,4299,1470
4.23878220791269,0.688580280500983,0.719875423299704,4645.7411,4298,1471
-3.71319195930018,2.51292854686915,0.822036216286371,4649.21123333333,4300,1472
-3.20283081240991,2.17760638328049,0.723862362866444,4649.8452,4301,1472
-2.6584487854207,1.84703372139405,0.711112617278404,4650.51253333333,4302,1472
-2.27242381963301,1.76506552981207,0.766888505429259,4651.1465,4303,1472
-1.71418210862046,1.80850103315868,0.741242917538021,4651.81383333333,4304,1472
-1.70930224169471,1.81012555537621,0.741310514661445,4651.8472,4304,1472
-1.18643533332853,1.8993721272161,0.707101531927872,4652.51453333333,4305,1472
-0.650317856162001,1.91234047074378,0.700571690983978,4653.18186666667,4307,1472
-0.64375401901455,1.91056462570898,0.700943149561839,4653.21523333333,4307,1472
-0.178852094751687,2.05263587595865,0.673945485414693,4653.8492,4308,1472
-0.173794645572629,2.05617752716376,0.67371345736029,4653.88256666667,4308,1472
0.226540356547895,2.12827173884969,0.700942225172254,4654.48316666667,4309,1472
0.231533949829022,2.12588146423192,0.701861372926424,4654.51653333333,4309,1472
3.27118090982486,4.57649770173247,0.45931348377733,4652.8482,4306,1473
2.28593248778863,4.8980033894356,0.461134878033685,4655.4508,4310,1474
1.8682402517474,4.83136025428992,0.45397291507199,4656.08476666667,4312,1474
1.04917043871499,2.19958989255752,0.741428980915679,4655.78446666667,4311,1475
3.3076327029303,0.280804811522262,0.704045312587979,4659.62163333333,4313,1476
-0.987953151155459,-0.0532306850320097,0.215483010051586,4660.28896666667,4314,1477
-5.02066472306038,0.903836953533589,0.604530381091981,4662.4578,4315,1478
-4.062552189661,1.46287102419251,0.55664168589582,4664.4598,4316,1479
-0.848375930502936,-0.939593744464798,0.41772253878458,4664.72673333333,4317,1480
-0.777936210786704,-0.60475146943533,0.4618716034748,4665.3607,4319,1480
-0.555376267095659,-0.310965065320602,0.532625135265194,4666.02803333333,4320,1480
-0.259760353732668,-0.192403812473948,0.572606505471151,4666.69536666667,4322,1480
-0.0160549679144816,-0.112705915551176,0.50330397955873,4667.39606666667,4323,1480
-1.54576474979479,0.847525781172998,0.214902586070572,4664.82683333333,4318,1481
-1.35455559577253,1.2807109114331,0.271102070318946,4666.19486666667,4321,1482
-0.970598323488051,1.38792705305314,0.351111077667601,4667.52953333333,4324,1483
-0.97016643445908,1.38720436145716,0.350346107346311,4667.5629,4324,1483
-0.780013640934499,1.43587333635725,0.313708800280582,4668.19686666667,4325,1483
-0.615203830691439,1.45391661089294,0.319967804388549,4668.79746666667,4326,1483
-0.391323181762491,1.48524883888814,0.298229588095111,4669.43143333333,4327,1483
-0.389343930119503,1.4849263735382,0.298167361193242,4669.4648,4327,1483
-0.289338873797623,1.56677836638703,0.318252119820981,4670.09876666667,4328,1483
2.84128305801238,-0.2088447140625,0.513841577136433,4673.13513333333,4329,1484
2.91658245008095,-0.0635862397412991,0.570737750166725,4673.7691,4330,1484
3.30211477770321,0.281669762010151,0.704135549320534,4674.33633333333,4331,1484
2.99658069531781,0.129403401577316,0.593787384861862,4674.40306666667,4332,1484
3.07688790804803,0.307352696151207,0.648782500852313,4675.00366666667,4334,1484
-3.35875191462124,3.79503016231804,0.634008277302374,4674.80346666667,4333,1485
-3.12001024157889,3.63428703344586,0.691616324102245,4675.43743333333,4335,1485
-2.75260496717146,3.52562793204727,0.658796715890014,4676.0714,4336,1485
-2.17239656375426,4.07815292969913,0.631008823029147,4677.33933333333,4337,1486
3.68817353667895,2.110375953039,0.568990544361735,4679.40806666667,4338,1487
3.53228363241618,0.501601667451187,0.588938903371144,4683.1785,4339,1488
3.27813433781524,0.326780094256427,0.664765693903714,4683.84583333333,4340,1488
2.91884831779667,0.123557596123655,0.677101344100646,4684.51316666667,4341,1488
2.60629953879292,-0.00421272762055658,0.621778808203087,4685.14713333333,4342,1488
2.2801870933073,-0.0703263256472116,0.573881356512698,4685.7811,4343,1488
1.9923155769153,0.00451097243974363,0.545913474930285,4686.44843333333,4345,1488
1.89545291082991,0.309623619856967,0.55625279962765,4687.0824,4346,1488
1.72243574508676,0.731543975101459,0.606493226569678,4687.71636666667,4347,1488
1.505142191801,1.14955483457011,0.675807734574234,4688.35033333333,4348,1488
1.28147918552178,1.43670416770295,0.701357651573747,4688.9843,4350,1488
1.07466406406141,1.67786219841999,0.649701257350302,4689.61826666667,4351,1488
1.07035424317261,1.68254427630487,0.649260438291515,4689.65163333333,4351,1488
0.841104664293414,1.89280252299584,0.635608428516394,4690.25223333333,4353,1488
0.838079976306441,1.8960336797681,0.635885720933683,4690.2856,4353,1488
-3.41403217238832,-1.48263684073,0.395642377722882,4686.44843333333,4344,1489
-3.10595463326778,-0.678371533986463,0.340321022127688,4688.9843,4349,1490
-3.06331116307325,-0.144289952328937,0.357915021694184,4690.25223333333,4352,1491
0.0985662435408259,2.06918923760815,0.649152818400214,4691.55353333333,4354,1492
-3.33153247787831,0.760945339668701,0.370957603900927,4692.82146666667,4355,1493
4.64151951964184,0.406970734185174,0.708744906645903,4694.15613333333,4356,1494
3.30414158459696,0.281566813956847,0.704145079964778,4717.87983333333,4357,1495
3.30701537817311,0.281322002206171,0.705672787649628,4718.5138,4358,1495
3.30705470855493,0.280090151817802,0.705248474385148,4719.78173333333,4359,1496
3.30493618902973,0.282084655798431,0.704747757248985,4720.4157,4360,1496
3.30361069372875,0.280553659754141,0.705610380369943,4721.04966666667,4361,1496
3.3061606914285,0.281947327901882,0.705104650615208,4722.3176,4362,1497
4.35387777935811,0.655300085418211,0.361585134895627,4722.95156666667,4363,1498
5.42140644805795,0.0879451495637249,0.569094769153455,4723.58553333333,4364,1499
3.88591951750633,0.675299610294326,0.458512992706018,4724.25286666667,4365,1500
3.30279638180904,0.282336465978242,0.705933835351837,4724.88683333333,4366,1500
3.63462525641462,0.593617395675982,0.478054417689045,4724.88683333333,4367,1500
3.30947948744515,0.279306422380852,0.704755489148616,4725.5208,4368,1500
3.50054780358233,0.597966559375473,0.496810241344958,4725.55416666667,4369,1500
3.30425154123114,0.279928167008571,0.705086186087232,4726.18813333333,4370,1500
3.17881313623649,0.790222546441259,0.562261212019404,4726.8221,4371,1500
2.95481583098633,1.02670080644968,0.579665455879491,4727.45606666667,4372,1500
2.64489247679995,1.22213755058108,0.60375270745066,4728.09003333333,4373,1500
2.27407027679588,1.31356457223641,0.587487837270262,4728.724,4374,1500
2.27063488103959,1.31290810908697,0.588239434033127,4728.75736666667,4374,1500
1.89498741599048,1.37474430566974,0.602845104235979,4729.39133333333,4375,1500
1.52983103630599,1.39647061981312,0.575589565056671,4730.0253,4376,1500
1.25285591770104,1.44309111540062,0.580872340108243,4730.65926666667,4377,1500
1.24948243744545,1.44640062646103,0.580303200844459,4730.69263333333,4377,1500
1.00247567202662,1.63567902260963,0.543135745300288,4731.29323333333,4378,1500
4.52704420045503,3.43075395141539,1.09243510257162,4740.3356,4379,1501
4.56861697574202,3.0129465811873,0.987895870315037,4740.96956666667,4380,1501
2.41471911160217,1.50247070639679,0.671013244836304,4741.6369,4381,1502
2.31705440652818,5.93735851986404,0.756917989855292,4742.27086666667,4382,1503
4.35982963129347,1.87628057028103,0.564105998979822,4742.90483333333,4383,1504
4.01142703878853,1.11682066443914,0.755065999252799,4744.20613333333,4384,1505
3.30515974755731,0.282809161448277,0.707319130144323,4757.01893333333,4385,1506
3.3094628232711,0.282905884703997,0.70768237799762,4757.6529,4386,1506
-1.25625095305304,-0.453111924529591,0.627685787472059,4764.76,4387,1507
-1.68950763751577,0.803409223721817,0.594463115051301,4766.69526666667,4388,1508
-1.71515311521916,2.00937655398309,0.555032168543374,4769.2645,4389,1509
-1.12624684899167,2.34619148960636,0.522551396797562,4770.53243333333,4390,1510
0.0503091071001867,2.6514747791909,0.610337776683033,4773.10166666667,4391,1511
3.11147489031895,4.35407581638804,0.780477786271049,4780.1754,4392,1512
-0.723110738521101,-0.829058931968289,0.75538170045399,4792.42096666667,4393,1513
-0.281519685708269,-0.579349009251048,0.787257999578059,4793.05493333333,4394,1513
0.341268565774464,0.081119312604229,0.875125213431359,4794.35623333333,4395,1514
0.678825636054164,0.521061049784298,0.85766575326737,4794.95683333333,4396,1514
0.683505710850129,0.535090294557218,0.855356506039903,4794.9902,4396,1514
0.81569034631831,0.849415092818631,1.02416908137179,4795.62416666667,4397,1514
0.971671050986595,1.18261887802058,1.16700424791086,4796.25813333333,4398,1514
0.976221855752233,1.18934777382671,1.17088118202891,4796.2915,4398,1514
1.19562021490118,1.48378170352307,1.48478733887279,4796.8921,4399,1514
1.19967930530531,1.48943692295103,1.49030010638964,4796.92546666667,4399,1514
1.45183310531787,1.80318913123326,1.81148509381351,4797.55943333333,4400,1514
2.03669024791937,2.02066810112623,2.53895554602949,4798.86073333333,4401,1515
2.44032101412451,1.73171887889661,2.8437179670556,4799.4947,4402,1515
2.5835730986685,1.02994715837435,3.31667480926132,4800.72926666667,4403,1516
2.5797231353012,1.02752236475976,3.31645017996699,4800.76263333333,4403,1516
2.3092348067442,0.822454910508752,3.34641495767529,4801.3966,4404,1516
5.58568059954074,5.20873387358175,0.521545354655324,4805.23376666667,4405,1517
1.21361573691781,-2.88742620339156,1.13707974902871,4806.53506666667,4406,1518
1.06192510444265,-0.775316181534789,0.390339947976341,4808.47033333333,4407,1519
1.00560631426023,-0.568678672703514,0.375164376779284,4809.1043,4408,1519
0.992050900092556,-0.23065181804591,0.382097924501477,4809.73826666667,4409,1519
0.990952219947703,-0.22133376715636,0.383042747972285,4809.77163333333,4409,1519
0.927896364451579,0.137533459394974,0.390083754498178,4810.4056,4411,1519
0.844693684552791,0.456515929910257,0.390330952049051,4811.03956666667,4412,1519
0.774472571400397,0.721969253873388,0.415897025383806,4811.7069,4414,1519
6.0025144643831,3.24775507573376,0.796504629738258,4810.4056,4410,1520
-1.29791416197586,-0.640638029104187,0.49640430077607,4811.07293333333,4413,1521
-0.687239055372765,3.08655477792138,0.189674580379225,4813.0082,4415,1522
5.43062190770751,0.166791575245827,0.478566667560987,4834.29613333333,4416,1523
2.72881785431331,1.83820322270304,0.160525824933693,4842.67116666667,4417,1524
2.72881785431331,1.83820322270304,0.160525824933693,4851.0462,4418,1525
0.290376628121177,2.2557199354905,0.472843806950829,4852.3475,4419,1526
-0.0746792941234867,2.29859980892552,0.451592621135837,4862.6578,4420,1527
0.364724357445664,2.29038034208669,0.523419902343515,4863.29176666667,4421,1527
0.369607408233659,1.85304493769803,0.492001379907187,4863.9591,4422,1527
1.78064953102482,2.0579820357801,0.614185241726283,4866.52833333333,4423,1528
3.29783409617561,0.285162377644152,0.710303223177443,4901.3965,4424,1529
3.07429771340166,6.87597128092679,0.738743333646685,4904.63306666667,4425,1530
-0.018429000530453,2.13901162136297,0.636913968939037,4904.66643333333,4426,1531
-0.0332316168829387,-0.507684645051537,0.831751269750308,4907.23566666667,4427,1532
4.29801434564901,3.4231825914523,0.748064354457653,4908.47023333333,4428,1533
4.02194837552405,3.62577021928331,0.743941907578948,4909.1042,4429,1533
0.346978127048841,2.2843449524806,0.579889872789974,4918.84726666667,4430,1534
0.331763917828304,2.26995350458859,0.577963951966528,4920.78253333333,4431,1535
2.24219454514032,1.52497690016877,0.484169531249302,4925.95436666667,4432,1536
2.03531417098409,1.39864639136573,0.443405712545483,4926.6217,4433,1536
1.82233799212767,1.33532410540616,0.397087463699383,4927.25566666667,4434,1536
1.55968366983153,1.26904764356929,0.360979061497495,4927.88963333333,4435,1536
1.55872866799987,1.26838798986367,0.361257395966804,4927.923,4435,1536
1.41411900913856,1.31664665149233,0.315551505477747,4928.5236,4436,1536
1.41282892631177,1.31663992849955,0.315247362339694,4928.55696666667,4436,1536
1.22538400570273,1.36822522136925,0.304261635380666,4929.19093333333,4437,1536
1.1725076671783,1.41380509970768,0.325724420810497,4929.8249,4438,1536
1.1725211247583,1.41398031114741,0.325984143080919,4929.85826666667,4438,1536
3.47169103735311,4.66331003112478,0.688110364697351,4948.5436,4439,1537
3.14883385859994,4.58881359396681,0.667595672973574,4949.17756666667,4440,1537
2.77373761572847,4.30594405631998,0.657888002459216,4949.8449,4441,1537
2.39037851161098,3.96941839671798,0.650883834455871,4950.47886666667,4442,1537
1.99223248198956,3.64616523224851,0.620976776788518,4951.11283333333,4443,1537
1.65001821366527,3.38711621455238,0.589591076736593,4951.7468,4444,1537
1.356347314684,3.0525072823287,0.532764203662276,4952.38076666667,4445,1537
1.35431164094634,3.05081674613639,0.53207290689171,4952.41413333333,4445,1537
1.04101504536014,2.86210754762912,0.49088545681021,4953.0481,4446,1537
2.72679141618631,1.83952223347105,0.160473285418062,4975.70406666667,4447,1538
0.748618219450172,0.594788448455697,7.2228184388744,4976.03773333333,4448,1539
0.746681196970226,0.608434051065269,7.18410481442861,4976.0711,4448,1539
2.72933341230686,1.8391132069554,0.160674496633054,4984.71306666667,4449,1540
2.72964419062556,1.8387255305927,0.16107093107763,5004.76643333333,4450,1541
2.72964419062556,1.8387255305927,0.16107093107763,5005.43376666667,4451,1542
-1.10592267795539,2.11590409540462,0.339477184375383,5040.90253333333,4452,1543
-1.13257700596173,1.86190664699889,0.395244602168596,5041.56986666667,4455,1543
-1.17757429511682,1.58110475746107,0.461752923005543,5042.2372,4457,1543
1.58725185304038,3.53406483361572,0.391641867049433,5040.9359,4453,1544
1.6229341891349,3.28471003631631,0.357055018832101,5041.56986666667,4454,1544
1.69266661537109,3.01535693555904,0.342932115582844,5042.20383333333,4456,1544
1.7159254164837,2.68035195807289,0.314524966083117,5042.87116666667,4458,1544
1.74342875065302,2.40528262813947,0.292014400370039,5043.50513333333,4459,1544
1.74390893870613,2.40270622358533,0.291422801727493,5043.5385,4459,1544
1.70360575618782,2.07332267163837,0.310007998222498,5044.17246666667,4460,1544
1.69388032918586,1.85960873471965,0.373968781081223,5044.8398,4462,1544
1.60760215972813,1.5775087340787,0.397356362325489,5045.47376666667,4464,1544
1.58918564592597,1.38702393543858,0.414526278184164,5046.10773333333,4466,1544
1.52079810327352,1.14583148482847,0.451832135336956,5046.7417,4467,1544
1.52081661372761,1.14364101022538,0.451822301275192,5046.77506666667,4467,1544
1.45460118500724,0.856154617130625,0.501613790367192,5047.40903333333,4468,1544
-1.00837594437733,0.445570049436112,0.475335102309166,5044.80643333333,4461,1545
-1.00334340672195,0.443101535169727,0.474500767725883,5044.8398,4461,1545
-0.689261542786609,0.277896411835204,0.403443198887097,5045.47376666667,4463,1545
-0.433288586831003,0.0326405239696718,0.357849048235915,5046.10773333333,4465,1545
2.73015646820983,1.83908509803957,0.160486064037708,5062.92453333333,4469,1546
-6.06225436146442,0.932757054425076,4.54541338370276,5063.59186666667,4470,1547
2.72876101651039,1.83822028567146,0.159103347851577,5068.09636666667,4471,1548
2.72876439597505,1.8382305149444,0.160080089428678,5072.00026666667,4472,1549
12.6105986840674,-3.33296549963745,7.61596466301717,5075.07,4473,1550
12.5459705521044,-3.31413096532768,7.58227504535125,5075.10336666667,4473,1550
5.18939984755044,2.09949480652404,0.485306143138954,5079.84143333333,4474,1551
5.0432632582814,2.14490965555722,0.455311640871137,5080.4754,4475,1551
4.8764308168836,2.23753926478807,0.45090060137294,5081.10936666667,4476,1551
4.73899566266766,2.41852144535739,0.477267100103201,5081.74333333333,4477,1551
4.58654552177642,2.87129396372026,0.536100960828797,5083.04463333333,4478,1552
4.26949715122123,3.3168346742403,0.640129016134404,5084.34593333333,4479,1553
0.964079068242611,-5.36011694380185,2.25159753216096,5084.9799,4480,1554
5.6109527617952,5.42320536776829,0.687781435283136,5092.12036666667,4481,1555
2.72741515221546,1.83900556681632,0.160746449869234,5098.5935,4482,1556
-1.25265114285111,-0.971802769752544,0.33014567849355,5114.74296666667,4483,1557
-1.03723355625152,-0.725731732195588,0.363515127125923,5115.37693333333,4484,1557
-0.860405068509005,-0.526214982634339,0.337930943364637,5116.04426666667,4486,1557
-1.99683795450435,2.14788540507074,0.318946473777195,5115.67723333333,4485,1558
-1.89585917976373,1.9581411737782,0.367442604907885,5116.3112,4487,1558
-1.49971104074028,1.70622605757484,0.415643567273344,5117.6125,4488,1559
-0.414546081404667,0.229765482031171,0.305624461236485,5117.9128,4489,1559
-1.2981780294455,1.57310494972024,0.397677326108094,5118.24646666667,4490,1559
-0.340004576588941,0.543324569389811,0.371359277817633,5118.54676666667,4491,1559
-1.02372841661425,1.48736391245912,0.435100747083459,5118.9138,4492,1559
-0.243279671667837,0.927592788764025,0.420325584774683,5119.14736666667,4493,1559
-0.242502804591998,0.930574617563376,0.420820966375414,5119.18073333333,4493,1559
-0.68549843097222,1.49439368374632,0.473345559470613,5119.58113333333,4494,1559
-0.251464142082453,1.52292803366411,0.485948250158015,5120.34856666667,4496,1559
0.063120146774612,1.6629918109201,0.496129588550367,5121.0159,4497,1559
0.286751483746737,1.96834551629578,0.503238116138111,5121.64986666667,4498,1559
4.26854562859313,1.2303700523843,0.456905065272314,5119.8147,4495,1560
3.09850061879182,-3.41778612674186,0.812155454671664,5123.05126666667,4499,1561
6.03753999239958,4.05573880097327,0.432152131696562,5131.4263,4500,1562
5.65119906175856,3.78123493523714,0.322836197224428,5133.36156666667,4501,1563
5.49030789331761,3.63367238000657,0.375160320505268,5134.0289,4502,1563
5.31572182908212,3.56458436326341,0.414268446127045,5134.66286666667,4503,1563
5.12694511502848,3.51357911784213,0.3927753571976,5135.29683333333,4504,1563
4.85414555988417,3.32325015069421,0.306368694165293,5136.59813333333,4505,1564
1.77041096053784,1.51612494316921,7.60943365990387,5138.0329,4506,1565
1.7706370880516,1.51825741319164,7.59829304778153,5138.06626666667,4506,1565
4.61284363986618,2.84724282400445,0.299696061179771,5138.5334,4507,1566
3.94090216700848,1.2616967847015,0.452839207021823,5140.46866666667,4508,1567
4.25106735315133,2.49552918751984,0.272386376172923,5141.10263333333,4509,1568
4.14599289715829,2.43847067964619,0.282885387274855,5141.76996666667,4510,1568
4.01953245266675,2.38829402303209,0.3078803482332,5142.40393333333,4511,1568
3.9414233694567,2.46054669036838,0.345843073875427,5143.0379,4513,1568
3.50354541407712,1.43684007952146,0.482717185137771,5142.40393333333,4512,1569
3.32430543790124,1.50490425610464,0.403424519133456,5143.0379,4514,1569
3.13895027004252,1.58888703045087,0.433241331259383,5143.67186666667,4515,1569
2.97230901111605,1.69128653117305,0.499932706159542,5144.30583333333,4517,1569
2.83373756342977,1.87181956188028,0.504379784166124,5144.9398,4519,1569
2.61490119263413,2.06132523234954,0.422233681352377,5145.57376666667,4520,1569
2.38222129253289,2.19757697651055,0.431521581700603,5146.20773333333,4521,1569
2.19422928056761,2.35026296722658,0.505608901693402,5146.87506666667,4523,1569
3.67730287910431,2.72604235817239,0.358994612542132,5144.30583333333,4516,1570
3.58421114491573,2.8474052781407,0.356301641996396,5144.9398,4518,1570
3.32351592100938,2.97652137034643,0.352720382004581,5146.2411,4522,1571
-1.06011465937049,-1.96543836566238,0.511977647655734,5152.6475,4524,1572
-1.1779728199702,-1.6974417413968,0.480308054121046,5153.28146666667,4525,1572
-1.29243099513426,-1.54926932241612,0.564612727388488,5153.91543333333,4526,1572
-1.31579877210346,-1.25300767408373,0.629845971119793,5154.5494,4528,1572
-1.31961306202707,-1.25293193334561,0.630275806028588,5154.58276666667,4528,1572
-1.33610497880722,-0.842461826627543,0.661892988864069,5155.18336666667,4529,1572
-1.38246008426629,-0.359544394999603,0.669710861491613,5155.8507,4530,1572
-1.57263413021116,0.0273589562359945,0.644175169102742,5156.48466666667,4532,1572
3.50908632452981,2.8149747229875,0.510520523020842,5154.5494,4527,1573
3.762438321976,2.02540786461919,0.599517163298937,5155.8507,4531,1574
3.84115135445724,1.67189490118154,0.52280059115297,5156.48466666667,4533,1574
-2.19769708221478,1.27974342477761,0.640392730435872,5158.41993333333,4534,1575
-2.28000314331306,1.6660662826494,0.628035200914545,5159.0539,4535,1575
1.41867236795461,0.399383375667744,3.7533526459479,5159.0539,4536,1576
1.01408327051328,0.220160132550489,3.77269015633617,5159.68786666667,4537,1576
0.696082986616504,-0.0543541587702926,3.77238588756428,5160.32183333333,4538,1576
3.06243181966021,0.0238719612316164,0.639114500466106,5160.98916666667,4539,1577
2.84794785552174,-0.220960620430107,0.524187077524775,5161.62313333333,4540,1577
-0.413657133570294,-0.439625415025564,3.64734234728067,5162.22373333333,4541,1578
-0.61194094827958,-0.613182218721128,3.56207722897027,5162.8577,4542,1578
-0.859184547690938,-0.869650123366461,3.40014222532549,5163.49166666667,4543,1578
1.9354632499335,-1.1304386268779,0.685571373718683,5164.159,4544,1579
1.74793186888237,-1.2881082993119,0.798626182088924,5164.79296666667,4545,1579
-2.15426911725948,-1.61744783612304,3.0022833731662,5166.09426666667,4546,1580
4.40398664686052,-2.06573170075053,1.04420927761704,5172.50066666667,4547,1581
4.06593192844595,-1.56483531601375,0.910895595652314,5173.7686,4548,1582
3.83157979218299,-1.49218096252425,0.964138548336912,5174.40256666667,4549,1582
-4.35885182494904,6.23381849338438,2.20139970435064,5175.60376666667,4550,1583
-3.58999152265821,0.0344253619962526,0.445408214301256,5176.90506666667,4551,1584
-4.19499667763342,4.90280408863595,3.16129408498231,5177.53903333333,4552,1585
-4.04779979475551,4.56798592681943,3.4923997099316,5178.173,4554,1585
-3.98323323804468,4.27121412256268,3.78650349906579,5178.80696666667,4556,1585
2.71597876324907,-1.72417592148092,1.04916643387646,5177.53903333333,4553,1586
2.47385289366341,-1.73617682224681,1.12086726443484,5178.173,4555,1586
2.18095646669007,-1.58467511567273,0.847334726312658,5179.44093333333,4557,1587
1.99502065837757,-1.40871260717087,0.767801572985466,5180.0749,4558,1587
1.79871854310433,-1.16801293938159,0.804414736515552,5180.70886666667,4559,1587
1.79946691676948,-1.16999168025483,0.80549421195514,5180.74223333333,4559,1587
1.71965316805509,-1.02361793496115,0.856751296418347,5181.34283333333,4560,1587
1.71942882550171,-1.02293795961566,0.856764107877047,5181.3762,4560,1587
1.71577081535626,-0.888145015765116,0.800813375893077,5181.9768,4561,1587
1.71949230502275,-0.890571991039619,0.801114686053292,5182.01016666667,4561,1587
1.74004839784266,-0.737562092996943,0.639298971245859,5182.64413333333,4563,1587
1.82969325432129,-0.522382726988268,0.586892763203856,5183.2781,4564,1587
1.82853575987475,-0.51714680034514,0.588030633968845,5183.31146666667,4564,1587
2.12403649053008,-0.313266820957899,0.69189041708549,5183.94543333333,4566,1587
2.24148996035435,-0.176441770525918,0.81616820766245,5184.5794,4567,1587
2.32112871652693,0.0250908942665967,0.905469611856434,5185.21336666667,4568,1587
2.39875148391103,0.28118484078718,1.02787068446273,5185.84733333333,4569,1587
2.40003574363193,0.284191346786568,1.03056452071291,5185.8807,4569,1587
2.35870871542083,0.51935654457094,1.10251368414133,5186.4813,4570,1587
2.35320384958004,0.522940089549482,1.10231625585594,5186.51466666667,4570,1587
2.37311101809425,0.810200501432218,1.10204450189156,5187.14863333333,4572,1587
2.43453628013826,1.01791082017955,0.99911045065792,5187.7826,4573,1587
2.48963611784216,1.27443568525189,0.987929895161706,5188.41656666667,4574,1587
2.48686824511737,1.27866304363169,0.987558199406302,5188.44993333333,4574,1587
-3.30043690645799,3.69793901465047,4.66783140163208,5182.01016666667,4562,1588
-2.13168311266655,4.11620673987543,5.26086931444704,5183.94543333333,4565,1589
-1.10191097495202,4.3643461769445,5.98286126797152,5186.51466666667,4571,1590
2.67040682493469,2.52185941607374,0.341173870759353,5198.05953333333,4575,1591
3.97793978892447,3.49761530563777,0.438208689790652,5198.6935,4576,1592
2.65409603721719,1.35923671170233,0.382675978530077,5203.16463333333,4577,1593
2.4382994909158,1.28608727569493,0.357766256344073,5203.7986,4578,1593
2.26673120934481,1.24031888297112,0.281179801185161,5204.43256666667,4579,1593
2.13540447506005,1.25751331159468,0.19630819372083,5205.06653333333,4581,1593
2.06060869462331,1.3039977127719,0.230513299081168,5205.73386666667,4582,1593
3.3442355181161,3.38030074585023,0.428543883387671,5204.46593333333,4580,1594
-0.727516398525056,-2.39502916333165,0.710793960973207,5211.5063,4583,1595
-0.812581417626889,-2.16108483667883,0.560406482596732,5212.14026666667,4584,1595
-0.895512257873371,-1.93253196301988,0.535395152345309,5212.77423333333,4585,1595
-0.96164605587867,-1.63413075637512,0.578903087556278,5213.4082,4586,1595
-0.961901924439138,-1.63476003065459,0.579083999718605,5213.44156666667,4586,1595
-0.950812077363699,-1.29843325151843,0.60611230961856,5214.07553333333,4587,1595
-0.905703750776074,-1.02916503613048,0.684380262845939,5214.7095,4589,1595
-0.880848610643391,-0.755126435661705,0.747444021885125,5215.34346666667,4590,1595
-0.87291649046182,-0.743326309774343,0.747587452872899,5215.37683333333,4590,1595
-0.754081691006637,-0.415065454342079,0.781168569082865,5215.97743333333,4591,1595
-0.753307726440462,-0.409234471870588,0.78199033673153,5216.0108,4591,1595
-0.571483843238905,-0.0453534914207551,0.782602889667504,5216.64476666667,4592,1595
-0.255196183005573,0.21583503501339,0.707819053807368,5217.27873333333,4593,1595
0.0414379559003675,0.510174452234616,0.645963278795398,5217.9127,4594,1595
0.179071803735187,0.804774289009617,0.686739125379052,5218.54666666667,4595,1595
0.178773008054857,0.809528255233921,0.687736646721509,5218.58003333333,4595,1595
0.191864990981871,1.16659937055746,0.721725728429605,5219.18063333333,4596,1595
0.193369966905595,1.17300386271276,0.722253547348831,5219.214,4596,1595
0.38282538242249,1.39999735251704,0.679185452728824,5219.84796666667,4597,1595
4.49570306208598,5.73151731982903,8.10367393032386,5214.4092,4588,1596
0.789712088106467,1.63420474192729,0.557701340506899,5221.1159,4598,1597
0.792367243022395,1.63447833764105,0.557578026044072,5221.14926666667,4598,1597
1.01690117832388,1.52564997384802,0.625053034525276,5221.78323333333,4599,1597
1.28272193883854,1.29685473186754,0.683011402130884,5222.4172,4600,1597
8.60746850738752,-5.57514311209862,10.1808252203776,5233.39483333333,4601,1598
3.75444762186288,1.20659881929096,0.381639295665705,5244.0388,4602,1599
3.49270863135849,1.22103522587528,0.44419786885629,5244.67276666667,4603,1599
3.15540740752957,1.27128147808045,0.488148883038728,5245.30673333333,4604,1599
2.83199243850454,1.31933794301284,0.483900525666349,5245.9407,4605,1599
2.82975817726609,1.32045195663191,0.484158776989299,5245.97406666667,4605,1599
2.3718908869206,1.27350573520427,0.48764198121364,5246.60803333333,4606,1599
1.96566401981491,1.15296208961222,0.529215998630498,5247.242,4607,1599
1.56860090014169,1.06720157978428,0.514534876928148,5247.87596666667,4608,1599
1.20831956507097,0.98166976917854,0.518279646514425,5248.50993333333,4609,1599
0.937796881561,0.684224011225763,0.495500412863861,5249.1439,4610,1599
-3.06924322520533,2.13963661409882,0.406508989289601,5250.01143333333,4611,1600
2.81699675188508,3.03400453919643,0.364672958684908,5251.77986666667,4612,1601
2.60457886779532,3.02650005797603,0.341104493815463,5252.41383333333,4613,1601
2.42131449999148,3.06831234327303,0.270284721498271,5253.11453333333,4614,1601
1.45730836990178,3.83129661802691,0.277316187510671,5257.68576666667,4615,1602
1.34378070040357,3.71824890281639,0.342292630653708,5258.31973333333,4616,1602
1.21834233195522,3.55638233236969,0.395324459165109,5258.9537,4617,1602
1.21732351004383,3.55517393622857,0.396172008907108,5258.98706666667,4617,1602
1.09055356308929,3.42846633910954,0.47011705268268,5259.58766666667,4618,1602
2.01220917559408,-2.18184786793814,3.16823260022224,5259.62103333333,4619,1603
2.47421106304768,-2.05551977182055,3.78392830077437,5260.88896666667,4620,1604
2.56141864680934,-2.04169122053329,4.06798449768741,5261.52293333333,4621,1604
-4.30572005547417,4.75549908501942,0.176084368353151,5262.79086666667,4622,1605
-0.194028658325244,6.92970193433869,0.176878998507682,5271.13253333333,4623,1606
-1.67783025071602,4.13279041740368,0.234625371781582,5272.43383333333,4624,1607
-1.49680092651421,4.15116046056839,0.253764220645394,5273.0678,4625,1607
-1.28335669960065,4.13807296970964,0.272672133499232,5273.70176666667,4626,1607
-1.042394406505,4.06550888195382,0.269039077249663,5274.33573333333,4627,1607
-0.789637800506614,3.9247072987677,0.289955890831559,5274.9697,4628,1607
-0.636239410830041,3.72372793290831,0.318993329492425,5275.60366666667,4629,1607
-0.514481176374296,3.51786100252412,0.312563047577402,5276.271,4630,1607
-0.377091752256769,3.32653143685436,0.305153147237195,5276.90496666667,4632,1607
-0.249177523116668,3.13907112650509,0.333547218812567,5277.53893333333,4633,1607
-0.125125144818311,2.97109469615415,0.259191127912981,5278.20626666667,4634,1607
-0.0557800100123667,2.83348872512058,0.243327513634922,5278.84023333333,4636,1607
0.0198165864976358,2.69839138839402,0.277331323185447,5279.4742,4638,1607
0.116844487808052,2.53065321925216,0.303959100349794,5280.10816666667,4640,1607
0.117772389151966,2.52893704537084,0.30455628415593,5280.14153333333,4640,1607
0.210292366823332,2.36954307603701,0.320512351543907,5280.7755,4641,1607
0.210509425714344,2.11899751493138,0.324067473322805,5281.40946666667,4643,1607
0.240477325563556,1.88212991516977,0.34966274028552,5282.04343333333,4645,1607
0.387994467733652,1.2856765801615,0.627224883780938,5282.6774,4647,1607
0.372521548694879,1.37819633284542,0.303844743502377,5283.34473333333,4650,1607
0.509347275973235,1.25339597756001,0.326770778604362,5283.9787,4653,1607
0.658933616538827,1.14063504420359,0.34545972572187,5284.61266666667,4656,1607
0.860033841404494,1.12582948858394,0.388633203138986,5285.24663333333,4658,1607
0.942514384038198,0.560755438340961,0.447605948738871,5285.28,4659,1607
1.03314162712866,1.10854249680485,0.38041275585935,5285.91396666667,4661,1607
1.29165014787593,1.0708391547174,0.357147652786699,5286.54793333333,4662,1607
1.56897025036802,1.03707633145004,0.374479137474159,5287.1819,4663,1607
0.435828533985654,-5.03627758352497,3.31814254761617,5276.271,4631,1608
-0.993211211969886,-1.41739911670219,0.417970503053078,5278.20626666667,4635,1609
-0.922172141229447,-1.16248731077734,0.466956156146599,5278.84023333333,4637,1609
-0.851927710078909,-0.849479543999773,0.496928543263886,5279.4742,4639,1609
-0.652024248237529,-0.401890605618023,0.345660686425886,5280.7755,4642,1610
-0.521564109304935,-0.367610183903035,0.402577779140424,5281.40946666667,4644,1610
-0.364489967904455,-0.367332959110413,0.464549073844885,5282.04343333333,4646,1610
-0.0993300945586305,-0.313939592346488,0.517402703984293,5282.71076666667,4648,1610
0.158904346900599,-0.288792763841954,0.436129952076904,5283.34473333333,4651,1610
-1.0763398434142,-2.89837846416434,1.55038965560778,5283.31136666667,4649,1611
-1.27778635413464,-2.70353693658607,1.36841885347851,5283.9787,4652,1611
-1.41821383768192,-2.41525223598964,1.18711662729422,5284.61266666667,4655,1611
-1.66101690348152,-2.05319102924624,1.06212073909907,5285.24663333333,4657,1611
-2.00116605428988,-1.7826366131191,0.920690880115498,5285.91396666667,4660,1611
3.49780659783858,-0.36151462419743,0.632430063718475,5283.9787,4654,1612
3.63781663049707,1.1578837128865,0.621181654063421,5288.4832,4664,1613
3.68875815824765,1.65130907925093,0.694701125584749,5289.7845,4665,1614
3.61850089118729,1.84450804858934,0.783860647597063,5290.41846666667,4666,1614
3.47147257015113,2.08384301070052,0.811261599281367,5291.0858,4667,1614
3.37830198737187,2.314248982558,0.763627041693853,5291.71976666667,4668,1614
3.00903533301034,3.00118034282559,0.786844730460764,5293.62166666667,4669,1615
2.73357737646373,3.00490508469232,0.843094750596811,5294.289,4670,1615
2.49659246082439,2.90459455623015,0.917384840611828,5294.92296666667,4671,1615
0.833040315396934,2.95944600176412,0.306988278407605,5294.92296666667,4672,1615
2.19810217023869,2.69098637512843,0.897614709784507,5295.55693333333,4674,1615
0.922918545918834,2.83037664718027,0.289799145821052,5295.55693333333,4675,1615
2.19258766391917,2.68695976285078,0.897862092093801,5295.5903,4674,1615
1.81457300921557,2.40778731614859,0.89307597628204,5296.1909,4676,1615
1.80714246459539,2.402441117895,0.89354869432418,5296.22426666667,4676,1615
0.923428836770351,2.61486159562105,0.311978964916326,5296.22426666667,4677,1615
0.932172990419913,2.37641008185785,0.324201073297346,5296.85823333333,4678,1615
1.40925330902985,2.17845833611285,0.939035914562298,5296.85823333333,4679,1615
1.05288342592639,1.985251035136,0.916935774338635,5297.4922,4680,1615
1.00281947624115,2.06754863179198,0.358248515046305,5297.4922,4681,1615
1.04604238731955,1.97994117278405,0.915863978329094,5297.52556666667,4680,1615
0.638110591502924,1.79455370137964,0.857829139520981,5298.15953333333,4683,1615
0.958297181896762,1.82491716126168,0.409617589613981,5298.15953333333,4684,1615
0.258372853791166,1.61881037158353,0.832201228926045,5298.7935,4685,1615
1.01654482774485,1.62089810897468,0.3913448459202,5298.7935,4686,1615
0.250356059766369,1.61601280135861,0.831865318891832,5298.82686666667,4685,1615
-0.120861720331389,1.31396522446818,0.779844400282266,5299.42746666667,4688,1615
-5.43645429494412,-0.549440234961846,1.46971357920108,5294.92296666667,4673,1616
-5.0127361196936,-5.92515012689203,17.1351534820397,5297.9927,4682,1617
-5.01482293889014,-5.93036640345333,17.1394863288494,5298.02606666667,4682,1617
-5.17779859904158,0.97524180947192,2.36492194269737,5299.42746666667,4687,1618
-5.17650764931745,1.17164827068648,2.55879573473873,5300.06143333333,4689,1618
1.51656092665987,1.33584882368272,0.322586348027532,5300.72876666667,4690,1619
-5.06067220997236,1.49116181435799,2.95545138879052,5301.36273333333,4691,1620
-4.77209375475539,1.59554824138899,3.06257251510211,5301.9967,4692,1620
-4.48573102631343,1.66462840213487,3.20520978810551,5302.63066666667,4693,1620
-4.27559676796672,1.77855207550756,3.3770945265834,5303.26463333333,4694,1620
-4.07419364916633,1.85913240554172,3.57381845436165,5303.93196666667,4695,1620
-3.82356100996318,1.97293458267568,3.7616669057943,5304.56593333333,4696,1620
-3.45136087457035,2.0371786412932,3.88497621776329,5305.1999,4697,1620
-3.45292384710269,2.03802317907659,3.89387159611353,5305.23326666667,4697,1620
-3.05839325291446,1.97832570738911,3.95824109063595,5305.86723333333,4698,1620
-2.65340422507449,1.87463942691514,3.97864350833567,5306.5012,4699,1620
-2.19233075969546,1.81270480020445,3.91762262073939,5307.13516666667,4700,1620
-1.39703792408771,1.53950930235446,3.76438522096196,5308.43646666667,4701,1621
-0.925050340317397,1.52675416532982,3.59921364924549,5309.07043333333,4702,1621
-0.601562116448494,1.56381195357361,3.52240885662625,5309.7044,4703,1621
2.58766220205759,4.9681754125481,0.308232820791127,5327.05506666667,4704,1622
2.76140945126397,4.30172316122514,0.353673861092549,5328.99033333333,4705,1623
2.7978415480446,4.07090569921664,0.414201168195539,5329.6243,4706,1623
2.87183783427699,3.70898637028305,0.337424788778905,5330.9256,4707,1624
2.87630829056445,3.55157130900323,0.335767113496932,5331.55956666667,4708,1624
2.7938458794732,3.33200787380831,0.346952342747567,5332.19353333333,4709,1624
2.68774839764949,3.10584272568978,0.325792152356258,5332.8275,4710,1624
2.60779265496791,2.94290975167176,0.325980540318218,5333.46146666667,4711,1624
2.5448486746727,2.75272646210499,0.355917456842842,5334.09543333333,4713,1624
2.54350850655228,2.75127021255837,0.355908983161087,5334.1288,4713,1624
2.5443904385584,2.52523922845503,0.308817122729747,5334.76276666667,4715,1624
2.60979998967987,2.34041180199058,0.290738440851999,5335.39673333333,4717,1624
-0.923465506285785,5.95157957424678,0.53580985952127,5333.46146666667,4712,1625
-0.891503162612886,5.75914455200506,0.454529998062851,5334.1288,4714,1625
-0.801528415605749,5.47833950481588,0.469406152308027,5334.76276666667,4716,1625
-0.726065945951903,5.22094414921034,0.532994334712078,5335.39673333333,4718,1625
-0.7299068794793,5.22895616822533,0.534616149998958,5335.4301,4718,1625
-0.507012959416778,4.9891312767627,0.580354368354235,5336.06406666667,4719,1625
-0.0840631993718431,4.96555383795164,0.601127662363856,5336.69803333333,4720,1625
1.44038320506247,4.47582296831779,0.605249450403587,5339.9346,4721,1626
1.83270815020228,4.33567507894971,0.56964512142116,5340.56856666667,4722,1626
2.2310806684781,4.16111700861676,0.55447120678325,5341.20253333333,4723,1626
-4.1514012082059,2.38832883623409,0.477808844199136,5341.20253333333,4724,1627
-2.91064540228026,1.95097206154764,0.434182833543535,5341.20253333333,4725,1628
-2.65942012463286,1.95954181080017,0.404149869157109,5341.8365,4726,1628
-2.49679541535126,2.18993589471003,0.466354197389795,5343.1378,4727,1629
-4.40431490296215,1.10116473487836,0.49545665103629,5345.70703333333,4728,1630
-4.0527012915389,1.20482251587753,0.463151257002672,5346.341,4729,1630
-3.72123812027192,1.35713781522432,0.460122433446624,5347.00833333333,4731,1630
0.19397708888656,1.33612035348673,0.256548314133735,5346.341,4730,1631
-3.3683359294847,1.67031171726278,0.456447022185757,5348.27626666667,4732,1632
-2.00310544636168,4.18937550463506,0.401154600330427,5349.5442,4733,1633
-1.85200243830475,4.06965535290366,0.438579647023695,5350.21153333333,4735,1633
-2.86424814809695,1.98080880960339,0.494720839984316,5349.57756666667,4734,1634
-2.59129066727998,2.00330089738341,0.467993627457686,5350.21153333333,4736,1634
-1.8568665452901,1.91430447067473,0.470833488288308,5351.51283333333,4737,1635
-1.40301185536927,1.79837259180557,0.451941128440067,5352.1468,4739,1635
-1.39717082195569,1.79710816536358,0.452095116586451,5352.18016666667,4739,1635
-1.12500954271961,1.71227452367808,0.462896640731817,5352.78076666667,4741,1635
-1.12095125171897,1.71079000008223,0.463305604494647,5352.81413333333,4741,1635
-0.862711549159627,1.73772689110763,0.442250783575625,5353.4481,4743,1635
-0.675490157402286,1.62287653661004,0.452016684596551,5354.08206666667,4745,1635
-0.381587320685674,1.39478368018898,0.489104947246096,5354.7494,4747,1635
-0.0568351006857447,1.11191988714735,0.513726625767811,5355.35,4748,1635
-0.0516800883124613,1.1072534441514,0.514186806629424,5355.38336666667,4748,1635
0.251093229861198,0.913800186221157,0.524279197959692,5356.01733333333,4751,1635
-4.18717122287799,2.2542177580308,0.635766408537236,5352.1468,4738,1636
-3.92481346794009,2.29738683807559,0.683511508411737,5352.78076666667,4740,1636
-3.66345120713946,2.20663397645585,0.745816389399374,5353.4481,4742,1636
-3.43673559607919,1.97395994173817,0.770807555865961,5354.08206666667,4744,1636
-3.35911051993715,1.67705839801001,0.719756512957381,5354.71603333333,4746,1636
5.14886175185789,3.01498840434644,2.70349632322474,5356.01733333333,4749,1637
5.34612309596675,3.45504525385825,2.35850520256959,5356.68466666667,4753,1637
5.50801418542658,3.94805188847804,1.98622679403917,5357.31863333333,4754,1637
5.3243013097388,4.23926185904353,1.79632257739947,5357.9526,4756,1637
4.88732001093762,4.32848838450834,1.58151860915482,5358.58656666667,4757,1637
4.351305734795,4.45065620317208,1.31135380242068,5359.22053333333,4758,1637
3.84655564607039,4.63182630437305,1.05472650187946,5359.8545,4759,1637
3.42183771527409,4.7638543618985,0.780319229572442,5360.52183333333,4760,1637
-3.12356123757821,1.08480766666544,0.641586459264029,5356.01733333333,4750,1638
-3.05700043576207,0.724982323197325,0.626368269256017,5356.6513,4752,1638
0.925915071815431,0.790320331696639,0.604316101524068,5357.31863333333,4755,1639
-0.531263539785266,3.12617745434665,3.94096404057777,5360.52183333333,4761,1640
-0.817086794703438,3.40456745694285,3.73733838820244,5361.1558,4762,1640
-1.1002623372858,3.71200207849311,3.55442995008401,5361.78976666667,4763,1640
-1.13741229642801,4.26097200963085,3.39888593991315,5362.42373333333,4764,1640
1.23839664507225,-1.4291696425085,0.462502282961544,5372.73403333333,4765,1641
2.48602693402997,-0.84348925458386,0.850743200307938,5378.4731,4766,1642
2.45148317950616,-0.542160315926996,0.87184707335266,5379.10706666667,4769,1642
2.42126675314121,-0.27426547599398,0.778866240051242,5379.74103333333,4770,1642
2.42947820149928,0.0348594183586528,0.685094332271968,5380.375,4771,1642
2.42712959932902,0.0380101333798677,0.684830881362945,5380.40836666667,4771,1642
2.48729494024148,0.325146933231303,0.660995954086854,5381.04233333333,4773,1642
2.58961198772207,0.559840959465711,0.56389984041271,5381.6763,4774,1642
2.54026826288389,0.727558765212846,0.456999224018455,5382.31026666667,4775,1642
2.29238771249117,0.898196047282318,0.413136319415705,5382.94423333333,4776,1642
2.28932974024293,0.900267581743405,0.411961537964285,5382.9776,4776,1642
1.94805629483526,0.895204677941484,0.391033637053709,5383.5782,4778,1642
1.94518891541428,0.895115543841071,0.391758585444481,5383.61156666667,4778,1642
1.63484656607082,0.933280868713105,0.409845814914233,5384.21216666667,4779,1642
1.63088614790981,0.934065806027237,0.410273103865679,5384.24553333333,4779,1642
1.33396986242714,0.987584285009847,0.430063187534072,5384.8795,4780,1642
1.00999705358398,1.04048500272053,0.421229122425284,5385.51346666667,4781,1642
1.00487539487822,1.04195060650874,0.420564494878521,5385.54683333333,4781,1642
0.782085698727562,1.16454791570534,0.353369556921036,5386.14743333333,4782,1642
4.40362952124333,4.17428024745188,0.333907910403974,5379.10706666667,4767,1643
-4.16296033724081,2.3882675418231,0.475828560222426,5379.10706666667,4768,1644
-4.16296033724081,2.3882675418231,0.475828560222426,5381.04233333333,4772,1645
3.01492281246385,-3.53602465226445,0.989786142738798,5383.5782,4777,1646
1.74078847778889,8.98048327560535,3.48293375968294,5391.91986666667,4783,1647
1.43326623259444,8.55229155846359,3.6142498493,5392.5872,4785,1647
5.43552519090423,0.805838301018697,0.703206648302781,5391.91986666667,4784,1648
7.01981553143995,5.57633415076654,0.755853066795293,5413.2078,4786,1649
5.57335225451253,3.54598813073744,0.513626803731316,5416.44436666667,4787,1650
5.41826920354617,3.06497954865174,0.499519910635961,5417.07833333333,4788,1650
5.28543494064714,2.12918844798287,0.537466015681125,5418.37963333333,4789,1651
3.12746738945321,1.08500880350869,0.301012916868173,5422.2168,4790,1652
3.13201121312899,1.08261535923868,0.300941815492231,5430.79203333333,4791,1653
3.19331965792932,1.49452828787217,0.409094556658365,5441.56946666667,4792,1654
3.01726877840419,1.54150508313232,0.359212346042149,5442.20343333333,4793,1654
8.09730087777869,3.3519638504783,0.588989120489078,5449.91113333333,4794,1655
7.61344632651346,3.22440870202475,0.572476015244216,5450.5451,4796,1655
2.78479617344768,2.13859674432192,0.333529347718725,5449.91113333333,4795,1656
2.68517199204404,1.9660692923646,0.232772111268838,5450.5451,4797,1656
6.22021643201157,3.03099946605743,0.504370883952622,5452.48036666667,4798,1657
-3.71944547133489,4.37573877647905,0.478235761661824,5458.28616666667,4799,1658
-2.10587624235688,3.80537865560655,0.381539111674568,5462.79066666667,4800,1659
3.1302345360148,1.08464459646257,0.300680016480741,5465.3599,4801,1660
14.6702169658897,-5.05217240818918,11.5826694714414,5476.3709,4802,1661
4.41710162158633,2.07958206574513,0.520826226891355,5477.63883333333,4803,1662
12.5674001158004,-3.91643722846754,9.88163941554222,5479.90776666667,4804,1663
12.5379177631788,-3.90440247069216,9.86194044557944,5479.94113333333,4804,1663
12.4786461117288,-3.88551292797903,9.82815220502357,5479.9745,4804,1663
-2.95199619095515,0.0344202900058976,0.322696605417418,5481.54273333333,4805,1664
10.6707862455541,-1.76540841596051,7.37682279935637,5483.74493333333,4806,1665
10.6493410502876,-1.74326972547214,7.36232006822516,5483.7783,4806,1665
10.6529578904022,-1.73381776533716,7.36456372255917,5483.81166666667,4806,1665
3.21246765296118,4.52373767764698,0.560956675348036,5484.7793,4807,1666
2.88494444467789,4.59545279185392,0.530381800940612,5485.41326666667,4809,1666
2.87501730576263,4.58565029475794,0.530660178007339,5485.44663333333,4809,1666
-1.78704849633295,-0.472222391298812,0.353645809056762,5484.7793,4808,1667
-1.07776278259222,-0.479828376310976,0.357137429866609,5486.0806,4810,1668
2.24186874755851,4.57068289771369,0.494318581122225,5486.71456666667,4811,1669
1.95557498960942,4.47866463851655,0.521494433955455,5487.3819,4813,1669
1.63049383273261,4.43429112766875,0.509206592915922,5488.01586666667,4814,1669
3.12933954491249,1.0851638421,0.29977493724524,5486.71456666667,4812,1670
-0.383048644791839,-0.594096634828091,0.37290137855169,5488.01586666667,4815,1671
4.43716560335396,1.66998628371369,0.361819411054936,5504.23206666667,4816,1672
4.1167947933737,1.56391241093319,0.320040000343177,5506.16733333333,4817,1673
3.954918990498,1.5758753961889,0.333947581861517,5506.8013,4818,1673
3.81550444504716,1.54962831858157,0.294328993602152,5507.46863333333,4819,1673
3.62993913973278,1.50558323274545,0.283828515696146,5508.1026,4820,1673
3.45708306373067,1.45399196483954,0.263224363281586,5508.76993333333,4822,1673
3.25777670912898,1.46834526152897,0.269656394370723,5509.4039,4824,1673
3.09787408292147,1.54713915921905,0.248297438072615,5510.07123333333,4825,1673
2.95073233279312,1.56018113833369,0.238629786402292,5510.7052,4827,1673
-2.7828776553389,-0.231709425906005,0.400899808316742,5508.76993333333,4821,1674
-2.72510351244607,0.0800385664023568,0.407771534260529,5509.4039,4823,1674
-2.66346359413326,0.642755143426908,0.389983279272664,5510.7052,4826,1675
-2.54563211697251,0.960165222254303,0.355704249514861,5511.33916666667,4828,1675
-2.29801426519843,1.63696260348135,0.394493081789787,5512.64046666667,4829,1676
2.65384954001101,1.81783147159527,0.299107484873862,5512.64046666667,4830,1677
2.55838340230195,2.034143199923,0.26497414967495,5513.94176666667,4831,1678
2.33159540110111,2.15899705502411,0.234564941435426,5516.511,4832,1679
5.01549484769371,-0.704202817487513,5.28151603253806,5517.14496666667,4833,1680
2.13608764855474,2.24777073891697,0.235147388588994,5517.8123,4834,1681
3.08656764542798,5.727102897481,0.336845163797369,5519.1136,4835,1682
2.71314251963953,5.32596606462489,0.263562727472681,5519.74756666667,4836,1682
2.4635466439075,4.89897374451345,0.269187692617721,5520.4149,4838,1682
2.28432257670005,4.57458215461377,0.386483872721438,5521.04886666667,4840,1682
1.61434570279481,2.52599921885208,0.276285648170805,5520.4149,4837,1683
1.33206988615715,2.61942132367517,0.305071268808002,5521.04886666667,4839,1683
2.18275047625256,3.78329423782964,0.314127089304345,5522.35016666667,4841,1684
0.810597362206823,2.72853611735942,0.224961934834109,5522.98413333333,4842,1685
2.67887471020401,-0.121097878234993,4.90724320664659,5522.98413333333,4843,1686
2.37396810190185,0.022737144256875,4.72658618937327,5523.6181,4844,1686
2.29631729514925,0.342957063440534,4.54546464939545,5524.25206666667,4845,1686
2.29456720073184,0.34743175966237,4.53836000947975,5524.28543333333,4845,1686
2.19348452450199,0.632459055378493,4.33484003289424,5524.9194,4846,1686
2.09096921699182,0.961990903914651,4.07091563861653,5525.55336666667,4847,1686
2.08802040141216,0.966373183345383,4.06745352013189,5525.58673333333,4847,1686
1.9353597291851,1.24229519216774,3.88969739484115,5526.2207,4848,1686
1.62154244628931,1.56315279364703,3.71019391988924,5526.85466666667,4849,1686
1.61688673295599,1.5665704197321,3.70946937648799,5526.88803333333,4849,1686
1.40420298064419,1.71317804552415,3.53874727558708,5527.522,4850,1686
1.20276682747444,1.90416484813312,3.3053235877218,5528.15596666667,4851,1686
1.20449837958847,1.90812010408223,3.30170391348554,5528.18933333333,4851,1686
1.38232303639675,2.16897415977578,3.08831022713021,5528.8233,4852,1686
1.87320158210007,2.24065668806802,2.88551176228083,5529.45726666667,4853,1686
1.88091047565275,2.24090737678657,2.8809016495261,5529.49063333333,4853,1686
2.25741275999422,2.12932697204395,2.66140690529176,5530.1246,4855,1686
2.64960012368532,1.75236336125946,2.422039443462,5530.75856666667,4856,1686
2.76169077482703,1.38243834837546,2.25317447715324,5531.39253333333,4857,1686
2.76362868322436,1.37621686985164,2.25156950720823,5531.4259,4857,1686
2.75336020585288,0.994915540418346,2.03844704487136,5532.05986666667,4858,1686
2.75661659625401,0.988166569251848,2.0376474679702,5532.09323333333,4858,1686
2.65968971666685,0.625876258320567,1.85158827781001,5532.7272,4859,1686
2.46232328268426,0.136780658852188,1.62309307458294,5533.36116666667,4860,1686
2.45967672711771,0.122692074102818,1.6197040085704,5533.39453333333,4860,1686
2.17302246171426,-0.557292079986573,1.40938268713883,5533.99513333333,4861,1686
1.82170522724293,-1.22647359474789,1.19861791164143,5534.66246666667,4862,1686
-0.754620035859564,3.55159264610872,0.230889040758053,5530.09123333333,4854,1687
-2.82581032493279,3.54063986082436,0.372211082917541,5546.30743333333,4863,1688
-1.88419534460129,3.55265552262545,0.265924826768507,5548.87666666667,4864,1689
-1.66780780938929,3.51382162919484,0.239805501262849,5549.51063333333,4865,1689
-1.583815281379,3.50463098229976,0.187870267925723,5550.1446,4866,1689
3.13418584941621,1.08256605375072,0.298833065846665,5555.9504,4867,1690
3.12906549169098,1.08373525056537,0.29940189246969,5555.98376666667,4867,1690
3.13248765481914,1.08346905501444,0.299027048726247,5556.61773333333,4868,1690
-0.0374807536748036,5.41888955144418,0.382132383112167,5568.8633,4869,1691
2.62692770680981,7.40220756372234,0.571838687422367,5579.1736,4870,1692
2.4680751936068,5.95504827899577,0.35804505377997,5581.74283333333,4871,1693
2.39525189003358,5.54100397604709,0.375742026792872,5582.3768,4872,1693
2.37309410970696,5.18032169568738,0.483451640284144,5583.01076666667,4873,1693
2.38317153107734,4.7506957208267,0.540803809431769,5583.6781,4874,1693
2.32589812979959,4.2491614517607,0.556445250174915,5584.31206666667,4876,1693
2.29198500509226,3.83586137087124,0.542604001918095,5584.94603333333,4877,1693
2.29743330774822,3.45190291484956,0.473716243386413,5585.61336666667,4878,1693
2.30869077964961,3.15905114590853,0.383133785941404,5586.24733333333,4880,1693
2.36664339722023,2.83098138303771,0.365968308887692,5586.8813,4882,1693
2.45998152213978,2.50920548414352,0.413155707101299,5587.54863333333,4883,1693
3.13121530293719,1.08414561603128,0.299172366506747,5583.6781,4875,1694
-2.21321149270417,-2.09192098061117,0.367271196950963,5585.61336666667,4879,1695
-1.77989996558264,-2.14983652620742,0.351551751915977,5586.24733333333,4881,1695
3.12994405829883,1.08482158671934,0.299317539355362,5589.4839,4884,1696
-2.91434412755363,0.752522861321526,0.249371100782397,5594.02176666667,4885,1697
5.19624051170997,0.796593720947743,0.608735592905697,5598.55963333333,4886,1698
4.99694740988342,0.924331027003895,0.511063587014435,5599.1936,4887,1698
4.7819473766465,1.41584897768355,0.523145805946394,5601.16223333333,4888,1699
4.78266486237442,1.63316356870668,0.579670843940083,5601.7962,4889,1699
-4.77765284506151,1.165256792451,0.375102681038183,5603.06413333333,4890,1700
4.57945470282424,2.11116797633017,0.554430252118079,5603.0975,4891,1701
4.43826217220286,2.3445015906528,0.682236752025172,5603.73146666667,4892,1701
-3.99924926939397,1.08089985994577,0.500715520691037,5605.03276666667,4893,1702
-3.39865805066137,0.827088912460792,0.502881862290761,5606.33406666667,4894,1703
-3.1819295914912,0.707625159747368,0.508612458560441,5606.96803333333,4895,1703
-3.03204183273273,0.690884591042451,0.489977018026551,5607.602,4896,1703
-3.01938698694454,0.819415376283087,0.537722101399841,5608.26933333333,4897,1703
-3.00451461308974,1.01069828902597,0.605753039726794,5608.9033,4898,1703
12.9762600095721,-3.08582061269186,9.70269926970243,5614.97603333333,4899,1704
12.9946177699319,-3.09337592100496,9.71651918499403,5615.0094,4899,1704
12.8549209912054,-2.94713308276221,9.42828473453667,5617.34506666667,4900,1705
2.17045147012714,6.24020862767425,0.449066573978581,5619.3137,4901,1706
12.8203537856333,-2.36480061211733,8.98636960789986,5619.34706666667,4902,1707
13.2327263754958,-2.11759466141097,8.53302509248465,5621.3157,4903,1708
12.7862206583124,-1.93750195630977,8.16489353336083,5623.28433333333,4904,1709
12.7676929881818,-1.93419389054227,8.15315318124318,5623.3177,4904,1709
11.9552700589371,-1.96213552140474,7.75196785570056,5625.3197,4905,1710
11.9738344659735,-1.97959457331775,7.76424635724914,5625.35306666667,4905,1710
10.7162867849964,-2.41650364380649,8.12161894807812,5627.48853333333,4906,1711
10.6919012642911,-2.40748262792011,8.10817863679978,5627.5219,4906,1711
5.55909595220664,3.25491682383368,2.82352946429474,5630.39143333333,4907,1712
5.3947907336878,3.01724662856229,2.7699557603809,5631.0254,4908,1712
8.19858849660625,-3.32612203406377,9.306438568407,5631.75946666667,4909,1713
8.17724353615398,-3.31598261544585,9.28560335667221,5631.79283333333,4909,1713
4.73091863489231,2.32029179560599,2.46032264160852,5632.3267,4910,1714
4.72785213909986,2.31736302393709,2.46072770074671,5632.36006666667,4910,1714
4.26203047110337,2.05141150278246,2.28194868896514,5632.96066666667,4911,1714
4.26693106286964,2.05019398817188,2.28508886170493,5632.99403333333,4911,1714
7.90251253496955,-2.7416023768294,9.87733401775749,5633.96166666667,4912,1715
2.97624763875338,1.47164419052813,2.22721966264352,5635.59663333333,4913,1716
2.66623181761731,1.31775423488227,2.0323057768254,5636.2306,4914,1716
2.66053909972728,1.31602819974,2.03016001708256,5636.26396666667,4914,1716
2.31512042890286,1.17239986691529,1.82595759091166,5636.89793333333,4915,1716
2.09521005545507,0.851592920382007,1.50999578328139,5637.5319,4916,1716
1.73992311368909,0.615780497261892,1.35242571369192,5638.19923333333,4917,1716
1.37054268344353,0.4888229092508,1.15555205067993,5638.8332,4918,1716
1.36558091567275,0.486913370933993,1.1537796262652,5638.86656666667,4918,1716
0.961729965267005,0.310237349625261,0.956741765659247,5639.50053333333,4919,1716
3.13121530293719,1.08414561603128,0.299172366506747,5642.7371,4920,1717
-5.20741552162886,2.75330481433078,0.593709653077727,5664.8592,4921,1718
-4.82498691522274,2.68587206976605,0.706457675026543,5665.52653333333,4923,1718
-4.30390465395714,2.57622645388297,0.84723150700264,5666.1605,4924,1718
-3.7349464000544,2.28842589620255,0.986151683250925,5666.82783333333,4926,1718
-3.24811368980216,1.76382972893863,0.991618286845128,5667.4618,4927,1718
-2.93835011916877,1.00235879111386,1.02642087068698,5668.09576666667,4928,1718
-2.93804633894529,0.992363307015536,1.02871247958344,5668.12913333333,4928,1718
-2.57899647481362,0.15193679888146,1.09456571502151,5668.7631,4929,1718
-2.35356417417422,-0.67129083525718,1.09539315309264,5669.43043333333,4930,1718
3.13290125633381,1.08069888063866,0.299775351405079,5665.49316666667,4922,1719
3.13231997833651,1.08102125169306,0.300088279173905,5666.1605,4925,1719
1.57774219968256,5.8532796972041,0.388940719566486,5677.20486666667,4931,1720
1.42246224972893,5.31839297774451,0.450187543265014,5677.8722,4932,1720
-0.409531658838501,3.29111981723344,0.446605117419305,5694.7891,4933,1721
-0.72887629390578,3.01904316076814,0.649709770299788,5695.42306666667,4934,1721
-0.86227526122194,2.65095399909445,0.797395469962026,5696.0904,4935,1721
-1.07029483520175,2.21824969294125,0.754209255271985,5696.72436666667,4936,1721
2.7007030050055,1.79508625014464,0.455275579950634,5705.1995,4937,1722
2.59682277039913,1.70397834967932,0.492939740888985,5705.83346666667,4938,1722
2.37313987988314,1.64118552519393,0.501868941331022,5706.5008,4939,1722
2.12696013680209,1.5542370673222,0.532455518756534,5707.13476666667,4940,1722
1.81681913307131,1.42427003820427,0.531433589180612,5707.76873333333,4941,1722
1.55968207845182,1.41964356571948,0.527674688808832,5708.4027,4942,1722
1.55722739048855,1.41991602430096,0.527227950338331,5708.43606666667,4942,1722
1.31335082697956,1.42556177020027,0.52850953906254,5709.07003333333,4943,1722
1.30972507905226,1.42580909557851,0.528646437465254,5709.1034,4943,1722
1.00032672202676,1.4604306258869,0.501620592363451,5709.704,4944,1722
0.993857659493471,1.46158449977893,0.500230635613159,5709.73736666667,4944,1722
0.417930674046343,1.56640011003764,0.446765830704011,5711.0053,4945,1723
0.413738656141723,1.56821203441516,0.446687038151115,5711.03866666667,4945,1723
-0.631124026019276,-0.995972118879415,0.243647143292029,5711.67263333333,4946,1724
1.19553966708734,-0.972435734933436,0.33176344072417,5715.57653333333,4947,1725
3.48139733508357,-0.51418596633734,0.518226687410321,5722.68363333333,4948,1726
3.44585383855851,-0.0472180889187604,0.594412578109436,5723.98493333333,4949,1727
2.23373180642482,2.27202204917309,0.230271003903332,5744.00493333333,4950,1728
3.12789500696424,1.08483540790606,0.298382709336094,5769.8641,4951,1729
5.69545263094167,2.00006525082856,10.9910599383171,5780.54143333333,4952,1730
5.70240347159743,2.01383413672689,11.0332021167282,5780.5748,4952,1730
-0.304174694343622,-7.80044521593699,6.15237646326781,5786.54743333333,4953,1731
-0.305017661391957,-7.79444601901463,6.15081516806896,5786.5808,4953,1731
1.12821153014996,-2.42357462576642,1.02306226815191,5788.74963333333,4954,1732
1.94127677081936,-1.40024860710594,0.542459649595192,5794.62216666667,4955,1733
2.47964199400686,-0.216248605322724,0.437053884000984,5799.16003333333,4956,1734
2.48379029033893,0.0770327568655446,0.406200442392803,5800.46133333333,4957,1735
-3.5422949389958,2.33569039516941,0.689963878010384,5805.63316666667,4958,1736
-3.28313570479748,2.00735543519687,0.711069385047441,5806.3005,4959,1736
-3.08711986632567,1.76478412298088,0.600008134019228,5806.93446666667,4960,1736
-2.89175541769875,1.56940405804234,0.523648490034491,5807.6018,4961,1736
-2.62164328141658,1.44635354535041,0.429738689321247,5808.23576666667,4962,1736
-2.35807325310327,1.38127106652655,0.411909784224921,5808.86973333333,4964,1736
-2.10651713649763,1.33241453891562,0.337404303509829,5809.53706666667,4966,1736
-1.87247919907585,1.36886381553017,0.402278437972065,5810.17103333333,4968,1736
-1.61212715380665,1.49728296675368,0.540495678625389,5810.83836666667,4970,1736
-1.29026007196886,1.65861382601455,0.574018692137747,5811.47233333333,4972,1736
-1.28668643028268,1.66118313599807,0.573389545446569,5811.5057,4972,1736
-1.10102236443666,1.8835218214051,0.627278361308058,5812.13966666667,4973,1736
-0.897130800981943,2.121872387309,0.501545903278843,5812.77363333333,4975,1736
-0.674171020313203,2.28746672327598,0.406485483595849,5813.44096666667,4977,1736
-1.74489322967835,-1.63107963981961,0.632612284627746,5808.23576666667,4963,1737
-1.58500214862181,-1.54947102751291,0.759863454011876,5808.86973333333,4965,1737
-1.38510846723798,-1.42966867878863,0.850750478262897,5809.53706666667,4967,1737
-1.23250774311979,-1.31860451483548,0.898513019175586,5810.17103333333,4969,1737
-1.1569976209586,-1.25136496038566,0.869701862238881,5810.83836666667,4971,1737
-0.920711582987458,-1.23466595627196,0.852930662549844,5812.13966666667,4974,1738
-0.851265749478095,-1.13079548462552,0.882397395899684,5812.77363333333,4976,1738
-0.796174849252786,-0.957632040427345,0.894743330154914,5813.44096666667,4978,1738
-0.766645992813076,-0.766263622148094,0.798922601782962,5814.1083,4979,1738
-0.775652587919489,-0.591439331607058,0.659954149096836,5814.74226666667,4980,1738
-0.861037458450512,-0.420348061196657,0.621856097147404,5815.37623333333,4981,1738
-0.881023616737865,-0.272071530600039,0.600951097500461,5816.04356666667,4982,1738
-0.84819882271899,-0.0964458558704651,0.658501716449422,5816.67753333333,4983,1738
-0.874585502948288,0.0405632148336432,0.713537990710562,5817.34486666667,4985,1738
-0.869681879130185,0.187235892312042,0.720847326261682,5817.97883333333,4987,1738
-0.827666199919617,0.389696496839623,0.610084204666746,5818.64616666667,4989,1738
-0.808453297552393,0.482554402308589,0.460251989533581,5819.28013333333,4990,1738
-0.811309078022876,0.567084666259708,0.374714708587407,5819.94746666667,4991,1738
-0.855532938992935,0.692859224649632,0.35487076961285,5820.58143333333,4992,1738
-0.838726408638398,0.722725354027105,0.374550490943285,5821.2154,4994,1738
-0.882455632465274,0.731339220921021,0.372716706076507,5821.88273333333,4996,1738
-0.28352486039083,2.852160214596,0.497677251208049,5817.34486666667,4984,1739
0.0486910899528709,2.87923913935791,0.509576203068731,5817.97883333333,4986,1739
0.326261188577625,2.70707706266637,0.541844352795379,5818.64616666667,4988,1739
0.873136930401937,1.58102168138251,0.461994173801979,5820.58143333333,4993,1740
0.961995882026257,1.13831297422137,0.465947276812646,5821.24876666667,4995,1740
-1.0735376387008,4.65974389602861,0.34640287795625,5827.08793333333,4997,1741
-1.05874640997959,4.22157757288642,0.381000980512927,5827.75526666667,4998,1741
-1.05049245638838,3.83521474036355,0.431394643761093,5828.38923333333,4999,1741
-0.997194655329379,3.49235210436008,0.459117179752579,5829.05656666667,5000,1741
-0.95617720101004,3.21578952687833,0.545442967057713,5829.7239,5001,1741
-0.898648638313995,2.8954238486616,0.481937289990511,5830.35786666667,5002,1741
-0.836188872580826,2.55645142622999,0.415978678027741,5831.0252,5003,1741
-0.655560792133053,2.26230326115262,0.332749918537889,5831.65916666667,5004,1741
-0.442959489951917,2.08537824896533,0.312900333430944,5832.3265,5005,1741
-0.265574800410276,2.1229524479248,0.331600313998988,5832.96046666667,5006,1741
-0.0549027490770377,2.18976649900959,0.373731167247398,5833.6278,5007,1741
0.187937636983023,2.21635913211792,0.404405622038174,5834.26176666667,5008,1741
0.191225131874819,2.21590442934037,0.405007702532811,5834.29513333333,5008,1741
-2.76425529909678,2.04000863455004,0.483274631024617,5841.4356,5009,1742
-1.81786348724359,1.83205273321054,0.402357384719002,5843.40423333333,5010,1743
-1.54756504546942,1.95180147539763,0.432981438840783,5844.07156666667,5012,1743
-1.24885130843868,1.83027537109915,0.453759033956002,5844.70553333333,5013,1743
-0.948675691812072,1.63045035440467,0.455878878170253,5845.37286666667,5014,1743
-0.619790150826796,1.45866013941003,0.43234325169372,5846.00683333333,5015,1743
-0.293483180757076,1.32778217360171,0.449666504768163,5846.6408,5016,1743
-0.290160825536506,1.32571236563977,0.450423087984043,5846.67416666667,5016,1743
0.048760925525813,1.25648485690072,0.485379854288412,5847.30813333333,5017,1743
6.3115731660009,0.623304980920583,6.23689799572617,5844.00483333333,5011,1744
6.29638473394122,0.624855660878171,6.23875630688411,5844.0382,5011,1744
6.28943742786398,0.625273165344851,6.25266303046883,5844.07156666667,5011,1744
-0.36610133741622,1.59298984096093,3.42881067709158,5859.72053333333,5018,1745
-0.367339752664508,1.59302361038804,3.43235511865607,5865.59306666667,5019,1746
2.47999395095091,5.22428929109692,0.386903503215155,5868.1623,5020,1747
2.43299536567141,4.59329374261464,0.477502387096369,5868.82963333333,5021,1747
-0.366311979650896,1.59370712554968,3.42957559832979,5869.4636,5022,1748
-0.366120925043855,1.59373758445121,3.42968662851556,5870.13093333333,5024,1748
-0.366607572259303,1.59445271388802,3.43170807715898,5870.7649,5026,1748
-0.366250410296058,1.59390578537677,3.43006038403915,5870.79826666667,5026,1748
2.49998674406906,3.56273201831195,0.523963866521236,5870.13093333333,5023,1749
2.38942652293867,3.04188261743891,0.520520186800788,5870.7649,5025,1749
2.38598598290259,3.03300733529116,0.5207961387707,5870.79826666667,5025,1749
2.25951178162243,2.45351058208747,0.558541258416347,5871.43223333333,5027,1749
-0.36565982576611,1.59318652379467,3.43062229771272,5885.11256666667,5028,1750
4.68367792540743,1.63355231924511,0.459640132434772,5888.31576666667,5029,1751
4.43002516880144,1.56603805848028,0.463975407452078,5888.9831,5032,1751
0.145208658626671,-0.97233617343994,1.1283998579119,5888.34913333333,5030,1752
-0.0915045653147607,-0.859152483967028,1.25157325310834,5888.9831,5031,1752
-0.256858330553707,-0.754747073134431,1.4931263089398,5889.65043333333,5033,1752
-0.494836392995018,-0.616865500552288,1.74784863376916,5890.31776666667,5035,1752
-0.803553601792712,-0.462876224832267,1.86855666538944,5890.95173333333,5036,1752
-1.19333329355359,-0.347213225939134,1.9383474115526,5891.61906666667,5037,1752
4.1863806072837,1.57670850925052,0.389968234314645,5890.2844,5034,1753
3.74540767425264,1.69362921443062,0.40317278152909,5892.25303333333,5038,1754
3.47904790174474,1.73770129818905,0.421542447153672,5892.92036666667,5039,1754
3.1757316458053,1.75686256846433,0.414649646496574,5893.55433333333,5040,1754
2.90426619533706,1.72383958540691,0.420936443374914,5894.22166666667,5042,1754
2.78323941818505,1.64741062202116,0.459219580569762,5894.85563333333,5043,1754
2.62199911305851,1.51614958161427,0.498431197531621,5895.52296666667,5044,1754
2.42346623217809,1.29453021602433,0.481387153386015,5896.15693333333,5045,1754
2.21171157554065,1.06250423962742,0.456903639620567,5896.82426666667,5047,1754
1.94912052670716,0.802928574288915,0.427401994964589,5897.45823333333,5048,1754
-0.365664812549605,1.59431876587382,3.43040626769332,5893.5877,5041,1755
-3.35261450271371,-0.637273624377204,3.32933129087956,5896.1903,5046,1756
-3.46629839379062,-0.393595140670338,3.51059242629121,5899.3935,5049,1757
0.100245208121429,-0.04672047834705,0.396534193680827,5905.9,5050,1758
2.13039971519378,4.81257666247402,0.451364801139218,5916.94436666667,5051,1759
-0.36256790690664,1.59446069994753,3.42704016029844,5928.05546666667,5052,1760
-0.363480164501742,1.59365371533333,3.42930115074106,5937.16456666667,5053,1761
2.00373452837458,-3.11105646607161,0.631050677474016,5943.6377,5054,1762
1.69043775875454,5.73030139403877,0.363693484658979,5945.57296666667,5055,1763
2.03161282638966,4.91016908908194,0.37636437925876,5947.5416,5056,1764
2.03323738569232,4.56573251986331,0.356451497063542,5948.17556666667,5057,1764
2.03323738569232,4.56573251986331,0.356451497063542,5948.20893333333,5057,1764
1.99177602503071,4.21435727668584,0.377783716517309,5948.8429,5058,1764
2.00351233337565,3.84913445278596,0.40063335303218,5949.51023333333,5059,1764
2.10131689937504,3.43636090644393,0.361374332716323,5950.1442,5060,1764
2.26826740777069,3.02718320613619,0.361610702786261,5950.81153333333,5062,1764
2.26660754708018,2.62060751554004,0.359457010111665,5951.4455,5063,1764
2.28053979668918,2.25860288128922,0.375790244506326,5952.11283333333,5065,1764
-0.689225891943528,5.42851185161536,0.197301304002481,5950.1442,5061,1765
-1.54002770338664,-2.21735593125625,0.443125958892357,5951.4455,5064,1766
9.98208044857541,-4.56436031613597,6.09211687049073,5964.29166666667,5066,1767
9.96027924826015,-4.52306438379757,6.07474395130099,5964.32503333333,5066,1767
10.0424851494013,-4.55690753699571,6.12640086334801,5964.3584,5066,1767
9.91269562681573,-4.44352180673156,6.0436291296394,5964.39176666667,5066,1767
9.99778008180274,-4.48087663718524,6.09891812807262,5964.42513333333,5066,1767
10.0230954076209,-4.48446020720872,6.10983736977723,5964.4585,5066,1767
2.92330996850712,1.54038378217729,19.0456317767095,5968.6627,5067,1768
2.93460375162467,1.54483618750249,19.0325080678614,5968.69606666667,5067,1768
0.400750477061477,0.654227609986803,0.59774850065599,5973.60096666667,5068,1769
-1.27059048024553,-2.44727627535473,0.453812260768596,5976.20356666667,5069,1770
-1.42879101575769,-2.21166529340551,0.481219538893174,5976.8709,5070,1770
-1.8203451048739,-1.85222356002149,0.453564421515809,5978.1722,5071,1771
-2.42864748813097,-1.43449102463054,0.447772801252097,5980.10746666667,5072,1772
-2.55410010407608,-1.17318655821213,0.417271050212546,5980.74143333333,5073,1772
-2.70937995961397,-0.995176740950762,0.44436881975186,5981.40876666667,5074,1772
-3.08738534613216,-0.307630032705372,0.465934915301082,5983.34403333333,5075,1773
-3.25745634689694,0.388354457792921,0.407470740746526,5986.61396666667,5076,1774
2.30932556560379,5.56955460775086,0.314465950773173,5998.35903333333,5077,1775
2.41297765593446,5.15620348929314,0.344554246523385,5998.993,5078,1775
2.39598840409139,4.7281426727631,0.444797087231882,5999.66033333333,5079,1775
2.31679223322045,4.22995961261592,0.556153839546966,6000.2943,5080,1775
2.19311684399743,3.66691058877895,0.599015635958055,6000.96163333333,5081,1775
2.03426277580215,2.9840913657352,0.579019169852382,6001.62896666667,5082,1775
1.80557967235615,2.41919445255239,0.517515306778337,6002.26293333333,5083,1775
1.60767501189681,1.99999439407581,0.536905215447321,6002.93026666667,5084,1775
1.42590938875019,1.57989898576635,0.523617741705821,6003.56423333333,5086,1775
1.42323876563273,1.5742553293417,0.523640664515284,6003.5976,5086,1775
1.23861907101999,1.17898325833575,0.518158758903074,6004.23156666667,5087,1775
1.01606144979169,0.8553657582379,0.479281202626656,6004.8989,5088,1775
6.07811716831717,3.98170777321139,0.651173601858759,6003.56423333333,5085,1776
4.83557622474968,3.23768620564924,0.500834857036178,6006.16683333333,5089,1777
4.63551819550594,2.89482736539388,0.544377392423374,6006.83416666667,5090,1777
3.97825381965293,2.44950539105356,0.516162089896622,6008.13546666667,5091,1778
3.6331085871604,2.37297800323993,0.53667131149887,6008.8028,5092,1778
3.21632949880824,2.2448166013597,0.563767264702362,6009.43676666667,5093,1778
3.02136546252714,2.40195818781961,0.631748304978499,6010.07073333333,5095,1778
-1.80903819272266,4.64923428428294,0.634343467144138,6009.43676666667,5094,1779
-1.74022254739528,4.62929149406005,1.02720375608848,6015.3093,5096,1780
-1.89697831936817,4.24556375930911,0.823008882955833,6015.97663333333,5097,1780
3.25602383000348,-0.503399222615784,1.12768034876366,6015.97663333333,5098,1781
3.14817027593494,-0.34773218213303,1.0346237974046,6016.6106,5099,1781
3.04597881254371,-0.198305753854825,0.993171871691966,6017.27793333333,5100,1781
2.95857986696024,-0.113146777874887,0.866081919919597,6017.9119,5101,1781
2.82513402971292,-0.0541659380349874,0.806835378003062,6018.54586666667,5102,1781
2.56648062854029,-0.167846957720792,0.774123304003104,6019.2132,5104,1781
2.2228760073977,-0.34750662104566,0.686314310234532,6019.88053333333,5105,1781
1.93609135356105,-0.406565536907405,0.624954162463093,6020.5145,5106,1781
1.62792890234475,-0.455669408426983,0.535127211600676,6021.18183333333,5107,1781
1.4943567061846,-0.37470256277594,0.458027317341306,6021.8158,5108,1781
1.34687876891201,-0.207796338389566,0.421785250639202,6022.48313333333,5109,1781
1.14057679924065,-0.11265319032546,0.403936897764366,6023.1171,5110,1781
0.93845199465516,-0.0630394906752153,0.407561790178311,6023.78443333333,5111,1781
-0.329462667792358,4.30146347502093,2.48815331973756,6019.1131,5103,1782
0.700801109440578,-0.0205696161445855,0.255204471900921,6025.08573333333,5112,1783
0.875638883526858,0.218499688798466,0.346219489726448,6026.38703333333,5113,1784
0.993298031856122,0.403963048060259,0.407114878127448,6027.021,5114,1784
1.13664351721589,0.529902507450725,0.461201968817691,6027.68833333333,5115,1784
1.27536241952568,0.704974553358193,0.477017512442961,6028.3223,5116,1784
1.35122577823698,0.880177085589406,0.390843467671965,6028.98963333333,5117,1784
1.25656413397882,0.967160416225856,0.330400315801457,6029.6236,5118,1784
1.1066328665772,1.17755354834585,0.381589379840137,6030.29093333333,5119,1784
0.88315006555906,1.40639056570441,0.453560082502619,6030.9249,5120,1784
0.879972762712353,1.40810374360037,0.454718325128031,6030.95826666667,5120,1784
0.358944437956151,1.62741954907,0.536005224175971,6032.2262,5121,1785
0.355493876442785,1.62802071555759,0.536432273199749,6032.25956666667,5121,1785
-0.00790201642113741,1.67640289580367,0.529829045193148,6032.89353333333,5122,1785
-1.1590973664227,4.05376792645782,5.32718910638711,6038.1321,5123,1786
0.215874098229994,1.80495197973189,2.49761820421653,6040.70133333333,5124,1787
0.369368165285009,3.55190534342004,6.22150273141915,6041.36866666667,5125,1788
0.761401224749013,2.87362993634336,6.65894123308768,6042.66996666667,5126,1789
0.986463487867159,2.5733162423165,6.91894051375698,6043.30393333333,5127,1789
-2.1291699730341,4.16898008380894,0.479859427798744,6048.50913333333,5128,1790
-1.91818978313862,4.92898903149567,0.53017383178775,6058.28556666667,5129,1791
-1.94950318418352,4.68961266671171,0.450489275844391,6058.9529,5130,1791
-2.20444106521518,4.4469096357757,0.446034097474985,6060.2542,5131,1792
-2.33587132790153,4.36217678428184,0.441304394635888,6060.92153333333,5132,1792
3.62865499191527,1.87780099956682,0.606218116579118,6072.23283333333,5133,1793
3.61828798643638,1.87633856681245,0.612347261918979,6072.2662,5133,1793
3.44454093124993,1.90382826579288,0.700185727793696,6072.6666,5134,1793
3.43464516834205,1.90679188356647,0.702391610490717,6072.69996666667,5134,1793
3.41458576098262,1.91151412583673,0.705467974320613,6072.73333333333,5134,1793
3.40157159933848,1.91381479484967,0.708731219172408,6072.7667,5134,1793
3.35572622017573,1.92106454319417,0.713220933876983,6072.8668,5135,1793
3.34703798549108,1.92130847713836,0.715269959461147,6072.90016666667,5135,1793
3.34211652258893,1.92446638682617,0.718474205475681,6072.93353333333,5135,1793
3.23259374380692,2.00894278677549,0.757611867633161,6073.2672,5136,1793
3.06204305794273,2.15056632864205,0.828022977132437,6073.90116666667,5137,1793
2.02792545535734,0.871002162775712,7.92833729073292,6075.23583333333,5138,1794
1.11886802858825,-1.57876978804186,0.491406484247915,6095.45603333333,5139,1795
1.26657313970656,-1.22913148548604,0.512507404927609,6096.09,5140,1795
1.40931287316109,-0.869573265421093,0.489778175666379,6096.75733333333,5141,1795
1.38403873207892,-0.473546864344649,0.464063664007637,6097.3913,5143,1795
1.38330646700115,-0.470686946383147,0.46412688885514,6097.42466666667,5143,1795
1.48869279898503,-0.0680565231234711,0.395049478824612,6098.05863333333,5146,1795
1.7039853988648,0.360588533528093,0.365731065374739,6098.72596666667,5147,1795
1.86128003307846,0.602751712335361,0.485142238038475,6099.35993333333,5148,1795
1.97413525818479,0.742927567777161,0.414404235787243,6100.02726666667,5149,1795
3.01875025702983,-0.376464488259445,0.41991766876416,6096.75733333333,5142,1796
3.02449412030926,-0.252613869420498,0.444431492419423,6097.3913,5144,1796
-10.6158492296042,-14.8902251962999,5.70712818748207,6097.8918,5145,1797
-10.4471241509296,-15.0907027581164,5.64598299589601,6100.094,5150,1798
-10.3262767568545,-14.9105457792478,5.59541806973094,6100.12736666667,5150,1798
5.26405413794092,1.28794372964984,0.601042331078041,6107.2011,5151,1799
-0.325677858669249,4.04394443419421,0.248347821635542,6121.54876666667,5152,1800
3.42485704586129,-0.790875055721682,0.461414092743643,6131.95916666667,5153,1801
3.19235683457457,-0.428372496505571,0.438528861420742,6134.56176666667,5154,1802
-0.871337371021125,2.98358287223566,0.268119338951629,6146.3402,5155,1803
-0.869260951098885,2.98018298093831,0.268693494682398,6146.37356666667,5155,1803
-0.882251180825817,2.70464254626836,0.310232040022801,6147.00753333333,5156,1803
-0.894115615710961,2.45111695352864,0.294208053177607,6147.6415,5157,1803
-3.62971077391133,5.08252182999651,-0.253528845620418,6148.30883333333,5158,1804
-0.862070154469722,3.53875666259797,0.37944907662948,6149.61013333333,5159,1805
-0.709988606168979,3.46657539187515,0.506620105776744,6150.27746666667,5160,1805
-0.410167266288277,3.42330217205636,0.584408064729425,6150.91143333333,5161,1805
0.074351263327995,3.43627633698481,0.590693228117193,6151.57876666667,5162,1805
13.0634393507558,-7.29586064501447,10.9210595344798,6159.5534,5163,1806
-3.34096114440351,-2.45487688522805,0.376723922864593,6189.71686666667,5164,1807
-3.37050198252398,-1.59522848201471,0.429907568643877,6191.6855,5165,1808
-3.26516742496251,-1.28255896016941,0.407939343819041,6192.35283333333,5166,1808
-3.03645813434183,-0.704550330227382,0.275098525935722,6194.32146666667,5167,1809
-2.8887506895694,-0.613107032844261,0.199185032379696,6194.9888,5168,1809
-2.79025169362385,-0.554027567107156,0.235174604690786,6195.65613333333,5169,1809
-1.37038981891328,3.14926223795743,0.413139143309529,6197.22436666667,5170,1810
-1.36412764792365,3.14693724783813,0.414047044750314,6197.25773333333,5170,1810
-1.06871045934464,3.03955034194482,0.328202163398821,6197.8917,5172,1810
-0.792839442144979,2.96906018965755,0.278756950613825,6198.52566666667,5174,1810
-0.349049674761756,2.83436144253321,0.329748797023678,6199.193,5176,1810
0.111221175323805,2.47997633179455,0.396605544005414,6199.82696666667,5178,1810
0.352029478426017,2.00219538324528,0.414803854626412,6200.46093333333,5180,1810
0.354541386269298,1.99387412553978,0.414961039502972,6200.4943,5180,1810
0.500752267681182,1.46258845494666,0.382772203349183,6201.12826666667,5182,1810
-2.08230350173807,-0.241990239706219,0.310250001380322,6197.65813333333,5171,1811
-1.80697388921198,-0.193021774212199,0.282027324968857,6198.35883333333,5173,1811
-1.51964342471605,-0.13849589951091,0.263142388684967,6199.05953333333,5175,1811
-1.20493380036898,-0.102746968769649,0.289639130983104,6199.76023333333,5177,1811
-0.891162641327942,-0.0460746470961896,0.320402390429802,6200.42756666667,5179,1811
-0.891950817382942,-0.0474151882046854,0.319904162605724,6200.46093333333,5179,1811
-0.56622799659774,-0.0244413694426431,0.356881330221678,6201.12826666667,5181,1811
-0.192475889506243,-0.0840327425276374,0.365537908997981,6201.7956,5183,1811
0.0280001355132593,-0.18892589458481,0.377652727508794,6202.46293333333,5184,1811
5.00209613502539,0.740495216379562,0.374138079899015,6205.73286666667,5185,1812
2.76627357948608,-0.176261643042602,0.275613399600154,6207.06753333333,5186,1813
2.72668699255135,-0.119511846905404,0.418846490906062,6207.7015,5187,1813
2.77384694990272,0.0147961798030904,0.556808492703684,6208.36883333333,5188,1813
4.60643810369358,1.51115487125334,0.380421197277972,6209.67013333333,5189,1814
3.09418886577883,0.370806187180775,0.831267429835133,6210.33746666667,5190,1815
5.25347550251879,4.79474905609312,0.446569828707496,6211.63876666667,5191,1816
3.23933032451133,0.669114530386787,0.847760839060745,6211.63876666667,5192,1817
3.64005361223102,1.61927937217254,0.366216448618265,6211.63876666667,5193,1817
3.3514938205029,0.885556638326894,0.807438599304684,6212.3061,5194,1817
3.41475562414233,1.28551140986755,0.607470391889667,6213.6074,5195,1818
2.68652900528851,1.60526055549008,0.374826315262843,6213.6074,5196,1818
2.60525061743897,1.63827184152511,0.35843185882655,6214.27473333333,5197,1818
3.28562585385626,1.38024874190754,0.583231486437605,6214.27473333333,5198,1818
2.40775289190157,1.73368972678736,0.326125360057286,6214.9087,5199,1818
3.1432243131688,1.53667817251649,0.556475171107533,6214.94206666667,5200,1818
2.35219745914716,1.7677517490674,0.333901806548004,6215.57603333333,5203,1818
3.04416164261776,1.74786366276094,0.526013879583989,6215.57603333333,5204,1818
2.32968228014675,1.77420640250922,0.385168479343346,6216.24336666667,5207,1818
2.97650625958177,1.99985518067811,0.567888662557043,6216.24336666667,5208,1818
2.21635542223059,1.86290180373621,0.400080298469612,6216.9107,5210,1818
2.02808620322224,1.95574889813597,0.380088165268475,6217.54466666667,5211,1818
1.72651661476667,2.03367926093428,0.374023855467374,6218.212,5213,1818
1.48658568932448,2.14889863615543,0.356484176043964,6218.87933333333,5214,1818
1.25296280942234,2.27040460054319,0.334947112672929,6219.5133,5215,1818
3.50493996667551,3.6661794527047,0.454937547486583,6215.57603333333,5201,1819
3.60952169093148,3.4141673610508,0.474096090598174,6216.24336666667,5205,1819
-0.365475083562676,1.59325497523733,3.42999239513352,6215.57603333333,5202,1820
-0.365650322956379,1.5924633017064,3.42925924334119,6215.6094,5202,1820
3.64822725921363,-1.67234853793972,1.60414126504263,6216.24336666667,5206,1821
-10.2089547267643,-14.8782254978551,7.63124444205002,6216.67713333333,5209,1822
2.82055685282903,-1.70266080293912,1.52951022850536,6218.212,5212,1823
-0.36461666112176,1.59218181571941,3.43054249096036,6233.89433333333,5216,1824
-0.364293747902239,1.59237439047258,3.4310481511553,6233.9277,5216,1824
1.47578127041706,4.89222545349168,0.23734972982027,6240.4342,5217,1825
-0.364266390165497,1.59297651058401,3.43003549032177,6241.10153333333,5218,1826
-2.60082734244765,-0.0171357396012567,0.342928477837005,6241.7355,5219,1827
-2.29549340571524,-0.0363174483034782,0.347229311951034,6242.40283333333,5220,1827
1.72814630631744,4.14136437537359,0.337597745020742,6243.07016666667,5221,1828
1.79980131939852,3.91076420181597,0.267371842812893,6243.70413333333,5222,1828
1.85744725701798,3.62261060465925,0.27367868328483,6244.37146666667,5224,1828
1.92206862159749,3.30574483637412,0.339430267003371,6245.00543333333,5226,1828
1.9933511591306,2.98206667057139,0.339329925005477,6245.67276666667,5227,1828
2.05086683463296,2.73579413417534,0.277034394936997,6246.3401,5229,1828
-1.61800719326592,-0.0588319562672018,0.378951066781299,6243.70413333333,5223,1829
-1.15851564162482,-0.0750822235086605,0.374382431754057,6244.37146666667,5225,1829
-0.368177984381893,-0.24043108593317,0.348219874377611,6245.67276666667,5228,1830
-0.363535096309378,1.59166835804575,3.42806318337821,6258.252,5230,1831
-2.78329993391863,-1.24992212180218,0.401075019269704,6265.3591,5231,1832
1.56240669140906,-3.73543939495435,0.541038732656249,6278.3721,5232,1833
-2.23330554304666,6.25975730282925,0.346644030917864,6283.54393333333,5233,1834
-1.94921543424382,5.87793129217299,0.411640522576479,6284.21126666667,5234,1834
-1.589882242304,5.4337184718112,0.470739706338807,6284.84523333333,5235,1834
-1.32306360942051,4.96897013724941,0.505119068418664,6285.51256666667,5236,1834
-1.22245638546436,4.47818029113151,0.468401949409998,6286.14653333333,5237,1834
-1.22528869328789,4.47919146360186,0.468008785416238,6286.1799,5237,1834
-1.46825434776025,3.82496363439512,0.735838679754907,6288.11516666667,5238,1835
-1.60237186942277,3.44647429880485,0.600285307377188,6300.42746666667,5239,1836
-1.38963909305389,3.34737483434558,0.567405435390287,6301.06143333333,5240,1836
-1.14070828966943,3.1462286902726,0.480282894998894,6301.72876666667,5241,1836
-0.814653515422766,2.86669841463509,0.418143538023031,6302.36273333333,5242,1836
-0.603488485078876,2.62393172837375,0.430764547550801,6303.03006666667,5243,1836
-0.311637809474433,2.45511908842886,0.402386250428314,6303.66403333333,5244,1836
-0.306689790831941,2.45374234577446,0.402126576639288,6303.6974,5244,1836
0.0329797583073127,2.36799904012796,0.42924575607785,6304.33136666667,5245,1836
0.909400718665079,2.09375480488178,0.491753395646799,6306.26663333333,5246,1837
1.14609040434312,1.85614875707053,0.649241778228991,6306.9006,5247,1837
1.42654639348549,1.50938037185126,0.743861404883384,6307.56793333333,5248,1837
1.60173774955391,0.458459836303002,0.577342356990752,6309.5032,5249,1838
3.92266241052051,0.902572986194041,0.591110991582875,6317.311,5250,1839
3.70476428988101,0.893486279175653,0.607220286344185,6317.94496666667,5251,1839
3.51617431993467,1.02905036446691,0.620415356507958,6318.57893333333,5253,1839
3.2171609439647,1.29711362275009,0.599879394239009,6319.24626666667,5255,1839
2.81985334982143,1.58739412975709,0.608982129748771,6319.88023333333,5256,1839
2.81629188054737,1.58892809641742,0.608520988252219,6319.9136,5256,1839
2.35670803810266,1.69083231214592,0.619084607362575,6320.54756666667,5257,1839
1.92612792941611,1.63754107445909,0.607694703804766,6321.18153333333,5258,1839
1.92030478373583,1.63385459347791,0.607619797156134,6321.2149,5258,1839
1.61132873733797,1.44784465849159,0.5634199338207,6321.84886666667,5261,1839
1.38124657659932,1.18137394339924,0.536899464637451,6322.48283333333,5263,1839
1.11964621797623,0.821789327174484,0.527101565997095,6323.15016666667,5265,1839
1.98861471319808,5.88512605751198,0.774210930630097,6318.57893333333,5252,1840
1.77556795336305,5.33375904662826,0.850326226131231,6319.24626666667,5254,1840
0.205474195412452,4.2733022551566,1.05442680750999,6321.2149,5259,1841
-0.211368274633654,3.76036356687013,1.12274840441169,6321.84886666667,5260,1841
-0.336748729603498,3.16690112697907,1.26380381788471,6322.48283333333,5262,1841
-0.337728091797797,3.15653744423757,1.26608547987972,6322.5162,5262,1841
-0.444965991308511,2.54979788681221,1.3062264293211,6323.15016666667,5264,1841
-0.456508964279856,1.95889661622705,1.36211002655673,6323.78413333333,5266,1841
-0.455718647031972,1.94866990096024,1.36451269156007,6323.8175,5266,1841
-0.425953202256648,1.31755360881873,1.46364878716268,6324.45146666667,5267,1841
-10.5255179216701,-14.1229611282596,5.65928879310922,6334.59493333333,5268,1842
-5.11367796568414,-0.745394129781856,0.423174014601123,6336.1298,5269,1843
-4.94741941502578,-0.44224069198332,0.502061223288481,6336.79713333333,5270,1843
-4.58555262414261,1.26977117059088,0.558782636611587,6342.6363,5271,1844
-4.44552318355775,1.45854933696583,0.502831821614799,6343.30363333333,5272,1844
-3.99918159881155,1.7553119474823,0.372532328144468,6344.60493333333,5273,1845
1.18859894578345,-1.42687627628797,0.595763858756863,6349.81013333333,5274,1846
1.51850753404302,-1.36587930402829,0.644076582154975,6350.4441,5275,1846
-1.54712489798392,-0.52516913070978,0.558477164556749,6352.37936666667,5276,1847
-1.16736270748491,-2.44595358656863,0.53305171060109,6353.0467,5277,1848
-1.22626907464645,-2.14616317586689,0.507521060681178,6353.68066666667,5279,1848
-1.19233203047225,-1.9464226399839,0.48110166936728,6354.31463333333,5281,1848
-1.03424269429054,-1.74188223285572,0.400425421399893,6354.9486,5283,1848
-0.872264050503203,-1.49031835191879,0.403703099436391,6355.58256666667,5285,1848
-0.688111642067415,-1.16824752207636,0.420521456756061,6356.2499,5287,1848
-0.500613660137506,-1.00882456464469,0.440417966158525,6356.88386666667,5289,1848
-0.190681330484115,-0.874863393865608,0.447442079972475,6357.5512,5291,1848
-1.55034724986687,-0.205336636977604,0.270585630870735,6353.6473,5278,1849
-1.53745896002601,0.00274566178571867,0.15019679338497,6354.28126666667,5280,1849
-1.48801313012186,0.168038502039713,0.264528652151566,6354.9486,5282,1849
-1.35936487838333,0.398918830024735,0.445615784575449,6355.58256666667,5284,1849
-1.13916620391465,0.51599038359367,0.56778473414989,6356.21653333333,5286,1849
-1.1334043076694,0.517688449909725,0.569646034806235,6356.2499,5286,1849
-0.902161699450913,0.649174053548482,0.71863461486282,6356.88386666667,5288,1849
-0.8580784232277,0.72556562916586,0.78776306584778,6357.51783333333,5290,1849
-0.735061505116654,0.853363203507796,0.774151781681311,6358.1518,5292,1849
-0.734373075026771,0.856363528636718,0.773720082456239,6358.18516666667,5292,1849
-0.657375353429415,1.01438151450946,0.789689263646401,6358.81913333333,5293,1849
-0.639858195174639,1.13869749693346,0.854385515422676,6359.4531,5294,1849
-0.598076539507307,1.25048795347181,0.838688329357043,6360.08706666667,5295,1849
-0.597574318407775,1.2520271863798,0.83757312274161,6360.12043333333,5295,1849
1.04642396459163,-0.594587966957513,0.38675884968543,6360.12043333333,5296,1850
1.57483167994943,-0.45453266969342,0.4683148559243,6361.42173333333,5297,1851
1.89062505622426,-0.393005858940818,0.512284768124102,6362.0557,5298,1851
2.48510076065137,-0.289700229962724,0.615399576594028,6363.357,5299,1852
-0.366083380424533,1.59217350423312,3.42954287658942,6367.2609,5300,1853
-0.348763080285347,1.60813695270856,3.41682832050811,6369.8635,5301,1854
-0.12717419309333,1.39466272259631,3.22125739925704,6370.49746666667,5302,1854
0.0864683229605171,1.20912853179706,3.12113277633673,6371.13143333333,5303,1854
0.0907408559757795,1.20544812908123,3.12095376685972,6371.1648,5303,1854
0.392297339711718,0.982127334261199,3.00958599788485,6371.7654,5304,1854
0.397506942511197,0.977885907074814,3.00758308047841,6371.79876666667,5304,1854
0.707219258772666,0.70063818410488,2.88618048089147,6372.43273333333,5305,1854
0.813498889425494,0.384336772954432,2.77713931795969,6373.0667,5306,1854
0.947828600596483,-0.0219015542852812,2.64178803436805,6373.70066666667,5307,1854
0.950445997269984,-0.028863904750999,2.63836512512198,6373.73403333333,5307,1854
1.25770883104823,-0.536374151370418,2.49576123262417,6374.368,5308,1854
1.48330357506751,-1.02500241641647,2.32943112676852,6375.00196666667,5309,1854
1.39687183726326,2.32536533608132,3.08463696293242,6612.0054,5310,1855
1.07504472678919,2.22741815266945,0.713866504745861,6613.27333333333,5311,1856
1.0796196017154,0.892432051821556,3.92512009694604,6613.97403333333,5312,1857
