0.104988338674879,4.73528066177156,0.766502665009412,65.1984666666667,1,1
-2.96676422105898,1.88762793047355,0.337252776909495,65.3319333333333,2,2
-2.93480915693885,1.89680664169499,0.341856868591143,65.3653,2,2
-2.92875279321805,1.89694867853727,0.341047233944816,65.3986666666667,2,2
5.99061275319792,-0.722524288477723,0.885023570093885,65.7657,3,3
1.10577771937466,7.15370745706744,0.317738326153874,69.2358333333333,4,4
-0.834804756634295,4.77217731185159,0.483774249009194,69.5695,5,5
1.10085192028706,7.25114987446334,0.315644330090579,70.6038666666667,6,6
-3.9796683657349,-0.620137490440812,0.639222667345304,85.0516333333333,7,7
-3.89954272302816,1.63030045532367,0.348982219304446,87.1871,8,8
-3.30302842437855,3.63971835787755,0.334859104563894,145.979166666667,9,9
-5.46570898381147,3.51701574950577,0.27861408644289,152.4523,10,10
-5.38882218020484,3.4889179837664,0.285774006545613,152.485666666667,10,10
4.94841886261155,1.10993349542475,0.85113028390971,155.321833333333,11,11
4.93309091295024,1.09160474041893,0.837613456484752,155.3552,11,11
4.90098076591143,1.07442801906398,0.826437144446821,155.388566666667,11,11
4.34088140114892,0.476131058431765,0.786461465708982,156.322833333333,12,11
4.32821349945908,0.457904141012786,0.793511194330007,156.3562,12,11
3.98703969545427,0.176338259517826,0.909021306685859,157.323833333333,13,11
3.96450881861493,0.172592800482604,0.913865776698818,157.3572,13,11
3.95293282967519,0.165705033422805,0.921068881095487,157.390566666667,13,11
-4.361349296695,2.1620782934056,0.379438065842148,157.624133333333,14,12
-4.35561276147365,2.1722200288874,0.367590023354844,157.6575,14,12
-4.39001579045544,2.18825319861972,0.341774056207147,157.690866666667,14,12
3.39320184360931,0.0843753353106442,0.80130734258661,162.729233333333,15,13
3.40908970085705,0.0844635786825938,0.792371346908023,162.7626,15,13
3.55891020085026,0.525457890773413,0.893095433749866,163.8637,16,14
3.55365345660609,0.553515044145605,0.898895303252097,163.897066666667,16,14
3.54404513338139,0.584134644664006,0.90456089356255,163.930433333333,16,14
9.15024952483708,-2.25394977078984,1.27518270396545,164.831333333333,17,15
2.74746818150309,1.41376845376138,0.823806925760559,164.898066666667,18,16
2.70894260503739,1.41247974415615,0.822515515691849,164.931433333333,18,16
2.67505373861045,1.41119523934248,0.821524432498857,164.9648,18,16
1.88049374232186,1.12825532399619,0.649172743922454,165.899066666667,19,16
1.85844517245117,1.12619504393982,0.646164614781844,165.932433333333,19,16
1.83180681208487,1.12527174523521,0.641820987144896,165.9658,19,16
1.80648127090717,1.12520071840563,0.635631304275116,165.999166666667,19,16
1.62178216745799,0.641101848997455,0.685014143069663,167.133633333333,20,17
1.62819509957309,0.633341604563423,0.693896873585072,167.167,20,17
1.63632322975504,0.62340213332485,0.702151883286368,167.200366666667,20,17
1.68827026720112,0.86602165878709,0.703214809243766,168.434933333333,21,18
1.68334223980646,0.882623281852693,0.694377789125008,168.4683,21,18
1.67837775071229,0.899629236184145,0.684743459149575,168.501666666667,21,18
1.57285682292584,1.48668489284943,0.474926304653393,169.636133333333,22,19
1.55199303506476,1.50533882765022,0.47424658816835,169.6695,22,19
1.53078251077821,1.52068785909612,0.474662780959975,169.702866666667,22,19
1.4301115827323,1.73784340465996,0.559594917908494,171.004166666667,23,20
1.43553422695274,1.72647904472486,0.566069472226096,171.037533333333,23,20
1.44162868390823,1.71687951240523,0.571021160390995,171.0709,23,20
1.83529573971741,1.45683714598497,0.644409078101069,172.038533333333,27,20
1.83644613375659,1.44248209593778,0.650099035156158,172.0719,27,20
1.83728169336598,1.42920557118206,0.655731740888819,172.105266666667,27,20
-3.26030256427985,3.59444881757984,0.456048130684978,171.037533333333,24,21
-3.43752234726218,3.71523771770834,0.446969709102514,172.005166666667,26,21
-3.43613177644662,3.71013972438074,0.445460742161806,172.038533333333,26,21
4.59377435986658,-0.50527877616278,2.22512619184335,171.905066666667,25,22
3.87491276631297,0.76210390503077,2.15049118101069,172.605766666667,28,23
1.91421537542822,0.95786121220995,0.658204394971067,173.106266666667,29,24
1.92154159151766,0.941941851664688,0.660133164739139,173.139633333333,29,24
3.16950427172454,2.04501353954868,2.08193100047439,173.306466666667,30,25
-3.37083184794782,3.74780323400592,0.42545453306174,173.506666666667,31,26
-3.36367602441877,3.74749381190728,0.434207373862591,173.540033333333,31,26
2.75627994028846,3.0783016481122,2.08395597234686,174.0739,32,27
2.24719054735796,0.792159338834488,0.820620628615709,174.2741,33,28
2.25063840619183,0.787409156535972,0.831213002909052,174.307466666667,33,28
-3.42032742210259,3.86186329434765,0.475086075441769,174.6745,34,29
2.54081078607177,0.650136251079257,0.702059895255634,175.542033333333,35,30
2.55474235844866,0.645533198734388,0.693928099230658,175.5754,35,30
2.86830789376246,0.800482227788513,0.672137093192496,176.643133333333,36,31
2.87616324204853,0.806601766429507,0.676918275234723,176.6765,36,31
-3.36981609877337,4.1133732291583,0.404576945553567,177.043533333333,37,32
-3.36423428809242,4.11936103879952,0.406314348167414,177.0769,37,32
-3.97233207609349,2.59366059585832,0.4803138334281,177.8777,38,33
-3.94939974475972,2.58209462239088,0.477435022765887,177.911066666667,38,33
-3.9809739922542,2.58859371271876,0.459933547409849,178.011166666667,39,33
-6.0384456928272,-1.15916375003026,0.689968226397044,180.0799,40,34
-3.72617289301562,2.37920170757455,0.441157176476561,185.0849,41,35
-3.69347489273356,2.37014312519254,0.444184721016139,185.118266666667,41,35
-3.28524434837078,4.23757319629008,0.389158820176132,185.118266666667,42,36
-3.91382227558728,1.98386848316627,0.40312335325368,186.8867,43,37
2.9611379922874,1.12174768933629,0.799136224948508,189.455933333333,44,38
-3.32953881321255,4.5796513223589,0.410528948505207,189.822966666667,45,39
3.23443970014184,1.60049941033557,0.714688346211768,190.5904,46,40
3.23640676381313,1.60388852398394,0.704600094458775,190.623766666667,46,40
-3.29969144762335,1.936731265767,0.422282911008813,192.5924,47,41
2.59007647731909,4.20883250509451,0.696640650964978,194.227366666667,48,42
-2.55655230235053,2.15321089326717,0.53896848426513,196.9968,49,43
-2.56121018778441,2.1611174850096,0.535053115222928,197.030166666667,49,43
-2.5578215355834,2.17172010919873,0.530634682195295,197.063533333333,49,43
-2.55119090726631,2.17800894098,0.532052912398138,197.0969,49,43
-2.54745832615843,2.18542560137872,0.535395508355964,197.130266666667,49,43
-2.54065858334057,2.19285714000744,0.539914196088074,197.163633333333,49,43
-2.53300459513803,2.19837486775572,0.546729337766724,197.197,49,43
-2.52656063667417,2.20563048782836,0.554469585906782,197.230366666667,49,43
2.69651790630813,2.13278096887341,0.611636598314551,197.6975,50,44
2.69237821291316,2.11188606624613,0.605281602166403,197.730866666667,50,44
2.69220059710005,2.09616802006905,0.600629689161818,197.764233333333,50,44
-3.88379831799153,1.91915978941502,0.427790493795655,197.7976,51,45
2.7880277858955,1.54494727182423,0.750204844509276,199.032166666667,52,46
2.79626864686506,1.52999051893381,0.750882648180444,199.065533333333,52,46
2.80720204466069,1.51765136403885,0.751837453485833,199.0989,52,46
3.19974907530401,0.924293634929152,0.807416937706982,200.166633333333,53,47
3.21985416464811,0.904207690898402,0.807428107593725,200.2,53,47
-3.68596860985334,2.02805612098035,0.384174143282828,201.0008,54,48
3.50235232937922,0.328044067678766,0.882607741713658,201.367833333333,55,49
3.46921823165649,1.53385710601825,0.419584054020893,201.5013,56,50
3.46644571364917,1.53385641733617,0.419772260710682,201.534666666667,56,50
3.4689635370331,1.53378857939943,0.418600613711202,201.568033333333,56,50
3.4689635370331,1.53378857939943,0.418600613711202,201.6014,56,50
3.46632400771658,1.53304615739836,0.418981663368002,201.634766666667,56,50
3.46405784589733,1.53392048710253,0.419958136109252,201.668133333333,56,50
3.4666921314162,1.5346630255533,0.419578459773067,201.7015,56,50
3.47160864093871,1.53453257429365,0.418218744453142,201.734866666667,56,50
3.46790090922336,1.53447949891731,0.420008879445479,201.768233333333,56,50
3.46790090922336,1.53447949891731,0.420008879445479,201.8016,56,50
3.47048538895069,1.53520637409729,0.419663903909326,201.834966666667,56,50
3.47221083852939,1.53567943229675,0.419727508230849,201.868333333333,56,50
3.4645178184459,1.53404031783432,0.421583382169234,201.9017,56,50
3.46216029947985,1.53410277487416,0.421522344073802,201.935066666667,56,50
3.47556043798649,1.53564901171784,0.419710628415147,201.968433333333,56,50
-0.419509280767062,2.48349646248193,0.501654688315659,202.035166666667,57,51
-0.402515121102764,2.47074306058511,0.494600621396026,202.068533333333,57,51
-0.386047668092622,2.45559511652705,0.487478434280232,202.1019,57,51
-0.374219229958237,2.4412020113159,0.481123075450862,202.135266666667,57,51
-0.367675089024539,2.4293798064798,0.476193889250877,202.168633333333,57,51
-0.364675285495273,2.42058628134289,0.47215743672098,202.202,57,51
-0.361736056026531,2.41079631793452,0.467949578093797,202.235366666667,57,51
-0.360076436964113,2.4012241514417,0.463550046234771,202.268733333333,57,51
-0.359620666399594,2.39328079417425,0.460213474718942,202.3021,57,51
-0.360063780897654,2.3876483418817,0.457558617115361,202.335466666667,57,51
-0.356590952341878,2.37911113748275,0.456198851920331,202.368833333333,57,51
-3.40840532414974,4.83791827347366,0.408598982402997,202.535666666667,58,52
-3.70038499674296,2.0330087739906,0.38326998119808,203.1029,59,53
-4.10679814701211,0.658042967225556,0.509121104559365,205.071533333333,60,54
-4.10762555322599,0.636507792278828,0.516379045993318,205.1049,60,54
-3.7059089038656,2.03368670153339,0.38418833822833,205.271733333333,61,55
-3.69780791230631,2.03273159946436,0.382378437620918,207.7075,62,56
0.215438305903024,1.91958823699489,0.670278635683339,211.1109,63,57
0.226158481721595,1.93038849109787,0.680274550441629,211.144266666667,63,57
0.235971311458985,1.9398566499344,0.68798907995363,211.177633333333,63,57
0.244212635818984,1.94902055113407,0.6933766645026,211.211,63,57
3.0433891009017,1.70211734717335,0.279783950689047,211.945066666667,64,58
3.04294906838829,1.70164983956921,0.280498782086911,211.978433333333,64,58
3.04282104765253,1.70121881431535,0.280322878923209,212.0118,64,58
1.76782216631807,-4.96437690875081,1.05247242959762,211.945066666667,65,59
0.740190596954454,1.96384736693706,0.736687536934909,212.212,66,60
0.759446983972801,1.97307794710009,0.74317065629252,212.245366666667,66,60
0.775152654177604,1.9900711316574,0.748509081049698,212.278733333333,66,60
0.78469639941965,2.02602071865284,0.75560948196135,212.3121,66,60
0.804053590592375,2.04491656700109,0.758814501889371,212.345466666667,66,60
1.51831098621308,2.12810389093544,0.640025591121331,213.479933333333,67,61
1.53650848487633,2.12205563772914,0.638189134696584,213.5133,67,61
1.55252823990866,2.11392667434946,0.63702241471652,213.546666666667,67,61
1.57161360579675,2.11178137288431,0.634092520091367,213.580033333333,67,61
0.256472877624788,4.76496754180264,0.674841925174044,214.180633333333,68,62
1.96031395681187,1.96027305760532,0.521381600490371,214.647766666667,69,63
1.96622335928768,1.95149502149244,0.519951777696589,214.681133333333,69,63
1.9764322551352,1.94736105009615,0.517845357513368,214.7145,69,63
1.98466254888154,1.94631851120253,0.515915094814277,214.747866666667,69,63
1.31113473078818,-4.14772944956507,0.905201647396501,214.948066666667,70,64
1.32025228964086,-4.27889473261187,0.906819709030695,214.981433333333,70,64
-0.20709909019464,4.11915878219599,0.721729794769508,215.4152,71,65
-3.71989324261191,2.03756471010364,0.381554452164053,216.382833333333,72,66
-0.617424100013775,3.46234237347296,0.816196931504263,216.4162,73,67
-0.977811484754155,3.10289295057123,0.690822047717531,217.383833333333,74,67
-0.978751882810732,3.09058716077172,0.686890157367415,217.4172,74,67
-0.974655556500869,3.01325343712621,0.432708437166626,218.384833333333,75,67
2.20283065430534,1.98573817212272,0.660718663029128,218.585033333333,76,68
2.20619240125119,1.99226941295006,0.667621517954881,218.6184,76,68
2.21122872524657,1.99522195106637,0.672689879014927,218.651766666667,76,68
-3.70549117590656,2.03353919894372,0.383132716653229,218.851966666667,77,69
-0.774764341493222,3.10277477024091,0.498614301826328,219.452566666667,78,70
2.40224600013987,1.71397266715897,0.591031143772293,219.7195,79,71
2.40987457468407,1.69581178542459,0.581711733995706,219.752866666667,79,71
2.42110891385014,1.67960730972239,0.571715412746113,219.786233333333,79,71
3.29654285842954,1.75685774224297,0.440168407641513,220.687133333333,82,71
3.28909982533933,1.75695678015982,0.440361785629695,220.7205,82,71
2.73156988064433,1.17595961993016,0.652878422567626,220.853966666667,83,71
2.73660293932693,1.15673924775606,0.659597253240042,220.887333333333,83,71
2.75011870631495,1.14093691786682,0.665989379015796,220.9207,83,71
2.76434972947845,1.13354600209215,0.670643315875609,220.954066666667,83,71
-3.16489642234071,-3.83557405208654,0.858380831067177,219.852966666667,80,72
-3.1474399060966,-3.80312903476148,0.856259297782573,219.886333333333,80,72
-0.730541067073396,3.00689185628567,0.545769676591166,220.553666666667,81,73
-1.5485196752025,-3.09840919470673,0.620575111900916,221.3211,84,74
-0.591118764452988,2.98464996235964,0.537613844096109,221.654766666667,85,75
-0.585977874496529,2.98103292424325,0.542246689271525,221.688133333333,85,75
-2.98229379296814,-3.34472790266331,0.631287845112498,222.288733333333,86,76
-2.98229379296814,-3.34472790266331,0.631287845112498,222.3221,86,76
-0.572258563761914,2.9358628258383,0.723140118652104,222.789233333333,87,77
3.27751469279816,1.71364724866089,0.636538426980873,223.5233,88,78
3.27737720716705,1.70159748044004,0.639856359778751,223.6234,89,78
3.27687583977671,1.69814376230196,0.641494261865733,223.656766666667,89,78
3.28541252065775,1.69692416194707,0.643498377081707,223.690133333333,89,78
3.28417989102228,1.6933595482443,0.643708665359348,223.7235,89,78
3.28902919517674,1.69169769304389,0.642674857002938,223.790233333333,90,78
-0.498125849225515,2.83684392724305,0.775992993814398,224.0238,91,79
-0.326113605477766,2.58427611795017,0.719068331021811,225.091533333333,92,80
-3.70130577945818,2.03238553067691,0.384183928533957,225.3251,93,81
-4.83250678101877,6.27773604988676,0.398888871959655,225.592033333333,94,82
-3.63270593823584,-1.64519360627627,0.801744482559923,225.959066666667,95,83
-0.389512576181654,2.33318138239235,0.674803275389748,226.192633333333,96,84
-0.390175759261132,2.32811736489753,0.679449097499848,226.226,96,84
3.22093563515185,1.78991653224533,0.721937109385234,226.359466666667,97,85
3.21775099259557,1.78422275846071,0.724295611416037,226.392833333333,97,85
3.2142440119136,1.77836834695965,0.724999547263436,226.492933333333,98,85
3.20873631958501,1.77611598808839,0.725507967411292,226.5263,98,85
3.19527470547867,1.77274518893636,0.723315633090726,226.593033333333,99,85
3.19624130614732,1.77097206946636,0.721154286312703,226.6264,99,85
3.18567850698743,1.76667288767848,0.718987297933835,226.659766666667,99,85
3.18238664821253,1.76242086644966,0.716639256131405,226.693133333333,99,85
-5.78846053964997,5.94315989616955,0.297144147471981,226.593033333333,100,86
-0.17328834966223,2.2237026915566,0.611985374526436,227.293733333333,101,87
-0.169600160543029,2.21751917653705,0.612742380047192,227.3271,101,87
-0.0233653959773128,1.95024857568614,0.548774704872226,228.394833333333,102,88
-0.0204291452775438,1.94543204488528,0.549188229377824,228.4282,102,88
-4.33029613795034,-0.821881295690962,0.765047282299647,228.4282,103,89
-4.36037698179923,-0.815164923654417,0.76832173588719,228.461566666667,103,89
-3.69466371010659,2.03265091741454,0.385097503688647,228.6284,104,90
-3.70517931107967,2.03343473643844,0.38243183692428,228.661766666667,104,90
0.159558639164886,1.92165698385068,0.518253664018484,229.495933333333,105,91
3.41064828641738,1.32698607401599,0.71068956235785,229.495933333333,106,92
3.40769013306434,1.3263539245871,0.718481431268517,229.5293,106,92
0.304056571154675,1.83066917030667,0.62288986383135,230.563666666667,107,93
0.304401967499912,1.83323854901011,0.6254913144808,230.597033333333,107,93
-5.72560591149032,5.6168537705801,0.477682382708489,230.7305,108,94
-4.30185839403863,0.15303389258038,0.584615415190132,231.0308,109,95
-4.31805598424415,0.157362345827213,0.584248733882303,231.064166666667,109,95
-4.30827891734378,0.16250720713999,0.584537183828994,231.097533333333,109,95
-3.71678284447914,2.03668350143928,0.381379392211066,231.231,110,96
0.413258388087126,1.94679579389391,0.664564042407804,231.698133333333,111,97
0.411471510644745,1.95044983178097,0.6635297749503,231.7315,111,97
3.96172019552102,1.17787885855683,0.682201281527057,231.798233333333,112,98
3.96156005488018,1.17063675626539,0.678592307855667,231.8316,112,98
0.539014867402581,2.05705153285838,0.660654212983455,232.865966666667,113,99
0.541801463228132,2.05952157832499,0.661377445284633,232.899333333333,113,99
0.723897400900488,2.12660705023439,0.62739030736685,234.167266666667,114,100
-3.7051855635713,2.03716814368326,0.383286140361863,236.102533333333,115,101
-3.94731208086111,2.04284762300855,0.522604047849797,236.5363,117,101
-3.93838773550012,2.04045791287128,0.523058269904858,236.569666666667,117,101
4.00093399213707,1.39857514535149,0.708505771372527,236.269366666667,116,102
9.67948481030601,4.07630459148364,1.05760709018577,237.403833333333,118,103
1.59456776883052,2.48765712554012,0.775518690063391,238.605033333333,119,104
4.04258984349843,1.68680670991137,0.751333617650525,239.272366666667,120,105
4.04705431105566,1.697081369606,0.748023487412408,239.305733333333,120,105
4.04726831308309,1.70870821953165,0.747049919843662,239.3391,120,105
4.04118541292841,1.71887035809567,0.746360428655032,239.372466666667,120,105
4.03789311581327,1.7293925602668,0.745453511431372,239.405833333333,120,105
4.03619560865285,1.74005156283428,0.742700701534168,239.4392,120,105
4.03355800747426,1.74923904595157,0.741958396613402,239.472566666667,120,105
4.03071592153145,1.75653294755427,0.74151825339796,239.505933333333,120,105
-2.80909689656753,2.10834533873089,0.56092664898279,239.305733333333,121,106
-2.8073871569774,2.11323899474107,0.571777347283146,239.3391,121,106
-2.80388969881854,2.11642913768645,0.581942886525682,239.372466666667,121,106
-3.70474215602518,2.0370189217694,0.382284724626129,240.373466666667,122,107
2.10959262222327,2.51155046346641,0.753804684593405,240.873966666667,123,108
2.08902454002571,-1.88446489735815,0.799513817150213,242.5423,124,109
2.07291648343349,-1.85155018638311,0.79959460112682,242.575666666667,124,109
1.88989546994453,-1.46070998304027,0.687179234993099,243.576666666667,125,110
1.88953382188795,-1.44306194696461,0.687831901031447,243.610033333333,125,110
-1.23688454064568,3.76720255611931,0.480081490493255,244.777866666667,126,111
-1.22659865459241,3.77805301269182,0.484820654613595,244.811233333333,126,111
-1.21867972947627,3.79120463156408,0.488850640308404,244.8446,126,111
4.16628119958027,2.17026551727086,0.735582652219022,245.245,127,112
7.31540774369961,0.836230020333853,0.909954076292965,245.478566666667,128,113
6.89439018051597,0.296577197183985,0.808118493142629,246.512933333333,129,114
-0.357943445900194,4.83915054887519,0.484325570324911,247.480566666667,130,115
-0.334963834460001,4.82412096936416,0.484447746264175,247.513933333333,130,115
7.11663115670209,-0.655597836982686,0.855108203350137,248.615033333333,131,116
-3.7155984646955,2.04166036741678,0.381219148091741,248.7485,132,117
0.259417960745087,5.00840813218077,0.427230745938822,250.183266666667,133,118
4.22987754500579,2.08648090324787,0.665177431405219,251.084166666667,134,119
4.22651227131666,2.08499979465537,0.666034160122749,251.117533333333,134,119
-3.69008445657405,2.03660898186949,0.383882775868474,254.287366666667,135,120
4.47277559856955,1.83310463119543,0.591225546516113,254.988066666667,136,121
4.48640877965453,1.81753445493722,0.583468682226622,255.021433333333,136,121
4.51199086501607,1.8079685705557,0.578387581930599,255.0548,136,121
4.35106651829913,3.50837455951135,0.735854096751573,256.0558,137,122
4.33402714748268,3.48649825423715,0.735727676858932,256.089166666667,137,122
4.33919199553996,3.48140834706734,0.737576639797472,256.122533333333,137,122
4.32782508244318,3.46179572838343,0.741769872828978,256.1559,137,122
-6.9144881982269,3.8473834070975,0.341880947464963,256.1559,138,123
-6.84994976991806,3.82163205592923,0.33624895716566,256.189266666667,138,123
2.97832847072267,1.8414057226977,0.439421752404258,256.689766666667,139,124
2.97409791989812,1.84146094722434,0.439679846004919,256.723133333333,139,124
4.98732999687922,0.666063864984688,0.870920029833161,257.323733333333,140,125
4.9872963501621,0.653391788847949,0.874177192854828,257.3571,140,125
5.02526931317017,0.63789607750814,0.876430710593627,257.390466666667,140,125
-3.68660527164526,1.90722457584642,0.443177531433441,257.724133333333,141,126
2.63167408698927,3.02971158697133,0.692574100018309,259.3591,142,127
2.63280748631882,3.05091445131605,0.695952037419841,259.392466666667,142,127
2.62093231476002,3.05915375570498,0.698995851962582,259.425833333333,142,127
4.71462338008098,-0.657795697943028,0.843918610521592,259.892966666667,143,128
4.72883524196734,-0.678136512087093,0.845976961878276,259.926333333333,143,128
1.67821558485673,-1.23058093556243,0.839558244715849,263.730133333333,144,129
1.66408326153949,-1.22063501586905,0.845524999664574,263.7635,144,129
1.1067146274955,-1.09768003286908,0.910937779320304,264.6644,145,129
1.08906927557024,-1.07344626425148,0.909958799625451,264.697766666667,145,129
1.07211461630236,-1.05823174848161,0.909039371172256,264.731133333333,145,129
8.13542447942021,5.78078493668895,0.625810486288273,265.5653,146,130
0.895726687735385,-1.31300188235784,0.854087580152219,266.8666,147,131
0.902116073808559,-1.31553841259153,0.858174953686263,266.899966666667,147,131
0.909510333560454,-1.32584927682445,0.861833081975267,266.933333333333,147,131
1.22659158579385,-0.85771086271073,0.797952182755552,267.8676,148,131
1.2437345825584,-0.858913045093118,0.797813568952645,267.900966666667,148,131
1.25998129250095,-0.845197500437777,0.79871740408868,267.934333333333,148,131
1.60234339331229,-0.433666577164314,0.780782140311264,268.8686,149,131
1.61542137228461,-0.425249127394281,0.781428140683072,268.901966666667,149,131
1.62078673812162,-0.400750347445557,0.782927393049842,268.935333333333,149,131
1.71812255149383,0.0204222572734202,0.71783249238942,269.902966666667,151,131
1.72991037763456,0.0300148368692994,0.717652225800865,269.936333333333,151,131
1.73627191908751,0.0452930162766073,0.718385343856575,269.9697,151,131
-3.57558223840635,1.73807521062058,0.441289015058184,269.135533333333,150,132
-3.58925041897203,1.73897006263431,0.439853822428564,269.1689,150,132
-6.67427854453616,3.0136688416014,0.359496210708695,271.838233333333,152,133
-3.58185876041282,1.73827995149024,0.441225215302834,272.438833333333,153,134
2.97499676387995,1.84195427076742,0.446475012076224,272.505566666667,154,135
2.97447065339506,1.84176595487906,0.445776041148261,272.538933333333,154,135
5.63838039992739,-1.80553388797625,0.787301579235546,273.3731,155,136
-3.57096891340296,1.73708650222101,0.442535621225606,274.641033333333,156,137
1.78731286503559,0.207885771339601,0.451364793812005,276.1759,157,138
1.78183061794892,0.210667093400029,0.458365935153473,276.209266666667,157,138
-3.57289071430211,1.73610680182482,0.444358615045336,277.010066666667,158,139
-3.57708904837597,1.73695300226386,0.442590964726882,279.946333333333,159,140
-3.58851556831315,1.73992848804822,0.441874655553052,279.9797,159,140
1.59962882724239,0.322181223047605,0.6287588864911,280.28,160,141
1.59332638599801,0.330403557738787,0.633033840040868,280.313366666667,160,141
1.64459100553588,0.636751223040643,0.641973132741837,281.281,162,141
1.64107135098041,0.647692311869331,0.64260578482256,281.314366666667,162,141
1.63825299727794,0.656899985860466,0.643161505214534,281.347733333333,162,141
3.587144554803,1.79774220440548,0.355641746502614,280.513566666667,161,142
3.587144554803,1.79774220440548,0.355641746502614,280.546933333333,161,142
3.59306175224531,1.79747187120535,0.354490032042711,280.5803,161,142
3.00576036892562,1.83473848289935,0.499228743114924,281.914966666667,163,143
1.85010492249766,0.928600622531944,0.62614969207867,282.3821,164,144
1.85392328732627,0.935241580373362,0.631434657469138,282.415466666667,164,144
1.85782933748686,0.938994763623445,0.635487532993998,282.448833333333,164,144
2.07573779957453,1.12431169717434,0.635078545842584,283.449833333333,165,145
2.08432773608605,1.13460986738998,0.633134590370736,283.4832,165,145
2.08705908609345,1.14567945499016,0.63236053634599,283.516566666667,165,145
-3.61014827541958,1.84151804449098,0.503233733022464,283.5833,166,146
-3.59299280483707,1.84445367969178,0.507562681664923,283.616666666667,166,146
-2.77690035605688,7.96347078096973,0.303663723197209,283.916966666667,167,147
3.58111415465931,1.81257829127336,0.354030337377157,284.517566666667,168,148
3.57046744465593,1.81028251345593,0.354605426185285,284.550933333333,168,148
3.5741969081898,1.81106943910612,0.355029409946172,284.5843,168,148
3.57476005527553,1.81185998871084,0.354103814099755,284.617666666667,168,148
3.57263205353958,1.81031273239748,0.352894338148358,284.651033333333,168,148
2.23141150019222,1.49283750450298,0.624896035659069,284.617666666667,169,149
2.23472705295598,1.50143763047286,0.630152101470665,284.651033333333,169,149
-3.58923480764461,1.80095452656819,0.41770360103974,284.8846,170,150
-3.5787661892971,1.80437396604268,0.412491482644991,284.917966666667,170,150
-2.58273126620364,7.35384078582209,0.375567300530461,285.4852,171,151
-2.60197370284655,7.37897733681707,0.380285874601661,285.518566666667,171,151
2.41458834796874,1.80730870220568,0.609038640450463,285.718766666667,172,152
2.42542325747862,1.8211813848395,0.609925509974404,285.752133333333,172,152
2.42487817522775,1.82971976316988,0.611684604391171,285.7855,172,152
2.58679914295966,2.15494991536478,0.680758580251549,286.8866,173,153
-3.51475320334388,1.78499941098472,0.477915196835342,289.0888,174,154
-3.5521111840942,1.44063632404612,0.421512978738837,290.456833333333,175,155
-3.55556056106919,1.44255738494753,0.420202693254542,290.4902,175,155
3.00040902484926,1.82706100484288,0.544911814644004,290.657033333333,176,156
-2.11777382334529,6.55286361516258,0.32790759338108,292.325366666667,177,157
-1.5871015159352,5.77876389100079,0.427436597600654,294.527566666667,178,158
-1.57109432804887,5.75738898312918,0.429443052878009,294.560933333333,178,158
3.48230818167044,3.41778960397904,0.756450992711491,294.727766666667,179,159
2.50261397089106,3.79170153179692,0.784923745551372,295.762133333333,180,160
-0.317265910473837,4.5784387836654,0.496968200913021,297.063433333333,181,161
-0.302661599961853,4.56947352625359,0.49708241519351,297.0968,181,161
-0.289444275326584,4.55599739787142,0.500406988129522,297.130166666667,181,161
3.27964029168335,1.88325498216667,0.710213667266413,297.230266666667,182,162
3.28308802267213,1.87744427749441,0.717057163722189,297.263633333333,182,162
3.29755881527044,1.87644420440717,0.720586357290969,297.297,182,162
3.31044310970132,1.8705031037049,0.732367803980686,297.3971,183,162
0.523568375061757,3.85807426921153,0.662906886582921,297.7975,184,163
0.492168544931101,3.88125741155108,0.664840007162133,297.830866666667,184,163
-0.112878994677099,4.30455742130415,0.634509432502647,298.264633333333,185,163
-0.109748324973944,4.30222416068155,0.639240733127266,298.298,185,163
-0.108747617353782,4.29977369108327,0.643511061205537,298.331366666667,185,163
-1.71478117549507,-3.1156172197851,0.704425569030029,299.632666666667,186,164
-0.273578338724881,3.96110058781616,0.775002382730398,300.133166666667,187,165
0.483761358003854,4.6844917746338,0.492514979760994,300.266633333333,188,166
-1.82941808496763,-2.59448379474882,0.728164345885313,302.635666666667,189,167
-1.83193742047656,-2.59758799113415,0.728775317634237,302.669033333333,189,167
-1.83142226853687,-2.57592669037689,0.724299858775135,302.769133333333,190,167
-1.84030431732294,-2.5821082361376,0.722663744429523,302.8025,190,167
-1.8459180189604,-2.58375439016763,0.721499871224738,302.835866666667,190,167
-1.86214818620616,-2.60112886332762,0.719832161401669,302.869233333333,190,167
-1.86629020625388,-2.5996176575772,0.715656014627723,302.9026,190,167
-1.85539141531219,-2.57747282354619,0.712850349461203,302.935966666667,190,167
-1.84364548239851,-2.55996309653995,0.70736900294962,302.969333333333,190,167
-3.38615047645982,-1.6062757708404,0.827327954397957,306.1058,191,168
-3.36987281300199,-1.58017169549925,0.823498210799301,306.139166666667,191,168
-3.37942003720439,-1.57293451052795,0.819982883819907,306.172533333333,191,168
-3.37994070762864,-1.55639709925788,0.817365950815829,306.2059,191,168
-3.32646119017607,-1.48514045338467,0.800302826978885,306.339366666667,192,168
-3.32426850050067,-1.48390187340086,0.793640701325557,306.372733333333,192,168
-3.29860182268387,-1.46577268620543,0.789411910692878,306.4061,192,168
-4.73412289232005,-0.738363353740443,0.47876705689396,309.5092,193,169
5.44651540578697,2.22460734783934,0.674364071259983,311.277633333333,194,170
5.44767088130332,2.20531639214217,0.683229307324743,311.311,194,170
5.43105603403421,2.18030203386868,0.693491735633919,311.344366666667,194,170
-0.220224772845176,-0.0502316468927293,0.296077242940706,321.5212,195,171
-0.223502846928877,-0.0538620640984729,0.309377599103666,324.6243,196,172
-0.223913327718516,-0.0543683956620618,0.314077926800296,326.6263,197,173
-3.57858313177382,1.42765413148593,0.483659770262693,329.095433333333,198,174
-1.41496795990131,4.98136388652272,0.25397767323048,332.165166666667,199,175
-1.39166914960038,4.7489289260264,0.289485225854259,334.2339,200,176
-3.57267569921324,1.43015973197218,0.483354111799,334.801133333333,201,177
-3.5548316197859,1.42752537457439,0.487068465750273,343.9436,202,178
5.28638628613278,6.11091186985556,1.40820789871997,345.978966666667,203,179
5.31574530091848,6.12318316539593,1.43036387043333,346.012333333333,203,179
4.79495256185651,4.52469307549309,1.52497652698216,347.280266666667,204,180
4.9549526700571,3.46335306813394,1.2810909745229,348.781766666667,205,181
-4.15370880280598,1.87089172980914,0.500033760610913,349.415733333333,206,182
-3.71298279508414,1.93228488268162,0.536575509551118,350.1498,207,182
-3.34779717393981,1.74446173908044,0.628762547198607,350.883866666667,208,182
-3.22288166993593,1.61215726145379,0.655098043426013,351.6513,209,182
6.98063799176993,1.96245780214082,0.789154258202476,353.186166666667,210,183
6.94942028499977,1.95150909503745,0.791738181684703,353.219533333333,210,183
6.95438355287192,1.94264908079043,0.792059881205921,353.2529,210,183
-2.6817281494564,1.21011982003251,0.829277527103596,353.353,211,184
-1.68024759819434,0.876151143009036,0.684417678383109,354.787766666667,212,185
-1.66291229675078,0.888545703216846,0.68593621495172,354.821133333333,212,185
5.86182581671612,0.540013900081001,1.00160243981239,355.8555,213,186
5.81780242887148,0.540393187938773,0.999191673311432,355.888866666667,213,186
5.80304538289377,0.533328023563923,0.997713381994825,355.922233333333,213,186
5.79414659289646,0.524831048691892,0.995018616055508,355.9556,213,186
5.79882094920355,0.514658553670695,0.9938625960106,355.988966666667,213,186
5.75108622536179,0.509702090747421,0.988691706270341,356.022333333333,213,186
5.78919079634031,0.493222525866487,0.990160841272618,356.0557,213,186
5.76522927827094,0.471711297493834,0.987448227517853,356.122433333333,214,186
7.3277250875169,0.828170750204447,1.09566310019554,356.1558,215,187
7.30713222547234,0.806441390530092,1.09840620125264,356.189166666667,215,187
7.26034233608278,0.788005928352764,1.09774877889819,356.222533333333,215,187
7.26273599248779,0.767980010686831,1.0976357415481,356.2559,215,187
7.26718971352824,0.748152527795128,1.10212846909316,356.289266666667,215,187
7.19626410559515,0.71095663532803,1.09490541687443,356.356,216,187
7.18333873776526,0.691096319897209,1.09153098372473,356.389366666667,216,187
5.61643522978171,-0.145916596670059,0.970402366088304,358.491466666667,217,188
5.6169483822457,-0.156642389882788,0.970472162392704,358.524833333333,217,188
5.58375752167614,-0.156355287158984,0.966917895313289,358.5582,217,188
5.55622705958073,-0.161041098706294,0.96432061797494,358.624933333333,218,188
5.56103791455789,-0.167983483394359,0.964292455976374,358.6583,218,188
5.55362850135943,-0.170564610312849,0.962913012260576,358.691666666667,218,188
5.55280058830716,-0.173087849786596,0.961810074881644,358.725033333333,218,188
5.53397008648762,-0.179473014325756,0.957884859777408,358.791766666667,219,188
5.55815236786616,-0.191898590369214,0.954035714230288,358.825133333333,219,188
1.04239897851987,-6.84952908829113,1.3561373962114,359.892866666667,220,189
1.04913240525432,-6.91450988443045,1.35910535369673,359.926233333333,220,189
1.04450067083261,-6.78324009488709,1.35114091213735,359.9596,220,189
1.04450067083261,-6.78324009488709,1.35114091213735,359.992966666667,220,189
5.26898258155467,-1.21855075997279,1.15021994402437,360.727033333333,221,190
5.28494846898902,-1.23797384701117,1.15921201435818,360.7604,221,190
5.26813208991864,-1.23870032166586,1.16640702118684,360.793766666667,221,190
3.70013766393795,2.19935697529874,0.629573896391518,366.699666666667,222,191
3.70901020824546,2.20297761231066,0.63239329724609,366.733033333333,222,191
3.71546350899236,2.20611785487721,0.632064775112954,366.7664,222,191
3.71936402971398,2.20801000663729,0.632565575181972,366.799766666667,222,191
3.73759152894856,2.215002485496,0.630752585194792,366.833133333333,222,191
3.73666706399063,2.21858110475185,0.628812595659624,366.8665,222,191
3.74483494788859,2.22320767714741,0.625486163954841,366.899866666667,222,191
3.74416901812358,2.22570021297203,0.621319189338204,366.933233333333,222,191
3.75678948199371,2.23256746590088,0.6152882891525,366.9666,222,191
3.7558204211883,2.23602851361783,0.609453501992206,366.999966666667,222,191
3.75528750097999,2.23821249763538,0.601986617635156,367.033333333333,222,191
3.75938211743683,2.24098762598389,0.595127519449867,367.0667,222,191
3.76368901651118,2.24376371330754,0.587535995381845,367.100066666667,222,191
-4.12417585530168,4.65438935178124,0.559951651190894,366.9666,223,192
-4.130857827804,4.6759524887252,0.55887834368371,366.999966666667,223,192
2.39462623853471,-3.06026224209618,1.13487198297447,368.134433333333,224,193
2.37067275414716,-3.03260987165117,1.12976761393448,368.1678,224,193
2.35906455621868,-3.03784869178754,1.1306780412152,368.201166666667,224,193
2.35086874252663,-3.04402281663899,1.13029793883636,368.234533333333,224,193
2.34077318075213,-3.04090592959995,1.1298661302852,368.2679,224,193
2.33015780902948,-3.03786408335913,1.13118206892544,368.301266666667,224,193
2.33229822050407,-3.06046881177696,1.13317512484537,368.334633333333,224,193
2.31985114537592,-3.04340115620356,1.13248342576458,368.368,224,193
2.31985686015106,-3.05698161381683,1.13362524362031,368.401366666667,224,193
6.44713865178316,-0.363217497900392,0.880359150433808,368.134433333333,225,194
6.42615413210942,-0.365350481921009,0.877643757075987,368.201166666667,226,194
6.44111189487715,-0.371102017229133,0.873966192805025,368.301266666667,227,194
6.44111189487715,-0.371102017229133,0.873966192805025,368.334633333333,227,194
-3.89531705777819,1.73745774737179,0.520354209513989,368.434733333333,228,195
1.2564025057458,0.681921717956543,0.806063349794053,368.434733333333,229,196
-3.19303487743607,3.96112109160217,0.78369383756254,368.9686,230,197
3.74436536557299,2.22861348185693,0.460430510673142,369.235533333333,231,198
3.73811581637237,2.22555901077623,0.461063830744767,369.2689,231,198
3.73776983046076,2.22541259441624,0.460635170019497,369.302266666667,231,198
3.73811581637237,2.22555901077623,0.461063830744767,369.335633333333,231,198
3.73811581637237,2.22555901077623,0.461063830744767,369.369,231,198
3.73463429495288,2.22477287045957,0.460990378263593,369.402366666667,231,198
3.73463429495288,2.22477287045957,0.460990378263593,369.435733333333,231,198
3.73811581637237,2.22555901077623,0.461063830744767,369.4691,231,198
-3.55700017186526,2.03989743950142,0.428879441751969,369.7694,232,199
-3.53010766402214,2.04071850038313,0.429939174344031,369.802766666667,232,199
6.04683775441622,-1.26370113765266,1.13401701926387,371.137433333333,233,200
3.74183896575244,2.22614881898284,0.463802205025514,372.004966666667,234,201
3.74550998961825,2.2274649295405,0.463301275023275,372.038333333333,234,201
3.74398022679463,2.22718071097908,0.463919031668582,372.0717,234,201
3.74365554397172,2.22704172954382,0.463486796964499,372.105066666667,234,201
3.74128028458762,2.22589587645894,0.463410568233864,372.138433333333,234,201
3.73549502242538,2.22303137570431,0.464903261264731,372.205166666667,235,201
1.8549230998965,-3.47972253534287,0.93596172404005,373.1728,236,202
1.8549230998965,-3.47972253534287,0.93596172404005,373.206166666667,236,202
1.84985813593868,-3.47341334974481,0.935779597991143,373.239533333333,236,202
1.84986782886954,-3.48724380906021,0.936026034046844,373.2729,236,202
1.84780427548469,-3.48532988058174,0.934525754827288,373.306266666667,236,202
1.86079772153715,-3.54001028383632,0.933772818376031,373.339633333333,236,202
1.84084407013625,-3.45581385683436,0.928941596790944,373.373,236,202
1.85453488585836,-3.53373935408704,0.929622400705098,373.406366666667,236,202
1.8448835474006,-3.48571866821364,0.923998990645644,373.439733333333,236,202
1.85150889401078,-3.52156665200775,0.923553617077444,373.4731,236,202
1.84479002217421,-3.49475221798788,0.921955020102523,373.506466666667,236,202
1.94049692617614,-3.81794947191045,0.973034514227838,375.808766666667,237,203
1.93400425333978,-3.79216184282488,0.969463738568095,375.842133333333,237,203
1.94750511617964,-3.82231056295618,0.961371284101254,375.942233333333,238,203
1.94316800089279,-3.79890946991167,0.955374116952668,376.008966666667,239,203
0.838713455568327,0.771118177088251,0.782603355470358,377.610566666667,240,204
0.83765893061729,0.771082959765333,0.782449457959648,377.710666666667,241,204
0.88494231718624,0.663195751136132,0.792839625353281,378.211166666667,242,204
2.09678001266957,-3.91743849547676,0.88377062554058,378.4781,243,205
2.09678001266957,-3.91743849547676,0.88377062554058,378.511466666667,243,205
2.09918461492065,-3.90663592494895,0.885984971180727,378.611566666667,246,205
2.10532554389668,-3.90642261964692,0.887815768073623,378.644933333333,246,205
7.03783493166016,-10.5122281533096,2.29239124778403,378.544833333333,244,206
5.85962741593552,-8.82130950035913,2.05883455739271,378.5782,245,207
5.1324162890823,-7.92801805049282,1.92235828608571,378.611566666667,247,208
2.38887531226202,-7.4009707715052,1.73949640900737,378.911866666667,248,209
1.98448590747296,-6.43951645639256,1.61723891525544,378.945233333333,249,210
1.73975499167361,-6.25740613239624,1.58557376171109,378.9786,250,210
1.51764980150812,-6.3691440507899,1.5859899326016,379.011966666667,250,210
1.26489934387527,-5.91937258505978,1.52824329897768,379.045333333333,251,210
1.85511022957083,-3.78653581117026,0.930514993862576,381.114066666667,252,211
1.85175954249118,-3.76484701624175,0.931270206679881,381.147433333333,252,211
1.86183554966132,-3.80143912608919,0.932575128175677,381.1808,252,211
1.86144333047524,-3.77374284898524,0.928911183960488,381.214166666667,252,211
1.85888736875674,-3.75785673767409,0.928390046854625,381.247533333333,252,211
1.85366539860737,-3.75141605260946,0.926146813772427,381.2809,252,211
1.85342139098367,-3.75039202576223,0.924180541309425,381.314266666667,252,211
-0.301430489951622,0.996470242552886,0.763022319337904,381.414366666667,253,212
6.20052610411228,-1.6555665366408,0.800567617763635,383.1828,254,213
6.20052610411228,-1.6555665366408,0.800567617763635,383.216166666667,254,213
2.08805927083521,-3.39058522422556,0.927482413870411,383.716666666667,255,214
2.07572571906434,-3.3802996808171,0.925924884468723,383.816766666667,256,214
2.0615073755754,-3.33287078463276,0.922997001519703,383.850133333333,256,214
2.07703728961619,-3.39275931636252,0.924937968501099,383.8835,256,214
2.08077567380372,-3.42369943285436,0.918808780629363,383.9836,257,214
-3.54045709717521,-0.582718289988561,0.839182111992775,385.051333333333,258,215
2.04672259413663,-3.33613261881536,0.837695678195466,386.419366666667,259,216
2.04968977569197,-3.36852088101469,0.840389108190062,386.452733333333,259,216
-4.73977423539208,-0.910691926089707,0.644981965715051,387.553833333333,260,217
-4.00381489925239,-0.865845410802079,0.702513266224491,388.5882,261,218
-3.21959662642916,-0.663760537192411,0.681700413233058,389.555833333333,264,218
-2.77197730615272,-0.246317608661415,0.760839621419071,390.456733333333,265,218
-2.62672470622199,0.362510166648713,0.694797684692961,391.391,266,218
-2.53737692522564,0.790846860474366,0.594696723017971,392.358633333333,268,218
1.87175900160703,-3.82228375418063,0.993714545097249,389.155433333333,262,219
1.89357604815074,-3.82481621529195,0.997447895349398,389.389,263,219
1.83088938837283,-4.41114991227256,0.921656186625562,392.258533333333,267,220
1.85517390221048,-4.48948483532118,0.899466565007601,392.425366666667,269,220
-2.56930750959984,1.49464740872251,0.645547557787436,394.527466666667,270,221
-0.26012779416025,-0.0430253305427672,0.367454678699647,396.429366666667,271,222
0.884939890957484,-4.4908686342376,0.992404398756522,398.131066666667,272,223
0.888704851896171,-4.56805776833303,0.99321481196645,398.164433333333,272,223
-0.300735039255513,-0.0698195237188649,0.394031751323231,401.434366666667,273,224
-0.298179241973185,-0.0666952572593426,0.394505806288405,401.467733333333,273,224
-4.50405515016328,2.63142317783527,0.414755251186234,401.868133333333,274,225
-0.300027745910659,-0.096095250091896,0.436557548256231,403.536466666667,275,226
1.0991809278549,7.52636825331266,0.263864933626183,406.1057,276,227
-0.277354909427755,-0.0764146968689507,0.367178006343852,411.043966666667,277,228
-0.279575501943019,-0.078099767006092,0.367551945877853,414.6142,278,229
-0.280336847916688,-0.079137540374432,0.367444688446992,414.647566666667,278,229
-0.300261423947352,-0.0693276448798508,0.39559002630545,421.053966666667,279,230
-0.300927058207074,-0.0704086913257344,0.397923050162233,422.3219,280,231
-0.297497007773555,-0.0673044340992136,0.400313074569237,423.9235,281,232
-0.302966998586283,-0.073979977516943,0.399908041080586,425.8254,282,233
6.51535606036725,6.29108405383752,0.61542233023025,426.292533333333,283,234
-0.316764584323948,-0.0936111189051886,0.410915449355843,428.494733333333,284,235
6.45656308106119,6.24119918628716,0.618747023685986,430.463366666667,285,236
-0.314516098982244,-0.0821199441500718,0.411619387753494,431.297533333333,286,237
-0.315329109892705,-0.0825161975912048,0.411068316444914,431.3309,286,237
-0.319685373684751,-0.0858823502088789,0.414890481404,433.065966666667,287,238
-6.57196742882482,-1.29854054284153,0.854666250256638,434.300533333333,288,239
-6.41220527984881,-1.20589404236845,0.834112009450053,434.467366666667,289,239
-0.319475959502213,-0.0852521022143857,0.419262639432741,434.867766666667,290,240
-0.320736504709528,-0.0862672181399489,0.418791144426329,434.901133333333,290,240
11.80013451714,-5.06627184586057,1.52591268940792,435.301533333333,291,241
-0.772379498490682,-0.10180468754089,0.810474869916929,439.105333333333,292,242
-12.1286542376523,-5.08591573307262,0.624316431207478,439.172066666667,293,243
-12.8381379761352,-4.45037378547121,0.576009496615649,439.672566666667,296,243
0.842649858877036,0.77424814685564,0.80861113928291,439.505733333333,294,244
-5.52063068459961,0.112137363650361,0.581581291817944,439.672566666667,295,245
-0.312532133050246,-0.0834189469675656,0.428293398938445,440.606833333333,297,246
-0.309842308528998,-0.0811774741821801,0.42859376425716,440.6402,297,246
-0.314174838743364,-0.0853974971880086,0.431949238167588,443.109333333333,298,247
-0.31350905318801,-0.0849094281327949,0.432474564656415,443.1427,298,247
-1.6533400138188,-3.56163195184536,1.14406984912914,445.178066666667,299,248
-5.429881878339,1.67456724204042,0.48515245710666,447.9475,300,249
-2.78179257279506,-4.37877688360764,1.09091473468329,448.114333333333,301,250
-2.77514722624751,-4.36381820015427,1.10232336229256,448.1477,301,250
1.00922338582235,-6.96522097627635,1.41263992758215,449.282166666667,302,251
1.00895861826408,-7.03054628272783,1.42041729827198,449.315533333333,302,251
1.0113883357215,-6.91823024570811,1.41328573428656,449.3489,302,251
-4.18900190371501,1.18481253284649,0.603657581666082,450.8504,303,252
-4.15381446311706,1.15314820188053,0.605570612412654,450.883766666667,303,252
-4.14366550430769,1.12199018140806,0.60282089755506,450.917133333333,303,252
-4.16310397541294,1.08531986470976,0.59811115914169,450.9505,303,252
-4.09453241870971,1.05100874410739,0.595431109729337,450.983866666667,303,252
6.48076601963237,6.25434225194048,0.614350690876012,451.0506,304,253
-0.30193152442172,-0.0961435371179132,0.466341614532201,452.2518,305,254
-0.299984014692094,-0.0937582535277041,0.467134528678101,452.285166666667,305,254
6.51662118081229,6.29222873667719,0.616697397727928,454.086966666667,306,255
-0.304996589641809,-0.0991870462199012,0.467720554042752,454.620833333333,307,256
-0.301865986196868,-0.0965751865591594,0.468793492643157,454.6542,307,256
-0.287992899276665,-0.0811560710986382,0.509840432176397,457.5571,308,257
-0.278370333793025,-0.0845565154225407,0.511869172091696,457.590466666667,308,257
-0.272858177542113,-0.087473253232274,0.515351821664125,457.623833333333,308,257
-0.351710861579225,-0.0577123108301737,0.517510856563631,458.624833333333,309,258
-0.362258332102306,-0.0528780041035795,0.517797883322008,458.6582,309,258
-0.362382619720833,-0.0334847839615396,0.521720634887662,458.691566666667,309,258
-0.36429384106855,-0.0161955296419538,0.525833904929556,458.724933333333,309,258
-1.69723511633769,-3.7519712576203,0.75053094589023,460.493366666667,310,259
-1.6697170828498,-3.69345343707872,0.741376248719327,460.526733333333,310,259
-1.67611875341948,-3.6953785090254,0.732881280948199,460.5601,310,259
-0.360065429074585,0.0262278258711637,0.552417984973625,461.9615,311,260
-0.366558257632005,0.0199217881789797,0.555633564424056,463.6632,312,261
-0.366302411928341,0.0218613556263793,0.556189059008067,463.696566666667,312,261
-0.367289186234187,0.0211578782848471,0.555481860409946,463.729933333333,312,261
-0.36580622662851,0.0224471667802051,0.557753916205101,465.731933333333,313,262
-0.365773068692509,0.0225018470376134,0.557668191159167,465.7653,313,262
1.00287983116637,0.645925565382497,0.85504496456421,467.3669,314,263
-0.364915434890328,0.0124488621228698,0.55915809174255,468.334533333333,315,264
-0.364525747193665,0.0134256944384432,0.559591192166896,468.3679,315,264
-0.363783890770355,0.0136045662160345,0.559371456770331,468.401266666667,315,264
-0.363002721737004,0.0233427086748232,0.559155290384095,470.236433333333,316,265
-0.365008003806654,0.0223539123562819,0.559109496779046,470.2698,316,265
2.44947409368405,-6.3482054991846,2.1392954511159,472.905766666667,317,266
1.97265094009263,-3.75081493498261,1.63752131636619,473.139333333333,318,267
1.9557193526811,-3.64754392854314,1.61748668421803,473.1727,318,267
1.80028855180895,-2.88119330577121,1.45553575772045,473.3729,319,267
-0.367342368534476,0.0227940032642293,0.559260177547248,473.840033333333,320,268
-0.367528030089929,0.0226613469709783,0.558803107405837,473.8734,320,268
4.48705607135297,0.541537745030166,0.870192256092751,474.707566666667,321,269
4.48992404373979,0.547074346793833,0.867075218117714,474.740933333333,321,269
4.47802838322714,0.550661397423339,0.866734105225527,474.7743,321,269
4.49398775011045,0.56409125640642,0.874311796657634,474.8744,322,269
4.43926542337727,0.572812802192103,0.888301398474589,474.9745,323,269
4.42431051453698,0.570912697116208,0.89497652076537,475.007866666667,323,269
-0.367672958273112,0.0257263071842642,0.558764045524304,475.341533333333,324,270
-0.368670831298678,0.025946596943316,0.558950418133211,475.3749,324,270
-0.365851059646277,0.027429578966658,0.55912134441514,475.408266666667,324,270
-0.370527286154919,0.0273324261759842,0.55942890159349,478.110966666667,325,271
-0.370320418106017,0.0281419991435513,0.559344325460459,478.144333333333,325,271
-2.60099773003584,1.872043297015,0.871531533730913,479.745933333333,326,272
-2.58847520423073,1.86160970848087,0.86870871779366,479.7793,326,272
-0.37112651286846,0.0288921974327256,0.559399488185967,480.012866666667,327,273
-0.371686421568219,0.0283134758599752,0.559147093359219,480.046233333333,327,273
-0.37269670797773,0.026987777872379,0.558417402503029,480.0796,327,273
-3.13972455148354,1.30741155223698,0.963904691999459,589.922666666667,328,274
-3.17113954768737,1.30690140238091,0.961743672820875,589.956033333333,328,274
0.301292328195312,1.29354019864952,0.804053667682915,714.8141,329,275
0.303691198789021,1.29839739974281,0.806691998413784,714.847466666667,329,275
0.305283596448126,1.30286684565272,0.809587737797692,714.880833333333,329,275
0.306721268650788,1.30750751063262,0.812590082771866,714.9142,329,275
0.308292236508512,1.31117889145804,0.815130862489897,714.947566666667,329,275
0.308559006338104,1.31499391523005,0.817300271734239,714.980933333333,329,275
0.30884892548438,1.31860191248165,0.819616488858308,715.0143,329,275
0.30805258624582,1.32182794492005,0.821325396432333,715.047666666667,329,275
0.307664393716409,1.3251879127331,0.822857074605501,715.081033333333,329,275
0.304534400426488,1.33101448461058,0.825547585025447,715.147766666667,330,275
1.38245656828124,0.436765779288457,0.881784677691542,783.1824,331,276
0.69943655913454,1.29011623858074,0.824658046927888,887.1863,332,277
0.702657476706395,1.29607437293003,0.824567940127875,887.219666666667,332,277
0.707101286713447,1.30265330284185,0.824597638615818,887.253033333333,332,277
-0.417839751605237,0.0520369238321802,0.638515666266928,973.339033333333,333,278
-0.417088239253476,0.0526104369052371,0.63816528143922,973.3724,333,278
-0.411808631922728,0.0606738775982962,0.64050278241496,974.907266666667,334,279
-0.413021315713939,0.0598093475422227,0.640052290424554,974.940633333333,334,279
-3.3960420734329,0.867739002788593,0.5038521470146,975.4745,335,280
-3.38821428316977,0.866413653873013,0.503652866627926,975.507866666667,335,280
0.00504570832451245,-1.01858613758829,1.67404994879265,975.741433333333,336,281
-0.02184169048604,-1.02478461092807,1.67731550577075,975.7748,336,281
-0.605203898409724,0.179725420667344,0.628673255191115,976.608966666667,337,282
-0.609914817212292,0.190375694753266,0.62879574199447,976.642333333333,337,282
-0.618753728013948,0.20110062139191,0.630566488947115,976.6757,337,282
-0.735389672654358,-1.21987769403639,1.73162137546959,977.042733333333,338,283
-0.753460637617772,-1.22447065625849,1.73597169328879,977.0761,338,283
-0.538561693796228,-0.744190787404091,1.3345450340962,978.510866666667,339,284
-0.526746873029188,-0.722670366455204,1.32307220488453,978.544233333333,339,284
-1.2874885088577,0.601335713004365,1.03156798226348,978.744433333333,340,285
-1.29645067654875,0.599637171053273,1.03707268234657,978.7778,340,285
-1.30856271740347,0.598661377237469,1.04197729671264,978.811166666667,340,285
-1.39852162847113,0.743272393022356,0.927017278147849,979.845533333333,341,286
-1.39555190462007,0.745355827146045,0.923921545403994,979.8789,341,286
-1.38891984893219,0.75162114048178,0.919683257613929,979.912266666667,341,286
-1.02239128358299,0.590817248529105,1.19016440459714,979.8789,342,287
-1.01497743368329,0.626582321150558,1.18179496447283,979.912266666667,342,287
-3.37847223627393,0.873715747646411,0.525614135936282,980.446133333333,343,288
-1.87486338202747,2.14925996593514,0.849526457752301,981.213566666667,344,289
-1.53565535215479,0.541875321245305,0.678951508273543,982.114466666667,345,290
-1.5302289292613,0.531010444313195,0.681340167733533,982.147833333333,345,290
-1.53665472880717,0.515840540277101,0.68319826393199,982.1812,345,290
-1.54070113044022,0.505987597947553,0.686264402312311,982.214566666667,345,290
-1.73535410791611,2.58613010968399,0.494481969342463,982.4815,346,291
-1.72083395637975,0.00411057884600152,0.641585165206589,984.5836,347,292
-1.71880859716796,-0.0057077571525842,0.639632645215296,984.616966666667,347,292
-1.72284438109649,-0.0136749334688669,0.639682434735709,984.650333333333,347,292
-3.39571784073387,0.881282672270172,0.521181326821561,987.119466666667,348,293
-3.39833254897263,0.880536158255443,0.521619745210861,990.222566666667,349,294
-1.60617912706185,2.63202112405715,0.78692647254815,992.057733333333,350,295
-1.6092381995276,2.61704401158676,0.801325068848844,992.0911,350,295
-1.48455732400211,2.04713917485882,0.926277671960061,993.1922,351,296
-3.39385984798364,0.881245352279796,0.521472040909253,993.459133333333,352,297
-1.6632579159763,0.0185674026710585,0.452497968005447,994.159833333333,353,298
-1.20545179270128,1.9833890103268,0.910744855681333,994.3934,354,299
-1.20286227003655,1.98180330657904,0.90675847511123,994.426766666667,354,299
-0.694468287856979,1.9295917288234,0.833316836118612,995.661333333333,355,300
-0.671846487623158,1.93370590925232,0.835576963862826,995.6947,355,300
-1.66269229454052,0.0189005594799413,0.454198419138666,996.228566666667,356,301
0.0905501102980228,2.19651374974093,0.980748091920316,996.929266666667,357,302
0.102654709813962,2.21926911906462,0.974805681131101,996.962633333333,357,302
0.127494904329401,2.23216945631986,0.964774940471208,996.996,357,302
5.94376231414245,2.34931187181384,0.721609060168257,998.263933333333,358,303
6.00486628596707,2.40935508675918,0.714202617030413,998.2973,358,303
0.990551889955583,2.90078100073151,1.00141427764062,998.263933333333,359,304
-3.3961857806727,0.88691068348175,0.520316041120401,998.464133333333,360,305
-3.39569239969825,0.886883661605765,0.518678940660728,998.4975,360,305
-1.66269229454052,0.0189005594799413,0.454198419138666,999.0981,361,306
2.05071540879469,2.79549333149975,1.13303008414629,999.465133333333,362,307
2.07547326886983,2.78523381693607,1.13207584495576,999.4985,362,307
3.15980920455265,2.68995443406209,1.06240801190656,1000.7998,363,308
-3.40789503862615,0.891741317049612,0.516806626283503,1001,364,309
4.39554659921176,1.78570484623809,1.19708141340618,1002.2012,365,310
-2.16227207834802,5.91303600100256,0.594104248099081,1002.8018,366,311
-3.48569776961137,0.830371060700252,0.556359685192344,1002.83516666667,367,312
-3.48512231328116,0.830366642527357,0.556442979746019,1002.86853333333,367,312
-5.51381860973969,-4.28131612707833,1.06707148639398,1003.56923333333,368,313
-1.6405545346422,0.0118813699824002,0.434025570760916,1004.33666666667,369,314
-1.65319378861505,0.00620998229405811,0.432997024295575,1004.37003333333,369,314
3.48950239300895,2.11170639003486,0.475961880551979,1005.07073333333,370,315
-1.63428295172493,0.0139207602719722,0.43730147996815,1006.13846666667,371,316
-3.48518322615349,0.835570129946825,0.588613120886297,1007.13946666667,372,317
-6.32925805546134,0.794342449093176,1.94716523593774,1007.3063,373,318
-6.37864358017869,1.73322522642663,2.22030025041725,1008.24056666667,375,318
-1.64931364802502,0.00764919965680877,0.437306679895731,1007.84016666667,374,319
-1.65081969350269,0.0086325281691817,0.436571491404038,1007.87353333333,374,319
-3.48518322615349,0.835570129946825,0.588613120886297,1009.67533333333,376,320
-3.4688807684243,0.621607024343439,0.948837125437105,1012.97863333333,377,321
-3.4561779852876,0.622062599852103,0.949701534947215,1013.012,377,321
3.47226874766574,2.113566371271,0.494921096272616,1014.1131,378,322
1.31727045877295,10.0124360941155,0.625252137385546,1017.3163,379,323
-1.64707136116566,0.0159649670448729,0.447355605791312,1017.44976666667,380,324
6.05757134820317,-1.6992838399638,0.893439454030172,1023.25556666667,381,325
6.04176090185874,-1.68853254736777,0.89171971916856,1023.28893333333,381,325
6.05221911251027,-1.69340622977161,0.892679192663988,1023.3223,381,325
6.0799357067052,-1.7097937371737,0.893264802989353,1023.35566666667,381,325
6.0799357067052,-1.7097937371737,0.893264802989353,1023.38903333333,381,325
6.04893553552246,-1.69518040211967,0.890464552254666,1023.4224,381,325
6.04962956972936,-1.69557091520438,0.89271551171486,1023.45576666667,381,325
-3.38218165511997,0.394144552633958,0.296835216657562,1025.79143333333,382,326
-1.66166497078366,-0.11794467483382,0.516191990466106,1031.16346666667,383,327
-1.65193604811031,-0.122413098699189,0.520904201454681,1031.19683333333,383,327
-1.69723130963196,-0.334077972680787,0.591353476519379,1032.16446666667,384,327
-1.70676137034701,-0.3480876170817,0.59180156688447,1032.19783333333,384,327
-1.68449625535233,-0.426019528114723,0.677077566143666,1033.2322,385,328
-1.68010621897997,-0.426535922741378,0.681069738535234,1033.26556666667,385,328
-1.66647781382984,-0.420537313043943,0.687750980268572,1033.29893333333,385,328
6.31093045400731,-0.984110962204992,0.946373715280852,1033.66596666667,386,329
-1.5696105616551,-0.665075717217235,0.671514807137958,1034.29993333333,387,330
-1.55056964235032,-0.657271481736878,0.677194455482775,1034.3333,387,330
-1.5362016206151,-0.658134061995626,0.682567168925904,1034.36666666667,387,330
-1.47362591886103,-1.00989848167524,0.866254390920741,1035.36766666667,388,331
-1.4922369588578,-1.02058975882346,0.866602963789426,1035.40103333333,388,331
-1.49284897949092,-1.01527085233818,0.86485527757781,1035.4344,388,331
-1.45145888364923,9.05610526060406,0.443453140337153,1036.035,389,332
-1.51489993796217,-1.16675612158091,1.09638194553163,1036.50213333333,390,333
-0.574078643996423,-1.11283085505601,0.922245620881875,1038.7377,391,334
-0.577549125647851,-1.12479613194679,0.923709034456737,1038.77106666667,391,334
-0.557206565367014,-1.1027578246107,0.92404923803213,1038.80443333333,391,334
-3.1940537740588,0.482962996453714,0.3032963353087,1041.00663333333,392,335
-3.1940537740588,0.482962996453714,0.3032963353087,1041.10673333333,393,336
-3.18117992157532,0.482938114317237,0.304288290489239,1041.1401,393,336
1.26510009917777,9.01467104876079,0.521211989558472,1042.1411,394,337
1.23629548922236,9.1854891743111,0.513482809663854,1042.17446666667,394,337
-0.327602971456503,0.303333420751259,1.21726355761582,1043.37566666667,395,338
-0.350450983194315,0.315083321101661,1.22569619534384,1043.40903333333,395,338
-0.362220264132663,0.341604120719206,1.22972554746817,1043.4424,395,338
-0.36549004250069,0.370695289769806,1.23147408161655,1043.47576666667,395,338
-0.796483341964235,1.22311608248817,1.31898379769978,1044.5435,396,339
-0.835282187357794,1.25216488835842,1.32246341084071,1044.57686666667,396,339
-0.865287049581917,1.28518550850715,1.32028660778073,1044.61023333333,396,339
-0.885319348088432,1.31371836870785,1.31496080594598,1044.6436,396,339
-1.90593420209481,2.10319818593626,0.941621181001692,1045.61123333333,397,340
-1.93073153766329,2.12153783401617,0.934306220567526,1045.6446,397,340
-1.95398227742498,2.13795539266621,0.927861202199748,1045.67796666667,397,340
3.48398177414322,1.59302374843407,0.633956157346746,1045.9449,398,341
3.49073697894204,1.59408743205771,0.632112600673142,1045.97826666667,398,341
3.49414468972126,1.59624980595325,0.629713605705689,1046.01163333333,398,341
3.49851907547554,1.59961967422643,0.623469695288349,1046.045,398,341
3.50247993546042,1.60447225831811,0.616234380119651,1046.07836666667,398,341
3.51070403548347,1.61114781573517,0.605476930965731,1046.11173333333,398,341
3.51794130199105,1.61980817067588,0.594987411856096,1046.1451,398,341
3.53001275387984,1.63094947567843,0.58304583255981,1046.17846666667,398,341
3.52110214444315,1.63778066280334,0.575374642086048,1046.21183333333,398,341
3.53246883704137,1.65173829774104,0.563036082357137,1046.2452,398,341
3.53136321312458,1.66008068987343,0.552499477533635,1046.27856666667,398,341
3.53564281539696,1.6685284530215,0.541966165399726,1046.31193333333,398,341
3.54400822745701,1.67848252771512,0.530788582663433,1046.3453,398,341
3.54349541918018,1.68696221769866,0.520392921706877,1046.37866666667,398,341
3.5538283486079,1.69511429099517,0.50951359420156,1046.41203333333,398,341
3.55181845625762,1.701081619031,0.499318615403298,1046.4454,398,341
6.06666565783444,-0.47807054403774,0.957282827314547,1046.57886666667,399,342
6.05839643916543,-0.459005063627002,0.944408558932195,1046.61223333333,399,342
6.0338240571929,-0.436227667229331,0.932578579418638,1046.6456,399,342
6.03279515406917,-0.427508606250194,0.923864874682541,1046.67896666667,399,342
6.03135765944123,-0.411297203242494,0.913626967019389,1046.71233333333,399,342
5.9911777428795,-0.376971237820243,0.897958532450746,1046.77906666667,400,342
-2.46545644762221,2.3705060394322,0.803134175980278,1046.81243333333,401,343
-2.46441627609155,2.37192807456921,0.812541660375598,1046.8458,401,343
-2.37265140512199,2.53748588641818,0.846754269240155,1047.98026666667,402,344
-2.37329331522149,2.54415934084711,0.851749603612595,1048.01363333333,402,344
-2.37142554935794,2.55027990873545,0.856957323825692,1048.047,402,344
-2.82881589375518,1.57639097397515,0.876316696860297,1050.41603333333,403,345
-2.85961746150472,1.56074971056526,0.880900006233777,1050.4494,403,345
2.36271109571645,-4.56432010687708,0.750084229011461,1050.58286666667,404,346
-3.8550613628759,0.464853557777998,0.918419243248997,1052.58486666667,405,347
-3.85487535202341,0.45415862690261,0.920685505170083,1052.61823333333,405,347
-3.95242559541318,0.370628330066917,0.981291328307092,1053.71933333333,406,348
3.61526588485563,1.80852066103247,0.32821943682709,1054.62023333333,407,349
3.61637679153979,1.81024191329004,0.328166445321056,1054.6536,407,349
3.61612182911469,1.81022236662218,0.328168897685266,1054.68696666667,407,349
3.61792126953625,1.81085959218238,0.328137797081261,1054.72033333333,407,349
3.61792126953625,1.81085959218238,0.328137797081261,1054.7537,407,349
3.61567895475883,1.80994039678599,0.32892175385039,1054.78706666667,407,349
3.62119143172111,1.81112036476043,0.327713257372076,1054.82043333333,407,349
3.61603274360863,1.80963503269037,0.328905040916371,1054.8538,407,349
3.61982025481663,1.81099545599902,0.328534277797428,1054.88716666667,407,349
3.6201493682719,1.81108637933128,0.328894481841192,1054.92053333333,407,349
3.61421760824116,1.81005723290783,0.329839188248912,1054.9539,407,349
3.61688486236183,1.81082556359554,0.329339244587036,1054.98726666667,407,349
3.6164203724705,1.81079636926761,0.329048317636874,1055.02063333333,407,349
3.60425170929823,1.80398069913551,0.343238655383829,1057.2562,408,350
3.5993499163185,1.80359816708458,0.34396520803196,1057.28956666667,408,350
3.59928982304573,1.80215566405851,0.345360157802307,1057.32293333333,408,350
-4.85465084899602,0.0305867099859545,0.568721660252112,1057.38966666667,409,351
-1.98308987961158,8.94663350197116,0.727541325936647,1058.32393333333,410,352
-5.48960754634458,1.01840382774624,0.586027437955097,1060.89316666667,411,353
-5.50050374479138,1.02728221063191,0.582420630264458,1060.92653333333,411,353
-5.21060447529283,1.2661157860469,0.539023897607449,1062.02763333333,412,354
-5.20679213207553,1.27032888832573,0.544494235506809,1062.061,412,354
2.34185177704334,-4.57405313470053,0.792310670952713,1071.40366666667,413,355
-3.25459799149378,4.23491519353131,1.05790219025826,1073.30556666667,414,356
7.51881014263844,-1.54799412312524,1.35763253953382,1077.2762,415,357
0.928011123332155,-1.67482840000798,1.96705064357126,1092.5915,416,358
0.89743530243014,-1.66333134711622,1.96470454013048,1092.62486666667,416,358
0.862542678809416,-1.68136087104707,1.97556724789125,1092.65823333333,416,358
0.821121625392076,-1.67305249466628,1.97425115933812,1092.6916,416,358
0.790835953469169,-1.64879365027952,1.96602070545013,1092.72496666667,416,358
0.754089360839952,-1.71874882183756,1.98833518114964,1092.75833333333,416,358
0.718196443160345,-1.7023466999793,1.98241074881518,1092.7917,416,358
0.680082490074141,-1.72211466759949,1.99117513820894,1092.82506666667,416,358
0.64054607678308,-1.707375100114,1.98570747319502,1092.85843333333,416,358
0.598275221626811,-1.74287461115938,2.00184166068676,1092.8918,416,358
0.554906642629389,-1.77776879210207,2.0189071317335,1092.92516666667,416,358
0.516737392122748,-1.74853134156629,2.00634621034168,1092.95853333333,416,358
-1.60369929664812,-0.338706082520995,1.13448540330372,1094.9939,417,359
-1.61413780517449,-0.325943623871986,1.13211037392642,1095.02726666667,417,359
-1.61141123753044,-0.306538483244689,1.12744910323006,1095.06063333333,417,359
-1.60074035179546,-0.284953032822763,1.12179170851413,1095.094,417,359
-1.606654420722,-0.272462925714262,1.11734037499123,1095.12736666667,417,359
-1.60042622681045,-0.253962578270687,1.10976050071962,1095.16073333333,417,359
-1.59750544057821,-0.237240764367833,1.10333870632924,1095.1941,417,359
-1.58485319910306,-0.218687256282185,1.09601178694099,1095.22746666667,417,359
-1.59050463733207,-0.211482894475161,1.08890977355131,1095.26083333333,417,359
-1.57673672280499,-0.191529687162027,1.0786648879174,1095.2942,417,359
-1.57342184768313,-0.179623715054037,1.06966697134537,1095.32756666667,417,359
-1.57001629166427,-0.167219314960587,1.05979227887341,1095.36093333333,417,359
-1.56760010996529,-0.153381265080101,1.05013916277564,1095.3943,417,359
-1.56866642361838,-0.141698281332038,1.04543519256313,1095.42766666667,417,359
-1.5667687439705,-0.124609621865309,1.03898694564168,1095.46103333333,417,359
-2.17093537539865,1.33171003943652,0.80721382965031,1097.66323333333,418,360
-2.3784080735267,0.957416513256771,0.660849029427486,1100.16573333333,419,361
-2.39496268540618,0.947617196636427,0.662701424586766,1100.1991,419,361
-2.40305680885395,0.937833810838597,0.664637151013808,1100.23246666667,419,361
-2.41968347616379,0.929038192875429,0.665236503860334,1100.26583333333,419,361
-2.42736388917945,0.918960603029281,0.666735252631757,1100.2992,419,361
-2.43797948323995,0.91177719894109,0.668812271594497,1100.33256666667,419,361
-2.45094606804952,0.901934789209341,0.669997346207762,1100.36593333333,419,361
-2.46256145799488,0.894081152280445,0.67010005015732,1100.3993,419,361
-2.46614077339286,0.885076048089719,0.670454422470323,1100.43266666667,419,361
-3.22712995304815,1.32701429070361,0.673589847942126,1103.03526666667,420,362
-3.22510522594644,1.34248046721117,0.664715532011718,1103.06863333333,420,362
-3.22174766721874,1.35590437517851,0.655132819328948,1103.102,420,362
-3.22586399656176,1.37102493872396,0.642418540319576,1103.13536666667,420,362
-3.20184137036698,1.38387858697576,0.632223606794553,1103.16873333333,420,362
-3.23796167879057,1.40062887068075,0.618713776717352,1103.2021,420,362
-3.23006132916386,1.41396676070064,0.606810565519695,1103.23546666667,420,362
-3.64606184604806,2.70260692348643,0.5056375625421,1105.33756666667,421,363
-3.64875528004797,2.71756982956368,0.501543320679981,1105.37093333333,421,363
-3.65919793300168,2.73403415379121,0.497837130448099,1105.4043,421,363
-3.65341058909935,2.74227452345696,0.493328676083801,1105.43766666667,421,363
8.64696982478095,-0.340085115866371,1.15035290160862,1107.33956666667,422,364
-5.26153970423928,-0.874667820572363,0.769890340490221,1108.94116666667,423,365
-5.29218732734848,-0.851858276978634,0.757911448523667,1109.04126666667,424,365
-5.28120020996758,-0.842302684345467,0.753605199952425,1109.07463333333,424,365
6.88025613868549,1.05226603151916,0.691161243041096,1110.67623333333,425,366
6.84821778493002,1.05487552863467,0.684643105722697,1110.7096,425,366
-3.46193995859538,0.0724750583589763,0.998927378381808,1112.24446666667,426,367
-3.45365389243596,0.0771719404755793,1.0025717962789,1112.27783333333,426,367
-3.45656527170445,0.0800037738312823,1.00352669709585,1112.34456666667,427,367
-3.43856179156953,0.0863335390367139,1.00432221412552,1112.37793333333,427,367
6.14571267622339,3.24156552549511,0.632506756921961,1116.44866666667,428,368
6.12116846575718,3.25231941674066,0.63355173251172,1116.48203333333,428,368
6.09398627131695,3.25418085861212,0.637410537617005,1116.5154,428,368
6.12569840573432,3.28223959097446,0.642775373169073,1116.54876666667,428,368
4.21989595605149,3.6159589085147,0.556002903290498,1119.48503333333,429,369
4.19307782415271,3.60599785499762,0.558550293848988,1119.5184,429,369
4.18970163804762,3.61311110285386,0.558731380672207,1119.55176666667,429,369
4.17483810560899,3.60956864397812,0.560780800080323,1119.58513333333,429,369
4.14505180999978,3.60230846470797,0.569199272474698,1119.65186666667,430,369
4.13547469525934,3.60307572600289,0.572067643357346,1119.68523333333,430,369
2.69042647832504,2.80744229804132,0.622120587870503,1122.3212,431,370
2.67569411965426,2.79197451109453,0.619499450195064,1122.35456666667,431,370
2.67072679312423,2.78136600875429,0.614390913107125,1122.38793333333,431,370
2.66842230699567,2.77278424899715,0.612805918938673,1122.4213,431,370
2.64189714724467,2.7267698851313,0.60539858079552,1122.55476666667,432,370
2.63666934359553,2.71533532123026,0.604225893959761,1122.58813333333,432,370
2.62468515696582,2.69400157624789,0.60267562526572,1122.6215,432,370
2.62966104260067,2.68743104780315,0.601447249034085,1122.65486666667,432,370
-4.06259719841927,4.85099501281924,0.431769895222861,1123.122,433,371
-4.00291858613152,4.81336565607988,0.441322363877716,1123.15536666667,433,371
2.63014918693906,0.551832392026139,0.831009656376165,1125.25746666667,434,372
2.63173187884677,0.526707506688719,0.828932066417024,1125.29083333333,434,372
2.62954041690783,0.50414722018502,0.827584026214409,1125.3242,434,372
2.6325083757563,0.480922794259414,0.827280259225774,1125.35756666667,434,372
2.63550485097183,0.458624523428211,0.828542720235567,1125.39093333333,434,372
2.638779399519,0.440322193045142,0.830308877054772,1125.4243,434,372
2.64299826054592,0.421489719654226,0.832847352569516,1125.45766666667,434,372
2.64355285492156,0.388574987761259,0.837770867142567,1125.5244,435,372
2.64199828921057,0.372417086439731,0.841398391729797,1125.55776666667,435,372
2.64245233810526,0.356347427996609,0.843829777877429,1125.59113333333,435,372
-2.30572034268045,8.3540073824797,0.461071766896861,1132.9318,436,373
-3.22913395066132,3.12168329771293,0.823099594876709,1136.20173333333,437,374
-3.23662927333556,3.12603545928245,0.823917605441151,1136.2351,437,374
1.0551105792209,3.55035559494063,0.564134437665834,1138.97116666667,438,375
1.03559343852493,3.57568112337907,0.560879531594932,1139.00453333333,438,375
-1.78746771380356,3.17954212306634,1.20011072957659,1139.37156666667,439,376
-1.77580098879987,3.18124694680709,1.19723840881864,1139.40493333333,439,376
-1.76451734794291,3.18510822382757,1.19382885591358,1139.4383,439,376
-1.75269332413813,3.1873704910735,1.19073024169816,1139.47166666667,439,376
-1.73396872455998,3.18265957921282,1.18595592383848,1139.50503333333,439,376
-1.73438692951072,3.19319064162617,1.18390560220969,1139.5384,439,376
-1.72430817913204,3.19453661079024,1.17991780141601,1139.57176666667,439,376
-1.71224588111239,3.1964251402854,1.17428649942024,1139.60513333333,439,376
-1.70935403592915,3.20492217803199,1.17058660144065,1139.6385,439,376
-1.69856520452555,3.20543859732848,1.16353171090514,1139.67186666667,439,376
7.35156873943698,5.05444887782496,0.81157977263329,1140.07226666667,440,377
7.34034939146389,5.05454577443553,0.809572686394757,1140.10563333333,440,377
-0.0145559711882353,4.49358891684341,0.57097523042878,1140.77296666667,441,378
-0.210315705883382,4.36020316599335,0.912450118902316,1142.4413,442,379
-0.184462965514707,4.34104651709845,0.911619825597201,1142.47466666667,442,379
5.1970917985476,3.84321992164911,1.36529814047044,1149.81533333333,443,380
5.20514084422205,3.83564110202053,1.3699227425828,1149.8487,443,380
5.20688247555947,3.8285824037507,1.37115604809557,1149.88206666667,443,380
5.23744675556126,3.8125873737606,1.3894427536685,1150.01553333333,444,380
-3.09738027120264,0.438294956195724,0.539220600737431,1151.5504,445,381
5.07470785058334,2.90764929215405,1.092955902962,1152.88506666667,446,382
5.08751093016318,2.91240555922384,1.09070952032738,1152.91843333333,446,382
6.20210001164584,2.47794674320875,0.930359757584371,1156.02153333333,447,383
-3.41300898762277,3.81704539585981,0.789636854574034,1156.08826666667,448,384
-4.1716451597555,4.14836356826037,0.38951195624408,1159.02453333333,449,385
-4.4231962914341,4.14588572658413,0.291388218587295,1165.2641,450,386
-4.38032989998001,4.1226333396447,0.297752957038248,1165.59776666667,451,386
2.41877451244632,-4.80016956823363,0.71891497108785,1168.83433333333,452,387
2.38953081706346,-4.69157619387772,0.717760714325449,1168.8677,452,387
2.3697296880714,-4.26498200658425,0.696683714363547,1174.50666666667,453,388
7.72954183809669,-7.81832282411964,2.40408150415028,1180.21236666667,454,389
7.997782482613,-8.17312541864894,2.46363891039053,1180.24573333333,455,389
8.06963748789741,-8.28150775484714,2.48873045906611,1180.2791,455,389
7.9518447111289,-8.14846907395165,2.46089644555669,1180.31246666667,455,389
7.97608498722385,-8.21016013299185,2.46677571207042,1180.3792,456,389
8.24725488353133,-8.62168915092131,2.54392044958744,1180.4793,457,389
8.45525108445562,-8.90752503138629,2.59373230258802,1180.51266666667,458,389
8.51858557000352,-9.00547883401127,2.60863037872748,1180.54603333333,458,389
5.24823105411166,-4.42083853823837,1.79794211033949,1181.0799,459,390
6.91240453542015,-1.61707164234939,1.12812612455322,1184.81696666667,460,391
2.84003161033425,-5.66429277593499,1.92875642551557,1184.9838,461,392
2.79300832908648,-5.5568638033476,1.9140271692319,1185.01716666667,461,392
2.78581915389365,-5.55646367557175,1.9129099957465,1185.05053333333,461,392
2.72803499160283,-5.41884817371161,1.88899520699936,1185.0839,461,392
3.00586373022644,-6.55685675676634,2.08918794630982,1185.15063333333,463,392
2.99604315882342,-6.50755664090111,2.02418953277705,1185.184,463,392
2.8500420676786,-6.19904144686791,1.99390159756516,1185.2841,466,392
2.86602715321452,-6.36133222809695,1.96979996308897,1185.3842,467,392
2.85179590579342,-6.37923312855919,1.98401919474894,1185.41756666667,467,392
2.91522714912109,-6.69291719646756,2.03370263585091,1185.4843,468,392
2.81852594299388,-6.37835167334095,1.98757429345122,1185.51766666667,469,392
2.86425993416713,-6.7846216837649,2.05213547796124,1185.6845,472,392
2.65580226005111,-5.86691696247158,1.89971022127077,1185.71786666667,473,392
2.67984039686666,-5.95049446625165,1.91081848287608,1185.81796666667,475,392
2.6032670543993,-5.66848784698547,1.86498343283931,1186.185,480,392
3.57680984037443,-8.70939351273675,2.5564438763911,1185.11726666667,462,393
3.41237044461727,-8.7706228536513,2.42220532091172,1185.61776666667,471,393
3.4037641599047,-8.73355183279923,2.41503799499344,1185.65113333333,471,393
3.81370645970872,-9.71848850239092,2.73241172512359,1185.184,464,394
3.8659533891411,-10.0211626659867,2.76413556121684,1185.25073333333,465,394
3.9362780262724,-10.3252506203469,2.74686627511359,1185.85133333333,477,394
3.98046652380395,-10.5102161654917,2.77895562785111,1185.95143333333,479,394
2.31589676178626,-4.25720378221025,1.63279545009058,1185.61776666667,470,395
2.25010939138153,-3.99617188204774,1.58764049158256,1185.65113333333,470,395
2.21789526985252,-3.84883163330163,1.61588062882965,1185.6845,470,395
4.60074424330521,-14.9258972981351,3.56434065461773,1185.81796666667,474,396
4.69715701093958,-15.3956840042758,3.63902030007971,1185.85133333333,476,396
5.07445439483076,-17.2105423919558,3.95739457180726,1185.95143333333,478,397
1.05401735325723,1.34529284060514,0.792743308126422,1186.51866666667,481,398
1.59724495740792,-7.97097751287363,1.81876706843883,1188.55403333333,482,399
0.693222348906849,-1.16523724317714,1.41423910569221,1191.8907,483,400
0.725727755134863,-1.21929672364252,1.43925711763523,1191.92406666667,483,400
2.17422111223595,-6.19286055787694,1.80999641455263,1193.6925,484,401
4.03725266022879,-9.08693739464695,2.16419308160931,1194.82696666667,485,402
3.70064406501602,6.81483055831382,0.924562687333805,1194.86033333333,486,403
4.35750051736942,1.93598717743486,1.87429266545509,1197.02916666667,487,404
4.24078191989898,3.66793098087755,1.5913983891974,1198.03016666667,488,405
4.70663960411693,6.15454745260524,1.33298658227741,1210.5093,489,406
4.61176073283683,5.90748576231875,1.11156312080703,1211.44356666667,490,406
4.59988475291102,5.88382464336322,1.10009391725283,1211.47693333333,490,406
2.83484422916305,5.32444201234607,0.865348045403077,1215.6144,491,407
0.809859612345206,4.75295281108472,0.627613355561365,1219.28473333333,492,408
0.31173560065529,4.33152028276133,0.49733646702577,1220.28573333333,493,409
0.282458521019503,4.34915706483336,0.501619691696814,1220.3191,493,409
0.142861699807523,4.1731538956759,0.629015555874278,1221.3201,494,410
0.137421897573388,4.16549475769053,0.630472719724826,1221.35346666667,494,410
-0.111385785061711,3.7498537173619,0.686843221837697,1222.38783333333,495,411
-0.120151530297847,3.72888382912162,0.692920418813694,1222.4212,495,411
-0.377553780273508,3.43013432540177,0.767618119459538,1223.38883333333,496,411
-0.387876574577148,3.41909377592329,0.764621734253561,1223.4222,496,411
-0.878354171586893,2.91725298665899,0.718825304314925,1224.85696666667,497,412
-0.891249548880084,2.90889404884081,0.71439675357087,1224.89033333333,497,412
-1.25941551349339,2.78233585504832,0.523998703215796,1225.85796666667,498,412
-1.28111236305839,2.77487592069992,0.522894094053924,1225.89133333333,498,412
-4.34676169210995,4.31133196285738,0.431887208950827,1228.3271,499,413
-4.33353173491724,4.31961006619331,0.424688327707641,1228.39383333333,500,413
-4.27669977530511,4.29170474151263,0.416573260364482,1228.46056666667,501,413
-4.29107553737774,4.30171215570527,0.410776353791743,1228.49393333333,501,413
-4.29164154629617,4.29635024173816,0.404089825827112,1228.5273,501,413
-4.28601865115269,4.29820473271443,0.399501856746033,1228.56066666667,501,413
-4.3059059141343,4.3081853624533,0.395597540738116,1228.59403333333,501,413
-4.27037786146842,4.28507814822942,0.398990553361137,1228.6274,501,413
-4.29235578967746,4.20257665898787,0.43880283345178,1231.16326666667,502,414
8.27225802719811,6.05604262411998,0.630070854209942,1246.87896666667,503,415
8.30052260907777,6.07598930004969,0.630592080232594,1246.91233333333,503,415
-0.698821795400341,1.9178185146439,0.616605412452114,1255.1539,504,416
-0.705760829837355,1.92447528226146,0.616092502963814,1255.18726666667,504,416
-0.709218924635432,1.93010019601325,0.61752346199101,1255.22063333333,504,416
-0.715173197218271,1.93512059822872,0.618633641729499,1255.254,504,416
-0.722794693049813,1.94000349430572,0.619225049522122,1255.28736666667,504,416
-0.729005408640882,1.94370052175567,0.619325366294266,1255.32073333333,504,416
3.33280871830681,-4.08754897828353,1.01763960612784,1257.9567,505,417
8.39623286690098,6.18778084570507,0.805934214359337,1260.0588,506,418
6.33463339132738,2.5949395554273,0.86608322353719,1263.29536666667,507,419
6.32868452365554,2.5944560087729,0.876105296802629,1263.32873333333,507,419
6.3425965214661,2.59750802621563,0.883547138089117,1263.3621,507,419
7.54565628567341,5.27007703142495,0.7911988457481,1266.5653,508,420
-3.82280926457754,1.72265729815365,0.874749219677832,1269.73513333333,509,421
-3.84508142762419,1.71240319128322,0.881090758067237,1269.7685,509,421
-3.87318011912315,1.7057088016086,0.884019662197325,1269.80186666667,509,421
-3.85891120356773,1.69299169070407,0.884492270593414,1269.83523333333,509,421
-3.86546508081515,1.67943201390969,0.886285233850591,1269.8686,509,421
6.78035978755726,2.51366872154839,0.735059380660837,1270.40246666667,510,422
6.78546161909521,2.5101876588256,0.738862143397925,1270.43583333333,510,422
-3.46627749336448,-0.10016546610922,0.290257782318227,1271.0698,511,423
-3.45856368409584,-0.0985164520911098,0.291726485315684,1271.10316666667,511,423
-3.44214347792043,-0.0950247535843068,0.291251694253661,1271.13653333333,511,423
-3.44166104179084,-0.0948461102600359,0.292093738559099,1271.1699,511,423
-3.45278576904485,-0.0973459058529982,0.292118879512674,1271.20326666667,511,423
-3.46627749336448,-0.10016546610922,0.290257782318227,1271.23663333333,511,423
-3.85270076416109,0.422137927944744,0.944013408149033,1272.80486666667,512,424
2.54461268374113,-4.21069862519931,0.738878769380895,1275.30736666667,513,425
2.53950639498822,-4.1963118300717,0.738766275575787,1275.34073333333,513,425
2.549163714418,-4.23288745924146,0.737011186682792,1275.3741,513,425
2.53657794972279,-4.1850065866734,0.740766096930972,1275.40746666667,513,425
2.54928693866388,-4.22574716232431,0.7396663907651,1275.44083333333,513,425
2.54936172275655,-4.22120381747223,0.739757811306509,1275.4742,513,425
7.33279290093393,2.87667185272967,0.886042127633388,1275.34073333333,514,426
7.28239028970735,2.87152721872027,0.884979063547709,1275.3741,514,426
5.5345195737085,3.06348521007477,0.522636737521331,1278.01006666667,515,427
5.51983129627958,3.04897089260069,0.526624163978808,1278.04343333333,515,427
6.09524022396877,2.24509405041685,0.647047544821996,1278.1769,516,427
1.2917070120122,0.931296005260503,0.812073435375808,1278.34373333333,517,428
5.39971048959853,-7.69185899463213,2.61567727295593,1279.54493333333,518,429
5.29877040000383,-7.46684895570624,2.5754262460228,1279.5783,518,429
5.35985742087464,3.38284510495183,0.687571145591218,1280.81286666667,519,430
5.37214694622094,3.39173645031284,0.685624112750167,1280.84623333333,519,430
5.34014061126866,3.37475536586486,0.686555597942099,1280.8796,519,430
5.36574759943357,3.39322446600955,0.68903841126605,1280.94633333333,520,430
5.36814891580777,3.39810697389672,0.688371652605725,1280.9797,520,430
5.37162056964259,3.40358108979778,0.690547629187521,1281.01306666667,520,430
5.39295852946806,3.42045459959603,0.69362577286021,1281.04643333333,520,430
5.38370953633725,3.42148184620027,0.695194676716753,1281.0798,520,430
2.52468774537579,-4.15140158789741,0.759006963115125,1281.21326666667,521,431
2.54025838299502,-4.19550713394962,0.760025396763308,1281.24663333333,521,431
2.54025838299502,-4.19550713394962,0.760025396763308,1281.28,521,431
5.32260952083237,3.2116143891341,0.62264206789889,1283.41546666667,522,432
5.29893205366164,3.20161077092986,0.620818067307242,1283.44883333333,522,432
5.29220778970175,3.19880056176432,0.615514548826343,1283.4822,522,432
5.31224283308926,3.20606376067749,0.61059111209613,1283.51556666667,522,432
5.29156430383692,3.19054680195917,0.604889212034406,1283.5823,523,432
10.8513334168735,-7.58233763272754,2.96677243759053,1287.1859,524,433
10.832326943436,-7.56430756594956,2.9640007488812,1287.21926666667,524,433
1.30484813198785,0.37181161151597,0.822590282243184,1288.15353333333,525,434
2.53866816141438,-4.18688801701283,0.775471737877823,1288.1869,526,435
2.53733084712459,-4.1790285468955,0.778168855485266,1290.22226666667,527,436
2.56303142306658,-4.25956560636104,0.779912925818849,1290.25563333333,527,436
2.54324571892816,-4.20376581239515,0.777328561970174,1290.289,527,436
-1.02312219486325,-0.890006515567418,0.865781968121748,1291.6904,528,437
-1.02311854504347,-0.877711786300694,0.862553688403625,1291.72376666667,528,437
-1.0150451633739,-0.853634071830335,0.858710607300753,1291.75713333333,528,437
-1.00302317818686,-0.829332720859172,0.855382933629779,1291.7905,528,437
-0.989635701016102,-0.805558980067596,0.85395279447985,1291.82386666667,528,437
-0.992197590819609,-0.797480834091895,0.851791159799547,1291.85723333333,528,437
-0.983343596686938,-0.779411466282377,0.849959430178695,1291.8906,528,437
-0.987982236978146,-0.770141998783521,0.850255989389523,1291.92396666667,528,437
-0.977844127551881,-0.75068442210393,0.850054264089034,1291.95733333333,528,437
-0.959529614757726,-0.720727091517235,0.849299890904421,1291.9907,528,437
-0.966370840906275,-0.717328784817554,0.849959819786148,1292.02406666667,528,437
-0.972689865211651,-0.711915221686469,0.84994669069507,1292.05743333333,528,437
10.5767424869311,-6.93200082885719,2.96349521801227,1292.92496666667,529,438
10.6608257220991,-7.00475497324413,2.9157191439962,1293.05843333333,530,438
11.016535456118,-7.4913377530274,2.81033450790214,1293.0918,531,438
10.9559697131311,-7.42967452670092,2.79681883179201,1293.12516666667,531,438
6.94756117811622,-0.924291589423979,1.19746400376541,1294.15953333333,532,439
6.93546543429254,-0.910763124474796,1.19463596725517,1294.1929,532,439
-1.16989967645761,0.522630963275293,0.580006713509419,1294.22626666667,533,440
-1.33442823269162,-5.07054214665161,2.32793894595684,1295.06043333333,534,441
-1.27915504379018,-4.93869030205162,2.30591626307543,1295.0938,534,441
-1.33045782948331,-5.07963357345124,2.35883260042892,1295.12716666667,534,441
-1.32700776554258,-5.06221725459343,2.38587123848262,1295.1939,536,441
-1.32790394248567,-5.04997049926621,2.42244008574329,1295.26063333333,537,441
8.88860003731579,3.60320724977188,0.905713469723528,1295.16053333333,535,442
-0.760084956658895,1.85891971632507,0.666708448661202,1296.9957,538,443
-0.764209966023707,1.86969029348057,0.669069907510425,1297.02906666667,538,443
-0.764672874510081,1.87913881910345,0.672373352637546,1297.06243333333,538,443
-0.765180365547114,1.88840024251784,0.675529437648237,1297.0958,538,443
-0.768315833771658,1.89886606832087,0.677118005576481,1297.12916666667,538,443
-0.77211232564947,1.90861378759202,0.677976082985039,1297.16253333333,538,443
-0.768220626988933,1.91562891264784,0.678158073823049,1297.1959,538,443
-0.767799893891208,1.92262193252171,0.679898673651422,1297.22926666667,538,443
-0.768910123910963,1.92896847683593,0.679851421554212,1297.26263333333,538,443
-0.770361705710404,1.93744512410641,0.680153786316023,1297.296,538,443
-0.77121092977449,1.94550374352394,0.680112282408605,1297.32936666667,538,443
-0.776353719220475,1.95499847453889,0.679703701640539,1297.36273333333,538,443
-0.773916963281349,1.96443270875557,0.679682961230577,1297.3961,538,443
-0.0460856297352703,-3.58730976343548,2.61969868940202,1297.16253333333,539,444
1.54103252439005,-2.65281796500671,2.5263310264364,1298.53056666667,540,445
1.57364473406724,-2.66061344240796,2.53589382053823,1298.56393333333,540,445
1.63624141003236,-2.6170011821756,2.52974257358144,1298.63066666667,541,445
1.64926393599126,-2.51657263229663,2.48977073851189,1298.66403333333,541,445
2.54548774067647,-1.3530326796457,1.64938202493321,1300.0988,542,446
2.57069127221952,-1.33528286853109,1.63648946976618,1300.13216666667,542,446
2.60393909925248,-1.3258368871427,1.62602293674555,1300.16553333333,542,446
2.63355252589259,-1.30925347159293,1.61441715377366,1300.1989,542,446
2.61382450501978,-1.21823118090266,1.57757782112122,1300.23226666667,542,446
2.66442160365707,-1.25354668100589,1.58342442935804,1300.26563333333,542,446
2.65449089012043,-1.18323244776193,1.55284459196071,1300.299,542,446
2.65869072395011,-1.14544703448355,1.53611469652513,1300.33236666667,542,446
-3.19898814889783,3.29933255050889,0.897589443439312,1300.83286666667,543,447
-3.18917926675341,3.28853357197024,0.901439734434856,1300.86623333333,543,447
-3.18596024252447,3.2839696446502,0.905389729412789,1300.8996,543,447
-3.18583256272009,3.27965622052402,0.909269956678868,1300.93296666667,543,447
-3.163434221765,3.26539855901966,0.913353983703969,1300.96633333333,543,447
-3.16027342972563,3.26066075144363,0.915431231439873,1300.9997,543,447
-3.15596563702742,3.25652738429405,0.919937818614061,1301.03306666667,543,447
-3.14290347968957,3.24829482697921,0.920832370196921,1301.06643333333,543,447
-3.13135613256329,3.24100119078813,0.923602467970321,1301.0998,543,447
-3.12394822737659,3.23213040549991,0.922753993765778,1301.13316666667,543,447
-3.11516265279699,3.22764657851412,0.925093784317776,1301.16653333333,543,447
-3.10712305980359,3.22392141642565,0.925617002603625,1301.1999,543,447
5.49014562977581,3.86646007387234,0.721522230252458,1300.9997,544,448
5.49606710555434,3.87656220855381,0.727886155263127,1301.03306666667,544,448
7.35554619371207,4.29755812320411,0.893601636112446,1303.16853333333,545,449
3.80908556405244,7.0447439296157,0.816151418064864,1308.54056666667,546,450
3.37276879155856,6.15695183232721,0.805267430599262,1309.57493333333,547,451
3.45735608166748,6.31046595307282,0.803375421490829,1309.6083,547,451
3.1681847753918,5.41984933717484,0.766762153424329,1310.64266666667,548,452
2.64227139989506,4.61268030603413,0.817431290839482,1311.7104,549,453
2.61660677595702,4.58286744804845,0.815241805356967,1311.74376666667,549,453
0.879464182915869,2.58351126791306,0.669854921740616,1314.6133,550,454
0.868667616401226,2.53857417541983,0.67694673446155,1314.64666666667,550,454
0.857690967455709,2.52039349733471,0.682753768699161,1314.68003333333,550,454
0.419320167090679,2.07670499734424,0.783243927840066,1315.6143,551,454
0.396993577171075,2.06522412546145,0.784268449512654,1315.64766666667,551,454
0.364734576725145,2.06693266310584,0.786335580127113,1315.68103333333,551,454
-0.189852679079851,1.59070316866831,0.777213086627554,1316.64866666667,552,454
-0.210974167557184,1.5591438597771,0.781771289121031,1316.68203333333,552,454
0.639072477163753,3.10444770222889,0.784807681552719,1317.6163,553,455
0.630093528070535,3.10408240589009,0.785940669375853,1317.64966666667,553,455
0.62186183273411,3.10177111004282,0.785281364060769,1317.68303333333,553,455
0.61526122688908,3.10193265211141,0.783734091963779,1317.7164,553,455
0.610061311981373,3.09729070597887,0.783086266534766,1317.74976666667,553,455
0.60114018714301,3.09330510529093,0.782229509086976,1317.78313333333,553,455
0.59231341753587,3.0859304265393,0.780762521769977,1317.8165,553,455
0.5840317461782,3.083110305611,0.780209327572888,1317.84986666667,553,455
0.571615405349836,3.09546515192718,0.779936113440435,1317.88323333333,553,455
0.564091388237296,3.09580322734429,0.780039057798639,1317.9166,553,455
0.556236593146323,3.10256748423175,0.779166345991556,1317.94996666667,553,455
0.550411631590629,3.10072756246226,0.777384831406656,1317.98333333333,553,455
0.108164994611885,0.520915285731972,0.775723761829033,1317.64966666667,554,456
0.137008791945507,0.493207018969878,0.770504394437664,1317.68303333333,554,456
-2.91245524666811,5.55202477002249,0.439004534074089,1318.15016666667,555,457
8.20378923223576,1.42319547149641,0.663137617858716,1318.35036666667,556,458
8.15455022503222,1.41892004835615,0.664009065970713,1318.38373333333,556,458
2.37806398135088,1.62222293173352,0.936474924127037,1320.18553333333,557,459
2.3562688915311,1.63946739040778,0.931189984448027,1320.2189,557,459
2.38599585484757,1.69328676978768,0.930508776454524,1320.25226666667,557,459
-1.24167495796565,2.36665373937115,0.860534083746456,1320.7194,558,460
-1.25138947068301,2.35015400412191,0.860217625856501,1320.75276666667,558,460
-1.27264289753932,2.33892314024769,0.860232745556251,1320.78613333333,558,460
-1.28993730202808,2.32611205331706,0.860133815501472,1320.8195,558,460
-1.30596858786899,2.31326946539135,0.860272803518997,1320.85286666667,558,460
-1.32163374320709,2.30132792873401,0.861008363924188,1320.88623333333,558,460
-1.3376787618392,2.29241410668243,0.860800267934335,1320.9196,558,460
-1.35460260835907,2.28564519204158,0.861456245816747,1320.95296666667,558,460
3.39221078589426,-3.97171106524566,0.981397573453277,1329.328,559,461
3.37840706752412,-3.94663099556511,0.980393944808084,1329.36136666667,559,461
3.38820257571109,-3.96442710584299,0.989405053722803,1332.29763333333,560,462
3.40047716580956,-3.99300214384496,0.988908861227581,1332.331,560,462
3.37957217031755,-3.94874340765238,0.986056864831846,1332.36436666667,560,462
2.96770308613219,4.78991688242332,0.817773155179335,1336.60193333333,561,463
2.94728566053206,4.78019790943362,0.820115483326555,1336.6353,561,463
2.89985814972293,4.71900715060792,0.820278322472872,1336.66866666667,561,463
2.83518704480022,4.64107169347166,0.81855674391747,1336.7354,562,463
3.40083297858528,6.87094684460299,0.783385845342816,1340.2389,563,464
3.36994083586539,6.76070483542563,0.785284407433958,1340.27226666667,563,464
3.33106588230431,6.62653292383191,0.787230730666557,1340.30563333333,563,464
3.30776981531788,6.53213018205114,0.789312103695906,1340.339,563,464
3.3338289164766,6.54337989389325,0.791524699471391,1340.37236666667,563,464
3.43222889195718,6.72983704255976,0.794708418188648,1340.40573333333,563,464
3.44333910521791,6.70427990377606,0.801815192966266,1340.4391,563,464
3.42152154406437,6.61957902754705,0.805913958011287,1340.47246666667,563,464
3.41350996138885,-4.00170477315898,1.02645035595033,1342.2409,564,465
3.4072807646261,-3.98963210674306,1.02497023033946,1342.27426666667,564,465
-1.54795073908679,6.45506930716068,0.934383046578599,1351.0497,565,466
-1.52782538387386,6.4140880138253,0.936028025026276,1351.08306666667,565,466
2.59324332873411,4.15113906852571,1.20405521324558,1357.72303333333,566,467
2.60088585690744,4.11605925582704,1.19898356389107,1357.7564,566,467
-1.52447200278557,-3.93863768848919,0.98657940760969,1364.0627,567,468
0.802995884546416,-3.67077120914261,0.993619836426535,1369.60156666667,568,469
0.815755356078621,-3.57030951376323,0.989122975794729,1369.63493333333,568,469
0.827952821402943,-3.52210705846865,0.987297297760197,1369.6683,568,469
0.836803270200788,-3.48509344514299,0.987560294651221,1369.70166666667,568,469
0.846075156625162,-3.48761127610693,0.986123866827191,1369.73503333333,568,469
0.852818054309348,-3.38634842885069,0.980262943334817,1369.7684,568,469
1.27529992507202,-1.64641165778258,1.01496066986815,1372.70466666667,569,470
1.2862959645804,-1.64183828618113,1.01018537305304,1372.73803333333,569,470
1.30293538582242,-1.66250885087597,1.00548983121316,1372.7714,569,470
1.30695115767604,-1.6300390922433,0.998104759838291,1372.80476666667,569,470
1.32049401954357,-1.64300645514584,0.993780801286022,1372.83813333333,569,470
1.33064543655052,-1.64443533780446,0.989755833177538,1372.8715,569,470
1.33794964455688,-1.63484451512697,0.983900925441129,1372.90486666667,569,470
1.3402390381991,-1.61109946645373,0.977342912599605,1372.93823333333,569,470
1.34556100795122,-1.60626707140871,0.971460259655019,1372.9716,569,470
1.3514720340507,-1.6099085780994,0.967060728552453,1373.00496666667,569,470
1.35078129414377,-1.58285614533998,0.96033071141599,1373.03833333333,569,470
1.36016283096349,-1.60216107828346,0.957108435116755,1373.0717,569,470
1.26731988978795,-0.779956107875138,0.912288595528721,1375.44073333333,570,471
1.27182938594186,-0.774809028550911,0.912188582835222,1375.4741,570,471
1.27587996324141,-0.763026593792786,0.911573487346894,1375.50746666667,570,471
1.27913463728084,-0.748646582234053,0.910409506054866,1375.54083333333,570,471
1.28311182742159,-0.739143950562647,0.908983492848783,1375.5742,570,471
1.28223377495448,-0.719447742721337,0.905890549993026,1375.60756666667,570,471
1.28380859958389,-0.713007069650488,0.903274859786454,1375.64093333333,570,471
1.2829815962974,-0.707066254301191,0.899786386669075,1375.6743,570,471
1.27995937905742,-0.69643729534664,0.894766106379242,1375.70766666667,570,471
1.27973414103086,-0.691124735941071,0.890564933393654,1375.74103333333,570,471
1.2788601964869,-0.683340681226183,0.885503880309139,1375.7744,570,471
1.28297656008624,-0.691541269141548,0.88066358690183,1375.80776666667,570,471
1.2864823156492,-0.692433191491118,0.87526030630399,1375.84113333333,570,471
1.28918810968869,-0.686696671943729,0.868776543085378,1375.8745,570,471
1.29495917721423,-0.691483574597626,0.86384159614165,1375.90786666667,570,471
1.36342470677426,-0.11479033758267,0.754267757015806,1378.61056666667,571,472
1.36791173122382,-0.119461941006532,0.75000813447012,1378.64393333333,571,472
1.37218608520563,-0.122386148632759,0.746325195731804,1378.6773,571,472
1.37879259947472,-0.126298586962663,0.743050878056003,1378.71066666667,571,472
1.38656205813734,-0.129553383433271,0.740391885471725,1378.74403333333,571,472
1.39341870851534,-0.130406075348905,0.736807029045926,1378.7774,571,472
1.39788666017558,-0.128432705676618,0.734008529857261,1378.81076666667,571,472
1.40249858919922,-0.12767387238742,0.732058756279459,1378.84413333333,571,472
1.40551717356836,-0.125200718988981,0.730249025318529,1378.8775,571,472
1.40836779631023,-0.124285914991884,0.727523196943594,1378.91086666667,571,472
1.4094320139788,-0.120417640061719,0.724974550304079,1378.94423333333,571,472
1.41163810651839,-0.120111645450789,0.721940559005253,1378.9776,571,472
1.41275346008495,-0.117368076187682,0.719085071018259,1379.01096666667,571,472
1.41390799566389,-0.11414882025894,0.715934016061383,1379.04433333333,571,472
1.41410223396337,-0.109825883763891,0.713048129908494,1379.0777,571,472
2.18963149500985,1.04984739173713,0.871477843067412,1381.54683333333,572,473
2.20407814994089,1.05941843918121,0.873298976595655,1381.5802,572,473
2.21171969604003,1.07008874415716,0.874460115441344,1381.61356666667,572,473
2.21850561071235,1.07849262764191,0.87576588117757,1381.64693333333,572,473
2.22209887644875,1.08578722027144,0.876844843448266,1381.6803,572,473
2.22859982678131,1.09048146883016,0.878114671037719,1381.71366666667,572,473
2.2320938919684,1.09287060166995,0.87910144367547,1381.74703333333,572,473
2.23958838064549,1.09535228051704,0.879907971325981,1381.84713333333,573,473
2.24467705771952,1.09509308958018,0.879536787170291,1381.8805,573,473
2.24989106224332,1.09620669908406,0.879704075077739,1381.91386666667,573,473
2.25637247634035,1.09812513572673,0.878426282523887,1381.94723333333,573,473
2.25746310022137,1.10188725566631,0.876825265825442,1381.9806,573,473
1.94495527087443,-3.16516380753203,1.29515505561142,1388.01996666667,574,474
1.94730527048936,-3.14830383191598,1.29286506365103,1388.05333333333,574,474
-0.196579921975329,-0.262872191807463,1.01772069943116,1388.9876,575,475
-0.201208945540582,-0.252037275121133,1.01539384951493,1389.02096666667,575,475
-0.199022805871889,-0.236427154872179,1.01176703870036,1389.05433333333,575,475
-0.197412377438682,-0.223380822647546,1.00921337683628,1389.0877,575,475
-0.189678006597021,-0.206379299490307,1.0053111882227,1389.12106666667,575,475
-0.187606499698013,-0.199851934079655,1.00649694820295,1389.15443333333,575,475
-0.174520294636302,-0.184168401005708,1.00497177974578,1389.1878,575,475
-0.172740661887353,-0.184158083923805,1.0057844802511,1389.22116666667,575,475
-0.165202381300521,-0.180295115645322,1.0065289512868,1389.25453333333,575,475
-0.148964909385269,-0.167697077536743,1.00347847350476,1389.2879,575,475
-0.287304505078694,1.25600306135682,0.962230322192249,1391.5902,576,476
-0.286850803753928,1.27257493303419,0.959015167243693,1391.62356666667,576,476
-0.285095754112469,1.28755532351757,0.955642467438598,1391.65693333333,576,476
-0.28358518491604,1.30137970436509,0.951996754458143,1391.6903,576,476
-0.281229145614995,1.31339329016967,0.947247401039576,1391.72366666667,576,476
-0.282300895876032,1.3234839790395,0.943621227518128,1391.75703333333,576,476
-0.279307333669997,1.33020936531334,0.940076406458508,1391.7904,576,476
-0.276641117815004,1.3346676189585,0.936958088274717,1391.82376666667,576,476
-0.274634127815514,1.33740639740433,0.934493646097446,1391.85713333333,576,476
-0.271571263324904,1.33901623868903,0.932329214818646,1391.8905,576,476
-2.86097862354637,3.88674075746321,1.23707719486172,1400.7994,577,477
-2.82130211202954,3.87224348162609,1.24791704426023,1400.83276666667,577,477
-2.76363444328797,3.84401590879602,1.25555969006704,1400.86613333333,577,477
-2.7159493892954,3.82063722689206,1.26399386421391,1400.8995,577,477
-2.65923763086327,3.79419846161339,1.2695655316366,1400.93286666667,577,477
-2.62178077322837,3.77517571272808,1.27549373552641,1400.96623333333,577,477
-2.5511065234041,3.74010483960011,1.28013700208219,1401.03296666667,578,477
0.170226138915013,1.44926268622328,1.46179451926318,1403.73566666667,579,478
0.147861782909287,1.40578703011138,1.46014891542066,1403.76903333333,579,478
0.122804309106983,1.36382533654976,1.45925971562426,1403.8024,579,478
0.098647867818726,1.323149562758,1.45727407125267,1403.83576666667,579,478
0.0737097065615911,1.2832549882719,1.4564029218607,1403.86913333333,579,478
0.0520810364262089,1.24662587429716,1.45493886458149,1403.9025,579,478
0.0298425857950633,1.21074747853239,1.45219082285131,1403.93586666667,579,478
0.00856205637574414,1.17643436397904,1.44723357373193,1403.96923333333,579,478
-0.0131013966993777,1.143343440839,1.44205057972669,1404.0026,579,478
-0.0368543037966516,1.11087961812432,1.43781073448105,1404.03596666667,579,478
-0.0600776669007232,1.08104951701922,1.43455759865059,1404.06933333333,579,478
-0.0758469801795348,1.05005978399568,1.42323049953774,1404.1027,579,478
4.23645567417456,-4.88171831731154,1.26709629409697,1405.53746666667,580,479
5.35568624249429,4.59381107668661,0.761785692887641,1413.3119,581,480
5.35259227905081,4.59136415424613,0.755194790806553,1413.34526666667,581,480
3.29160585314267,2.81201326826301,0.793199880515261,1416.34826666667,582,481
1.94294498700733,2.0751819237025,0.760636139872185,1418.9175,583,482
1.93769296696622,2.08697745427392,0.753922795274513,1418.95086666667,583,482
1.92151432386873,2.0944937697305,0.746031343272658,1418.98423333333,583,482
1.90643314083241,2.10011198863809,0.739773157219724,1419.0176,583,482
1.89003940878186,2.10370728870439,0.733890122127697,1419.05096666667,583,482
1.87868823686653,2.10866121554121,0.729565202932815,1419.08433333333,583,482
1.86627444586206,2.11099858985942,0.725833059587074,1419.1177,583,482
1.85976563983323,2.11600289985473,0.722032752247698,1419.15106666667,583,482
1.84860003349505,2.11587575351581,0.718176219452355,1419.18443333333,583,482
1.84355952973881,2.11779471847616,0.715780812687905,1419.2178,583,482
1.83831513794384,2.11750890583677,0.714573339363625,1419.25116666667,583,482
1.83543075298998,2.11955432787357,0.713765696240318,1419.28453333333,583,482
1.83160216130664,2.12119725372918,0.713167471321349,1419.3179,583,482
1.82834325620369,2.12390794709321,0.713048338615461,1419.35126666667,583,482
1.82445637803089,2.12529081822066,0.712512472500059,1419.38463333333,583,482
-0.0976293874774706,1.89063197396563,0.853501736912342,1421.88713333333,584,483
-0.127971959258363,1.88067578277686,0.849865740153483,1421.9205,584,483
-0.166060880205467,1.874312849765,0.848040957487481,1421.95386666667,584,483
-0.197281696090607,1.86711796091466,0.84742997383144,1421.98723333333,584,483
-0.228304749053468,1.86183406472189,0.848150082859275,1422.0206,584,483
-0.257992356873558,1.85884021134832,0.848809812788719,1422.05396666667,584,483
-0.284557842645667,1.8586329231055,0.84887654486591,1422.08733333333,584,483
-0.309710821370431,1.85977319589468,0.849450993312505,1422.1207,584,483
-0.328798104114763,1.85957994157394,0.849589080497749,1422.15406666667,584,483
-0.345991418227672,1.85972369127258,0.850200904648055,1422.18743333333,584,483
-2.54073240448842,0.551082359610099,0.647337115645754,1424.8234,585,484
-2.55977582719792,0.560048904732297,0.64364040319601,1424.89013333333,586,484
-6.46556325274088,-2.00320650433191,0.781594638243803,1440.47236666667,587,485
1.80477975252319,1.28024775801309,0.9182497146281,1892.62406666667,588,486
1.80217581473795,1.28289171109328,0.917612294594419,1892.65743333333,588,486
1.79894692814944,1.2856765437968,0.916919732473232,1892.6908,588,486
1.79554730769564,1.28845050192279,0.916394028982084,1892.72416666667,588,486
1.79261972370213,1.29118862730385,0.915813325343917,1892.75753333333,588,486
1.78805496860861,1.2943633629364,0.914734638227566,1892.7909,588,486
1.78402924329652,1.29888334887911,0.915332777433533,1892.85763333333,589,486
0.448792538751779,-4.01393245854207,1.31532680806485,1936.70143333333,590,487
0.484904567226654,-3.96141589096688,1.32519601874546,1936.76816666667,591,487
-5.445885977419,0.121695135986542,0.881824126885414,1956.38776666667,592,488
7.09402158352351,2.59383776801508,0.913499334776483,1963.12783333333,593,489
6.49323322165403,1.65438542365187,0.796350736151794,1964.19556666667,594,490
6.44187676107322,1.62443123640132,0.793204525450011,1964.22893333333,594,490
5.97846747929097,1.00303695374346,0.770609520038691,1965.19656666667,595,490
5.93749587718294,0.979883215242497,0.772591342732544,1965.22993333333,595,490
5.34590730725107,0.664507097314607,0.87378425960742,1966.29766666667,596,491
4.51737030875174,0.717169317349394,0.863458314642273,1967.49886666667,597,492
4.48343935393462,0.713924759610592,0.868026816631646,1967.53223333333,597,492
3.7727900016757,0.673046328370693,0.870318606592708,1968.59996666667,598,493
3.74538819344454,0.668674053542845,0.870250222097305,1968.63333333333,598,493
3.72760601529187,0.663090290616129,0.870451217960175,1968.6667,598,493
3.15943865878517,0.644528722413699,0.794635497505678,1969.80116666667,599,494
3.14102156240988,0.646354906919999,0.795490107316713,1969.83453333333,599,494
3.11948850061891,0.646761187337554,0.796985154030335,1969.8679,599,494
2.48569156294221,0.729842787213845,0.801004979034023,1971.00236666667,600,495
2.45774348059847,0.729255736212563,0.801748701946217,1971.03573333333,600,495
2.43381252196862,0.727420289006075,0.803271650814194,1971.0691,600,495
2.40941996265148,0.72419467864064,0.804822271407432,1971.10246666667,600,495
1.73395522973049,0.746842911079094,0.818842635660007,1972.1702,601,496
1.71313335804291,0.733961054886133,0.824673364558022,1972.20356666667,601,496
1.6930909208988,0.719938033388638,0.831156582012361,1972.23693333333,601,496
1.9065969972428,0.789317187170466,0.833893506640132,1972.4705,602,496
1.88412742406084,0.786860215325281,0.835727157059707,1972.50386666667,602,496
0.964060522255587,0.0470502896697911,0.858387230260202,1973.23793333333,603,497
0.936623401768889,0.0410182539840149,0.857590452898141,1973.2713,603,497
0.907357510418807,-0.00115467423426485,0.860767722110113,1973.30466666667,603,497
-0.0802635428117298,-0.15873566887204,0.871554436917288,1974.43913333333,604,498
-0.120712142331709,-0.171005953953445,0.875189277718238,1974.4725,604,498
-0.138995752878923,-0.154450990927868,0.877055054134234,1974.50586666667,604,498
-0.768611012032008,0.474064723873154,0.739755649078489,1975.94063333333,605,499
-0.793440534396605,0.484562825273542,0.735080130627575,1975.974,605,499
-1.23880690363534,0.916729492223591,0.657569674502098,1977.04173333333,606,500
-1.26523900125344,0.928772648770414,0.655990580936263,1977.0751,606,500
-1.74079782358485,1.35995225019888,0.667010478077051,1978.24293333333,607,501
-1.84659385068832,1.73985684685972,0.536928523291304,1979.54423333333,608,502
-1.07176198743152,0.607285942520634,0.835783831611942,2038.1361,609,503
-1.05516377139848,0.613043275187805,0.831210202067854,2038.16946666667,609,503
-1.03077786931225,0.623438289678913,0.824582962201162,2038.20283333333,609,503
-1.01318020718488,0.633574334506124,0.818192458118784,2038.2362,609,503
-0.997288132718826,0.644183460063398,0.812724371310233,2038.26956666667,609,503
-0.981219171196597,0.655031098121011,0.808377902240788,2038.30293333333,609,503
-0.965130444583217,0.664818791964318,0.804606540145497,2038.3363,609,503
-0.957658876260236,0.671517662657057,0.802266971857641,2038.36966666667,609,503
-0.951834317063432,0.677070024450674,0.800448029427356,2038.40303333333,609,503
-0.942595588921915,0.683220719960054,0.798342277888609,2038.4364,609,503
-0.936515494541077,0.688530216552581,0.796143659721348,2038.46976666667,609,503
4.82950844140334,0.183251846551378,0.854019325537398,2044.6426,610,504
4.85327275702867,0.182977939386859,0.846849845452263,2044.67596666667,610,504
4.84301565265782,0.190857923710923,0.841218378248644,2044.70933333333,610,504
-6.33876250676453,1.37989584051712,0.59806624973658,2049.38066666667,611,505
-5.82876580954313,3.37903139447711,0.815756091668017,2050.48176666667,612,506
-5.83774586076034,3.36502017796644,0.821803909864409,2050.51513333333,612,506
-6.16176403242133,1.74763947138167,0.594862735677324,2052.08336666667,613,507
-6.15939619123729,1.74181593407577,0.592379373743152,2052.11673333333,613,507
-6.1129470698422,1.7408195220809,0.590837994657241,2052.1501,613,507
-6.10386608389476,1.72890694418548,0.578023968607416,2052.28356666667,614,507
4.84032855868356,-0.751258893933329,0.932216093977128,2052.31693333333,615,508
4.84019326811573,-0.748539248331281,0.936782590588259,2052.3503,615,508
4.81880225670895,-0.740402529518372,0.950578484949061,2052.48376666667,616,508
4.8224457920356,-0.746585187537112,0.953723612716266,2052.58386666667,617,508
-5.87571530027331,-0.953913908153288,0.943279969063353,2055.3533,618,509
-5.78221912888524,-1.39464465550803,0.573368576892127,2057.9559,619,510
-5.78221912888524,-1.39464465550803,0.573368576892127,2057.98926666667,619,510
-5.76399667902584,-1.39030055019259,0.571892349197279,2058.02263333333,619,510
-5.65516596516571,-1.36341172359022,0.568228718169455,2058.1561,620,510
-5.75984644978014,-1.40578543013799,0.566998301085533,2058.18946666667,620,510
-5.75227700008627,-1.41067021808306,0.567338329190457,2058.22283333333,620,510
-5.74865056588945,-1.41131679899955,0.563824801667598,2058.2562,620,510
-5.72508597191877,-1.40703770673207,0.563755506993745,2058.28956666667,620,510
-5.76541466249109,-1.42531671667552,0.557895377773022,2058.32293333333,620,510
-4.97258239253408,-1.77611745720797,0.869575326655427,2060.69196666667,621,511
-4.97855976932982,-1.79160381779783,0.870010799602192,2060.72533333333,621,511
-4.97066437596801,-1.79637037396251,0.875169275470785,2060.7587,621,511
-4.95792353528637,-1.80121951686363,0.875256163139912,2060.79206666667,621,511
-4.96199522890879,-1.81368614039911,0.874733442695271,2060.82543333333,621,511
-4.98883572347584,-1.8310665517187,0.876182304861662,2060.8588,621,511
-4.94776290233978,-1.81958480734376,0.87652614649826,2060.89216666667,621,511
-5.02020713652215,-1.86132616593158,0.877121272106379,2060.92553333333,621,511
-4.98241554207108,-1.84955741185149,0.879978378203558,2060.9589,621,511
5.00142980149037,-0.296361182796774,0.688068255731724,2064.72933333333,622,512
5.00142980149037,-0.296361182796774,0.688068255731724,2065.12973333333,623,513
5.00142980149037,-0.296361182796774,0.688068255731724,2065.1631,623,513
-4.74792382795426,-1.55072367241218,1.14327752250264,2071.40266666667,624,514
-4.80843993188939,-1.61667414504874,1.15183164288637,2071.43603333333,624,514
-4.79349365253358,-1.65087825095421,1.15960424798401,2071.4694,624,514
-6.03544098841701,-1.28868097062772,1.03445214235506,2072.60386666667,625,515
4.87982057530449,4.76410106296509,1.39084196025114,2073.30456666667,626,516
-5.73648636724865,2.27783740469075,0.951524353777238,2091.5895,627,517
-5.62189252860614,2.29788767228356,0.960071835249768,2091.72296666667,628,517
-5.64971160334116,2.31145867358783,0.964833318731613,2091.75633333333,628,517
-1.55269839643256,6.32193624812971,1.38731533216383,2099.5975,629,518
-1.52167616376112,6.28296459092029,1.39050293419302,2099.63086666667,629,518
1.68095831747856,3.57428925018228,1.16139730674517,2103.43466666667,630,519
1.70779992853453,3.57409213985806,1.16695268296786,2103.46803333333,630,519
1.72505199266928,3.55482161521481,1.16757760400966,2103.5014,630,519
1.75039035520388,3.55763448934984,1.17187256148849,2103.53476666667,630,519
1.76311511896729,3.52783402650922,1.16915130890803,2103.56813333333,630,519
1.79057709922835,3.54038750907701,1.17407694592501,2103.6015,630,519
1.79612251845977,3.51395495365994,1.17004575536719,2103.63486666667,630,519
1.80139449698796,3.48417778785748,1.1643236157801,2103.66823333333,630,519
1.81994526050947,3.48249440601765,1.16474015693585,2103.7016,630,519
4.04835660978195,4.66551526346778,2.29109470247621,2112.37693333333,631,520
3.39081964332201,-3.18546631652976,1.90591124853516,2113.4113,632,521
3.38954061566127,-3.18327371612876,1.90629395912645,2113.44466666667,632,521
3.38604922351828,-3.20412703559462,1.91634399503182,2113.67823333333,633,521
-4.29090763291504,5.25090205534124,1.53472455411363,2114.54576666667,634,522
0.835057549826841,-3.49879156240141,1.94255250450754,2117.5154,635,523
0.824106105800763,-3.47629231801231,1.93645833734158,2117.54876666667,635,523
0.768554354565012,-3.49582503392945,1.9397230716147,2117.74896666667,636,523
0.752313026743724,-3.45809126169134,1.93648439522161,2117.8157,637,523
0.741320599742372,-3.37937349474925,1.92191077662076,2117.88243333333,638,523
0.734843173943193,-3.42330787643328,1.93490288118771,2117.9158,638,523
1.73860124959887,-3.10994053851199,1.53231295043581,2121.45266666667,639,524
3.37308933438182,-4.24637964951657,0.954070376884009,2123.18773333333,640,525
3.38391106594011,-4.27301624718436,0.954104462515503,2123.2211,640,525
2.71443179154856,-4.3828820221209,1.21167105415813,2131.69623333333,641,526
-8.64614414287937,-0.208610725141779,1.09833642976393,2140.6385,642,527
-5.58674220523843,-0.599922972472935,1.15415047132445,2147.11163333333,643,528
-4.49876280094427,0.335816140721717,1.1462327387902,2149.7476,644,529
-4.47595841855137,0.343142605871096,1.13298635377864,2149.78096666667,644,529
-3.18569077702225,7.66450750455761,1.31868282896873,2151.08226666667,645,530
-2.36964731258686,0.625828856684762,1.09486223422669,2152.71723333333,646,531
-2.34932602170083,0.627362053713363,1.10195075230278,2152.7506,646,531
-2.33214368177716,0.63227426705748,1.10942406504046,2152.78396666667,646,531
-2.32617172922022,0.638615410140193,1.11828889787744,2152.81733333333,646,531
-2.30113482896389,0.648073908073135,1.12690072094066,2152.8507,646,531
-2.28343660001727,0.656720430809506,1.13703090144492,2152.88406666667,646,531
-2.27496842214431,0.664513069290192,1.14678491404049,2152.91743333333,646,531
-2.25662088634166,0.675887202708866,1.15344725622179,2152.9508,646,531
-2.23998276809829,0.687261677238509,1.16259279589261,2152.98416666667,646,531
-2.23589038355105,0.695363559592414,1.17276843149994,2153.01753333333,646,531
-1.05959319892119,1.92638723854497,1.19827201045107,2155.48666666667,647,532
-1.04604627022881,1.93882263908033,1.20301782138028,2155.52003333333,647,532
-1.03425510202826,1.94900057085127,1.20830857804087,2155.5534,647,532
-1.02789328224614,1.95894002467263,1.21368399428315,2155.58676666667,647,532
-1.01974521015463,1.96741444434435,1.21646335121126,2155.62013333333,647,532
-1.01808566769539,1.97762576544056,1.21928993880066,2155.6535,647,532
-1.01373015569273,1.98666011076558,1.21943612163754,2155.68686666667,647,532
-1.00862099702493,1.99462696667388,1.21888557200678,2155.72023333333,647,532
-1.00503002373286,2.00076953357819,1.2191774193429,2155.7536,647,532
-1.00467836297757,2.0065942769608,1.22004635301491,2155.78696666667,647,532
-1.00229310108379,2.01216367261274,1.21926454006495,2155.82033333333,647,532
-1.00559356282605,2.02040436245263,1.21915864091656,2155.8537,647,532
-1.00730692928593,2.0270646494807,1.21742629235873,2155.88706666667,647,532
0.601978292151932,2.499463198177,1.12293030089111,2158.68986666667,648,533
0.605574913585533,2.49496726734027,1.1256403985592,2158.72323333333,648,533
0.606786643379395,2.49199549401909,1.12912632611116,2158.7566,648,533
0.606915514806283,2.4909545254198,1.13279744878983,2158.78996666667,648,533
0.607416131634229,2.48841291435449,1.13360199765919,2158.82333333333,648,533
0.608819082999207,2.48328260601102,1.13240561496876,2158.8567,648,533
0.607293926574583,2.48198151451799,1.13060294372731,2158.89006666667,648,533
0.605683441939149,2.47445713515128,1.12779264039322,2158.92343333333,648,533
0.600497005533831,2.46872481271577,1.12661207533272,2158.9568,648,533
0.595651021799173,2.45949086252561,1.12432382003731,2158.99016666667,648,533
0.587507944883034,2.4523665929722,1.12230159470508,2159.02353333333,648,533
0.578462274957727,2.44591575640629,1.1193803894331,2159.0569,648,533
0.569959834347967,2.43644714280727,1.11526856170383,2159.09026666667,648,533
2.19419178084232,2.19659993548636,1.01593431288716,2161.7596,649,534
2.21548561968957,2.19504983589205,1.01229450163539,2161.79296666667,649,534
2.22808219855168,2.188309895744,1.00716688662391,2161.82633333333,649,534
2.2446028493847,2.18661557132161,1.00471549509533,2161.8597,649,534
2.25817192718761,2.18368531985819,1.0015357716795,2161.89306666667,649,534
2.26792021824213,2.18098799352913,0.999022901724257,2161.92643333333,649,534
2.27852620262165,2.18053950485199,0.997281221911409,2161.9598,649,534
3.38396630609114,-4.2731408045179,0.955417851944775,2180.14463333333,650,535
1.87500863200846,1.14605379798783,1.04805015653812,2181.0789,651,536
1.84429744135384,1.15436894336724,1.04567379032116,2181.11226666667,651,536
1.81158664953061,1.16713895352346,1.0418824442216,2181.14563333333,651,536
1.33949378823056,2.06070078599939,0.711037149623834,2182.24673333333,652,537
1.34059040122518,2.10105209072671,0.711920953586778,2182.2801,652,537
0.994946005987135,2.64979121192196,0.635065056066713,2183.44793333333,653,538
0.991123888263225,3.44830509976564,0.61162952084806,2184.6825,654,539
6.61196318950502,2.54073141205173,1.87336560794478,2187.81896666667,655,540
6.54991425893203,2.54552534983172,1.87741105189523,2187.85233333333,655,540
-1.75511538903113,6.09157260718632,0.587679447977031,2190.62176666667,656,541
-0.398523959392586,4.59532424376242,0.443179501791226,2193.85833333333,657,542
-0.648201127813153,5.70146159227987,0.456929386858136,2197.02816666667,658,543
-0.620140290407317,5.65666331983221,0.41416126219307,2197.0949,659,543
-0.603160963560205,5.62676239378378,0.386912632572369,2197.12826666667,659,543
-2.52462678440691,6.25945761523003,1.04812011182638,2197.26173333333,660,544
-2.44303061608111,5.26312914963469,0.801593088038615,2198.2961,661,545
-0.370365338265122,5.47612356580873,0.796618322207431,2201.0989,662,546
-0.367035676366664,5.47250486355641,0.799949384454315,2201.13226666667,662,546
-0.355770972270994,5.44107216977293,0.801516463589037,2201.16563333333,662,546
5.03217512223122,-4.34520669189488,2.76094968721617,2201.63276666667,663,547
2.66114181036631,-4.11200071718451,0.924372627927447,2206.33746666667,664,548
2.63987650696527,-4.01534988597469,0.934926031839697,2206.37083333333,664,548
2.08688802169172,-2.88628956887749,1.16879487166906,2208.4062,665,549
2.06009595459533,-2.87266270421195,1.17155371436376,2208.43956666667,665,549
2.03344408061379,-2.8631165432349,1.17583795123636,2208.47293333333,665,549
2.0361677372061,-2.93328287976256,1.18818044289817,2208.5063,665,549
2.0422097376285,-2.98117410367121,1.19397391461908,2208.53966666667,665,549
1.26328950271354,-2.35432009897149,1.05866141070469,2210.9087,666,550
1.24579513630126,-2.37338490383272,1.051970283732,2210.94206666667,666,550
1.22490474349641,-2.36195673057727,1.04279232112049,2210.97543333333,666,550
1.20912151050684,-2.37975355755874,1.03801010365295,2211.0088,666,550
1.20181136555483,-2.43093477257983,1.03400776746069,2211.04216666667,666,550
1.19678173114378,-2.46644164031539,1.02534024198711,2211.07553333333,666,550
1.19316810355351,-2.47847266975403,1.00670450040062,2211.1089,666,550
1.18885561656369,-2.47440893993277,0.983141284612577,2211.14226666667,666,550
-3.38435497246603,5.52181332182001,0.260720434802429,2227.55866666667,667,551
-3.38434211442118,5.41067317274808,0.739696219833006,2228.5263,668,551
-0.00676806382832384,4.78165781577152,0.65311757016247,2228.7265,669,552
-0.0112530243115332,4.76227935216734,0.659844829166841,2228.75986666667,669,552
-0.0257672417055361,4.7868941264989,0.663931055978901,2228.79323333333,669,552
-4.21149108099989,6.14909256970355,0.538480499231952,2230.49493333333,670,553
0.854110676555899,5.38016266141576,0.831822666245286,2231.1289,671,554
0.80783297243653,5.39230677516054,0.85676886938369,2231.19563333333,672,554
10.150512298906,-1.50269532865241,2.04683427357731,2245.7435,673,555
1.11025779002919,-2.05680088908376,0.522642506639313,2273.3711,674,556
4.72243148702715,-0.627946505456986,0.701890585626949,2279.9777,675,557
4.73359805199225,-0.630516071384422,0.703268308001775,2280.04443333333,676,557
4.72330842711511,-0.61663987230148,0.703243104871687,2280.21126666667,677,557
4.72886284391768,-0.620009529938486,0.701542386420808,2280.24463333333,677,557
4.72886284391768,-0.620009529938486,0.701542386420808,2280.31136666667,678,557
4.73861305204421,-0.622023555602983,0.700563079067299,2280.34473333333,678,557
4.73861305204421,-0.622023555602983,0.700563079067299,2280.3781,678,557
1.10830326492873,-2.08625720739437,0.520671814350593,2281.54593333333,679,558
1.25204078118367,-2.23631414262974,0.757119034653657,2287.71876666667,680,559
1.27154890804175,-2.26437702521589,0.783069902881978,2287.7855,681,559
1.28011378308681,-2.28076998301017,0.798384544312663,2287.81886666667,681,559
2.54405629290014,-3.42187410228441,1.09491265809793,2290.92196666667,682,560
2.53393320925751,-3.40284748648,1.1046597439171,2290.95533333333,682,560
3.07695245761973,-3.15820524645716,1.1644469542513,2292.55693333333,683,561
2.33233826152806,-2.8842417498625,0.691188089722783,2294.42546666667,684,562
3.3788530858124,-4.27966546516492,0.951498442222854,2310.27463333333,685,563
3.38948291351702,-4.30033620170602,0.952164042071133,2310.308,685,563
3.36972592129433,-4.26450974495559,0.950629322503581,2310.34136666667,685,563
3.38932050136393,-4.31815273783528,0.952440078103067,2313.94496666667,686,564
3.3716505880272,-4.27233601132502,0.952135076922838,2313.97833333333,686,564
3.38867192513133,-4.31096313810522,0.955771682533713,2314.0117,686,564
3.34535541864567,-4.21709354636989,0.949106030386527,2314.24526666667,687,564
3.36324113978971,-4.26139498674027,0.950582766938331,2314.27863333333,687,564
2.12983238202793,-2.61020764706116,1.05059016719702,2315.37973333333,688,565
2.110070257371,-2.59080463163396,1.06432493598715,2315.4131,688,565
2.08149917862114,-2.56207326120175,1.08174793446531,2315.44646666667,688,565
2.05111440008535,-2.5356727389918,1.09585884486798,2315.47983333333,688,565
2.02334286469241,-2.52844637862481,1.11100303071867,2315.5132,688,565
2.00355563101057,-2.54446747232367,1.12506417483824,2315.54656666667,688,565
1.98261532393398,-2.55097302485014,1.1370341304817,2315.57993333333,688,565
1.96984781165922,-2.57330459787016,1.15174487441202,2315.6133,688,565
10.1894917669163,-1.5259476940892,2.05706355730253,2322.8205,689,566
0.293035981269904,5.81501513484817,0.331317416708674,2323.88823333333,690,567
0.272303098377464,5.82949657698946,0.331700995357651,2335.66666666667,691,568
0.271842364205428,5.83162739571174,0.330095386529846,2335.70003333333,691,568
5.06150310026572,-0.372136320575361,0.76687593399366,2336.9346,692,569
-5.5633661936016,8.00522313219223,0.252331072374225,2337.9356,693,570
0.685627617282712,5.52884164140746,0.499906843714467,2339.07006666667,694,571
0.701757771605044,5.55052087665932,0.507317127893932,2339.10343333333,694,571
0.723366579046116,5.54832944476741,0.516759310999515,2339.1368,694,571
0.74556759535724,5.54262121634083,0.523732354554794,2339.17016666667,694,571
0.763086612053841,5.60845556263895,0.525988333114341,2339.20353333333,694,571
0.791196032704138,6.5284248569,0.50679366602656,2339.30363333333,695,571
0.816407478328267,6.5957843690738,0.510843280252779,2339.337,695,571
0.838855602092764,6.45062791741767,0.524611076490746,2339.37036666667,695,571
0.856357025342817,6.36587220212407,0.533936770007005,2339.40373333333,695,571
0.868597418842742,6.30227682453619,0.5410100245566,2339.4371,695,571
0.87835032662105,6.22678409973663,0.547189665996142,2339.47046666667,695,571
5.05934068885639,-0.368753495448711,0.822791415066973,2347.21153333333,696,572
5.03256057479149,-0.36528926789471,0.821297534714443,2347.37836666667,697,572
5.06247384251705,-0.375928453321702,0.821035171757766,2347.41173333333,697,572
5.06247384251705,-0.375928453321702,0.821035171757766,2347.4451,697,572
5.05261033607914,-0.369767302802813,0.819030268789327,2347.47846666667,697,572
1.61471579279245,3.12152619650442,0.995928669571373,2351.48246666667,698,573
1.62037346655395,3.09210794231913,0.995532292090429,2351.51583333333,698,573
1.63213829157294,3.07757858354495,0.999558607011138,2351.5492,698,573
1.64119525350649,3.05534201694174,1.00129933936545,2351.58256666667,698,573
1.65595092046144,3.04095891702322,1.00240611169604,2351.61593333333,698,573
-0.873904209138709,4.05575458414241,1.2301192589951,2354.08506666667,699,574
-0.921560118730389,4.09568444760192,1.22775291190115,2354.11843333333,699,574
-0.987698151086611,4.16304552614453,1.22963585771763,2354.1518,699,574
5.04381572881647,-0.406069833835223,0.766553225074922,2354.1518,700,575
5.03119130172454,-0.402526300188431,0.76793594803899,2354.4521,701,575
5.04381572881647,-0.406069833835223,0.766553225074922,2354.48546666667,701,575
5.03872318321477,-0.403513320166456,0.767869961972092,2354.51883333333,701,575
-2.78920978444248,9.79810254889735,0.645009918237278,2378.8765,702,576
3.36017173488536,-4.24850226512044,0.95771065953235,2391.15543333333,703,577
3.36140364370523,-4.24830792653927,0.95518780472886,2391.1888,703,577
-4.84052249317295,-6.48214835595684,0.895433516515027,2391.32226666667,704,578
0.457809349888672,0.373966896176116,0.817181985424325,2496.3939,705,579
2.19437767727411,1.33429946046556,0.839587167102879,2702.16613333333,706,580
2.28485351429189,1.37103620733467,0.842399495640591,2702.33296666667,707,580
6.12318191286118,-3.09169771193524,0.895557090125576,3052.21583333333,708,581
-5.79257633782286,9.3053689858636,0.571072810839793,3106.53676666667,709,582
-3.11625474907454,7.86357434581658,1.13759377105276,3109.13936666667,710,583
-3.04516661725727,7.79914293238264,1.15235683580159,3109.17273333333,710,583
-3.07142331446811,7.89054249923417,1.1756491757692,3109.2061,710,583
-3.04549527552937,7.89026163656712,1.191553723545,3109.23946666667,710,583
6.12853484353846,-3.07687227523013,0.849049390934828,3113.44366666667,711,584
5.40342664124902,-1.37504646260058,1.14739716089259,3131.36156666667,712,585
5.40019365897766,-1.36493448582479,1.15608241098376,3131.4283,713,585
0.314861633464289,7.87148959105412,0.654437684262828,3132.46266666667,714,586
0.334085827654526,7.91415955661656,0.661393464808156,3132.49603333333,714,586
-6.90345100280192,-1.3090479459382,2.13865149963347,3132.79633333333,715,587
0.803064348990726,1.53750102253413,0.763198844479939,3135.56576666667,716,588
0.978027163904522,6.57246867798206,0.666746712715779,3135.59913333333,717,589
1.02469461756906,6.84587415153889,0.705435432589463,3135.79933333333,719,589
1.02819549800853,6.70921833228157,0.716068104156217,3135.8327,719,589
1.03081512507493,6.46303299460119,0.728142419737318,3135.86606666667,719,589
1.04417780503944,6.66251554277876,0.739204622043581,3135.89943333333,719,589
-5.37321772591605,-0.444611896891359,1.09325211927762,3135.59913333333,718,590
-1.13044401286781,8.13460930312001,0.957751889398319,3138.16836666667,720,591
-1.10833718394804,7.99396004279143,0.960305991419786,3138.20173333333,720,591
-1.09645764705394,7.82262640211889,0.969869874763258,3138.30183333333,721,591
-1.09292110991688,7.76613383684685,0.973866964565877,3138.3352,721,591
-3.60378285204134,0.566259551016899,0.896831462270076,3138.3352,722,592
-3.63547142432077,0.572807428401458,0.891592118335649,3138.36856666667,722,592
-3.63492001782137,0.581879667973668,0.887041593306766,3138.40193333333,722,592
-3.65281573961737,0.587796829647378,0.87891708068108,3138.4353,722,592
1.25393265920406,5.25690949965885,0.981079348040198,3140.137,723,593
1.24691431104371,5.17608869059251,0.972196806896785,3140.17036666667,723,593
1.25050700264121,5.20754163735846,0.967839965850715,3140.20373333333,723,593
1.25702528388905,5.30107077771296,0.966726385489462,3140.2371,723,593
1.26752358399414,5.49410779350827,0.972383210078426,3140.27046666667,723,593
1.25006717139126,5.34340431170362,0.960055920171729,3140.30383333333,723,593
1.25258692016854,5.41267124188298,0.960319898334875,3140.3372,723,593
1.24486474788334,5.37712011908693,0.956550721996398,3140.37056666667,723,593
1.24265609191058,5.38504905095458,0.954595999867632,3140.40393333333,723,593
1.24397141031014,5.4850129876559,0.956395031844271,3140.4373,723,593
1.23393795556762,5.42116274763643,0.952876084899174,3140.47066666667,723,593
1.23703503371487,5.57958550112594,0.957868406015996,3140.50403333333,723,593
1.21820617566479,5.53318239927782,0.94950336335759,3140.57076666667,725,593
-2.71818861480967,6.38351970110627,0.766328506615474,3140.5374,724,594
-2.76415293091827,6.23274506189244,0.739626192183271,3140.60413333333,726,594
-2.89815282554239,6.31765619286546,0.726971966485271,3140.6375,726,594
-2.89997361424648,6.21464411183774,0.71864614974738,3140.67086666667,726,594
-3.0324338479333,6.28314641446933,0.707312029908303,3140.70423333333,726,594
1.05870237377011,4.20212428753324,1.03918649722893,3143.37356666667,727,595
1.05796470992909,4.11857059751969,1.02862682882112,3143.40693333333,727,595
1.06033758698905,4.07628020395013,1.02078587211111,3143.4403,727,595
1.06497445714847,4.07268243936796,1.01546617358926,3143.47366666667,727,595
1.06855852996376,4.08328710101146,1.01131205318022,3143.50703333333,727,595
1.07327259530715,4.12855370036755,1.01154527153891,3143.5404,727,595
1.0762011943729,4.16063473926213,1.01050733008323,3143.57376666667,727,595
1.07506744819366,4.11407376550088,1.00275347827351,3143.60713333333,727,595
1.07765266915257,4.12871165990506,0.998460926881247,3143.6405,727,595
1.07861844495194,4.15083383029399,0.995295422447969,3143.67386666667,727,595
1.07983983824084,4.20065006203501,0.992836234777726,3143.70723333333,727,595
1.07922887719292,4.21916936654093,0.990269354259326,3143.7406,727,595
1.07728883376332,4.25145963709968,0.988070998183655,3143.77396666667,727,595
1.07291349923495,4.19941331437115,0.978443674624228,3143.80733333333,727,595
1.06791534310745,4.11491892068699,0.965080273600952,3143.8407,727,595
-4.94901528108977,2.60195339549838,0.970800546785941,3144.40793333333,728,596
-5.13778672555071,2.42101503901495,0.837354535973291,3147.71123333333,729,597
-5.11393020715454,2.40859892954947,0.84115394860481,3147.7446,729,597
-5.11575905285287,2.40415799305059,0.843679131638076,3147.77796666667,729,597
-3.63010219067623,1.5835501160823,1.00273191929773,3150.41393333333,730,598
-3.58174688747872,1.5862102393246,1.02747770994988,3150.48066666667,731,598
-3.54659773965414,1.58324296700375,1.02807219398564,3150.5474,732,598
-3.51505745978365,1.58328801096317,1.02603021771939,3150.58076666667,732,598
-3.5053358382182,1.58000068145734,1.02896054006676,3150.61413333333,732,598
-3.48723738029452,1.57884964227118,1.03244107483439,3150.6475,732,598
-3.46179743869847,1.57406615782076,1.0385273092117,3150.68086666667,732,598
-3.44578810295713,1.57109163248517,1.04114259239405,3150.71423333333,732,598
4.32387504559499,3.49203501570972,0.711174707601598,3150.61413333333,733,599
4.3134483407611,3.50975028501894,0.709462943043247,3150.6475,733,599
4.30232188177352,3.5272835796374,0.709197168244865,3150.68086666667,733,599
4.2462261795819,3.51612036834348,0.709897469821674,3150.71423333333,733,599
4.22517056029616,3.52818054191986,0.71016037155897,3150.7476,733,599
4.22408918358171,3.57521285740278,0.716675255444186,3150.81433333333,734,599
-1.76504481126416,4.01607299488751,0.303548058752537,3151.88206666667,735,600
-4.11283805587285,0.224204026681879,1.01618478982465,3153.2501,736,601
-4.04697082428356,0.101607343491205,1.09199628828755,3153.51703333333,737,601
2.54701840966296,1.36390832994246,1.79136525763973,3153.61713333333,738,602
2.55046024937758,1.33395237727794,1.80813687029227,3153.6505,738,602
2.5509180973115,1.30521166199858,1.82230394405703,3153.68386666667,738,602
2.56205877794054,1.27744861557682,1.84390386162782,3153.71723333333,738,602
2.56321354557875,1.25326858270619,1.85829993076587,3153.7506,738,602
2.54807001932422,1.22511228794045,1.86505853860714,3153.78396666667,738,602
2.56008484525589,1.1997811160713,1.88821134245662,3153.81733333333,738,602
2.57887176051515,1.17332551170963,1.91639031020978,3153.8507,738,602
2.57337618164147,1.14551569846915,1.92807323820329,3153.88406666667,738,602
2.57014929324925,1.11974689471766,1.93847090735805,3153.91743333333,738,602
2.56714988142565,1.09828640621604,1.94439276683585,3153.9508,738,602
-4.53545584912033,1.20344030806787,0.627786742904639,3160.59076666667,739,603
-4.50752771244713,1.20134714476511,0.615518098894242,3160.62413333333,739,603
-1.30044504276707,8.3566734981618,0.317485691822802,3174.13763333333,740,604
-1.26654908303741,8.32316405447981,0.317979045232266,3174.171,740,604
3.38108955031731,-4.28661032308456,0.956454616217372,3175.7726,741,605
3.38189723907911,-4.28812519966485,0.958457461148643,3175.80596666667,741,605
0.300861780816966,8.44853375641885,0.517253768134273,3176.60676666667,742,606
-4.68173327624417,10.4949925653026,0.00902223838272953,3178.34183333333,743,607
-4.94643260999429,-1.68642814315024,1.43323592110754,3180.71086666667,744,608
-5.49942282982519,3.07312884423911,0.301451736567028,3203.0999,745,609
-5.46037584098514,3.06427653375553,0.304220691973423,3203.13326666667,745,609
-5.47445069831914,3.06938876821954,0.306538950799783,3203.33346666667,746,609
-5.47445069831914,3.06938876821954,0.306538950799783,3203.36683333333,746,609
-1.35529524410098,4.80138535343926,0.343495729016342,3239.70313333333,747,610
-1.32203343269665,4.76273854810843,0.35129782397421,3239.7365,747,610
-1.30903130155509,4.7559119336359,0.356434135769892,3239.76986666667,747,610
-1.2783548987077,4.72672743988804,0.364186022899865,3239.80323333333,747,610
-1.26248253700541,4.72263065282042,0.365483015667724,3239.8366,747,610
-5.43560238979068,3.0660337421982,0.311517631449607,3242.77286666667,748,611
-5.43560238979068,3.0660337421982,0.311517631449607,3242.8396,749,611
-5.51359902326265,3.08380530157463,0.306053867715744,3242.90633333333,750,611
-5.14420048755171,3.10686067129345,0.433501479620571,3249.01243333333,751,612
-5.09565005396397,3.09037023820552,0.441181344998867,3249.0458,751,612
-5.13319840584597,3.09991791959737,0.44405849514949,3249.07916666667,751,612
-3.64569340341805,-2.09674161331153,1.10287812103283,3308.57193333333,752,613
-3.55534824074591,-1.99565588922604,1.10115398616227,3308.6053,752,613
-3.58476208441184,-1.94263748768259,1.11642470342281,3308.67203333333,753,613
-2.167860681724,-1.25251100193789,1.3481115023834,3316.14616666667,754,614
-2.09033437807941,-1.10432597073059,1.32202851773539,3316.17953333333,754,614
-2.37067457282692,-1.25081388076964,1.36716080130437,3316.2129,755,614
-1.46804245911566,5.92982237691827,0.381683316620893,3324.7214,756,615
-1.43481274518949,5.87489894489215,0.372653100155741,3324.78813333333,757,615
-1.37482045998862,5.77861135380297,0.371479290935239,3324.8215,757,615
-1.35623772869103,5.75640818254667,0.363217079403974,3324.85486666667,757,615
-4.16151651515529,3.91786217831187,1.07215829555826,3327.29063333333,758,616
-4.3177747808118,3.94835432948357,1.07425485903707,3327.324,758,616
-4.45000914073921,3.96659710643617,1.07850308655104,3327.35736666667,758,616
-3.8315859077795,4.50546977285684,1.03182736848995,3369.23253333333,759,617
5.3356930756673,9.98015081193382,0.611887107035765,3373.37,760,618
1.02531258441943,1.57529558594663,0.833471395523952,3515.7122,761,619
1.02744721292531,1.57380146158718,0.834649520514645,3515.74556666667,761,619
1.35538386209517,1.61268465071367,0.864309457463764,3716.97993333333,762,620
-6.32212558818181,3.2694362331589,0.269607252218406,3864.72753333333,763,621
-6.18695014763956,3.21008131993179,0.284510571824003,3874.50396666667,764,622
-6.23240461153183,3.22600922923847,0.279744854327895,3874.63743333333,765,622
-5.59116790595635,1.5387374547892,1.17961379750704,3951.61433333333,766,623
-4.22819932799259,3.48522676726717,0.93136838045966,3953.8499,767,624
-4.19883985436385,3.50878754857208,0.903817556979125,3953.88326666667,767,624
-2.42146498480042,3.99381490456501,0.69062723338537,3955.91863333333,768,625
-2.37281743052334,3.97122997057463,0.701676895934743,3955.952,768,625
-2.31853006150244,3.95626041684976,0.716343424484026,3955.98536666667,768,625
5.7700306712584,6.88277102132399,0.734308559587725,3964.89426666667,769,626
-2.31528658187611,7.30566592182003,0.547545245758632,3966.82953333333,770,627
-2.31965194545906,7.31475452941644,0.559111420079435,3966.8629,770,627
6.22020989138126,5.61933594665614,1.23273578160318,3969.53223333333,771,628
0.668243166990914,4.86791047291678,1.12969358592814,3972.4685,772,629
0.661654631640643,4.83240226314127,1.1254377284606,3972.50186666667,772,629
0.657560516190521,4.78412484259044,1.11740437312953,3972.53523333333,772,629
0.649577110167646,4.79896098940436,1.11483918463009,3972.5686,772,629
0.642962637756417,4.78340082341976,1.11122446585091,3972.60196666667,772,629
0.633113759127883,4.79775755121057,1.10907207745926,3972.63533333333,772,629
1.44099662476498,3.51740258344066,1.14527782430467,3975.4715,773,630
1.47931479595136,3.56325640399626,1.17480564651919,3975.50486666667,773,630
1.52797524398448,3.62533456179291,1.21379516357373,3975.53823333333,773,630
1.55825935049424,3.61796102583905,1.23882866513454,3975.5716,773,630
1.59117657655595,3.62005934305809,1.26356811126715,3975.60496666667,773,630
1.63155504875777,3.64329669759529,1.29332627310051,3975.63833333333,773,630
1.65162490154458,3.61044213007334,1.30752024925329,3975.6717,773,630
1.66837715478414,3.57433416571064,1.31803083049061,3975.70506666667,773,630
1.67757021533074,3.52707283944113,1.32159493844666,3975.73843333333,773,630
1.70574527225995,3.53353917816898,1.33736302743293,3975.7718,773,630
1.72049774025981,3.51990490205438,1.34643085776814,3975.80516666667,773,630
1.74049214760239,3.52647046066264,1.36224838123075,3975.83853333333,773,630
1.75425033976378,3.52797980372642,1.37630741448212,3975.8719,773,630
1.76171036696456,3.5103420504993,1.3852198610797,3975.90526666667,773,630
3.63400821571891,-8.25036471768039,1.62501256862428,3977.3734,774,631
0.513185825815173,-5.32173922988088,1.66529571951455,3979.64233333333,775,632
0.49022567396509,-5.53476073464291,1.69191302435846,3979.6757,775,632
0.476702185663399,-5.50151083290811,1.68664979968843,3979.70906666667,775,632
-1.98746424888672,3.96527001825617,0.735912501619574,3982.21156666667,776,633
-1.96845993951836,3.97827267235381,0.747192448069978,3982.24493333333,776,633
-0.612517012521716,4.55115456585341,0.855730429960238,3983.84653333333,777,634
-0.576027973366788,4.54290857641376,0.860678961124787,3983.8799,777,634
-0.55336013964616,4.56167999123361,0.866319478937804,3983.91326666667,777,634
-0.547518167209666,4.61071801265039,0.872045971922103,3983.94663333333,777,634
-0.540703301606177,4.65796503498566,0.883358016922675,3983.98,777,634
-0.471864998002959,4.61851163177996,0.907243650993642,3984.04673333333,778,634
1.18480139557985,4.90059342679782,1.29343776388056,3986.01536666667,779,635
1.20059009940328,4.90358410095624,1.28941653880607,3986.04873333333,779,635
1.2404359193688,5.05086864186033,1.30305321913177,3986.11546666667,780,635
1.26199896546368,5.12344423717308,1.30915074239014,3986.14883333333,780,635
1.26956094945354,5.07748908125951,1.30300574239682,3986.1822,780,635
1.28632051116741,5.06051165643832,1.29647055356321,3986.21556666667,780,635
1.3084708243981,5.11533382610716,1.30538729078434,3986.24893333333,780,635
5.96236193415034,3.41781841518686,1.26411363217657,3986.84953333333,781,636
6.01359255752093,3.40888268883103,1.25574495484862,3986.8829,781,636
6.0146419547464,3.37608893537335,1.23067796128346,3986.91626666667,781,636
6.03825623358135,3.35485291406037,1.20163949541196,3986.94963333333,781,636
6.027584303243,3.32381714383512,1.16563952248601,3986.983,781,636
5.94249513302395,4.80816345448745,1.55419603730805,3987.55023333333,782,637
6.0732889265548,4.86427358923746,1.57946561843209,3987.5836,782,637
6.04774687006083,4.79804060364582,1.58104302292973,3987.61696666667,782,637
6.04075846442788,4.75202057489842,1.58188990391025,3987.65033333333,782,637
6.07686304212725,4.73274350291696,1.59474615650628,3987.6837,782,637
6.03675938570735,4.66719451458694,1.59174029741872,3987.71706666667,782,637
6.08512706558518,4.65694220665624,1.60471264260717,3987.75043333333,782,637
6.11230549905363,4.64024118165413,1.61290906817667,3987.7838,782,637
6.06277284655657,4.56623536161795,1.60883159037522,3987.81716666667,782,637
6.11733364754861,4.56813535509382,1.62216672522803,3987.85053333333,782,637
6.12735304232939,4.54075306589013,1.6296741143905,3987.8839,782,637
3.64887455588756,6.22740247987047,1.85654440806376,3987.91726666667,783,638
3.75682562684641,6.33224399895648,1.89401485786233,3987.95063333333,783,638
6.57828584769885,1.38468664990093,2.45563422548078,3990.3864,784,639
6.60866990187983,1.34870562032428,2.45914774769104,3990.41976666667,784,639
6.54986348197648,1.22090186201811,2.40325672955386,3990.55323333333,785,639
8.88568112894944,1.72110729328262,1.03193538957963,3994.05673333333,786,640
7.13466716508193,2.94345367277529,0.746514671177223,3995.52486666667,787,641
4.80682206232039,-1.30538085272013,1.64222060684949,4015.87853333333,788,642
4.79807383940208,-1.28683557471691,1.66241751807323,4015.9119,788,642
4.75074067524369,-1.24364669614678,1.67560808528289,4015.94526666667,788,642
4.7250776603608,-1.21429298378578,1.69474575192605,4015.97863333333,788,642
4.6985729065193,-1.18704053570752,1.7151718579434,4016.012,788,642
2.24422104651845,0.559290455617276,2.31457818208268,4017.48013333333,789,643
2.1862610711827,0.583991740064394,2.32299147388004,4017.5135,789,643
2.12573914413395,0.607751819090647,2.33168628101488,4017.54686666667,789,643
2.06214788756142,0.630679153610721,2.33693390834472,4017.58023333333,789,643
2.00331801736485,0.650013160612777,2.34826493289166,4017.6136,789,643
1.94597820200267,0.665383204274731,2.35985290313406,4017.64696666667,789,643
1.88829699936879,0.678707022840091,2.36605720104417,4017.68033333333,789,643
1.8283143415047,0.692314737120128,2.36558026047974,4017.7137,789,643
1.76955471382227,0.705742642834319,2.36197751614203,4017.74706666667,789,643
1.7122151713999,0.719093315735377,2.35736533347939,4017.78043333333,789,643
1.65703914276877,0.733200174174614,2.3480213114285,4017.8138,789,643
1.60300288948285,0.747940482074866,2.33773979903643,4017.84716666667,789,643
1.55802286403791,0.761394977623426,2.32869487746862,4017.88053333333,789,643
1.08347934601885,0.977332702448883,2.27172064206977,4019.34866666667,790,644
1.07584017447134,1.00001228785085,2.25603773420059,4019.38203333333,790,644
1.07007057710114,1.02385367988356,2.24076134599244,4019.4154,790,644
1.06689903878982,1.05035978104734,2.21517906575745,4019.44876666667,790,644
1.06814552702719,1.07727519492483,2.19951720277677,4019.48213333333,790,644
1.07265875260013,1.10117942017988,2.18738382590928,4019.5155,790,644
1.08141184060552,1.11848425882145,2.18313892572773,4019.54886666667,790,644
1.09464599504316,1.13017251040068,2.17488632486873,4019.58223333333,790,644
1.11049809225473,1.13849497917517,2.15544671656759,4019.6156,790,644
1.12969362432092,1.14665751137265,2.12970286446469,4019.64896666667,790,644
1.1527702721528,1.15382242685648,2.1084742096652,4019.68233333333,790,644
1.17760455887683,1.15960119104712,2.0892670848592,4019.7157,790,644
1.20155347521278,1.16426983120479,2.07395362778768,4019.74906666667,790,644
1.22577436443552,1.16908195297321,2.06730557905214,4019.78243333333,790,644
1.24998324032399,1.17334773705829,2.06624893860169,4019.8158,790,644
2.16253108506174,0.927732954373095,1.07891778609507,4021.28393333333,791,645
2.16855503693147,0.923805921104776,1.07441925634446,4021.3173,791,645
2.17074961524062,0.91860560543216,1.0708821163158,4021.35066666667,791,645
2.17008060105074,0.914298963199005,1.06725172005776,4021.38403333333,791,645
2.17218629666026,0.910622330241539,1.06384651860132,4021.4174,791,645
2.17831372896779,0.906216022421629,1.06168585810283,4021.45076666667,791,645
2.18774892676325,0.902113573600226,1.05958490885875,4021.48413333333,791,645
2.19512902590078,0.898331002879586,1.0562690037206,4021.5175,791,645
2.20619711684968,0.893519225126303,1.05398290603673,4021.55086666667,791,645
2.21869956675785,0.887253396724942,1.05233926393046,4021.58423333333,791,645
2.22506369195575,0.882306224498892,1.05157551369227,4021.6176,791,645
2.35904511995621,0.284573007016893,1.20683754241322,4023.3193,792,646
2.34756635259083,0.266526506199507,1.22404051417117,4023.35266666667,792,646
2.32766919224525,0.247964688251654,1.24002309998705,4023.38603333333,792,646
2.17915937612007,0.173622079439545,1.25237474703611,4023.55286666667,793,646
2.16489898256615,0.154837262515101,1.24833133801729,4023.58623333333,793,646
2.14535126549054,0.137128112955639,1.23995473687799,4023.6196,793,646
1.84922642116704,-0.936939365988601,0.935776539359388,4025.3213,794,647
1.82834639475643,-0.947305895963704,0.930667269869222,4025.38803333333,795,647
8.45617849266668,-17.6745765412528,2.12873054224175,4065.6616,796,648
3.02907788173784,-3.66241137000817,1.03069784604354,4067.53013333333,797,649
3.15932404333489,-3.71366984933599,1.03860202587427,4067.5635,797,649
1.61418527934562,-2.22975801601692,0.917983413903451,4067.5635,798,650
1.13780983792051,-2.34448569754012,1.24752414338369,4068.1641,802,650
0.703298013217892,0.818004231158626,0.805048077007299,4067.7637,799,651
0.715835201136872,0.809261373773853,0.806755583070778,4067.79706666667,799,651
0.671706138729825,-0.76109492227326,1.01086169936848,4068.03063333333,800,652
0.727714134254842,-1.28122624944117,1.08293359812985,4068.064,801,652
1.98061001098006,0.491936115736716,0.897139123007032,4068.73133333333,803,653
4.78241691582098,0.74114151131709,0.97444836571678,4068.83143333333,804,654
4.80070935375783,0.737889930112796,0.975396167773378,4068.8648,804,654
4.78604395820488,0.741091738829408,0.975011989235636,4068.89816666667,804,654
4.80023249884821,0.737876543971847,0.975777568739128,4068.93153333333,804,654
2.42374785240418,-0.90610670424936,0.583912571868432,4070.13273333333,805,655
10.9884050721866,1.94306848441161,1.03582399381387,4072.8688,806,656
2.42244481631845,-0.909864873046698,0.608819263833384,4073.43603333333,807,657
7.59487479653001,-0.179809844077653,2.16929393998744,4088.15073333333,808,658
7.5103288079668,-0.219247750279201,2.15558226081117,4088.1841,808,658
7.48286874847199,-0.274506954611242,2.15774272927088,4088.21746666667,808,658
7.36179929486037,-0.308954177154913,2.13726531478945,4088.25083333333,808,658
7.33731173976367,-0.365246100073525,2.13062661800633,4088.2842,808,658
7.28072816803208,-0.407682728752872,2.11662968742347,4088.31756666667,808,658
2.34120198528163,-2.94889137761731,1.02055072187573,4097.4934,809,659
2.38066990193521,-3.0187086097728,1.04103667369826,4097.52676666667,809,659
2.39577675157943,-3.04078445695199,1.0567144451297,4097.56013333333,809,659
2.40452204629987,-3.04166114553164,1.07131933100323,4097.5935,809,659
2.37766317217254,-0.816998500637393,0.584822337606375,4097.96053333333,810,660
2.56934181429757,-2.63305050906169,0.992851445386296,4099.16173333333,811,661
2.56218756173123,-2.59085983307214,0.964763410715593,4099.1951,811,661
2.57193601246296,-2.58321855191741,0.93458373138066,4099.22846666667,811,661
2.5802840136974,-2.57788475494396,0.905758429151168,4099.26183333333,811,661
2.4524021371467,-0.740268468699051,0.554103662861278,4101.63086666667,812,662
2.45038642667914,-0.740150548337888,0.553350445490529,4101.66423333333,812,662
0.986492978657205,-1.34211742802781,0.687419558468615,4126.58913333333,813,663
0.991228154329397,-1.35499791015347,0.68909828400349,4126.6225,813,663
0.996667051298128,-1.3326697258777,0.695841206533454,4126.65586666667,813,663
1.00374864689955,-1.35095239554715,0.703631547454068,4126.68923333333,813,663
1.00773335360673,-1.34587427821298,0.71388511613604,4126.7226,813,663
1.01248659982398,-1.34702095661078,0.724726463422519,4126.75596666667,813,663
7.59783822302536,1.12837133572927,1.47675968754568,4129.15836666667,814,664
1.17738717047594,-1.5762767944113,1.42865081602115,4130.4263,815,665
1.18294504558031,-1.60887625461579,1.43810591689568,4130.45966666667,815,665
1.18427501534873,-1.65795401104154,1.45416337879709,4130.49303333333,815,665
1.17772061337046,-1.68546716376273,1.46457681931222,4130.5264,815,665
1.17216116175939,-1.7351321425081,1.47509803454623,4130.55976666667,815,665
13.0139835372936,-6.28306445328714,2.86187293344019,4135.9318,816,666
2.58680150195196,6.58660290917352,3.28273716968771,4142.20473333333,817,667
2.50708937950367,6.42095146216366,3.21921223338159,4142.2381,817,667
2.43132400611924,6.29040887414653,3.16588830846216,4142.27146666667,817,667
2.37366308175429,6.24422483502355,3.15195772984198,4142.30483333333,817,667
2.31305168626773,6.1999189601655,3.13624059466371,4142.3382,817,667
2.24920087227105,6.12651651376475,3.10362805058243,4142.37156666667,817,667
-0.0973146106473782,3.59827339834535,1.64446111272432,4147.0429,818,668
-0.115267114883075,3.61492311798216,1.63518915440825,4147.07626666667,818,668
-0.133158910761166,3.62836033663079,1.6241116763465,4147.10963333333,818,668
-0.148103190881843,3.63480641968514,1.61017733483003,4147.143,818,668
-0.171955367186158,3.65380801647181,1.60070857240712,4147.17636666667,818,668
-0.190676749328439,3.66248973205342,1.58624580897027,4147.20973333333,818,668
-0.202054729037311,3.6585756465147,1.57044067974125,4147.2431,818,668
-0.207963705898226,3.64753804720118,1.55516173889423,4147.27646666667,818,668
0.315308433681779,1.98045299899027,0.774215901208114,4150.51303333333,819,669
0.311856565981618,1.96134238300062,0.784677771910128,4150.5464,819,669
0.184645100058872,1.50574053775175,1.11797950250707,4151.3472,820,669
0.173500448894563,1.49389242741366,1.13566088576578,4151.38056666667,820,669
0.164555529573516,1.47966864518634,1.15275027638336,4151.41393333333,820,669
0.154646352133134,1.46703368483258,1.17023895735007,4151.4473,820,669
0.14741892150665,1.4558653348735,1.18598471733115,4151.48066666667,820,669
6.98263721789824,1.16628850660003,0.669135613117096,4151.6475,821,670
-1.35666255073388,-0.0155789096047824,0.904603155078722,4154.6505,822,671
-1.3572128956759,-0.0115903722151686,0.894711933263139,4154.68386666667,822,671
-1.35693491915605,-0.00762453143960229,0.884483558041678,4154.71723333333,822,671
-1.35480155265259,-0.0030314804759467,0.874150721155757,4154.7506,822,671
-1.36058465491069,-0.00211250243799188,0.865947778285601,4154.78396666667,822,671
-1.35721959035494,0.00193556108497883,0.858006564483905,4154.81733333333,822,671
-1.3647238504088,0.00228211018752567,0.850847899183643,4154.8507,822,671
6.98988918752882,1.16601136312027,0.669729943265138,4155.0509,823,672
-1.37710436220819,-1.03330116624224,0.721211659427957,4158.78796666667,824,673
-1.38782807360634,-1.03354333435193,0.709903569573692,4158.82133333333,824,673
-1.397229379131,-1.03572625884792,0.698879598576135,4158.8547,824,673
-1.39477756679988,-1.02938138693331,0.685628908929564,4158.88806666667,824,673
-1.37688213519272,-1.00950682807397,0.677572022897227,4158.92143333333,824,673
-1.36672134223141,-0.995357753725557,0.670771024569109,4158.9548,824,673
-0.129582893326389,1.1023207169466,1.39667373516623,4163.2591,825,674
0.339240647742475,1.43665173930672,0.97970434731981,4164.16,826,674
0.390714390067793,1.44143698816292,0.963757518362635,4164.19336666667,826,674
0.710264546168593,1.8195222522026,1.07678422756023,4165.02753333333,827,674
0.707647866305489,1.84084003934272,1.08177522254526,4165.0609,827,674
0.702912372114802,1.86972593034603,1.08802097482961,4165.09426666667,827,674
0.698545850928894,1.90106134461771,1.09368823039544,4165.12763333333,827,674
0.694338865990046,1.93221367476021,1.09819311604417,4165.161,827,674
0.69075840373941,1.96366770367154,1.10165393118197,4165.19436666667,827,674
0.687034449464007,1.99620569076559,1.10579030768899,4165.22773333333,827,674
0.68172056516665,2.03155267603564,1.11252803392171,4165.2611,827,674
0.675292703415949,2.0657083619675,1.1213182875927,4165.29446666667,827,674
0.670426628058038,2.09164534466984,1.12720292590483,4165.32783333333,827,674
0.665382393045174,2.11401249120938,1.13272121860145,4165.3612,827,674
0.667235160666629,2.62920769644119,1.16859784479073,4165.9618,828,674
0.675438371663034,2.65052652708004,1.16709435052061,4165.99516666667,828,674
1.23704826619758,3.43238419155039,1.12525959688024,4167.22973333333,829,675
1.25212798682263,3.45626001668906,1.1254701531021,4167.2631,829,675
1.26528347132056,3.47465269453484,1.12357529396838,4167.29646666667,829,675
1.27337479188985,3.46368901067926,1.1161335779159,4167.32983333333,829,675
1.28195620559601,3.45550993600256,1.10814893707774,4167.3632,829,675
1.29355011071157,3.46193449853856,1.10192767663752,4167.39656666667,829,675
1.30417738692025,3.46495144513867,1.09450348793458,4167.42993333333,829,675
1.244707065793,0.524061568302492,0.814748436011417,4175.171,830,676
-10.7937250862144,-15.8611043580876,2.73960047840424,4175.50466666667,831,677
0.867222939161034,0.778125600699713,0.814995083367608,4177.94043333333,832,678
0.851576536175338,0.776035620463517,0.814676987381669,4177.9738,832,678
0.191619097878281,0.172172566613179,0.858201307976481,4178.40756666667,835,678
-0.069857311425026,0.699163965021082,0.798681140689727,4178.6745,844,678
-0.114808349410935,0.694394715819517,0.798135059541934,4178.70786666667,844,678
-0.235718711858897,-1.31262021081481,1.02930875447214,4178.2741,833,679
-0.536230808702217,-1.73344043106806,1.0693651022063,4178.30746666667,834,679
-4.74301271075444,-4.75474566296451,1.19861555092948,4178.44093333333,836,680
-5.11175073373747,-4.88228278789011,1.19979476560458,4178.4743,838,680
-5.4985949023478,-5.01735218428858,1.20330570103442,4178.50766666667,839,680
-5.89178634913566,-5.1406456131123,1.2024825190289,4178.54103333333,840,680
-6.38171611297523,-5.34408792639598,1.20968453242584,4178.5744,841,680
-6.75911582069766,-5.43472684722733,1.20923399077776,4178.60776666667,842,680
-7.29128321679871,-5.63879090381239,1.21245258091813,4178.64113333333,843,680
-1.91478891740435,-3.22070611587149,1.19587071059612,4178.44093333333,837,681
-1.99105233836616,-3.09136099031597,1.17763707974782,4178.4743,837,681
3.35224957951846,4.43157014537325,0.471708522442841,4178.80796666667,845,682
-4.74748296999222,2.14400117138857,0.819427821227828,4245.57466666667,846,683
-3.69352446544664,1.96298987568802,0.899271170566306,4247.47656666667,847,684
-3.66018998817657,1.95496260950433,0.91379712560922,4247.50993333333,847,684
-3.64555558854472,1.9510715029453,0.932460514101725,4247.5433,847,684
-3.56483439613405,1.93324777449522,0.950139567172783,4247.61003333333,848,684
-3.54255123791452,1.93089380911113,0.957598458715154,4247.6434,848,684
-3.49850490748342,1.92620554002258,0.960682362862729,4247.67676666667,848,684
-3.49827207267269,1.93316340655559,0.973798240005375,4247.77686666667,849,684
-2.57309445059699,2.27800138185031,0.570719454609264,4249.5453,850,685
1.12080116642484,12.084509905969,0.24110794386831,4285.21426666667,851,686
1.12776238550684,12.2578513743166,0.229199746994622,4285.24763333333,851,686
1.13137153860169,12.5677921129967,0.21525121170176,4285.281,852,686
1.13532937112292,12.5941900438634,0.215602312810185,4285.31436666667,852,686
2.39575293849561,-0.862210206179179,0.579875799933724,4287.7835,853,687
1.91057881647959,1.58960562749994,0.927901781959869,4346.97596666667,854,688
1.8827471810391,1.58960385671986,0.926301587597186,4347.00933333333,854,688
1.85744610674007,1.58871439679072,0.925015551444093,4347.0427,854,688
1.83786124550263,1.58828658137786,0.923369173492466,4347.07606666667,854,688
1.81786748087726,1.58590257272618,0.921486278623949,4347.10943333333,854,688
1.80048574431297,1.58332455677995,0.919434323908627,4347.1428,854,688
1.78782397810014,1.58063493978082,0.91834562940116,4347.17616666667,854,688
1.78169971647602,1.57696618860018,0.917514603276499,4347.20953333333,854,688
1.78099609088481,1.57365814657873,0.91728806160335,4347.2429,854,688
1.7841389486791,1.56966250842872,0.915381867394461,4347.27626666667,854,688
1.78748900395498,1.56558256281295,0.913965824405844,4347.30963333333,854,688
1.78877093401593,1.5609866705089,0.912170767748932,4347.343,854,688
1.78918883713761,1.55635056614882,0.910561503547894,4347.37636666667,854,688
1.78993583642451,1.55283977802098,0.908514661026563,4347.40973333333,854,688
0.415954851107688,1.39342391547516,0.766944446427214,4617.5129,855,689
-0.174605021779776,0.960064815186317,0.90366340412163,4707.703,856,690
-0.169538898685864,0.968433337723876,0.90280149940113,4707.73636666667,856,690
-0.163588633174164,0.983379720478168,0.902377800322869,4707.8031,857,690
-0.155716332278697,0.999535513420488,0.899613797553024,4707.86983333333,858,690
-0.152959854750035,1.00713580421126,0.897980227336553,4707.9032,858,690
2.49684688687317,-0.751309623232125,0.529865676651555,4862.5577,859,691
-2.46474566476622,4.42235443549416,0.891873018879467,4868.4636,860,692
-2.47119518953005,4.44083104603676,0.905108596732878,4868.49696666667,860,692
-2.37370229293262,4.38666811696306,0.928464877170288,4868.6638,861,692
-2.36217333443148,4.39023682354708,0.9286190964788,4868.69716666667,861,692
-2.31126544580133,4.35940412967332,0.925895406327819,4868.73053333333,861,692
-2.29073149111989,4.36323912770083,0.923036820807991,4868.7639,861,692
-5.80312334931147,0.662305622202768,1.37457140016669,4868.83063333333,862,693
-5.73987418325178,0.708065301738245,1.38062509844028,4868.864,862,693
-5.73593703432848,0.748073261468252,1.39342514731261,4868.89736666667,862,693
-3.75660482303396,3.19036507561506,1.64286024387179,4871.33313333333,863,694
-3.69260266244706,3.21641257011509,1.63077491705819,4871.3665,863,694
0.24323914997172,5.31527669917874,0.783006497234628,4874.63643333333,864,695
0.228889630703021,5.36600573404407,0.781466521861366,4874.6698,864,695
0.804590532571508,6.79131667367946,0.718060853260258,4876.73853333333,865,696
-2.03801786634828,4.08327471883047,0.408514940908537,4886.0812,866,697
1.70019672002703,8.96714606574165,0.554468590742107,4890.45223333333,867,698
1.72671896616795,9.17376952453957,0.563164107127044,4890.4856,867,698
14.8215309335869,-6.58133911356107,3.10383344769979,4890.6858,868,699
14.8133972973649,-6.54961307003056,3.13925906807075,4890.71916666667,868,699
15.1029009561565,-6.70996143724263,3.18405638757112,4890.75253333333,869,699
14.833199422425,-6.55538854179092,3.14631013589392,4890.7859,870,699
14.9376790121217,-6.61913941430189,3.14564025787901,4890.81926666667,870,699
15.2370535837918,-6.77999968373827,3.19553169538195,4890.85263333333,871,699
14.8953482006363,-6.58768901471315,3.14825766535639,4890.886,872,699
-2.02063256747875,4.10404380169728,0.400780376533,4892.9881,873,700
-2.03271509704869,4.11707378446971,0.397778366173995,4893.02146666667,873,700
-2.04171380184144,4.12382366874158,0.394734638876135,4893.05483333333,873,700
-2.06534489350034,4.14140488894621,0.392449610571538,4893.0882,873,700
-2.07549370045,4.14292176245843,0.389975137655725,4893.12156666667,873,700
-2.09506350310647,4.15345241872966,0.385425729053207,4893.15493333333,873,700
-2.10738303350857,4.15016218633544,0.381549139477046,4893.1883,873,700
-2.11278849400411,4.14480251700026,0.38074293482859,4893.22166666667,873,700
-2.11957674265795,4.13703073148058,0.377885427264292,4893.25503333333,873,700
-2.13081628291437,4.13442067401817,0.377070473876968,4893.2884,873,700
-2.12812448368381,4.1157730118043,0.3781675732918,4893.32176666667,873,700
-2.12303329635854,4.0996302433798,0.379273820095206,4893.35513333333,873,700
-2.12516381600986,4.09179264111322,0.379845082943355,4893.3885,873,700
2.41675229668889,-0.863435679032353,0.544633667351101,4906.8019,874,701
2.41924693836333,-0.863416805214807,0.544437296763864,4906.83526666667,874,701
2.42885397640597,-0.862387280036673,0.546031533705404,4906.96873333333,875,701
2.43537165432297,-0.87191155079428,0.547497256566806,4907.13556666667,876,701
2.42914032312596,-0.878290829260385,0.550671120739825,4907.26903333333,877,701
2.41966477641346,-0.860295861294108,0.566440560473653,4909.7048,878,702
2.42503219363929,-0.866570715828662,0.56625215973001,4909.73816666667,878,702
2.42495423013478,-0.870690710111562,0.56699216822912,4909.905,879,702
2.42262882887804,-0.866675567824095,0.567255466772448,4909.93836666667,879,702
2.41695792531103,-0.861073668439927,0.568465522867962,4909.97173333333,879,702
2.41809140762317,-0.862909094448933,0.568972635546936,4910.0051,879,702
2.41957186250521,-0.86536046185342,0.570275047707383,4910.03846666667,879,702
2.41841254791884,-0.865057421121922,0.570532756729534,4910.07183333333,879,702
2.41949679336533,-0.866171668943732,0.571217793404092,4910.1052,879,702
-1.98409336443136,3.70147915205968,0.588704185719635,4924.75316666667,880,703
-1.95061284706227,3.65866302224544,0.605885260105948,4924.85326666667,881,703
-1.91947311482925,3.63417523303253,0.613713017700004,4924.88663333333,881,703
-1.90358264439293,3.62356389597885,0.62210666579651,4924.92,881,703
-1.8739004715434,3.60477188504817,0.630149521102096,4924.95336666667,881,703
-1.86101465190625,3.6057499655481,0.637994486438715,4924.98673333333,881,703
-1.84624697413368,3.60292343538581,0.644613604243014,4925.0201,881,703
-1.85814134380397,3.62337182226214,0.650963733443346,4925.05346666667,881,703
-1.86239871982375,3.63345370827882,0.657260247221223,4925.08683333333,881,703
-1.86644786687794,3.64663196116174,0.673313831553094,4925.15356666667,882,703
2.42468851758529,-0.881363575646272,0.583938528293856,4973.80216666667,883,704
3.87399011686272,7.16504211698668,1.10386591036368,4978.90726666667,884,705
3.83487854102677,7.03170454427482,1.11807915149074,4978.94063333333,884,705
3.9208972158995,4.47479655919719,1.64848822619392,4980.84253333333,885,706
3.93150372254022,4.46681834845119,1.65283915425907,4980.8759,885,706
3.94143309776774,4.45326129839981,1.66062012359783,4980.90926666667,885,706
3.92306298037931,4.41075906889044,1.6619278492929,4980.94263333333,885,706
3.94410547533958,4.41286307018948,1.67304586098926,4980.976,885,706
3.93350675824923,4.37933554160806,1.67245443417884,4981.00936666667,885,706
4.64379792826944,2.50919188966134,0.84589550661547,5015.57723333333,886,707
4.64406790910604,2.49870206755336,0.847293017376866,5015.6106,886,707
6.33590497863189,2.11131485212957,0.884505252596198,5019.44776666667,887,708
6.4650225772138,1.97274477490974,0.904916282023605,5019.64796666667,888,708
4.35851232129879,6.12152328191457,1.65847420258217,5063.2582,889,709
3.5807293895442,-6.38084666061196,2.47484527946825,5066.061,890,710
3.55848285373922,-6.48535988612934,2.4986451137504,5066.09436666667,890,710
-3.59300457876676,-2.53182569469151,0.917007263414999,5069.19746666667,891,711
-4.69301733446801,-2.45327451437367,1.49328134847217,5077.30556666667,892,712
-4.75796039381138,-2.46207798702497,1.50362557078027,5077.33893333333,892,712
-1.4701834804022,6.67424113477151,0.489661988916331,5082.14373333333,893,713
-4.96802274574886,1.28955384826704,1.13507638964743,5082.3773,894,714
-5.02159705377152,1.34958029130975,1.09977752360286,5082.51076666667,895,714
-0.085592623091746,6.37316807642745,0.68477780491492,5084.3793,896,715
-4.37935646466214,3.20290147131459,0.814750086055902,5084.84643333333,897,716
4.84089919182811,-2.19203114842656,0.946317701569502,5117.37893333333,898,717
4.82743547646162,-2.18418453367576,0.947989555081942,5117.44566666667,899,717
4.4180839680505,-0.157651532704383,0.993748365111717,5119.74796666667,900,718
4.24273515869972,1.65365585745972,1.14044416786793,5122.28383333333,901,719
4.26410601438304,1.70857179210428,1.13470212795084,5122.3172,901,719
4.21795385703241,1.74442118016143,1.12316251501446,5122.35056666667,901,719
4.19889580265688,1.78962900168687,1.11411074494084,5122.38393333333,901,719
4.19598395765725,1.83380807967286,1.10867521716127,5122.4173,901,719
4.18577796084608,1.87883606797044,1.10400402091347,5122.45066666667,901,719
4.16722055125362,1.92065382759406,1.09744922785522,5122.48403333333,901,719
4.14785308529106,1.96035681476943,1.09085002056744,5122.5174,901,719
4.15017896651208,2.00359953859526,1.08833401204638,5122.55076666667,901,719
4.11931015618412,2.04029540216045,1.08119254576169,5122.58413333333,901,719
4.10516914711564,2.07960042288891,1.07760032296423,5122.6175,901,719
4.08946212642009,2.15831773589625,1.07321221323861,5122.68423333333,902,719
2.37912738194473,-0.828141565826694,0.511736925051246,5128.75696666667,903,720
2.51416681053327,-0.803428660318341,0.422470747068211,5136.96516666667,904,721
2.51036001248387,-0.800159817492498,0.423746361894929,5136.99853333333,904,721
2.51454158277718,-0.804069366382829,0.422211127814476,5137.0319,904,721
2.51316187709629,-0.801772415855526,0.423576753583941,5137.09863333333,905,721
2.51071200136464,-0.797967286532169,0.423179031736098,5137.132,905,721
-0.529603599981205,8.04596678303371,0.882619764773933,5173.23473333333,906,722
5.96117799172059,4.35181466147932,2.64110886230313,5191.61976666667,907,723
5.81188576869932,4.31871019335465,2.60374309166059,5191.65313333333,907,723
5.72297234095006,4.32585176491773,2.59268682143446,5191.6865,907,723
5.6573295125505,4.34346852129598,2.58828027150805,5191.71986666667,907,723
5.56329101733335,4.34741269057719,2.57863050672574,5191.75323333333,907,723
5.45104459366285,4.32831736635287,2.55327148727649,5191.7866,907,723
5.40795193220992,4.35474333992417,2.55865085280287,5191.81996666667,907,723
5.33144759012725,4.35329778886609,2.54769376050749,5191.85333333333,907,723
2.54469627150104,3.27424462576397,1.94610529654353,5193.6885,908,724
2.40283679802259,3.18160727458566,1.89931587250939,5193.72186666667,908,724
2.30142455612396,3.15301799350048,1.89038959219455,5193.75523333333,908,724
2.20173022507691,3.12985442249819,1.88158673977167,5193.7886,908,724
2.1047851135469,3.11270950189821,1.87570333199523,5193.82196666667,908,724
2.01023118285946,3.10057659484064,1.87189763055898,5193.85533333333,908,724
1.91648359900632,3.0906333381563,1.86723239809386,5193.8887,908,724
1.82118529574089,3.08279981789339,1.86279030254829,5193.92206666667,908,724
1.73419047388491,3.09160827522961,1.86764337380197,5193.95543333333,908,724
1.64629580218103,3.10596227761287,1.87590623450866,5193.9888,908,724
0.963489731043895,6.01222597940156,0.404259999710836,5202.56403333333,909,725
-2.63035436456293,2.47400764634166,0.349907803634299,5210.23836666667,910,726
-2.68470731502052,8.36868971705186,0.310052256550806,5212.64076666667,911,727
3.59472665029846,-3.63666356423152,2.48704616727776,5212.94106666667,912,728
3.55951672252623,-3.7377014664941,2.53337806983952,5212.97443333333,912,728
3.46312446313308,-3.73414077802015,2.53977618569141,5213.0078,912,728
3.38393701284073,-3.78711171885431,2.56922194209372,5213.04116666667,912,728
3.10024839391386,-3.6455972171495,2.53459006835055,5213.1079,914,728
-2.64982009645752,2.48250525616685,0.358692240447469,5213.1079,913,729
-2.64524952466026,2.4814177582995,0.359728303999125,5213.14126666667,913,729
-2.65740077771053,2.48748224507815,0.359641790080575,5213.37483333333,915,729
-2.65409390378674,2.4866642003066,0.359628900612407,5213.54166666667,916,729
-2.01327341250687,-0.202623911097018,1.45937978174463,5215.4102,917,730
-2.06977749970411,-0.168632471451257,1.4508903029332,5215.44356666667,917,730
-2.13549533458526,-0.0369388663687772,1.41053134647099,5215.5103,918,730
-3.49630391930964,8.26027564057958,1.4076612767668,5224.1189,919,731
0.956104652702042,6.08211940385583,1.82244626561656,5236.49793333333,920,732
0.920375007747871,6.2421449734089,1.85973299995755,5236.5313,920,732
0.869675307227207,6.141032478478,1.83878894402316,5236.56466666667,920,732
0.820261933551363,6.08579542266493,1.82410771448679,5236.59803333333,920,732
0.752879583851284,5.60863225976534,1.71447719827324,5236.66476666667,921,732
0.708226024629814,5.60386404848404,1.70361097401444,5236.69813333333,921,732
0.664581168090347,5.54477206396128,1.68168050909812,5236.7315,921,732
0.620508219110681,5.52198245165985,1.66593588884728,5236.76486666667,921,732
0.589538167525578,5.42948059801803,1.63623895867607,5236.79823333333,921,732
0.380576697039294,3.48772560606323,0.754082983085441,5240.06816666667,922,733
0.398558251381847,3.4502471549976,0.746244567947237,5240.10153333333,922,733
0.416775989553928,3.41422421460719,0.738327963244903,5240.1349,922,733
0.434113331896813,3.3886073537637,0.731791155075618,5240.16826666667,922,733
0.452931912294454,3.35833231154379,0.72828099757887,5240.20163333333,922,733
0.475311958202502,3.31485415333346,0.725409941893922,5240.235,922,733
0.493727790724226,3.3002105060963,0.723458252267064,5240.26836666667,922,733
0.510365015380908,3.29098012600487,0.723798593656512,5240.30173333333,922,733
0.523272499707059,3.29392918298276,0.727100840097096,5240.3351,922,733
0.533774787259931,3.29667552010066,0.730490316453606,5240.36846666667,922,733
0.551570678687983,3.27262903800804,0.732808104076812,5240.40183333333,922,733
0.574024615049908,3.23954282376875,0.733230118067013,5240.4352,922,733
0.589226702388623,3.23455965018342,0.731533492759546,5240.46856666667,922,733
0.839436620663143,4.66450591453912,0.829640439446515,5242.90433333333,923,734
0.845255834395445,4.67468623440239,0.824637820852137,5242.9377,923,734
0.85289723696057,4.63909108545046,0.820542822182659,5242.97106666667,923,734
0.856761325701564,4.69671260349692,0.820089026264644,5243.00443333333,923,734
0.863069214061207,4.65557693371053,0.817014272948917,5243.0378,923,734
0.868975339391357,4.67598976773636,0.814292479250089,5243.07116666667,923,734
0.872878773127276,4.68773334938315,0.812962085721883,5243.10453333333,923,734
0.879632092981896,4.64906185427742,0.811006855300993,5243.1379,923,734
0.887909804748284,4.62863791048587,0.807672586479303,5243.17126666667,923,734
0.891537070007267,4.75717439054696,0.808466505260682,5243.20463333333,923,734
-4.15321108430209,-1.0421809402972,1.36799013199987,5243.17126666667,924,735
-4.09166767149235,-1.01525624814477,1.36384674332929,5243.20463333333,924,735
-4.09126027483431,-1.0150856359433,1.36494936486087,5243.238,924,735
-4.02674667621532,-0.991366161414756,1.35782098570192,5243.27136666667,924,735
-3.97627418253319,-0.968642723400845,1.35108161018129,5243.30473333333,924,735
-3.96439504761641,-0.96427203819084,1.34632405649671,5243.3381,924,735
-3.96258341899829,-0.963574943091066,1.34002825421523,5243.37146666667,924,735
-3.92359593939806,-0.953355381662981,1.33092132608054,5243.40483333333,924,735
-3.90866582112018,-0.947847086468981,1.32327943734893,5243.4382,924,735
-3.88306803262729,-0.939436607344148,1.31332161139436,5243.47156666667,924,735
-3.86928824697164,-0.937303258791475,1.30460623133236,5243.50493333333,924,735
-2.60593851674194,3.81395357289397,1.2204476602083,5247.0418,925,736
-2.6153625776521,3.84454561477572,1.21438490365263,5247.07516666667,925,736
-2.60563706535555,3.86414361768112,1.20773176239043,5247.10853333333,925,736
-2.7262492739361,4.06375410365026,1.20159184859492,5247.27536666667,926,736
0.935352053146308,6.63730852112842,0.586417273208303,5248.00943333333,927,737
0.954358940735536,6.52558333268824,0.542816008632634,5248.1429,928,737
0.959093862122987,6.53640844768133,0.533651945348405,5248.17626666667,928,737
-4.79654796373926,7.98543931967659,0.548093193393559,5251.01243333333,929,738
0.846681729406402,1.76141809694245,0.780637458576757,5251.11253333333,930,739
0.846748613755695,1.76146231625433,0.781471706751751,5251.1459,930,739
1.07268343973887,5.0883423883045,0.946383253575382,5251.17926666667,931,740
1.06773572705389,4.8913310879936,0.948777999948413,5251.31273333333,932,740
1.0692956554555,4.93460757021716,0.947321983890941,5251.3461,932,740
1.06734001524075,4.90165294651747,0.942397090684016,5251.37946666667,932,740
1.06436585978754,4.92514862382608,0.939822760114254,5251.41283333333,932,740
1.05833784566651,4.86714345537318,0.932242199425547,5251.4462,932,740
1.05339906351948,4.84256491723615,0.926657949958512,5251.47956666667,932,740
1.04981511571608,4.78383279761362,0.919365902320206,5251.51293333333,932,740
1.04915614419231,4.81425341842215,0.915408155324834,5251.5463,932,740
1.04765626379088,4.76681114022839,0.907756083303205,5251.57966666667,932,740
-2.22272604767125,6.79538677372861,1.09415385023753,5253.1479,933,741
-2.22099240855129,6.81871576067094,1.11165770393793,5253.18126666667,933,741
-4.87200765998472,6.76727706786404,0.592325861309487,5253.41483333333,934,742
-4.88319460073678,6.76992600480541,0.598410548922674,5253.4482,934,742
-4.84093157150232,6.72518071725947,0.604726605223946,5253.48156666667,934,742
1.96814957836269,2.25380915400747,1.32787209035304,5253.9487,935,743
1.97835804943979,2.21620195444223,1.32073033037416,5253.98206666667,935,743
1.98474132781049,2.1783038425477,1.31290323708261,5254.01543333333,935,743
1.98632551152983,2.13852096309297,1.30083668668669,5254.0488,935,743
1.98455086558726,2.1025903911934,1.28619807763652,5254.08216666667,935,743
1.98927219270934,2.07778328457243,1.27518066753003,5254.11553333333,935,743
1.99360753259316,2.05505691892078,1.26264622607183,5254.1489,935,743
1.99932747063553,2.03426938398566,1.24914497793614,5254.18226666667,935,743
2.00448336163641,2.01417097641385,1.23433929751405,5254.21563333333,935,743
2.01210260213887,1.99632162537246,1.21925997456493,5254.249,935,743
2.01758644693534,1.97880778016276,1.20258339463224,5254.28236666667,935,743
2.02358671252536,1.9630104004999,1.18678680112281,5254.31573333333,935,743
2.03056969593268,1.94956597115674,1.17192740143199,5254.3491,935,743
2.03376153244131,1.93710089588422,1.15635318275214,5254.38246666667,935,743
2.03916862879088,1.92802627873471,1.14192625062588,5254.41583333333,935,743
2.04623442653372,1.92276875552636,1.12861951469492,5254.4492,935,743
1.10358227901164,6.35596144526705,0.62443210823366,5254.21563333333,936,744
1.09154576989366,6.29652337795251,0.624634752681416,5254.31573333333,937,744
1.08131137366156,6.04495737440657,0.630751381387271,5254.3491,937,744
1.09136427156079,6.29176597809621,0.62794454131947,5254.41583333333,938,744
-3.58626244845232,5.54832086749098,1.15787297279127,5255.88396666667,939,745
-3.57614998787378,5.54091099023293,1.17109055701351,5255.91733333333,939,745
-3.57604183569627,5.54192213584507,1.1840843906519,5255.9507,939,745
-3.53993354872177,5.51224003998957,1.19466853647374,5255.98406666667,939,745
-3.53013448705227,5.50872332031497,1.2082110980124,5256.01743333333,939,745
-3.51210793036709,5.49631950103657,1.2136441776838,5256.0508,939,745
0.802053399585079,1.76893108226599,0.794282360806776,5256.08416666667,940,746
0.918741266229081,6.12677593645111,0.99348872405313,5256.11753333333,941,747
0.921524911972908,6.12944842060137,1.00236792335869,5256.1509,941,747
0.928398500027529,5.99637328969617,1.00748735906599,5256.18426666667,941,747
0.944757778006195,5.88709151632002,1.020958215103,5256.251,942,747
0.954213584642673,5.79032212334153,1.02431257448974,5256.28436666667,942,747
0.965643280085646,5.92283658041604,1.04174352370936,5256.31773333333,942,747
0.969409664097609,5.70932302991791,1.04063539723534,5256.3511,942,747
0.978343342092542,5.73097244037811,1.05269105819049,5256.38446666667,942,747
1.46897000663741,6.61810400748769,1.5813010145761,5258.0528,943,748
1.50907949846514,6.68461919726875,1.60299364124702,5258.08616666667,943,748
1.53076875215923,6.59783840029221,1.59920130449036,5258.11953333333,943,748
1.58722578042741,6.79478554946727,1.63924736468791,5258.1529,943,748
1.65736776298804,6.8846444970595,1.67173969428948,5258.21963333333,945,748
-0.581803608649474,5.26430677259429,1.61462467398218,5258.08616666667,944,749
-0.654490875949386,5.33913448021595,1.64038182218593,5258.11953333333,944,749
-0.705699631727427,5.3309652064287,1.6497448927249,5258.1529,944,749
-0.709013874958405,5.21696537050039,1.63656322918665,5258.18626666667,944,749
-0.718912661195907,5.14123563428928,1.63068655002823,5258.21963333333,944,749
-0.755756576628884,5.1302176527338,1.63802606990702,5258.253,944,749
-0.740056277649711,4.93076591551491,1.60897360188876,5258.31973333333,946,749
-2.75788474543987,3.71939569534533,1.61118011412356,5260.255,947,750
-2.79990853535409,3.69608960820074,1.60166653704888,5260.28836666667,947,750
-3.01745006048872,3.6064763304836,1.5828304073219,5260.42183333333,948,750
-3.01417609936894,3.55517739684693,1.57221945844539,5260.4552,948,750
-3.08358475860465,3.55184215458573,1.57821517726515,5260.48856666667,948,750
0.733559765750845,1.72127550660119,0.805814570399478,5260.5553,949,751
0.625517674110144,4.20014587393183,0.885007439255323,5260.58866666667,950,752
0.636130090514706,4.18368795234463,0.897337721920183,5260.62203333333,950,752
0.647546648103361,4.17129226567371,0.910464773823036,5260.6554,950,752
0.655604068166038,4.17227638128756,0.923502998574906,5260.68876666667,950,752
0.66277503776559,4.18654984173144,0.936330183760022,5260.72213333333,950,752
0.668529248815084,4.19056089037049,0.949285029722028,5260.7555,950,752
0.6731650879379,4.18351172755169,0.96120943477841,5260.78886666667,950,752
0.677353250114181,4.17828166184796,0.973236687117739,5260.82223333333,950,752
0.68639253532171,4.11472663909037,0.977492652147206,5260.8556,950,752
0.691951313160021,4.10774973275393,0.983764351228088,5260.88896666667,950,752
0.69989327564324,4.08410258544135,0.9889182596619,5260.92233333333,950,752
-2.27930932960692,4.00064452284562,1.70214062158807,5262.32373333333,951,753
-2.2303721269083,4.02121223568843,1.71467803483738,5262.39046666667,952,753
-2.23172467375356,4.05123096601313,1.72885457939431,5262.42383333333,952,753
-2.15451224708337,4.09191647046171,1.77476745466413,5262.5573,953,753
-2.17119865004683,4.11862679225709,1.79697567651848,5262.59066666667,953,753
-2.17197999779892,4.12774825600672,1.81199848013603,5262.62403333333,953,753
2.26867791648131,4.04842328084422,1.10426053226081,5263.0578,954,754
2.29190962177778,4.02135305679096,1.13508993130038,5263.09116666667,954,754
2.31012631417968,3.98052822873479,1.16400812927746,5263.12453333333,954,754
2.32371774963007,3.92998096195601,1.19271101814998,5263.1579,954,754
2.29669855629699,3.81679877597199,1.20877563712039,5263.19126666667,954,754
2.27610874352866,3.72773660674088,1.22746564548314,5263.22463333333,954,754
2.26458835468866,3.66774757871278,1.24355861914454,5263.258,954,754
2.22786038666198,3.56567562152389,1.24283688602244,5263.29136666667,954,754
2.22619236924373,3.52532800899932,1.24459338053865,5263.32473333333,954,754
2.23923248865801,3.51163247163714,1.24577720777094,5263.3581,954,754
-0.660207896613539,3.13390570776504,1.54689095150734,5264.52593333333,955,755
-0.633658543751802,3.13913907792329,1.54628728602397,5264.5593,955,755
-0.608753931142863,3.15102508903943,1.54729546079965,5264.59266666667,955,755
-0.600850913071267,3.17961010972709,1.55635416933849,5264.62603333333,955,755
-0.583151940236376,3.19034787052015,1.5571609962968,5264.6594,955,755
-0.560970252025888,3.19770021454453,1.55516772504811,5264.69276666667,955,755
-0.54093566880288,3.20865345034944,1.5524851571769,5264.72613333333,955,755
-0.519363859818083,3.21974018071949,1.54538061253273,5264.7595,955,755
-0.505360765956198,3.23930390000524,1.53934329288981,5264.79286666667,955,755
-0.490270654781619,3.26168109420906,1.52964466405583,5264.82623333333,955,755
-0.458762782248071,3.26237651979801,1.50751178016545,5264.8596,955,755
3.55906579992961,1.95772932965569,1.01999452628582,5265.59366666667,956,756
3.55725569540479,1.91925169202236,1.03672262121692,5265.62703333333,956,756
3.5391715206539,1.87688082956593,1.05378575926761,5265.6604,956,756
3.51310951231369,1.8393074453776,1.06903150481735,5265.69376666667,956,756
3.48619778476012,1.80818172236341,1.08195419440932,5265.72713333333,956,756
3.4603196854563,1.78130902653806,1.09242864066626,5265.7605,956,756
3.45000575194848,1.76027591137411,1.10225582017582,5265.79386666667,956,756
3.42421972519437,1.69852635454956,1.11734009009624,5265.89396666667,957,756
0.455910907659485,4.84748446679654,0.960038128173424,5266.49456666667,958,757
0.439026238923197,4.90903542701295,0.959562242212807,5266.52793333333,958,757
0.428570088837205,4.92151356474091,0.956050031827281,5266.5613,958,757
0.416342012801277,4.93844565171757,0.947009553881841,5266.59466666667,958,757
0.420849702440552,4.86948238827061,0.932489746325728,5266.62803333333,958,757
0.419993576844138,4.86287014377145,0.92233268835548,5266.6614,958,757
0.419069884962381,4.86458374771519,0.908184779145702,5266.69476666667,958,757
0.429981619678878,4.81337197680729,0.896090125080736,5266.72813333333,958,757
2.0624742590619,2.35153963685901,1.23652699124029,5267.42883333333,959,758
1.99354991969603,2.35305099049406,1.2374710931709,5267.4622,959,758
1.92184559753614,2.35247546882065,1.23901147312706,5267.49556666667,959,758
1.85365685615327,2.35260045763685,1.24250923725984,5267.52893333333,959,758
1.79545728536961,2.3583863019853,1.24874032151179,5267.5623,959,758
1.73346504000651,2.35673073995065,1.25150364347502,5267.59566666667,959,758
1.67446074051007,2.35632827968946,1.25401740609552,5267.62903333333,959,758
1.62609039622083,2.36598564612668,1.2610375726064,5267.6624,959,758
1.57351075129289,2.36834639810096,1.26477261193437,5267.69576666667,959,758
1.52419734090376,2.37227058668674,1.26985831716751,5267.72913333333,959,758
1.47644981245728,2.37620199745724,1.27563516156857,5267.7625,959,758
1.42146788555248,2.37163599055005,1.2779064679993,5267.79586666667,959,758
1.34065861383527,5.76320000492933,0.877390038275873,5268.63003333333,960,759
1.35214193898289,5.79744881328604,0.889194854432426,5268.6634,960,759
1.42218538486146,6.18579992523063,0.931385098517245,5268.83023333333,961,759
1.4067535893308,6.02048099659954,0.927529573380018,5268.8636,961,759
-0.574019176175239,3.45336358388464,0.512257820240382,5270.49856666667,962,760
-0.584654460716905,3.47310437928809,0.503584922264783,5270.53193333333,962,760
-0.594116137229037,3.48799807650122,0.494326960061254,5270.5653,962,760
-0.626396751562314,3.52606453709457,0.480330317479696,5270.6654,963,760
-0.642300402705874,3.53141637282921,0.488865981820832,5270.73213333333,964,760
-0.653282140631886,3.53186200420549,0.493521864239587,5270.7655,964,760
0.204537969843437,3.70281186535616,0.9626965874672,5272.267,965,761
0.136187908183795,3.67368722679826,0.959084254363502,5272.30036666667,965,761
0.0227637436970098,3.7346124194417,0.96057151179639,5272.33373333333,965,761
-0.0129081768836949,3.60519070298308,0.946158440863569,5272.3671,965,761
-0.0920581074869921,3.58905056494156,0.939426843977328,5272.40046666667,965,761
-0.153711997219101,3.53236921500064,0.929100610225201,5272.43383333333,965,761
-0.178454524531696,3.42746240502975,0.915376983052016,5272.4672,965,761
-4.43639131201411,2.54097197773498,0.472768285431501,5279.14053333333,966,762
-3.43825074282078,2.62366997433915,1.16847947788392,5282.21026666667,967,763
-3.40083170271619,2.60594975182306,1.17223016278542,5282.24363333333,967,763
-3.41742138826505,2.60692435304247,1.18139202655943,5282.277,967,763
-3.43278094409532,2.60205001974787,1.188196700256,5282.31036666667,967,763
1.47939132026478,1.49175382145083,1.52517761855416,5284.94633333333,968,764
1.43949226869896,1.51235748941595,1.52606074741265,5284.9797,968,764
1.40038044845069,1.53991703775429,1.53966557029284,5285.01306666667,968,764
1.36272170326914,1.56560678531916,1.55651295187597,5285.04643333333,968,764
1.32493191475707,1.58773984493342,1.57546634073561,5285.0798,968,764
1.28545910035309,1.60586659479708,1.59468477915061,5285.11316666667,968,764
1.24214053517511,1.62027728696788,1.61343000512846,5285.14653333333,968,764
1.1969462600524,1.63188231667553,1.63453670258016,5285.1799,968,764
1.15177115043617,1.64109590556167,1.65702444971196,5285.21326666667,968,764
1.1099187760207,1.64711777743621,1.6767044441224,5285.24663333333,968,764
-2.27559344442923,7.04370817163289,0.717990128087557,5285.64703333333,969,765
1.02960420325788,-1.45338464760448,1.82725304489438,5285.71376666667,970,766
0.985784829026704,-1.46377898438044,1.83349467797203,5285.74713333333,970,766
0.936097137237437,-1.47740108400596,1.84098006402896,5285.7805,970,766
0.891558799756916,-1.48023559686927,1.83978704511123,5285.81386666667,970,766
0.848343928524818,-1.49597180321761,1.84253776357951,5285.84723333333,970,766
0.78143082407468,-1.60524149346261,1.86198319978249,5285.91396666667,971,766
0.740276117991745,-1.64029526525581,1.87009841329978,5285.94733333333,971,766
-1.98375803985628,1.30631173684529,2.54493991675414,5286.94833333333,972,767
-2.06009572832958,1.29160176345203,2.5605147297614,5286.9817,972,767
-2.12421135769451,1.27517209734216,2.56176106530987,5287.01506666667,972,767
-2.18746584930458,1.26089713288643,2.56591138532606,5287.04843333333,972,767
-2.25644060488407,1.2462659532051,2.57337015531782,5287.0818,972,767
-2.31927773198655,1.23049879833602,2.57597479985736,5287.11516666667,972,767
-2.37524411155509,1.21436485307537,2.57507003021554,5287.14853333333,972,767
-2.45594482764184,1.19967023523019,2.59021203661765,5287.1819,972,767
-2.51932828940189,1.18217723535638,2.59347081835702,5287.21526666667,972,767
-2.5945950415502,1.16425856294248,2.60391973233869,5287.24863333333,972,767
-1.72067053090026,3.58914195055674,1.29292093407493,5286.9817,973,768
-1.70579737078892,3.59398067421839,1.28828165769899,5287.01506666667,973,768
-1.69474798390297,3.60183697056187,1.28371158569892,5287.04843333333,973,768
-1.6887292590038,3.61142083503471,1.28076218345309,5287.0818,973,768
-1.66718254962628,3.60608124974025,1.27402998269687,5287.11516666667,973,768
-1.6495076825944,3.60719610838186,1.26713969192404,5287.14853333333,973,768
-1.6319710533854,3.6071184021026,1.26145060150601,5287.1819,973,768
-1.6056370186697,3.60241394392368,1.25291819861497,5287.21526666667,973,768
-1.61443717231045,-3.05073078780671,1.43744288940212,5287.8826,974,769
-0.368680667783067,4.11405484035021,1.06499212286437,5288.95033333333,975,770
-0.345311530142329,4.12336384645727,1.06822193233922,5288.9837,975,770
-0.333338017535023,4.15352385877389,1.07247472742488,5289.01706666667,975,770
-0.320350926551386,4.18209040653771,1.07882317385168,5289.05043333333,975,770
-0.298129565342095,4.17816475752944,1.07949205045496,5289.0838,975,770
-0.280126331686072,4.18541925766534,1.08053406896409,5289.11716666667,975,770
-0.259752298250207,4.1838640419696,1.07873715743589,5289.15053333333,975,770
-0.249492331341732,4.20185373960781,1.07943322557769,5289.1839,975,770
-0.237683428401498,4.20963818993304,1.08071889308491,5289.21726666667,975,770
-0.228234603892655,4.21595854888815,1.08190181869644,5289.25063333333,975,770
-0.223143463598691,4.22598218089754,1.08517960212107,5289.284,975,770
-0.212794623533482,4.22218838695474,1.0864286569602,5289.31736666667,975,770
-5.39137927388203,-1.53787395441956,2.26718419433864,5289.3841,976,771
-5.37127850703944,-1.54474879861568,2.25382308646325,5289.41746666667,976,771
0.810242369222672,4.71445383068773,1.09695720662785,5291.05243333333,977,772
0.828527288352273,4.74671680768079,1.09745220115617,5291.0858,977,772
0.842240990269854,4.88873079207139,1.1107676969512,5291.11916666667,977,772
0.853230374574856,4.94710686391378,1.11708178544547,5291.15253333333,977,772
0.861109996765198,4.98262039772304,1.12223213299598,5291.1859,977,772
0.870725043153705,4.99400754613155,1.12681293097046,5291.21926666667,977,772
0.878017058528049,5.00361224707475,1.13084521334114,5291.25263333333,977,772
0.888685637981752,4.89137690828831,1.12122227784591,5291.286,977,772
0.901231729298574,4.86225075877791,1.11588984495951,5291.31936666667,977,772
0.915336621238408,4.82558057834285,1.10794726025717,5291.35273333333,977,772
0.920273910955644,4.67206348619403,1.08808547025406,5291.3861,977,772
0.937228129489238,4.81952350065865,1.09908479557762,5291.41946666667,977,772
-4.95669717173788,-2.87274096299268,1.70593069338464,5291.81986666667,978,773
2.58102078506467,5.5828862155536,1.15962590124896,5293.55493333333,979,774
2.61106751500924,5.59854725868658,1.1702955798619,5293.5883,979,774
2.61074106309617,5.53167032989523,1.17349092874021,5293.62166666667,979,774
2.64963213311883,5.57106592845758,1.18571610915482,5293.65503333333,979,774
2.66169686264357,5.54233028700002,1.19407649769404,5293.6884,979,774
2.63957211365461,5.44707990609441,1.19282856125404,5293.72176666667,979,774
-4.34553349915465,-3.03467341693218,0.89606015582964,5294.22226666667,980,775
-4.36344994579902,-3.05797517912546,0.881644355610026,5294.25563333333,980,775
2.38207051822727,5.77522644297149,1.43131814908218,5295.85723333333,981,776
2.34053623754376,5.73886757499713,1.42844620260603,5295.8906,981,776
2.2918387707381,6.10980955279478,1.45589338910637,5296.0908,982,776
0.578770957125012,1.8387880164953,0.739830857796086,5417.87913333333,983,777
0.573086555434927,1.84949924711631,0.742006618828121,5417.9125,983,777
0.567137980265331,1.86050897347225,0.74438959889219,5417.94586666667,983,777
0.54775358788514,1.90631172785814,0.749002336152621,5418.04596666667,984,777
-0.302486221259734,2.62335906392026,0.664589314487254,5425.42,985,778
-0.313398835577837,2.63945741386624,0.665188697189749,5425.45336666667,985,778
0.320430852943272,1.29237554632812,0.814469797962221,5474.43563333333,986,779
0.314492685065055,1.29659275242098,0.813983765292969,5474.469,986,779
0.309218121787356,1.30053818052071,0.814022187693008,5474.50236666667,986,779
0.305035866225091,1.30404694578565,0.81463316676503,5474.53573333333,986,779
0.298615814939154,1.30830296377587,0.816135188597268,5474.5691,986,779
0.292703516422221,1.31304974378274,0.81794259054198,5474.60246666667,986,779
0.286701358295856,1.31762129289518,0.819486393401385,5474.63583333333,986,779
2.83221557938142,-3.91941109797578,0.879420073317799,5720.18113333333,987,780
0.723832420967273,0.818670294304068,0.850452610035259,5772.73363333333,988,781
0.725576784957854,0.817726594562721,0.850861828485581,5772.767,988,781
0.686898542180685,0.834913547539069,0.849289614275823,5779.774,989,782
0.688062215437419,0.836108942047456,0.846797942369973,5779.80736666667,989,782
0.68872574963347,0.836940332436833,0.844407564126222,5779.84073333333,989,782
0.50836096621591,1.43707854337378,0.88086541138942,5784.44533333333,990,783
-2.41304044199319,8.91490850861043,0.362605823096939,5795.4897,991,784
-1.001099062962,7.42372740960237,0.784001308841739,5800.26113333333,992,785
-0.653344911644942,5.77028539840279,0.814524164384257,5802.66353333333,993,786
-0.973335681874679,3.76558819538226,1.19049456928363,5805.13266666667,994,787
-0.98507051954989,3.73839500531083,1.20071778170761,5805.16603333333,994,787
-0.99885341628814,3.71059261780608,1.21444711283109,5805.1994,994,787
-1.00186126502764,3.67273658813522,1.22409026733546,5805.23276666667,994,787
-1.02500973991988,3.66237989060964,1.23830659112853,5805.26613333333,994,787
-1.02464458001937,3.62786963148469,1.24590635137721,5805.2995,994,787
-1.00420074012835,3.57687084227909,1.24767985460677,5805.33286666667,994,787
-1.80590301986837,2.29738471142514,1.35651556320106,5807.5017,995,788
-1.86099104133694,2.27699829802841,1.3660828494837,5807.53506666667,995,788
-1.87023955381022,2.23311439567384,1.36418954720275,5807.56843333333,995,788
-1.88020496283561,2.19303224793398,1.36260061232904,5807.6018,995,788
-1.84886638227143,2.14120657371468,1.35163116379872,5807.63516666667,995,788
-1.85879436930916,2.11059073998503,1.34994391931542,5807.66853333333,995,788
-1.84971668555806,2.0736532628427,1.34149812487173,5807.7019,995,788
-1.85702609167991,2.04839514844327,1.33832785991471,5807.73526666667,995,788
1.18207349926374,8.74266932167784,0.391103082973619,5810.77163333333,996,789
2.67969973722745,1.8438240582957,0.973653317140736,5811.87273333333,997,790
2.63449914623701,1.86904346956535,0.966944175264543,5811.9061,997,790
1.86026470749231,8.47296719635033,1.33159469810831,5826.95446666667,998,791
1.82770758494951,8.16477950557048,1.32213497411402,5826.98783333333,999,791
1.83019559779005,8.10914136025443,1.33048952041605,5827.0212,999,791
1.85466945886039,8.2295861478268,1.35237462427289,5827.05456666667,999,791
1.85566676739793,8.18882361287031,1.36195354460241,5827.08793333333,999,791
1.85323524165392,8.09823312581409,1.36883732568124,5827.1213,999,791
1.88457953592718,8.23025757543183,1.39187330086756,5827.15466666667,999,791
1.87156241101923,8.03580055207428,1.38571114358029,5827.18803333333,999,791
1.86963047333776,7.93597943325188,1.38607461129574,5827.2214,999,791
1.88049654599356,7.93769379710979,1.39683554254417,5827.25476666667,999,791
1.92187490856738,8.16643122216628,1.42879310732296,5827.28813333333,999,791
1.89340305468664,7.88926856035259,1.40986612953324,5827.3215,999,791
1.9003302600634,7.87265545211635,1.4168255144216,5827.35486666667,999,791
2.54985056394602,8.43938939720346,1.63346630170672,5829.45696666667,1000,792
5.29155453237686,3.11041155991056,1.28396777188711,5850.7449,1001,793
7.65493487512919,4.60976310222864,1.70736365598301,5852.5467,1002,794
7.74247024336176,4.63760741626837,1.7308884346242,5852.58006666667,1002,794
5.41066380522678,1.68760872968665,1.87796959371511,5854.98246666667,1003,795
5.43510895919744,1.65872637230824,1.88927902011732,5855.01583333333,1003,795
5.42599104957351,1.62125409578005,1.89550810597036,5855.0492,1003,795
5.44978297401436,1.58796548654822,1.9102464995827,5855.08256666667,1003,795
5.41904612254125,1.54838040906485,1.91469532527272,5855.11593333333,1003,795
5.41074053955477,1.5132564124857,1.92020204863422,5855.1493,1003,795
5.39435001946639,1.47392605177461,1.92935165128789,5855.18266666667,1003,795
5.42003127163948,1.44238326970975,1.94750845974564,5855.21603333333,1003,795
0.853181165188246,-2.70101752767034,1.50691888138141,5868.29576666667,1004,796
0.831931198163095,-2.75379937858407,1.514770123417,5868.32913333333,1004,796
0.809960155854145,-2.70197366200129,1.50226063279327,5868.3625,1004,796
0.795702431260623,-2.56348105184559,1.47362549910218,5868.39586666667,1004,796
0.772292675127641,-2.07580715131522,1.37821593506155,5868.49596666667,1005,796
0.7644776630426,-1.97973377227198,1.36340592787045,5868.52933333333,1005,796
0.755143014904429,-1.92969519219758,1.35804189891577,5868.5627,1005,796
0.746645554646706,-1.93022849130021,1.36221166492566,5868.59606666667,1005,796
0.739127656806875,-1.89678464586922,1.35946699821778,5868.62943333333,1005,796
0.734191138850014,-1.87871672359488,1.35793504519955,5868.6628,1005,796
-1.29040212698404,-4.07392390821088,1.59112822169973,5909.37013333333,1006,797
-1.47068668965375,-4.43006923864069,1.65900065717551,5909.4035,1007,797
-1.45078303909158,-1.80391893940959,1.81646311769971,5912.74016666667,1008,798
-1.43555137385861,-1.75722587042379,1.81219217566383,5912.77353333333,1008,798
-1.4084739992041,-1.69333676887765,1.80473439468404,5912.8069,1008,798
-1.4059091471593,-1.66194597097212,1.81007547020758,5912.84026666667,1008,798
-1.3874697899114,-1.60970651291557,1.80858144774293,5912.87363333333,1008,798
-1.39353093241802,-1.59051375444757,1.8196619493175,5912.907,1008,798
-1.43294335339479,-1.61338240528087,1.84581410401163,5912.94036666667,1008,798
-1.44358205281184,-1.60518411705404,1.85991909096967,5912.97373333333,1008,798
-1.44401514152183,-1.58974794879721,1.86924015046837,5913.0071,1008,798
-1.47347727369402,-1.60928441188165,1.89366096030747,5913.04046666667,1008,798
-3.69039844823452,4.18640685191898,1.45707000484353,5919.0131,1009,799
-0.973966614242195,-1.88732184153173,0.983858637849955,5992.85353333333,1010,800
-0.911569337499774,-1.75438530128866,0.984286469602295,5992.8869,1010,800
-0.914893963309721,-1.72521459248305,0.995270902661838,5992.92026666667,1010,800
-0.901131698139378,-1.66614448764589,1.00639273672502,5992.95363333333,1010,800
-0.921301456526667,-1.66029137344943,1.0228093841144,5992.987,1010,800
-0.931656307127183,-1.64438414812421,1.0386344144249,5993.02036666667,1010,800
-0.937134056792032,-1.62082254192158,1.05406292753049,5993.05373333333,1010,800
-0.936087857245547,-1.58903705415509,1.07041321726589,5993.0871,1010,800
-0.958038744331818,-1.59786899455599,1.08823559750901,5993.12046666667,1010,800
-0.982116513313885,-1.60985834006896,1.10507681157387,5993.15383333333,1010,800
-1.0143324462641,-1.63889028443208,1.12262479416832,5993.1872,1010,800
-1.0255204432933,-1.64034819274402,1.13571986726279,5993.22056666667,1010,800
-1.03417680651695,-1.64194673061014,1.14580901248043,5993.25393333333,1010,800
-1.48572308200621,1.32163668390748,1.07474622233019,5995.65633333333,1011,801
-1.48410463880675,1.36077615668922,1.06480644675597,5995.6897,1011,801
-1.49966502510499,1.40429109016298,1.05581756215311,5995.72306666667,1011,801
-1.50384069297074,1.44735867426085,1.0456844703936,5995.75643333333,1011,801
-1.51873712419696,1.49222314627951,1.0356086354751,5995.7898,1011,801
-1.52459432256554,1.53274568678893,1.02528725963268,5995.82316666667,1011,801
-1.53449689028694,1.57983412637404,1.01415039504706,5995.85653333333,1011,801
-1.54969480518546,1.62657297556007,1.00551169578953,5995.8899,1011,801
-1.54216586185724,1.66818307725462,0.995315840943805,5995.92326666667,1011,801
-1.54837278904568,1.71608709762765,0.985374340380549,5995.95663333333,1011,801
-1.55304388280804,1.75619049416777,0.977506398902334,5995.99,1011,801
-1.54627668846786,1.79788666691544,0.969611422088142,5996.02336666667,1011,801
-1.5128137491299,4.78724063035797,0.920462935806161,5998.6927,1012,802
-1.4871908291019,4.81272325841088,0.913553841905334,5998.72606666667,1012,802
-6.71228889920016,-0.249051663468317,1.53616456415003,6003.46413333333,1013,803
-6.58779410807954,-0.366644686930524,1.55509048730643,6003.5976,1014,803
-6.6349048341832,-0.397268626960955,1.5669979196176,6003.63096666667,1014,803
-6.6394276715386,-0.423247479526479,1.57956272887815,6003.66433333333,1014,803
-4.43661753413857,-1.64463445873791,1.44701385817291,6006.93426666667,1015,804
2.96194193031402,-2.13289797122996,1.46001080574762,6008.66933333333,1016,805
2.95046742909448,-2.12666100956288,1.47060401868685,6008.7027,1016,805
2.89755628319009,-2.11067110273229,1.50182638410056,6008.83616666667,1017,805
2.88279502913334,-2.10688151045804,1.50701961153446,6008.86953333333,1017,805
2.85160191689091,-2.07915755888327,1.50707425246705,6008.9029,1017,805
2.83332129634537,-2.07003405690957,1.51071935316782,6008.93626666667,1017,805
2.80561101006656,-2.04750845822429,1.50961080187392,6008.96963333333,1017,805
2.78675600809728,-2.03664211968453,1.51101060424079,6009.003,1017,805
2.7714157252835,-2.03043880442715,1.51079863983254,6009.03636666667,1017,805
2.74798326896037,-2.01113954662234,1.50910106357219,6009.06973333333,1017,805
2.73450386646278,-2.01319914567068,1.51145780132702,6009.1031,1017,805
2.70751265262498,-1.99265348157091,1.50690491817362,6009.13646666667,1017,805
1.72797561921679,-1.0063585216914,1.14008956390782,6010.5045,1018,806
1.68683969010564,-0.953573924204252,1.12591278668936,6010.53786666667,1018,806
1.65325520423839,-0.909269154693967,1.11598795955155,6010.57123333333,1018,806
1.62542308181263,-0.87894636430094,1.10709653430813,6010.6046,1018,806
1.59919087576605,-0.845646738019956,1.09875187047606,6010.63796666667,1018,806
0.487365739258066,0.381861628896273,0.849549243760096,6012.4064,1019,807
0.44864691849815,0.367538477951757,0.841866169776548,6012.43976666667,1019,807
0.408431747444017,0.35081900454835,0.83276435008764,6012.47313333333,1019,807
0.34509307299164,0.338944269213705,0.810679090673582,6012.53986666667,1020,807
0.313231205226161,0.335234388465248,0.799135619132699,6012.57323333333,1020,807
0.287992657638234,0.336360195271817,0.789051877498933,6012.6066,1020,807
-1.35569866303302,0.999598013409618,0.609978014858279,6013.94126666667,1021,808
-1.38449933561972,1.02980264669327,0.615513690477495,6013.97463333333,1021,808
-1.48438326310679,1.13636688945519,0.651379306727921,6014.1081,1022,808
-1.49278402957881,1.15655668516539,0.662642115657664,6014.14146666667,1022,808
-1.51402309676903,1.17724814130854,0.674403405996231,6014.17483333333,1022,808
-1.54301024328541,1.19713986855481,0.687294452707383,6014.2082,1022,808
-1.56096374584699,1.21781934415561,0.701212950617922,6014.24156666667,1022,808
-1.71930714827149,1.59509571472044,0.790907513877009,6015.67633333333,1023,809
-1.72709658583031,1.58173032833355,0.799792987274835,6015.7097,1023,809
-1.73524812151334,1.56719642721322,0.809000799253487,6015.74306666667,1023,809
-1.7275819955705,1.55061694406534,0.816379733665586,6015.77643333333,1023,809
-1.73030771888096,1.49955798978854,0.836414639872133,6015.87653333333,1024,809
-1.73910996908143,1.48910414710176,0.841784164505519,6015.9099,1024,809
-1.7311644245104,1.47841467959501,0.847795625519208,6015.94326666667,1024,809
-1.71338877412584,1.47027704863991,0.853738487298948,6015.97663333333,1024,809
-1.70868975527958,1.46858352108478,0.860543957202451,6016.01,1024,809
-1.70594845633343,1.4687767953023,0.866804290032887,6016.04336666667,1024,809
-1.70643331779567,1.47165283157533,0.873581298572541,6016.07673333333,1024,809
-2.0949251957618,0.981293826283403,1.1547508037816,6017.74506666667,1025,810
-2.11169223536049,0.951844230238612,1.15361515415136,6017.77843333333,1025,810
-2.12964789938077,0.922253236733431,1.15075815528839,6017.8118,1025,810
-2.20743620313108,0.797955206290755,1.12269779920802,6017.94526666667,1026,810
-2.22351762277808,0.767302531426092,1.1121029253852,6017.97863333333,1026,810
-2.24104990313187,0.737378120940743,1.10291880136298,6018.012,1026,810
-2.25267145314359,0.706680586741615,1.09350529228101,6018.04536666667,1026,810
-2.25312222738963,0.67597154631419,1.08020818765437,6018.07873333333,1026,810
-2.22274562797086,0.623837208050659,1.05617846783583,6018.14546666667,1027,810
-2.21803192782002,0.601059095966348,1.04796901499702,6018.17883333333,1027,810
-2.20088916987417,0.578059574821573,1.03925613551968,6018.2122,1027,810
-2.21879596328409,0.550070520726271,1.03657271833002,6018.24556666667,1027,810
0.0152971744961713,1.95752978260111,1.23771654327947,6019.84716666667,1028,811
0.0329924670546443,1.9644600457895,1.2463605828033,6019.88053333333,1028,811
0.0459570438205485,1.97809053311627,1.25906312704177,6019.9139,1028,811
0.0557474023300333,1.99244868137054,1.27150439106899,6019.94726666667,1028,811
0.0642176310491159,2.00696034099373,1.28299905205591,6019.98063333333,1028,811
0.0731419014572068,2.02022671677225,1.29227439981551,6020.014,1028,811
0.0809155989769178,2.03364870515072,1.30075984090556,6020.04736666667,1028,811
0.0883710183581192,2.04692401711853,1.30807426188941,6020.08073333333,1028,811
0.09581083222335,2.06040968424691,1.31568504412973,6020.1141,1028,811
0.103681657495495,2.07176966930336,1.32190665312987,6020.14746666667,1028,811
0.110575221111608,2.08367262853663,1.32944938873253,6020.18083333333,1028,811
0.117944302240596,2.09383390823464,1.33665349596871,6020.2142,1028,811
0.12454931635992,2.10301353344258,1.34329582163697,6020.24756666667,1028,811
0.130145374598071,2.11100039442796,1.34846191544874,6020.28093333333,1028,811
0.133337321763073,2.11942978749317,1.35380006258334,6020.3143,1028,811
2.4644952447483,4.2889699480515,1.4419866305129,6023.68433333333,1029,812
2.51373424725794,4.39955096912851,1.46311601960484,6023.78443333333,1030,812
2.50842006782572,4.39514969138962,1.46185887293653,6023.8178,1030,812
2.52041289359353,4.42745769319199,1.47094728839643,6023.85116666667,1030,812
2.51025109910721,4.41843693325171,1.46785221891758,6023.88453333333,1030,812
-3.80238096425591,7.25996734048227,1.06461079826258,6025.05236666667,1031,813
-7.59934138269041,3.58899263853887,0.328283608571283,6057.18446666667,1032,814
-6.70333067105012,3.2054748170471,0.382228328199468,6062.92353333333,1033,815
-5.664900931379,3.24086785507644,0.413219019241721,6067.59486666667,1034,816
-0.0816023161315004,6.04329398465518,1.27959897137959,6068.69596666667,1035,817
-0.0920364444348686,6.01523189145905,1.2934370281927,6068.72933333333,1035,817
-1.61064132888504,4.21874940531964,1.36556214229578,6071.69896666667,1036,818
-1.66485746787476,4.22335439088404,1.36232141884035,6071.73233333333,1036,818
-4.66417676937341,2.43827111965261,1.14652720218037,6077.40466666667,1037,819
-0.278359991327719,1.78623496079838,1.44729982688253,6089.51676666667,1038,820
-0.267073007309843,1.76821874469832,1.4609060604742,6089.55013333333,1038,820
-0.246451520891741,1.74299971603412,1.4702042161561,6089.5835,1038,820
-0.226637028902698,1.71823838741877,1.47763495364284,6089.61686666667,1038,820
-0.207248423016539,1.69418954961192,1.48112748824769,6089.65023333333,1038,820
-0.190521625052405,1.67245327160231,1.48323099850015,6089.6836,1038,820
-0.174212520444777,1.65152322383456,1.48237429030921,6089.71696666667,1038,820
-0.158963855800483,1.63292406199915,1.48086155236072,6089.75033333333,1038,820
-0.144523842367649,1.61621285358973,1.47880320983243,6089.7837,1038,820
-0.12856957583992,1.59995241898039,1.47658720396149,6089.81706666667,1038,820
-2.86603478635173,4.76153610173535,0.324796822446981,6089.5835,1039,821
-2.88669217561541,4.77795266540534,0.317717661290246,6089.61686666667,1039,821
-2.90127918304919,4.78769593639598,0.3142849120314,6089.65023333333,1039,821
0.441418260044337,0.838515592739724,1.30158447081193,6091.55213333333,1040,822
0.450223662137352,0.829857153159431,1.29945060672882,6091.5855,1040,822
0.461377172656408,0.821928050967959,1.2957990591616,6091.61886666667,1040,822
0.471412547395767,0.817240635066058,1.2921377571817,6091.65223333333,1040,822
0.480071666977593,0.814675176786355,1.28834370863327,6091.6856,1040,822
0.487521754630186,0.814941793535651,1.28433937206878,6091.71896666667,1040,822
0.494089046677528,0.816250866458835,1.27988294408347,6091.75233333333,1040,822
0.501099715445122,0.817232701474104,1.27565600645556,6091.7857,1040,822
0.508744212016853,0.817190373505568,1.27141917084189,6091.81906666667,1040,822
0.518390595225554,0.816669466363174,1.26521868444699,6091.85243333333,1040,822
0.527880552547391,0.8163073902382,1.25902093950735,6091.8858,1040,822
0.5370617818582,0.817099251603721,1.25310115935389,6091.91916666667,1040,822
0.545871992990966,0.818268268451632,1.24686014879232,6091.95253333333,1040,822
0.555108843565172,0.819465827830855,1.24006558978304,6091.9859,1040,822
0.563733772905304,0.820582436425557,1.23358996885614,6092.01926666667,1040,822
0.571883364303437,0.821392003142483,1.22687238379473,6092.05263333333,1040,822
-1.81851644641245,4.67047962595344,0.334531375340915,6093.02026666667,1041,823
0.742209738892162,0.685818271544454,1.10220989368671,6093.85443333333,1042,824
0.738257326171257,0.695864746266642,1.09973720641736,6093.8878,1042,824
0.733800337505868,0.705004159582826,1.09750758244393,6093.92116666667,1042,824
0.730049867844231,0.713157415412425,1.09493805446543,6093.95453333333,1042,824
0.726233268313973,0.719945054217528,1.0922944522,6093.9879,1042,824
0.722828076324138,0.726014527269579,1.09010299904488,6094.02126666667,1042,824
0.719477558861765,0.732411358223924,1.08692116723094,6094.05463333333,1042,824
0.716687411821466,0.739788456571273,1.08275890879377,6094.088,1042,824
0.714438487748926,0.747392919665161,1.0778404975551,6094.12136666667,1042,824
0.712591259555286,0.755139944197181,1.07346438853794,6094.15473333333,1042,824
0.71010264260037,0.763352239513368,1.06824354541332,6094.1881,1042,824
0.706521284320778,0.771328473700989,1.06443434613376,6094.22146666667,1042,824
0.704120015032884,0.779455801352896,1.06091918221125,6094.25483333333,1042,824
0.702748506110847,0.788414035846006,1.05675003705056,6094.2882,1042,824
0.702355313420112,0.796989907570671,1.05250416598209,6094.32156666667,1042,824
0.702029360151885,0.80489227683895,1.04896263676378,6094.35493333333,1042,824
1.09450248789569,0.493235028930294,1.18121525865154,6095.9899,1043,825
1.10008002446679,0.482191789918109,1.18596709087444,6096.02326666667,1043,825
1.10751776894102,0.46872377026842,1.19312096786056,6096.05663333333,1043,825
1.11438893943362,0.453892199137489,1.19973935339742,6096.09,1043,825
1.11979316091649,0.437970306096315,1.20588286754596,6096.12336666667,1043,825
1.12386846596391,0.422695568908146,1.21105885706252,6096.15673333333,1043,825
1.12683439816411,0.409350918684937,1.21440810243858,6096.1901,1043,825
1.12998022098132,0.398455635695118,1.21456305750713,6096.22346666667,1043,825
1.13534639453497,0.388142341734211,1.21385392396818,6096.25683333333,1043,825
1.14172587473827,0.377076910955372,1.21416082377578,6096.2902,1043,825
1.14718491077156,0.365144865756097,1.21657276836066,6096.32356666667,1043,825
1.1515724255303,0.353933906879862,1.22040890804661,6096.35693333333,1043,825
1.1534982096178,0.344666326827846,1.22502808557489,6096.3903,1043,825
1.15532095416333,0.335874369342297,1.23009956831455,6096.42366666667,1043,825
1.32305609616084,-0.192586696224492,1.1830244197767,6098.092,1044,826
1.33100606740361,-0.220265204965826,1.19285353885682,6098.12536666667,1044,826
1.34054560121289,-0.250031813020246,1.20219310494354,6098.15873333333,1044,826
1.34732030322114,-0.27680738325604,1.20848064838058,6098.1921,1044,826
1.35505903032366,-0.30457595011294,1.2162843584864,6098.22546666667,1044,826
1.35982836003822,-0.324767094230954,1.22290633000735,6098.25883333333,1044,826
1.36373045061021,-0.337347744998322,1.22669371402823,6098.2922,1044,826
1.37045504843435,-0.342732445870706,1.22771030553799,6098.32556666667,1044,826
1.3805681729054,-0.351471113794836,1.23088741662435,6098.35893333333,1044,826
1.39245174335063,-0.354821748881859,1.23437747397702,6098.3923,1044,826
1.40801690095649,-0.363348493100719,1.24137893056744,6098.42566666667,1044,826
1.42091624014129,-0.364774969185494,1.24673497819359,6098.45903333333,1044,826
2.09014395150688,0.946879533480849,1.20447441573636,6100.36093333333,1045,827
2.0954693488272,0.970227281603821,1.20291885426029,6100.3943,1045,827
2.09880162861252,0.994255092642144,1.2001029880464,6100.42766666667,1045,827
2.10567937517648,1.01349997167774,1.19791105169317,6100.46103333333,1045,827
2.11060206560889,1.0316321871346,1.19337751111404,6100.4944,1045,827
2.1159557283638,1.04665341962681,1.18804461421965,6100.52776666667,1045,827
2.11850344116788,1.06149213868523,1.18197335969397,6100.56113333333,1045,827
2.12126211165512,1.07632121935988,1.17641188694935,6100.5945,1045,827
2.12521031380651,1.09106709149239,1.17138667101956,6100.62786666667,1045,827
3.01332383556274,2.5422059235733,1.14154881237095,6102.52976666667,1046,828
4.52202496282425,-2.07414923059205,3.16628073910278,6107.23446666667,1047,829
2.52900723422198,-0.338503221818097,2.86198056669137,6108.33556666667,1048,830
1.81633087136239,-0.14044528397344,2.07502269389588,6109.47003333333,1049,831
1.82271329782278,-0.138064048505771,2.04911079380606,6109.5034,1049,831
2.18529035076945,0.40044648244736,1.77515822709536,6110.77133333333,1050,832
2.19187890330283,0.417221461815711,1.76712902781999,6110.8047,1050,832
2.57575630545605,1.49187894555022,1.88662329990895,6111.93916666667,1051,833
5.62782255626266,0.534489987939265,0.806028836488442,6112.17273333333,1052,834
1.78687864449504,0.221832043144382,1.29342124910817,6117.7116,1053,835
1.72939719085594,0.223086102566409,1.30254128579757,6117.74496666667,1053,835
1.66319787848952,0.228414966718711,1.30845872486289,6117.77833333333,1053,835
1.59839438779539,0.233461298917993,1.31335594771977,6117.8117,1053,835
1.53618879447312,0.238112598437732,1.31804392062877,6117.84506666667,1053,835
1.46425771853608,0.252511509046211,1.31546288275778,6117.87843333333,1053,835
1.40867440195886,0.256365746095673,1.31992754366053,6117.9118,1053,835
3.30702489241773,6.69006956274958,1.35052783140325,6127.68823333333,1054,836
3.25543058514863,6.63606453850566,1.3532127601446,6127.7216,1054,836
3.2831730202417,6.81575498292893,1.38615063668513,6127.78833333333,1055,836
-3.66679308927278,2.9307178126789,0.839061669042742,6130.89143333333,1056,837
-3.67982466281804,2.9511865951413,0.834091531447917,6130.9248,1056,837
-3.66300763502391,2.97524564109181,0.826325931699375,6130.99153333333,1057,837
-2.25312582324062,3.04343276750335,1.11928350466006,6133.2271,1058,838
-2.22041666377947,3.04661474285622,1.12635120540699,6133.26046666667,1058,838
-2.21194537850768,3.06335721951189,1.13713291095978,6133.29383333333,1058,838
-2.1838928453429,3.06925720949652,1.14417636297908,6133.3272,1058,838
-2.17783265024293,3.08285640584458,1.15316812934868,6133.36056666667,1058,838
-2.17798230118116,3.09900922039018,1.16405680814745,6133.39393333333,1058,838
-2.18360451924724,3.11077320435917,1.17657833566011,6133.4273,1058,838
-2.19447140086321,3.12427272936704,1.18817903158964,6133.46066666667,1058,838
-2.1709641990309,3.11544442537741,1.19424644786824,6133.49403333333,1058,838
-2.66860608077884,2.61739015241861,0.856393577201512,6133.29383333333,1059,839
-2.65250975916106,2.61486644498225,0.873156965286059,6133.3272,1059,839
3.25998566844489,5.129562592784,0.961246141893536,6140.2341,1060,840
1.93739374935423,-3.18624122939382,1.67244367100197,6148.30883333333,1061,841
-2.07794439806845,0.173421709398954,1.05183868399217,6150.87806666667,1062,842
-2.35708300657285,3.38499762007282,1.36033346755269,6153.61413333333,1063,843
-2.32904858462077,3.41282623100996,1.35720839855914,6153.6475,1063,843
9.49025027535983,3.9705979819751,1.01198294383387,6166.92743333333,1064,844
5.36622854684057,0.771006457286221,0.983217479241268,6171.0649,1065,845
3.6533784272074,-0.444144559701843,1.36486009594876,6173.50066666667,1066,846
2.10106055221692,-1.78774153218547,1.96379672194595,6175.9698,1067,847
-2.04389544101678,2.04292525253032,1.04868996388317,6181.8757,1068,848
-2.02225309189414,2.03810093558124,1.05226495717073,6181.90906666667,1068,848
-2.00040311838971,2.03257588072466,1.054175963476,6181.94243333333,1068,848
-1.97436033987893,2.02584808295733,1.05758571591964,6181.9758,1068,848
-1.94797610043567,2.01137952514655,1.06671020453032,6182.04253333333,1069,848
-0.659764253465773,1.37973437397518,1.35083877522821,6183.51066666667,1070,849
-0.62773422196664,1.37444997664546,1.36116953091293,6183.54403333333,1070,849
-0.593958282677836,1.37009025109975,1.37159720514892,6183.5774,1070,849
-0.56475665275713,1.36766603261097,1.38354493041164,6183.61076666667,1070,849
-0.538398514608402,1.36548963311534,1.3954444212038,6183.64413333333,1070,849
-0.513998675551538,1.36364452263644,1.40835271035459,6183.6775,1070,849
-0.490793187315219,1.36191280344099,1.42289213985636,6183.71086666667,1070,849
-0.470202958257137,1.36012756775893,1.43859452453461,6183.74423333333,1070,849
-0.451959555102164,1.3585250350398,1.45555987069322,6183.7776,1070,849
-0.43216742321927,1.35575601598395,1.47221259532989,6183.81096666667,1070,849
-0.411713571509324,1.35240365644347,1.48785848386308,6183.84433333333,1070,849
-0.392823138402861,1.34978817583944,1.50370380456558,6183.8777,1070,849
-0.376110589697728,1.34711649798707,1.51991213514391,6183.91106666667,1070,849
-0.362589763594056,1.34494300000557,1.53612530436642,6183.94443333333,1070,849
0.468833241541647,0.902149983522647,1.6670318110204,6185.41256666667,1071,850
0.48177360928765,0.896675279277621,1.65988169947419,6185.44593333333,1071,850
0.494100387676077,0.891056850136777,1.65434671623476,6185.4793,1071,850
0.507280256806051,0.885893956869565,1.64666502008804,6185.51266666667,1071,850
0.520623681658511,0.881261438668994,1.63809966420808,6185.54603333333,1071,850
0.533783255731803,0.876989901438707,1.62953624090726,6185.5794,1071,850
0.545328093994987,0.872761320259137,1.62483191779834,6185.61276666667,1071,850
0.556004198513897,0.866429150667316,1.62413497335299,6185.64613333333,1071,850
0.564163578390128,0.858004437004597,1.62575105216864,6185.6795,1071,850
0.570729248167806,0.847456588175245,1.62711061147117,6185.71286666667,1071,850
0.576741320789588,0.836797470075175,1.62914673784762,6185.74623333333,1071,850
0.582907568920054,0.826186110988667,1.63221167159248,6185.7796,1071,850
0.587938523972337,0.816399545928493,1.63617965558482,6185.81296666667,1071,850
0.591354591445693,0.808010594956621,1.64121000575627,6185.84633333333,1071,850
0.594197899010616,0.800967383882334,1.64567238959471,6185.8797,1071,850
1.5112905327814,-0.187142539732728,1.40334568867084,6187.54803333333,1072,851
1.53100779794833,-0.202396643299302,1.40241934694177,6187.5814,1072,851
1.55782298496288,-0.227385736946251,1.40685887503126,6187.61476666667,1072,851
1.58713010731965,-0.258092004150999,1.41422238921525,6187.64813333333,1072,851
1.61272024807301,-0.287117782353131,1.41937236696785,6187.6815,1072,851
1.63615915865665,-0.317571696717464,1.42507565093187,6187.71486666667,1072,851
1.65812134713457,-0.349356387725778,1.43396112928971,6187.74823333333,1072,851
1.6731316541433,-0.372684735799106,1.44170645635369,6187.7816,1072,851
1.68821281672658,-0.395488758589464,1.44928836775304,6187.81496666667,1072,851
1.70053640766012,-0.410434645318474,1.45314480753361,6187.84833333333,1072,851
-0.55819929273115,5.18285993455885,0.484563574037202,6188.41556666667,1073,852
-0.541984589933575,5.17332725516289,0.4843541716156,6188.44893333333,1073,852
-0.54093284726836,5.19890322807748,0.481601086662885,6188.4823,1073,852
-0.53992830082841,5.22956094865502,0.479944914083238,6188.51566666667,1073,852
-0.534619435054443,5.23999291437231,0.476807668637754,6188.54903333333,1073,852
12.9717478931951,2.75590090670956,1.48228508981363,6237.29773333333,1074,853
12.8456856653074,2.64692047304047,1.48463173750311,6237.36446666667,1075,853
-10.901712220376,-16.0528131777998,2.75148584567788,6238.59903333333,1076,854
3.03575040274715,-3.87078460384836,1.08346184818425,6239.96706666667,1077,855
1.4667355794112,-3.01098061710511,0.982416468627867,6240.10053333333,1078,856
1.48975407741611,-3.1673020915541,0.990176688395702,6240.1339,1078,856
1.48786047108783,-3.15705261958502,0.987906507656634,6240.234,1079,856
-5.04112262893488,-5.39435728576885,1.17994438798416,6242.46956666667,1080,857
-5.35410720717265,-5.50119961448076,1.18012478671663,6242.50293333333,1081,857
-5.65700203400305,-5.58904183136996,1.17766552431346,6242.5363,1082,857
-5.98808295036986,-5.69631094165555,1.1783947433542,6242.56966666667,1083,857
6.25242693934069,1.0410864786434,1.38205851624696,6253.98106666667,1084,858
6.23643230424403,1.01179982505858,1.38314185480119,6254.01443333333,1084,858
6.23263530452066,0.978603472025866,1.38836924292671,6254.0478,1084,858
6.16223960874626,0.951149255701174,1.38705419140389,6254.08116666667,1084,858
6.05977077108372,0.928902515335939,1.38769530541281,6254.11453333333,1084,858
6.05204192226726,0.911075861687314,1.39664540013304,6254.1479,1084,858
6.02089421020209,0.892850880352506,1.40808510242073,6254.18126666667,1084,858
5.99312090124814,0.876766345059734,1.41670302786756,6254.21463333333,1084,858
5.98083993346814,0.861342452833931,1.43138812863396,6254.248,1084,858
3.13605516610759,-0.127223229274163,1.58391091743442,6256.71713333333,1085,859
3.09970824279915,-0.136624862451532,1.59286282916464,6256.7505,1085,859
3.0470562610534,-0.137570109272118,1.59911540997077,6256.78386666667,1085,859
2.99241786886635,-0.135040745889749,1.60538025961476,6256.81723333333,1085,859
2.9326446700375,-0.127476322978177,1.61050807934411,6256.8506,1085,859
2.88457779054374,-0.120452392151088,1.61735489950087,6256.88396666667,1085,859
2.83255690766596,-0.11056429465157,1.62442221509293,6256.91733333333,1085,859
2.78416204195149,-0.100308148127247,1.63303462303113,6256.9507,1085,859
2.73760888789642,-0.0898051028612949,1.64269939969771,6256.98406666667,1085,859
2.69716861815026,-0.0826618083598644,1.65409792878282,6257.01743333333,1085,859
2.66028643303475,-0.0791491364096395,1.66672559036837,6257.0508,1085,859
2.62249019425961,-0.0764093787645572,1.67906960514725,6257.08416666667,1085,859
3.04837940604629,-0.166653063710819,1.56423074423448,6464.22443333333,1086,860
3.02017111679021,-0.178097377689186,1.56351470011884,6464.2578,1086,860
2.97799414675019,-0.180259228312479,1.55712416022069,6464.29116666667,1086,860
2.93797830654689,-0.183851271505566,1.55047633273907,6464.32453333333,1086,860
2.89784244286686,-0.182461318594614,1.54165376952534,6464.3579,1086,860
2.86765291890404,-0.184353023458214,1.53607435416888,6464.39126666667,1086,860
2.83903512667462,-0.188253421817239,1.53125468783317,6464.42463333333,1086,860
2.82017550175797,-0.194872355486728,1.52756075051555,6464.458,1086,860
2.79073868416642,-0.194828487379868,1.51937701124346,6464.49136666667,1086,860
-5.70571218513373,0.0925375381310372,0.942376591175691,6472.79966666667,1087,861
2.15252542767543,-3.6061040016111,1.69530819961199,6504.23106666667,1088,862
2.1880484913537,-3.58148819199407,1.70610804055807,6504.26443333333,1088,862
2.23067422569559,-3.57983760474179,1.71602976511518,6504.2978,1088,862
2.27688825088024,-3.60363555846375,1.73287666401952,6504.33116666667,1088,862
2.31663988858113,-3.58806963419051,1.73977741932283,6504.36453333333,1088,862
2.3782770067425,-3.67144751614361,1.76369352018705,6504.3979,1088,862
2.44479910119657,-3.75238118668602,1.79077883164425,6504.43126666667,1088,862
-2.64721329809268,5.72929779239517,1.06176380292518,6540.50063333333,1089,863
