0.643582558930887,0.620691777867039,0.683153901367578,60.4270333333333,1,1
0.643485466161398,0.620841003407079,0.683556310391034,60.4604,1,1
0.350530196064411,1.36003165156808,0.618397755550983,61.2945666666667,9,1
0.0791823120669291,1.99937067104887,0.473312527833236,61.3279333333333,10,1
0.0799572006461123,1.99894562816622,0.473161028802789,61.3613,10,1
-2.53361280481687,-0.32685212513858,1.49371622801122,60.5605,2,2
-2.54848124203582,-0.330052522716883,1.49398432500791,60.5938666666667,2,2
-2.55307008948833,-0.32848583239477,1.49060650026572,60.6272333333333,2,2
-2.54713453975373,-0.325340824866283,1.48999095480659,60.6606,2,2
-2.70250974873682,-0.366979617491821,1.49660853594311,60.8941666666667,3,2
-2.46404481646354,-0.767264307385844,1.58117593866635,60.8941666666667,4,2
-2.71271220523245,-0.37022565511084,1.50264726474216,60.9275333333333,3,2
-2.48014905784731,-0.772480491315715,1.5902913301915,60.9275333333333,4,2
-2.66825417552839,-0.347795297177356,1.48706648372366,60.9609,3,2
-2.47738503592375,-0.771347853203202,1.59070145779404,60.9609,4,2
-2.66542361416662,-0.34460932958002,1.48186619042819,61.0943666666667,6,2
-1.42071425576319,-0.0109811360250596,1.21300630075689,61.0943666666667,7,2
-2.59608390804473,-0.308319714532678,1.46780637400977,61.1277333333333,6,2
-2.64830325180589,-0.341691578657139,1.48073665030258,61.1611,6,2
-1.42722166475325,0.018613267855963,1.22326695213536,61.2278333333333,8,2
-2.59155182532471,-0.349001801357218,1.75158748176382,61.3613,11,2
-2.59593041470936,-0.35737618606069,1.75310117839282,61.3946666666667,11,2
-2.55973650346021,-0.345886886957157,1.74159091320127,61.4280333333333,11,2
-1.86425842566297,-0.179262411406657,1.46804592257745,61.4280333333333,12,2
-2.62750984991722,-0.403068565069175,0.942884834290959,61.4614,13,2
-2.61880046967584,-0.443750821264972,1.77694088739903,61.9952666666667,14,2
6.97518313148202,5.02705543315934,0.868888872335358,60.9275333333333,5,3
6.8986941758983,4.96668097353257,0.864223279598945,60.9609,5,3
6.89561684265726,4.95037323736766,0.864584990502464,60.9942666666667,5,3
5.82462211661742,4.27048472325254,0.722073129880794,63.6636,15,4
5.799389443018,4.25244327802597,0.720287516268989,63.6969666666667,15,4
5.80311017918822,4.24924191128196,0.714735963159956,63.7303333333333,15,4
5.79434267416172,4.24302691507844,0.713796925488025,63.7637,15,4
-0.0839772283804511,-5.16997802401869,1.92394557594099,65.2985666666667,16,5
4.88279512061672,3.71306224067605,0.888088105668203,65.9992666666667,17,6
4.85505060213906,3.68244743712449,0.892407237362667,66.0326333333333,17,6
4.86458060510202,3.67671372702826,0.896592984439034,66.066,17,6
4.85839150317019,3.66181510973784,0.898222070810253,66.0993666666667,17,6
3.80657031981863,2.121838848836,1.15854448832234,68.9355333333333,18,7
3.78622602721027,2.08570168664768,1.15964307650859,68.9689,18,7
3.78207514404138,2.05201488923719,1.16502059227427,69.0022666666667,18,7
3.76588508496983,2.01558299956846,1.16594986779257,69.0356333333333,18,7
3.7579371898444,1.98056788952995,1.16827660182416,69.069,18,7
-1.03347328926212,-3.4992315465571,1.36130152571442,70.2702,19,8
-1.01690466669594,-3.46092048522279,1.35817957964781,70.3035666666667,19,8
-1.00081791443094,-3.41919080786328,1.36220192274788,70.3369333333333,19,8
-0.999522692078289,-3.42744391046457,1.37943008288461,70.3703,19,8
-1.00013334379913,-3.42402668886954,1.38888415758822,70.4036666666667,19,8
2.56987957247447,1.03648966347416,1.12375156093844,71.1377333333333,20,9
2.55338042354026,1.02018396344397,1.12914651329413,71.1711,20,9
2.54419059035871,1.00460842970278,1.13548295386376,71.2044666666667,20,9
2.53677078372598,0.991037383931698,1.14038371573997,71.2378333333333,20,9
2.52663901988016,0.979562609272231,1.1433071284491,71.2712,20,9
-0.240313272437103,-5.39622853430712,2.37613842289964,71.3713,21,10
-0.552703624696542,-5.63738980198917,2.0634179874184,72.1387333333333,24,10
-0.481696436467268,-5.27266206569667,1.98411139985233,72.1721,25,10
-0.470070698192729,-5.22800212360017,1.97561697481871,72.2054666666667,25,10
-0.452388092098682,-5.15105241589583,1.9641483240716,72.2388333333333,25,10
-0.460885147776299,-5.21455356063962,1.98537006066933,72.2722,25,10
-0.38227714405234,-4.80050265970551,1.89139988394029,72.3055666666667,26,10
-0.48333611787365,-5.36242033520232,2.01669266548245,72.3389333333333,27,10
-0.453115225573698,-5.22444662072505,1.99117714108589,72.4390333333333,29,10
0.612010600855949,0.615983924116553,0.716270074246241,71.4380333333333,22,11
0.593697442205605,0.60415231357097,0.691746790287814,72.3723,28,11
0.595409840635141,0.606467025787828,0.691652231076627,72.4724,30,11
0.595698333483152,0.606808129485833,0.691053180149313,72.5057666666667,30,11
0.528632081923062,0.654971026097774,0.681642740956455,72.6392333333333,31,11
-0.704916959805411,0.122458448674409,0.974641373543471,71.4714,23,12
-0.877913457727408,-3.84006725623191,1.6662519885054,73.2398333333333,32,13
-0.875390663619427,-3.81131267397604,1.63882346950158,73.2732,32,13
-0.856354679349793,-3.72428219218673,1.60822406486089,73.3065666666667,32,13
-0.857706917682107,-3.70379354286525,1.59239523066088,73.3399333333333,32,13
-0.854750117352628,-3.67062144124369,1.57698388014759,73.3733,32,13
-0.845561053169602,-3.6210697111043,1.55987751504886,73.4066666666667,32,13
-0.843400685844217,-3.59467223020693,1.55081049787891,73.4400333333333,32,13
-0.836201481201308,-3.55691720445997,1.53905301020865,73.4734,32,13
-0.834064534982443,-3.53837736552969,1.5331829745148,73.5067666666667,32,13
-0.819334956874816,-3.48219611038704,1.52013428900045,73.5401333333333,32,13
-0.820158517249048,-3.47502533965122,1.51712562452557,73.5735,32,13
-0.814054603371786,-3.44925860834973,1.51040832091731,73.6068666666667,32,13
-0.810585090284866,-3.43500996098158,1.50722846275464,73.6402333333333,32,13
-0.813428703839198,-3.44128451204894,1.51027788808707,73.6736,32,13
-0.821578323196714,-3.46046287243974,1.51578657641301,73.7069666666667,32,13
-0.812707970473596,-3.42875521749716,1.51010353317464,73.7403333333333,32,13
-0.820431132247153,-3.44288491551951,1.51473082315673,73.7737,32,13
-0.818002347281603,-3.42883099900868,1.51245564369309,73.8070666666667,32,13
-0.815316594685588,-3.41455400064715,1.50990043067838,73.8404333333333,32,13
-0.807398167050691,-3.38200529113981,1.50351309526528,73.8738,32,13
-0.803532167618879,-2.68731776333095,1.39594218092811,74.8080666666667,37,13
-0.834700544653934,-2.65001471674183,1.39317299211683,74.8748,38,13
-0.868291678359837,-2.6300376242865,1.39281706010054,74.9415333333333,39,13
-0.929416339335471,-2.61643347077222,1.38654497331886,75.075,40,13
-1.92480617533268,0.597965806524609,0.440682931128434,73.3733,33,14
-1.92691223676192,0.597795223290459,0.440070371484398,73.4066666666667,33,14
-1.92344875161541,0.597973429541513,0.440794748019293,73.4400333333333,33,14
-1.92541286794468,0.597663527530307,0.439851241616484,73.4734,33,14
-1.9235117963966,0.598423940571768,0.440429053908167,73.5067666666667,33,14
0.179572174314091,-0.237141242434594,0.926764922064144,74.5077666666667,34,15
0.415526379303323,0.539527553278525,0.711243511686504,74.5745,35,15
0.539188502351145,0.646505516912514,0.675331637829393,74.6078666666667,35,15
0.105381390296577,-0.322890640782841,0.961485836509346,74.7747,36,15
0.323486533398583,0.505379303134212,0.729327935119405,75.1751,41,15
0.2878492763871,0.441852270033585,0.768441821629446,75.2752,42,15
0.309891906554645,0.503987521324853,0.730153590128864,75.3753,43,15
0.732400595579309,1.29306856697665,0.647876483502694,75.4086666666667,44,15
0.264059223145424,0.432894666891809,0.765218361785974,75.5755,45,15
0.487985361491367,0.952379254367554,0.631450969494438,75.7423333333333,47,15
-2.18742963179783,-0.778469185384996,1.48039664830443,75.7423333333333,46,16
-2.20340456125584,-0.78373086431671,1.46881525049049,75.7757,46,16
-2.20179326954294,-0.776282847276674,1.46095120186139,75.8090666666667,46,16
-0.453594787604578,-5.28594588760833,1.93009785589388,75.9091666666667,48,17
-0.429705080559045,-5.09666601571281,1.88528209400071,75.9425333333333,48,17
-0.449669714641528,-5.15639139844412,1.89756046504495,75.9759,48,17
-0.488002741273688,-5.28984811503867,1.92262812447937,76.0426333333333,49,17
-0.473876044223062,-5.16244435393927,1.8963265535326,76.1093666666667,50,17
-0.502873950019225,-5.29508606592542,1.92241770180607,76.1427333333333,50,17
-0.45804268980877,-5.00116584731831,1.86495657224001,76.2094666666667,51,17
-0.476277918823767,-5.06593452810329,1.87969187998545,76.2428333333333,51,17
-0.470135853517905,-5.00043714803685,1.86772893301546,76.2762,51,17
-0.493435819486002,-5.08141128990508,1.88638558851271,76.3095666666667,51,17
-0.54276046073953,-5.24960897259574,1.9300305039959,76.3763,52,17
-0.244562735381032,-0.325657405143674,1.01124411351676,76.7767,53,18
0.075610977966299,0.380746569529611,0.801953875199701,76.9101666666667,54,18
0.144718077319342,0.527909323684834,0.757242574254619,77.0436333333333,56,18
0.116804014255354,0.488163696339275,0.768442620643556,77.077,56,18
-0.240105561449776,-0.15045909034019,1.00945709376807,77.2438333333333,59,18
-0.184123546607931,0.229693563925493,0.838485615631164,77.7777,64,18
-0.264521446187138,0.208191570838447,0.854355736149453,78.3783,68,18
-0.367226225552121,0.4178132609477,0.9540673885987,78.5451333333333,69,18
-1.10592077187634,-1.66886719410602,1.24291131654562,76.9435333333333,55,19
-1.14280452959729,-1.60809344843649,1.2579467454667,77.1437333333333,57,19
-1.15912960654254,-1.61229561634381,1.26197611874498,77.1771,57,19
-1.16144473502756,-1.50158477917371,1.2569779667378,77.3105666666667,60,19
-1.18600730994628,-1.47412219134918,1.26221687265826,77.3773,61,19
-1.2166758638404,-1.45655004632192,1.26537607876098,77.4440333333333,62,19
-1.29539151876761,-1.46764347512013,1.26789255837841,77.5775,63,19
-2.45751449168267,3.36958560682524,0.211606998548989,77.2104666666667,58,20
0.260250923176955,1.47016909930559,0.945354628004628,78.0112666666667,65,21
0.252074720103905,1.46596300892524,0.938705094455282,78.0446333333333,65,21
0.24392610344633,1.46156773201019,0.931910217885497,78.078,65,21
0.237474897759728,1.45757732010668,0.925143041498797,78.1113666666667,65,21
0.231946435871269,1.4546418643149,0.917677158318526,78.1447333333333,65,21
0.226440252104006,1.45286187985906,0.909819553595693,78.1781,65,21
-2.76727618020052,-0.192542940401908,1.40685122560137,78.078,66,22
-17.4212120428555,-7.6531356504407,4.96196445186805,78.1113666666667,67,23
-1.48186237348243,-0.731005421361608,1.10944726695886,82.1487333333333,70,24
0.120237204164098,-0.177530808183607,1.04828985774234,82.1487333333333,71,24
0.30938932375552,0.4349608499553,0.765516173150353,82.2488333333333,72,24
0.135375748456074,-0.0885344561771837,1.0186779338948,82.2822,73,24
-0.0929059202239287,0.159766510629065,0.802534709120694,82.3489333333333,74,24
0.287124078813312,0.417796984161753,0.765819474584092,82.3823,75,24
-1.50205157680806,-0.71333090793988,1.17748472709611,82.5491333333333,76,24
-0.7702670259101,-0.973336410136963,1.59151612624873,82.8828,78,24
-0.7748990253036,-0.982986844411801,1.59172071563423,82.9161666666667,78,24
-0.767599648110085,-0.974507846038869,1.5898899035478,82.9495333333333,78,24
-0.707293447781593,-0.892338612025767,1.53705458599525,82.9829,78,24
-0.698629493097645,-0.881827013922398,1.52465644740305,83.0162666666667,78,24
-0.756187187051005,-0.954541964862294,1.52909982465122,83.0496333333333,78,24
-0.796483848088373,-1.00850371287165,1.53185015658799,83.083,78,24
-0.725442521395775,-0.952139787159457,1.00396237058765,83.083,79,24
-0.803063738047139,-1.01874628238174,1.52675863874941,83.1163666666667,78,24
-0.809581740491626,-1.02749690161986,1.52388148901965,83.1497333333333,78,24
-0.262510428429278,-0.256431993279388,1.28258589408493,83.2164666666667,80,24
-0.0556502212117194,2.75509469415656,0.687059882096883,82.6492333333333,77,25
-0.063216784770124,2.76221869894735,0.686047405906731,82.6826,77,25
-0.07142787958262,2.77396915592335,0.685910136313458,82.7159666666667,77,25
-2.5511737968438,0.01992844108092,1.27536873522804,85.3853,81,26
-2.50893399842873,0.0371820553897017,1.28019198527043,85.4186666666667,81,26
-1.8613699265043,0.163086085038415,1.23899782476085,85.4854,82,26
-2.41808893646325,0.0764021524562227,1.29345917265649,85.6522333333333,83,26
-1.78020904492274,-0.532016661097067,1.4351661134072,85.6522333333333,84,26
-2.54068046172131,0.0360142170185024,1.31529473045047,85.8524333333333,85,26
11.411117744379,-7.05989273828937,1.48674087637428,85.8858,86,27
-0.932644870643851,-1.04088662556527,1.00380939617894,86.3863,87,28
-0.422552272459669,-0.336456790185787,1.35054746575075,86.3863,88,28
-0.925128198953608,-1.0345750967791,1.00153034040884,86.5197666666667,89,28
-0.413080809888079,-0.32796018996853,1.34220226608628,86.5197666666667,90,28
-0.919672430550403,-1.03134726527968,0.995688775086839,86.5865,91,28
-0.182140675598732,0.140315690605381,1.03519950126227,86.5865,92,28
-0.115365666676357,0.177466793632661,0.852742286776549,86.6198666666667,92,28
-1.57565768415201,-0.745199020836486,1.49236978326896,86.6866,93,28
-1.79570132700927,-0.593152298009409,1.36859571333025,88.6886,94,29
-0.793761560760337,0.0115919163505118,0.86560630226482,89.5895,95,30
-0.778695209152023,0.0176972024957814,0.830715648961499,89.8230666666667,96,30
-0.503088004242379,0.219417960229206,0.894340963056828,89.8564333333333,97,30
-0.761522440953803,0.0351307607689663,0.848384755875581,90.2568333333333,99,30
-0.987865927783166,0.320061902994647,0.971941681504928,90.5237666666667,101,30
-2.26858802322543,-0.601820378944068,1.16388293704018,90.2234666666667,98,31
-2.44830028607375,-0.748213353241982,1.2880349906686,90.2568333333333,98,31
-2.26239876529441,-0.594941539468801,1.16449056103127,90.2902,98,31
-2.26214974751201,-0.590936761756814,1.18454125146378,90.4904,100,31
-2.2601262687696,-0.58874975834126,1.18841242859895,90.6572333333333,102,31
9.81056631749646,-6.46926362242511,1.27519459066664,91.0576333333333,103,32
-0.635420429486863,4.91974710729777,0.589250614323675,92.092,104,33
-0.646278796753722,4.9161666834256,0.59381347261734,92.1253666666667,104,33
8.90129675736846,-6.14228556029354,1.16862561075982,93.8604333333333,105,34
-0.841661480516639,-0.876260871538095,1.04382875507322,94.094,106,35
-0.569850598385143,-0.559784965794556,1.06759682839818,94.1273666666667,107,35
-0.853460382699266,-0.934666613388585,1.3293772130481,94.1607333333333,108,35
-0.850149503940469,-0.931165257279311,1.32082580621301,94.1941,108,35
-0.747510534297904,-0.798816957867267,1.32495593550071,94.2274666666667,108,35
-0.842836420949994,-0.922371965545334,1.29990990109194,94.2608333333333,108,35
-0.840873108499402,-0.918898653640587,1.29476347191986,94.2942,108,35
-0.832889970083638,-0.907654091190056,1.27736101498185,94.3275666666667,108,35
-0.835181274053989,-0.90953175937267,1.27219639121873,94.3609333333333,108,35
-0.830414843145356,-0.902046788656633,1.25884803471845,94.3943,108,35
0.0442682865731885,0.468590946259782,0.832917626811445,94.4276666666667,109,36
0.0416425882777358,0.465891213919787,0.825701455430455,94.4610333333333,109,36
7.85368169508533,-5.67805412300982,1.17400873821039,96.5965,110,37
7.77413679913023,-5.59941219957163,1.17139722049818,96.6298666666667,110,37
7.79045996589469,-5.62323188628366,1.1768644447865,96.6632333333333,110,37
0.44298096757006,1.10034054089413,0.637055996741122,96.8300666666667,111,38
-2.47015257647014,3.3966685027981,0.232682318079573,97.0302666666667,112,39
-2.46111385764173,3.38847578323477,0.233185570828933,97.0636333333333,112,39
-0.223538820871143,0.0223934159962929,0.798303103320386,98.9989,113,40
6.54757689908829,-5.19306941843105,1.18493575240738,99.4660333333333,114,41
-1.1615372408109,4.75949258002033,0.680658317846199,100.834066666667,115,42
-0.396796975839578,-0.879270715818936,1.50249627232353,101.9018,116,43
-2.41544558255559,-0.15949209558805,1.43041195800281,102.435666666667,117,44
-2.51320460976935,-0.328043385351228,1.26709307695536,103.336566666667,119,44
-1.66026822710574,4.59502132900276,1.01153110739188,103.0029,118,45
0.27226769261184,0.29660749808745,0.749838409211826,106.372933333333,120,46
0.0764962204978979,0.108500213625499,0.768600373641858,106.4063,120,46
0.309615282892357,0.591588210822764,0.711503579901349,106.439666666667,121,46
-0.459873167239248,-0.938064651296129,0.923487501545301,107.5074,122,47
4.81860306365047,-4.05970533436227,1.03058030281482,107.540766666667,123,48
4.8184896735181,-4.05564580515951,1.03187101578502,107.574133333333,123,48
0.293095111480072,1.43198851843941,0.535120501186415,111.444666666667,124,49
0.293096665986022,1.43209070976762,0.535284151519015,111.478033333333,124,49
0.293471129490279,1.43207423338176,0.535153108482465,111.5114,124,49
-0.00583396002310543,0.343646276965348,0.995201115397971,113.079633333333,125,50
-4.00691255688334,-5.98782635638607,4.33568442732718,114.0139,126,51
-0.757005391029837,-0.770135988450606,1.73070101642197,114.047266666667,127,52
-0.754799919714733,-0.768008293448759,1.72993338060192,114.080633333333,127,52
-0.572255175651143,-1.01591993258415,1.36645870725947,115.949166666667,128,53
-0.511604483869863,-0.874107941230346,0.597493761960545,116.282833333333,129,53
-0.937220949265131,0.204951217218798,1.02553380555384,116.683233333333,130,54
-0.90395394745163,0.219815738997653,1.01728059881442,116.8167,131,54
-0.464203730398032,-0.859786398005317,0.895662769423487,119.2191,132,55
-0.514562959511492,0.197248300965047,1.10687546251172,121.087633333333,133,56
-0.516224623966993,0.195712612765022,1.10783416317313,121.187733333333,134,56
0.528839945036561,1.42991675303302,0.0177003100457386,121.6215,135,56
0.114997810492598,0.289507939499844,0.730703050963563,121.6215,136,56
-0.327941787977292,0.0164100745042824,0.889365656123737,121.654866666667,137,56
-0.461115117569119,-0.85161029987299,0.901257872365802,121.654866666667,138,56
-0.328802347286686,0.0171120183793946,0.890404687583094,121.688233333333,137,56
-0.805384884391737,-0.648177638604983,1.15525869331691,122.122,139,56
-0.817853255340004,-0.664452784905646,1.16019169634171,122.155366666667,139,56
-0.304376926677183,0.0720839515723898,0.914526548564766,122.188733333333,140,56
-0.300439373786781,0.0724955987099617,0.912780106468762,122.2221,140,56
-0.302375401596321,0.0695435122824553,0.913375601462783,122.255466666667,140,56
-0.30211941071289,0.0676347789235523,0.914142936661213,122.288833333333,140,56
-1.71851741288963,-0.805796951692511,1.27326278477838,122.555766666667,141,56
-1.71723036780068,-0.806707682906317,1.2720808892865,122.589133333333,141,56
0.473741434658195,1.07810298054994,0.7580018951187,122.589133333333,142,56
-1.71368391330684,-0.805917202912136,1.27132596380466,122.6225,141,56
0.457904529414952,1.05939616759058,0.758489069524904,122.689233333333,143,56
0.129552949556948,0.311508703715541,0.788263360834997,123.123,144,56
-1.75965304255836,-0.863869334637539,1.28268267301526,123.189733333333,145,56
-0.518054572598607,-0.0695911325392136,0.855046610239796,123.2231,146,56
-0.00967523654915414,0.0351632283641781,0.87250950673281,123.2231,147,56
-0.592141194941717,-0.95497045268838,1.74809191580345,123.256466666667,148,56
-0.490339782121739,-0.930148682385498,1.10117048621008,123.256466666667,149,56
-0.603142797621034,-0.972832370391979,1.75759361521526,123.289833333333,148,56
-0.487053374838613,-0.925789640087565,1.10749844210683,123.289833333333,149,56
-0.547530093352227,-0.0956746381143495,0.872096362707128,123.289833333333,150,56
-0.489179356179653,-0.929977853426281,1.11721011719116,123.3232,149,56
-0.0106849503371017,0.0343393944429151,0.880885593928149,123.356566666667,151,56
-0.489675284111618,-0.932712805220651,1.14115552933938,123.389933333333,152,56
-0.431542521630574,-0.666461663794128,1.61504852753035,123.456666666667,153,56
-0.319377710125144,-0.0967322093506422,1.1519663445363,127.260466666667,154,57
-0.206253653848643,0.0222614366638395,0.928872514641307,127.293833333333,154,57
-0.748382660385651,-0.761970420426241,1.04313116921171,127.260466666667,155,58
0.393571899057048,0.811083014310582,0.625241627231494,130.063266666667,156,59
0.181215320989451,0.263013062345424,0.809777144478524,130.13,157,59
-3.38126083648837,-0.0640377219642601,0.50705372500087,131.598133333333,158,60
-3.37338504756674,-0.0626499365487618,0.508586784173305,131.6315,158,60
-3.38751211294039,-0.0663148198004011,0.508471376685359,131.664866666667,158,60
-3.38594257131445,-0.0647653176379073,0.505703932609882,131.698233333333,158,60
-0.699430777259249,-0.941643733384015,0.87773429335504,133.266466666667,159,61
-2.38137342516816,-0.720455650501534,1.81602052578951,150.583766666667,160,62
-2.0615124427337,7.5193896571876,0.415560703783946,151.017533333333,161,63
7.73167217343101,5.55839508870925,0.71793733858139,151.217733333333,162,64
7.79348042676702,5.57056232738409,0.72403923738301,151.2511,162,64
7.80742486492491,5.55572030129059,0.727328178347573,151.284466666667,162,64
0.795339793249441,-0.961979178955356,0.939706048108663,151.8517,163,65
0.801853939980336,-1.18402625609082,0.950777670681713,152.785966666667,168,65
0.798547729936706,-1.17039039805884,0.950626615827439,152.819333333333,168,65
0.795845772136912,-1.17115561152283,0.95199685563214,152.8527,168,65
0.787647880244196,-1.15985774769107,0.956565223445382,152.919433333333,170,65
-1.40775087745795,-0.910612149469443,1.49750375146346,152.152,164,66
-1.43698617813298,-1.28862779215385,0.821050594590014,152.519033333333,167,66
-1.45176242453933,-1.30872417271203,0.826962873559989,152.5524,167,66
-1.44868361756781,-1.3206419136326,0.782927598504178,152.585766666667,167,66
0.422400388770844,0.466044971554721,0.70023266479354,152.218733333333,165,67
0.436927362419393,0.475270450584228,0.700199933769362,152.318833333333,166,67
0.698868916541213,0.6162841292746,0.655199128315899,152.886066666667,169,67
0.697031404795565,0.616321712288318,0.656718322835949,152.9528,171,67
0.576790318380142,0.636806338239866,0.692255465133624,154.120633333333,172,68
5.63943769284574,2.73954219343074,0.817391058780621,155.6555,173,69
5.61472736605805,2.72401027677554,0.819763323532126,155.688866666667,173,69
5.56688647874661,2.70254089670599,0.82131306116418,155.722233333333,173,69
5.55995539252019,2.69091954555423,0.823202693169318,155.7556,173,69
-0.089055398619132,-2.79115907300196,1.64325058733643,156.5564,174,70
-1.26888193506274,-3.0754354982888,1.46397424438871,156.7566,175,71
0.630125325013232,0.606923492170384,0.698054809105672,157.323833333333,176,72
0.528595953025021,0.654015518665238,0.679229896088387,157.390566666667,177,72
-3.39476774996015,-0.0493529967939715,0.517940525784829,157.891066666667,178,73
-3.38749382603744,-0.0492639404520827,0.518293292135795,157.924433333333,178,73
-3.37072447404739,-0.0433729491066268,0.519877146505999,157.9578,178,73
4.059688700287,1.98232858572562,0.978354038044462,157.924433333333,179,74
4.03945414171284,1.95022613929584,0.984802162054115,157.9578,179,74
4.02282414946532,1.91983115395629,0.989204112312275,157.991166666667,179,74
4.00748531005355,1.8903312747432,0.996575397150604,158.024533333333,179,74
-1.99635188327545,0.629972362739633,0.43413761640011,158.6585,180,75
-1.99465169930542,0.630575637982926,0.433970320754001,158.691866666667,180,75
-1.99750401758174,0.630061972250853,0.434354543068443,158.725233333333,180,75
-1.99744749176915,0.629885380597263,0.434919499745563,158.7586,180,75
-1.99527438245713,0.631091595452485,0.434650050406672,158.791966666667,180,75
0.0373768200707639,7.44054977411604,0.390764262286913,158.892066666667,181,76
0.703041800139037,-4.1134010890518,1.7738795251866,159.092266666667,182,77
0.722834085960466,-4.11016846856925,1.76928583943325,159.125633333333,182,77
0.694926350860355,0.625425315319001,0.686999456796494,159.159,183,78
0.959971323327092,-5.18952553579899,1.90637764779007,159.826333333333,184,79
0.952889402346109,-5.16910457008226,1.89922055965878,159.8597,184,79
0.946710096220496,-5.15681476312009,1.89436020491546,159.893066666667,184,79
0.92738228614479,-5.08432953680416,1.86999238440859,159.993166666667,185,79
0.933174277887776,-5.38104755778108,1.92359432268043,160.026533333333,186,79
0.911867513645483,-5.15681778134887,1.88263271309108,160.126633333333,187,79
0.905781882176033,-5.16442488510376,1.88551473869684,160.193366666667,189,79
0.904872692804574,-5.23397478570782,1.90181071069974,160.226733333333,189,79
0.903445686594878,-5.21811615169527,1.89696652214638,160.2601,189,79
0.900176643729779,-5.14285605898553,1.88279054873759,160.293466666667,189,79
0.909102716942533,-5.44198782739645,1.94063262863294,160.326833333333,190,79
0.911167868777983,-5.65052846085843,1.98098610314833,160.393566666667,191,79
2.42878541300577,0.683620443557354,1.13856350168286,160.16,188,80
2.40033635971897,0.672528201246642,1.1381628048538,160.193366666667,188,80
2.37247658336233,0.663624614338038,1.13579881956479,160.226733333333,188,80
2.34861321952439,0.654951792757905,1.13493921653672,160.2601,188,80
0.674975104390977,0.62198007203545,0.684763829664965,161.294466666667,192,81
0.21383071720749,-0.468085324557696,0.420514755629211,161.327833333333,193,82
0.211637248327113,-0.472902705452655,0.418520490361612,161.3612,193,82
0.207692089038435,-0.481788979471701,0.418313516392675,161.394566666667,193,82
0.369267222210305,-6.91834345658955,2.32381021286116,161.494666666667,194,83
-0.941217110006086,-3.9029701133356,1.65243918918856,161.528033333333,195,84
-0.938406388771095,-4.0169973354184,1.66703977620706,161.628133333333,196,84
-0.926288429841456,-4.02286760338985,1.66579101227453,161.6615,196,84
-0.916200300952776,-4.03549090868158,1.66776667608127,161.694866666667,196,84
-0.896726042172711,-4.01963292551869,1.66184126232066,161.728233333333,196,84
-0.856437263471918,-3.93897491384832,1.64583494294509,161.7616,196,84
-0.823140764091946,-3.88143393878032,1.63292178952331,161.794966666667,196,84
-0.759178888056792,-3.91038302499651,1.6368060335374,161.928433333333,198,84
-0.708233384243028,-3.97788383926288,1.65433868071287,162.0619,199,84
-0.687365527661659,-3.94410994839606,1.65084023720967,162.095266666667,199,84
0.525156951634512,-3.08136248429248,1.54679203152524,161.628133333333,197,85
0.521482091659969,-3.14232185123817,1.56402817970023,161.6615,197,85
0.518064506247455,-3.19195866779612,1.57899816797711,161.694866666667,197,85
-1.54958109161258,4.14979599960122,0.09024650599457,162.395566666667,200,86
-1.55113414740948,4.15232229933173,0.0900940726127287,162.428933333333,200,86
-1.55413783737628,4.15733887726449,0.0894977891595744,162.4623,200,86
-3.38903137249901,-0.0500966099608371,0.516015750775846,162.529033333333,201,87
-3.38345869945567,-0.0485683468582623,0.517084425039727,162.5624,201,87
0.297619205489213,1.41982524388486,0.538704410702878,162.595766666667,202,88
-2.43326994609231,3.57070207011101,0.219037898113037,163.4633,203,89
-2.43353879548165,3.5730858190827,0.21769325376002,163.496666666667,203,89
0.713661956775204,0.439974105581712,0.727921635361376,164.030533333333,204,90
0.787196500637691,0.224875102796625,0.702161366103672,164.297466666667,205,90
-1.98868389198504,0.631519344111166,0.451922810674732,165.198366666667,206,91
-1.5578545988981,4.14345245566475,0.126088046830821,169.0689,207,92
-1.56824095487311,4.15422682413587,0.125028888572071,169.102266666667,207,92
-1.56854182553343,4.15642979503018,0.124839884494352,169.135633333333,207,92
4.4383269177096,9.54159612811689,0.186384402012644,169.3692,208,93
4.4460708423214,9.54667929470709,0.187905778091157,169.402566666667,208,93
4.40443142034147,9.42494532885668,0.197504406194215,169.435933333333,208,93
0.636492587038888,0.627236034673961,0.698596748559375,170.0699,209,94
2.76954183225012,-2.34813837621393,1.63927015647952,170.203366666667,210,95
2.76794290357616,-2.35469368128263,1.62942688629478,170.236733333333,210,95
-3.39251477686525,-0.0596202747735541,0.515281709319701,170.703866666667,211,96
-1.76014856721599,0.74246303874501,0.973018784372043,171.604766666667,212,97
-1.76719446930573,0.731892932765182,0.971428325116382,171.638133333333,212,97
-1.77499648238588,0.720214202244888,0.969654146599441,171.6715,212,97
-1.77497111252761,0.711330202763952,0.967283574958029,171.704866666667,212,97
-1.78350809838434,0.701442034228918,0.964763143205542,171.738233333333,212,97
-1.78977505203361,0.691098318966432,0.962225091641674,171.7716,212,97
-1.79199726080712,0.68255317791372,0.958652144447306,171.804966666667,212,97
-1.796860318415,0.673000725850822,0.95627706058806,171.838333333333,212,97
-1.80335109955469,0.665351880351973,0.953258510360261,171.8717,212,97
-1.80467513578137,0.65628463426432,0.950909652724041,171.905066666667,212,97
-1.81340494983639,0.646804247047654,0.949268305187212,171.938433333333,212,97
-1.81900155162612,0.638009967790615,0.946841441480323,171.9718,212,97
-1.82023712820378,0.629637745144516,0.945236520941837,172.005166666667,212,97
-1.82407239030165,0.620802221637378,0.943395930467232,172.038533333333,212,97
-1.83249602757784,0.609627272652152,0.942217564757605,172.0719,212,97
5.22274255774064,7.88213108897559,0.251184360919321,171.8717,213,98
5.22454792508046,7.8726261694078,0.257187483563428,171.905066666667,213,98
-2.55465467835172,3.73415233668869,0.204850134630036,173.806966666667,214,99
-2.56011681413539,3.73974147565647,0.204643874898468,173.840333333333,214,99
-2.56363173163974,3.74201551593832,0.204572552759043,173.8737,214,99
-2.55931400761356,3.7398734806937,0.204119943655458,173.907066666667,214,99
-1.56177913733368,4.14409593544296,0.200903137503316,176.943433333333,215,100
-1.57007920837757,4.15291944305709,0.199897693230492,176.9768,215,100
-1.56658264144492,4.14770381481045,0.200511518316787,177.010166666667,215,100
-1.56004566642876,4.14076876985931,0.203437461210044,177.043533333333,215,100
-3.05615968871903,0.306512114570264,0.411889738279792,178.9788,216,101
-3.07086358388473,0.305514246365313,0.408980248420313,179.012166666667,216,101
-3.07910854714263,0.297606015001188,0.410031050633575,179.045533333333,216,101
-1.14443576413932,-0.315790259202242,1.08907233461844,179.5794,217,102
-1.13890737853396,-0.308018241548046,1.0880469409,179.612766666667,217,102
-1.14152581225726,-0.306065149501442,1.08849682982897,179.646133333333,217,102
-1.14189311280965,-0.304289848894692,1.08921194466463,179.6795,217,102
-1.14248181784642,-0.303080856444853,1.08950526814584,179.712866666667,217,102
-1.14330657066118,-0.30273335940303,1.09034904091701,179.746233333333,217,102
-1.1467723606768,-0.303204880029142,1.09201019171736,179.7796,217,102
-1.15023258025263,-0.303311989162523,1.09584720262874,179.812966666667,217,102
-1.15744677763544,-0.303982112236266,1.09824068255437,179.846333333333,217,102
-1.16287695790408,-0.303222797070565,1.10168438465641,179.8797,217,102
-1.16911864235444,-0.30412952642868,1.10548020151317,179.913066666667,217,102
-1.16878120338706,-0.300493728817567,1.10837736751755,179.946433333333,217,102
-1.16784565570961,-0.296936849387522,1.10897728403531,179.9798,217,102
-1.17173226694926,-0.294763010728665,1.11128039232797,180.013166666667,217,102
-1.16092208863704,-0.286957868733448,1.11183386986007,180.046533333333,217,102
-1.15974013153997,-0.28557433867256,1.11397620558637,180.0799,217,102
-1.16124660685887,-0.286321385064494,1.11611448730786,180.113266666667,217,102
-1.15041588579166,-0.279335341763192,1.1176952216997,180.146633333333,217,102
0.51190971968647,-7.00051310829668,2.50302188065246,182.215366666667,218,103
1.12897351826082,-5.92936309693517,2.11027640036971,182.215366666667,219,104
1.12360206282278,-5.73383743608743,2.05887164698208,182.248733333333,219,104
1.1307875072509,-5.73409268681634,2.05909328031938,182.2821,219,104
1.13167497939857,-5.62636533882092,2.0332534494588,182.315466666667,219,104
1.13682371114994,-5.59037076194539,2.02135168526806,182.348833333333,219,104
1.160577740369,-5.84987289159292,2.06457381484262,182.3822,219,104
1.17178395354084,-5.90458505607222,2.06949477055267,182.415566666667,219,104
1.16983265948784,-5.76891959069602,2.03707175289896,182.448933333333,219,104
1.19359809194646,-5.98459531229805,2.07677150478642,182.4823,219,104
1.19428474991884,-5.895834428221,2.05598738101824,182.515666666667,219,104
-0.133587924212247,-5.67126218636035,2.2230101943947,182.515666666667,220,105
-1.56272237126506,4.14305545152598,0.231145800535823,182.715866666667,221,106
-1.55554612795523,4.13541062304893,0.233707421340994,182.749233333333,221,106
0.159654119836466,0.455168118956005,1.16409472502948,183.550033333333,222,107
0.166983705337603,0.462009783822756,1.16616081409805,183.5834,222,107
0.183553697867093,0.478983654306173,1.17501593516716,183.6835,223,107
0.187990130588394,0.484007842999267,1.17781123255826,183.716866666667,223,107
0.190494518200501,0.488351834752246,1.18068757651901,183.750233333333,223,107
0.191261575889873,0.491714703712816,1.18345294388421,183.7836,223,107
0.193193475205026,0.494962815753996,1.1855957852128,183.816966666667,223,107
0.194817677594378,0.498837728806588,1.18709000412611,183.850333333333,223,107
0.197031421316776,0.502187598202328,1.18884096124338,183.8837,223,107
0.200329001023714,0.505322991089055,1.18973226600696,183.917066666667,223,107
0.202867750763802,0.508040843889058,1.19156565145926,183.950433333333,223,107
0.205540105971993,0.511561832647714,1.19280518520059,183.9838,223,107
0.208245718380839,0.514780835328544,1.1937531743549,184.017166666667,223,107
0.210076199430657,0.518181948506765,1.19494087021292,184.050533333333,223,107
0.212480320558479,0.521409586595303,1.19543563700603,184.0839,223,107
0.213642711655504,0.523670275563251,1.19619763091785,184.117266666667,223,107
0.216339689092318,0.525127860181604,1.195978035536,184.150633333333,223,107
0.21884924871113,0.525964734218228,1.19596543970853,184.184,223,107
0.222703596169855,0.52656101790613,1.19436802262842,184.217366666667,223,107
0.226123427345026,0.526391212673344,1.19361560382314,184.250733333333,223,107
0.230945813943486,0.526295440973777,1.19161290446291,184.2841,223,107
0.235473501709136,0.525914973670974,1.18939724749471,184.317466666667,223,107
0.640626280823366,0.618500721024826,0.6763613587803,187.253733333333,224,108
-0.49801309985699,-7.77883916770383,2.43525490275414,188.8887,225,109
-0.476679177571114,-7.59084353092921,2.39260182440732,188.922066666667,225,109
-0.513006858174866,-7.46884151413059,2.36610545672988,189.556033333333,226,109
-0.493586475329861,-7.37715419644686,2.32512120670047,189.5894,226,109
-0.498506408122955,-7.44129822130226,2.32370197921658,189.622766666667,226,109
-0.311458747398472,-6.11392519170455,2.0434474551865,189.656133333333,227,110
1.71296175162053,2.82224893670765,0.728571966618424,191.324466666667,228,111
1.71323230749007,2.82731597403008,0.729152840485654,191.357833333333,228,111
1.718805507633,2.83849675854079,0.729731508890917,191.3912,228,111
1.72799117689698,2.85309585518624,0.729230213584975,191.424566666667,228,111
1.74609741877306,2.89736038230554,0.730391592874938,191.558033333333,229,111
-1.55375548141495,4.14061226135857,0.237899352216798,192.959433333333,230,112
-1.54608225794195,4.13209824034365,0.238375572158407,192.9928,230,112
0.684871026783696,0.62724675981724,0.695355232037692,193.726866666667,231,113
1.97572459723136,4.39257081015752,0.775685428862433,194.9948,232,114
1.96014053988626,4.37604937377213,0.776061360127188,195.028166666667,232,114
1.97678068898093,4.43379572677815,0.782885471372423,195.061533333333,232,114
2.19747245149833,-6.68232274124019,2.17834361714401,197.931066666667,233,115
2.2330008525235,-6.8774059407226,2.20972121780441,197.964433333333,233,115
2.22174961570072,-6.82299156547208,2.19618652634801,197.9978,233,115
2.34845853643155,-7.52877188870859,2.30432718173685,198.164633333333,234,115
2.37591489405578,-7.68210638130536,2.32652815974387,198.198,234,115
2.38608562767871,-7.75244140119918,2.34071033200136,198.231366666667,234,115
2.43212597364361,-8.00724614660878,2.39102741338024,198.264733333333,234,115
2.43459418688723,-8.02293052216458,2.3852491825784,198.2981,234,115
2.46469222972817,-8.19181147156297,2.41507142307461,198.331466666667,234,115
-3.05594938380459,0.350492498644968,0.551799125772434,198.631766666667,235,116
-3.05840976742261,0.350336156056053,0.552078869573753,198.665133333333,235,116
-3.06153701258129,0.351861488533118,0.552337191357282,198.6985,235,116
15.2599592966298,6.08056705039981,0.832127920639723,198.731866666667,236,117
-3.05889597005289,0.353152020843422,0.553455630256103,201.367833333333,237,118
-3.06720237061866,0.352546610747902,0.55289019889217,201.4012,237,118
-3.05409722700244,0.354377772694036,0.551908084423642,201.434566666667,237,118
-3.04782613551586,0.355654280683402,0.554260243097469,201.467933333333,237,118
-2.62333852353078,3.19309951987506,0.391577320803999,202.969433333333,238,119
-2.63377258637794,3.18022416368429,0.397564517852385,203.0028,238,119
-2.65325559735044,3.1721665439027,0.402467805538861,203.036166666667,238,119
1.93639325695049,-7.29625562595886,2.33136773549038,203.3031,239,120
1.95100802890051,-7.428851282593,2.3507428630831,203.336466666667,239,120
1.92411720081222,-7.25719069555094,2.31769352873472,203.4032,240,120
1.89582043545304,-7.08282708939561,2.2818350919078,203.436566666667,240,120
1.89191384033246,-7.08495200158362,2.28050624994861,203.5033,241,120
1.88954693220516,-7.07163651849834,2.27059110184111,203.536666666667,241,120
1.89203501482677,-7.09245886935543,2.27547251430318,203.570033333333,241,120
1.87395609914163,-6.89324936712079,2.21108932015937,203.9037,242,120
1.80013099946732,-8.15615140964665,2.27209992802031,203.9037,243,120
1.34958723852727,-8.62271195188571,2.62783745792858,204.771233333333,245,120
1.36601078805695,-8.86242441790831,2.66665407034607,204.8046,245,120
1.36614758368644,-8.86442548738747,2.6662305186485,204.837966666667,245,120
1.36802185386428,-8.95585044107169,2.69360023168981,204.9047,246,120
1.3490669573373,-8.72991618392025,2.63977008673584,204.938066666667,246,120
1.35854491865375,-8.95351620161757,2.68513763942879,204.971433333333,246,120
1.38662197773025,-9.54654263527927,2.79436503923132,205.0048,247,120
1.38803140615985,-9.71620882164404,2.81361230777888,205.038166666667,247,120
-3.04869796542322,0.356164751572237,0.552979952853428,204.5043,244,121
-3.06054943906766,0.353005724175626,0.55288428258944,204.537666666667,244,121
-3.05744662598141,0.353252152941759,0.551918425395873,204.571033333333,244,121
-3.05484039160262,0.354085716728271,0.552676916220326,204.6044,244,121
0.110456390033861,1.92647431567191,0.520975203090594,205.038166666667,248,122
0.109721989111653,1.92697749598574,0.521583702085749,205.071533333333,248,122
0.109473024185443,1.92738075419294,0.521793992924673,205.1049,248,122
0.109618466060046,1.92757106380881,0.522141424360688,205.138266666667,248,122
14.7659006505914,-0.129722340466687,0.642442067276314,206.1059,249,123
-1.5612530317978,4.14620740264971,0.210497261731113,206.272733333333,250,124
-1.56403607684978,4.14920497054295,0.20969688078221,206.3061,250,124
-3.05325117291621,0.352125001119772,0.551955785297024,210.977433333333,251,125
-3.06051029970623,0.351475422906902,0.551493611451677,211.0108,251,125
-3.06106573488281,0.351209643726173,0.551912201521615,211.044166666667,251,125
-3.04526649639252,0.354760304389962,0.552059170691711,214.581033333333,252,126
-3.05231030954695,0.354227665294938,0.552362186389885,214.6144,252,126
-3.05308608679601,0.354719772336473,0.553536901644179,214.647766666667,252,126
-1.56672447960986,4.15111735242432,0.206352085965701,215.0148,253,127
-1.55955417255758,4.14188991703536,0.206009561675977,215.048166666667,253,127
1.3496681506425,-6.41860237865299,2.6399511086472,215.281733333333,254,128
1.33377580657885,-6.10205461578403,2.53138674700208,215.3151,255,128
1.33680348168902,-6.14016927087168,2.53828977927622,215.348466666667,255,128
1.46279996205071,-7.12922897642277,2.71478455245613,215.4152,258,128
1.45145990156077,-7.03353382225237,2.6963136784387,215.448566666667,258,128
1.46039423917938,-7.14501074052624,2.71872757419936,215.481933333333,258,128
1.33817751827929,-6.11092692579574,2.52301908723797,215.5153,260,128
1.80831505987771,-7.92480550169172,2.07174052519976,215.3151,256,129
1.80773392649087,-7.92196270709061,2.09646774563338,215.348466666667,256,129
1.80150198190608,-7.89181768278011,2.1029991622535,215.4152,259,129
1.8246224654878,-8.03571478613474,2.14426285286698,215.448566666667,259,129
1.84749027180568,-8.23952197027184,2.17640093574649,215.481933333333,259,129
1.83749263723734,-8.14438089016949,2.15768217096414,215.5153,259,129
1.14244193659411,-4.67676282665467,2.17125696594975,215.4152,257,130
1.15683606653682,-4.79747297780809,2.20354081916313,215.448566666667,257,130
1.15347966267408,-4.78814059755345,2.19993127347263,215.481933333333,257,130
13.2734353349536,-7.39617928047518,1.57869337454287,217.984433333333,261,131
13.0572313859682,-7.25134744752443,1.55854370732026,218.0178,261,131
0.570367459662365,1.70266591130619,0.610310203938561,219.586033333333,262,132
0.568078052654244,1.70366766442591,0.610799388791893,219.6194,262,132
0.567190973416901,1.70422128232591,0.611619195698558,219.652766666667,262,132
0.565549733011577,1.70479098938548,0.611807473618467,219.686133333333,262,132
-3.06359783642394,0.347129847724932,0.550007308793816,220.1199,263,133
-3.05725762374786,0.348188475236349,0.550303603287234,220.153266666667,263,133
-3.0512353656463,0.349330151847694,0.549952262634361,220.186633333333,263,133
-3.07763232964964,0.344388661807762,0.549739102787693,220.22,263,133
10.8961841811345,-6.44000493697328,1.51963233332009,220.8206,264,134
10.9718179983859,-6.49970598898154,1.53718931092845,220.853966666667,264,134
-1.73535455799487,3.98314780158013,0.473312465981427,221.154266666667,265,135
-1.71857135176298,3.97552100264348,0.464738610499405,221.187633333333,265,135
-1.72587170408912,3.99159515021775,0.456308751183303,221.221,265,135
-1.72066700927167,3.99147125245007,0.447991726853487,221.254366666667,265,135
-1.71991132045938,3.99409794681478,0.439541536001445,221.287733333333,265,135
-1.71838985729773,3.99730138048374,0.43126946520393,221.3211,265,135
-0.836242532577084,5.46420499079173,0.876710424678976,221.988433333333,266,136
-0.873983500630798,5.47474887093979,0.878305538247659,222.0218,266,136
-0.895867527322789,5.45038123554386,0.878308699362686,222.055166666667,266,136
-0.92763800143445,5.44889212856048,0.878239261822126,222.088533333333,266,136
1.6995736345668,-6.74106928511716,2.21121987620406,222.655766666667,267,137
1.41375982709126,-4.56495082357835,1.79575176424523,223.0228,268,138
1.40313589150972,-4.46780843401468,1.76318125267434,223.056166666667,268,138
1.48551776990542,-5.12849766927361,1.91337637338374,223.089533333333,269,138
-0.431270250794325,-4.93937817133202,2.01643972542645,223.223,270,139
-1.97499474334832,4.52188501399919,0.936508963838292,224.1239,271,140
-1.98786487153293,4.52652691769735,0.940359901662262,224.157266666667,271,140
-1.98729216637307,4.51593861308618,0.942569125719828,224.190633333333,271,140
-1.5589801879734,4.14290854875143,0.185044970282442,224.457566666667,276,140
-1.55501265668284,4.13857195339636,0.18650006299074,224.490933333333,276,140
-2.2675569183472,3.66325456003764,0.663026531640617,224.857966666667,280,140
-2.26803164502949,3.66620556653052,0.662109573551005,224.891333333333,280,140
-2.26349141144741,3.6647555144702,0.662291951053299,224.9247,280,140
-2.27594772515483,3.67820289651673,0.660981628338351,224.958066666667,280,140
-2.27478889280471,3.68163532017144,0.660573141701566,224.991433333333,280,140
-2.27192446948305,3.68314793294191,0.659231138611597,225.0248,280,140
-2.26840799069223,3.68417796621204,0.659713839932052,225.058166666667,280,140
1.17945790265706,-5.54685984471443,2.41169589086288,224.257366666667,272,141
1.16555433384586,-5.36791246479526,2.35695341097425,224.290733333333,272,141
1.18842748279823,-5.66959856016391,2.43448960216535,224.3241,273,141
1.18481495739908,-5.60460340491987,2.41166535194996,224.357466666667,273,141
1.22711215538912,-6.09190720264062,2.52898011655917,224.390833333333,274,141
1.16831494348374,-5.32873528349589,2.33496116787161,224.4242,275,141
1.1707944599054,-5.36650669170408,2.345958497656,224.457566666667,275,141
1.2224935838535,-6.04342921874501,2.521491489746,224.490933333333,277,141
1.22449972052613,-6.00725321495198,2.50262864903421,224.557666666667,278,141
0.838886300029185,1.05298280430361,0.649362365191414,224.657766666667,279,142
7.57233656594395,-5.70073756896466,1.355689579943,225.7255,281,143
7.57275830174122,-5.73042574255174,1.35839568444922,225.758866666667,281,143
7.52788220077158,-5.70897349124568,1.3541095225932,225.792233333333,281,143
-1.84679794835459,5.44365224704453,0.474484633471006,226.5263,282,144
-1.86530774278465,5.46187660091661,0.471313619762926,226.559666666667,282,144
11.8405778681246,-8.56432412512971,1.52043858068601,227.160266666667,283,145
0.66923996703019,0.66805749743278,0.760101083221933,227.760866666667,284,146
0.638868772388166,0.432429623350502,0.712609267677706,230.196633333333,285,147
3.6008293389566,8.61337102872682,0.621376514703202,231.998433333333,286,148
3.65296530775895,8.76821252029198,0.624243499468116,232.0318,286,148
3.53490543829902,8.50051908233103,0.618995127613351,232.065166666667,286,148
3.59257338826381,8.79868117394083,0.625245640742512,232.198633333333,287,148
3.64660588184472,9.05433054054349,0.623237463033767,232.298733333333,288,148
3.48407513230859,8.64131716441264,0.615566937248519,232.3321,289,148
3.60326354315392,9.05810455733556,0.615345690817727,232.398833333333,290,148
-1.96226927712882,3.71110662018727,0.618754864684113,234.867966666667,291,149
-1.96213344757056,3.71310721153591,0.620275980411131,234.901333333333,291,149
-1.95075103736908,3.71034830190302,0.619068261275454,234.9347,291,149
1.32054043885877,-0.0737976330623035,0.787437556873116,235.702133333333,292,150
-0.46978857214879,4.79404508410816,0.935763205787398,239.3391,293,151
-0.478460365843271,4.79053726337318,0.938504817105426,239.372466666667,293,151
-0.477433245350075,4.76722534349216,0.93870519840866,239.405833333333,293,151
-0.489482857369861,4.77895814769561,0.940392002536512,239.4392,293,151
-0.489752628338517,4.7542961026875,0.940330336087298,239.5393,294,151
-1.56874344263933,4.14603203427103,0.115236081854237,239.973066666667,295,152
-0.513984038943711,3.79631025386571,0.843733233376622,244.811233333333,296,153
-0.52787095331474,3.80128904941575,0.845610776805604,244.8446,296,153
-0.536136896845356,3.79086889997477,0.846628085272081,244.877966666667,296,153
-0.543693355714336,3.77773091919157,0.845541529283105,244.911333333333,296,153
-0.554611422435497,3.771814863173,0.845963482587459,244.9447,296,153
-0.55910014982136,3.76109109622992,0.846099851419726,244.978066666667,296,153
-0.571561218262142,3.76060459427505,0.84750237425469,245.011433333333,296,153
-0.572886900629643,3.74667226907948,0.846794608803391,245.0448,296,153
-0.576565052887688,3.73257584118994,0.84629373925231,245.078166666667,296,153
-0.589379945966336,3.73990147899973,0.847560360245202,245.111533333333,296,153
-0.598549084373089,3.73948566947634,0.848025191416224,245.1449,296,153
-0.597085915512841,3.72352692006315,0.845549493890976,245.178266666667,296,153
-0.601613032931513,3.71744490184628,0.842548166948339,245.211633333333,296,153
-0.601139513611275,3.71033969367745,0.840058388094752,245.245,296,153
-0.611547816392262,3.71895060160397,0.839000663571191,245.278366666667,296,153
-0.609812260787673,3.71045128355948,0.835707675521475,245.311733333333,296,153
-0.614838784266047,3.70940387231467,0.833813981244971,245.3451,296,153
-0.614793426706916,3.69904636002244,0.829668790293396,245.378466666667,296,153
-0.628354823496771,3.71454850952208,0.828953616451529,245.411833333333,296,153
-3.19354174826548,-1.50649218189729,1.13294802103777,244.9447,297,154
-2.91051269075193,-1.57810238143092,0.960517497981389,245.0448,298,154
-2.92766065771287,-1.58124751111308,0.962698927077347,245.078166666667,298,154
-0.857821132412606,4.35401860068298,0.430330760292956,246.713133333333,299,155
-0.862395099986073,4.37419573593053,0.429487461980834,246.7465,299,155
-3.52558327474304,-0.575829596849619,0.917394158652318,247.614033333333,300,156
-3.56767316487761,-0.571941051193283,0.922361841537283,247.6474,300,156
-0.773853124263239,3.28555370261726,0.468271812402205,248.481566666667,301,157
-0.781172749313895,3.2929731802689,0.469170185697143,248.514933333333,301,157
-0.786706626019862,3.29836172851098,0.470815073216195,248.5483,301,157
-0.788713332623785,3.29815893808656,0.471752947283813,248.581666666667,301,157
-0.790076758494361,3.29690927654113,0.474294062683943,248.615033333333,301,157
-0.79391523608515,3.30195819114477,0.475339975258222,248.6484,301,157
-0.798136689925219,3.3086434521982,0.476637640873048,248.681766666667,301,157
-0.801560489463992,3.31496068109506,0.478276631809035,248.715133333333,301,157
-0.803076669407574,3.31715886064457,0.480193954883058,248.7485,301,157
-0.804696051132981,3.32230454382729,0.479853664272771,248.781866666667,301,157
-0.801713645655393,3.31967434362831,0.481957879397856,248.815233333333,301,157
-0.805831559579451,3.32444669081606,0.483939189584228,248.8486,301,157
-0.804842300659597,3.32175355069649,0.485652697820763,248.881966666667,301,157
-0.8035681354865,3.31811432646135,0.488324968622402,248.915333333333,301,157
-0.811131458560555,3.32371457498689,0.490851951258087,248.9487,301,157
-0.808802474147362,3.31802378991682,0.493090365987129,248.982066666667,301,157
-0.812257234386417,3.32170218234134,0.494202970231218,249.015433333333,301,157
-0.816840552622886,3.3283098558374,0.498763546039388,249.0488,301,157
-0.810661519636986,3.32662967849458,0.499629857999235,249.082166666667,301,157
0.17313276302447,1.44763842535869,0.576969337817845,249.182266666667,302,158
-5.95453710673483,-0.230600420816048,0.766669344957616,249.215633333333,303,159
-5.97024797590191,-0.229212135149566,0.77054038489119,249.249,303,159
0.0670404408387023,4.43526256505232,0.51514867936743,249.515933333333,304,160
0.0695282971078666,4.42659147837353,0.516374745556974,249.5493,304,160
0.0696972799484147,4.42932481154869,0.517149400871019,249.582666666667,304,160
0.0783121106618457,4.4069984315373,0.518908695173606,249.616033333333,304,160
0.0385807998284265,4.56327678906271,0.517296932080251,249.6494,304,160
-4.27404118519176,0.548686908246715,1.01881123600124,250.016433333333,305,161
-4.29207115072658,0.556993302551513,1.01735497984411,250.0498,305,161
-4.2701513110309,0.566895397310039,1.01276420757688,250.083166666667,305,161
0.403184179491256,4.15966573424561,0.592334183059025,251.684766666667,306,162
0.413461355006584,4.11444500168443,0.597424349514188,251.718133333333,306,162
0.415799317291114,4.1182186733726,0.601976721502836,251.7515,306,162
0.420432789645307,4.09180327034693,0.60531785091103,251.784866666667,306,162
-6.81524545062574,-0.210447259672902,1.1969415468542,253.219633333333,307,163
-6.79778219289663,-0.2001872649112,1.19245140140049,253.253,307,163
-6.78985378852736,-0.191070237531214,1.18691480496477,253.286366666667,307,163
-6.79027086282145,-0.182247263829184,1.18348419363358,253.319733333333,307,163
0.36210998457422,3.97718528659733,0.855358907773653,254.287366666667,308,164
0.334694061139792,3.99385204531347,0.862052188953364,254.320733333333,308,164
0.308613069740566,3.99058153166107,0.866090470321639,254.3541,308,164
0.283002607157456,3.984439389098,0.870003111465474,254.387466666667,308,164
-0.713202226248091,4.69397009504398,0.663237679364358,256.589666666667,309,165
-0.721884991396548,4.72472319209866,0.662814726995435,256.623033333333,309,165
-0.724571186248796,4.74478678202823,0.659794961849189,256.6564,309,165
-5.57988220313004,-0.71899394384293,0.93626937509803,257.023433333333,310,166
-5.58000242442394,-0.72056715950135,0.934748573896624,257.0568,310,166
-5.55414677087179,-0.711065716313252,0.93351080541737,257.090166666667,310,166
-5.56472689758209,-0.713458492292263,0.934599763504869,257.123533333333,310,166
-5.55547445332012,-0.711495403367073,0.93361638861805,257.1569,310,166
-5.55330231283744,-0.709966942065275,0.930194798384961,257.190266666667,310,166
-5.57676657893376,-0.719829452202868,0.932164432228456,257.223633333333,310,166
-5.57684703737714,-0.719945259019734,0.929564417634918,257.257,310,166
-5.56422575792359,-0.731998791795016,0.926913249626809,257.423833333333,311,166
-0.427596177864836,4.9688150703504,0.478747402225687,258.725133333333,312,167
-0.422373027041066,4.95244733341797,0.480144264805146,258.7585,312,167
-0.431798499298339,4.96651948038982,0.48247100051332,258.791866666667,312,167
-0.439187233793647,4.98122142451165,0.484602123829696,258.825233333333,312,167
-0.384690956202453,4.08097533185408,0.510039645305426,258.891966666667,313,167
-0.38282271602257,4.08414968497037,0.507600515400586,258.925333333333,313,167
-0.377225390641915,4.078405431239,0.507911648252266,258.9587,313,167
-0.370408300288028,4.06856828010621,0.506389519316189,258.992066666667,313,167
-0.366725532585965,4.06868771393716,0.504928848224827,259.025433333333,313,167
-0.357381973216355,4.04991958859728,0.506135724932735,259.0588,313,167
-0.370765146471496,4.07976445487707,0.505222899510251,259.092166666667,313,167
-0.367081982594611,4.06693246546802,0.505354934535043,259.125533333333,313,167
-0.355363480576432,4.03948570425313,0.5157978052382,259.325733333333,314,167
-0.354709590097476,4.03693728578677,0.519349548652205,259.3591,314,167
-4.93942972688669,-1.75364089661118,1.20243010188221,261.027433333333,315,168
-4.90640543365719,-1.74373450344678,1.20685401818677,261.0608,315,168
-0.326629326900003,4.95569467668768,0.468780175151668,261.261,316,169
-0.327217503990572,4.9505730543468,0.46967058684336,261.294366666667,316,169
-0.341426434073197,4.99004152495506,0.46937997665248,261.327733333333,316,169
-0.342579019037953,4.98428233689152,0.46921537977431,261.3611,316,169
-0.510653705874906,4.20470826170613,0.569178383791339,261.828233333333,317,169
-0.507943351002827,4.20568464471918,0.568444835938801,261.8616,317,169
-0.511164053921421,4.2187063031179,0.566218008527033,261.894966666667,317,169
-0.507206031728152,4.21918461771919,0.564325468207651,261.928333333333,317,169
-0.50894740108795,4.23059170182263,0.563674135959015,261.9617,317,169
-0.0802021200271034,4.20729716873318,0.579965764666446,263.997066666667,318,170
-0.0816085959176622,4.2068118411601,0.581542401243998,264.030433333333,318,170
-1.21135868845894,3.88650209777504,0.684105998844061,264.831233333333,319,171
-1.22450922817956,3.87728353435571,0.685593642818827,264.8646,319,171
-1.24056095364545,3.87574795173094,0.688070137058732,264.897966666667,319,171
-1.23767069430398,3.85349891479039,0.688863635718145,264.931333333333,319,171
-1.31615973069781,3.80772512613672,0.71799006449511,265.198266666667,321,171
-1.32003388865823,3.80150658032159,0.722667384188279,265.231633333333,321,171
-1.3658684721725,3.80473534670907,0.739923510321228,265.398466666667,323,171
-1.36882100452986,3.80097041273683,0.741404551749302,265.431833333333,323,171
0.228339471501673,1.25025320442412,0.648500968538705,265.1649,320,172
-8.39224897536946,-1.95590351913466,1.3261606483869,265.198266666667,322,173
-8.38188157865359,-1.96785166418534,1.33333089015084,265.231633333333,322,173
-1.2911329642568,4.31657502869738,0.868873300647239,269.5693,324,174
-1.29188615682918,4.32327462743537,0.869473646900449,269.602666666667,324,174
-1.28441574984164,4.31447100031099,0.869968080001664,269.636033333333,324,174
-1.28696592377531,4.32633563492677,0.870755144440369,269.6694,324,174
-1.27779644836926,4.32242222895299,0.870272486860963,269.702766666667,324,174
-1.27284060084267,4.32125549866777,0.870311690351705,269.736133333333,324,174
-1.26494587890751,4.31906234438017,0.871543199276754,269.7695,324,174
-1.26756769970748,4.32692215726449,0.872867588405172,269.802866666667,324,174
-1.26958196157249,4.3329060912792,0.873635855988273,269.836233333333,324,174
-1.27064660160802,4.33546616077002,0.874007566830961,269.8696,324,174
-1.26847284041918,4.33079716013649,0.873716324106267,269.902966666667,324,174
-1.27261857123789,4.33697018619576,0.874312484598734,269.936333333333,324,174
-1.27780237850759,4.34300395157722,0.874715445008018,269.9697,324,174
-1.27086021702179,4.33134474722537,0.874401544962307,270.003066666667,324,174
-1.27644699726146,4.33843554284535,0.874180348830418,270.036433333333,324,174
-1.28112627247456,4.34714038239966,0.873625725805934,270.0698,324,174
-1.27070147570587,4.33101011857598,0.870656985293587,270.103166666667,324,174
-1.27681635882951,4.34326701389574,0.87054317705195,270.136533333333,324,174
-1.27333379260762,4.35109478856116,0.862445164150612,270.236633333333,325,174
0.175435621601198,4.98078707554263,0.570792770706282,272.205266666667,326,175
0.167584985801321,5.00394580430806,0.573568108561287,272.238633333333,326,175
0.164031293844361,5.01982471323454,0.576533134107095,272.272,326,175
0.157132407068967,5.05016275415261,0.579220462580995,272.305366666667,326,175
-2.24083474493355,0.220866609674792,0.669314817736312,273.940333333333,327,176
-2.23721695314103,0.217205432344953,0.664749375762703,273.9737,327,176
-2.2336893649885,0.21531317826535,0.660751148472438,274.007066666667,327,176
-2.23848582164994,0.211662577477168,0.656098650275312,274.040433333333,327,176
-2.23179386789598,0.208532991465486,0.652517742273391,274.0738,327,176
-2.23050834805203,0.2038709401202,0.648998099087691,274.107166666667,327,176
-2.23247038466099,0.194484874545523,0.64620623281813,274.140533333333,327,176
-2.2303856926608,0.186138042703786,0.642082764658286,274.1739,327,176
-2.23072467864768,0.175122528005716,0.639810434999113,274.207266666667,327,176
-2.21546000245038,0.171714833570775,0.638261994959495,274.240633333333,327,176
-2.21919774125968,0.16223849819028,0.637230826901366,274.274,327,176
-2.2121547406851,0.155562850734969,0.637840751341637,274.307366666667,327,176
-2.20580493463942,0.149960395276991,0.638263276599233,274.340733333333,327,176
-2.20687882121748,0.14312542241499,0.640402762090831,274.3741,327,176
-2.19772414019593,0.140714808121618,0.642440222313469,274.407466666667,327,176
-2.19628842189478,0.137246933032796,0.643922609397442,274.440833333333,327,176
-2.18731096744706,0.137526947167519,0.646359315188444,274.4742,327,176
-2.18434719619251,0.138041855119332,0.648790205297306,274.507566666667,327,176
-2.18193479752074,0.136736157041325,0.651048974566811,274.540933333333,327,176
-2.17642030912518,0.138865965292243,0.654260359194252,274.5743,327,176
-2.1842890719113,0.135816970977495,0.659020903062237,274.607666666667,327,176
-2.19042729913014,0.136945178402846,0.662550980671407,274.641033333333,327,176
-0.692746168416808,4.73208064511649,0.649300298733784,275.341733333333,328,177
-0.689629261793638,4.71434948365393,0.648318996106603,275.3751,328,177
-0.687098377688749,4.6911559102068,0.647997286861191,275.408466666667,328,177
-0.700917901985605,4.70330932503625,0.64729184081587,275.441833333333,328,177
-0.702009542367469,4.68564318544821,0.648160414589266,275.4752,328,177
0.417794347294945,4.7642534048609,0.435865331791262,276.7765,329,178
0.415622477311383,4.7929968179411,0.438763117102792,276.809866666667,329,178
0.416915355842237,4.76708259016769,0.442741916035903,276.843233333333,329,178
0.411520514194706,4.82783151150876,0.444776441220779,276.8766,329,178
-0.485672860753987,9.40207214554683,0.304109836234723,277.710766666667,330,179
0.10865622014888,8.76828242701909,0.280861918393115,280.046433333333,331,180
1.88353771796424,-0.0358234862719238,1.53959441691828,280.813866666667,332,181
1.86838460503151,0.00167637608403437,1.53100763293362,280.847233333333,332,181
1.8584403638726,0.0340829899473778,1.52704366857148,280.8806,332,181
1.84681531560226,0.0668313778955345,1.52183695687656,280.913966666667,332,181
1.83968200549854,0.0947427149022889,1.51958302121797,280.947333333333,332,181
0.696299354271123,7.66766376470868,0.742211987002632,281.314366666667,333,182
0.701819918868683,7.55697766576535,0.743988857807998,281.347733333333,333,182
0.705871710364282,7.59992694864826,0.752007194520361,281.3811,333,182
0.707123770032863,7.54021002189472,0.757676766435394,281.414466666667,333,182
0.703471647159171,7.60009013584102,0.764952898394121,281.447833333333,333,182
-0.150469326669442,2.18561824212106,1.22142080893879,283.3831,334,183
-0.188450158233069,2.19443937427187,1.22251067437636,283.416466666667,334,183
-0.228490318472694,2.20311068643905,1.22276024358504,283.449833333333,334,183
-0.265034601247885,2.21076634921034,1.22274607436164,283.4832,334,183
-0.299814966092328,2.21892703888012,1.22263191948108,283.516566666667,334,183
0.902181465511696,7.29458553992847,0.8164309416165,283.6834,335,184
0.891876475265692,7.15674851911291,0.815800474747362,283.716766666667,335,184
0.883980207728538,7.19161910370112,0.820924643916046,283.750133333333,335,184
-11.9640114020869,-3.1516403744447,1.04850440137077,287.720766666667,336,185
-1.53039259524807,5.98503197734115,0.405327666510629,288.054433333333,337,186
-1.53760481046683,6.01611115867538,0.405191309724607,288.0878,337,186
-1.53843527453843,6.10324834860261,0.409301083436551,288.254633333333,338,186
-1.49829324103707,6.03713290991991,0.414868370202487,288.288,338,186
-2.76045167674813,4.33701586071718,0.693997472096774,289.555933333333,339,187
-2.77506967327525,4.34488987499319,0.697899754990737,289.5893,339,187
-2.78055585283099,4.34293722361053,0.701423396429301,289.622666666667,339,187
-2.77714414894955,4.33625065327201,0.705909584767294,289.656033333333,339,187
-2.78123407736829,4.33511961287047,0.709045064910543,289.6894,339,187
-2.77854059212466,4.32529916095191,0.71167991804231,289.722766666667,339,187
-2.78142261035356,4.32249064361923,0.712947579479616,289.756133333333,339,187
-2.77790200394225,4.31300544901258,0.71565122285134,289.7895,339,187
-2.7901778329775,4.32069724233605,0.719725764598983,289.822866666667,339,187
-2.79017043561953,4.31501851779665,0.722122836267599,289.856233333333,339,187
-2.78043404965852,4.30206729365853,0.723691846288408,289.8896,339,187
-2.7817882093222,4.30018787669986,0.723333162134206,289.922966666667,339,187
-2.78373858674337,4.29787417633102,0.724866958638565,289.956333333333,339,187
-2.78480004505278,4.29975338753514,0.729038433388093,290.023066666667,340,187
-2.79466016348176,4.30283211097115,0.727592763406778,290.056433333333,340,187
-2.77043505749192,4.28214047953144,0.726418568989623,290.0898,340,187
-3.14297074781455,4.19371998638326,0.89515716690903,291.4912,341,188
-3.14981708729418,4.19220184775242,0.89694507671608,291.524566666667,341,188
-3.15172300410515,4.18543395765649,0.898293232526857,291.557933333333,341,188
-3.1432467693301,4.25129769370192,0.980336611662413,293.526566666667,342,189
-3.11526275358386,4.2313969080915,0.977690464399701,293.559933333333,342,189
-3.10407219076579,4.22949204445922,0.978817682211911,293.5933,342,189
-3.08242663522441,4.21806441118562,0.977138531956231,293.626666666667,342,189
-9.50889560889382,-3.67658648980944,1.15035916786648,295.228266666667,343,190
0.563254891206183,2.75792016000853,0.742657750609701,298.831866666667,344,191
0.557005712050158,2.75339089340624,0.741385892898764,298.865233333333,344,191
0.548146968938435,2.75782840750819,0.741468760086825,298.8986,344,191
0.538267449560731,2.76032793150351,0.74185528360381,298.931966666667,344,191
0.527811175864519,2.76323333283399,0.741365162470997,298.965333333333,344,191
0.516061430530984,2.76579998868689,0.741298260763873,298.9987,344,191
0.504774434417148,2.7689711378146,0.741019876055643,299.032066666667,344,191
0.495753785142349,2.76730817649846,0.74036030371073,299.065433333333,344,191
0.488017620828065,2.7679377911404,0.740023512715539,299.0988,344,191
0.482714143470402,2.76450869370437,0.739500383088445,299.132166666667,344,191
0.475751989217537,2.77126841591525,0.740062196756781,299.165533333333,344,191
0.46886201345429,2.77761404966808,0.740872143334965,299.1989,344,191
0.462142445251111,2.77953600797444,0.740827561426434,299.232266666667,344,191
0.454058654654747,2.78830923070995,0.741880047760741,299.265633333333,344,191
0.447396376313778,2.78666722039807,0.741524695368863,299.299,344,191
0.438591000680399,2.79344279967768,0.741662811731548,299.332366666667,344,191
0.433000114160905,2.78580765013347,0.740196450913163,299.365733333333,344,191
0.425087663723305,2.78563882235187,0.739945637296699,299.3991,344,191
0.416585610182983,2.78801056940134,0.739865856206573,299.432466666667,344,191
0.40873631117511,2.78907734290727,0.739823492374256,299.465833333333,344,191
-8.09138336773522,-4.01541377383032,1.16365383706039,298.9987,345,192
-7.96301822348726,-3.94720414532077,1.15474286968991,299.032066666667,345,192
-2.55456125008746,6.10352616923249,0.909744030449298,299.032066666667,346,193
-2.5584213192422,6.13322486814836,0.914854498464488,299.065433333333,346,193
-7.562591471961,-4.2800616036431,1.2849989602972,300.967333333333,347,194
-7.54573744137432,-4.28703024409817,1.28840314789212,301.0007,347,194
-6.53835648410403,-4.36732532877385,1.2695589197373,303.036066666667,348,195
-6.50236224804334,-4.3503703641125,1.266736365136,303.069433333333,348,195
0.356932763435083,2.57305981164283,0.682778045161021,304.170533333333,349,196
0.360749868269966,2.57076040361931,0.683603409730251,304.2039,349,196
0.362743675844519,2.57093077910412,0.685052001650583,304.237266666667,349,196
0.363869815357581,2.57263116676812,0.687469442670079,304.270633333333,349,196
0.365849377737156,2.57194195908993,0.689472551971149,304.304,349,196
0.367958247982093,2.57297689184469,0.692125503317264,304.337366666667,349,196
0.371025637218019,2.57056848410779,0.694749835389381,304.370733333333,349,196
0.374100524490087,2.56917518022596,0.697266256073399,304.4041,349,196
0.377928183880011,2.56696377303696,0.699912144226958,304.437466666667,349,196
0.38348828828507,2.56403019670845,0.701365212653343,304.470833333333,349,196
0.392179641710835,2.56095945102724,0.701840642301129,304.5042,349,196
0.399697409296917,2.56583672284478,0.701935420981723,304.537566666667,349,196
0.412007721022434,2.55899592777223,0.701169798212178,304.570933333333,349,196
0.420538111458991,2.56168536859799,0.701517619379742,304.6043,349,196
0.431751176165917,2.55728234185736,0.701030745042949,304.637666666667,349,196
0.44050229618125,2.55612136608092,0.700820932248449,304.671033333333,349,196
0.448066215831325,2.55351806675506,0.70051456073043,304.7044,349,196
0.454342704131605,2.55213719984944,0.700738828090578,304.737766666667,349,196
0.460577390366924,2.54904140533245,0.701080345853729,304.771133333333,349,196
0.465572272819378,2.54801391194162,0.701773967299441,304.8045,349,196
-1.55424615748867,8.90674773847119,0.846780932718421,305.171533333333,350,197
-1.57681112261042,4.12386489969503,0.14623745224872,306.2059,351,198
-1.58065370335754,4.12937586678668,0.145783666005536,306.239266666667,351,198
-1.58449103972937,4.13374724179562,0.143976018779824,306.272633333333,351,198
-2.0382168273881,0.646174682840425,0.894338068809273,306.2059,352,199
-2.03833629291092,0.652252685879638,0.89298913696993,306.239266666667,352,199
-2.03887967157436,0.660400875623405,0.891336258533427,306.272633333333,352,199
-2.04225880950677,0.667780850139923,0.888229204789684,306.306,352,199
-2.05105168336884,0.671744604973557,0.887018223089363,306.339366666667,352,199
-2.05200181544554,0.677003105711009,0.884799490096028,306.372733333333,352,199
-2.04594124285027,0.680508001225951,0.881433221543631,306.4061,352,199
-2.04475350305996,0.682948586865995,0.878322117722651,306.439466666667,352,199
-4.85836968742364,-4.52476813037537,1.24801094830847,306.9066,353,200
-4.80713297553016,-4.48454373589821,1.24376382769394,306.939966666667,353,200
-4.82571560089122,-4.51763152832254,1.24709362587487,306.973333333333,353,200
-1.48648643264229,1.1876333330557,0.840028670788553,308.5082,354,201
-1.48336985544993,1.18060204370198,0.840735846147991,308.541566666667,354,201
-1.47921548811067,1.17402615578947,0.8421973250907,308.574933333333,354,201
-1.475412019584,1.16878922255168,0.844596629818197,308.6083,354,201
-1.47211263242323,1.16550417721865,0.847128330464723,308.641666666667,354,201
-1.47276405059847,1.16405935042518,0.850376804188856,308.675033333333,354,201
4.98529922354375,11.6012134858354,0.199793773064951,308.574933333333,355,202
-4.04497856132932,-4.38042460552436,1.27775777020876,308.875233333333,356,203
-4.03229882637413,-4.3594744558695,1.2809755343279,308.9086,356,203
-1.0293282583843,0.891374241998354,0.798830731079888,310.476833333333,357,204
-1.02191223940124,0.883701058271614,0.80322592038073,310.5102,357,204
-1.01507248606352,0.875594325571723,0.807363382019005,310.543566666667,357,204
-1.00888751190646,0.866986038560062,0.811736507546401,310.576933333333,357,204
-1.00277303600019,0.859482804323553,0.814903653381309,310.6103,357,204
-0.995067705500456,0.853534971780525,0.817715165581356,310.643666666667,357,204
-0.988693611771647,0.847943309132269,0.820368658811384,310.677033333333,357,204
-2.10371545004764,3.239294134594,0.750974473430925,310.5102,358,205
-2.11444493928682,3.25133227840042,0.756681354064811,310.576933333333,359,205
-2.00833713597758,0.311143196442398,0.71070268697369,310.943966666667,360,206
-2.00590848654336,0.312568814358888,0.709981179131265,310.977333333333,360,206
-2.01108840457811,0.310236131617483,0.710267531591521,311.0107,360,206
-2.00593902285744,0.311191686923463,0.709767841254783,311.044066666667,360,206
-2.01162388787643,0.307453623165946,0.707812578023244,311.077433333333,360,206
-2.00946701596153,0.305777299918774,0.708256156804057,311.1108,360,206
-2.00695425860048,0.305892595185334,0.70776808007358,311.144166666667,360,206
-2.01218675332361,0.303768936393923,0.707437213759288,311.177533333333,360,206
-2.01492075078173,0.303570988246034,0.705873924072443,311.2109,360,206
-2.00660568530558,0.305530089874486,0.706197575262632,311.244266666667,360,206
-2.00723881243039,0.307845448208721,0.706033200870167,311.277633333333,360,206
-2.0031473766651,0.312374097840781,0.705779855156508,311.311,360,206
-2.00376421541072,0.315370738206469,0.706451595053187,311.344366666667,360,206
-1.99780247208516,0.317402446642035,0.703096894024362,311.377733333333,360,206
-1.9948782973978,0.319207592536436,0.70046093729289,311.4111,360,206
-1.99190691610253,0.32106279585357,0.696412500993491,311.444466666667,360,206
-1.9894086812303,0.32439677821893,0.692734432323093,311.477833333333,360,206
-1.98211356585726,0.329394668198184,0.686474078822332,311.5112,360,206
-1.98802028069443,0.330304320864009,0.68196009237773,311.544566666667,360,206
-1.98159316711949,0.333334605483735,0.675255649153436,311.577933333333,360,206
-1.98287953672463,0.334198513167748,0.670185969729654,311.6113,360,206
-1.98712260163522,0.332085737433912,0.665738365324265,311.644666666667,360,206
-1.98626794606631,0.331808731627654,0.660770848080686,311.678033333333,360,206
-1.98445921120411,0.332539383894402,0.657266051415907,311.7114,360,206
-1.98201480842814,0.331030437194758,0.65526410054517,311.744766666667,360,206
-1.98066328661237,0.326367132842779,0.651579800954141,311.778133333333,360,206
4.89753243433382,10.3435485177393,-0.0125916783347676,311.2109,361,207
4.92037111397101,10.3749709521793,-0.00546221423912152,311.244266666667,361,207
-0.669153938527238,0.386418858957836,0.701483494351428,313.046066666667,362,208
-0.670370325007124,0.383613570309626,0.705783780348054,313.079433333333,362,208
-0.668462975512757,0.382898825995104,0.710716177178215,313.1128,362,208
-0.666728824207841,0.382861552810786,0.715811066590173,313.146166666667,362,208
-0.663914567750794,0.38413545017588,0.719769717922972,313.179533333333,362,208
-0.661228473518008,0.384241355976593,0.722849003161552,313.2129,362,208
4.28879854482564,9.91751063028432,0.409589101565558,313.346366666667,363,209
4.22481453227032,9.78396340847959,0.419421324953791,313.379733333333,363,209
-11.2188502080827,1.65864712585426,1.19839829453668,313.980333333333,364,210
-0.511972728128828,0.261167142562065,0.72015407001769,314.9146,365,211
-0.509554102573367,0.265864139190142,0.72132928901377,314.947966666667,365,211
-0.507672828341398,0.271131035387924,0.721634187051995,314.981333333333,365,211
-1.8992062665245,0.129408989039099,0.764804476413774,315.081433333333,366,212
-1.90054759899365,0.124664671615277,0.76523177969918,315.1148,366,212
-1.89597404047823,0.122427408672974,0.764954855070097,315.148166666667,366,212
-1.89077688567579,0.119365101079755,0.763873124217353,315.181533333333,366,212
-1.88672440849243,0.116769688047632,0.76353999445367,315.2149,366,212
-1.88242662034041,0.115969789999345,0.761653782455954,315.248266666667,366,212
-1.87879582495255,0.118446425704314,0.7602904512741,315.281633333333,366,212
-1.87969957737053,0.118428034830004,0.756893803390808,315.315,366,212
-1.88148625085714,0.118055682205507,0.753630746392485,315.348366666667,366,212
-1.88323041171089,0.118282133419794,0.749170066484264,315.381733333333,366,212
-1.88333935299651,0.120147222229875,0.744917373582848,315.4151,366,212
-1.88877126029861,0.120258489583006,0.739322603946369,315.448466666667,366,212
-1.8905794807341,0.120257854512073,0.734903939391286,315.481833333333,366,212
-1.89269609234358,0.120468885499119,0.730355497269865,315.5152,366,212
-1.89170430633163,0.120872700091014,0.725569902023779,315.548566666667,366,212
-1.89329411964268,0.117736557547497,0.720327622266738,315.581933333333,366,212
-1.89484515409475,0.116093384737375,0.715635082228498,315.6153,366,212
-1.89527230585515,0.113012853620222,0.711491038395946,315.648666666667,366,212
-1.89449303325348,0.109940704747395,0.706004451944621,315.682033333333,366,212
-1.88490789009143,0.111083256687696,0.69921509144205,315.7154,366,212
-1.88260590102131,0.108767262159282,0.693692237816712,315.748766666667,366,212
-1.89157167246721,0.106235605077622,0.688468707002638,315.782133333333,366,212
-1.88267634651134,0.108379344238629,0.682855267762893,315.8155,366,212
-1.88680143851458,0.103030224073638,0.673055111723154,315.882233333333,367,212
0.81202461788646,9.69889662461297,1.28464490179414,316.1158,368,213
0.621779391234084,1.6606235388707,0.626861681283284,316.149166666667,369,214
-10.5742986961783,1.09918277774335,1.13955038950428,316.449466666667,370,215
-10.610886306682,1.10058686251717,1.14671723734103,316.482833333333,370,215
-10.5566783232662,1.10678615207101,1.14396182952529,316.5162,370,215
-1.57209629182569,4.12928378568389,0.110828235465233,317.283633333333,371,216
-1.56770335775433,4.12338722072669,0.112459611432229,317.317,371,216
-0.43618725434574,-0.253502928443964,0.750384240788723,317.583933333333,372,217
-0.430326692657911,-0.256589682806101,0.748080668566659,317.6173,372,217
-0.428372282203901,-0.260988855747763,0.747040587527907,317.650666666667,372,217
-0.422497551314059,-0.26154675248843,0.744149654320333,317.684033333333,372,217
-0.419631163355808,-0.261244256029752,0.741708773196219,317.7174,372,217
1.00702266482255,6.28351234095567,1.05827494101252,318.284633333333,373,218
1.10982956136056,8.10697624489979,1.23416829116162,318.318,374,219
1.48629230912657,7.67568886326147,1.24171622393557,320.987333333333,375,220
1.47499685161351,7.52945815194119,1.22832243417391,321.0207,375,220
1.50272649623149,7.655848238745,1.2404298975703,321.054066666667,375,220
-8.75948896379029,-0.41704599359978,1.08071335482201,325.858866666667,376,221
-8.77312936546329,-0.408937306581676,1.08359604714426,325.892233333333,376,221
-8.74955553235211,-0.392027021843558,1.07831328213024,325.9256,376,221
0.720303619271822,0.617786762420879,0.638796295754055,327.794133333333,377,222
0.731620188396637,0.618213769966535,0.618172303768024,327.8275,377,222
-7.89371209063961,-0.133506282018841,1.03353470571663,328.094433333333,378,223
-7.8872057140581,-0.133834856172914,1.03566172343537,328.1278,378,223
-7.88300853493183,-0.134843937754514,1.03157160605371,328.161166666667,378,223
0.229766197575372,1.80147370719704,-0.478729906523466,331.331,379,224
-2.0236492937848,1.09741829978172,1.00867588937832,332.332,380,225
-2.03355340890314,1.09342271201448,1.01196799615037,332.365366666667,380,225
-2.47461536641407,3.48899763419832,0.257671145834659,332.6323,381,226
-6.9048211976141,0.211589570842078,1.17161215166879,332.799133333333,382,227
-6.8766879583578,0.213104529029215,1.17012190837234,332.8325,382,227
-6.91572768154126,0.203450197253512,1.17196696055686,332.865866666667,382,227
-0.856357564340038,4.32807173192536,0.304209164625436,334.6343,383,228
-6.71460891503493,-0.249962789339264,1.29532045981068,335.168166666667,384,229
-6.73944458547532,-0.268127663920842,1.30717580322998,335.2349,385,229
-2.92977149186737,-0.217036769842028,1.18373619954252,336.502833333333,386,230
-2.93783744247083,-0.227117380058624,1.19338564397814,336.5362,386,230
-2.95768450805488,-0.237578234937854,1.20269130023699,336.569566666667,386,230
-2.95502500523313,-0.240616165537795,1.21003194755924,336.602933333333,386,230
-2.94332934754559,-0.239928894899498,1.21488467650768,336.6363,386,230
-2.95651773470531,-0.24772532085095,1.22073277280989,336.669666666667,386,230
-2.98981818825253,-0.262750763516374,1.22805105067808,336.703033333333,386,230
-3.01564785536847,-0.280791212903218,1.2353532349051,336.769766666667,387,230
-2.99794503221722,-0.274094481739822,1.23088741444402,336.803133333333,387,230
-3.01325015546937,-0.28167646449131,1.23506375303755,336.8365,387,230
-0.860158261268217,4.33434434726393,0.303164879690574,337.070066666667,388,231
-0.855865561400728,4.32859875880768,0.304961335468528,337.103433333333,388,231
-0.858144373739488,4.33259929133812,0.303959775545355,337.1368,388,231
-5.96756158584979,-1.02709760155253,1.15427572754342,337.1368,389,232
-5.96036429036235,-1.04463661146627,1.15646209718612,337.170166666667,389,232
-5.98620780301306,-1.0748565043451,1.15916418930014,337.203533333333,389,232
-5.90487085625487,-1.06997900116407,1.15052946377137,337.2369,389,232
-6.27090499230456,-0.847015289571604,1.07413648629106,337.370366666667,390,232
-6.26822494050159,-0.855730008685827,1.07309044447045,337.403733333333,390,232
-6.25428194572181,-0.860004270168726,1.07112695849827,337.4371,390,232
-6.246527529417,-0.858838166302381,1.06882333525239,337.470466666667,390,232
2.49020103941417,0.917148341159443,0.751496635412635,337.7374,391,233
2.48701597877576,0.93846265914084,0.749144272905055,337.770766666667,391,233
2.48253458290254,0.963403898148401,0.747340693816736,337.804133333333,391,233
2.48306816211154,0.987084788635405,0.745420440218519,337.8375,391,233
2.48209895774635,1.00915345836534,0.7434375665037,337.870866666667,391,233
2.48338777938666,1.02941511060988,0.741259655597852,337.904233333333,391,233
-5.19114067392025,-1.65102492225269,1.26913955883467,339.4391,392,234
-5.16089595535087,-1.64737745395532,1.27692451644543,339.472466666667,392,234
-5.15667641045308,-1.65544624582344,1.28325393158518,339.505833333333,392,234
-5.13315430936222,-1.65638365199141,1.29121973211658,339.5392,392,234
-5.81635902049331,-1.30742552073745,1.13328285567816,339.605933333333,393,234
-5.79904742938223,-1.31428941471009,1.13729248190183,339.6393,393,234
-5.80674138453524,-1.32602936473641,1.13812092324859,339.672666666667,393,234
-5.78817425753551,-1.32758158926146,1.13989143846066,339.706033333333,393,234
2.31582583647855,0.722415870912043,1.02951910700291,340.173166666667,394,235
2.30990361565128,0.751795489033957,1.02317418154892,340.206533333333,394,235
2.3072166288876,0.780728775965188,1.01672023688869,340.2399,394,235
2.30645252757732,0.808485758789798,1.0114468146257,340.273266666667,394,235
2.30431188232582,0.833296078987687,1.00650518299076,340.306633333333,394,235
2.30008120716076,0.858139144936721,1.00065144725255,340.34,394,235
2.30512308363343,0.880927494633661,0.996480024743514,340.373366666667,394,235
2.30508451846439,0.903233782232087,0.99124488750184,340.406733333333,394,235
2.30353168512288,0.92449460399648,0.985889930146922,340.4401,394,235
2.30207984230401,0.946285445967277,0.980558539263911,340.473466666667,394,235
2.30143797612416,0.967550678405392,0.974991076412982,340.506833333333,394,235
2.29966650075706,0.98970569829141,0.969602513445077,340.5402,394,235
2.3013847134928,1.01070839906983,0.964901381703606,340.573566666667,394,235
2.30196837134641,1.03295275516723,0.958914862529995,340.606933333333,394,235
2.30068610655269,1.05374029654998,0.953997540969049,340.6403,394,235
2.29923728184642,1.07269322598882,0.950348105743732,340.673666666667,394,235
2.30096450995724,1.09331151542864,0.946451852322172,340.707033333333,394,235
2.30097447084235,1.11319141036952,0.94254116742092,340.7404,394,235
2.30633711581268,1.13175150421733,0.94043453616636,340.773766666667,394,235
-4.52580740569065,15.8477158369583,0.379185797158637,341.407733333333,395,236
1.97234467733365,3.34654115823054,0.516508252566212,341.674666666667,396,237
1.9740012111955,3.36730435209294,0.515688467032548,341.708033333333,396,237
1.97921009421828,3.39003202603674,0.514168263951048,341.7414,396,237
1.96914306268752,3.38978398344551,0.512521783833206,341.774766666667,396,237
-5.17093157820728,-1.95803246380558,1.23444992689453,341.8415,397,238
-2.0139397478716,-0.0511531307026374,1.21685494101453,344.110433333333,398,239
-1.98804277350526,-0.0336834409727249,1.21575220098933,344.1438,398,239
-1.95707251199048,-0.0155484830662166,1.21695341692187,344.177166666667,398,239
-1.91938609575504,0.00422906675495649,1.21586454618851,344.210533333333,398,239
0.86654519577309,0.829067109816444,-0.160617159090688,344.1438,399,240
-0.854323259109942,4.322910945424,0.304648566719166,345.378366666667,400,241
-0.861164871702179,4.3337442459957,0.302586501038895,345.411733333333,400,241
-0.856915801654802,4.3260937439775,0.30303392552288,345.4451,400,241
-0.381790670284626,0.100040362189877,1.13328905322707,346.1458,401,242
-0.364612370237729,0.0943146866457887,1.14125176041466,346.179166666667,401,242
-0.337243732439784,0.0941097007439583,1.14851189371718,346.212533333333,401,242
-0.313100637608647,0.094444486868885,1.157264561417,346.2459,401,242
-0.291761669300331,0.0966831893586904,1.16558830619882,346.279266666667,401,242
-0.594488236095072,4.37130183586013,0.756738447989732,347.380366666667,402,243
-0.613595459681895,4.37706164555538,0.756475283978426,347.413733333333,402,243
-0.636723652551272,4.38137336555515,0.755304288256144,347.4471,402,243
-0.651726585643049,4.37961044353288,0.753897422685525,347.480466666667,402,243
-0.665401988646344,4.37960720733402,0.753439365325442,347.513833333333,402,243
-0.716456485243623,4.37440941068852,0.739388897004456,347.680666666667,403,243
-0.725366939218193,4.37749211531919,0.735081884104321,347.714033333333,403,243
-0.744493015487368,4.37354908402889,0.7268088235544,347.780766666667,404,243
-0.757626784879439,4.38295996582024,0.721789727962654,347.814133333333,404,243
-0.759918990696845,4.37070916034441,0.714192310610791,347.8475,404,243
-0.776281223130812,4.38224727663978,0.706471706604318,347.880866666667,404,243
-0.776435998542128,4.37038793466034,0.699919271927413,347.914233333333,404,243
-0.793153414995901,4.39343331505603,0.689810794115049,347.9476,404,243
0.939732092661471,10.9145450297181,0.368868428214517,347.8475,405,244
0.978841817960866,11.5860830750435,0.355726803199858,347.880866666667,406,244
0.993667129445927,11.8478940340787,0.35023448713281,347.914233333333,406,244
-4.29504388393217,-3.81505856088798,1.30448117444554,349.582566666667,407,245
-4.26759259945144,-3.81071636314543,1.30233561608761,349.615933333333,407,245
0.808576870640798,14.313890025548,0.392936073387688,353.986966666667,408,246
0.829337781780806,14.108879340016,0.402280056518055,354.020333333333,408,246
0.853285662075809,14.5965669884213,0.396436868585747,354.0537,409,246
0.865617915672675,13.9982576422277,0.402135108525127,354.087066666667,410,246
0.683545856832146,0.61097844931079,0.640726711366705,369.135433333333,411,247
-0.94248154695792,3.04571075056241,0.766665836060528,371.2709,412,248
-0.940493347158136,3.04523904501293,0.764029154005446,371.304266666667,412,248
-0.933305647172384,3.04227879652095,0.761142102615427,371.337633333333,412,248
-0.931628981443441,3.04366630791432,0.760788614275289,371.371,412,248
-0.930636736549022,3.04595612937285,0.759760397664151,371.404366666667,412,248
-0.927489159294321,3.04540124568292,0.758592608697733,371.437733333333,412,248
-0.925666724984953,3.04785638130653,0.758681689265543,371.4711,412,248
-0.921073646261775,3.04894843857301,0.75750781578425,371.504466666667,412,248
-0.918037807903011,3.05091994313437,0.757785269917215,371.537833333333,412,248
1.46259015831858,0.955796430971258,0.552683317818174,371.904866666667,413,249
1.47113734728833,0.970585942402248,0.555220397275587,371.938233333333,413,249
1.48472706314846,0.990212920038421,0.557845209643988,371.9716,413,249
1.49855311658721,1.0095137367943,0.560973324525264,372.004966666667,413,249
1.51378455523828,1.02760572951055,0.562924041822387,372.038333333333,413,249
0.368991783157831,4.34451800396665,0.675427640936991,372.5722,414,250
0.368318187094998,4.34208535927988,0.679285162594741,372.605566666667,414,250
-1.66103515529279,4.11115666306816,0.0597289850782838,373.373,415,251
-1.66431786264261,4.11623454527195,0.05985582388655,373.406366666667,415,251
-1.65501740643942,4.10584788817789,0.0622861947372759,373.439733333333,415,251
3.09201825629889,-7.11025749595087,1.44316290853776,377.310266666667,416,252
3.08379147748498,-7.00626104954647,1.43626371566796,377.343633333333,416,252
3.08989689267241,-6.93309452249493,1.43397058829041,377.377,416,252
0.822886111316722,4.26846055865182,0.848179519519307,378.544833333333,417,253
0.825977354354727,4.24609229497295,0.841951224230138,378.5782,417,253
0.829531069467936,4.26312499033769,0.840075202930926,378.611566666667,417,253
0.836486622066454,4.28347620278174,0.838181874655213,378.644933333333,417,253
0.840469934269008,4.23665912342101,0.829572444335553,378.6783,417,253
0.488466167879641,8.95980803607725,0.251957468077379,380.38,418,254
-0.125753009036939,4.5760014503312,0.548333382320796,380.413366666667,419,255
-0.129163189709426,4.57572387034734,0.548122338614753,380.446733333333,419,255
-0.133423617390703,4.57223822464461,0.547238686371874,380.4801,419,255
-0.13745053069572,4.57165020716352,0.547087074612876,380.513466666667,419,255
-0.457211503409351,4.57104535105701,0.525639723569236,382.9826,420,256
-0.464083741674597,4.58719719956559,0.523809339187167,383.015966666667,420,256
-0.46586646607496,4.58506473903105,0.522713802729422,383.049333333333,420,256
-0.471269363597644,4.59576560989228,0.520551455728714,383.0827,420,256
-0.468089641551279,4.58681656645602,0.519822205663458,383.116066666667,420,256
0.880565028759597,5.3850870678097,0.815644101631289,383.4831,421,257
0.873302196955374,5.31865148788849,0.811269008492458,383.516466666667,421,257
0.868880317610531,5.33422964877506,0.812122064229875,383.549833333333,421,257
0.86393266358519,5.38877752995012,0.814626585163746,383.5832,421,257
0.856291098483768,5.33363702737966,0.812413851843979,383.616566666667,421,257
0.850257515849065,5.41304194849493,0.816563846047703,383.649933333333,421,257
0.842178180886463,5.41352579196195,0.816520663795,383.6833,421,257
0.840037229826975,5.56105938981342,0.824521291405449,383.750033333333,423,257
0.832119376419432,5.5526434257008,0.822946621695878,383.7834,423,257
0.823560394479843,5.50037698892506,0.819416250410455,383.816766666667,423,257
0.815671977805634,5.54727934647355,0.821836964432625,383.850133333333,423,257
0.811147339615841,5.61617822089113,0.826766365988584,383.8835,423,257
0.769800920554935,5.6524659300627,0.824657844750878,384.016966666667,424,257
0.758792642385555,5.7422384699921,0.829975497026508,384.050333333333,424,257
0.748965069864081,5.84217580871921,0.835198539768908,384.0837,424,257
0.737733841605405,5.64700220227284,0.820348431832995,384.117066666667,424,257
0.733473098165624,5.76487888910754,0.825232092939308,384.150433333333,424,257
0.725573210640765,5.75781264977032,0.824095242932047,384.1838,424,257
0.715395364435877,5.8223109725853,0.825805117721854,384.217166666667,424,257
0.714516437142264,5.83489227341711,0.823262642222557,384.250533333333,424,257
0.697433306312815,5.94216892993054,0.820370943514815,384.317266666667,425,257
0.0480121727973362,3.01292714377033,0.727069780557268,383.649933333333,422,258
0.0393001924120616,3.01657236171938,0.727970870255658,383.6833,422,258
0.03474475438612,3.01053873502859,0.726304826457708,383.716666666667,422,258
0.0235902415172824,3.01961876795199,0.7258045809267,383.750033333333,422,258
3.90428885095738,-0.705072528084585,1.14801975991517,385.251533333333,426,259
3.89504439750534,-0.681296038223996,1.14592114487895,385.2849,426,259
3.88076272182872,-0.658047457041298,1.14571111666534,385.318266666667,426,259
3.87950062814594,-0.640290317713911,1.14830704239609,385.351633333333,426,259
-0.442779268985034,4.48703448907795,0.535346031384967,385.2849,427,260
-0.434948270904733,4.47289152768361,0.536442984543653,385.318266666667,427,260
-0.440103573823396,4.48989615295689,0.536783323304088,385.351633333333,427,260
-0.436304378086806,4.48195434069845,0.537732666185483,385.385,427,260
-0.251804699619093,2.57322561763798,0.70843772083278,385.385,428,261
-0.257481751420213,2.5680902080511,0.710397352068623,385.418366666667,428,261
-0.258861843952252,2.55794422200064,0.711424360748691,385.451733333333,428,261
-0.261337757567845,2.55147986058963,0.712114678298255,385.4851,428,261
-0.262122334662335,2.54359389909696,0.712700988968094,385.518466666667,428,261
0.173777934246647,10.2254331770593,0.53287086041924,385.8855,429,262
0.180611103264675,10.1362047824348,0.537915995329541,385.918866666667,429,262
2.98147120015045,0.701167196454523,1.06524386995881,387.120066666667,430,263
2.96579951664386,0.715745251539707,1.06131933464584,387.153433333333,430,263
2.94343151734884,0.730867092619077,1.05612018564546,387.1868,430,263
2.92555192711729,0.745579653510988,1.05221208239935,387.220166666667,430,263
2.91481011917471,0.760756232031832,1.04872246628763,387.253533333333,430,263
-0.62369972477111,2.1121518501041,0.738341757610993,387.220166666667,431,264
-0.651530364098137,2.09489109960772,0.744014136887671,387.2869,432,264
-0.66299579941711,2.08793003630101,0.746382503359807,387.320266666667,432,264
-0.677786723951668,2.08370920796231,0.749734165256065,387.353633333333,432,264
-0.661814154465717,4.27820808781703,0.649199376955502,387.653933333333,433,265
-0.661577677603397,4.26804532255447,0.655628081489633,387.6873,433,265
-0.660384480883109,4.25615760145179,0.661190558837038,387.720666666667,433,265
-0.65265489084195,4.23332402017586,0.666926962119218,387.754033333333,433,265
0.552935795907223,9.39940096092364,0.493474496286508,388.020966666667,434,266
0.556261685525848,9.26291179913069,0.493721814292907,388.054333333333,434,266
1.84110302033764,1.84321357901974,0.958506930934794,389.055333333333,435,267
1.82771593343726,1.86058985792994,0.957640650883817,389.0887,435,267
1.81487367969958,1.88107590177829,0.957236706908353,389.122066666667,435,267
1.80278428352201,1.90085773889793,0.957268501141858,389.155433333333,435,267
1.7919688126037,1.92053339159658,0.957840789007716,389.1888,435,267
1.77944315196225,1.93971405299096,0.958019393069512,389.222166666667,435,267
1.76906810933361,1.95791397097627,0.958886590496376,389.255533333333,435,267
-0.71933567969223,4.06246417928702,0.641739846198413,389.555833333333,436,268
-0.717322183906829,4.05610999424316,0.643148968509555,389.5892,436,268
-0.712711321185878,4.04352956611288,0.645081138073903,389.622566666667,436,268
-0.716805451368594,4.0484018598518,0.64704039492807,389.655933333333,436,268
0.70595996242891,1.618271592904,0.57822052451515,390.2899,437,269
0.584811077379111,3.41929080160412,0.959057137074469,391.124066666667,438,270
0.584156843830266,3.37043585660199,0.948008960276925,391.157433333333,438,270
0.572496315910467,3.39931029081227,0.949684115914431,391.1908,438,270
0.559209914333304,3.41668666523709,0.947119616619715,391.224166666667,438,270
0.54714133862216,3.43264735542196,0.946169292946457,391.257533333333,438,270
-0.883152201493186,3.84840133193368,0.654749200759782,391.724666666667,439,271
-0.875314313236857,3.83519111509987,0.655416568568273,391.758033333333,439,271
-0.87416064689129,3.83536806366338,0.656492643217282,391.7914,439,271
-0.876172038189924,3.84077554339683,0.656531268258306,391.824766666667,439,271
0.70850461775377,1.61867709271799,0.576241248649818,392.458733333333,440,272
0.708566921997748,1.61868108164051,0.576436137374874,392.4921,440,272
-1.209145401528,1.52958623204943,0.829144037118083,392.4921,441,273
-1.21658363233854,1.52667540316554,0.829616097222211,392.525466666667,441,273
-1.22012107182407,1.52444540172931,0.829733507746422,392.558833333333,441,273
-1.22204614268728,1.5239619978769,0.829810139106733,392.5922,441,273
0.994370178132793,16.1577004311994,0.404894128949934,392.525466666667,442,274
-0.797846708391486,4.17864007629391,0.924011688407043,393.226166666667,443,275
-0.812510643493821,4.1807898097588,0.921655875049977,393.259533333333,443,275
-0.834673631272302,4.19503519363298,0.919307367002429,393.2929,443,275
-0.845989807159432,4.19384893437128,0.91498483650914,393.326266666667,443,275
-0.866622386323386,4.21208449739703,0.913076110865532,393.359633333333,443,275
-0.877974418194164,3.76118029128885,0.59682515462164,393.8935,444,275
-1.58076925805406,3.99363497442306,0.623217255564671,398.464733333333,445,276
-1.58508297091148,3.99704554377556,0.625448602194763,398.4981,445,276
-1.58980345759045,4.00182749519976,0.625972560009526,398.531466666667,445,276
-1.90830861226208,4.00082954364176,0.457146993937828,400.566833333333,446,277
-1.89974614110228,3.99091528287413,0.454849651641479,400.6002,446,277
-1.9058635045502,3.99790191989759,0.452342152878925,400.633566666667,446,277
-1.90169028118104,3.99042616233652,0.450470825874799,400.666933333333,446,277
-2.8581104164166,8.01607875088456,0.378668007160283,402.568833333333,447,278
-2.90410349345466,8.10881119786657,0.377529482302917,402.6022,447,278
-1.90364265002442,3.70642143997474,0.600325990178527,403.1027,448,279
-1.9032078133769,3.70322528250855,0.604371636132161,403.136066666667,448,279
-2.12454621696499,7.66691615092294,0.476452464059226,404.437366666667,449,280
-2.12622206360697,7.67084991031111,0.480839964690126,404.470733333333,449,280
-2.51185789797731,12.2503718398807,0.766338198252197,404.7043,450,281
-1.61033498503294,7.04498110167341,0.634278238084254,406.372633333333,451,282
-1.58240092393861,6.98197888204215,0.637352710475867,406.406,451,282
-1.45932477125445,3.71586375084589,1.02226748231289,406.839766666667,452,283
-1.45348999351461,3.71122944260699,1.02872969921528,406.873133333333,452,283
-1.45661925053022,3.71304659188002,1.03633775266932,406.9065,452,283
-1.45551158231457,3.70801198859224,1.04224534076861,406.939866666667,452,283
-1.46194070394655,3.70783719447429,1.04756474416294,406.973233333333,452,283
-1.4598146822693,3.696544528743,1.04804048785478,407.0066,452,283
-1.00341832087146,6.42892611988607,0.621489657238745,408.274533333333,453,284
-0.976031376721382,6.37451641165816,0.62040699486317,408.3079,453,284
-0.977449962540613,6.39741411825248,0.621167569084494,408.341266666667,453,284
-2.5167639950518,3.92504446489452,0.662487971226968,408.474733333333,454,285
-2.52619783372006,3.93695439369611,0.662374177579262,408.541466666667,455,285
-9.25409729640878,-11.1941138731697,1.6104773645528,411.8114,456,286
1.99552325757282,0.481669595244751,0.646322739289337,411.878133333333,457,287
1.04040485703809,0.565686155912988,0.63268410478373,412.0116,458,287
-19.2064726411816,-4.4453005566011,1.90081127445955,420.186433333333,459,288
0.156988573186647,0.640520014892501,0.651589154612162,420.5201,460,289
-2.59862474855721,-0.555058299146364,1.29765396767629,422.455366666667,461,290
-3.15709526870855,6.16097237023792,1.45696604705951,423.790033333333,462,291
-3.16204489543038,6.1559713296723,1.46021988672512,423.8234,462,291
-3.17387147921756,6.1527729997004,1.46160860524682,423.856766666667,462,291
-2.74940243483782,5.07398440108493,1.23797201491185,425.8254,463,292
-2.73362754671,5.05566361229001,1.24254772569854,425.858766666667,463,292
-2.72414973996264,5.04965443931809,1.24761238129097,425.892133333333,463,292
-2.71665976246983,5.04267077424977,1.25092145792352,425.9255,463,292
-2.25255104013328,-1.27855818859965,1.37267606572105,426.559466666667,464,293
-2.25890758950879,-1.29370792458417,1.37415918818746,426.592833333333,464,293
-2.23943345772138,-1.28869957260287,1.36642011174779,426.6262,464,293
-2.25384828222883,-1.30687510263781,1.37208787377072,426.659566666667,464,293
-2.25673622182452,-1.31869444150204,1.37233412747637,426.859766666667,465,293
-2.24096836979024,-1.30804842178209,1.36905765823533,426.893133333333,465,293
-2.24722432968548,-1.31862281326608,1.37146228586622,426.9265,465,293
-1.79484092720523,4.62801778324341,1.02694709127376,427.994233333333,466,294
-1.79082450011815,4.63852167222857,1.03065356204233,428.0276,466,294
-1.76571940807202,4.62347637386833,1.03057681255752,428.060966666667,466,294
-1.76180039374615,4.64274287637107,1.03397631169851,428.094333333333,466,294
-1.28746800005181,4.45183758776767,1.02896438744975,431.097333333333,467,295
-1.28485223221266,4.44648612699194,1.03379299545145,431.1307,467,295
-1.28218812838821,4.44076016835656,1.03912340608444,431.164066666667,467,295
-1.28281815101516,4.44516039081861,1.04428750984447,431.197433333333,467,295
-1.07593871167778,-1.55091129606048,1.64627805368436,431.864766666667,468,296
-1.0689130468146,-1.54678313476377,1.64297216804263,431.898133333333,468,296
-1.06620666372917,-1.54831569328288,1.64170026243298,431.9315,468,296
-1.05224995370271,-1.54068631436958,1.63723963421979,431.964866666667,468,296
-1.05481421622601,-1.55435394792742,1.64335292546152,431.998233333333,468,296
-1.04200514157404,-1.54539690825171,1.63889961214423,432.0316,468,296
-1.03968842160087,-1.55154571200521,1.64146881280668,432.064966666667,468,296
-1.0370983856152,-1.55378953758313,1.64349043470757,432.098333333333,468,296
-1.02690141726595,-1.54228207722683,1.64094036297248,432.1317,468,296
-1.03336429630785,-1.55254744360476,1.64994420634788,432.165066666667,468,296
-1.03206451400332,-1.55140342614594,1.65360809520535,432.198433333333,468,296
-1.030220381071,-1.54938893728171,1.65780662798118,432.2318,468,296
-1.03275059880267,-1.55467826515799,1.66603161525837,432.265166666667,468,296
-1.03033864270031,-1.55582614615073,1.67242139069583,432.298533333333,468,296
-1.02894478434563,-1.55712338572658,1.67886229539789,432.3319,468,296
-1.02486553207094,-1.55688434269109,1.68203807430593,432.365266666667,468,296
-1.02416465260653,-1.55874946534423,1.68787121309481,432.398633333333,468,296
-0.156076953527455,4.25431930341815,0.492199893761442,433.666566666667,469,297
-0.148301244877957,4.24179405129315,0.493720302550148,433.699933333333,469,297
-0.147358009768541,4.24747391583203,0.493597447761346,433.7333,469,297
-0.151587157339119,4.26078557779511,0.493470224207076,433.766666666667,469,297
-0.147678172476766,4.24200799958215,0.49398848827806,433.800033333333,469,297
-0.15069662662807,4.244614596223,0.493347059037981,433.8334,469,297
-0.151940776820416,4.2449434671565,0.492285623595129,433.866766666667,469,297
-0.153434747859027,4.23721831619992,0.492528162399108,433.900133333333,469,297
-0.148878155106097,4.21997974159848,0.491686230484874,433.9335,469,297
-0.152378690512837,4.2231895083452,0.489716231249684,433.966866666667,469,297
-0.163657749996734,4.25719060330734,0.487200381716209,434.000233333333,469,297
-0.154111854592805,4.22979755532722,0.486845977965994,434.0336,469,297
-0.159259062624907,4.24204088574222,0.483545224238678,434.066966666667,469,297
-0.16278362062299,4.24955019353729,0.47998288823106,434.100333333333,469,297
-0.16150849577837,4.23913482989153,0.478643077098673,434.1337,469,297
-0.168721298015227,4.25906410875158,0.474385310864286,434.167066666667,469,297
-0.166741086364854,4.24937696209497,0.473350811508069,434.200433333333,469,297
-0.166263705236434,4.23389043418748,0.466892474611463,434.267166666667,470,297
-0.169911819679876,4.2337867487045,0.464196697285905,434.300533333333,470,297
-0.168480519646844,4.22284144251135,0.461717944064807,434.3339,470,297
-0.17569045450204,4.23652660520397,0.461290569616515,434.367266666667,470,297
7.33579791421735,10.5603162615312,0.0243092339823614,441.107333333333,471,298
7.21699297492571,10.3842499037624,0.0391952800762985,441.1407,471,298
7.13375004630294,10.270716214393,0.0450563662336589,441.174066666667,471,298
7.25019926840985,10.4434259505607,0.0313200018545746,444.444,472,299
7.29432402991499,10.5036268102883,0.0310827742470032,444.477366666667,472,299
7.33579791421735,10.5603162615312,0.0243092339823614,444.510733333333,472,299
-1.81203899818331,3.93852733155317,0.399155538179497,449.515733333333,473,300
-1.8154599462611,3.93577438156377,0.396958415823258,449.5491,473,300
-1.8184861644176,3.92949316912316,0.396491016476019,449.582466666667,473,300
-1.81575344638379,3.92216847263152,0.393841643455722,449.615833333333,473,300
-1.82181021929176,3.92337107879575,0.392906879311087,449.6492,473,300
-1.8216450655297,3.91960767774572,0.391724518924108,449.682566666667,473,300
-1.82179066538205,3.91622029941299,0.392670228433058,449.715933333333,473,300
-1.81135900259755,3.90027872777152,0.395382107017097,449.7493,473,300
-1.8214001157185,3.9085919736809,0.39542618506868,449.782666666667,473,300
-1.81711237568319,3.89923096942532,0.396628201335051,449.816033333333,473,300
-1.82212447359416,3.8969352713902,0.398591240174813,449.8494,473,300
-1.82921894891551,3.89808026666114,0.398370387317203,449.882766666667,473,300
-1.83300391560421,3.89787810601363,0.398919990466834,449.916133333333,473,300
-1.83667079965293,3.89761312994916,0.401890467906544,449.982866666667,474,300
-1.82603394940012,3.88844119305524,0.403361137165087,450.016233333333,474,300
-1.83335651419105,3.89836469581237,0.404080681285103,450.0496,474,300
-1.83727940732986,3.90183550864477,0.404887606734383,450.082966666667,474,300
-1.8448922626091,3.90855717564803,0.407074583640602,450.116333333333,474,300
-1.83724728478483,3.89832095420453,0.406906699527811,450.1497,474,300
-1.83749612025252,3.89864459234516,0.409799429925145,450.316533333333,475,300
-11.433973140501,1.23829991356779,0.678835733880015,450.45,476,301
6.80515910907701,11.5093513213609,0.500496498342561,454.5541,477,302
6.85671421655407,11.6006380101426,0.505765605818407,454.587466666667,477,302
7.53879291646636,5.2779094859106,0.922421264554276,464.197066666667,478,303
7.58038121059285,5.27600233621115,0.925007473091421,464.230433333333,478,303
7.57470918405092,5.24815149088192,0.927417054325018,464.2638,478,303
-2.71712489463242,3.36887373759399,0.891583514421518,466.332533333333,479,304
-2.71604127445469,3.3875388549676,0.896706096471642,466.3659,479,304
-2.71286604644914,3.40781926998522,0.90130707364914,466.399266666667,479,304
-2.71887800674622,3.43046057684336,0.906044208638258,466.432633333333,479,304
-2.70407504243422,3.44457614609743,0.909906272047247,466.466,479,304
8.01333804220646,3.44025175247688,0.792601314904685,466.933133333333,480,305
8.03388310419171,3.42758147421638,0.789794735273229,466.9665,480,305
8.09164865729973,3.42998282734298,0.789725614366565,466.999866666667,480,305
10.2357970545852,2.26189318093739,0.932085903459016,470.203066666667,481,306
15.0567856011739,4.18085865560562,1.20581404612787,473.139333333333,482,307
14.9917438308777,4.17680625193732,1.20965079326477,473.1727,482,307
12.7996162455817,5.2287420954616,1.12712633393129,475.241433333333,483,308
12.6489247711437,5.21086288665034,1.11807408472337,475.2748,483,308
12.6038599671774,5.22548304101767,1.1292950515524,475.308166666667,483,308
11.1897049385346,-0.010849773877128,0.940591233877515,475.241433333333,484,309
11.1029495834541,-0.00828706790681411,0.947313682215535,475.2748,484,309
-10.6049298265597,1.33332633361395,0.811489081367792,476.8764,485,310
-10.5667538424333,1.33951604912423,0.811507894180366,476.909766666667,485,310
10.4503034756614,5.78236849962737,0.906125238192888,477.310166666667,486,311
10.4496737417082,5.80505999434408,0.901245296414666,477.343533333333,486,311
10.3823884150489,5.79318455669954,0.888876055222419,477.3769,486,311
10.4428997574011,5.84610509326362,0.890268196953522,477.410266666667,486,311
10.3967649631577,5.84859047797632,0.884644424629898,477.443633333333,486,311
0.702035299498545,10.6332273372645,0.841815984947409,477.510366666667,487,312
0.692011461182063,10.4236785135488,0.842682031284195,477.543733333333,487,312
0.677508603558841,10.9719881392012,0.867882181921279,477.5771,488,312
0.662601672266968,10.8112868063775,0.868520451197425,477.610466666667,488,312
0.65133600332828,10.4896708887102,0.86575062944747,477.643833333333,489,312
11.0046461046797,-1.51641876045104,1.28784717816592,478.0776,490,313
10.9519974540841,-1.52215336638735,1.29390393388026,478.110966666667,490,313
8.74613393291237,5.16501981620479,0.668532430638359,479.512366666667,491,314
8.74618810445447,5.15085205839732,0.674924437676311,479.545733333333,491,314
8.72818859636517,5.13502737271729,0.674282006979699,479.5791,491,314
8.68955638674126,5.11338034595387,0.672567851263573,479.612466666667,491,314
7.13805721976973,4.51708652553834,0.824004607354829,481.714566666667,492,315
7.09003455371765,4.4983970960542,0.833483925673801,481.747933333333,492,315
7.05336413294269,4.49319714606437,0.843449060417804,481.7813,492,315
6.98679771189781,4.4745585625987,0.851570912752721,481.814666666667,492,315
6.99396716000008,4.48947127157244,0.859810328422863,481.848033333333,492,315
5.26849728247592,4.33791403412872,1.08721433926444,483.950133333333,493,316
5.25646962652157,4.34170606659915,1.0910506549388,483.9835,493,316
5.21454398409249,4.32462232969367,1.09093521558142,484.016866666667,493,316
5.1765582052069,4.31106050486548,1.09365518516205,484.050233333333,493,316
5.16394200784767,4.31462359671503,1.09701415991587,484.0836,493,316
4.3744757953599,3.45466555302044,1.20602933106303,486.319166666667,494,317
4.37496646270744,3.43416864417773,1.21098236951422,486.352533333333,494,317
4.38420022241431,3.41828512900098,1.21719447475456,486.3859,494,317
4.38353490343209,3.39895739725203,1.22246384703063,486.419266666667,494,317
4.39305416851024,3.38378786694995,1.23034372147472,486.452633333333,494,317
4.100885791941,2.02459154548687,1.31505172693965,488.8884,495,318
4.07539622342387,2.02181012473042,1.32076747861162,488.921766666667,495,318
4.04735659329966,2.01681219532255,1.32576606504921,488.955133333333,495,318
4.02019275213566,2.01327674027762,1.32977207691022,488.9885,495,318
3.98830441712796,2.0094823299385,1.33303090751011,489.021866666667,495,318
3.96097022602945,2.00682029024041,1.33746113710277,489.055233333333,495,318
2.0203243588111,1.05954749636975,1.25570603640785,491.357533333333,496,319
1.99290704192717,1.04274021479653,1.25635764790928,491.3909,496,319
1.96382210856096,1.02689251843294,1.25750908536329,491.424266666667,496,319
1.93583585058588,1.01254077598523,1.25906686642924,491.457633333333,496,319
1.9113687692387,0.999474928667898,1.26165442415127,491.491,496,319
1.88910315868544,0.987379416240232,1.26476060890464,491.524366666667,496,319
1.86717435693525,0.976294270012951,1.26853425165206,491.557733333333,496,319
1.8466608728032,0.967472216451113,1.27154427481826,491.5911,496,319
4.21980416518373,9.98923905057498,0.714495824268557,491.9915,497,320
4.16182257370911,9.84247935031357,0.714859582509563,492.024866666667,497,320
4.19506791791265,9.92815728975334,0.710514522844379,492.058233333333,497,320
4.24135735172308,10.0411951304963,0.712730630016558,492.0916,497,320
4.11887389164113,9.73822332162887,0.708514283452362,492.124966666667,498,320
4.19990486423809,9.94559186963263,0.708288379475656,492.158333333333,498,320
4.22539175348704,10.0030772880438,0.698870690407298,492.225066666667,499,320
4.23535419353353,10.0264000789197,0.698536646512213,492.258433333333,499,320
4.2877667016475,10.1618507490447,0.694136046729773,492.2918,499,320
4.22060169782343,9.9794468010961,0.690706635216859,492.325166666667,499,320
4.13893890716738,9.80987798684191,0.681892810929324,492.3919,500,320
4.11922301517255,9.77957290239921,0.685390114987575,492.425266666667,500,320
4.01496397314451,9.52580021621885,0.678797442663166,492.458633333333,500,320
4.0593793311809,9.66649663614033,0.678188562235981,492.492,500,320
4.08710274242366,9.76163376261394,0.679655455591236,492.558733333333,501,320
-1.08377390151694,0.31470796837662,1.19438056685156,494.9945,502,321
-1.11406494550324,0.323693908663793,1.19498838299097,495.027866666667,502,321
-1.13619075054082,0.332918206913687,1.19415162652309,495.061233333333,502,321
-1.15614833017841,0.34312853107157,1.19290630794902,495.0946,502,321
-1.17406091133876,0.354706046683124,1.19014890553118,495.127966666667,502,321
7.19937502739769,10.3743184207091,0.039998986707627,496.028866666667,503,322
-2.5317289808416,3.64699204655162,0.786460733890045,496.562733333333,504,323
-2.51848166981995,3.63701134110095,0.786084879821466,496.5961,504,323
-2.52723790558249,3.64708132253455,0.78654606738339,496.629466666667,504,323
-2.53792781766215,3.65786245516368,0.786812743302752,496.662833333333,504,323
-2.53667876214623,3.65969708476461,0.785462750486491,496.6962,504,323
-2.52705578926081,3.65639229224996,0.78602224435831,496.729566666667,504,323
-2.53817126618607,3.6685122215449,0.786256858723506,496.762933333333,504,323
-2.5335121104032,3.67192790818228,0.787663239090313,496.7963,504,323
-2.52668213823885,3.67348645903401,0.786972738393287,496.829666666667,504,323
-2.52273782100528,3.67750414000461,0.786411352463278,496.863033333333,504,323
-2.53103031695551,3.68800279521675,0.787291612882929,496.8964,504,323
-2.53663963595139,3.69226020407028,0.785572690147356,496.929766666667,504,323
-2.53243104488427,3.69041185647606,0.783838508573588,496.963133333333,504,323
-2.53569074840758,3.69149904194713,0.783030268713482,496.9965,504,323
-2.53329308901704,3.68584924167213,0.781354099479309,497.029866666667,504,323
-2.5354390080134,3.68325699205591,0.779624406107658,497.063233333333,504,323
-2.53284567637755,3.67762223891079,0.778580235485824,497.0966,504,323
-2.53495077082659,3.67334059197007,0.779172657346926,497.129966666667,504,323
-2.55059767149611,3.67932190664929,0.777684783850554,497.163333333333,504,323
-2.54508528183485,3.66920330865151,0.776787814689339,497.1967,504,323
-2.5384770066472,3.65811253744757,0.77631983275652,497.230066666667,504,323
-2.54802749044688,3.63913351634428,0.774562559739119,497.330166666667,505,323
-2.55412882316203,3.63580619047871,0.775646126827697,497.363533333333,505,323
-2.53035734234732,0.0629596619963529,1.03176424833825,497.363533333333,506,324
-2.54234691726362,0.0502227534389044,1.03761135977318,497.3969,506,324
-2.54170812845353,0.045352319604278,1.03961945115229,497.430266666667,506,324
-2.55228371231776,0.0384571839680011,1.04560020874649,497.463633333333,506,324
-2.56127757661517,0.0318026248022917,1.04858160819609,497.497,506,324
-2.56181104961985,0.0266761060455498,1.05238490092508,497.530366666667,506,324
0.749826720151482,4.84450212794848,0.643398456895982,497.930766666667,507,325
0.728335435668511,3.76188672859758,0.625245527163613,497.964133333333,508,325
0.728871623746432,4.16004091564152,0.631475968878943,497.9975,509,325
0.726898576498527,4.50661681708854,0.638494476646717,498.030866666667,510,325
0.724476719720586,5.26758376866251,0.64982891757666,498.064233333333,511,325
0.618558024842194,1.98066621216072,0.604757656551969,498.130966666667,512,326
0.75277430181906,17.2926857375008,0.848449373690978,498.164333333333,513,327
0.697893293817711,17.1538351495093,0.842704366624002,498.231066666667,515,327
0.676218818273322,17.3286197942531,0.845392734069122,498.264433333333,515,327
0.769744940996281,14.7202871369081,0.801506961635817,498.1977,514,328
7.17676720465132,10.3572229293537,0.0367041623296845,499.031866666667,516,329
7.18177047948778,10.3643572674404,0.0408035073415064,499.065233333333,516,329
-2.55245021263691,-1.35759618770217,1.20540339731543,500.6001,517,330
-2.54469462813895,-1.37852003927843,1.20809077399587,500.633466666667,517,330
-2.53239859020849,-1.39023122384964,1.21398905391645,500.666833333333,517,330
-2.52991769185466,-1.40669462448654,1.2162070770421,500.7002,517,330
-2.53261199440952,-1.42316417810522,1.22233354464895,500.733566666667,517,330
-2.54111779787752,-1.44482007512116,1.22798067366771,500.766933333333,517,330
7.27194152084798,10.4818901442252,0.0309192793530354,501.934766666667,518,331
7.36987331216256,10.6271877732345,0.0197503192302015,501.968133333333,518,331
-2.00756631142941,10.7001037347987,0.600279954333717,502.969133333333,519,332
-2.03465760868929,10.583200028662,0.607311817117303,503.1026,521,332
-2.10593435840396,10.7869261398751,0.611949294314529,503.135966666667,521,332
0.36737055950846,1.54298240884085,0.568155739015323,503.035866666667,520,333
7.23657606254075,10.4390275657878,0.0317998543729535,505.571733333333,522,334
-3.20605697985126,9.94472114525119,0.639163591022456,507.6071,523,335
-3.22810750786892,9.97844187832404,0.640035783711262,507.640466666667,523,335
-3.24220365594114,9.99181379345681,0.642068881072168,507.673833333333,523,335
-3.20209465080723,9.85430718184647,0.647485218038396,507.8073,524,335
-3.26272234012383,9.98024753378193,0.653912201528285,507.840666666667,524,335
-3.29180366226769,10.0296539576658,0.652780767560495,507.874033333333,524,335
7.12972065140524,10.2873114787991,0.0399853774933877,508.841666666667,525,336
7.32330543326241,10.5579583766312,0.0292891841916175,508.875033333333,526,336
-5.69929942633316,10.2118339942502,0.776537725364785,512.9124,527,337
-5.76978013351736,10.2865481682024,0.768432084111409,512.945766666667,527,337
7.28395925923339,10.5039416808774,0.0290571651567173,516.382533333333,528,338
7.06303211352965,10.1881195425768,0.0510775754160961,516.4159,529,338
3.54172395917178,0.697662760713358,1.5669580128024,516.682833333333,530,339
3.52969396215043,0.735039854594398,1.55897496707963,516.7162,530,339
3.51441131058175,0.774549508172384,1.54948383426729,516.749566666667,530,339
3.50009769141409,0.813092777150351,1.54072354971042,516.782933333333,530,339
3.49216826715159,0.850196828717765,1.53479251380654,516.8163,530,339
3.48149420189575,0.885252181336624,1.52675067830662,516.849666666667,530,339
3.47527475486575,0.918616549196314,1.52120527341146,516.883033333333,530,339
3.46637640368721,0.95311575380959,1.51380122982304,516.9164,530,339
3.45648153887792,0.985669804355788,1.50580057976509,516.949766666667,530,339
3.45518303716071,1.01532803724639,1.50016007689166,516.983133333333,530,339
3.44335577547162,1.04343839030116,1.49285038311152,517.0165,530,339
3.43889004034133,1.07184714518607,1.48639556219046,517.049866666667,530,339
3.42720766597612,1.10040075471667,1.47800193586371,517.083233333333,530,339
3.42222830008645,1.13190252735421,1.47065398807037,517.1166,530,339
3.40998110081614,1.16036947998456,1.46249670295901,517.149966666667,530,339
3.40265951961127,1.1918857516462,1.45383085969889,517.183333333333,530,339
3.39736873824908,1.22144347725361,1.44844546815744,517.2167,530,339
3.39951553456819,1.25144078190974,1.44444655233062,517.250066666667,530,339
3.39641483405213,1.28444994709299,1.43787874443321,517.283433333333,530,339
3.38803405811147,1.31266345266674,1.43172544338669,517.3168,530,339
-5.77418944233657,7.00416995989444,1.21910191617679,518.4179,531,340
-5.78810474629505,7.00769006820052,1.2236026958241,518.451266666667,531,340
-5.74133877551723,6.94450017012263,1.21940118787723,518.484633333333,531,340
-5.70715978443403,6.907925302504,1.21792381603319,518.518,531,340
-5.82242016828298,6.99354020506337,1.23529316983459,518.551366666667,531,340
-5.84234726319496,6.99315032667661,1.23326987914615,518.584733333333,531,340
-5.79855729773453,6.94068089497426,1.23172273489796,518.6181,531,340
-5.83178774290469,6.95311800485681,1.2358653810382,518.651466666667,531,340
2.00231921764454,3.58517764497437,1.0155765512964,519.552366666667,532,341
1.97206688673887,3.60962772205995,1.01531408374747,519.585733333333,532,341
1.94444369955013,3.64464519274772,1.01700306507107,519.6191,532,341
1.90771791197569,3.65766803210271,1.01541582036333,519.652466666667,532,341
1.87501305393068,3.67273083752804,1.01394651784891,519.685833333333,532,341
1.84847880026735,3.70044576519146,1.01574953148071,519.7192,532,341
1.82234119256492,3.72259676125274,1.0165722991482,519.752566666667,532,341
1.79376388984318,3.73451048141511,1.01558670452636,519.785933333333,532,341
1.77531419358865,3.77048809104619,1.01766508175693,519.8193,532,341
1.74435980595611,3.77608575312669,1.01490229032957,519.852666666667,532,341
1.72910770818242,3.80866669737344,1.01668014903344,519.886033333333,532,341
1.46834868086184,-0.251862193417566,0.779564585099733,520.6201,533,342
1.4711366525544,-0.254928400189268,0.781364145375378,520.653466666667,533,342
1.47055997379882,-0.256051486501771,0.781210446905,520.7202,534,342
-5.8921303819822,4.22892306722633,1.65447761009866,523.556366666667,535,343
-5.86125868147873,4.21007288453686,1.65630462163461,523.589733333333,535,343
-5.84015609186127,4.1962979248791,1.66084629609382,523.6231,535,343
-5.82330730762169,4.18649229108915,1.66418712244613,523.656466666667,535,343
-5.78792473747505,4.16924135512935,1.66712207726838,523.689833333333,535,343
-5.79717685626485,4.17446486920545,1.67503214683601,523.7232,535,343
-5.7605209216045,4.15439815623981,1.67156086007062,523.756566666667,535,343
-5.77625034394171,4.15185834429082,1.68567114167019,523.8233,536,343
-5.73244486469034,4.12562510064621,1.68206703295338,523.856666666667,536,343
-5.72973881919482,4.12284273077295,1.68867049575918,523.890033333333,536,343
-5.74591896691623,4.12678924435416,1.69338213273496,523.9234,536,343
-5.71101751279565,4.10764965176001,1.68886153197441,523.956766666667,536,343
-5.68862399185214,4.09132576827377,1.69373732151385,524.0235,537,343
-2.38265696405162,0.0610061303093672,0.819060006958347,524.757566666667,538,344
-2.38397321481856,0.0593725733299989,0.818981425021547,524.790933333333,538,344
-2.37895460217288,0.0587452907397454,0.817582198224645,524.8243,538,344
-2.35389008144342,0.0470513072115496,0.816907957674988,524.957766666667,539,344
-2.33182485692773,0.0479099534566848,0.815813908163309,525.0245,540,344
-2.33560074103013,0.0471934352145686,0.81533599427164,525.057866666667,540,344
-2.32379042419421,0.0471377548084747,0.813936038439924,525.091233333333,540,344
-1.48704595918493,4.1420911594047,0.837143674892369,525.658466666667,541,345
-1.4966551046203,4.12263721486008,0.833076401719474,525.691833333333,541,345
-1.51966302693106,4.11851816629676,0.830889818186381,525.7252,541,345
-1.54938483209935,4.12449627669188,0.829198660979228,525.758566666667,541,345
-1.56399689313077,4.11536347675553,0.826795937185028,525.791933333333,541,345
-1.57220902987408,4.10272958994361,0.827272601699368,525.8253,541,345
-1.59033205639502,4.10619514980422,0.827274867233172,525.858666666667,541,345
-1.59229538804822,4.08937556776026,0.825948335129431,525.892033333333,541,345
-1.60405422001354,4.08633997259952,0.825317500276373,525.9254,541,345
0.29433367012397,6.50891400645896,0.537315438096101,526.259066666667,542,346
0.285318982027951,6.52556259931072,0.534613336720441,526.292433333333,542,346
0.288081983716022,6.41287015935953,0.532166270211076,526.3258,542,346
0.276549528722753,6.46927726361727,0.529233598998902,526.359166666667,542,346
0.275251761301687,6.4553343131431,0.531806847660102,526.392533333333,542,346
0.269526514487135,6.43773827699661,0.533721239453141,526.4259,542,346
0.271285724037583,6.40379494776706,0.539473732758485,526.459266666667,542,346
0.26139048028747,6.47288325504238,0.545454777746011,526.492633333333,542,346
0.262384400932202,6.47896890621397,0.554453288744403,526.526,542,346
0.272781988858582,6.3786655869306,0.562219994604577,526.559366666667,542,346
0.295993802899964,6.1914399414564,0.570414597799877,526.592733333333,542,346
0.290169828286883,6.38099639210136,0.589837198125953,526.659466666667,543,346
0.312900615224771,6.27977306273633,0.610408374566863,526.7262,544,346
-1.56669986138048,2.46373939748806,0.78979289846976,528.761566666667,545,347
-1.55865234057761,2.46086318202031,0.790927776463717,528.794933333333,545,347
-1.54628021950024,2.45705355982777,0.792233316697338,528.8283,545,347
-1.53809743616334,2.45646807262136,0.791022222991745,528.861666666667,545,347
-1.53412046685466,2.46079263956194,0.789183895162235,528.895033333333,545,347
-1.51681247464896,2.44961792387995,0.780707136454596,529.061866666667,546,347
-1.51439108639789,2.42480341697416,0.777082236901884,529.161966666667,547,347
-1.49827262662174,2.38591557703919,0.776280881411994,529.262066666667,548,347
-1.50392953952783,2.37802993124929,0.77632601217259,529.295433333333,548,347
-2.05500124190781,3.19433136621554,1.62125823512295,530.3298,549,348
-2.05027534213691,3.20018104997948,1.62427344926411,530.363166666667,549,348
-2.03766370824419,3.20283304925255,1.62437128928681,530.396533333333,549,348
-2.02921747622412,3.2090244238271,1.62759749096428,530.4299,549,348
-2.00960902935931,3.20950094642522,1.6266399384639,530.463266666667,549,348
-1.99970016554026,3.22003489675417,1.62999281639164,530.496633333333,549,348
-1.97977903915739,3.22280025060439,1.63034691332007,530.53,549,348
-1.96432557737356,3.22598077283276,1.63280762205567,530.563366666667,549,348
-1.94649136045553,3.22820244200392,1.63480041493405,530.596733333333,549,348
-1.936062084594,3.23459069881226,1.63665592674996,530.6301,549,348
-1.91856013768043,3.23490753657441,1.63648321945282,530.663466666667,549,348
-1.90493588478473,3.23845037399805,1.63707557889886,530.696833333333,549,348
-1.89807192259207,3.2502781784016,1.64000130385546,530.7302,549,348
-1.88321119988556,3.25749554708936,1.6406042906687,530.763566666667,549,348
-1.87246794981818,3.2665114884201,1.64105399290345,530.796933333333,549,348
-1.8505432146995,3.2691953602965,1.63845380939293,530.8303,549,348
-1.84459146170534,3.27866409739761,1.63941816824975,530.863666666667,549,348
-1.82533379272538,3.27781170233358,1.63789047067046,530.897033333333,549,348
-1.82324114253235,3.28965868938422,1.64234201098784,530.9304,549,348
-1.80211839849288,3.2867436841166,1.6389564111699,530.963766666667,549,348
-1.78845984393179,3.28795141471901,1.6393173451513,530.997133333333,549,348
7.37965499778325,10.5753862487995,-0.0326947652916444,538.538,550,349
7.19125425297449,10.3193917349069,-0.0150417506447337,538.571366666667,551,349
7.37843088207618,10.5735815119421,-0.0373387183471081,540.373166666667,552,350
-1.78216395030224,1.50534765215328,0.871656434129866,540.973766666667,553,351
-1.78628554447394,1.51043018809838,0.868728345531633,541.007133333333,553,351
-3.5471842518381,1.06412531704155,0.950324314385375,550.416533333333,554,352
-3.55516761096534,1.05137597319651,0.948382644654446,550.4499,554,352
-3.56178197098093,1.03495760118533,0.94763174560443,550.483266666667,554,352
-3.55749524725152,1.02036070394137,0.944000201734997,550.516633333333,554,352
-3.55206400703164,1.0066800887753,0.942221109562811,550.55,554,352
-3.56271262199018,0.991493180861009,0.941668635087151,550.583366666667,554,352
-3.57349944572726,0.97963894623328,0.941137419435417,550.616733333333,554,352
-3.5677679442055,0.97024439582939,0.9412639313241,550.6501,554,352
-3.5554458104465,0.961889423596168,0.941649894066461,550.683466666667,554,352
-3.59352571224982,0.932571099615765,0.961911236947633,550.883666666667,555,352
0.865279128042823,4.81080915203716,0.0405890465992912,568.334433333333,556,353
0.865530658677138,4.78889405640997,0.0450470721233807,568.3678,556,353
0.865581243247529,4.79227892219403,0.0422705838720157,568.401166666667,556,353
0.865320683749109,4.85695250563898,0.0318597134306543,568.434533333333,556,353
0.866798484752748,4.85017047253036,0.0325126634001391,568.4679,556,353
0.863960098971128,4.8381595660043,0.0344247683398586,568.501266666667,556,353
0.864035219064919,4.81899185871033,0.0397154185846695,568.534633333333,556,353
0.861213163831761,4.75699190397519,0.0483823792384643,568.568,556,353
0.864578678884327,4.83076783936292,0.0376830835340921,568.601366666667,556,353
0.863797473189952,4.76401067588086,0.0470464771949674,568.6681,557,353
0.865059663881208,4.76941142392658,0.0464281355944444,568.701466666667,557,353
0.862345534441129,4.77959284734424,0.0444610703374403,568.734833333333,557,353
0.863696085550332,4.79746219702094,0.0419503256552782,568.7682,557,353
0.868165242628344,4.89134937305887,0.0273023193594175,568.801566666667,557,353
0.866528741714012,4.84172944113493,0.0340130835118516,568.8683,558,353
-4.09456588325737,4.97979174119359,0.904379894771862,570.036133333333,559,354
-4.08799361999116,4.99355858042159,0.909933604571068,570.0695,559,354
0.567870817298147,0.565265534261405,1.67988877535737,572.7722,560,355
-2.83956170688447,4.3381749962845,0.695599099680073,574.240333333333,561,356
-2.825269373125,4.32454958910666,0.693364557814092,574.2737,561,356
-2.84442559531547,4.34323167546826,0.691543634750586,574.307066666667,561,356
-2.47763711845529,2.34916523591689,0.972711061573275,579.946033333333,562,357
-2.46888599582396,2.35869681501472,0.969760798716241,579.9794,562,357
-2.474645878711,2.37570873868606,0.968927986746866,580.012766666667,562,357
-2.46464093924171,2.38372188252137,0.967329154548355,580.046133333333,562,357
-2.48297698053152,2.40153109981358,0.969954679203384,580.0795,562,357
-2.355878935859,4.22359806708285,0.845843785101593,584.016766666667,563,358
-2.35662961246612,4.24147879931371,0.844181232074738,584.050133333333,563,358
-2.33315157279312,4.23911324713798,0.842203119540897,584.0835,563,358
-2.32650224430308,4.25528075136913,0.838178056875103,584.116866666667,563,358
-2.32554135101961,4.27387653864473,0.834284331497191,584.150233333333,563,358
-2.30496374658084,4.33286342320657,0.814921167140428,584.2837,564,358
0.399941624916413,4.88141050320173,0.0161113423272273,585.451533333333,565,359
-7.27900905804549,11.8680169001889,0.685755623614153,587.520266666667,566,360
-1.06837971953481,3.50399220256133,0.622555545348069,591.424166666667,567,361
-1.06383970976391,3.50522856248788,0.621789274895981,591.457533333333,567,361
-1.06018419961792,3.50524057077879,0.623934773211264,591.4909,567,361
4.92187973330786,-4.11356866828445,1.50051568928598,593.6931,568,362
-0.397702243905666,3.2616899919659,0.588582399409397,595.361433333333,569,363
-0.391364136858183,3.2577471192289,0.592802175772673,595.3948,569,363
-0.392238347060962,3.26493536883156,0.596419277742947,595.428166666667,569,363
-0.386525759692839,3.26453059980072,0.598932816044484,595.461533333333,569,363
0.447401157824435,3.13040588230365,0.657261512724405,598.030766666667,570,364
0.450018523158063,3.13047269523608,0.661481680193193,598.064133333333,570,364
0.453810292244489,3.12105271640612,0.665121013045971,598.0975,570,364
0.456115406224222,3.12424581642675,0.670088118807806,598.130866666667,570,364
0.69824972431209,0.62411196700012,0.681844166964887,600.032766666667,571,365
0.778505041985353,3.34461250485599,0.785828848092662,600.132866666667,572,366
0.786638864755287,3.33062061903012,0.789050896537775,600.166233333333,572,366
0.792584940211884,3.31317684737325,0.790720350055014,600.1996,572,366
0.797492343717914,3.29745757382776,0.792515176171012,600.232966666667,572,366
0.80333876336327,3.28658048608211,0.794542629978614,600.266333333333,572,366
-2.6380535185704,10.494418048425,0.304734226709867,601.934666666667,573,367
-2.61384439851925,10.4456375565741,0.308999755588504,601.968033333333,573,367
1.26573802588001,2.85019963322319,0.702175544707368,602.468533333333,574,368
1.27251805042397,2.85996104636501,0.703242795945249,602.5019,574,368
1.26853204356653,2.8465465336352,0.702298095686572,602.535266666667,574,368
1.2733288756416,2.85614282442489,0.702379685057925,602.568633333333,574,368
1.26800787425677,2.84194289452627,0.69958364876929,602.602,574,368
0.444558508418625,8.82268299379819,0.564930561468695,603.603,575,369
0.452790693812312,8.64173919633282,0.566498907308169,603.636366666667,575,369
0.449664936936879,8.8210138385287,0.567153327509257,603.669733333333,575,369
0.466031384429692,8.74789746841296,0.578434331674605,603.836566666667,576,369
0.47441926020222,8.69892147009256,0.58028939413345,603.869933333333,576,369
0.461136579118939,8.99470229320234,0.581524708096879,603.9033,576,369
0.477841154068206,8.77596767072634,0.583663712467982,603.936666666667,576,369
0.485083440398339,8.69736030853875,0.582883918262266,603.970033333333,576,369
-2.01066174000645,9.91433058488015,0.351082440590116,604.170233333333,577,370
-1.98720686130966,9.89566842963794,0.349921540751641,604.2036,577,370
-1.97009866289252,9.87828994527726,0.350398249784237,604.236966666667,577,370
-1.10125995504478,9.35317708479152,0.341371515793823,606.3057,578,371
-0.259782539866367,9.37294481563208,0.363968076127402,608.441166666667,579,372
-2.28269239937303,0.936127083892463,0.966379402373556,609.2086,580,373
-2.28880264717738,0.931014209128639,0.971913967363991,609.241966666667,580,373
-2.28302326153418,0.925860529614492,0.976717324417574,609.275333333333,580,373
-2.27485057278577,0.920506766063602,0.979605190011613,609.3087,580,373
-2.26517109709112,0.915983014422833,0.983089281499619,609.342066666667,580,373
-2.2567727696593,0.910823021567183,0.985417607640057,609.375433333333,580,373
-2.25822136573257,0.906476829612697,0.988806036567319,609.4088,580,373
0.388374238590915,8.94447668739588,0.39638409649151,610.4098,581,374
0.397191178007794,8.92904001272179,0.3961788468916,610.443166666667,581,374
4.01584786664146,5.94616053564468,0.422614386288231,613.179233333333,582,375
4.01274051485295,5.92055527770339,0.431409299376184,613.2126,582,375
4.01334938654251,5.90364161084108,0.438759788138671,613.245966666667,582,375
4.61812496353721,12.8873530064146,0.986960401483402,613.846566666667,583,376
4.7232319465539,13.2048491354132,1.01312634854,613.879933333333,584,376
4.42031392521986,12.3242535633017,0.991420798296681,613.9133,585,376
4.64050405356284,12.9858100062646,1.02718783723613,613.946666666667,586,376
4.64236874391158,13.003218068576,1.03649052413953,613.980033333333,586,376
4.66704607923889,13.1054187132763,1.05609435353527,614.046766666667,587,376
4.56900422327928,12.812442962583,1.04977795201486,614.080133333333,588,376
4.63194686891821,13.0240557332761,1.05905451552293,614.1135,588,376
4.49884715905611,12.6443695132782,1.04548025665799,614.146866666667,589,376
4.63138815249123,13.0356075454881,1.06295427398826,614.180233333333,590,376
-1.77625613544387,2.34718768201932,0.870050183480086,619.2186,591,377
-1.77735172456048,2.35720172883605,0.873966924590452,619.251966666667,591,377
5.94588266096078,4.76760125362164,0.654170226816714,623.756466666667,592,378
5.90275012290898,4.7403827210036,0.660794239828694,623.789833333333,592,378
2.67210892577774,5.51683904501602,1.03398004743803,625.2246,593,379
2.64739644960408,5.48189133958824,1.03111843474995,625.257966666667,593,379
2.65658595574446,5.52500385464249,1.03416717384155,625.291333333333,593,379
2.64590041650859,5.52024078703235,1.03448958469979,625.3247,593,379
2.61627719680882,5.4705960846714,1.02775532379667,625.358066666667,593,379
2.60526340730453,5.4658308653171,1.02745759470037,625.391433333333,593,379
2.61305539701726,5.49689542474218,1.03250926751728,625.4248,593,379
2.59316642566201,5.46883956276585,1.02939538292861,625.458166666667,593,379
2.59147755285859,5.48945566066352,1.03056993601577,625.491533333333,593,379
2.5504917460373,5.42453503393134,1.0247139131251,625.5249,593,379
2.54375777577064,5.43329784986881,1.02297136627471,625.558266666667,593,379
2.54187191189733,5.45965488687246,1.02517394496944,625.591633333333,593,379
2.52946966794858,5.45718762132161,1.02378893152252,625.625,593,379
2.51730805475239,5.45702985394419,1.02202151293582,625.658366666667,593,379
2.50327770451443,5.45239634044977,1.02082908410059,625.691733333333,593,379
2.4933076917555,5.45401206857974,1.01926693712207,625.7251,593,379
2.51390056866365,5.52302939888479,1.02621634205476,625.758466666667,593,379
2.49048275592263,5.49249254126958,1.02048306935271,625.791833333333,593,379
1.47586361779705,-0.267958660845347,0.781105813261359,627.7271,594,380
0.197268797901117,5.42094397903996,0.607686147019171,630.1295,595,381
0.184992138594427,5.44754128003022,0.609893826704861,630.162866666667,595,381
0.177234408509939,5.45716654446489,0.612562899162074,630.196233333333,595,381
0.170568998886885,5.4450541441274,0.61396836842716,630.2296,595,381
0.160121882208305,5.46423147473483,0.615870139123521,630.262966666667,595,381
0.14829158758811,5.48268826463842,0.616923145617069,630.296333333333,595,381
0.140934314000147,5.48096105658928,0.618595207916522,630.3297,595,381
0.130165274247611,5.50267777964385,0.620432267668572,630.363066666667,595,381
0.115434495234,5.53374585646747,0.621783623666542,630.396433333333,595,381
0.112328681205093,5.49016606266844,0.623152903085626,630.4298,595,381
0.0909044536009959,5.55650841304344,0.626368048940332,630.463166666667,595,381
0.0941129399334897,5.46864998731743,0.627814448988565,630.496533333333,595,381
0.0827377294832258,5.47207230374433,0.629936222056277,630.5299,595,381
0.0664056196337375,5.50378105730025,0.635268141661772,630.563266666667,595,381
-0.530163970236826,2.75197282586007,1.3992495450557,634.600633333333,596,382
-0.515102645170903,2.74345528645113,1.39807671585848,634.634,596,382
-0.496767612604879,2.73219162555541,1.39527039120679,634.667366666667,596,382
-0.479416906960199,2.72002418774016,1.39277825703386,634.700733333333,596,382
-0.462133757498676,2.708424337995,1.39152279591396,634.7341,596,382
-0.447038750750625,2.69645107449471,1.38918289048562,634.767466666667,596,382
0.670186347233826,1.47808411832444,0.965302526250655,636.969666666667,597,383
0.762025610331582,2.25379555923729,1.2884991252988,637.003033333333,598,383
0.770886234676255,2.24818955150628,1.28641026174016,637.0364,598,383
0.779614824416356,2.24030437314746,1.28194180084526,637.069766666667,598,383
0.787102356541611,2.23384858287277,1.27860631244146,637.103133333333,598,383
0.791924237004529,2.23224349326508,1.27785843099444,637.1365,598,383
-1.55762606684579,5.19655034959467,0.499979208559271,638.1375,599,384
-1.55288489627907,5.20436555207082,0.493994560850991,638.170866666667,599,384
-1.54258278804228,5.2059831110234,0.488043504053564,638.204233333333,599,384
-1.54731062395914,5.22520261686441,0.481503124310063,638.2376,599,384
-1.53986037374169,5.22761378711599,0.474788298267288,638.270966666667,599,384
1.03265978806569,1.63594929039665,1.16957829011476,639.205233333333,600,385
1.03389106907354,1.62717275115208,1.16601274878168,639.2386,600,385
1.03737564407496,1.62108650650267,1.16257058057718,639.271966666667,600,385
1.03440568525222,1.59860957797006,1.14936021059827,639.305333333333,600,385
1.03308433905801,1.58498907305955,1.14272859190492,639.3387,600,385
1.03149059572678,1.57159343871204,1.13534767466408,639.372066666667,600,385
1.02900620499164,1.55707409104042,1.12764426482308,639.405433333333,600,385
11.4313679533769,9.08202558594397,0.696482552385026,639.772466666667,601,386
10.5741132283864,8.01197335228411,0.745761064864157,640.906933333333,602,387
0.775152977040087,0.825538696893736,1.11056743921977,641.307333333333,603,388
0.757315479762355,0.814203675720147,1.10974996621822,641.3407,603,388
0.744296531738866,0.799675316888559,1.10939531542265,641.374066666667,603,388
0.727073893277552,0.767127641638312,1.10863775436583,641.4408,604,388
10.5326252757553,8.16044934886934,0.874274175146952,641.974666666667,605,389
10.4486082640741,8.10792146664723,0.868874572476711,642.008033333333,605,389
0.299953527419866,-0.318613569679,1.0569400458112,643.376066666667,606,390
0.29601571433075,-0.337021040334141,1.0586666151745,643.409433333333,606,390
10.0735026855712,7.58367382775892,0.727464662501958,644.510533333333,607,391
-1.76577707205636,4.63562968594635,0.427568616736281,645.2446,608,392
-1.78152776219633,4.64966050207933,0.42995326549002,645.277966666667,608,392
-1.77948076796849,4.6329497780031,0.43323755436053,645.311333333333,608,392
-1.79179165536839,4.63729063499725,0.436000391965792,645.3447,608,392
-1.79831985029216,4.63218948790471,0.439257165236723,645.378066666667,608,392
-1.80282855562565,4.62601313761695,0.443006762344186,645.411433333333,608,392
-1.80780916207537,4.6215512160588,0.447344386886291,645.4448,608,392
-1.82281406325971,4.6316997004678,0.448176783664393,645.478166666667,608,392
-1.82212260672618,4.62326603695143,0.450865751220241,645.511533333333,608,392
-1.83279315341346,4.63550577198481,0.450804506074927,645.5449,608,392
-1.83434494603309,4.64041689718741,0.451067179665077,645.578266666667,608,392
-1.83208158731975,4.641377720148,0.451373132453362,645.611633333333,608,392
-1.83294985401332,4.64707750821668,0.451756502962132,645.645,608,392
-1.84389601567798,4.66084940585235,0.450258965943923,645.678366666667,608,392
-1.83990161490233,4.65893186900694,0.4507043789731,645.711733333333,608,392
-1.84049564056346,4.66024433321176,0.450845785413696,645.7451,608,392
-1.85059652935413,4.67665716355962,0.446829854755961,645.778466666667,608,392
-1.85700103109383,4.68532468382425,0.444303054965181,645.811833333333,608,392
-1.8679332360813,4.6957926811729,0.438511862054258,645.878566666667,610,392
-1.85225805972246,4.6816097748287,0.436157093458726,645.911933333333,610,392
0.09084063780339,-0.945848815920057,1.57174133411734,645.411433333333,609,393
0.0858868051941087,-0.954996117683328,1.5808685347458,645.4448,609,393
-2.65535350710362,12.0353853638594,0.679654329351351,646.112133333333,611,394
8.91799630861516,7.15537818585314,0.816691738455392,646.8462,612,395
8.96895071485874,7.23018026375898,0.824486628891834,646.879566666667,612,395
8.95735661854861,7.25933100295607,0.83138018839428,646.912933333333,612,395
8.91262448471586,7.26553624085131,0.839605417660514,646.9463,612,395
0.0511142310491114,-1.7894715455489,1.52583732784905,647.480166666667,613,396
0.0590531100856657,-1.79187127575999,1.5146737948952,647.513533333333,613,396
12.0919748131652,4.53995138835482,0.447893407175157,649.615633333333,614,397
-1.74219856698756,4.74646244866655,0.402297723690675,649.8492,615,398
-1.74808619826102,4.75675937488565,0.402577695384844,649.882566666667,615,398
-1.74561853613589,4.76179111729456,0.400182723943649,649.915933333333,615,398
-1.73589595852733,4.75748109611671,0.397695178217647,649.9493,615,398
-1.73629618422343,4.76742779659759,0.394925501244543,649.982666666667,615,398
-1.72817095765283,4.76617316326441,0.392321330669468,650.016033333333,615,398
-1.72330916659128,4.76498601193461,0.391049456166552,650.0494,615,398
-1.74082007650756,4.7904736864371,0.387358924569932,650.082766666667,615,398
-1.72887765246968,4.77685488579629,0.387826137979172,650.116133333333,615,398
-1.72400414736574,4.77188345288353,0.38715507589503,650.1495,615,398
-1.73013863479197,4.78457615320825,0.386910209103885,650.182866666667,615,398
-1.73604652417922,4.78827193213553,0.385410776131027,650.216233333333,615,398
-1.73398091348502,4.78322613902198,0.387492532507485,650.2496,615,398
-1.74497649602737,4.79603457739342,0.39050967062701,650.282966666667,615,398
-1.73763737135807,4.78300575416518,0.391455523630204,650.316333333333,615,398
-1.73771033501479,4.78314123430942,0.392728800006614,650.3497,615,398
-1.73740512195582,4.78940966191678,0.395804560461131,650.383066666667,615,398
-1.73640086249461,4.79590673752024,0.395569448423949,650.416433333333,615,398
-1.72525762904868,4.79099709197751,0.395409344810911,650.4498,615,398
-1.71391434382228,4.79320428009368,0.39476141611096,650.483166666667,615,398
-1.70379576660216,4.79022599480895,0.39319665868785,650.516533333333,615,398
-1.72289915854906,4.82469427833264,0.390816623014069,650.5499,615,398
3.78405192345119,8.37623077824962,0.759570107930292,651.017033333333,616,399
3.71793856339463,8.32050447994565,0.758396317805755,651.0504,616,399
3.75416496908604,8.49056457417409,0.759961089473944,651.083766666667,616,399
11.6979958286989,3.74038552769469,0.567988023427337,651.817833333333,617,400
11.7205053662397,3.73921964888281,0.575671580090969,651.8512,617,400
-4.46891936240462,11.7292478798799,0.828185534531111,653.4528,618,401
-11.2983517797647,-3.58941099519008,1.82092095401226,653.486166666667,619,402
10.7762379149683,2.7210086161994,0.533793999757975,654.020033333333,620,403
10.776851515853,2.70567824206587,0.537710542917835,654.0534,620,403
10.7021224193238,2.68409455037889,0.545017632633255,654.086766666667,620,403
1.89929384608163,-2.5909506037921,1.92642775218751,654.487166666667,621,404
1.84495958246732,-2.56286694052096,1.91981799504938,654.520533333333,621,404
1.79404951845825,-2.53582585006514,1.91450882216196,654.5539,621,404
-4.43335801433832,11.4234104459125,0.879849407637954,655.321333333333,622,405
-1.72978031366074,4.27449989102727,0.434639287785136,655.388066666667,623,406
-1.72838410253653,4.26886713368598,0.43380291558654,655.421433333333,623,406
-1.73641863535005,4.27591900017848,0.430523882625653,655.4548,623,406
-1.74291779413907,4.27631926309287,0.427796453579793,655.488166666667,623,406
-1.75299574498107,4.28433980307301,0.422394934878433,655.521533333333,623,406
-1.75243416332999,4.2773047252817,0.418271360870551,655.5549,623,406
-1.75180282970579,4.2701101834223,0.414684048867712,655.588266666667,623,406
-1.76654450853685,4.28068486910285,0.408568613005521,655.621633333333,623,406
-1.75153684849718,4.26354376208827,0.401791199520347,655.688366666667,624,406
-1.75294729362757,4.26810647026179,0.399579698741121,655.721733333333,624,406
-1.74446573693897,4.25870851260148,0.397126844082177,655.7551,624,406
-1.73447088213752,4.24320619486762,0.395921712268337,655.788466666667,624,406
-1.74008365269373,4.24427299067377,0.39360728053329,655.821833333333,624,406
-1.7473262756835,4.24033238809672,0.393435684192194,655.8552,624,406
-1.75529490958723,4.23876348497927,0.393044189002385,655.888566666667,624,406
-1.76278158457988,4.23805052789119,0.392542147421915,655.921933333333,624,406
-1.75983382341969,4.22740350019053,0.393582516464878,655.9553,624,406
-1.76403279446146,4.22773636056454,0.394435465593739,655.988666666667,624,406
-1.76000130442739,4.21555964012313,0.393443513096377,656.0554,625,406
9.35700168131208,2.09959566907188,0.785313595782237,656.1555,626,407
9.28683150759073,2.09980005808068,0.790279542802925,656.188866666667,626,407
-8.9206862988936,-2.44179075223735,1.83790955999042,656.3557,627,408
-8.84685237563569,-2.40210075941005,1.84110043414316,656.389066666667,627,408
-8.89272929180234,-2.40861491565649,1.85670114061772,656.422433333333,627,408
-8.83784738501798,-2.38334605900286,1.86441227765808,656.4558,627,408
-8.83938923628366,-2.37586230235839,1.8728944714675,656.489166666667,627,408
-1.0599399446079,-1.62472776040815,1.59852183916917,656.722733333333,628,409
-1.09234770291513,-1.61533191266134,1.60354098854698,656.7561,628,409
-1.1246809370263,-1.60982791272501,1.61264719738485,656.789466666667,628,409
7.68148436178308,1.6584693695284,0.730699163605915,658.190866666667,629,410
7.65823484558407,1.65325588692839,0.735970841503004,658.224233333333,629,410
7.64037045100688,1.64809666760538,0.741249869217852,658.2576,629,410
7.6137822338812,1.64627469543566,0.742505954203552,658.290966666667,629,410
-1.93355682479432,6.93254088231441,0.667925892305661,659.7591,630,411
-1.91519648455639,6.85471770694004,0.66505810379145,659.792466666667,630,411
-1.929756082883,6.84890375441054,0.668861016210184,659.825833333333,630,411
-7.2832832290505,-3.52870623249647,1.94142078036404,659.825833333333,631,412
-7.22596902143409,-3.50943936487481,1.93222341037511,659.8592,631,412
6.41090202056137,1.46001035741741,0.931306207962151,660.326333333333,632,413
6.3961527817383,1.4521130331119,0.939447612394678,660.3597,632,413
6.37929386449282,1.44862673938367,0.947510477848583,660.393066666667,632,413
-2.59858979698542,2.60689185125452,1.3284592257248,660.66,633,414
-2.61254130563561,2.62273783018544,1.32792481131511,660.693366666667,633,414
-2.62066455811116,2.63698787341459,1.32306927515054,660.726733333333,633,414
-2.63544649544063,2.65634032107215,1.31911985081209,660.7601,633,414
-2.64324658962541,2.6698682934741,1.31396291924766,660.793466666667,633,414
-3.15611403778218,9.32174402952237,0.846198965498236,660.793466666667,634,415
-2.37596617309734,5.62620043341231,0.662251559379288,661.627633333333,635,416
-2.39439694415744,5.63292010033584,0.664523470697289,661.661,635,416
-2.39889200541472,5.61943273577825,0.664442621228034,661.694366666667,635,416
4.97175914653779,1.54749191018361,1.11747762356481,662.4618,636,417
4.94856236865756,1.55908306127009,1.12529790579173,662.495166666667,636,417
4.92880046083521,1.57018565325051,1.1326885919127,662.528533333333,636,417
4.91826012679012,1.58104059367893,1.14103833291146,662.5619,636,417
-2.01483972377332,8.92763189291264,0.928439594113491,662.495166666667,637,418
-1.98132934780775,8.89942529063487,0.928530074016544,662.528533333333,637,418
-1.95323603720631,8.87600190510209,0.929601666389505,662.5619,637,418
-0.91133507853635,7.94106829547167,1.067609374806,664.196866666667,638,419
-0.935652628030566,8.10190461780794,1.08149849039066,664.230233333333,638,419
-0.891036825648794,7.98863416301723,1.07803612470222,664.2636,638,419
3.35918219010811,2.09224883697045,1.00841603424654,664.497166666667,639,420
3.33721366245637,2.1071607222848,1.0092784226571,664.530533333333,639,420
3.30820791690898,2.12419872161657,1.0102865094783,664.5639,639,420
3.28071617703192,2.14008553601378,1.01169214280608,664.597266666667,639,420
3.25500901580169,2.15732683746842,1.01280505340932,664.630633333333,639,420
3.22873414788857,2.17102439187363,1.01301862798687,664.664,639,420
-3.21297297477359,-3.31395696373721,1.49950039339095,665.131133333333,640,421
-3.16560605245495,-3.28703181805918,1.50018666121892,665.1645,640,421
-3.13710550677628,-3.28415505652544,1.50116769436386,665.197866666667,640,421
-3.07860808618276,-3.24066224281683,1.49750863810553,665.231233333333,640,421
-3.08299087294607,-3.2667875432969,1.50621325925437,665.2646,640,421
-3.041936078357,-3.23781064184564,1.50613307921678,665.297966666667,640,421
-0.158302006524913,7.40881530745761,1.08362364704421,665.898566666667,641,422
-0.150071803533294,7.46450008374823,1.08931416185139,665.931933333333,641,422
-0.133471735962228,7.47297384777675,1.09148097052045,665.9653,641,422
1.22695317816269,3.04471998300765,0.903148283775659,666.632633333333,642,423
1.19441441224031,3.04326911837074,0.908225066118029,666.666,642,423
1.16028431498302,3.04499714976134,0.913337215945799,666.699366666667,642,423
1.12484843033356,3.04390651572243,0.916514102372322,666.732733333333,642,423
-0.0712900839563796,7.22968086769262,1.22904121614389,667.5669,643,424
-0.0856532634484534,7.21234091957307,1.23382474442935,667.600266666667,643,424
-0.0911075497368916,7.15465490198279,1.23311611845115,667.633633333333,643,424
-1.23502469892834,-2.9119088203843,1.74232913229278,668.034033333333,644,425
-1.21342486697923,-2.90479159828138,1.74817295420623,668.0674,644,425
-1.20673777693001,-2.92907860460265,1.76563948340482,668.100766666667,644,425
-1.17288262581521,-2.89662733878958,1.76698112879231,668.134133333333,644,425
-1.1577825883672,-2.89451884137716,1.7795384572401,668.1675,644,425
-1.13956561509043,-2.88625758282955,1.78966528376094,668.200866666667,644,425
-1.11734293739438,-2.86071459514204,1.79384701073738,668.234233333333,644,425
-1.09580183244707,-2.84557027513454,1.7993982998591,668.2676,644,425
-0.421903251709949,2.440169710435,0.70018631286571,668.5679,645,426
-0.433768518933978,2.44000562892533,0.698549434301452,668.601266666667,645,426
-0.445162912844479,2.44010990997714,0.695538145530138,668.634633333333,645,426
-0.457397577883863,2.44370498558519,0.693101469843089,668.668,645,426
-0.465347218240826,2.44420095996769,0.690851905667889,668.701366666667,645,426
-3.79441993293979,-0.229362029602908,1.0608618722012,669.1685,646,427
-3.80962129395184,-0.242847404064706,1.0632034187331,669.201866666667,646,427
-3.82128203833088,-0.254105134334121,1.0662666996296,669.235233333333,646,427
-3.83180490267469,-0.263244435153193,1.07192269060467,669.2686,646,427
0.404498840870838,1.45638666680044,0.641829709906172,669.301966666667,647,428
-1.15117162957691,1.88555922383572,0.887547940787159,670.636633333333,648,429
-1.17282199620315,1.88374450087755,0.888215957215225,670.67,648,429
-1.19256551330508,1.8816691154977,0.888619532491328,670.703366666667,648,429
-1.21532068381856,1.87964834250752,0.889181473812687,670.736733333333,648,429
-1.30229823611436,6.40578113441971,1.0666500568049,670.836833333333,649,430
-1.31849926562692,6.42538399047023,1.07112232098815,670.8702,649,430
-1.32837882217268,6.43166447295197,1.07734243923429,670.903566666667,649,430
-1.3380107891427,6.43074676196016,1.08219192702882,670.936933333333,649,430
1.13797405933896,-2.70500783085327,1.91550154408703,670.936933333333,650,431
1.16767637861991,-2.70912191907162,1.92757091387072,670.9703,650,431
1.18803093778465,-2.65578807734008,1.91913441277527,671.003666666667,650,431
1.21822153322283,-2.67056533762477,1.93562160616989,671.037033333333,650,431
1.24258864110349,-2.66744069095762,1.94538769731332,671.0704,650,431
1.26508455830696,-2.65183640947076,1.94951719317492,671.103766666667,650,431
-4.7869713696658,-1.40108754097874,1.31665380845974,672.204866666667,651,432
-4.83584988815592,-1.43462790150716,1.3211111345346,672.238233333333,651,432
-4.8168539279196,-1.43228660477969,1.31924111776847,672.2716,651,432
-4.83801419481256,-1.449619849343,1.31917243515772,672.304966666667,651,432
-1.52059913188927,6.03279277881495,0.976887048212029,672.3717,652,433
-1.53451416155649,6.03497873884547,0.974470263112627,672.405066666667,652,433
-1.53569755874456,6.01578399804373,0.975561848184402,672.438433333333,652,433
-1.56170303617538,6.04772436672221,0.980390053886219,672.4718,652,433
-5.27977135858516,-2.89579789915679,1.77363200913244,675.5749,653,434
-5.29775143311294,-2.91888805801748,1.78796356038652,675.608266666667,653,434
-5.30637566113938,11.2053836894784,0.718828443407383,684.4838,654,435
-5.32202899549353,11.2399335332757,0.725822188502705,684.517166666667,654,435
-5.23005804767291,11.0863682388581,0.721788420463668,684.550533333333,654,435
0.69873003616593,0.624523646996369,0.682733532781459,692.224866666667,655,436
-9.09432678638743,-4.77677947475136,1.90931683183309,692.258233333333,656,437
-9.23506546780684,-4.79564083778518,1.9205472158479,692.2916,656,437
-6.21717640751699,9.20768790510155,0.817505920288658,696.729366666667,657,438
-6.22759705783238,9.20728529131885,0.817747264452098,696.762733333333,657,438
-6.22061994883553,9.19930490254681,0.821473571652132,696.7961,657,438
-1.79458425264546,3.03607236031406,0.843501299121958,699.331966666667,658,439
-1.78958082267595,3.04377095629759,0.842682954212956,699.365333333333,658,439
-1.37059720863992,3.76026436253956,0.570584943477657,704.737366666667,659,440
-1.37176858150496,3.76472960990631,0.571175249151288,704.770733333333,659,440
-1.37542588382253,3.77226624625827,0.573085305985586,704.8041,659,440
-1.3777272117323,3.77794024547846,0.573995436132925,704.837466666667,659,440
-1.37727156233616,3.7795652502812,0.575773630636379,704.870833333333,659,440
-1.3812067472968,3.78698194793665,0.577752388224348,704.9042,659,440
-1.37967870678011,3.78876111917204,0.578824571077586,704.937566666667,659,440
-1.37948472562625,3.79263492429307,0.579549884022634,704.970933333333,659,440
-1.37889709320938,3.79305951985268,0.579657493055648,705.0043,659,440
-1.38678158916779,3.80558673834045,0.578862727119901,705.037666666667,659,440
-1.38408457241914,3.80559616364753,0.578035282109706,705.071033333333,659,440
-1.38305040431713,3.8087235444977,0.576573651014046,705.1044,659,440
-1.38274672150934,3.81554396552793,0.574940345696882,705.137766666667,659,440
-1.37199213223925,3.80808529387798,0.572792542888155,705.171133333333,659,440
-1.3759200934679,3.81553122713727,0.570462817424305,705.2045,659,440
-1.37771812410133,3.82399943361843,0.567928417553511,705.237866666667,659,440
-1.37247434106575,3.82095348609044,0.564611456703386,705.271233333333,659,440
-1.37034830323664,3.82304947688563,0.561938117462442,705.3046,659,440
-1.36802520174622,3.82138749105604,0.558343691522108,705.337966666667,659,440
-1.36995271795888,3.82239623611287,0.554879197495935,705.371333333333,659,440
-1.3733984566006,3.82801020376995,0.550423352701662,705.4047,659,440
-2.77122145217332,4.42150361366726,0.652376237846081,705.771733333333,660,441
-2.77143806948876,4.42155277283441,0.652040193288766,705.8051,660,441
-2.77519976544211,4.42205923267232,0.649019009589199,705.838466666667,660,441
-2.77545222060533,4.41906848642164,0.64845185692441,705.871833333333,660,441
-2.77353821813708,4.41235300258146,0.645520203072775,705.9052,660,441
-9.41983800962546,-0.331702465593097,1.29198622927247,706.6059,661,442
-5.27248644604501,8.70858488301646,1.31863203307313,707.973933333333,662,443
-5.31102044954823,8.76096318844554,1.32813967647089,708.0073,662,443
-5.22246514394702,8.66134793547491,1.32408794814818,708.040666666667,662,443
-5.27414451339289,8.72451331398008,1.3371954612399,708.074033333333,662,443
-5.25131634769006,8.70620500452696,1.34325507576109,708.1074,662,443
-5.24159916488088,8.70580885281795,1.34267085608798,708.140766666667,662,443
-2.43897654225412,4.30132119425323,0.437962093813085,709.442066666667,663,444
-2.42471579473702,4.28728826971752,0.439623914406405,709.475433333333,663,444
-2.42126047263519,4.28422739317721,0.438831493821741,709.5088,663,444
-2.41981720521901,4.28391941879722,0.437606534186738,709.542166666667,663,444
-2.43021444172383,4.29660722096725,0.434282555844744,709.575533333333,663,444
-2.41566705738157,4.2845575049165,0.434768878723833,709.6089,663,444
-2.40513632783885,4.27583098135712,0.435243221646049,709.642266666667,663,444
-2.39937290859709,4.2709681253808,0.43449799969418,709.675633333333,663,444
-2.39591096344735,4.2719093117228,0.432852316392238,709.709,663,444
-2.38420326440599,4.26342479513666,0.430790779899582,709.742366666667,663,444
-2.39624934123684,4.2781501320247,0.430384820349585,709.775733333333,663,444
-2.38808546073205,4.27380213799406,0.429069383295789,709.8091,663,444
-2.38774001967033,4.2734479308666,0.428047840452757,709.842466666667,663,444
-2.37889436384285,4.27022103350574,0.428931620183236,709.875833333333,663,444
-2.36707935330631,4.26767093543318,0.429076918736319,709.9092,663,444
-2.3714518037739,4.27641862912397,0.430180533242642,709.942566666667,663,444
-2.36271193114338,4.27327493567751,0.432262593002812,709.975933333333,663,444
-2.36404799595006,4.27870308295044,0.436056342323939,710.0093,663,444
-1.77104928534889,4.29567381852224,0.472022234592627,711.177133333333,664,445
-1.77202366348149,4.29820278171515,0.467930741797695,711.2105,664,445
-1.77303983612926,4.29857712374441,0.463815615900653,711.243866666667,664,445
-1.76806063709975,4.29104009213488,0.458828927206786,711.277233333333,664,445
-1.76284328160431,4.28724071896227,0.453815418182751,711.3106,664,445
-1.76177137855903,4.28824312546078,0.449647185540174,711.343966666667,664,445
-1.75458530440305,4.28260451363698,0.446616600212083,711.377333333333,664,445
-1.76313197297534,4.29250253133471,0.441775611404057,711.4107,664,445
-1.74623056581582,4.27378466861617,0.437618309419719,711.444066666667,664,445
-1.7547752551633,4.28400688655548,0.433333743033934,711.477433333333,664,445
-1.74555484794321,4.27488524176568,0.427272229099518,711.5108,664,445
-1.74852358661934,4.27742437028381,0.422206696974694,711.544166666667,664,445
-1.74471667889394,4.27146627228381,0.416744886337069,711.577533333333,664,445
-1.75663758373391,4.28378458107582,0.41069512330003,711.6109,664,445
-1.75782460688587,4.28556564083988,0.406332427498791,711.644266666667,664,445
-1.75427637657084,4.27861155959752,0.399648992794672,711.677633333333,664,445
-1.76028367858165,4.28059776856942,0.394118548637574,711.711,664,445
-1.74727728705932,4.26307581855737,0.390445244163382,711.744366666667,664,445
-1.76336818697848,4.27937360088566,0.384213828783808,711.777733333333,664,445
-1.77296336599998,4.28272732251642,0.377251858827829,711.8111,664,445
-1.76790888499742,4.2683199990872,0.373663702243893,711.844466666667,664,445
-1.78096265079818,4.27811005490193,0.370190082332032,711.877833333333,664,445
-4.60844139009175,5.28789684919227,1.76347808627336,714.246866666667,665,446
-4.59046692408355,5.26805689950464,1.76809332928924,714.280233333333,665,446
-4.59576089396941,5.26605202064586,1.7811469759013,714.3136,665,446
-4.56626498163286,5.23441429525404,1.78788116705754,714.346966666667,665,446
-4.60207668317064,5.25548625302291,1.80637620259875,714.380333333333,665,446
-4.58157658144668,5.23363705734363,1.81095373677905,714.4137,665,446
-4.60387864202328,5.2483021728174,1.82671582779066,714.447066666667,665,446
-4.57211258631298,5.22222717913324,1.82852477325215,714.480433333333,665,446
-4.58270676684506,5.22942570273209,1.8435697759798,714.5138,665,446
-4.55602330072609,5.20581074210392,1.84640010014253,714.547166666667,665,446
-4.53850786436564,5.19443425256368,1.84455059673303,714.580533333333,665,446
-4.58148516623344,5.2267572616895,1.86184596124573,714.6139,665,446
-4.54724396526268,5.19795507638429,1.85970741645484,714.647266666667,665,446
-4.54341337298234,5.18060122269129,1.87198973320388,714.780733333333,666,446
-0.762021662085652,5.26814900765214,0.366951968972104,717.883833333333,667,447
-0.754252245216631,5.25938596197626,0.36959570390587,717.9172,667,447
-0.742781340740901,5.25496393719386,0.374703668359224,717.950566666667,667,447
-0.721621327831856,5.22690320294814,0.380291449143508,717.983933333333,667,447
-0.722743812322569,5.27105153372229,0.380329764590402,718.0173,667,447
-0.689833885413649,5.2637033272926,0.38915411881946,718.084033333333,668,447
-0.673494457833369,5.26030568979404,0.390031323233522,718.1174,668,447
-0.641524828701803,5.29030074448447,0.40029230755534,718.2175,669,447
-0.620143781851976,5.27573519612395,0.404812459684486,718.250866666667,669,447
-0.620056207357572,5.30459698542463,0.407175462100789,718.284233333333,669,447
-1.411367115818,4.08075322508736,0.463527293223346,724.1234,670,448
-1.4160172374222,4.08485479847191,0.465458760974004,724.156766666667,670,448
-1.41748515553324,4.08424251967743,0.46799888433927,724.190133333333,670,448
-1.40457301628958,4.06767292040696,0.47053150349793,724.2235,670,448
-1.41434326963553,4.07971380770754,0.47259155288775,724.256866666667,670,448
-1.41274267783369,4.07971281175053,0.474649472428797,724.290233333333,670,448
-1.41446798751596,4.07657482672575,0.471290018450944,724.690633333333,671,448
-1.41641916669622,4.07918462504161,0.467368740310705,724.724,671,448
-1.42214463918405,4.08609058153842,0.461536542553754,724.757366666667,671,448
-1.41718689944274,4.08129411727571,0.458336923339999,724.790733333333,671,448
-1.41004990161553,4.0749493144638,0.456105252313221,724.8241,671,448
-2.05896744304932,10.2524307982499,1.08173401884687,728.661266666667,672,449
-2.00538024340875,10.1236272824172,1.07828964862022,728.694633333333,672,449
-1.25513637451458,4.10266146774864,0.791572494121932,729.8291,673,450
-1.26367016315821,4.11445410329088,0.787213518998275,729.862466666667,673,450
-1.25327079547565,4.10153660233616,0.780740891258837,729.895833333333,673,450
-1.25318534837407,4.10299037226445,0.773537565539476,729.9292,673,450
-1.25321672496616,4.10683065618298,0.763651214854468,729.962566666667,673,450
-0.622094157214158,5.57364790583132,0.871002791237354,742.875466666667,674,451
-0.614733050176113,5.57651864892447,0.87337876376803,742.908833333333,674,451
-0.616980082469763,5.61394659483751,0.877377795937035,742.9422,674,451
-0.595695350816313,5.58004624889214,0.875893537144137,742.975566666667,674,451
-0.604167878754095,5.63172605104669,0.880248094395904,743.008933333333,674,451
-0.602744456440087,5.65184582168973,0.879632018867979,743.0423,674,451
-0.593753188428517,5.64003879680802,0.877353362036469,743.075666666667,674,451
-0.586467506700234,5.64535910314261,0.875201434164496,743.109033333333,674,451
-0.589523630368584,5.67463668293366,0.875854495980398,743.1424,674,451
-0.584316115266863,5.68896110168438,0.874009880583849,743.175766666667,674,451
-0.579116858366463,5.69884146479633,0.871444628134096,743.209133333333,674,451
-0.566596874084744,5.68136965618039,0.868821048643958,743.2425,674,451
-0.559508924007518,5.68373529921634,0.865718224117247,743.275866666667,674,451
-0.561200693707911,5.71095915132867,0.864366179025924,743.309233333333,674,451
-0.553803063808829,5.71548528480804,0.863552287593503,743.3426,674,451
-0.527910505835405,5.64771568846573,0.854845628016352,743.375966666667,674,451
-0.544938401080777,5.7307830726339,0.857727690863942,743.409333333333,674,451
-0.263065474236854,3.19061151275486,0.920983689093409,744.1434,675,452
-0.278191555251227,3.18085018883294,0.923337511652131,744.176766666667,675,452
-0.296495257935464,3.16358552422291,0.926242595693513,744.210133333333,675,452
-0.310729164157511,3.13807532499601,0.927124728270598,744.2435,675,452
-0.33188145396755,3.12491202545806,0.930023125362525,744.276866666667,675,452
-0.348616412546265,3.10340924097856,0.932713725668781,744.310233333333,675,452
-0.369294713860008,3.09038201031041,0.936370070112824,744.3436,675,452
-0.384551719665905,3.06948938696391,0.938517822757635,744.376966666667,675,452
-0.404942432369117,3.05737417713499,0.941628496136421,744.410333333333,675,452
-0.420669719394573,3.03923421476766,0.943946392728531,744.4437,675,452
-0.436521642602311,3.02031244991984,0.94739318617157,744.477066666667,675,452
-0.450812322796463,3.00217751852074,0.95158751532145,744.510433333333,675,452
-0.468843418179337,2.98371512217088,0.95601281434969,744.5438,675,452
-0.479834047568516,2.9587437361359,0.95986583794251,744.577166666667,675,452
-0.492221710728091,2.93657247557035,0.964788617829935,744.610533333333,675,452
-0.506869047252723,2.91749234404435,0.97068725418403,744.6439,675,452
-0.525354738425851,2.90447890554961,0.977794877053373,744.677266666667,675,452
-0.542704352182811,2.88607229903041,0.984544301572897,744.710633333333,675,452
-0.557677550140971,2.86893816193045,0.991158074137519,744.744,675,452
-0.572037318608508,2.85275739386704,0.998685521189141,744.777366666667,675,452
-0.584924433126629,2.83578684947393,1.00585810063121,744.810733333333,675,452
-0.59916328550289,2.82200371493885,1.01315667671303,744.8441,675,452
-0.613226995183041,2.80696288582593,1.02007292390962,744.877466666667,675,452
-0.627262955775325,2.79127294382323,1.02689211010337,744.910833333333,675,452
0.368488071568442,5.50225509256161,0.666782987928778,748.514433333333,676,453
0.367909646582688,5.51991165637162,0.660614925199489,748.5478,676,453
0.368518444477546,5.50274127678985,0.659428040289636,748.581166666667,676,453
-2.23523580811855,0.891944347917164,0.256121095069229,751.2505,677,454
-2.23955088901367,0.892375237909542,0.255631555029107,751.283866666667,677,454
0.358554129275422,9.66117288990323,0.702848587631464,753.185766666667,678,455
0.895768522182756,7.07472545817639,0.936360645228945,760.526433333333,679,456
0.88704591306142,7.00913428819766,0.938848636573041,760.5598,679,456
0.876698989432568,6.98895564908753,0.943616699572842,760.593166666667,679,456
0.870648992972954,7.08705033879967,0.953671261697987,760.626533333333,679,456
0.858789677659013,7.02970905200522,0.951290300253913,760.6599,679,456
0.851171377730965,7.09001088584725,0.956145096513315,760.693266666667,679,456
0.845173267797698,7.14721676854941,0.9598739919504,760.726633333333,679,456
0.83924136351622,7.22916742202724,0.964200427355712,760.76,679,456
0.836157428454122,7.25971944353571,0.963800757910123,760.793366666667,679,456
0.829456524778869,7.21136746544243,0.954095164594485,760.826733333333,679,456
0.821086526341813,7.15503360864753,0.947474697514177,760.8601,679,456
0.81518921436508,7.10941579646603,0.939074251100419,760.893466666667,679,456
0.811427131172655,7.17735469573703,0.936621839460263,760.926833333333,679,456
0.808993228138336,7.33849793798105,0.939546994438015,760.9602,679,456
0.805626504040076,7.30945743344338,0.928711018242,760.993566666667,679,456
0.801333921694521,7.30945105688295,0.91993445842558,761.026933333333,679,456
0.810603961213035,7.52683567409437,0.925533784789562,761.0603,679,456
0.809687723787451,7.46663952521484,0.912757447389714,761.093666666667,679,456
0.816016896580195,7.58603797040497,0.909344548377415,761.127033333333,679,456
0.817103187821214,7.51655750067558,0.900135645502141,761.1604,679,456
-0.102753879807383,1.24220175734749,-2.3400348179373,761.193766666667,680,457
-2.24258394509152,0.896321179153154,0.292140659604262,765.397966666667,681,458
1.52637172430916,4.85763145884647,1.33232122994076,766.1654,682,459
1.53106540615064,4.83599461316733,1.33572163004909,766.198766666667,682,459
1.54222124304202,4.85252161512207,1.34679479521528,766.232133333333,682,459
1.54613805972969,4.83650526797888,1.35128267814923,766.2655,682,459
1.55351373707474,4.84297020958247,1.35891778942783,766.298866666667,682,459
1.56093657250495,4.84270835363095,1.36622236909281,766.332233333333,682,459
1.56468156191377,4.83437616872948,1.3707010607499,766.3656,682,459
1.56420225678426,4.81904568311226,1.37278619179723,766.398966666667,682,459
1.56466909050772,4.80957656256751,1.3761892039584,766.432333333333,682,459
1.569575145568,4.82381718284866,1.38442470457722,766.4657,682,459
1.56813683051882,4.81292139286975,1.38598439698083,766.499066666667,682,459
1.56354709980904,4.79276836914295,1.38380507816397,766.532433333333,682,459
1.56845325261027,4.81319333435892,1.3907398388213,766.5658,682,459
1.57159964760805,4.81625420818412,1.39288903451653,766.599166666667,682,459
1.56635492318877,4.78023455928038,1.38346741900128,766.632533333333,682,459
1.56459175458272,4.75972631143619,1.37757309828922,766.6659,682,459
1.57660842189553,4.79915692388977,1.38439345585222,766.699266666667,682,459
1.57818922755956,4.77826833123596,1.37760233022433,766.732633333333,682,459
1.58476940994342,4.79493898415957,1.37903147469638,766.766,682,459
1.58502148664859,4.77605083837887,1.37076286957799,766.799366666667,682,459
-2.24908683193677,0.899942578132948,0.299859313741965,767.900466666667,683,460
-2.25095844220798,0.900555246786836,0.300360688119162,767.933833333333,683,460
9.43837604031569,8.6121725190096,0.723617093194984,773.205766666667,684,461
-1.43669852881076,1.58859764257866,1.31842152355677,780.9802,685,462
-1.44069761191496,1.58179986886384,1.32524321870428,781.013566666667,685,462
-1.43958957381225,1.57329563247126,1.33231645231456,781.046933333333,685,462
-1.4418686190346,1.56656126549778,1.34215105803458,781.0803,685,462
-1.43797378570771,1.56105547751474,1.34960786952202,781.113666666667,685,462
-1.43326578955577,1.55550206039306,1.35717422480888,781.147033333333,685,462
-1.42761051325629,1.55210711025091,1.36401054901686,781.1804,685,462
-1.42655219242959,1.54913052627022,1.37122153758156,781.213766666667,685,462
-1.42274695365392,1.5460670811239,1.37693750660986,781.247133333333,685,462
-1.42001096878399,1.54485466298782,1.38118874746906,781.2805,685,462
-1.41829499055094,1.5456439441315,1.3868490659449,781.313866666667,685,462
-1.41565404957714,1.54643284357694,1.39126875943307,781.347233333333,685,462
-1.40840167080002,1.545820407556,1.39459644098745,781.3806,685,462
-1.40301572299703,1.54583538221437,1.39755165141344,781.413966666667,685,462
-1.39796257541928,1.54742233203516,1.4009166892868,781.447333333333,685,462
-1.3888642092126,1.54869768885874,1.40219488185077,781.4807,685,462
-1.38307025932887,1.54895807208159,1.40437196016675,781.514066666667,685,462
-1.37750915586316,1.54851732336107,1.40533953257126,781.547433333333,685,462
-1.37547617921883,1.5491103288129,1.40688048005161,781.5808,685,462
-1.36978591407601,1.54706715154798,1.40648063340722,781.614166666667,685,462
-1.37240694511636,1.54587184566876,1.40651498179414,781.647533333333,685,462
-1.37079611253791,1.54261317347538,1.40586254966802,781.6809,685,462
-1.37314000670365,1.5399381251659,1.40736632043784,781.714266666667,685,462
-1.37319972829895,1.53625612135572,1.40725522784736,781.747633333333,685,462
-1.3750435244828,1.53343821745684,1.40827659586483,781.781,685,462
-1.37295635153947,1.53090898599746,1.40759619901542,781.814366666667,685,462
-1.37360901270815,1.53095282066023,1.40954085126321,781.847733333333,685,462
-1.37415210460715,1.53264941581871,1.41183060652008,781.8811,685,462
-1.37680057422497,1.53419921160501,1.41315910308957,781.914466666667,685,462
-1.37452490433258,1.53598601811186,1.41491617351965,781.947833333333,685,462
-1.37405783604441,1.53788554405744,1.41941410497833,781.9812,685,462
0.722804403049566,6.84137952484984,0.468609988708485,783.1824,686,463
0.716597976730491,6.85709090623541,0.473926982900934,783.215766666667,686,463
0.709345028127342,6.82132464739758,0.477777847581629,783.249133333333,686,463
0.70508014226492,6.5154349172356,0.487053309185371,783.2825,687,463
0.691228945531213,6.60816978101432,0.489019573496504,783.349233333333,688,463
0.687762466322232,6.5786108279241,0.48824678714502,783.3826,688,463
0.680106997727328,6.54434824302279,0.484814110722269,783.415966666667,688,463
0.679263949237812,6.5354356986323,0.479893896295178,783.449333333333,688,463
0.676654915624779,6.55348361526532,0.474994464556993,783.4827,688,463
-2.43849805490342,4.13626296542868,0.780886656857188,784.917466666667,689,464
-2.44981975739895,4.14036802588916,0.777745510586322,784.950833333333,689,464
-2.44591565574937,4.13209420238912,0.770718732711048,784.9842,689,464
-2.44949689254732,4.13220603502418,0.766685889578908,785.017566666667,689,464
-2.46660906992728,4.13752480011177,0.765519396111121,785.050933333333,689,464
-2.46576632199898,4.12888905206022,0.764349606741936,785.0843,689,464
-2.46281887685955,4.11861774349955,0.762280269892504,785.117666666667,689,464
-2.48191330802488,4.12634430981133,0.760809490805222,785.151033333333,689,464
-2.48594175362281,4.12142571831587,0.759733427778776,785.1844,689,464
-2.48380786487912,4.11557949635189,0.758081043708641,785.217766666667,689,464
-2.48558057231032,4.10891339907754,0.754031238343832,785.2845,690,464
-2.48180761049303,4.1061712653859,0.75081264078951,785.317866666667,690,464
-2.49195722151991,4.12051493162718,0.747729323805134,785.351233333333,690,464
-2.48437657027631,4.11433093915954,0.737235711161033,785.417966666667,691,464
-2.75641148072848,2.85874571751671,1.0998308388256,785.818366666667,692,465
-2.76224632602354,2.8606746836704,1.09758378719772,785.851733333333,692,465
-2.76196367739729,2.86241800315645,1.09403790205644,785.8851,692,465
-2.79133713248894,2.87678336380061,1.09568728325598,785.918466666667,692,465
-2.79839635559122,2.87916739523217,1.09208328143235,785.951833333333,692,465
-2.83186027686006,2.89785125001844,1.08855268179779,786.051933333333,693,465
-2.86854399226541,2.92216698880459,1.08659061518046,786.118666666667,694,465
-2.89005998711174,2.95180724551036,1.07926138759905,786.218766666667,695,465
-2.89378363895018,2.96872804061007,1.06973240322979,786.2855,696,465
-2.89433746856127,2.97838210510714,1.06719937712773,786.318866666667,696,465
-2.90800863335676,2.9993395565264,1.06236570580704,786.3856,697,465
-2.95158651547188,3.05708704749384,1.03694251199995,786.652533333333,698,465
15.1702014785145,3.57581269448933,1.00004962975579,788.554433333333,699,466
-3.77019036880837,4.77966060254182,0.979547107970883,790.623166666667,700,467
-3.76193201177547,4.76556024115468,0.977605836276578,790.656533333333,700,467
-3.7768850812742,4.77077777156797,0.979153599098462,790.6899,700,467
-3.76461460704531,4.73637355617671,0.972436148010937,790.79,701,467
-3.77617449688156,4.73415367394461,0.969887282601025,790.856733333333,702,467
-3.81596130089521,4.75048454358848,0.961197481146268,790.923466666667,703,467
-3.80960551366135,4.74061093713437,0.954127163595461,790.956833333333,703,467
-3.80003409238787,4.72531700619718,0.946106718557494,790.9902,703,467
15.0764159528245,0.498283835646649,1.35679141489762,792.958833333333,704,468
-3.93935952293528,1.7633367880431,1.44516249986686,794.026566666667,705,469
-3.94435657431427,1.75475238913959,1.44205210009222,794.059933333333,705,469
-3.95327178342619,1.74650425901914,1.43980661270474,794.0933,705,469
-3.95460470413685,1.73517392932488,1.43600838864995,794.126666666667,705,469
-3.96440676075878,1.72714961967489,1.43580284536979,794.160033333333,705,469
-3.98802027573959,1.71273836776586,1.43145683646208,794.226766666667,706,469
-3.99950478900891,1.70924293963121,1.43210082726526,794.260133333333,706,469
-3.99186736842143,1.70242903132809,1.42893623626351,794.2935,706,469
-4.01479244724445,1.69442106949082,1.42380743870146,794.360233333333,707,469
-4.00021481287343,1.68819177876163,1.41496746517437,794.3936,707,469
-4.01490307606178,1.68668782191019,1.41309682774369,794.426966666667,707,469
-4.00257072686532,1.68266787328514,1.40577663774434,794.4937,708,469
14.8595879812788,-0.277266744475763,1.828083748096,795.2945,709,470
-2.51855180884353,2.18789652627946,1.0767679721286,798.731266666667,710,471
-2.52255315438569,2.18038307092582,1.08297690443342,798.764633333333,710,471
-2.52290883286029,2.17083351728633,1.09086348522069,798.798,710,471
-2.52642711535792,2.16403420755017,1.09800913020132,798.831366666667,710,471
-2.52531895578064,2.15388548395002,1.10395851558576,798.864733333333,710,471
-2.5236042241089,2.14483660666928,1.10713743138843,798.8981,710,471
-2.5314797790776,2.13566199398438,1.11115174324311,798.931466666667,710,471
-2.53047386554924,2.12497155207855,1.11214447540123,798.964833333333,710,471
-2.53875206823881,2.11719743631585,1.11393317416425,798.9982,710,471
-2.54383579598946,2.1069735302434,1.11360753319495,799.031566666667,710,471
-2.54046125070569,2.0965638999394,1.1104488276601,799.064933333333,710,471
-2.54517892691869,2.08677037532602,1.10987183699086,799.0983,710,471
-2.56255154290096,2.08333871947871,1.11174406965623,799.131666666667,710,471
-2.56791582245097,2.07617105040317,1.1111086936132,799.165033333333,710,471
-2.56874552923868,2.0683833613107,1.10962420238211,799.1984,710,471
-2.58210686169629,2.06570030054239,1.10912312327727,799.231766666667,710,471
-2.59321165022334,2.06364672859387,1.11041528408235,799.265133333333,710,471
-2.58873075744139,2.05566619918035,1.10903685736077,799.2985,710,471
-2.5919644427932,2.04762977951503,1.10852925237885,799.331866666667,710,471
-2.61342868604639,2.04430248938232,1.10922141175053,799.365233333333,710,471
-2.6056224530455,2.03605849389456,1.10783798518168,799.3986,710,471
-2.62558326676508,2.03579105538731,1.10867165510218,799.431966666667,710,471
-2.62879419616344,2.03081256373696,1.10731594343209,799.465333333333,710,471
-2.64155257972321,2.02698958407206,1.10853908077177,799.532066666667,711,471
10.3163998960827,-1.30888929421367,1.74538789257012,802.134666666667,712,472
10.2092019402684,-1.30779441066595,1.73293042413537,802.168033333333,712,472
6.3360086366163,0.0463612969326492,1.48303995770642,806.6058,713,473
6.32920125251966,0.066665035936037,1.48149165906298,806.639166666667,713,473
6.29198350587231,0.089248395968529,1.47530061770851,806.672533333333,713,473
6.28993657320597,0.109629058216264,1.47712019741309,806.7059,713,473
0.667763875121337,0.649166746743028,0.664139579371551,807.940466666667,714,474
4.7847596509265,0.547434881303962,1.27342133757264,808.9081,715,475
4.77653245916906,0.550755228160594,1.27353885710991,808.941466666667,715,475
4.75596045389988,0.554415559824115,1.27128178542134,808.974833333333,715,475
4.73126765008049,0.560012804672693,1.26888448781812,809.0082,715,475
3.67934130968679,0.935434197124066,1.02451758371697,811.143666666667,716,476
3.67012653442836,0.958745748795062,1.02629174697103,811.177033333333,716,476
3.66319567098708,0.985860021505305,1.02898051899537,811.2104,716,476
3.65194994124243,1.01284362099841,1.02940535033924,811.243766666667,716,476
3.63713677304716,1.03770150726743,1.03024511859255,811.277133333333,716,476
0.179859233041468,3.97529046987229,0.49604864777055,812.378233333333,717,477
0.188626674088725,3.95987060620807,0.493214495366334,812.4116,717,477
0.193506021211675,3.95954182776866,0.489005370363897,812.444966666667,717,477
0.19280800034359,3.97325139665677,0.483721069212213,812.478333333333,717,477
0.192352182969368,3.98023711596462,0.480512717485684,812.5117,717,477
0.196291928663174,3.97004205880365,0.476296605307889,812.545066666667,717,477
0.463037969907291,1.81488646398526,0.543784274666293,812.578433333333,718,478
0.462796330661677,1.81498499859233,0.542931129880683,812.6118,718,478
0.46247518189824,1.81513859205377,0.54203810966543,812.645166666667,718,478
0.461770366471868,1.8157867009602,0.541442031205785,812.678533333333,718,478
0.461686811219992,1.81585078651636,0.540661612493712,812.7119,718,478
0.460568368515995,1.81646049633487,0.539642795884806,812.745266666667,718,478
0.459975796702597,1.81683846989619,0.539133298057009,812.778633333333,718,478
0.460186506153348,1.81674678100898,0.538530210060093,812.812,718,478
0.459452672369864,1.81731237510197,0.538163860570198,812.845366666667,718,478
0.45912355644494,1.81750043943845,0.53754547749515,812.878733333333,718,478
0.459389669942717,1.81736335981711,0.537181329625009,812.9121,718,478
0.459372949616102,1.81736234568234,0.537310522841704,812.945466666667,718,478
2.37998366460062,2.80865534043163,0.789743536506551,813.445966666667,719,479
2.36723627615938,2.83463175974769,0.790656676052376,813.479333333333,719,479
2.35318887555058,2.85672344291019,0.789242185745817,813.5127,719,479
2.34940741439324,2.88631488295792,0.789503680864951,813.546066666667,719,479
2.34397160682165,2.91074058992329,0.78870874105622,813.579433333333,719,479
8.60532122761862,7.80140572479876,1.1373566336025,814.446966666667,720,480
8.67448815787979,7.83007558385564,1.14396017694942,814.480333333333,720,480
8.67601651458485,7.80521103598828,1.15526114731972,814.5137,720,480
9.00457783961628,5.81848978970815,1.17399734484717,817.082933333333,721,481
9.00779289788007,5.78470117275514,1.17207193977592,817.1163,721,481
9.0127742944847,5.75820480808863,1.1734058992405,817.149666666667,721,481
9.02751804781044,5.72948394367275,1.18106716766372,817.183033333333,721,481
0.73910498850077,0.77669853595724,0.75294707650275,817.183033333333,722,482
0.345542472785537,1.74453563629989,0.580997265914183,818.951466666667,723,483
-0.20097293384554,4.06691774913323,0.517756956597028,818.984833333333,724,484
-0.209486109662587,4.06970621141172,0.516041477095799,819.0182,724,484
-0.220316874252603,4.076106403008,0.514293701938302,819.051566666667,724,484
9.05317147043685,3.65468240921368,1.13460949311906,819.7189,725,485
9.06775862970876,3.62821745333443,1.14627622473211,819.752266666667,725,485
9.04272837566548,3.58315927588342,1.15336200381339,819.785633333333,725,485
-0.51428269347537,4.02063323245525,0.470652986419841,832.0312,726,486
-0.526196677287661,4.02779745597075,0.467996318530751,832.064566666667,726,486
-0.535315242199698,4.02935212939032,0.465178740891904,832.097933333333,726,486
-0.541008048900279,4.0269320258922,0.463963065349555,832.1313,726,486
-0.549715836537777,4.03528317229136,0.461178539763179,832.164666666667,726,486
-0.548916441093512,4.02841807363197,0.459000064851598,832.198033333333,726,486
-0.557413285178606,4.04131102382417,0.457135035466448,832.2314,726,486
-0.560669867169135,4.04362582826759,0.456978170254613,832.264766666667,726,486
-0.568225270189052,4.06208002217751,0.455558573327324,832.298133333333,726,486
-0.570737754642311,4.06661003917567,0.455445096738274,832.3315,726,486
-0.575973349173316,4.07903959755847,0.454357777007039,832.364866666667,726,486
-0.580578701684574,4.08656289840568,0.454899434999473,832.398233333333,726,486
-0.572257994824213,4.06243902597202,0.452055419309223,832.4316,726,486
-0.576955710075546,4.06745003662856,0.449700613865616,832.464966666667,726,486
-0.578226402672513,4.06593220835646,0.448305169965756,832.498333333333,726,486
-0.579670811005915,4.06671478076301,0.445777229371818,832.5317,726,486
-0.566545889613263,4.0457105139924,0.444333974684342,832.565066666667,726,486
0.694375126605932,0.650399155953355,0.695028374684207,840.005833333333,727,487
-2.43247509916511,1.07510806220201,0.211070520719452,842.074566666667,728,488
-2.42502173127168,1.07638447380982,0.213713682202249,842.374866666667,729,488
-7.04681140237968,-3.56620977493532,1.38415867430333,846.779266666667,730,489
-7.11441312326654,-3.61083034729259,1.38644814895887,846.812633333333,730,489
-5.19640315184668,-2.77192347151766,1.54443876416587,850.4496,731,490
-5.15671835391982,-2.74516178966172,1.54128570640465,850.482966666667,731,490
-5.1932658032164,-2.76639909362986,1.55730069052621,850.516333333333,731,490
-3.04006386302793,0.685478141152203,1.24515703894037,855.020833333333,732,491
-3.03730934423679,0.712764817500535,1.24094557748031,855.0542,732,491
-3.02458079203298,0.742663155187882,1.23544747101148,855.087566666667,732,491
-3.02282979659887,0.771294064598395,1.23179300765794,855.120933333333,732,491
-2.17468997526159,2.1081551834489,1.01143697414752,857.122933333333,733,492
-2.16347876624966,2.12258951017514,1.0122423543572,857.1563,733,492
-2.15747360178001,2.140851207046,1.01493405557871,857.189666666667,733,492
-2.13746006117115,2.15466894576434,1.015449927457,857.223033333333,733,492
-2.4023616924877,2.5494360844911,0.166253805646529,857.289766666667,734,492
-2.40065851840198,2.54942527684409,0.1679455077937,857.323133333333,734,492
-2.39659992311204,2.54898380476245,0.166274689769597,857.3565,734,492
-8.32112254533868,-9.18187922411399,2.63167969707848,867.867,735,493
-2.32826390772713,1.8666314705774,1.20758113279073,872.905366666667,736,494
-2.34001449728979,1.86891333520842,1.19856628001317,872.938733333333,736,494
-2.34713997914085,1.87015124715286,1.18809002527951,872.9721,736,494
-2.35069074185141,1.8745989671644,1.1795490956345,873.005466666667,736,494
-2.35455755781423,1.88136340114597,1.17122025932866,873.038833333333,736,494
-2.36101340798094,1.88701210973194,1.16391578094733,873.0722,736,494
-2.36320253425628,1.88935745767008,1.15606004880062,873.105566666667,736,494
-2.37650485522687,1.8951618175589,1.1516033486555,873.138933333333,736,494
-2.38035943642796,1.89825414215587,1.148482059798,873.1723,736,494
-2.39133840811349,1.90353706945852,1.1454073708962,873.205666666667,736,494
-2.39451685875386,1.90875589445803,1.14146686071285,873.239033333333,736,494
-2.39911346350332,1.9151129129334,1.14040350763324,873.2724,736,494
-2.40614956925573,1.9224174212637,1.13934011206601,873.305766666667,736,494
-2.41238346811459,1.92980518391012,1.13781686980005,873.339133333333,736,494
-2.41544334268363,1.93678982287366,1.13580988413803,873.3725,736,494
-2.4130165071321,1.9411061165555,1.1330961513678,873.405866666667,736,494
-2.40661840003861,1.94386241477449,1.13022620145213,873.439233333333,736,494
-2.40646395750759,1.94870339719255,1.12744954255428,873.4726,736,494
-2.40506855682702,1.95345380981168,1.12561410145375,873.505966666667,736,494
-2.40718560600228,1.95963040955372,1.12425869759711,873.539333333333,736,494
-2.40477229041494,1.96574254231822,1.12373880971953,873.5727,736,494
-2.40232358636461,1.96973842039863,1.12147450132899,873.606066666667,736,494
-2.39490442567343,1.97280946330461,1.11948074400932,873.639433333333,736,494
-2.40109897857808,1.97747531976997,1.11602028123569,873.6728,736,494
-2.39348761217882,1.97896416239514,1.11131824235428,873.706166666667,736,494
0.673200788971691,0.626917902090031,0.697521373864036,877.743533333333,737,495
-3.50239831310625,-0.0313462767500038,1.4979543909792,882.147933333333,738,496
-3.50731342182082,-0.0317994025811753,1.50221434957506,882.1813,738,496
-3.5067920034101,-0.0300845003970716,1.50513262175278,882.214666666667,738,496
-3.51434690231321,-0.0306057250813484,1.5105062141085,882.248033333333,738,496
-3.51320625063335,-0.0278236832434874,1.51438785675898,882.2814,738,496
-3.52322638970694,-0.0261492305062838,1.51867329640786,882.314766666667,738,496
-3.52854409270498,-0.0228662119151415,1.52079930697228,882.348133333333,738,496
-3.5120789930497,-0.0154589683537685,1.51771610256287,882.3815,738,496
-3.53632535468042,-0.0195908911627176,1.52376023330553,882.414866666667,738,496
-3.53997399816529,-0.0171132490861945,1.52325101077148,882.448233333333,738,496
-3.54544677697451,-0.0156328280073145,1.52021172654576,882.4816,738,496
-3.5433144486289,-0.0148095444861582,1.51942634781799,882.514966666667,738,496
-3.5555527525778,-0.0140545436477808,1.51962058765,882.548333333333,738,496
-3.554109414902,-0.0113065166483687,1.51858781413036,882.5817,738,496
-3.55737901899413,-0.00984746712300066,1.52037876773579,882.615066666667,738,496
-3.5738408896252,-0.0109843316421863,1.52078523303876,882.648433333333,738,496
-3.57295405511771,-0.0108400759578885,1.51805683119915,882.6818,738,496
-3.57204800942313,-0.0107025949090143,1.51223136039992,882.715166666667,738,496
-3.58265572242729,-0.013113722015196,1.51033104859495,882.748533333333,738,496
-3.58762840076318,-0.0130073077344254,1.50665699589544,882.7819,738,496
-3.60407833026609,-0.0154406000473656,1.50655665789854,882.815266666667,738,496
-3.62101079436924,-0.0179616071914703,1.50543301256332,882.848633333333,738,496
-3.63824158839794,-0.0205306964973164,1.50360197761772,882.882,738,496
-9.41281489052455,-0.152725341854431,1.27734780254358,884.3835,739,497
0.725060700547199,0.510597946713501,0.72147535552976,886.252033333333,740,498
-2.40587222755313,0.822707280260542,0.98168641097431,886.886,741,499
-2.39665982250569,0.817879855467736,0.984826754884675,886.919366666667,741,499
-2.39560982882532,0.81201213116954,0.988448795570686,886.952733333333,741,499
-2.38394613208895,0.808618831223914,0.991772100617225,886.9861,741,499
-2.38260543668445,0.806274187035518,0.995965491950976,887.019466666667,741,499
-2.3710325219982,0.805227578288961,0.99864037387758,887.052833333333,741,499
-2.37384326119413,0.803068562675374,1.0017212993032,887.0862,741,499
-2.32737408014091,0.817148791689647,0.994601761493553,887.653433333333,742,499
-2.31172759451148,0.82280432417622,0.990481495127285,887.720166666667,743,499
-2.30162588402162,0.827028408710594,0.986664087221766,887.753533333333,743,499
-2.08164478645961,2.52376727772514,0.904782495767233,888.220666666667,744,500
-2.07584210275576,2.52075011867798,0.911033327750743,888.254033333333,744,500
-2.07986240738919,2.52480452832771,0.919325711938357,888.2874,744,500
-2.07836616029755,2.52743071365514,0.925841813952895,888.320766666667,744,500
-2.07912430899354,2.53221016226941,0.933708990503569,888.354133333333,744,500
-2.07848166609692,2.53794588008875,0.940015082533481,888.3875,744,500
-2.07139940425341,2.5431338437214,0.945100659234882,888.420866666667,744,500
-2.07148332094383,2.55325756452979,0.951247744010989,888.454233333333,744,500
-2.06416669490583,2.55994600564798,0.952636681079094,888.4876,744,500
-2.0623123524455,2.56908205506259,0.956518605389157,888.520966666667,744,500
-2.06374029637433,2.57654140506538,0.959232193515629,888.554333333333,744,500
-2.05791887360105,2.58112447607349,0.960502033132973,888.5877,744,500
-2.05554450971525,2.58698662016315,0.960311933894459,888.621066666667,744,500
-2.05991455437039,2.59587449895954,0.961061205071566,888.654433333333,744,500
-2.05368578226205,2.59891882347203,0.960070077325185,888.6878,744,500
-2.06097301831942,2.61076595554635,0.961540203707448,888.721166666667,744,500
-2.05593600505555,2.61839035028368,0.960280374500501,888.754533333333,744,500
-2.04971048803099,2.62697813209965,0.958562706808602,888.7879,744,500
-2.04795329290979,2.6390637825841,0.957111303569816,888.821266666667,744,500
-2.04909132322907,2.65112915411315,0.95352297600772,888.854633333333,744,500
-2.05391396105594,2.6682170941481,0.952599195628878,888.888,744,500
-2.0436096582659,2.675523570935,0.946834715957197,888.921366666667,744,500
-2.04768156378075,2.68867165580963,0.942313728904003,888.954733333333,744,500
-2.04194839578193,2.69221308692378,0.934169708067473,888.9881,744,500
-2.04872420701349,2.69956734611632,0.92780360704048,889.021466666667,744,500
-2.04892286185836,2.70276942631626,0.921930084701292,889.054833333333,744,500
-4.34073023476005,3.454139709893,1.26446232959408,889.121566666667,745,501
-4.34047600520144,3.46424334239887,1.26185470429897,889.154933333333,745,501
-4.33573171241342,3.50225123087201,1.25606475454336,889.2884,746,501
-4.35470320385431,3.51821249161873,1.25666650014273,889.321766666667,746,501
-1.56425924556977,1.05451698437647,0.90016811129413,906.1052,747,502
0.21821304883854,4.69134313116857,0.75913111604021,907.573333333333,748,503
0.221075172257985,4.67089692426823,0.759321275942648,907.6067,748,503
0.216879911564076,4.68284319090763,0.760130310472052,907.640066666667,748,503
0.217122132580058,4.67719493230505,0.76196913888221,907.673433333333,748,503
0.216255541932621,4.67818160793145,0.764653907769659,907.7068,748,503
0.21386556007789,4.6760329946156,0.766457705961693,907.740166666667,748,503
0.214338462022094,4.65006961434435,0.766137292598705,907.773533333333,748,503
0.206306487887457,4.6660978462979,0.769004253093114,907.8069,748,503
0.204563051112695,4.65710165137786,0.768559611507128,907.840266666667,748,503
0.198602401546912,4.64687731037117,0.769737900900137,907.873633333333,748,503
0.185044761218294,4.69799474025822,0.772790611616543,907.907,748,503
0.188289512694158,4.65413155113804,0.76972369725159,907.940366666667,748,503
0.178200352961103,4.6904944581761,0.771266663102908,907.973733333333,748,503
0.180676645086135,4.65735082146787,0.768061366492545,908.0071,748,503
0.180498997614408,4.63770161888026,0.764185706931539,908.040466666667,748,503
0.176286384791198,4.64909269227753,0.760714971373511,908.073833333333,748,503
-2.2711053612127,0.511374252366633,1.14477341938604,909.742166666667,749,504
-2.27714979106859,0.49968988916708,1.1483039771081,909.775533333333,749,504
-2.28496915071863,0.487418257406477,1.15096161886025,909.8089,749,504
-2.2954033219508,0.476227493529523,1.15548675511913,909.842266666667,749,504
-2.30158561420148,0.466580188717233,1.15892530353259,909.875633333333,749,504
-2.31130808875354,0.454875287160223,1.16227988206047,909.909,749,504
-2.30902645666579,0.447661136376638,1.16531582215639,909.942366666667,749,504
-2.31304303460506,0.43679181081377,1.16716660258953,909.975733333333,749,504
-2.32644074358407,0.424699950457721,1.17148775435935,910.0091,749,504
-2.32510047631263,0.416869429141243,1.17188517459843,910.042466666667,749,504
-2.32756912328328,0.407822154094368,1.17442889386405,910.075833333333,749,504
-2.33580657362874,0.399149993476563,1.17742703150447,910.1092,749,504
-2.33650239538119,0.390537658497344,1.17722157677714,910.142566666667,749,504
-2.35961025277053,0.38141613309138,1.18270429206778,910.175933333333,749,504
-2.35639686711677,0.374172737112393,1.18098374449459,910.2093,749,504
-2.36454767233953,0.363590143181963,1.18412477750043,910.242666666667,749,504
-2.37125028721357,0.354442796130875,1.18600985260729,910.276033333333,749,504
-2.37992573655061,0.345227955135624,1.185779709779,910.3094,749,504
-12.5033639443515,-3.04091923081798,1.29896215046935,911.3104,750,505
11.3868662911017,-6.48932002063313,1.96972652702351,912.044466666667,751,506
11.387817616373,-6.48477398010948,1.97772709502561,912.077833333333,751,506
-2.61221217472474,-0.0653134372296603,1.15775768685522,914.079833333333,752,507
-2.61686086678456,-0.0695670043714248,1.1587388490738,914.1132,752,507
-2.61747577905417,-0.0735658565093281,1.1603359369824,914.146566666667,752,507
-2.61423721828687,-0.0760726838387483,1.15875809862141,914.179933333333,752,507
-2.61403352482863,-0.0806080664462386,1.15872771141957,914.2133,752,507
-2.61824601792202,-0.0835235869207333,1.15860051292237,914.246666666667,752,507
-2.61838837031243,-0.0847724434144792,1.1571625624818,914.280033333333,752,507
-9.79573343424844,-3.35448869003911,1.4770840764622,916.749166666667,753,508
-9.86090998411287,-3.3924774834592,1.48170085167317,916.782533333333,753,508
-3.43222306422172,-0.653816071717167,0.996225730932875,918.4175,754,509
-3.41721226859385,-0.645729442529706,0.993982121394752,918.450866666667,754,509
-3.42443497236128,-0.647989104107426,0.993496193779362,918.484233333333,754,509
-3.43538809502949,-0.651404091753488,0.995560251687817,918.5176,754,509
-3.41750655297969,-0.639051885594795,0.991319871404385,918.550966666667,754,509
-3.44239438592876,-0.642681571302342,0.992330899436875,918.6177,755,509
-7.95942280719229,-2.18958971668154,2.01744133810387,922.588333333333,756,510
-8.0452120221228,-2.21037874352948,2.03412738571041,922.6217,756,510
-8.03498480897085,-2.19482264326023,2.04428235422895,922.655066666667,756,510
-8.10089913646561,-2.20456169533346,2.05292075588387,922.688433333333,756,510
-3.09451485134351,1.74431284711291,1.05487521839948,923.689433333333,757,511
-3.090671806669,1.74355230900889,1.05477770024021,923.7228,757,511
-3.09534338496445,1.74621934627842,1.0559588030176,923.756166666667,757,511
-3.09698232285228,1.74955249670397,1.05647635723089,923.789533333333,757,511
-3.08381890031712,1.74995570061856,1.05490105863697,923.8229,757,511
-3.08382955394247,1.75169817685976,1.05361495955324,923.856266666667,757,511
-3.08542883842884,1.75293175722268,1.05346122880902,923.889633333333,757,511
-3.08710201222863,1.75291667097161,1.05145712220722,923.923,757,511
-3.08310151101329,1.75147185864083,1.04750456123086,923.956366666667,757,511
-3.08149005009372,1.74949597846784,1.04329906893138,923.989733333333,757,511
-3.06968566399858,1.74300369756707,1.03690968038836,924.0231,757,511
-0.730371392307055,-0.564910001339211,1.54889205590402,925.357766666667,758,512
-0.76837792600724,-0.539346406959362,1.53832026361305,925.391133333333,758,512
-0.811262935707176,-0.510739824913028,1.52696681605317,925.4245,758,512
-0.861221361618217,-0.486537737333098,1.51902584761118,925.457866666667,758,512
-5.35474699370962,-0.458366126123103,1.06900161487357,926.926,759,513
-2.44867479481095,3.64226188737054,1.17224678282646,930.262666666667,760,514
-2.45452773656848,3.64269536603143,1.17385127179112,930.296033333333,760,514
-2.45288800726831,3.63320463920653,1.17514089702464,930.3294,760,514
-5.1291839389884,-0.286694304716152,1.03840503313296,931.263666666667,761,515
-5.08601297232443,-0.269530053999132,1.03372849424129,931.297033333333,761,515
-5.10797267618453,-0.260977481379406,1.00381123821933,931.563966666667,762,515
-5.13437818395133,-0.269435713615421,1.00350484850232,931.597333333333,762,515
-2.71965930203155,3.00673033149692,1.00901059023068,933.6327,763,516
-2.73120634298483,3.00505212276656,1.00944573005746,933.666066666667,763,516
-2.74275105730761,3.00402609274377,1.00913662548179,933.699433333333,763,516
-2.74480044719038,2.99915104476039,1.00759783726725,933.7328,763,516
-2.75904831217873,3.00153166909084,1.00758052766688,933.766166666667,763,516
-2.75382418898156,2.9931385688788,1.00556864062358,933.799533333333,763,516
-2.76792095009597,2.99477565188856,1.00608003753446,933.8329,763,516
-2.76032635998706,2.99065881928254,1.0027854255043,933.866266666667,763,516
-2.77240222172765,2.99532352537237,1.00414056197291,933.899633333333,763,516
-2.78523125255796,3.00062899116461,1.00152775682727,933.933,763,516
-2.7885958215612,2.99903972701725,0.999923718748614,933.966366666667,763,516
-2.79197207603254,3.0012928526185,0.996087915116829,933.999733333333,763,516
-2.79855819365375,3.00371299214806,0.994593286979254,934.0331,763,516
-2.79472356511583,3.00203833699715,0.988324601689333,934.066466666667,763,516
-2.79232425078537,2.99781683668092,0.984507641333709,934.099833333333,763,516
-2.80479993644278,3.0025215872128,0.981235448213886,934.1332,763,516
-2.81905023772776,3.00471702049833,0.979518715975692,934.166566666667,763,516
-2.65737413167602,2.17213218841912,1.04030313699326,933.933,764,517
-2.65728691191001,2.165198425795,1.0361918522737,933.966366666667,764,517
-2.65148340050512,2.15786199483778,1.02972442139647,933.999733333333,764,517
-2.65117834262361,2.15185093822105,1.02498875982812,934.0331,764,517
-2.65377878541646,2.15013755867173,1.02084905964102,934.066466666667,764,517
-2.61394753085371,2.29588565712039,1.0863131893978,936.936,765,518
-2.60963837419355,2.29179153293013,1.08597629239273,936.969366666667,765,518
-2.61189415752449,2.28735160129503,1.08637013577037,937.002733333333,765,518
-2.6089848161896,2.28025614902684,1.08566533074344,937.0361,765,518
-2.60611404997746,2.27277458274868,1.087141782886,937.069466666667,765,518
-2.60422570414505,2.26665133932221,1.09029577674249,937.102833333333,765,518
-2.60469816265989,2.25854238260543,1.09441718538617,937.1362,765,518
-2.60359417974507,2.24930277549009,1.09646290064815,937.169566666667,765,518
-2.59978775550605,2.23714038785355,1.09795870838378,937.202933333333,765,518
-2.60560634627423,2.229332440835,1.10093824617095,937.2363,765,518
-2.61452723136864,2.22100304552524,1.10378574972802,937.269666666667,765,518
-2.61588648020512,2.20845185706237,1.10424558971308,937.303033333333,765,518
-2.61588634112479,2.19615433875676,1.10360582846926,937.3364,765,518
-2.62271213854499,2.18556376983767,1.10301697391156,937.369766666667,765,518
-2.62390493112817,2.17547251590595,1.10157728204591,937.403133333333,765,518
-2.63509705341832,2.16871685253684,1.10188190400066,937.4365,765,518
-2.63937176182353,2.15766465434191,1.09987835623179,937.469866666667,765,518
-2.64460892185879,2.14879748211681,1.09923837168924,937.503233333333,765,518
-2.64536835299305,2.13751095081072,1.09588641188795,937.5366,765,518
-2.65594939125339,2.13035612517348,1.09651154375522,937.569966666667,765,518
-2.66504917676954,2.12351375020695,1.09578633618806,937.603333333333,765,518
-2.66496873905953,2.11190653572511,1.09091442765607,937.6367,765,518
-2.67236613707948,2.10473600726533,1.08751154386518,937.670066666667,765,518
7.31665705178367,10.5051202231546,0.0241116904241795,943.208933333333,766,519
-2.37792366743777,2.12553980952171,1.03498617622861,943.375766666667,767,520
-2.91408120464853,1.6321119603134,0.998012837264684,943.409133333333,768,520
-2.91767557628821,1.62366655122837,1.00065013982219,943.4425,768,520
-2.93448204253738,1.61802984493027,1.00396753382085,943.475866666667,768,520
-2.93663694820955,1.61053478914742,1.00541905677145,943.509233333333,768,520
-2.94917215866971,1.60444795060846,1.00947743277192,943.5426,768,520
-2.95055604829836,1.59709039963421,1.01139155822232,943.575966666667,768,520
-2.95508400572333,1.59024892657382,1.01467512292787,943.609333333333,768,520
-2.96558128971504,1.5866709315641,1.01726421955216,943.6427,768,520
-2.97474806144257,1.58080753812477,1.01809494880168,943.676066666667,768,520
-2.9780680858057,1.57787888945969,1.01814651374097,943.709433333333,768,520
-2.97090245656518,1.57699194351994,1.01733820217988,943.7428,768,520
-2.97870414885506,1.57792898845761,1.02014611460414,943.776166666667,768,520
-2.97509791423378,1.57505266252363,1.01877943125619,943.809533333333,768,520
-2.98592106658745,1.57197633810771,1.01855979840904,943.876266666667,769,520
-1.28392208680713,1.49903963564364,0.897853056670401,946.0451,770,521
-1.26377392591778,1.4844793832926,0.902236488639848,946.078466666667,770,521
-1.24570721479316,1.46812627887386,0.907502577935892,946.111833333333,770,521
-1.22859481908805,1.45236902653872,0.912405418012519,946.1452,770,521
-1.2077494462954,1.43679442893365,0.916918674100555,946.178566666667,770,521
-1.18752191694352,1.42244738352384,0.920950928864636,946.211933333333,770,521
-1.17268588957965,1.41037443230146,0.926751545940037,946.2453,770,521
-3.40306761194352,0.976188499084768,0.804573277050378,947.680066666667,771,522
-3.41049884528479,0.973819461828048,0.804517162777359,947.713433333333,771,522
-3.41233289288447,0.972845050289422,0.806668933253879,947.7468,771,522
-3.41750266560403,0.974651265973693,0.807890202031306,947.780166666667,771,522
-3.40561449006705,0.975603274633859,0.808743823867687,947.813533333333,771,522
-3.41359624785351,0.974716238501815,0.809300507942675,947.8469,771,522
-3.42255520126442,0.972435886112666,0.808997778005496,947.880266666667,771,522
-3.40685097074599,0.967095362895224,0.80645290022171,947.913633333333,771,522
-3.39591992487116,0.960764840565708,0.804853970163371,947.947,771,522
-3.3818523404733,0.954458024287234,0.801656273393098,947.980366666667,771,522
-3.39289339410928,0.948077623708919,0.801730352760599,948.013733333333,771,522
-3.39216330261221,0.941812952080774,0.801195649470391,948.0471,771,522
-3.38903318304211,0.935395294712761,0.800181231224679,948.080466666667,771,522
-3.39395542737302,0.932708665821088,0.800474363312483,948.113833333333,771,522
-3.38876054990419,0.929268203241873,0.803334365509563,948.1472,771,522
-3.38501392353802,0.924514763864801,0.806523630866026,948.213933333333,773,522
-3.38763738656072,0.923013694349486,0.807770447858705,948.2473,773,522
-3.37430789364455,0.919848940096188,0.80974075869554,948.280666666667,773,522
-3.39613028101256,0.91948995499935,0.810876782328396,948.314033333333,773,522
0.00903865727492104,1.3258856808409,1.22755340013784,948.1472,772,523
0.0180564074488598,1.32750462417567,1.23009938501429,948.180566666667,772,523
0.0279029265140315,1.33166968991295,1.23378775790047,948.213933333333,772,523
0.0369542363509514,1.3360193633043,1.23650818093492,948.2473,772,523
0.0439881477220686,1.34125778755833,1.23850036442059,948.280666666667,772,523
0.0510590301467755,1.34661578164952,1.23846623790294,948.314033333333,772,523
0.057424589588948,1.35133235130153,1.23751154641932,948.3474,772,523
0.0633936913900374,1.35638907965028,1.23518051216153,948.380766666667,772,523
0.0679298368868105,1.36197947628951,1.23314277053343,948.414133333333,772,523
0.814662841309745,1.30455315664527,0.919456161137879,950.282666666667,774,524
0.827518389288261,1.3102084050464,0.918669585799623,950.316033333333,774,524
0.842066484303499,1.32010382430779,0.918717904396376,950.3494,774,524
0.85408455867758,1.33043176862581,0.919578991533121,950.382766666667,774,524
0.867100609806119,1.34111485324963,0.917240961784664,950.416133333333,774,524
0.875296780993371,1.35191023195076,0.915915368690606,950.4495,774,524
0.881772906385589,1.36360435903271,0.913401936741962,950.482866666667,774,524
0.886031062970934,1.37602760434808,0.911301150901016,950.516233333333,774,524
0.888901327799422,1.38689494736346,0.908286023910352,950.5496,774,524
-3.81250832516279,0.0549838616562635,1.1904284293214,951.951,775,525
-3.82137807621405,0.0443464437429052,1.19838576348721,951.984366666667,775,525
-3.82416393954744,0.031639872634744,1.20393713930807,952.017733333333,775,525
-3.81764928355478,0.0221248163991364,1.20795319155289,952.0511,775,525
-3.83816171376892,0.0113090577145243,1.21774056637112,952.084466666667,775,525
-3.83689032224394,0.0091585140755841,1.22129048856281,952.117833333333,775,525
-3.85194617494866,0.000167476193034255,1.22856854226162,952.1512,775,525
-3.86833799530611,-0.00558252017981464,1.23269044537067,952.184566666667,775,525
1.78323479764081,1.44517946692168,0.850015859153542,952.584966666667,776,526
1.80415123179417,1.44893127880711,0.849675164303208,952.618333333333,776,526
1.82325838370923,1.45439928576901,0.850478681520697,952.6517,776,526
1.83978911806184,1.45944971278349,0.851477383540538,952.685066666667,776,526
1.85620544926547,1.46537115951053,0.852499969405352,952.718433333333,776,526
1.86897455702882,1.47085334642338,0.8531751352573,952.7518,776,526
3.07059955796829,1.50208604054879,1.00317505696106,954.620333333333,777,527
3.09164274900687,1.50063569122552,1.01117942650836,954.6537,777,527
3.11366066842288,1.49823257134596,1.01931194785369,954.687066666667,777,527
3.13363076441697,1.49617743234021,1.02678905525277,954.720433333333,777,527
3.15477494563942,1.4959491816752,1.03310633075492,954.7538,777,527
4.64703043304832,1.3290264921056,1.02280243623545,956.7558,778,528
4.67732174437587,1.32809655494282,1.02201013107576,956.789166666667,778,528
-3.28552328952362,-0.103258004018178,1.20719796609974,957.089466666667,779,529
-3.27586927269399,-0.11011809487464,1.20787413415399,957.122833333333,779,529
-3.28148529578524,-0.11935617145654,1.21149525726961,957.1562,779,529
-3.26605613233052,-0.121624289146581,1.21278285542962,957.189566666667,779,529
-3.27585682178015,-0.129525664888048,1.21469978260656,957.222933333333,779,529
-3.26505306174991,-0.132165078519494,1.21454124171476,957.2563,779,529
-3.26097284159257,-0.133276263475566,1.21491392677769,957.289666666667,779,529
-3.26772843846568,-0.139309395027864,1.216475260395,957.323033333333,779,529
-3.26418122141484,-0.139339213854572,1.21563097213703,957.3564,779,529
-3.2654371642791,-0.139865443487885,1.215412585979,957.389766666667,779,529
-3.26014335615942,-0.137539020096445,1.21376844852638,957.423133333333,779,529
-3.26622068486838,-0.1366481114305,1.2124748789903,957.4565,779,529
-3.28368473538339,-0.136910996288635,1.21159090503895,957.489866666667,779,529
-3.28084734910553,-0.133277426078342,1.20828542937102,957.523233333333,779,529
-3.26948936202149,-0.124950446034602,1.20302506438254,957.5566,779,529
-3.27467116469637,-0.125928675491913,1.198337592923,957.589966666667,779,529
-3.25718995564634,-0.117246370050532,1.19243385934417,957.623333333333,779,529
-3.25131238200595,-0.116141642821969,1.18547928974613,957.6567,779,529
-3.24790054217091,-0.114734533628845,1.18281661679316,957.690066666667,779,529
-3.25663316897465,-0.123539835947752,1.18009889378091,957.723433333333,779,529
-3.26414006086845,-0.133168498714281,1.17770021529156,957.7568,779,529
-3.2470495536193,-0.132964540362668,1.17720195093755,957.790166666667,779,529
5.86025024731559,0.956241405134008,1.0085532107425,958.924633333333,780,530
5.90784556062084,0.955288469416828,1.01014023485906,958.991366666667,781,530
5.81351629072749,-1.07084866354576,2.4450944436096,960.225933333333,782,531
5.79402104993436,-1.01636322387552,2.4429050268348,960.2593,782,531
5.74937421118002,-0.945590540268051,2.42949530074154,960.292666666667,782,531
5.77323608928046,-0.905025708891565,2.44134409263895,960.326033333333,782,531
6.813846578087,0.242620822885462,1.00314299048,961.493866666667,783,532
5.65726553020323,1.69987596203019,1.95175403317399,962.5616,784,533
5.69730823597322,1.70580351637654,1.94922814374924,962.594966666667,784,533
5.71883255635045,1.70820647379016,1.93855545640697,962.628333333333,784,533
5.75082857323566,1.71306760456456,1.93364995472127,962.6617,784,533
-1.30844174952872,1.81659062607757,1.02081571353695,962.5616,785,534
-1.29565510893783,1.83377268948006,1.01647902627507,962.594966666667,785,534
-1.28450041588657,1.85455767931925,1.01232504958369,962.628333333333,785,534
-1.27464402907759,1.87427283180491,1.00811110414905,962.6617,785,534
-1.26922371943831,1.89454298714063,1.00524204947249,962.695066666667,785,534
-1.26439248610202,1.9131626788595,1.00174901175344,962.728433333333,785,534
-1.25441399589464,1.92897223200774,0.997381592705519,962.7618,785,534
-1.24959160366019,1.94590084915449,0.994681905402378,962.795166666667,785,534
-1.24487173993943,1.96008168532081,0.992749637699753,962.828533333333,785,534
-1.23501349690676,1.97158117014373,0.989235529641943,962.8619,785,534
-1.23401104665354,1.98651297594227,0.987761356777823,962.895266666667,785,534
-1.22934856321091,1.99765827431082,0.986456524468118,962.928633333333,785,534
-1.22745104638784,2.01009880916939,0.986127166101312,962.962,785,534
-1.22314752251072,2.02162725236074,0.986154108465286,962.995366666667,785,534
-1.2185039896386,2.032378182653,0.986003967834104,963.028733333333,785,534
-1.2176715559477,2.04290405915582,0.986609682546583,963.0621,785,534
-1.21088118105402,2.0505083041337,0.986998248214287,963.095466666667,785,534
-1.20347968519039,2.0576020367658,0.987554987929201,963.128833333333,785,534
-1.19711906461288,2.06522269144491,0.988935212009421,963.1622,785,534
-1.19098488832399,2.07125907392886,0.990404035701103,963.195566666667,785,534
-1.18087598842594,2.07434488439289,0.990545042194977,963.228933333333,785,534
-1.17226805939794,2.07649688388456,0.991735706420316,963.2623,785,534
-1.16669139877798,2.07874659423714,0.992924174960749,963.295666666667,785,534
-1.16396627063331,2.08096638277978,0.994033047265105,963.329033333333,785,534
-1.15646703206656,2.08051703850317,0.994110317425181,963.3624,785,534
-1.15954047498793,2.08193250045503,0.995650774012311,963.395766666667,785,534
-1.15868232628048,2.08127467373445,0.993946590131217,963.429133333333,785,534
7.19258859660257,1.47989110099756,1.3128804213828,964.964,786,535
7.26262189718635,1.45893039014345,1.31877471089355,964.997366666667,786,535
7.23671237056743,1.43822333870627,1.31982674907623,965.030733333333,786,535
8.22051635436031,-0.735112169726421,1.09579329250563,965.731433333333,787,536
8.22374808031441,-0.729888056099826,1.0957944280888,965.7648,787,536
7.78496444796458,0.422187707830023,1.08671702820855,967.499866666667,788,537
7.81642276243835,0.413133428929255,1.08973768745549,967.533233333333,788,537
7.82628440259715,0.400361473829747,1.09186322253739,967.5666,788,537
7.18739417267217,-0.554807955856297,1.1963557219525,970.302666666667,789,538
7.16213616003188,-0.554762670782025,1.2064527582973,970.336033333333,789,538
7.18591000473566,-0.568114220941936,1.22104638721789,970.3694,789,538
7.16655375182497,-0.572741579040687,1.23156570241574,970.402766666667,789,538
5.78594935236018,-0.227831362844254,1.68257356441324,972.938633333333,790,539
5.73906155247147,-0.216695099080106,1.68679631405906,972.972,790,539
5.71728491480421,-0.208183049125534,1.6979018262984,973.005366666667,790,539
2.23442049283835,0.999533423221387,1.58361890386636,975.240933333333,791,540
2.19001466592284,1.03147312958176,1.5828837057462,975.2743,791,540
2.13482556588076,1.07409437530584,1.58407374156497,975.307666666667,791,540
2.0782840391456,1.11995194309254,1.58119569175842,975.341033333333,791,540
2.02977806010332,1.16570393457389,1.58311594422006,975.3744,791,540
1.98469227126244,1.21043982511434,1.5862659254946,975.407766666667,791,540
-0.764775291899459,3.51348874269058,1.24888244646084,977.443133333333,792,541
-0.781088080756989,3.50242793734552,1.24040784829131,977.4765,792,541
-0.809551505658238,3.50246277911935,1.23451425387313,977.509866666667,792,541
-0.836733638981266,3.49908492890353,1.22860297204972,977.543233333333,792,541
-0.870784749968457,3.5002367746458,1.22325885077803,977.5766,792,541
-0.93006463673791,4.26229761058126,0.778555303935615,981.0801,793,542
-0.920633836073868,4.25351285979553,0.774817401764423,981.113466666667,793,542
-0.910854310490722,4.24840793345992,0.769199467943976,981.146833333333,793,542
-0.904225833601484,4.25086920299665,0.763612696094011,981.1802,793,542
-0.899283811587189,4.25123413541356,0.758620051941821,981.213566666667,793,542
-0.884970289225191,4.23419775495544,0.752622978705275,981.246933333333,793,542
-0.889484886260311,4.2480535777044,0.749523749936756,981.2803,793,542
-0.894207063029156,4.25660344591082,0.743196987783274,981.313666666667,793,542
-0.886859167464258,4.24588608824873,0.738993191920205,981.347033333333,793,542
-0.883018620631443,4.24303288453921,0.734459685406405,981.3804,793,542
-0.88731999781538,4.25482719649197,0.731324332489429,981.413766666667,793,542
-0.879093904267189,4.24516335814561,0.727494982060921,981.447133333333,793,542
-0.87847996621444,4.25361733404536,0.723337101373466,981.4805,793,542
-0.873882222172158,4.25450474590126,0.720601621777321,981.513866666667,793,542
-0.869566353389918,4.25577603810982,0.717647362082188,981.547233333333,793,542
-0.869978742906435,4.27078001432861,0.715792566481237,981.5806,793,542
-0.86321259707481,4.27094720146773,0.711677429651088,981.613966666667,793,542
-0.855407985661402,4.27364960066686,0.70625391418433,981.647333333333,793,542
-0.847487936905553,4.27795799776519,0.701363077788161,981.6807,793,542
-0.836937140187549,4.27629584504787,0.695305726579472,981.714066666667,793,542
-0.833917852496752,4.28770968328644,0.689707314271134,981.747433333333,793,542
-0.828028275071513,4.2927030178428,0.683934840983082,981.7808,793,542
-0.819935854524786,4.28793858456733,0.678082338084766,981.814166666667,793,542
-0.81792389012915,4.29393896036464,0.674534384991022,981.847533333333,793,542
-0.820572578780363,4.30086069516284,0.671861723073674,981.8809,793,542
-1.30365277692383,1.58895959076042,1.06036142946035,982.915266666667,794,543
-1.30538659424125,1.5904621785362,1.05836457829351,982.948633333333,794,543
-1.30645746590023,1.59301173059198,1.05500240791123,982.982,794,543
-1.30970708796477,1.59461870215121,1.05184806572675,983.015366666667,794,543
-1.31437256846137,1.59473452047113,1.04694796899773,983.048733333333,794,543
-1.31766194857287,1.59526063644949,1.0424621309206,983.0821,794,543
-1.32355656255818,1.59791848425888,1.03902145625018,983.115466666667,794,543
-1.32414606325712,1.60059854714041,1.03349007574255,983.148833333333,794,543
-1.32491599891139,1.60204162309604,1.0283829216673,983.1822,794,543
-1.32345282894396,1.60318569156098,1.02178273284995,983.215566666667,794,543
-1.31626874659388,1.60289341704442,1.01353897547626,983.248933333333,794,543
-1.305633580003,1.60316576354916,1.00549193850908,983.2823,794,543
-1.29742828537824,1.60551319992118,0.997466576211919,983.315666666667,794,543
-1.28375579339048,1.60592968538113,0.987933750802878,983.349033333333,794,543
-1.2712619426227,1.6058501735907,0.977006806038947,983.3824,794,543
-1.25841238495331,1.60623434411122,0.967635874082686,983.415766666667,794,543
-1.24644547952437,1.60676564438077,0.959026197241854,983.449133333333,794,543
-1.23491831117286,1.60567879245629,0.950627333076805,983.4825,794,543
-1.22655785658654,1.60192681949012,0.944081547478579,983.515866666667,794,543
-1.22343257851296,1.59749205644143,0.940296460243951,983.549233333333,794,543
-1.21417292232702,1.58803390818412,0.934533960337366,983.5826,794,543
-1.21381511842306,1.57604107098326,0.930150155170319,983.615966666667,794,543
-1.21048927276784,1.56301666546185,0.927023504639081,983.649333333333,794,543
-1.21260990690585,1.54973365631467,0.925212283779462,983.6827,794,543
-1.21610015204498,1.53382913136578,0.924171835751276,983.716066666667,794,543
-1.22330517724761,1.51498118612608,0.92265999452172,983.749433333333,794,543
-1.23588966673344,1.49550778607734,0.921227553601505,983.7828,794,543
-1.24959421007292,1.47560427449899,0.920523474094228,983.816166666667,794,543
-1.26997466338482,1.4569659677468,0.92121206353018,983.849533333333,794,543
-1.28318696377931,1.43615143537509,0.9199916847696,983.8829,794,543
-1.29880080155947,1.41873687927915,0.919513571550208,983.916266666667,794,543
-1.30906366829116,1.40088748517418,0.919053889404157,983.949633333333,794,543
7.23170186453144,10.3899296227834,0.0315884259771705,986.4855,795,544
7.23001889705921,10.3876920117296,0.0390133895721352,986.518866666667,795,544
-3.77567138382724,0.196983582233772,1.17918690060985,994.526866666667,796,545
-3.79241244996147,0.183467005823474,1.18829016341571,994.560233333333,796,545
-3.78518575790712,0.171406247159762,1.19366805790667,994.5936,796,545
-3.79267883244739,0.160756795176128,1.2013044326422,994.626966666667,796,545
-3.81717432921799,0.144439846273943,1.20936845385282,994.660333333333,796,545
-3.831488277897,0.120542525785384,1.22006578714663,994.727066666667,797,545
-3.81932611475576,0.101255904222298,1.2266284439263,994.7938,798,545
-3.83554194904159,0.0907517493614263,1.2322108903502,994.827166666667,798,545
-3.84780234905495,0.0644815892988193,1.23987522249837,994.927266666667,799,545
-1.74312840497589,1.33116598979765,0.235528517879614,996.428766666667,800,546
-1.74518192943199,1.33159702184233,0.234939633220685,996.462133333333,800,546
-1.74683531571514,1.33232798672676,0.234589605676847,996.4955,800,546
-4.74568282748389,-1.54835151067783,1.30709450464564,998.2973,801,547
-4.79892755389634,-1.57382159190009,1.31281032113496,998.330666666667,801,547
-4.80520305587588,-1.57304360563882,1.30799727731646,998.364033333333,801,547
-4.81379432556041,-1.57483171397482,1.30740424842391,998.3974,801,547
7.23301289181282,10.3918644037015,0.0365805845925338,1001.03336666667,802,548
-1.84018861858629,0.995826796278173,0.860137146008671,1001.8008,803,549
-1.83247103433262,0.991147691969627,0.862803066488183,1001.83416666667,803,549
-1.82239287042145,0.985216812391144,0.866430863779543,1001.86753333333,803,549
-1.81613759154759,0.97784149808007,0.869525192867115,1001.9009,803,549
-1.80713054317973,0.97274853427778,0.873796113359296,1001.93426666667,803,549
-1.80112786774406,0.967172417442465,0.879868356906385,1001.96763333333,803,549
-1.78976309509121,0.961124148664708,0.884737579564836,1002.001,803,549
-1.78573715932557,0.951760231076838,0.888746347103855,1002.03436666667,803,549
-1.78076622455948,0.943701009506317,0.892434427539837,1002.06773333333,803,549
-1.7743775481965,0.938130242171671,0.895516773239061,1002.1011,803,549
-1.76881643125171,0.931832349035671,0.899510071182284,1002.13446666667,803,549
-1.76666152497884,0.926194186439875,0.900898771182373,1002.16783333333,803,549
-1.75958256142521,0.921314976496308,0.90206873436236,1002.2012,803,549
-1.75931316750168,0.917326183899206,0.905124663571939,1002.23456666667,803,549
-1.75234796844651,0.913452742797021,0.904496289921414,1002.26793333333,803,549
-1.75222226054865,0.907692586059529,0.904854306144876,1002.3013,803,549
-1.74752458041725,0.901048180236717,0.902318218052192,1002.33466666667,803,549
-1.75055134519312,0.894388778746865,0.902594292178403,1002.36803333333,803,549
-1.75090021144059,0.88790430152317,0.900292925875787,1002.4014,803,549
-1.74603128741241,0.880731036092905,0.897477164809883,1002.43476666667,803,549
-5.1563154376317,-3.13737544957877,2.00324183829172,1002.3013,804,550
-5.14912873976853,-3.13438944650356,2.00906773773087,1002.33466666667,804,550
-5.18494317547298,-3.16622638091315,2.02766180896412,1002.36803333333,804,550
-0.705842660129901,4.56462580865693,0.641414338785317,1003.4024,805,551
-0.70606640943678,4.55755210825862,0.639640881473738,1003.43576666667,805,551
-0.70910362472379,4.55628252284876,0.638197924952024,1003.46913333333,805,551
-0.712572763078017,4.54969517427252,0.634737250581509,1003.5025,805,551
-0.723917167898785,4.56539432618627,0.632758682165144,1003.53586666667,805,551
-0.704372786954095,4.50740847100306,0.630610115477942,1003.56923333333,805,551
-0.711566359910975,4.51889203701383,0.630805955353338,1003.6026,805,551
-0.709135996965008,4.50575628648606,0.630662495421335,1003.63596666667,805,551
-0.705575407360386,4.50431949063553,0.629716359657064,1003.66933333333,805,551
-0.695388123077044,4.4805840190006,0.630043157390453,1003.7027,805,551
-0.693283187439204,4.47669389901088,0.630608538149422,1003.73606666667,805,551
-0.6894738503132,4.47034969416296,0.63102981351387,1003.76943333333,805,551
-0.681826546013234,4.45444782080661,0.63386752693821,1003.8028,805,551
-0.676018650775949,4.44232136666205,0.636399920442393,1003.83616666667,805,551
-0.675398372402033,4.440207122597,0.640942312969244,1003.86953333333,805,551
-0.66551954442511,4.42258314858564,0.644300091023113,1003.9029,805,551
-0.66087583121026,4.41892913500097,0.648289522438769,1003.93626666667,805,551
-0.651522665641867,4.4080124431185,0.652048077372474,1003.96963333333,805,551
-0.646054174874441,4.40107536632759,0.659374850724737,1004.03636666667,806,551
-0.635257083432663,4.38772181873879,0.664892800016331,1004.1031,807,551
7.17823688174954,10.3111170386048,0.038144737095206,1006.17183333333,808,552
-1.8872649965699,-0.270844482032817,0.918876721058264,1006.6056,809,553
-1.89827716043976,-0.278667986901443,0.91722607218665,1006.63896666667,809,553
-1.90235855718105,-0.283983130558061,0.914329338486045,1006.67233333333,809,553
-1.92080486570286,-0.29484109007189,0.911329156825719,1006.7057,809,553
-1.94187920634372,-0.305536175270485,0.906035524701211,1006.73906666667,809,553
-1.9458140684034,-0.309756917701256,0.900660610666846,1006.77243333333,809,553
-1.95332995140162,-0.314593714636975,0.895021449977934,1006.8058,809,553
-1.96711654046257,-0.324482764483817,0.889465839391848,1006.83916666667,809,553
-1.96815608319935,-0.328824589571029,0.881380806889006,1006.87253333333,809,553
-1.97359263281376,-0.334846402952803,0.87559094152432,1006.9059,809,553
-1.97617524622647,-0.338639204658288,0.870248226877226,1006.93926666667,809,553
-1.98557673433023,-0.345472881747746,0.866665433211263,1006.97263333333,809,553
-1.9930883995042,-0.352400900101035,0.861026800364559,1007.006,809,553
-2.00176076818169,-0.361683458943623,0.854856474222072,1007.03936666667,809,553
-2.00732087168141,-0.372291859728314,0.850531460122055,1007.07273333333,809,553
-2.00181439352382,-0.377087385527129,0.847271430036921,1007.1061,809,553
-2.01416769801156,-0.392425303110555,0.846164253487657,1007.13946666667,809,553
-2.0064775482779,-0.40008239875738,0.843068367314145,1007.17283333333,809,553
-2.0165466086791,-0.423766379493845,0.844840844627249,1007.23956666667,810,553
-2.01606905816504,-0.433432214006937,0.844203092374182,1007.27293333333,810,553
15.4650947643429,-9.11992642736951,1.65860620941194,1010.17583333333,811,554
12.2191324221646,-6.42962480306314,2.06766330974687,1012.74506666667,812,555
11.9155369468266,-6.2022653958949,2.04414498573147,1012.77843333333,813,555
-5.96942548367218,1.14861765112597,1.75641352993975,1013.7127,814,556
-6.01139428740875,1.16659832953098,1.76207231256052,1013.74606666667,814,556
-6.02847052706033,1.18637503007886,1.76074888177431,1013.77943333333,814,556
-6.07658032185126,1.19918780403421,1.767991689544,1013.8128,814,556
6.77335120207209,-4.32288291937308,1.99234251820609,1016.88253333333,815,557
6.72752455957471,-4.30467613580205,1.99188842552652,1016.9159,815,557
7.10982092340938,10.2101275597645,0.0446789775494554,1020.38603333333,816,558
-1.35783171007719,1.32302086095762,1.13856138918689,1021.25356666667,817,559
-1.35114162320954,1.32029710654014,1.13879342032071,1021.28693333333,817,559
-1.34635653791736,1.31623015807096,1.14072960579763,1021.3203,817,559
-1.3399281175117,1.31392563301361,1.14255925715861,1021.35366666667,817,559
-1.33902357879755,1.31193914089159,1.14483515320124,1021.38703333333,817,559
-1.33717918499655,1.3091186753328,1.14749442791944,1021.4204,817,559
-1.3372956561289,1.30558237121045,1.14972995315559,1021.45376666667,817,559
-1.33678139028103,1.30016193350336,1.15182768245572,1021.48713333333,817,559
-1.33762256849782,1.29329953463805,1.15410197310628,1021.5205,817,559
-1.33511900946084,1.28721310568823,1.15511704678315,1021.55386666667,817,559
-1.33843012889574,1.28358465925426,1.15841202702147,1021.58723333333,817,559
-1.33607244531027,1.27933304492522,1.16201036994742,1021.6206,817,559
-1.33580512092564,1.2775199723581,1.16629848689984,1021.65396666667,817,559
-1.32947528772843,1.27353573417503,1.16913053445536,1021.68733333333,817,559
-1.32502135126929,1.27073256283651,1.17244052811092,1021.7207,817,559
-1.32285551115058,1.26780297592436,1.17811804537096,1021.75406666667,817,559
-1.31222221604622,1.26100624438215,1.17988076678404,1021.78743333333,817,559
-1.30549447933111,1.25324331603224,1.18369238294867,1021.8208,817,559
-1.29976265707055,1.24440027941706,1.18629892975783,1021.85416666667,817,559
-1.29671778301876,1.2337435187598,1.19067170778811,1021.88753333333,817,559
-1.28463610502813,1.22048364254939,1.19264853854222,1021.9209,817,559
-1.27704855185472,1.20876766753166,1.19756643461984,1021.95426666667,817,559
-1.27148186533182,1.19716348672394,1.20410514327659,1021.98763333333,817,559
-1.2666575597686,1.18506210943081,1.21002052613691,1022.021,817,559
-1.2626352268717,1.17177139640181,1.21406868258065,1022.05436666667,817,559
-1.26110197807268,1.16204050872812,1.21895624374549,1022.08773333333,817,559
0.394634883939289,-4.50670198917057,1.76522384303595,1023.4224,818,560
0.35794419457807,-4.38896725564232,1.72866570339805,1023.45576666667,818,560
0.319237811551428,-4.40758222692445,1.7283636660625,1023.48913333333,818,560
7.22931169638489,10.3866136772683,0.0342966085874767,1023.5225,819,561
7.19643908671995,10.3419726161067,0.0381077222088493,1023.55586666667,819,561
-0.655918359727122,11.8603842084442,0.651037927348932,1024.4234,820,562
-0.711918151403558,12.1990069023547,0.661812957871099,1024.45676666667,821,562
-1.21750991966167,0.630449287369341,1.26048195794068,1026.025,822,563
-1.21225049406725,0.621626185300821,1.26274232039715,1026.05836666667,822,563
-1.20713645531898,0.611665931784866,1.26423729319292,1026.09173333333,822,563
-1.20856085027587,0.600092510026252,1.26667403301713,1026.1251,822,563
-1.20737081102698,0.589947555471243,1.26699221011705,1026.15846666667,822,563
-1.21405690991785,0.579980181705851,1.2691145447877,1026.19183333333,822,563
-1.21764989219171,0.570103853560482,1.2681945752276,1026.2252,822,563
-1.22299569949628,0.55890371238822,1.2675033959584,1026.25856666667,822,563
-1.22743651192408,0.546498491027605,1.26669640982518,1026.29193333333,822,563
-1.23191488339185,0.534363381068463,1.2645617047584,1026.3253,822,563
-1.23452974911253,0.522185044483492,1.26242149319564,1026.35866666667,822,563
-1.2375827056328,0.511724861230997,1.26138277857892,1026.39203333333,822,563
-1.24086043224936,0.503002197106826,1.2623531485597,1026.4254,822,563
-1.24256933796265,0.495144486156304,1.26146900313553,1026.45876666667,822,563
-1.24565369143169,0.488429343019133,1.26059647695682,1026.49213333333,822,563
-1.25013485048319,0.482702141831476,1.26042223333772,1026.5255,822,563
-1.25063747282699,0.478480963567863,1.25861855697229,1026.55886666667,822,563
-1.25646040837755,0.475504987601708,1.25717647374499,1026.59223333333,822,563
-1.26018963841796,0.471372201663667,1.25405847913339,1026.6256,822,563
-1.26886754046765,0.466193896518597,1.25094015788335,1026.65896666667,822,563
-1.27225612620577,0.459763338356618,1.2442612199453,1026.69233333333,822,563
-1.27844365001451,0.453057087685786,1.23888980564817,1026.7257,822,563
-1.28388999210408,0.447372287921656,1.23298828747021,1026.75906666667,822,563
-1.28948087066193,0.442089600396742,1.22751025203378,1026.79243333333,822,563
-1.29865132014341,0.434888414329839,1.22358788620299,1026.8258,822,563
-1.29891347999721,0.430786465605465,1.2169454388312,1026.85916666667,822,563
-3.09618265674653,-2.09858730660969,1.72148863769456,1027.86016666667,823,564
-3.10536034525287,-2.05375583969004,1.73282398340844,1027.89353333333,823,564
-3.14550623517543,-2.03875131136459,1.75253158033613,1027.9269,823,564
-3.1241848788805,-1.97476575978955,1.75457010347942,1027.96026666667,823,564
-3.1714270392668,-1.96331189911724,1.7780982959624,1027.99363333333,823,564
-3.86632105160082,11.5027458888615,0.489407480725736,1030.49613333333,824,565
-3.84292394035983,11.3841333868875,0.491201944777112,1030.5295,824,565
-0.84975826935355,-0.50237088594603,1.54380102558205,1030.76306666667,825,566
-0.841761218424706,-0.500054801751695,1.54003724312518,1030.79643333333,825,566
-0.844652149700882,-0.508991504411865,1.54247677898459,1030.8298,825,566
-0.83929108556743,-0.509684915365834,1.54043550052792,1030.86316666667,825,566
-0.833680056273531,-0.510705036941191,1.53962986549799,1030.89653333333,825,566
-0.830412155350933,-0.510625861155534,1.53981831507088,1030.9299,825,566
-0.824284645817068,-0.504195734817928,1.53944501035266,1030.96326666667,825,566
-0.823759004145555,-0.501117948624305,1.54187310611913,1030.99663333333,825,566
-0.823336797537554,-0.496084552056849,1.54291839554397,1031.03,825,566
-0.821243214557671,-0.490229594565508,1.54238533014629,1031.06336666667,825,566
-0.823044679274828,-0.487156181601741,1.54184214216592,1031.09673333333,825,566
-0.823657601147713,-0.481696601845233,1.53934294238233,1031.1301,825,566
-0.825594202516852,-0.47873893550445,1.53648541811839,1031.16346666667,825,566
-0.825185980788261,-0.47198507323866,1.53086394846568,1031.19683333333,825,566
-0.828139974431869,-0.46841400206437,1.52702266903839,1031.2302,825,566
-0.828527163629773,-0.460023312484443,1.5203482766684,1031.26356666667,825,566
-0.831741512438951,-0.455009484418152,1.51572347006617,1031.29693333333,825,566
-0.830133575514954,-0.445119538565851,1.50931605649412,1031.3303,825,566
-0.834581423523873,-0.438279791318248,1.50424555507649,1031.36366666667,825,566
-0.838639969228164,-0.432522768239162,1.50075626477144,1031.39703333333,825,566
-0.839100455464087,-0.425576513462157,1.49488989963789,1031.4304,825,566
-0.846856236464923,-0.425703277107946,1.49196300403598,1031.46376666667,825,566
-0.843803055761001,-0.419629722428066,1.48381417674277,1031.49713333333,825,566
-2.7656425081444,3.77535467070885,1.31532464390651,1031.5305,826,567
-2.74725057979506,3.78457888502497,1.31302096300033,1031.56386666667,826,567
-2.73743897143115,3.79871752089139,1.31258203946405,1031.59723333333,826,567
-2.72258303809466,3.81249754475906,1.31339286271923,1031.6306,826,567
-2.70284730440842,3.82167770050398,1.31088960340585,1031.66396666667,826,567
-4.89840660402865,9.78419861742702,0.765428377998438,1033.3323,827,568
-4.87153242757459,9.70685803571758,0.772946051704003,1033.36566666667,827,568
-0.140544881938589,-1.19669443083268,1.2655776817247,1035.30093333333,828,569
-0.140221178094806,-1.19655713761388,1.26001689518116,1035.3343,828,569
-0.145243855899507,-1.21116828605124,1.26058526860003,1035.36766666667,828,569
-0.143634763645732,-1.21250394516586,1.25648856294808,1035.40103333333,828,569
-0.144973046755282,-1.22482329341218,1.25831116193343,1035.4344,828,569
-0.139154702778846,-1.2145958360436,1.25324979026186,1035.46776666667,828,569
-0.145572822749308,-1.23916855732529,1.25915925880226,1035.50113333333,828,569
-0.137725249649305,-1.23340867753715,1.25527583473149,1035.60123333333,829,569
-0.132940151238114,-1.22303956692625,1.25113838222416,1035.6346,829,569
-0.147796728090111,-1.23194712841747,1.24969645312214,1035.76806666667,830,569
-5.79623933568173,7.39031806002929,1.08582507529551,1036.20183333333,831,570
7.06876376215504,13.6805228910871,-0.186317097024742,1037.36966666667,832,571
7.18868357497144,13.9094701794745,-0.19967265182574,1037.40303333333,832,571
-11.2890892726601,-3.71322215039249,1.28097593924319,1042.9419,833,572
-11.2955951392508,-3.722444772953,1.27832372657918,1042.97526666667,833,572
-11.3164514037355,-3.74733178160616,1.29112153330582,1043.00863333333,833,572
-8.96149222828176,-3.57844194709222,1.41997116612607,1045.57786666667,834,573
-8.89964807629867,-3.55330245759881,1.41101024228905,1045.61123333333,834,573
-8.90126275364708,-3.5540226853751,1.41296215497449,1045.6446,834,573
-8.89384538943462,-3.55945473208038,1.41516665352624,1045.67796666667,834,573
7.00225931992364,13.5393689453722,-0.17746019413406,1045.6446,835,574
1.42181888979,1.83320255020757,1.26465997405384,1045.8448,836,575
1.42144761268767,1.85474625078212,1.25364967722513,1045.87816666667,836,575
1.42078139531621,1.8787763395776,1.24090125352255,1045.91153333333,836,575
1.42189506429979,1.90346520356473,1.22903731076555,1045.9449,836,575
1.42486294701926,1.92883564225586,1.21676891233847,1045.97826666667,836,575
1.43079706066454,1.95539794794258,1.20647810258731,1046.01163333333,836,575
1.43509097594955,1.97967875388641,1.19564675662634,1046.045,836,575
1.4404541797311,2.00154378181048,1.18589778401721,1046.07836666667,836,575
1.44697472585977,2.02049339039673,1.17750012243036,1046.11173333333,836,575
1.4549097425146,2.03997548006015,1.17212723239147,1046.1451,836,575
1.46373309612494,2.05856957641116,1.16741442463526,1046.17846666667,836,575
1.47274900801474,2.07560713620346,1.1639497727695,1046.21183333333,836,575
1.48209312880114,2.0901121212355,1.16068648082088,1046.2452,836,575
1.48989980139675,2.10080920358731,1.15690005840169,1046.27856666667,836,575
1.49669426826509,2.10751787582976,1.15233777451467,1046.31193333333,836,575
1.50302590358881,2.11257757528392,1.14833562989692,1046.3453,836,575
1.51005673630095,2.11717530591127,1.14459738093378,1046.37866666667,836,575
1.51792281161347,2.12184970095894,1.14058783990813,1046.41203333333,836,575
1.52598183872582,2.12746208768481,1.13666581184665,1046.4454,836,575
1.5319855841558,2.13356510559476,1.13372108372221,1046.47876666667,836,575
1.53719812684893,2.13914497876627,1.12952095929951,1046.51213333333,836,575
1.53876756567607,2.14253184533162,1.11821245300213,1046.57886666667,837,575
-7.68275819223483,-2.84997113861106,1.79730780443172,1048.11373333333,838,576
-7.6393083816247,-2.81462530361268,1.80173837873541,1048.1471,838,576
-7.66605377882725,-2.80330656547901,1.82912912847607,1048.21383333333,839,576
2.91140100240471,2.5160103541128,1.19108150087726,1050.18246666667,840,577
2.92022755241185,2.52444715193347,1.18751996235396,1050.21583333333,840,577
2.92171713442306,2.5305752784193,1.18332147403738,1050.2492,840,577
2.92433182839655,2.53626252915821,1.17840898139871,1050.28256666667,840,577
2.92426703456522,2.53808265404454,1.17102896492889,1050.31593333333,840,577
2.92721926260152,2.54126832230571,1.16475637663719,1050.3493,840,577
2.93330235069739,2.54450901387911,1.15952224866899,1050.38266666667,840,577
2.93642589712979,2.54592165292207,1.15321597812577,1050.41603333333,840,577
2.9353975957383,2.54445589543133,1.14635449063531,1050.4494,840,577
2.94040195803625,2.54743839683025,1.14161795699918,1050.48276666667,840,577
2.93798883866209,2.55029307761866,1.13623730499376,1050.51613333333,840,577
2.9427980924991,2.5534138628191,1.13253074422888,1050.5495,840,577
2.94793508692555,2.55582766757224,1.12798915837947,1050.58286666667,840,577
2.94436993170697,2.55255499238878,1.12143016885881,1050.61623333333,840,577
2.94801487127406,2.54981906252377,1.11635979374048,1050.6496,840,577
2.95252069647988,2.54902139435816,1.11257494930188,1050.68296666667,840,577
2.96040334260742,2.5485758475098,1.10752230188963,1050.71633333333,840,577
2.96165499283262,2.54463811620859,1.10230541884743,1050.7497,840,577
2.96162498513087,2.53962840783381,1.09606340674648,1050.78306666667,840,577
2.95547515669937,2.53131260105855,1.08887542445651,1050.81643333333,840,577
7.01739787112434,13.6039884301714,-0.176932386620369,1050.81643333333,841,578
-7.18768720589596,-3.11244102204983,1.9060663792191,1051.21683333333,842,579
-7.17369115173603,-3.11551405265332,1.89562073144283,1051.2502,842,579
-7.11238775430712,-3.09332674459558,1.87696854391358,1051.28356666667,842,579
-1.69590472534486,2.61815981619147,1.09322031717589,1054.01963333333,843,580
-1.69004171227463,2.62610437369638,1.0961185888761,1054.053,843,580
-1.67948546014429,2.636493344298,1.09997645649573,1054.08636666667,843,580
-1.66730428847209,2.64603019299582,1.10238141555967,1054.11973333333,843,580
-1.65830863375757,2.65421214196595,1.10473183673711,1054.1531,843,580
-3.63778532213574,0.45359460604031,1.64737357455934,1058.62423333333,844,581
-3.62410038414256,0.481161048544708,1.64522050506857,1058.6576,844,581
-3.60123895977544,0.50946727779442,1.63844642219889,1058.69096666667,844,581
-3.57165841873171,0.536968180426574,1.63124695263542,1058.72433333333,844,581
-3.55085468997522,0.561743061395751,1.626046062554,1058.7577,844,581
-3.51903937616366,0.586222853296879,1.61778106108866,1058.79106666667,844,581
-2.79701559860523,3.20966241639652,1.29711427463721,1059.7587,845,582
-2.79714007058825,3.20976316254569,1.29852354567807,1059.79206666667,845,582
-2.81684029805379,3.22050786178819,1.30467114355749,1059.82543333333,845,582
-2.81537306247041,3.21792433674884,1.30608091234133,1059.8588,845,582
-2.82527133386931,3.22581397684096,1.31296731066393,1059.89216666667,845,582
-2.82360737326447,3.22860596803592,1.31949138787567,1059.92553333333,845,582
-2.82975753789501,3.2389348503814,1.32852630258652,1059.9589,845,582
-2.83640024112511,3.2472694088333,1.33701860864359,1059.99226666667,845,582
-2.83238695796008,3.25070493756677,1.34354057973453,1060.02563333333,845,582
-2.84320051737011,3.26054033158792,1.34961024411175,1060.059,845,582
-2.85983716635217,3.27121959147154,1.35640368370119,1060.09236666667,845,582
-2.86027614836677,3.27212605271096,1.35639685698207,1060.12573333333,845,582
-2.85890144880189,3.27290780897077,1.35584566539597,1060.1591,845,582
-2.86318657525017,3.28155606930417,1.35679638338244,1060.19246666667,845,582
-2.86391579782178,3.28908363578026,1.35880889045259,1060.22583333333,845,582
-2.87189922519231,3.30517407886802,1.36110972119076,1060.2592,845,582
-2.87480556044399,3.31579697982772,1.36365997284865,1060.29256666667,845,582
-2.88063758423814,3.33047258741071,1.36393270485848,1060.32593333333,845,582
-2.87144805413096,3.33472727617435,1.36211299737454,1060.3593,845,582
-2.88471757999879,3.34992811372765,1.36154612745259,1060.39266666667,845,582
-2.87401588107441,3.34454774159346,1.35181128194093,1060.42603333333,845,582
-2.88013237171331,3.34594254084619,1.3475005837292,1060.4594,845,582
-2.89281438542818,3.35164142948345,1.34323393806645,1060.49276666667,845,582
-2.90623426797522,3.35762780968441,1.33407202740483,1060.5595,846,582
-2.90057612012506,3.354840888686,1.33179693543959,1060.59286666667,846,582
-2.88927472120153,3.35298594271102,1.32769566500972,1060.62623333333,846,582
-2.88175624558855,3.35158833515483,1.33106137224292,1060.6596,846,582
-2.87134444806766,3.36075593056673,1.33434609349107,1060.72633333333,847,582
3.38574079026146,8.09947925255113,0.482435700325655,1068.23383333333,848,583
3.31630637859591,7.9113922520578,0.476499513072645,1068.2672,848,583
3.37402297043983,8.05055786568933,0.466046181862339,1068.30056666667,848,583
3.27145880079151,7.74063573017974,0.439962405729738,1068.43403333333,849,583
3.36787258117381,7.96427931845091,0.428353963436616,1068.4674,849,583
3.40001454956186,8.01968282195647,0.419385423778528,1068.50076666667,849,583
-2.64534738743839,-0.213698424620542,0.903074083270078,1069.70196666667,850,584
-2.64732490985022,-0.224846577987935,0.907769576131075,1069.73533333333,850,584
-2.63733803814136,-0.232340793992522,0.911312431691969,1069.7687,850,584
-2.63446028791412,-0.239643137232317,0.917759741934442,1069.80206666667,850,584
-2.62827384413092,-0.243288140970302,0.922655219635444,1069.83543333333,850,584
-2.62653092787871,-0.252204132549915,0.929298754223556,1069.8688,850,584
-2.62499382478859,-0.259550870731862,0.933011656363328,1069.90216666667,850,584
-2.62670167955322,-0.270668269826676,0.937794049697794,1069.93553333333,850,584
-2.6121596804073,-0.282651896242141,0.952484161100413,1070.03563333333,851,584
-2.61978029668728,-0.286761911358161,0.958134539355385,1070.069,851,584
-0.557093193229033,0.365713910868408,1.04496876387165,1075.6746,852,585
-0.544621608906399,0.372844882320166,1.04787808931835,1075.70796666667,852,585
-0.533972057034681,0.381239777074698,1.05324826009871,1075.74133333333,852,585
-0.524847237825088,0.39082309394886,1.05863175092371,1075.7747,852,585
-0.51972274567515,0.399854907151966,1.06342855977672,1075.80806666667,852,585
-0.516400314868147,0.408267849758383,1.06764297746371,1075.84143333333,852,585
-0.516449747284167,0.415085700207853,1.0712065273128,1075.8748,852,585
-0.521055098564344,0.421008466521876,1.07431223809837,1075.90816666667,852,585
-0.525278772415518,0.425402473072764,1.07489558278708,1075.94153333333,852,585
-0.527469755003635,0.428728237121786,1.07402346217686,1075.9749,852,585
-0.532136148035315,0.431491221951618,1.07382129526931,1076.00826666667,852,585
-0.536870924540646,0.434657259881343,1.07286234856334,1076.04163333333,852,585
-0.540295101687351,0.439105127741543,1.0716575506281,1076.075,852,585
-0.547550009876484,0.442357504822147,1.07193865238694,1076.10836666667,852,585
-0.554883541314987,0.445603011859163,1.07215412938497,1076.14173333333,852,585
-0.564366042844244,0.447958067764,1.07347131606937,1076.1751,852,585
-0.574871985688031,0.449738659594269,1.07344547760623,1076.20846666667,852,585
-0.58456656767545,0.45028777968343,1.07332410442595,1076.24183333333,852,585
-0.595705122404663,0.449070338011936,1.07266794268929,1076.2752,852,585
-0.608651947217365,0.446713955571498,1.07324887215197,1076.30856666667,852,585
-0.620855235063832,0.444825663851548,1.07269336446816,1076.34193333333,852,585
-0.636212456282765,0.442573864697291,1.07422403146242,1076.3753,852,585
-0.630494288816419,4.60120282982307,0.807846184823656,1081.64723333333,853,586
-0.639738450437057,4.59455900174651,0.810069216365997,1081.6806,853,586
-0.640355896123309,4.57532723784839,0.810667784244796,1081.71396666667,853,586
-0.647249349674231,4.57372960411143,0.812986093818161,1081.74733333333,853,586
-0.656359428400186,4.58102696807893,0.815441596239338,1081.7807,853,586
-0.660077037953729,4.58568876012975,0.817936002683396,1081.81406666667,853,586
-0.655638909241324,4.5622367127317,0.814891563613753,1081.8808,854,586
-0.661204699961103,4.56573133539024,0.813710103481656,1081.91416666667,854,586
-0.666867787076801,4.56257445680589,0.813721833487191,1081.94753333333,854,586
-0.67224959187774,4.55516764921733,0.814076138647997,1081.9809,854,586
-0.675072477049442,4.55479536270089,0.81539001660687,1082.01426666667,854,586
-0.656730623561824,4.49269374567098,0.819554158745828,1082.11436666667,855,586
-0.660823005288294,4.51062374846218,0.82508402369815,1082.1811,856,586
-0.648971859626769,4.49929577049259,0.822979009544147,1082.21446666667,856,586
-1.16152948539576,3.26923276215293,0.720566549147313,1087.05263333333,857,587
-1.15463258812247,3.26768673694867,0.712960293787654,1087.086,857,587
-1.1529643631144,3.26958577787203,0.70313055936354,1087.11936666667,857,587
-4.25517089966716,9.2288013503916,0.780468888522755,1092.35793333333,858,588
-1.48987289227614,4.23334649108966,0.681974124354097,1103.73596666667,859,589
-1.48765312882799,4.23832369927195,0.685064217369611,1103.76933333333,859,589
-1.48354613140546,4.24190604984682,0.686815110399573,1103.8027,859,589
-1.47974532992668,4.24215070947772,0.687846547642556,1103.83606666667,859,589
-1.47890588222262,4.24430551834569,0.690753166790641,1103.86943333333,859,589
-1.49258588719768,4.26161663357933,0.69435877840115,1103.9028,859,589
-1.49070881847052,4.25224197350237,0.695739422568622,1104.0029,860,589
-1.52395190754391,4.27703138066056,0.695239723359289,1104.06963333333,861,589
-1.51980969355511,4.26331865003672,0.691045155552733,1104.103,861,589
-1.86416874518065,4.18020268369517,0.575106961407718,1107.87343333333,862,590
-1.87605966324669,4.175582200663,0.57611997696859,1107.9068,862,590
-1.88517988467467,4.17262534420544,0.578665059305929,1107.94016666667,862,590
-1.89300813988235,4.16759952756519,0.581294683672068,1107.97353333333,862,590
-1.90169690888825,4.16808961841499,0.583165611571489,1108.0069,862,590
-1.60741944985715,4.20340411455089,0.746432788618564,1112.4113,863,591
-1.6106163581579,4.20696660176212,0.750687676661064,1112.44466666667,863,591
-1.61471417048236,4.21057342262668,0.755376794761957,1112.47803333333,863,591
-1.61601930367707,4.21303321736442,0.758414341437844,1112.5114,863,591
-1.60979626220992,4.20737024074029,0.761180759154911,1112.54476666667,863,591
-1.61315273570657,4.21442354180681,0.765588717054845,1112.57813333333,863,591
-1.60367824152525,4.20016590761558,0.766568366184412,1112.67823333333,864,591
-1.59723137434103,4.19545506431248,0.767547969622227,1112.7116,864,591
-1.59500703224863,4.19768895461473,0.769370198960207,1112.74496666667,864,591
-1.58280183641118,4.18643905344022,0.769013088314768,1112.77833333333,864,591
-1.5720446226187,4.17886549238866,0.769093251921933,1112.8117,864,591
-1.57373844642518,4.18373055673577,0.769777729910172,1112.84506666667,864,591
-1.5638195794533,4.17384757949804,0.76820931588538,1112.87843333333,864,591
-1.55378517295737,4.16343080387654,0.769216531798219,1112.9118,864,591
-1.5499585561421,4.15533312132695,0.768985112388812,1112.94516666667,864,591
-1.55142946496521,4.15951476282479,0.770125780591521,1112.97853333333,864,591
-1.5362984291394,4.14696787381596,0.771092038344101,1113.0119,864,591
-1.5349965592751,4.15103086003092,0.773443441119594,1113.04526666667,864,591
-2.5786371649036,3.55322586538202,0.378250820749411,1116.14836666667,865,592
-2.57685583108886,3.55074464766443,0.37871722272407,1116.18173333333,865,592
-2.57451595921773,3.54940282349923,0.37815400110055,1116.2151,865,592
-2.57585583397636,3.55067920519172,0.377793374512914,1116.68223333333,866,592
-2.5819948731757,3.55368287965514,0.378123761619572,1116.7156,866,592
-2.5786371649036,3.55322586538202,0.378250820749411,1116.74896666667,866,592
-2.5787739286181,3.55333684228386,0.379011367776238,1116.78233333333,866,592
-2.5786371649036,3.55322586538202,0.378250820749411,1118.45066666667,867,593
-2.57245009508796,3.55121530664714,0.379388843363613,1118.48403333333,867,593
-2.57627225950628,3.55389764198659,0.37991790257389,1118.5174,867,593
-2.57550189139359,3.5548581385548,0.378281373713004,1118.55076666667,867,593
-2.57592735282134,3.55518294998611,0.379922838398206,1118.58413333333,867,593
7.2850513661696,10.4686387921756,0.0252466546000742,1120.25246666667,868,594
7.35366807148364,10.5702863520136,0.0234914055986462,1122.98853333333,869,595
7.45607103475903,10.7101526993408,0.0182310079821205,1125.55776666667,870,596
7.32783825697653,10.5209710715239,0.0293047413468295,1125.59113333333,870,596
-3.00763085140411,1.5511940982775,1.27975988198567,1127.35956666667,871,597
-3.00915498887354,1.55156441836246,1.2766946063211,1127.39293333333,871,597
-3.01514975354705,1.55373750642786,1.27348903433361,1127.4263,871,597
-3.01712717208304,1.55708683056716,1.27096603148519,1127.45966666667,871,597
-3.01204312177268,1.56033961988647,1.26564483520744,1127.49303333333,871,597
-3.01163553345106,1.56216792306641,1.26143802415193,1127.5264,871,597
-3.0356633796446,1.57043172859311,1.26022048381138,1127.55976666667,871,597
-3.04075363010441,1.5729172678713,1.24973043631201,1127.6265,872,597
-3.02294322996109,1.56999994945013,1.24067178932531,1127.65986666667,872,597
-3.02533828116792,1.57267834406585,1.23411559416069,1127.69323333333,872,597
-3.01534308530346,1.57334874923786,1.22010382770177,1127.75996666667,873,597
-3.01164880959658,1.57297268510319,1.2185003140678,1127.79333333333,873,597
7.29033731075736,10.4699548939549,0.032961944678391,1128.2271,874,598
-3.02857497390616,-0.171579386081102,1.15085577483054,1131.29683333333,875,599
-3.031380642622,-0.183259535032373,1.1578060325861,1131.3302,875,599
-3.01697359666016,-0.187951379626982,1.1646042671674,1131.36356666667,875,599
-3.0156577128939,-0.195696376566548,1.17176406977258,1131.39693333333,875,599
-3.01122106890852,-0.201532387778598,1.17756043689718,1131.4303,875,599
-2.99531614340433,-0.202824988007646,1.1851040682228,1131.46366666667,875,599
-2.99458438335385,-0.217170014225242,1.19074008818412,1131.5304,876,599
-2.97825925809856,-0.217010229748426,1.19281490597748,1131.56376666667,876,599
-2.97257179945487,-0.220793255654862,1.19680437556322,1131.59713333333,876,599
-2.96248665045518,-0.221367775953725,1.19801850734525,1131.6305,876,599
-2.95726245628427,-0.22590509421195,1.20209998807174,1131.66386666667,876,599
-2.96385380766708,-0.230352718737621,1.2085538282315,1131.69723333333,876,599
-2.96090160850515,-0.234482445367027,1.21214391796422,1131.7306,876,599
-2.95898817225224,-0.240760073667525,1.21341053982918,1131.76396666667,876,599
-2.67385090814816,3.29471737525518,0.391175413866048,1132.99853333333,877,600
-2.67689331640015,3.28440896264842,0.395869600864417,1133.0319,877,600
-2.68031134837059,3.27931976213142,0.399504791045234,1133.06526666667,877,600
-2.68596564254135,3.27638346536099,0.403567652798276,1133.09863333333,877,600
-1.36761094154078,11.9066455621909,0.43532029458858,1134.46666666667,878,601
-8.50174239914134,4.91541115794233,1.82776783830947,1134.5334,879,602
-8.43241562066372,4.89106775169317,1.8286089388706,1134.56676666667,879,602
-2.8342698142901,-1.82835209956145,1.57655776226059,1135.4343,880,603
-2.83570551916285,-1.83680472087558,1.57960966295118,1135.46766666667,880,603
-2.85027736054208,-1.85227069133883,1.5854058304599,1135.50103333333,880,603
-2.84842943620202,-1.85536674034357,1.58636899439778,1135.5344,880,603
-0.617080256164198,-3.08222036349088,1.59327497058675,1140.2391,881,604
-0.638587940193449,-3.23755818506718,1.62699175100128,1140.27246666667,881,604
-0.563276546932764,-3.10466511831749,1.59175145071589,1140.30583333333,881,604
-0.550786966902963,-3.1517142731856,1.60203747633797,1140.3392,881,604
-0.543189764130721,-3.22235368527027,1.61837321376953,1140.37256666667,881,604
-2.70306924248181,0.0707397458747901,0.687332422940983,1140.87306666667,882,605
-2.6991190876083,0.0713314976145281,0.684435282779423,1140.90643333333,882,605
-2.70438831908224,0.0732298068515955,0.683433800402639,1140.9398,882,605
-2.70203854106223,0.0773804554568256,0.680480532870819,1140.97316666667,882,605
-2.70194223899025,0.0896953656521381,0.664045383602689,1141.14,883,605
7.11299250028517,10.2146233587495,0.0466421209502613,1142.70823333333,884,606
7.22931169638489,10.3866136772683,0.0342966085874767,1142.7416,884,606
-2.44810100306507,9.28250234815704,0.494940680648713,1144.57676666667,885,607
-3.27022094095422,-0.407425171464641,1.24729691764354,1145.47766666667,886,608
-3.28302461801769,-0.415090167295215,1.25037693574562,1145.51103333333,886,608
-3.29126889176644,-0.421737292401217,1.25494579587911,1145.5444,886,608
-3.27474003509073,-0.417370182691589,1.25234973106073,1145.57776666667,886,608
-3.29153974399875,-0.435737150334696,1.26562359056151,1145.7446,887,608
-3.28860249515935,-0.439419220709931,1.26800728800564,1145.77796666667,887,608
-3.30691688206546,-0.452742792439352,1.26836613010074,1145.81133333333,887,608
-3.35613489512743,7.43377676981578,0.684921654043671,1149.18136666667,888,609
-3.295501895768,7.36989354650152,0.693328864050764,1149.21473333333,888,609
-3.2871135079729,7.39123905954896,0.698747529798887,1149.2481,888,609
-1.00258740444076,2.79553532462549,1.10298676658247,1150.48266666667,889,610
-0.99887123252021,2.78875130556652,1.10650952209561,1150.51603333333,889,610
-0.993594491336088,2.77869213328812,1.11061341249878,1150.5494,889,610
-0.992111652849971,2.77115361673895,1.11550658597979,1150.58276666667,889,610
-0.989791157218244,2.7616559787126,1.11978610705837,1150.61613333333,889,610
-0.989350986361213,2.75497287938031,1.12421593048411,1150.6495,889,610
-0.986904587443641,2.74709107412441,1.12740425265189,1150.68286666667,889,610
-0.99015896123637,2.74377810248577,1.13246629259205,1150.71623333333,889,610
-0.992375158953498,2.73999212631219,1.13444194273073,1150.7496,889,610
-0.995272643374258,2.73634190147011,1.13650048849139,1150.78296666667,889,610
-0.995635052852653,2.73276663026679,1.13733995678318,1150.81633333333,889,610
-0.997506312111063,2.73118470476655,1.13840294854001,1150.8497,889,610
-0.995258165760352,2.72732753114596,1.13817142571311,1150.88306666667,889,610
-1.00188002215561,2.7275196564036,1.13785715082119,1150.91643333333,889,610
-1.00399147419464,2.72089626341232,1.13588333091865,1150.9498,889,610
-1.00919127916291,2.71463237934635,1.132649092562,1150.98316666667,889,610
-1.01198098828426,2.70416834946144,1.12780472654047,1151.01653333333,889,610
-1.02058754774173,2.69934935772377,1.12585819231089,1151.0499,889,610
-1.02175126638737,2.68796557685666,1.12210255781443,1151.08326666667,889,610
-1.02774807982079,2.67979927196203,1.11970995848728,1151.11663333333,889,610
-1.03124105747834,2.66922492291025,1.11806810952052,1151.15,889,610
-6.4764279020152,11.3038642056827,0.51620691441821,1150.98316666667,890,611
1.04564408915627,6.73154659886883,0.890845227850224,1153.68586666667,891,612
2.45772701403783,4.76082710251529,0.812013524074438,1155.9548,892,613
2.49966344849967,4.79020547120987,0.812386862058063,1155.98816666667,892,613
2.51976110655824,4.78310516443138,0.80941251712531,1156.02153333333,892,613
-4.25498311107007,10.8221427477557,1.03408767514606,1157.22273333333,893,614
-2.77860175874379,10.8951120257883,1.1899572466066,1159.12463333333,894,615
-2.697209245946,10.7516110797131,1.18209698285643,1159.158,894,615
-2.65758553143037,10.7206248942183,1.17696054360323,1159.19136666667,894,615
4.76415762068226,2.87115317651175,1.07027339401388,1160.69286666667,895,616
4.79763406081797,2.87328786994178,1.07645591171022,1160.72623333333,895,616
4.81650255238654,2.86704639619413,1.0775486936172,1160.7596,895,616
4.82903254397571,2.8598021855984,1.07892712030191,1160.79296666667,895,616
4.85334905605197,2.85703223027482,1.08033226498152,1160.82633333333,895,616
-1.20443679895165,9.90384704868989,1.17478248270083,1161.02653333333,896,617
-1.22123767336742,10.0872523688162,1.18997293406321,1161.0599,896,617
-0.138354394255764,9.49705742370361,1.19018090003638,1162.82833333333,897,618
-0.108371694372663,9.40404878879268,1.18910542669738,1162.8617,897,618
6.55159029080574,1.49995503117735,1.43087615498141,1164.4633,898,619
6.59655266022454,1.48802015233786,1.4331438576604,1164.49666666667,898,619
6.59552561669328,1.46908339279875,1.43062881965055,1164.53003333333,898,619
6.62773500288456,1.45365755794546,1.43639241049472,1164.5634,898,619
6.61707749922415,1.43930531718769,1.434762144735,1164.59676666667,898,619
0.561737971058553,9.35889395291091,1.31508906591193,1164.73023333333,899,620
0.568914055980416,9.30699675716768,1.30932357996186,1164.7636,899,620
0.959618108798804,7.75172488798786,1.26193880027539,1166.69886666667,900,621
0.952716379909119,7.18546231974158,1.19946794770071,1166.73223333333,901,621
1.92120548795122,9.11498748422586,1.43598758916611,1168.60076666667,902,622
7.91664339290309,-1.31246947170317,1.66912095831121,1168.80096666667,903,623
7.90681766966803,-1.33349319424828,1.67740436137553,1168.83433333333,903,623
7.94099493941484,-3.99341059848277,2.30496502256352,1172.30446666667,904,624
5.70578674248969,13.6917948793426,1.65836940769365,1177.8767,905,625
5.93334558431884,14.2421834546778,1.70756922962409,1177.91006666667,906,625
5.8778223308056,13.461035495622,1.50925112093404,1179.84533333333,907,626
5.62638608477588,12.8500193176147,1.4594150461947,1179.8787,908,626
5.68552769014071,12.9158648725417,1.46166969717449,1179.91206666667,908,626
7.37481113489388,10.5847200080323,0.0181288978642766,1180.01216666667,909,627
0.784734082064948,-10.5858064203738,1.96347516682783,1186.45193333333,910,628
0.720923558370537,-10.1291282905811,1.91281716655425,1186.4853,911,628
0.775943081860061,0.379984852135638,0.66848144975595,1186.51866666667,912,629
-1.81710595419615,-4.00478593675544,1.99208699344006,1189.12126666667,913,630
-1.89596264239515,-4.06006130116238,2.01759583209464,1189.15463333333,913,630
-1.90730873269352,-3.98590500256322,2.00769401417701,1189.188,913,630
-1.82088553537914,3.08997249453396,1.00367707688126,1190.8897,914,631
-1.81566915187932,3.09697373486937,1.00826534749958,1190.92306666667,914,631
-1.80007232788236,3.09890592917622,1.0126866794181,1190.95643333333,914,631
-1.78833947071781,3.10392053795073,1.01617566376151,1190.9898,914,631
-1.77617825139598,3.10777081670096,1.01959194623317,1191.02316666667,914,631
-1.77732398201601,3.12293963709935,1.02615635225855,1191.05653333333,914,631
-1.77257278334742,3.13250182400356,1.02797492142345,1191.0899,914,631
-1.76980240062106,3.14288589798216,1.03092498769987,1191.12326666667,914,631
-1.7634470177015,3.14944180178936,1.03195867646711,1191.15663333333,914,631
-1.76252364712107,3.1602379400668,1.0333265959619,1191.19,914,631
-1.76316725931545,3.1713714226672,1.03453592623882,1191.22336666667,914,631
-1.77094258142162,3.18413408401074,1.03556288372333,1191.25673333333,914,631
-1.77785817564282,3.19646101408961,1.03606163681191,1191.2901,914,631
-1.77431144939663,3.20454823123815,1.03526083312536,1191.32346666667,914,631
-1.78098983642496,3.22013424981146,1.03609235123961,1191.35683333333,914,631
-1.77796205278381,3.22626972203467,1.03417576705464,1191.3902,914,631
-1.77706265895429,3.23388333586415,1.03309335648401,1191.42356666667,914,631
-1.78267680722005,3.24451934533271,1.03409996963963,1191.45693333333,914,631
-1.78601283138595,3.25132244322625,1.03216652089443,1191.4903,914,631
-1.79100638691281,3.26089751263974,1.03254612900096,1191.52366666667,914,631
-1.79389437066929,3.26563874133988,1.03233058104146,1191.55703333333,914,631
-1.78956761239846,3.2692588956684,1.03042334166027,1191.5904,914,631
-1.80112499233573,3.28208092434102,1.03249215859824,1191.62376666667,914,631
-1.79763036675779,3.28482268369322,1.02998675670669,1191.65713333333,914,631
-1.80397172325783,3.29279780861664,1.03021039888724,1191.6905,914,631
-1.80907330233935,3.29905416103152,1.02846760196603,1191.72386666667,914,631
-1.81162438321138,3.30613218403528,1.0240070743362,1191.7906,915,631
-1.81683713268061,3.31443699399698,1.0220170302514,1191.82396666667,915,631
13.582903776134,11.1251569241909,1.12904098464806,1193.3922,916,632
13.6185013281735,11.12106075708,1.13020812746839,1193.42556666667,916,632
7.9349705181283,-5.02207975960205,1.94361581049396,1197.96343333333,917,633
7.89674200865279,-5.01712779923489,1.94949331558226,1197.9968,917,633
7.86340267213748,-5.00617121865096,1.95318841794746,1198.03016666667,917,633
0.845335089909306,1.59687023524232,0.605372020825629,1199.73186666667,918,634
-5.16376705134471,-2.19713408570526,1.57485405021602,1199.76523333333,919,635
-5.15068377311794,-2.19076401900477,1.57755647685209,1199.7986,919,635
-5.13349925754829,-2.17696651849753,1.59443918692125,1200.03216666667,920,635
0.853836095665972,1.59291887058911,0.60531954709298,1202.46793333333,921,636
-7.26076137137037,-3.49118891823449,2.12408117131871,1203.06853333333,922,637
-7.3539181566494,-3.48886358670098,2.1469079396007,1203.1019,922,637
-7.24809440449902,-3.37678791066031,2.130604451002,1203.13526666667,922,637
0.85834419584431,1.59054669267308,0.606057248339582,1203.86933333333,923,638
0.85834419584431,1.59054669267308,0.606057248339582,1203.9027,923,638
-3.59991147680996,-2.99165180747216,1.47599590247552,1204.5033,924,639
0.861806134527543,1.58873915764447,0.606030636345148,1205.27073333333,925,640
0.861788391584227,1.58868758270947,0.606414653794663,1205.3041,925,640
-7.13886488579533,-0.424614920118206,1.80606605823347,1205.7045,926,641
-7.10610233562046,-0.37553137456491,1.79546906927546,1205.73786666667,926,641
-7.13790137785793,-0.323563161714426,1.79260331687449,1205.77123333333,926,641
-7.08692423897278,-0.270208425598187,1.78008573825064,1205.8046,926,641
-1.88555392428522,1.00680820922913,1.03277232494503,1205.97143333333,927,642
-1.87587971981832,0.989214214169547,1.0364303784322,1206.0048,927,642
-1.87024166098822,0.970161991041954,1.0417496435023,1206.03816666667,927,642
-1.86013081859459,0.953038848833655,1.04609672116388,1206.07153333333,927,642
-1.85490397842693,0.934554754653172,1.05195038430665,1206.1049,927,642
-1.84825639476148,0.918495527486006,1.05718431057174,1206.13826666667,927,642
-1.84302287543863,0.901634523803254,1.06238863983611,1206.17163333333,927,642
-1.83909202438671,0.884957718386807,1.06837881270214,1206.205,927,642
-1.83275516545193,0.869448900257815,1.07491442113742,1206.23836666667,927,642
-1.8234584767022,0.852814794327106,1.07920083078256,1206.27173333333,927,642
-1.82180104434538,0.836160484268661,1.08642695773137,1206.3051,927,642
-1.81151665939034,0.821434794466097,1.09147502503304,1206.33846666667,927,642
-1.80832359586495,0.807914110900425,1.10015780191456,1206.37183333333,927,642
-1.8037466872818,0.796018173081021,1.10825626501309,1206.4052,927,642
-1.79878492512679,0.786050917554821,1.11547337257879,1206.43856666667,927,642
-1.79300777652874,0.776917246354419,1.12192729366245,1206.47193333333,927,642
-1.78960731165826,0.767767677308584,1.12913082149807,1206.5053,927,642
-1.78468620932211,0.760148061730302,1.13461909833738,1206.53866666667,927,642
-1.7804898952703,0.752764055219039,1.14171166901946,1206.57203333333,927,642
-1.77786280875996,0.744110545552397,1.14595414161745,1206.6054,927,642
-1.7724541772118,0.736288684058866,1.14975806719306,1206.63876666667,927,642
-1.76606705556413,0.728123628227922,1.1536107579782,1206.67213333333,927,642
-1.76027778986229,0.720439003693067,1.15722439504251,1206.7055,927,642
-1.75627586690527,0.710506667938464,1.16211087971894,1206.73886666667,927,642
-1.74622292343457,0.700240660453116,1.16519212476424,1206.77223333333,927,642
0.89273326738122,1.54840121287944,0.68076763601202,1209.5083,928,643
-1.34671535039976,-0.463875529725156,1.14755721906321,1210.44256666667,929,644
-1.34615574099141,-0.472215921911568,1.14611802799404,1210.47593333333,929,644
-1.34716538420303,-0.480663537239536,1.14394779836192,1210.5093,929,644
-1.3473721825235,-0.489951751045706,1.14100790310654,1210.54266666667,929,644
-1.34962709529905,-0.498465921314942,1.14047166228949,1210.57603333333,929,644
-1.34608889394015,-0.505881775074125,1.13719427468662,1210.6094,929,644
-1.33843609372266,-0.508787166807591,1.13217076859594,1210.64276666667,929,644
-1.33911163973332,-0.517983991669577,1.12909457165609,1210.67613333333,929,644
-1.3328762754075,-0.521843002185519,1.1250609877916,1210.7095,929,644
-1.33554153197835,-0.534427113036238,1.12130681260251,1210.74286666667,929,644
-1.32856164490915,-0.536720887408673,1.11595939214268,1210.77623333333,929,644
-1.32663967396102,-0.545784014414471,1.11225697623925,1210.8096,929,644
-1.32128562548553,-0.553524031253279,1.10689325819135,1210.84296666667,929,644
-1.31575179651559,-0.560693297923023,1.10227329291809,1210.87633333333,929,644
-1.30674558807244,-0.565304753462379,1.09569379316768,1210.9097,929,644
-1.31080977568315,-0.578687332154398,1.09314971783766,1210.94306666667,929,644
-1.2924701961446,-0.577061514668532,1.0849000037709,1210.97643333333,929,644
-1.29059549185521,-0.58542338552316,1.08139195472141,1211.0098,929,644
-1.28896956354622,-0.591658198966481,1.0782295213754,1211.04316666667,929,644
-1.28482175629129,-0.593303081153909,1.07288337812036,1211.07653333333,929,644
-1.28336211954619,-0.596134676844809,1.06839833493127,1211.1099,929,644
-1.2825386529551,-0.598887168801458,1.06421594962088,1211.14326666667,929,644
-1.28422793847281,-0.604408939028521,1.05961191528859,1211.17663333333,929,644
-1.27840389732659,-0.603966797188109,1.05444833827547,1211.21,929,644
-1.27801405085897,-0.608256125737645,1.04833009178855,1211.24336666667,929,644
-1.27864758500272,-0.61270699870492,1.04230929738888,1211.27673333333,929,644
-0.321218533118444,-1.99715708335254,1.31012126579529,1215.1139,930,645
-0.316403018926325,-2.0179994767161,1.31281724741154,1215.14726666667,930,645
-0.299728458298445,-1.99938002511103,1.30473546534593,1215.18063333333,930,645
-0.288897441310747,-2.0051058885798,1.30328267887145,1215.214,930,645
-0.25180744371892,-1.93287118563883,1.28295034177268,1215.24736666667,930,645
-0.251667993310951,-1.97284959464704,1.29056460779359,1215.28073333333,930,645
-0.262103285957359,-2.04658326769454,1.30623201545916,1215.3141,930,645
-0.252258216190041,-2.06231300606566,1.30900338759096,1215.34746666667,930,645
-0.234723976438126,-2.0436988863426,1.30499967767168,1215.38083333333,930,645
-0.22210807212757,-2.04712310368342,1.30569700508107,1215.4142,930,645
-0.221726446690319,-2.09087317816779,1.31856062883028,1215.44756666667,930,645
-0.211643946328701,-2.09432615372281,1.32027052586932,1215.48093333333,930,645
-0.217728279962677,-2.15483968287491,1.33774008176921,1215.5143,930,645
-0.202627511178505,-2.14000129570896,1.33564003857975,1215.54766666667,930,645
7.55656935290606,-0.9631455639988,1.90701662494782,1231.06316666667,931,646
7.59725152171606,-0.942774119806794,1.91041582683246,1231.09653333333,931,646
7.54589925016155,-0.890411088623372,1.8938293094933,1231.1299,931,646
7.63719176535567,-0.883957149441124,1.90236489738579,1231.16326666667,931,646
7.65895940400962,-0.849018451696185,1.8983247099336,1231.19663333333,931,646
7.72292637714398,-0.839516393469197,1.90907718146137,1231.23,931,646
4.16533155612205,-0.893220854449444,0.962345084035889,1232.99843333333,932,647
4.15793760337281,-0.879762717256028,0.960965550616126,1233.0318,932,647
4.14916152903487,-0.866696990405112,0.961243847252532,1233.06516666667,932,647
4.14396948339948,-0.852349261638227,0.960353065304497,1233.09853333333,932,647
4.12909935855295,-0.828608262198723,0.955923872743053,1233.1319,932,647
4.11971582645275,-0.811945422055716,0.95514021153994,1233.16526666667,932,647
4.1289445124832,-0.801021473978919,0.954083601394599,1233.19863333333,932,647
4.11339554040123,-0.779249779321413,0.950561101407805,1233.232,932,647
4.11465567336798,-0.765527829152157,0.949207642192157,1233.26536666667,932,647
4.10205930392478,-0.7488844111994,0.945476249519315,1233.29873333333,932,647
4.09618698009177,-0.735444984507799,0.94420303044742,1233.3321,932,647
4.08198428791787,-0.717737743535715,0.941621810081067,1233.36546666667,932,647
4.0781629952469,-0.702780791982035,0.938906258808133,1233.39883333333,932,647
4.07493819165215,-0.687909371946573,0.937625178988304,1233.4322,932,647
4.08182999261055,-0.680210341993009,0.936255689923244,1233.46556666667,932,647
4.07748153282737,-0.663414796108755,0.93572184850695,1233.49893333333,932,647
-2.55476064691755,3.44250152482876,0.279380759323573,1235.96806666667,933,648
2.46365492573682,1.22075119918079,0.832326044139843,1237.50293333333,934,649
2.45951585697569,1.23286679533861,0.834928532681806,1237.5363,934,649
2.45677271622724,1.24555300579713,0.837716417388388,1237.56966666667,934,649
2.44821194675788,1.25904414875432,0.839766263545313,1237.60303333333,934,649
2.44342733985159,1.27348853044539,0.842073851480554,1237.6364,934,649
2.43725605835258,1.28838714060712,0.844528858797488,1237.66976666667,934,649
2.42945414056529,1.3052461610763,0.84604884207431,1237.70313333333,934,649
2.42108092218074,1.32367038959329,0.848184383398517,1237.7365,934,649
2.41514739690789,1.33983973642146,0.850276849176369,1237.76986666667,934,649
2.40612879199568,1.35751130149067,0.852308670893449,1237.80323333333,934,649
2.40029227277103,1.37469908136654,0.854079160962085,1237.8366,934,649
2.39397397988609,1.39170484637019,0.856136193923044,1237.86996666667,934,649
2.38603651962812,1.40675606441593,0.856686573668333,1237.90333333333,934,649
2.37940131168617,1.4199052569985,0.857500099583133,1237.9367,934,649
2.37048940610853,1.43128135511714,0.856610884298391,1237.97006666667,934,649
2.35866028954536,1.44471730370321,0.856124249834133,1238.00343333333,934,649
2.34790558799597,1.45704695458224,0.855320646143253,1238.0368,934,649
2.33894943609002,1.47090656711552,0.854098871124408,1238.07016666667,934,649
2.32485776409641,1.48448451207605,0.851415016706964,1238.10353333333,934,649
2.31400531095898,1.49778197360356,0.848843538551063,1238.1369,934,649
2.30343649897741,1.51138999012315,0.846370563894781,1238.17026666667,934,649
2.28445269515961,1.52074481225856,0.84202697033722,1238.20363333333,934,649
2.28204393153954,1.53598985617343,0.840369822952479,1238.237,934,649
2.2749293317315,1.54680725159553,0.837281558984654,1238.27036666667,934,649
2.2667568078701,1.55540044997198,0.833988355813524,1238.30373333333,934,649
2.25256170894221,1.56340968473965,0.828608579668014,1238.3371,934,649
0.235187691620641,1.66277500381068,0.919423600161114,1242.37446666667,935,650
0.226273677851761,1.66781782210134,0.919955983026831,1242.40783333333,935,650
0.21642858632143,1.67295707373444,0.919166731731853,1242.4412,935,650
0.206438685706705,1.67850919128994,0.91825865663428,1242.47456666667,935,650
0.196417238745129,1.68444478433781,0.917135434997016,1242.50793333333,935,650
0.185533062133151,1.68966289371429,0.916042880731945,1242.5413,935,650
0.172481017310389,1.69535884259915,0.914356549910316,1242.57466666667,935,650
0.158910691411777,1.70089472512749,0.912107204801607,1242.60803333333,935,650
0.145112788899118,1.70595179972212,0.910161281431745,1242.6414,935,650
0.132562378993399,1.70990195569581,0.908087948788551,1242.67476666667,935,650
0.120399760682529,1.71294394874624,0.905658443554674,1242.70813333333,935,650
0.109161716515236,1.71615507212448,0.904149423523295,1242.7415,935,650
0.0976786190029078,1.71856715317003,0.902474378428804,1242.77486666667,935,650
0.0864166105526022,1.72065817026344,0.900631058328755,1242.80823333333,935,650
0.0754400810707265,1.72256213823595,0.899010723478991,1242.8416,935,650
0.0639534283056392,1.72407362943631,0.897239393361834,1242.87496666667,935,650
0.0522948592298557,1.72671092925674,0.895715616067397,1242.90833333333,935,650
0.0400512104596616,1.72959620176113,0.893768590181148,1242.9417,935,650
0.0284259367477058,1.73215288383217,0.891683922141567,1242.97506666667,935,650
0.0182448384627308,1.73366072788538,0.88972925463191,1243.00843333333,935,650
0.0072956988444195,1.73484088496506,0.887310304082938,1243.0418,935,650
-0.00322668357157185,1.73582901950294,0.884856173943129,1243.07516666667,935,650
-0.0110104733203286,1.7357464783393,0.88156945712522,1243.10853333333,935,650
-0.0204837476569183,1.73700796885142,0.878811731360084,1243.1419,935,650
-0.0289833364846785,1.7379917092439,0.876102749605353,1243.17526666667,935,650
-0.0373831321674005,1.73776797021582,0.872547974621501,1243.20863333333,935,650
-0.0436759347932267,1.73606699629974,0.870072700054052,1243.242,935,650
-0.0487091879134677,1.73262407169433,0.867592814696073,1243.27536666667,935,650
-0.0523055535846588,1.72908353212381,0.865587706399052,1243.30873333333,935,650
0.0920915419004409,9.21935958677053,0.688287434978206,1253.252,936,651
0.0375379202369637,9.76973512200591,0.689798016524853,1253.28536666667,937,651
0.337243932744235,8.37683878874371,0.703376253435567,1255.254,938,652
0.338084921376278,8.44694564219763,0.708542893182032,1255.28736666667,938,652
0.338073317047372,8.53893929168169,0.712741781225924,1255.32073333333,938,652
7.20458001760863,13.7369909568216,-0.152648749318428,1256.5553,939,653
0.880328667253724,8.37352759877719,0.905836700478487,1257.256,940,654
0.866377593366375,7.33688515589653,0.862789004770776,1257.28936666667,941,655
7.18952707992366,13.7176262815704,-0.152479748441667,1259.0578,942,656
6.98291908158513,13.3039322615091,-0.124482225946269,1259.09116666667,943,656
-2.60125987673944,1.22020181280557,1.03123299207939,1263.19526666667,944,657
-2.61151219621585,1.21364687499042,1.03120337682871,1263.22863333333,944,657
-2.69193292795178,1.14129504655153,1.01119912355537,1263.79586666667,947,657
-2.69256217199124,1.14715691296292,1.00697247295935,1263.82923333333,947,657
-2.68567227905065,1.15537484474759,1.00472030958108,1263.8626,947,657
-2.67915242327305,1.16370946563597,0.999898635064534,1263.89596666667,947,657
-2.68244002094903,1.17299233681704,0.997520181394854,1263.92933333333,947,657
-2.68307951824672,1.17982310132097,0.995447519892971,1263.9627,947,657
-2.67311868512444,1.18587172453015,0.992047094749809,1263.99606666667,947,657
-2.67540187842235,1.19085823794357,0.989283355953185,1264.02943333333,947,657
-2.66989193137712,1.19417827658345,0.986253823921471,1264.0628,947,657
-2.65776760371715,1.19553654081538,0.980289554059313,1264.09616666667,947,657
-2.64020319911925,1.19913587829594,0.969328679641724,1264.1629,948,657
6.96719714835395,13.2886966569,-0.126360804914635,1263.22863333333,945,658
2.91614758345778,8.45053076469907,1.0914629540535,1263.3621,946,659
2.91643186604005,8.49672808360133,1.10364902326864,1263.39546666667,946,659
2.85497261069116,8.31468021808585,1.0995055007343,1263.42883333333,946,659
2.87596494060352,8.42702833971737,1.114664822769,1263.4622,946,659
0.396168389475741,4.9603967049508,0.940459244126997,1266.33173333333,949,660
0.372102139262835,4.97728587885707,0.946189399114435,1266.3651,949,660
0.353637576066882,4.95368424957165,0.946556580099523,1266.39846666667,949,660
0.342603555330807,4.88930539429444,0.943500869804235,1266.43183333333,949,660
5.14596567142969,12.0402269104574,0.629869288447189,1268.90096666667,950,661
5.01718116892735,11.7761552996463,0.627934835428926,1268.93433333333,950,661
4.94210564011999,11.6661188580287,0.629217986862804,1268.9677,950,661
4.97864949338922,11.8153306940958,0.626615136986574,1269.00106666667,950,661
4.95587233204744,11.8034587001259,0.626722007078291,1269.03443333333,950,661
4.90062331929,11.7199279486926,0.62040808280916,1269.0678,950,661
4.97592293784894,12.0442461293326,0.619820123258957,1269.13453333333,951,661
-2.23162973977107,4.07387010199257,0.630701607797132,1270.13553333333,952,662
-2.23000989474757,4.0589899576256,0.62776863293113,1270.1689,952,662
-2.24206018901767,4.05744996708393,0.624549105849076,1270.20226666667,952,662
9.94468542321595,7.69470438612242,1.17078771420507,1272.30436666667,953,663
9.85446205592771,7.62469456565312,1.16387050415666,1272.33773333333,953,663
9.81395250321498,7.59115591839928,1.15841608065954,1272.3711,953,663
9.78010238810794,7.55504717590649,1.15555080610186,1272.40446666667,953,663
-2.18212548011943,3.75720464801421,0.735135503977603,1272.9717,954,664
-2.1732052457154,3.7506874145588,0.733785396150528,1273.00506666667,954,664
-2.18204266310763,3.75874837157259,0.73301507568364,1273.03843333333,954,664
-2.17088174577658,3.75248142109728,0.730943813795081,1273.0718,954,664
0.933354340468074,5.6669256754998,0.706419256934798,1273.5723,955,665
1.02039086993126,7.69151480172638,0.760686655317432,1273.60566666667,956,666
11.6262478619455,2.59931925452093,1.31919823893904,1277.44283333333,957,667
11.4858365720999,2.55369191684083,1.31338345853301,1277.4762,957,667
7.23301289181282,10.3918644037015,0.0365805845925338,1293.292,958,668
7.23301289181282,10.3918644037015,0.0365805845925338,1296.46183333333,959,669
0.271044175130915,10.5884381155201,0.717154219231473,1305.9046,960,670
0.701306959352903,1.61764217008776,0.574357923585033,1308.1068,961,671
7.24685198512916,10.3963503846185,0.0334957905033103,1308.5072,962,672
7.29717057627818,10.4704621232988,0.0282884013666257,1308.54056666667,962,672
7.10299150386857,10.204244703536,0.0492701777346668,1314.1128,963,673
6.4147657418127,15.4579279739068,1.04527956968783,1327.0257,964,674
6.89119362217151,13.6816858089363,0.631970178684067,1329.29463333333,965,675
6.6253340888522,13.1175330668409,0.626586654070223,1329.328,966,675
6.89824120220871,8.8381002723643,1.08536615009944,1336.2349,967,676
6.72788777879086,8.075790804465,1.2913866119005,1338.67066666667,968,677
6.81888813612179,8.20236555617333,1.30790011153418,1338.70403333333,968,677
6.71584307412667,8.11023338780401,1.30496728585687,1338.7374,968,677
5.05434605198763,6.27362798019958,1.66993373080433,1341.00633333333,969,678
4.94280696021771,6.1712941592383,1.65243278420874,1341.07306666667,970,678
-2.91860869503575,2.68307454069507,1.02303012846377,1341.37336666667,971,679
-2.91836770448425,2.6809799842631,1.02608744730252,1341.40673333333,971,679
-2.9134075904883,2.67649750169824,1.02905132865492,1341.4401,971,679
-2.93083739706537,2.68100586426761,1.03355156528715,1341.47346666667,971,679
-2.93123990173529,2.67689789381156,1.03562178622297,1341.50683333333,971,679
-2.93280439349009,2.67483987967964,1.03796175225206,1341.5402,971,679
-2.92040319351918,2.66899003463671,1.037002136915,1341.57356666667,971,679
-2.92368462330648,2.6687770403306,1.03918439934296,1341.60693333333,971,679
-2.91856614815069,2.66670715695821,1.03915710663616,1341.6403,971,679
-2.91647469129387,2.66550045029656,1.04054408764541,1341.67366666667,971,679
-2.92946823126391,2.6685902452679,1.04137451636515,1341.70703333333,971,679
-2.91894990796626,2.66172867332621,1.03798457228688,1341.7404,971,679
-10.511760410936,0.495833069380351,1.86112990570331,1343.17516666667,972,680
-10.4441321066583,0.480448451612974,1.86264454197215,1343.20853333333,972,680
-10.4165837104119,0.457305236938286,1.87291728260305,1343.2419,972,680
-10.4705065877225,0.422561046163134,1.89640047716385,1343.27526666667,972,680
-10.4441662794226,0.408198384352081,1.90132874545146,1343.30863333333,972,680
-10.4633884052349,0.380227011575379,1.91401494490352,1343.342,972,680
-10.3960916113179,0.361874770947296,1.91813101423828,1343.37536666667,972,680
-10.3912970453522,0.336638177317149,1.92970559972215,1343.40873333333,972,680
-10.4074853997336,0.288381822990793,1.95561070439486,1343.47546666667,974,680
-10.3501001784884,0.27320375081628,1.95954624012993,1343.50883333333,974,680
-10.3786483344626,0.244240749216644,1.9801492377389,1343.5422,974,680
-10.344973487088,0.231330463249364,1.98593880961809,1343.57556666667,974,680
-10.3748832096304,0.213472232359998,2.00024907848314,1343.60893333333,974,680
3.30414051155302,4.16251339108312,1.69844414323566,1343.342,973,681
3.27889406251441,4.12613018080587,1.69175936426974,1343.37536666667,973,681
3.26340970827182,4.10233107903022,1.69199542029481,1343.40873333333,973,681
3.22930050223915,4.06026878667138,1.68586283802073,1343.4421,973,681
0.589936025531532,2.16509867878122,1.23882406279611,1346.2449,975,682
0.540589805730227,2.1507046244556,1.22787105810924,1346.27826666667,975,682
0.482131801728109,2.1420908663377,1.22184829275381,1346.31163333333,975,682
0.426045303175945,2.13150269273337,1.21557236416999,1346.345,975,682
0.383582988611942,2.11510903531272,1.20628220283243,1346.37836666667,975,682
-8.70366589902102,-1.94214932213912,2.44322383165089,1347.47946666667,976,683
-8.66147275780485,-1.95022172510743,2.44221466983374,1347.51283333333,976,683
-8.58859002338279,-1.9510700003407,2.4325443649414,1347.5462,976,683
-8.61347129084301,-1.97326286528026,2.44630266925642,1347.57956666667,976,683
-8.6516880416068,-2.00695804554256,2.46572938149224,1347.61293333333,976,683
-8.59741632366889,-2.0084888686433,2.45860064294378,1347.6463,976,683
-8.5753523866574,-2.01586095687658,2.46460043374464,1347.67966666667,976,683
-8.58925871374677,-2.03769031537123,2.47115062090937,1347.71303333333,976,683
-8.59926053798188,-2.05789004161613,2.48696017765499,1347.7464,976,683
-8.63382223738737,-2.08464398112901,2.50000228820676,1347.77976666667,976,683
-8.55737371796986,-2.07424492554809,2.49383089127924,1347.81313333333,976,683
-8.56207065525279,-2.08768215831341,2.50333294363308,1347.8465,976,683
-8.62651291679399,-2.11800956555285,2.52443456447122,1347.87986666667,976,683
-8.58665770250092,-2.11851593361151,2.5291669532189,1347.91323333333,976,683
-8.51949471534039,-2.1062084965863,2.51856058444134,1347.9466,976,683
-8.60144338106492,-2.14613866319913,2.54094285505215,1347.97996666667,976,683
-8.58449168547856,-2.15053698801369,2.54759873796459,1348.01333333333,976,683
-8.5969216244098,-2.16346847135901,2.55589918547418,1348.0467,976,683
-7.46262657208489,-3.78511078009172,2.52668669736451,1352.38436666667,977,684
-7.38690907746104,-3.75660268827856,2.50982145911337,1352.41773333333,977,684
-7.38797031215255,-3.79400354389569,2.50952296199335,1352.48446666667,978,684
-7.35491619557961,-3.78993626917543,2.50237758209223,1352.51783333333,978,684
-7.3520719767146,-3.79671648592148,2.49583644831384,1352.5512,978,684
-7.32230993346033,-3.79521375387934,2.49336487579134,1352.58456666667,978,684
-7.31483845155121,-3.79958258541173,2.48984633292761,1352.61793333333,978,684
-7.29444730534783,-3.79469205222513,2.48967177751254,1352.6513,978,684
-7.31835341896181,-3.81723308121925,2.49646163516256,1352.68466666667,978,684
-7.28684176320423,-3.80774453326702,2.49521890400616,1352.71803333333,978,684
-7.17939645385548,-3.74435930804686,2.46992121053136,1352.7514,978,684
-7.24789032744796,-3.79609192326718,2.49086502027328,1352.78476666667,978,684
-7.17045201511484,-3.75384716237156,2.47920468384578,1352.81813333333,978,684
-7.19332704208588,-3.77129620309804,2.48283073478707,1352.8515,978,684
-7.14881620394946,-3.75870093021901,2.48131982390276,1352.91823333333,979,684
-7.1715983991472,-3.78279588076649,2.49541350973596,1352.9516,979,684
-7.08605223107375,-3.7423739207836,2.47623843022588,1352.98496666667,979,684
-3.54038791239638,1.3362648812266,0.655115428487372,1355.02033333333,980,685
-3.53996561637049,1.33394295408689,0.653295442555876,1355.0537,980,685
-3.52494048454915,1.3298789362704,0.650669449378694,1355.08706666667,980,685
-3.52965929484711,1.32782873394757,0.648250390627823,1355.12043333333,980,685
-3.52323659704946,1.32568822340059,0.647270270977223,1355.1538,980,685
-3.51042741868116,1.32199417915324,0.645315708874491,1355.18716666667,980,685
-3.50477975225147,1.32024112094619,0.64440842194571,1355.22053333333,980,685
-3.49315153273601,1.31767200598343,0.642089867990472,1355.2539,980,685
-3.49649660078712,1.31491910815235,0.640817474783931,1355.28726666667,980,685
-3.49471328381078,1.31056902908944,0.640178337153241,1355.32063333333,980,685
-3.48464189694121,1.30379872470403,0.638889060047459,1355.354,980,685
-3.48743195605866,1.30005959067897,0.64015171576327,1355.38736666667,980,685
-3.48941410041787,1.29496559078423,0.638296778904788,1355.42073333333,980,685
-3.47769585935648,1.29038899295256,0.636783907677329,1355.4541,980,685
-3.47617254829782,1.28762569412695,0.635540820322389,1355.48746666667,980,685
-3.46312346659729,1.28410973761258,0.630980386204909,1355.52083333333,980,685
-3.47152250221659,1.28258705259452,0.628699241045619,1355.5542,980,685
-3.46933999488374,1.28124888728639,0.624580868357687,1355.58756666667,980,685
-3.46724238431199,1.27686289900874,0.621299159625672,1355.62093333333,980,685
-3.46486422378286,1.27478182874787,0.617215382081963,1355.6543,980,685
-3.46886578605,1.26585659983262,0.613262733311583,1355.68766666667,980,685
-3.46798603266514,1.25922021574298,0.608510796680321,1355.72103333333,980,685
-3.46660641632861,1.25262570489405,0.604716614190806,1355.7544,980,685
-1.99775873510738,-3.40170595046022,2.00794310809045,1358.1568,981,686
-1.9936140303685,-3.43008995134349,2.01456983020001,1358.19016666667,981,686
-1.96272204259464,-3.41359845269581,2.00484527197204,1358.22353333333,981,686
-1.93742395881108,-3.40540087765252,1.99974814254573,1358.2569,981,686
-1.92647083937207,-3.41798272500963,2.00131072532292,1358.29026666667,981,686
-1.89354005194197,-3.39539584009773,1.98995078100723,1358.32363333333,981,686
-1.8891284592027,-3.41676202194289,1.99379025056396,1358.357,981,686
-1.8566655578741,-3.39326032499776,1.98326059994504,1358.39036666667,981,686
-1.82518526224157,-3.36872283459118,1.97011580966152,1358.42373333333,981,686
-1.825841045911,-3.39687873668536,1.97539306221098,1358.4571,981,686
-1.78914258428217,-3.35739105995122,1.95815130807029,1358.49046666667,981,686
-1.79262040818165,-3.38943679590742,1.96370172018117,1358.52383333333,981,686
-1.77974492871128,-3.39672574713751,1.95949406734692,1358.5572,981,686
-1.76270739692188,-3.39257432451346,1.95264044291781,1358.59056666667,981,686
-1.75693143157052,-3.41078487682632,1.95421281872354,1358.62393333333,981,686
-1.73885118210746,-3.40824947560313,1.94568705064061,1358.6573,981,686
-1.71225032164711,-3.39427268639792,1.93424546381954,1358.69066666667,981,686
-1.69821502559511,-3.39894677625945,1.92883522278459,1358.72403333333,981,686
-1.68568827491986,-3.40446782171208,1.92088666986375,1358.7574,981,686
-1.66103252268231,-3.38682098757064,1.9066138102647,1358.79076666667,981,686
-1.62724135973707,-3.35001057535447,1.88772256114791,1358.82413333333,981,686
-2.91449606832971,0.13792030096005,0.571312250247746,1362.42773333333,982,687
-2.91043234108446,0.135373056632716,0.570667471064481,1362.4611,982,687
-2.90483111010505,0.128039495431141,0.569138728210149,1362.49446666667,982,687
-2.91159499933458,0.117523782234707,0.56658676713326,1362.52783333333,982,687
-2.90905006927418,0.109373539329971,0.56556000705906,1362.5612,982,687
-2.9019092994406,0.103179316491613,0.564191337025619,1362.59456666667,982,687
-2.90805704259156,0.0943521397763982,0.565085136842356,1362.62793333333,982,687
-2.91762997767297,0.0835042411508451,0.566410305556936,1362.6613,982,687
-2.91249832192151,0.0815271420371383,0.56843395213977,1362.69466666667,982,687
-2.90890096542791,0.0772531320612009,0.572942811054615,1362.72803333333,982,687
-2.90809774622263,0.0710968375794642,0.576715368000067,1362.7614,982,687
-2.91882470752541,0.0626496917089863,0.581287846678801,1362.79476666667,982,687
-2.91793973892367,0.0557906000352254,0.588652783549374,1362.82813333333,982,687
-2.91713951233775,0.0503377759939764,0.593386443111306,1362.8615,982,687
-2.91346091973652,0.0453608547918167,0.598415485902719,1362.89486666667,982,687
-2.89896884631958,0.0449295860789903,0.601359896548702,1362.92823333333,982,687
-2.93124348525229,0.0269970529641229,0.576779264504113,1363.0617,985,687
-2.92692184280741,0.0320982266909103,0.573270914250339,1363.09506666667,985,687
-2.91649575343855,0.0365897722648834,0.574734564291953,1363.12843333333,985,687
-2.92433001844802,0.0352183566017835,0.575175744218099,1363.1618,985,687
0.49208511985837,-2.64153344249101,1.44593759578381,1362.62793333333,983,688
0.50081825278829,-2.44317804959294,1.4030799879341,1362.6613,983,688
0.567484239704812,-2.26139809692593,1.37382353259703,1362.92823333333,984,688
0.574237720318008,-2.29696917972387,1.38381038019445,1362.9616,984,688
0.583868042349928,-2.52783904082269,1.43900064109407,1362.99496666667,984,688
0.586194855336135,-2.27070195147495,1.37887756039152,1363.02833333333,984,688
0.591640236432495,-2.28222075441746,1.38356266364129,1363.0617,984,688
0.596799378812168,-2.28882788762449,1.38762600795897,1363.09506666667,984,688
-2.34910858916335,1.46760884868832,0.181553721413514,1373.30526666667,986,689
-2.34820988253973,1.46902868171964,0.181063663997311,1373.5722,987,689
-2.3563693238211,1.46971356974108,0.181687231764177,1373.6723,988,689
-2.35604702683618,1.4696711667431,0.181827304762277,1373.83913333333,989,689
-3.03337904866047,3.29298475943446,1.62743693765971,1374.63993333333,990,690
-3.0416450308613,3.3035044529704,1.62440276350546,1374.6733,990,690
-3.03088674424345,3.30267196093433,1.61568345899789,1374.70666666667,990,690
-3.02288430347054,3.30369676757953,1.60727624286864,1374.74003333333,990,690
-3.02073135700384,3.30614516632427,1.60030527614236,1374.7734,990,690
-3.02055363639652,3.30848688677374,1.59471663342445,1374.80676666667,990,690
-3.0139120727044,3.30502915748964,1.58738724597916,1374.84013333333,990,690
-3.01946130399332,3.30975095820341,1.58180011431773,1374.8735,990,690
-3.00990836201622,3.30887146991663,1.57333084644943,1374.90686666667,990,690
-2.99727288415984,3.30385328622117,1.56381652727473,1374.94023333333,990,690
-2.99371319789606,3.30740910431852,1.55734887892498,1374.9736,990,690
-2.99357715292909,3.31185579182143,1.549850334037,1375.00696666667,990,690
-2.98812416720749,3.31396694844795,1.54304839846814,1375.04033333333,990,690
-2.98072471794275,3.31532996290541,1.532740775635,1375.0737,990,690
-2.98686111846685,3.32418981204665,1.52716492964848,1375.10706666667,990,690
-2.96955770479016,3.31676297491502,1.51568431402999,1375.14043333333,990,690
-2.97005821232292,3.32086781408943,1.5091879388249,1375.1738,990,690
-2.96680382888778,3.32117643452913,1.50014384433936,1375.20716666667,990,690
-2.96025166942775,3.31713536026874,1.49040179465166,1375.24053333333,990,690
-2.9563515404037,3.3151197201764,1.48141985429557,1375.2739,990,690
-2.96098853790637,3.31846829618357,1.47448947018655,1375.30726666667,990,690
-2.95683920989933,3.31778879317132,1.46674513154987,1375.34063333333,990,690
-2.9654076601894,3.32514228074757,1.46084872035578,1375.374,990,690
-2.94339215423669,3.31502138635287,1.44727514096076,1375.40736666667,990,690
-2.9399530482154,3.31462536304619,1.43876877710595,1375.44073333333,990,690
-2.94533396366406,3.31878310291185,1.43324700406078,1375.4741,990,690
-2.93807860601204,3.31745280433159,1.42500429878481,1375.50746666667,990,690
-2.93777328295601,3.31713728370992,1.41881637767914,1375.54083333333,990,690
-2.93679470359866,3.31562872479915,1.41014820996361,1375.5742,990,690
-2.94270140909682,3.31686054545443,1.40329127974823,1375.60756666667,990,690
-2.94259554927881,3.31644231856391,1.39784321290267,1375.64093333333,990,690
-2.94191207975351,3.31615977735224,1.39198021764306,1375.6743,990,690
-1.46339117512349,3.66110011262891,0.987157874030482,1382.0807,991,691
-1.46219310589315,3.65629276826305,0.987518222149215,1382.11406666667,991,691
-1.46675088668744,3.65976968097488,0.988680539373803,1382.14743333333,991,691
-1.46241910306708,3.65439102475669,0.986890025792133,1382.1808,991,691
-1.46149459329204,3.65356494451909,0.98620315632789,1382.21416666667,991,691
-1.45744652732904,3.65251423919371,0.98661095260161,1382.24753333333,991,691
-1.45873587946565,3.65938958524486,0.987102230152629,1382.2809,991,691
-1.45360460404944,3.65670951056458,0.987079216272854,1382.31426666667,991,691
-1.45833886874695,3.66504831226735,0.98908603723846,1382.34763333333,991,691
-1.45749079953368,3.66524194711807,0.990254379323229,1382.381,991,691
-1.45723152015327,3.66196901526186,0.990045240490603,1382.41436666667,991,691
-1.46104876885688,3.66067759646154,0.98961744687171,1382.44773333333,991,691
-1.47268238501799,3.66263687858649,0.988990222188507,1382.4811,991,691
-1.47016866919429,3.64978947365176,0.986108043071849,1382.51446666667,991,691
-1.48298093057888,3.65121451861412,0.983524863715461,1382.54783333333,991,691
-1.48752637413246,3.64610588364318,0.980109767176029,1382.5812,991,691
-1.50181593905076,3.64797477296409,0.976189524682877,1382.61456666667,991,691
-1.50235385523661,3.63489507415161,0.968783063568184,1382.64793333333,991,691
-1.51370834276706,3.63155168159267,0.964074885006303,1382.6813,991,691
-1.52135210434262,3.62136158844391,0.958275120394418,1382.71466666667,991,691
-1.53092818863878,3.6113039161787,0.951073838178812,1382.74803333333,991,691
-1.54741642188899,3.61206137056887,0.947407190153141,1382.7814,991,691
-1.55470868155167,3.60267119728849,0.940940733554694,1382.81476666667,991,691
-1.56669380121798,3.60496270517477,0.936740571006512,1382.84813333333,991,691
-1.57611351858857,3.60572355489716,0.932943675662148,1382.8815,991,691
-1.57670231004471,3.59589377165278,0.929410231847217,1382.91486666667,991,691
-1.59919835269121,3.6033030037688,0.927796030112347,1382.94823333333,991,691
-1.61031873603442,3.59817327931003,0.925044774168555,1382.9816,991,691
-1.62335234945132,3.58831909333862,0.918867219642523,1383.01496666667,991,691
-1.643498309726,3.57948244941535,0.914274529624834,1383.04833333333,991,691
-1.66749336068174,3.56462002110941,0.90487971937587,1383.0817,991,691
-2.61196864246584,1.86859860212391,0.959462749605854,1387.45273333333,992,692
-2.61843745450417,1.85685098092931,0.95785174231268,1387.4861,992,692
-4.70640067971525,-1.2740622855787,1.31557843511403,1388.2869,993,693
-4.71959295387821,-1.28427658141392,1.31025883760239,1388.32026666667,993,693
-4.72803416551501,-1.29101032024593,1.30683856338685,1388.35363333333,993,693
-4.75489110190802,-1.30550972335136,1.30167401915593,1388.387,993,693
-4.75092690313573,-1.30374603351109,1.29570495766141,1388.42036666667,993,693
-4.7442865336759,-1.30033786351134,1.28847703500458,1388.45373333333,993,693
-4.78103685114726,-1.3145093283959,1.2868130107749,1388.4871,993,693
-4.74781455887818,-1.30266502347828,1.27452903011944,1388.52046666667,993,693
-4.79006881898779,-1.31972918588415,1.27422589904267,1388.55383333333,993,693
-4.78783519482675,-1.31693352717706,1.25596329046359,1388.62056666667,994,693
-4.78522166878986,-1.31239283222599,1.24930302228465,1388.65393333333,994,693
-4.78716625336726,-1.31320721829042,1.24178861889432,1388.6873,994,693
-4.80050945530157,-1.3168082722789,1.23433588122759,1388.72066666667,994,693
-4.82481449026408,-1.32440426025191,1.22611555983005,1388.75403333333,994,693
-4.84534558175038,-1.33430152026651,1.21927199367477,1388.7874,994,693
-4.87154771947464,-1.34399368565725,1.21347570620756,1388.82076666667,994,693
-4.85836179106958,-1.33740541857186,1.20207509398692,1388.85413333333,994,693
-4.86516608112892,-1.33983449789185,1.19299830426462,1388.8875,994,693
-4.85858798375943,-1.34221788935003,1.18184536009063,1388.92086666667,994,693
-4.42291043842073,-0.563416084020115,1.29721064756467,1393.05833333333,995,694
-4.39524113873438,-0.550620706143026,1.300596821002,1393.0917,995,694
-4.37904302973688,-0.545186263574358,1.30486648126634,1393.12506666667,995,694
-4.38537717755526,-0.547257482022597,1.31366387932394,1393.15843333333,995,694
-4.36755725052494,-0.540182822290808,1.32122255022902,1393.1918,995,694
-4.32450935965091,-0.5262519559013,1.32101776852897,1393.22516666667,995,694
-4.32220780357283,-0.522602345493446,1.32845572388225,1393.25853333333,995,694
-4.32027423622112,-0.515538414423649,1.33555905596939,1393.2919,995,694
-4.32123389969516,-0.507804983252263,1.34365673251564,1393.32526666667,995,694
-4.31958722362227,-0.498542526595692,1.35279077741814,1393.35863333333,995,694
-4.29222368196403,-0.484174924510669,1.35795041537555,1393.392,995,694
-4.30431111805838,-0.477150977960027,1.36957744428624,1393.42536666667,995,694
-4.27513838027311,-0.46284476188512,1.37298677467855,1393.45873333333,995,694
-4.28306420389372,-0.456721419310636,1.38194790824703,1393.4921,995,694
-4.2672456538149,-0.443538338029714,1.38825923152347,1393.52546666667,995,694
-4.26875804437851,-0.434869989616742,1.39728401586657,1393.55883333333,995,694
-4.24427801478604,-0.414967113380411,1.40176482240641,1393.5922,995,694
-4.25907435856919,-0.405499617566981,1.41284746099917,1393.62556666667,995,694
-4.24623481926445,-0.389509847319649,1.4184445684313,1393.65893333333,995,694
-4.24732565086351,-0.372975120685888,1.42385163497066,1393.6923,995,694
-4.2534501984134,-0.360547435416894,1.43237951926951,1393.72566666667,995,694
-4.23262456308625,-0.33557209658573,1.43349478206335,1393.75903333333,995,694
-4.21696309400429,-0.315883501624618,1.43653345481874,1393.7924,995,694
-1.7682950360105,2.45235164581542,1.31210900214334,1394.32626666667,996,695
-1.76836073131122,2.45056841920747,1.31077046122914,1394.35963333333,996,695
-1.7681546892095,2.44812561164781,1.30890791420927,1394.393,996,695
-1.75797252128231,2.43927563505897,1.30348892988442,1394.42636666667,996,695
-1.75430896360199,2.43328272897494,1.29743906082881,1394.45973333333,996,695
-1.7473355469934,2.42568548665028,1.29016694779406,1394.4931,996,695
-1.74459435736771,2.42109544320562,1.2838304489361,1394.52646666667,996,695
-1.74171225199161,2.41969226644623,1.27879975462481,1394.55983333333,996,695
-1.74111844873913,2.42010055460809,1.27507319560553,1394.5932,996,695
-1.73189553143085,2.41882158568509,1.26953100633831,1394.62656666667,996,695
-1.72305664713358,2.41712836386682,1.26573544035833,1394.65993333333,996,695
-1.72073883178545,2.417946992505,1.26258714441904,1394.6933,996,695
-1.70880903976304,2.41286552033307,1.25595736698038,1394.72666666667,996,695
-1.70408883780609,2.40950385499818,1.24974712606999,1394.76003333333,996,695
-1.70147550645229,2.40722629149747,1.24481939554359,1394.7934,996,695
-1.6988186682545,2.40582947396759,1.23811716673097,1394.82676666667,996,695
-1.69799485839409,2.40500101901704,1.23224378317692,1394.86013333333,996,695
-1.70071142726598,2.40673922648987,1.22752286701552,1394.8935,996,695
-1.69296451473031,2.40508870341981,1.21979520344524,1394.92686666667,996,695
-1.68916855234785,2.40476775974538,1.21504226774617,1394.96023333333,996,695
-1.684086228741,2.40523072766034,1.2104965768241,1394.9936,996,695
-1.68113102205954,2.4066357081327,1.20802218251725,1395.02696666667,996,695
-1.66816787567092,2.4051587104989,1.20461229138217,1395.06033333333,996,695
-1.66267913699627,2.40749831536455,1.20205679436828,1395.0937,996,695
-1.65953505506509,2.4085415235345,1.20137440225247,1395.12706666667,996,695
-1.65366334013458,2.40702088920686,1.19788544405366,1395.16043333333,996,695
-1.64525348089038,2.40754908233408,1.19614098298377,1395.1938,996,695
-1.63713161735082,2.40944336221267,1.193481422065,1395.22716666667,996,695
-1.63657286364872,2.41393001615857,1.19378771857623,1395.26053333333,996,695
-1.63272474283451,2.41533238013511,1.19271173188725,1395.2939,996,695
-1.63044086731252,2.4161618512458,1.19163822680762,1395.32726666667,996,695
-1.63630349261241,2.41808562662381,1.19298792389409,1395.36063333333,996,695
-4.88652348346478,3.18327190143142,1.35752411213276,1400.8995,997,696
-2.44503491672672,4.63087144777927,0.935863003162819,1416.28153333333,998,697
-1.92319025962149,4.86238336714572,0.677185394210912,1419.28453333333,999,698
-1.91997813122975,4.87644817707742,0.676818451594132,1419.3179,999,698
-1.91206732690541,4.88210308566117,0.677394636547818,1419.35126666667,999,698
-1.89400543457445,4.8744740597816,0.676453003436335,1419.38463333333,999,698
-1.89033184600966,4.88520874131296,0.67743720956772,1419.418,999,698
-1.88949685881478,4.89042913270426,0.676346382065651,1419.45136666667,999,698
-1.87520682032179,4.88061095944816,0.674268105100081,1419.48473333333,999,698
-1.88356283613616,4.89499998276698,0.672995095137569,1419.5181,999,698
-1.88865402152349,4.90368887963874,0.672795031300793,1419.55146666667,999,698
-1.88735331048504,4.9018131043767,0.670898922181639,1419.58483333333,999,698
-1.88838423876097,4.90361963841169,0.668813609262789,1419.6182,999,698
-1.87938374579122,4.88805462541548,0.66814675388478,1419.65156666667,999,698
-1.88932006056962,4.90520950184847,0.664950331966121,1419.68493333333,999,698
-1.90797157442717,4.92968452149479,0.661668774603251,1419.7183,999,698
-1.89391093756582,4.91313401509551,0.657610747420054,1419.75166666667,999,698
-1.91173800630919,4.93984440257206,0.655445689401301,1419.78503333333,999,698
-1.90768638967638,4.93843266708045,0.652458806673658,1419.8184,999,698
-1.92389116826975,4.96780024345916,0.641970231339164,1419.88513333333,1000,698
-1.91495989911109,4.96314177466776,0.636659119978453,1419.9185,1000,698
-1.90311330661843,4.95203472953,0.631805545190691,1419.95186666667,1000,698
-0.943859320294969,5.21686268502426,0.29390224468129,1423.65556666667,1001,699
-0.938548312201882,5.21273652458668,0.284406967738235,1423.68893333333,1001,699
-0.935983211529821,5.21570922616544,0.276292386145671,1423.7223,1001,699
-0.925427636620718,5.19694653467804,0.270323505816742,1423.75566666667,1001,699
-0.917611546357994,5.19373634419905,0.262466957186646,1423.78903333333,1001,699
-0.91791900535109,5.19784568635776,0.255187318030676,1423.8224,1001,699
-0.916420923334947,5.20506834682487,0.245301015635975,1423.85576666667,1001,699
-0.903614831559387,5.18836079176547,0.237429834747637,1423.88913333333,1001,699
-0.882937732412738,5.16243468892744,0.231352521622013,1423.9225,1001,699
-0.877676037150506,5.16997073684347,0.225961517263739,1423.95586666667,1001,699
-0.865458870559471,5.15945079864574,0.221609274374569,1423.98923333333,1001,699
-0.850022460017962,5.14412269634521,0.220321784469654,1424.0226,1001,699
-0.835692183615615,5.13063751887827,0.218355825286907,1424.05596666667,1001,699
-0.803602105993049,5.08391045328295,0.218975998231605,1424.08933333333,1001,699
-0.80154321503069,5.10402526990357,0.214955284020988,1424.1227,1001,699
-0.79390602225363,5.11123390691527,0.211224855392417,1424.15606666667,1001,699
-0.768439926424146,5.07080518268774,0.214463752200224,1424.18943333333,1001,699
-0.772212942707423,5.11037645499508,0.208812924607091,1424.2228,1001,699
-0.756217887259149,5.10326045678667,0.208460484012997,1424.25616666667,1001,699
-0.0711509020872428,5.26057434275701,0.951274289863291,1427.8264,1002,700
-0.0751481358892978,5.27245462667158,0.9533552278807,1427.85976666667,1002,700
-0.0719166723646359,5.24737071046772,0.951953786377592,1427.89313333333,1002,700
-0.0708368362059372,5.2341949796313,0.949603731498122,1427.9265,1002,700
-0.0765281320620912,5.24667451692212,0.949842785886672,1427.95986666667,1002,700
-0.0738654010905097,5.23521093530543,0.945767086473779,1427.99323333333,1002,700
-0.0772870442229749,5.24439317725799,0.943560768931891,1428.0266,1002,700
-0.0705837579375831,5.20710163468668,0.936364817986315,1428.05996666667,1002,700
-0.0844271994780771,5.25312943759019,0.935361302266814,1428.09333333333,1002,700
-0.0857192783834295,5.24587193440491,0.929794674267661,1428.1267,1002,700
-0.0822535100971279,5.23311124083128,0.924311378739295,1428.16006666667,1002,700
-0.0800551360359174,5.22094062383013,0.917084306746699,1428.19343333333,1002,700
-0.0722339311536201,5.18212935344826,0.9077085312799,1428.2268,1002,700
-0.0751101792704777,5.17765595026479,0.900370830800381,1428.26016666667,1002,700
-0.0791698598316454,5.16982071616414,0.892582629274138,1428.29353333333,1002,700
-0.0813288572434382,5.16144545490383,0.884247215306028,1428.3269,1002,700
-0.0839488819844902,5.15284406535439,0.877921726387557,1428.36026666667,1002,700
-0.0838559706796368,5.13236672196323,0.868875657181738,1428.39363333333,1002,700
-0.0844667540211093,5.13997908891056,0.860607181595172,1428.427,1002,700
7.14155330598805,10.2673907326496,0.0444457039981849,1427.9265,1003,701
2.9958204995429,7.06174687698597,0.444821909253326,1437.2358,1004,702
3.04365586125547,7.11911103201208,0.43928854717841,1437.30253333333,1005,702
2.97623054854451,6.93262319815407,0.445452724380483,1437.3359,1005,702
3.10685423068908,7.23641919265808,0.439639692262775,1437.36926666667,1006,702
3.02212496894922,6.99637529660633,0.445218557519399,1437.40263333333,1006,702
3.10389994729853,7.12191496722414,0.452115526686925,1437.50273333333,1007,702
4.52501219346604,7.8148837664768,0.340059128531238,1441.80703333333,1008,703
4.54660040989084,7.82874579724484,0.342213457061224,1441.8404,1008,703
5.10565693535683,7.10958797522995,0.333394208374973,1445.7443,1009,704
5.15090191807196,7.13584173818419,0.340898237004029,1445.8444,1010,704
5.15698531198012,7.10897304490685,0.344785125325498,1445.9445,1011,704
5.09689260846142,6.97071406259937,0.341025760287122,1446.07796666667,1012,704
5.13166116035863,6.99590601179302,0.33966026080536,1446.11133333333,1012,704
5.20008019643513,7.06449121963209,0.33832236035002,1446.1447,1012,704
0.858388154193215,1.59311791932708,0.579376063813942,1488.55373333333,1013,705
5.56084021955508,15.4804588209653,0.500776502188017,1488.5871,1014,706
0.99868947836005,0.955289801182459,0.645287860383672,1491.7903,1015,707
-2.73593909421527,-9.11019694890495,2.24527823167123,1503.4019,1016,708
-2.66854675357103,-8.8752260560098,2.20687283772949,1503.43526666667,1016,708
-2.5688544541182,-8.13316342318271,1.82989154591826,1506.7052,1017,709
-2.54205225226724,-7.9953876092656,1.80897621712665,1506.73856666667,1017,709
-11.6930110338716,-2.77474361148541,1.50621296051582,1516.44826666667,1018,710
-11.5685520023114,-2.73044048680402,1.50964483395648,1516.48163333333,1018,710
12.1845421521162,1.82107433293602,1.31934643974147,1518.3168,1019,711
12.1569502376341,1.80041419089948,1.32446222095094,1518.35016666667,1019,711
-10.8295894101022,-0.774519965396427,1.47008228712472,1523.3218,1020,712
1.62163993091298,-4.80495376853914,1.73609708480747,1532.39753333333,1021,713
1.60270981353624,-4.80322238387165,1.73007430727527,1532.4309,1021,713
1.59313059486584,-4.8686891017722,1.73833569905291,1532.46426666667,1021,713
-0.710078688764472,-3.2156381543804,1.41856654759364,1536.76856666667,1022,714
-0.769505004460516,-3.26808290416897,1.42749770715421,1536.80193333333,1022,714
-0.789362103901692,-3.21401304174631,1.416812633795,1536.8353,1022,714
5.26014190840636,1.34043042954485,2.59402734802174,1539.07086666667,1023,715
5.17743814600361,1.36721265969207,2.58267770485049,1539.10423333333,1023,715
5.12836975662771,1.41023061951101,2.59792548508049,1539.1376,1023,715
5.01228232790064,1.4403271630327,2.57851358937376,1539.17096666667,1023,715
4.94476094295676,1.47613581747296,2.58095489479903,1539.20433333333,1023,715
4.85340643693916,1.51084252246481,2.57370600266797,1539.2377,1023,715
4.78597953586445,1.54552991838468,2.57542985137546,1539.27106666667,1023,715
4.6989455438396,1.57927223273848,2.56824084434278,1539.30443333333,1023,715
4.61977712382947,1.61613251798472,2.56514948530161,1539.3378,1023,715
4.53186082349372,1.65110928205203,2.55806038073881,1539.37116666667,1023,715
4.45887405579641,1.68690929992924,2.55542684405284,1539.40453333333,1023,715
4.38516764380248,1.7229466758476,2.55182186860158,1539.4379,1023,715
4.30683532711951,1.75763270853301,2.54363928067778,1539.47126666667,1023,715
4.23593165078176,1.79342024420845,2.54011422101797,1539.50463333333,1023,715
4.17445440538511,1.82742782227076,2.54090117120219,1539.538,1023,715
4.09299150739832,1.85705118175796,2.5310966789257,1539.57136666667,1023,715
4.03484482738402,1.88939444968696,2.53563985518184,1539.60473333333,1023,715
3.95048729967023,1.91618503923931,2.5243101843295,1539.6381,1023,715
3.88562354709758,1.94682133632461,2.52433265528218,1539.67146666667,1023,715
3.81612042141299,1.97694375618734,2.523212648245,1539.70483333333,1023,715
3.73321533153892,2.00363163802006,2.5135481025288,1539.7382,1023,715
3.67932321366706,2.03442201076681,2.51983153656962,1539.77156666667,1023,715
6.02189965426908,13.7686440554945,1.15399913965235,1559.92503333333,1024,716
6.0649659693904,13.8386407681405,1.17664295010709,1559.9584,1024,716
-13.5263844078287,0.501250507435174,1.58873632817265,1561.39316666667,1025,717
3.05184847322257,6.83877179822752,0.593104529258405,1567.09886666667,1026,718
2.98965640854638,6.69335497785858,0.588869624226213,1567.13223333333,1026,718
3.02455589285442,6.77968717496464,0.582984081639516,1567.1656,1026,718
2.96683092291506,6.64622242934477,0.577857120424638,1567.19896666667,1026,718
3.11989705922632,3.20992222578279,0.842245861642976,1572.63773333333,1027,719
3.10997401932211,3.19478795373234,0.849091942030338,1572.6711,1027,719
3.1007160987972,3.17995793110489,0.856382425844759,1572.70446666667,1027,719
3.08732174499307,3.16067372107037,0.862683191239748,1572.73783333333,1027,719
3.0798715912983,3.14380117188201,0.86987573051402,1572.7712,1027,719
2.62960301079317,1.79076516529778,0.883942941981281,1575.54063333333,1028,720
2.61534289791103,1.78006432727584,0.883878761051919,1575.574,1028,720
2.59397218113429,1.76814108075509,0.883232785418609,1575.60736666667,1028,720
2.56819600756746,1.75575330279461,0.882244459312846,1575.64073333333,1028,720
2.5449305881337,1.74629631263711,0.882796724567864,1575.6741,1028,720
2.07734190184856,-0.164973698998821,1.05066140872049,1578.51026666667,1029,721
2.06844969132756,-0.215172162556946,1.0713876499935,1578.577,1030,721
-1.81022549933736,-1.23868767081855,1.07460701546445,1581.8803,1031,722
-1.81791908211598,-1.2432054586342,1.0555138662126,1581.91366666667,1031,722
-1.82346629671299,-1.24776908433747,1.03961031928726,1581.94703333333,1031,722
-1.85038532147075,-1.27031861615541,1.02437101381966,1581.9804,1031,722
-1.61813883916128,-1.3696445615876,0.637288377094534,1609.07413333333,1032,723
-1.62685848617522,-1.37887008244691,0.636493992869487,1609.1075,1032,723
-1.62604540556601,-1.37823143447285,0.636571478795487,1609.14086666667,1032,723
-1.63003617053011,-1.38330022435795,0.637308774011753,1609.17423333333,1032,723
-1.63505786991487,-1.38676358454773,0.637532801771537,1609.2076,1032,723
-1.63460198840686,-1.38617420960859,0.637905597553309,1609.24096666667,1032,723
-1.62610667063565,-1.37680779203163,0.637246214123639,1609.27433333333,1032,723
-1.62776819661805,-1.38005444124311,0.638518743473178,1609.3077,1032,723
-1.62596039778981,-1.37662987929256,0.638085385441642,1609.34106666667,1032,723
-1.62851116538862,-1.37980392980824,0.636462572342637,1609.37443333333,1032,723
-1.62573279711187,-1.37641327843551,0.636091061840961,1609.4078,1032,723
-1.62123088106041,-1.37551605790017,0.635433215896605,1609.44116666667,1032,723
-1.63424306604281,-1.38699273478019,0.637135913878269,1609.47453333333,1032,723
-1.63807529356516,-1.38981651254776,0.636393857046099,1609.5079,1032,723
-1.62560429841124,-1.37936358995552,0.637147509634366,1609.54126666667,1032,723
-1.63152322548614,-1.38355438384947,0.636958150459649,1609.57463333333,1032,723
-1.61548464286594,-1.3683292163088,0.637657399605848,1609.608,1032,723
7.03008003241417,10.12366493577,0.0493954795892378,1610.44216666667,1033,724
7.15669274462903,10.311120008612,0.0359633390548216,1612.7111,1034,725
16.0305597108143,-8.87618971784501,2.32796639446277,1619.78483333333,1035,726
7.15669274462903,10.311120008612,0.0359633390548216,1621.38643333333,1036,727
-3.17496626286393,2.06606247829025,1.2052564438026,1624.48953333333,1037,728
-3.1864104064059,2.06443766106463,1.21443391681656,1624.5229,1037,728
-3.18154369711921,2.06110633558608,1.22219918233468,1624.55626666667,1037,728
-3.1869196102822,2.06195117334382,1.22970684679559,1624.58963333333,1037,728
-3.18860077512981,2.06144027092406,1.23924514559485,1624.623,1037,728
-3.19388006609912,2.06000791164244,1.24690902368686,1624.65636666667,1037,728
-3.19519576445703,2.05216504225362,1.2641046069897,1624.7231,1038,728
-3.19692154596624,2.04641512230817,1.27160598021814,1624.75646666667,1038,728
-3.20923349326659,2.04790841277931,1.27874768311161,1624.78983333333,1038,728
-3.21935733452543,2.04619199362727,1.2894928963256,1624.8232,1038,728
-3.2069658052501,2.03829291096729,1.29456549311782,1624.85656666667,1038,728
-3.20952957408042,2.03930795660666,1.29886616957414,1624.88993333333,1038,728
-3.2121320597507,2.03468293004927,1.30723056007664,1624.9233,1038,728
-2.61849618625241,1.97284839828717,1.07668269819141,1629.5279,1039,729
-2.62828410248802,1.95653867892625,1.08793956523798,1629.56126666667,1039,729
-2.63883889576184,1.93953875755188,1.09835402612368,1629.59463333333,1039,729
-0.96029533542334,-6.19587326121676,2.29323139763998,1631.49653333333,1040,730
-0.988959350457986,-6.10558682406316,2.28182639943766,1631.5299,1040,730
-1.08082054523113,-6.24349430285485,2.32812856691319,1631.56326666667,1040,730
-1.12085338633519,-6.18458322177881,2.32419109066972,1631.59663333333,1040,730
-1.0061242967319,-5.53843954490004,2.18103437093666,1631.63,1041,730
-4.83950211439,-1.69931947109734,2.12175403511714,1635.26696666667,1042,731
-4.82295750978206,-1.68103254848862,2.12368080687462,1635.30033333333,1042,731
-4.81550834269621,-1.67267084880548,2.1312969324596,1635.3337,1042,731
-4.80601730893612,-1.65810967148412,2.13413271918415,1635.36706666667,1042,731
-2.84503986021651,1.25002992540341,1.41655498942862,1639.17086666667,1043,732
-2.82390880018973,1.25250085440866,1.4211194204158,1639.20423333333,1043,732
-2.80761629136959,1.25355914885053,1.42833640280736,1639.2376,1043,732
-2.79356795564208,1.25183623011645,1.43651611026992,1639.27096666667,1043,732
-2.77713872455311,1.25087258456641,1.44125894854292,1639.30433333333,1043,732
-2.76378739847812,1.24837267166608,1.44691556093415,1639.3377,1043,732
4.38530926422257,1.64498066789473,0.613498752657827,1644.27596666667,1044,733
4.9142532372869,1.64037874124553,0.622333010570462,1644.3427,1045,733
4.78360083049563,1.6518243457546,0.617718937041863,1644.40943333333,1046,733
5.23964885885166,1.64940608007362,0.625696355971473,1644.47616666667,1048,733
4.97896038058844,1.64014571343614,0.622819790985552,1644.50953333333,1048,733
3.3576972456254,1.64039543904625,0.608492427552252,1644.4428,1047,734
-14.9768557191673,-6.99896580512686,1.89491543085894,1654.78646666667,1049,735
-11.7509341381396,-8.18164944921605,2.00396066801288,1654.78646666667,1050,736
-12.2357873738232,-8.17749476010674,2.01568612753217,1654.81983333333,1051,736
-12.5843429058779,-8.07501502650786,2.01020196217669,1654.8532,1052,736
-10.0103636327041,1.61182240345631,0.814967163818472,1656.9553,1053,737
-6.42735203373222,1.27663960489879,0.759004830227944,1656.98866666667,1054,738
-6.65225705368825,1.29770627222417,0.767738400304172,1657.02203333333,1054,738
-6.89207666939036,1.32116276857225,0.769495756852751,1657.0554,1054,738
0.484920458193244,4.38164989218829,1.20441464693533,1657.18886666667,1055,739
0.485412906655795,4.40029358782391,1.20152159070044,1657.22223333333,1055,739
0.490918626207809,4.38581074913027,1.19228487074568,1657.2556,1055,739
0.493768805376739,4.39849482598751,1.18681012558422,1657.28896666667,1055,739
0.498446995585081,4.41159703251384,1.1835230162359,1657.32233333333,1055,739
0.503352656016764,4.40531420541984,1.17769686229831,1657.3557,1055,739
0.507777519480239,4.40697256992121,1.17478568832228,1657.38906666667,1055,739
0.511704096590276,4.40740214595588,1.17409252087566,1657.42243333333,1055,739
0.512023995395225,4.41610167951576,1.17612244290276,1657.4558,1055,739
0.515526433809578,4.41004143071787,1.17654180010958,1657.48916666667,1055,739
0.51670762304913,4.42850115508952,1.18222945782154,1657.52253333333,1055,739
0.520422524015764,4.41046049568369,1.18072887778892,1657.5559,1055,739
0.52131060754893,4.41615554679616,1.18557092866017,1657.58926666667,1055,739
0.52632636741205,4.39315394580545,1.1837799547693,1657.62263333333,1055,739
0.529486172374268,4.3914324638085,1.18539345451262,1657.656,1055,739
0.53201623755476,4.39254359015827,1.18759738849152,1657.68936666667,1055,739
0.537444256467747,4.39374886237766,1.18856346085526,1657.72273333333,1055,739
0.540623125964307,4.38905654483606,1.18632056271887,1657.7561,1055,739
0.545572349226687,4.39548642031933,1.18577089835113,1657.78946666667,1055,739
0.552922383563195,4.38326267713663,1.17964455440758,1657.82283333333,1055,739
0.557244090405981,4.39736028596595,1.17818958134228,1657.8562,1055,739
0.564572828464362,4.41191350647382,1.17479905318416,1657.88956666667,1055,739
-2.47513993084967,-0.943899669156581,1.30865077608728,1658.8572,1056,740
-2.4779596972626,-0.952680661055945,1.30557365350225,1658.89056666667,1056,740
-2.46704096512195,-0.954654321135264,1.29956867263076,1658.92393333333,1056,740
-2.46965444993863,-0.966029915002498,1.29612882195066,1658.9573,1056,740
-2.46021305124216,-0.969918979802754,1.29151502771497,1658.99066666667,1056,740
-2.45952592075935,-0.977118576335222,1.28785271632839,1659.02403333333,1056,740
-2.4636291547544,-0.987866123500939,1.28723650640654,1659.0574,1056,740
-2.45835979370409,-0.991103297262819,1.28379172597283,1659.09076666667,1056,740
-2.46330577376115,-1.00222970328212,1.28431827688431,1659.12413333333,1056,740
-2.47159503601959,-1.01301363782429,1.2837228713673,1659.1575,1056,740
-2.4646491333236,-1.01701165420829,1.28122421877317,1659.19086666667,1056,740
-2.47204829048402,-1.02719487453535,1.28131784611336,1659.22423333333,1056,740
-2.45764340595575,-1.02382820560309,1.27769857616287,1659.2576,1056,740
-2.45542738100553,-1.02931393481091,1.2745902249118,1659.29096666667,1056,740
-2.45647485437081,-1.03748519502998,1.27467121732289,1659.32433333333,1056,740
-2.46505390284935,-1.04799763359458,1.27344791429756,1659.3577,1056,740
-2.46857679120198,-1.05530924760951,1.27481135993474,1659.39106666667,1056,740
-2.46061245970853,-1.05576227949875,1.272156384962,1659.42443333333,1056,740
-2.45717557101881,-1.05998390251432,1.27071635669746,1659.4578,1056,740
-2.46858756556985,-1.07363508925078,1.27053575967064,1659.49116666667,1056,740
-2.46859260827608,-1.07845748429968,1.26865792904533,1659.52453333333,1056,740
-2.47323391292555,-1.08637198271157,1.26753843582484,1659.5579,1056,740
-2.46761701260793,-1.08731558971921,1.26411026961248,1659.59126666667,1056,740
-2.47698388389722,-1.10142519522318,1.26212999230817,1659.62463333333,1056,740
-6.51295571481708,-0.75193532137209,1.18691538947907,1660.92593333333,1057,741
-6.50170289399524,-0.748360007002114,1.18248666372764,1660.9593,1057,741
-6.53873332068242,-0.755413216746328,1.18422629888033,1660.99266666667,1057,741
-6.52282900700637,-0.746701195347675,1.1775927262082,1661.02603333333,1057,741
-6.57364831272351,-0.750660392885089,1.18139130558237,1661.0594,1057,741
-6.56785004499433,-0.742751217628875,1.17659221931862,1661.09276666667,1057,741
-5.62808405653727,-1.74532212998163,1.47801050288567,1667.39906666667,1058,742
-5.60424553354221,-1.72875808280577,1.46912785050225,1667.43243333333,1058,742
-5.61331069535545,-1.73302600799239,1.46454602212605,1667.4658,1058,742
-5.66084048951356,-1.7528534567343,1.46317054382481,1667.49916666667,1058,742
-5.60507373479658,-1.72522726688158,1.44630308478065,1667.53253333333,1058,742
-5.62038596253679,-1.73003221206715,1.43743117437167,1667.5659,1058,742
-5.62910359939126,-1.73331605958058,1.42843763763508,1667.59926666667,1058,742
-5.64510109585952,-1.73715162608072,1.42265512102255,1667.63263333333,1058,742
-5.63922192919763,-1.72771103737603,1.41869950027593,1667.666,1058,742
-5.65525340184114,-1.73002005521697,1.41679774858759,1667.69936666667,1058,742
-5.61672838097707,-1.71018987456992,1.40624696924921,1667.7661,1060,742
-5.58250114055826,-1.69920954559107,1.38686526524081,1667.93293333333,1062,742
-0.832756889415102,0.760530125809687,0.69636332928747,1667.73273333333,1059,743
3.6686966481529,7.36258386983744,1.12001516230437,1667.89956666667,1061,744
3.75038293326934,7.51635875349418,1.13747332203271,1667.93293333333,1061,744
3.73735212478476,7.47516277138192,1.1440657630629,1667.9663,1061,744
3.70466998466499,7.39064615487084,1.14635665086983,1667.99966666667,1061,744
3.74675977960217,7.48064704505062,1.1670631432731,1668.03303333333,1061,744
3.7485187699197,7.47911445801131,1.21647311396923,1668.1665,1063,744
3.717441557683,7.41673820854557,1.22527015070271,1668.19986666667,1063,744
3.75908711740732,7.50616873848378,1.2452595475653,1668.23323333333,1063,744
3.81148385880024,7.60793850107422,1.25970860397998,1668.2666,1063,744
3.90597990540693,7.79026984529453,1.28057182308282,1668.29996666667,1063,744
3.85021360404205,7.67711735079216,1.26715922305128,1668.33333333333,1063,744
-4.49971943414741,-1.43617640123385,1.07891761899414,1673.93893333333,1064,745
-4.48771236871517,-1.42742154615947,1.08653210061907,1673.9723,1064,745
-4.49265121121934,-1.42319304902477,1.09049939253013,1674.00566666667,1064,745
-4.51221234776556,-1.4276300844191,1.0991242769712,1674.03903333333,1064,745
-4.51111979827737,-1.42001530657939,1.10299374598428,1674.0724,1064,745
-4.5188616172475,-1.41853755043555,1.10639821308903,1674.10576666667,1064,745
-4.53790167381112,-1.41846015610093,1.11220208182043,1674.13913333333,1064,745
-4.52241129468035,-1.41084244897181,1.11315478780574,1674.1725,1064,745
-4.53382808069583,-1.41243214975848,1.11582242081629,1674.20586666667,1064,745
-4.52695220029468,-1.40625970239474,1.11711464819438,1674.23923333333,1064,745
-4.518825205146,-1.39840252343295,1.11609472955884,1674.2726,1064,745
-4.55578700334116,-1.41026477601736,1.12231460837451,1674.30596666667,1064,745
-4.57119945609875,-1.41171007738388,1.12527947567044,1674.33933333333,1064,745
-4.51807853503262,-1.38189944800874,1.11731711809372,1674.3727,1064,745
-4.54894153019809,-1.38480419917393,1.12139865098737,1674.40606666667,1064,745
-4.56424938810264,-1.38616886117612,1.11795584418375,1674.43943333333,1064,745
-4.55427625499252,-1.38079893845501,1.11581373955024,1674.4728,1064,745
-4.55712891844157,-1.37887815452828,1.11055921791549,1674.50616666667,1064,745
-4.56825142231115,-1.3851130965375,1.1117056972439,1674.53953333333,1064,745
0.0174002272558272,1.52944272239996,1.49001080074495,1675.4738,1065,746
0.028554551117821,1.52411155000647,1.4922132469565,1675.50716666667,1065,746
0.0445898596221701,1.51620523348862,1.49412490269929,1675.54053333333,1065,746
0.0631286302134874,1.50661251456213,1.49602582052277,1675.5739,1065,746
0.0832831044888813,1.49629241231252,1.4980524722408,1675.60726666667,1065,746
0.104329373183938,1.48678470551821,1.50128109098913,1675.64063333333,1065,746
0.125186268402889,1.4757437498737,1.50458913368481,1675.674,1065,746
0.144570975583548,1.46347535639664,1.50946310662493,1675.70736666667,1065,746
0.162079928471748,1.45058382334091,1.51575315310008,1675.74073333333,1065,746
0.179896998252111,1.43603899353517,1.52068944540081,1675.7741,1065,746
0.194705002307727,1.42137076849552,1.52683596123916,1675.80746666667,1065,746
0.208671452988096,1.40665106943374,1.53478824207641,1675.84083333333,1065,746
0.222354871266653,1.39406689943867,1.5420826621824,1675.8742,1065,746
0.235738607860517,1.38224526043314,1.54915451507052,1675.90756666667,1065,746
0.247209701860438,1.37140364418671,1.55696700787898,1675.94093333333,1065,746
0.256144745760191,1.36054622973057,1.56672373421824,1675.9743,1065,746
0.265766432120191,1.3481329400481,1.574795809733,1676.00766666667,1065,746
0.275184904225145,1.33523271412336,1.58227375489578,1676.04103333333,1065,746
0.284137830950035,1.32321462162303,1.58908334905994,1676.0744,1065,746
0.292028319179155,1.31151802818817,1.59530957783748,1676.10776666667,1065,746
0.29857116675119,1.30177146307349,1.60091945771017,1676.14113333333,1065,746
0.305681356685336,1.29357732119119,1.60547310408955,1676.1745,1065,746
0.311537611256281,1.28759774161797,1.61040737546393,1676.20786666667,1065,746
0.316870612353665,1.28295462737655,1.61461512479481,1676.24123333333,1065,746
0.320907909436229,1.27866215326263,1.619078492519,1676.2746,1065,746
0.323713437515184,1.27648749521285,1.62377758007161,1676.30796666667,1065,746
0.327418014535988,1.27546494589094,1.62782004535975,1676.34133333333,1065,746
0.331478703770582,1.2765705225883,1.63110978381482,1676.3747,1065,746
0.334851374134257,1.27908306033921,1.63318914599893,1676.40806666667,1065,746
0.337436347586443,1.28265891879851,1.63550918320717,1676.44143333333,1065,746
0.338927301933897,1.28702708248889,1.63667151962178,1676.4748,1065,746
0.341072809555314,1.29144918963772,1.63711303731804,1676.50816666667,1065,746
0.341271113394868,1.29915979348236,1.63690281092919,1676.54153333333,1065,746
0.34102816848955,1.30794905281773,1.63572304234213,1676.5749,1065,746
0.341418101594307,1.31561962789947,1.63308494826254,1676.60826666667,1065,746
0.342258083485671,1.32240247445827,1.62872173244182,1676.64163333333,1065,746
0.342936591822218,1.33019490349659,1.62385998795416,1676.675,1065,746
6.82798710990098,7.54948624666959,1.83929692739957,1678.20986666667,1066,747
3.99544338060336,3.15783805888766,1.07603930667022,1685.55053333333,1067,748
3.99689764629826,3.15208981444399,1.08147279235895,1685.5839,1067,748
4.00483797641386,3.15169915376315,1.08767944245363,1685.61726666667,1067,748
4.00877486730555,3.14660773281552,1.09234072544416,1685.65063333333,1067,748
4.01049290197551,3.13999465732697,1.0962610741914,1685.684,1067,748
4.01763890748324,3.14009821049245,1.10337234073888,1685.71736666667,1067,748
4.02494266927312,3.13859938074673,1.11088194939702,1685.75073333333,1067,748
4.01498365302515,3.12889075849817,1.11292027168271,1685.7841,1067,748
4.00929818124695,3.12285544815958,1.11765002347119,1685.81746666667,1067,748
4.02099327679091,3.12766027657791,1.12654384528621,1685.85083333333,1067,748
4.01623934963371,3.12573309630035,1.13193588829192,1685.8842,1067,748
4.01058666655517,3.12506695139968,1.13292585693135,1685.91756666667,1067,748
4.01526116726536,3.12928225026771,1.13847256608091,1685.95093333333,1067,748
3.98097876565742,3.11802523126358,1.13776832173331,1686.01766666667,1068,748
3.99507855999551,3.13242242440349,1.14304819441292,1686.05103333333,1068,748
4.00025364434685,3.15257130321809,1.14539813554507,1686.11776666667,1069,748
3.97533294345206,3.14632094277382,1.1370614197705,1686.15113333333,1069,748
3.95349295909082,3.16165364515034,1.12744320187919,1686.25123333333,1070,748
5.18103644495944,14.0407916911214,0.827586843480822,1688.85383333333,1071,749
5.07365733156762,13.7775121821355,0.80182685804169,1688.8872,1071,749
5.34450195206488,14.6058616741284,0.810605036389077,1688.92056666667,1072,749
4.97729552332126,13.7259926475332,0.758344335898386,1689.02066666667,1073,749
5.11653414944534,14.4416137178713,0.728145496006107,1689.1875,1074,749
5.2445512295619,2.77136572953579,0.723038580912722,1690.42206666667,1075,750
5.27478301907327,2.77561027210287,0.727356505647886,1690.45543333333,1075,750
5.26017332814518,2.76557813333442,0.732819991357626,1690.4888,1075,750
5.27600739572973,2.76528112444182,0.738417111668961,1690.52216666667,1075,750
5.2695968906949,2.75658931525593,0.745856660977003,1690.55553333333,1075,750
5.27497330816031,2.7493532688524,0.751874388333761,1690.5889,1075,750
5.27703686717029,2.74057005867356,0.759759261681953,1690.62226666667,1075,750
5.25631489768946,2.72487856864139,0.76845185662612,1690.65563333333,1075,750
5.29387290964492,2.71284943656354,0.791054796624197,1690.72236666667,1076,750
5.26852318920947,2.69391493155862,0.7989680112812,1690.75573333333,1076,750
5.30303392031466,2.69114750383423,0.80773231724747,1690.7891,1076,750
5.29298951034722,2.67700979691345,0.819465390482482,1690.82246666667,1076,750
5.29945289163243,2.66699167843726,0.829760589718698,1690.85583333333,1076,750
5.32477037417205,2.66502716295789,0.84104318304223,1690.8892,1076,750
-2.83300212906988,1.32738375321173,0.969713359550671,1691.65663333333,1077,751
-2.83341775370015,1.32833456407424,0.976982928315934,1691.69,1077,751
-2.82585077838513,1.32859905968989,0.983026412878294,1691.72336666667,1077,751
-2.8264709100753,1.32873381803428,0.988636572840617,1691.75673333333,1077,751
-2.82485604353429,1.32841843791856,0.994329158332748,1691.7901,1077,751
-2.825663664786,1.3285525751288,1.00072329811736,1691.82346666667,1077,751
-2.81318021685649,1.3276459703867,1.0059179054768,1691.85683333333,1077,751
-2.82025877657488,1.32880734816307,1.01263913525414,1691.8902,1077,751
-2.81601139939812,1.32649381189491,1.01668195306201,1691.92356666667,1077,751
-2.81087275261582,1.32333485153587,1.01964874351092,1691.95693333333,1077,751
-2.82345099905328,1.32036993300926,1.02400070591849,1691.9903,1077,751
-2.82326703581582,1.31708817837958,1.02788811483366,1692.02366666667,1077,751
-2.82172243474524,1.31657592527865,1.03093894288515,1692.05703333333,1077,751
-2.82537590617289,1.31635810566086,1.03380376013912,1692.0904,1077,751
-2.82905954021185,1.31823793780267,1.03593396413242,1692.12376666667,1077,751
-2.83068251061034,1.3189977712391,1.03678045206151,1692.15713333333,1077,751
-2.8213398208861,1.32125306536281,1.03633834108192,1692.1905,1077,751
-2.82272481428054,1.32364466878869,1.03618360019752,1692.22386666667,1077,751
6.27186025027711,11.9236856453785,0.797499879151553,1694.25923333333,1078,752
-2.19301762621474,-1.89847835185233,1.43544970087862,1699.86483333333,1079,753
-2.19355564764307,-1.91606550414826,1.43516698054388,1699.8982,1079,753
-2.19597483148157,-1.93736135741303,1.43392025557692,1699.93156666667,1079,753
-2.19402230046278,-1.9555951959942,1.42998446343014,1699.96493333333,1079,753
-2.19257122736882,-1.96713266665947,1.42789218670604,1699.9983,1079,753
0.3069967752284,4.63068621471884,1.20851077907067,1702.3006,1080,754
0.309593662467759,4.63117949438848,1.20979288905069,1702.33396666667,1080,754
0.307862011697737,4.65118306771228,1.21288207223117,1702.36733333333,1080,754
0.312172909964101,4.6497064609885,1.21195652931218,1702.4007,1080,754
0.315546128478697,4.63462417251517,1.20829958751289,1702.43406666667,1080,754
0.31483236349506,4.64939848559843,1.21110704096657,1702.46743333333,1080,754
0.315219257347317,4.66549939983331,1.21204314505674,1702.5008,1080,754
0.316398660727498,4.6562884099759,1.20832669223401,1702.53416666667,1080,754
0.312960953655374,4.68082105677964,1.20999579984093,1702.56753333333,1080,754
0.314051665190088,4.6747568870791,1.20731635499246,1702.6009,1080,754
0.317131277498562,4.66798128638391,1.20364406318811,1702.63426666667,1080,754
0.318682258523142,4.67617142724515,1.2026896027446,1702.66763333333,1080,754
0.322660967448027,4.68257027370927,1.20186407924799,1702.701,1080,754
0.328014096526683,4.66489876929807,1.19693880934637,1702.73436666667,1080,754
0.326975061955299,4.69506257452771,1.20043825714036,1702.76773333333,1080,754
0.328485025227365,4.70441487946417,1.19934458556363,1702.8011,1080,754
0.327411418918319,4.72028879611495,1.19864218526111,1702.83446666667,1080,754
0.325129403146611,4.7253774419863,1.19841247437856,1702.86783333333,1080,754
0.33165685354477,4.71474087942072,1.19299262897175,1702.9012,1080,754
0.332087623557151,4.72331799811745,1.19439939300719,1702.93456666667,1080,754
0.334103817595941,4.72103168213112,1.19291651823779,1702.96793333333,1080,754
0.334932371062628,4.7360093217546,1.19500757202444,1703.0013,1080,754
0.333362135002883,4.75862782566697,1.19966197673937,1703.03466666667,1080,754
0.344614737918711,4.72518536621951,1.19361101743728,1703.1014,1081,754
-5.33185478268771,7.72663018586111,1.27079497662039,1708.84046666667,1082,755
-5.30361008289835,7.7588218061065,1.26841530912862,1708.87383333333,1082,755
-5.2421283950279,7.74783354474291,1.2625342352872,1708.9072,1082,755
-5.19067067330126,7.74014825860736,1.25672770911854,1708.94056666667,1082,755
-5.19917985308435,7.8000794595182,1.25910096860564,1708.97393333333,1082,755
-5.21777676269602,7.8683548224933,1.26280927941187,1709.0073,1082,755
-5.1375705869305,7.8134210512397,1.2554270808735,1709.04066666667,1082,755
-5.14834119336721,7.87246822564191,1.25890896639365,1709.07403333333,1082,755
-5.19837461355894,7.97393982021925,1.2679673331477,1709.1074,1082,755
-5.10490849297636,7.90919478320406,1.25880849673036,1709.14076666667,1082,755
-5.03710531605664,7.86883997223918,1.24866944376958,1709.17413333333,1082,755
-4.8973346785557,7.98812526762569,1.27034877269783,1709.4077,1083,755
13.0593309116292,7.99370489806651,1.20660219842504,1710.34196666667,1084,756
-2.8280870029744,10.5148745833301,1.06299935868564,1713.3116,1085,757
-2.77782779911285,10.4576030582177,1.05169378485485,1713.34496666667,1085,757
-2.81506821173134,10.607251034198,1.05256139503802,1713.37833333333,1085,757
-2.76959001662039,10.5585211256228,1.04105045379901,1713.4117,1085,757
-2.76900085437729,10.6836679682635,1.02174421195991,1713.5118,1086,757
3.67933395115428,7.83914324485364,0.663364009298507,1714.57953333333,1087,758
3.70190150817402,7.902306011786,0.658387317676992,1714.6129,1087,758
3.69845245565066,7.90750034520609,0.653199816511524,1714.64626666667,1087,758
3.72870250546525,7.99421011244963,0.649888279747089,1714.67963333333,1087,758
3.6870158375522,7.91167509872619,0.641217491473912,1714.713,1087,758
3.73407128728669,8.02240797338116,0.635839953549728,1714.74636666667,1087,758
3.68569507586609,7.8666712926339,0.615682687057022,1714.87983333333,1088,758
3.68569507586609,7.8666712926339,0.615682687057022,1714.94656666667,1089,758
0.544238103570821,9.4418221342038,0.893290910754824,1717.4157,1090,759
5.93722812886916,-2.90481260031762,1.87555409624761,1720.8191,1091,760
5.88858147404436,-2.88803523213797,1.86833788855522,1720.85246666667,1091,760
5.7922170085901,-2.89532897385248,1.85722121435173,1720.98593333333,1093,760
5.77290349380273,-2.89187684826524,1.85452172593825,1721.0193,1093,760
5.7689673150921,-2.92022927017334,1.85737976864687,1721.08603333333,1094,760
5.6622729230195,-2.9138918000311,1.82914195499193,1721.25286666667,1095,760
1.04529574112096,1.3876242851148,0.618652128336824,1720.88583333333,1092,761
1.04551930158757,1.38656294928074,0.619156557923615,1720.9192,1092,761
1.04610676037813,1.38478102528701,0.619394048598562,1720.95256666667,1092,761
-10.8248082128748,1.55886149814913,1.70203193399901,1729.36096666667,1096,762
7.08082348557963,13.3336914197319,-0.239956711855364,1732.69763333333,1097,763
6.90962971415466,13.0072952900414,-0.216885941896476,1732.731,1098,763
-7.35859384195227,5.67268932014096,1.41661721785002,1733.5318,1099,764
-1.3679805442395,-2.48954991541557,1.55163485444886,1733.86546666667,1100,765
-6.41162040362822,7.73991757857558,1.08955372431852,1735.2335,1101,766
-4.7821460169785,2.35417695175674,1.37300880737838,1737.1354,1102,767
-4.7848314872004,2.35169946793324,1.37523165774262,1737.16876666667,1102,767
-4.79165925822448,2.3555233256159,1.37749401309137,1737.20213333333,1102,767
-4.78273267829139,2.35438904621778,1.37719047932829,1737.2355,1102,767
-4.80301073683476,2.3700986309434,1.37816561274465,1737.30223333333,1103,767
-4.8172253506662,2.38378817022028,1.38292754494603,1737.40233333333,1104,767
-4.81246223837599,2.38228009348796,1.37853911493571,1737.4357,1104,767
-4.82261491241156,2.38575977480827,1.37775557763372,1737.46906666667,1104,767
-4.86944615837064,2.3964360950518,1.37987656178499,1737.5358,1105,767
-1.21132153099002,4.46570334512481,0.725259960107797,1739.0373,1106,768
-1.20036091889995,4.47469991964628,0.725789250745453,1739.07066666667,1106,768
-1.18583125092875,4.48074970894321,0.727080208544138,1739.10403333333,1106,768
-1.17227208845982,4.49031454479258,0.728425028204318,1739.1374,1106,768
-1.1519490873487,4.48714792700033,0.73070224335951,1739.17076666667,1106,768
-1.14723008699501,4.50943229619821,0.73298087445242,1739.20413333333,1106,768
-1.13191784743178,4.51337395921244,0.734537896226201,1739.2375,1106,768
-1.1201509378092,4.51814489667561,0.737394436403847,1739.27086666667,1106,768
-1.112226081528,4.53048303255294,0.738488747470483,1739.30423333333,1106,768
-1.10673118929371,4.54138842495951,0.740462973814157,1739.3376,1106,768
-1.10208039900486,4.55249504112298,0.743865248928784,1739.37096666667,1106,768
-1.09293323150705,4.55277955113618,0.744721930126962,1739.40433333333,1106,768
-1.09100813180732,4.56710370378323,0.747357156291732,1739.4377,1106,768
-1.085970613644,4.57778174357705,0.748786044160292,1739.47106666667,1106,768
-1.07906640011614,4.58491770778137,0.751315614823144,1739.50443333333,1106,768
-1.07502380838912,4.6009751528264,0.753125152572977,1739.5378,1106,768
-1.06859501470644,4.61385537045475,0.753688467567853,1739.57116666667,1106,768
-1.06495320609807,4.6350981992824,0.755193355641153,1739.60453333333,1106,768
-1.05484567532348,4.64193852003762,0.754570021196801,1739.6379,1106,768
-1.04200649013029,4.64970851357583,0.75434246044443,1739.67126666667,1106,768
-1.03131994526789,4.66087515992394,0.753419564409888,1739.70463333333,1106,768
-1.01259546685075,4.65711022103931,0.751697241313088,1739.738,1106,768
-1.00130290309762,4.66854650775049,0.750899313658221,1739.77136666667,1106,768
-0.992196997118282,4.67852964004328,0.751221509851798,1739.80473333333,1106,768
-0.974729244390479,4.67426295967751,0.751332530594662,1739.8381,1106,768
-0.963081297005825,4.67791599275799,0.751506778164296,1739.87146666667,1106,768
-0.966787768586361,4.70625877876827,0.752583545238073,1739.90483333333,1106,768
12.4789700091132,1.51240705138756,1.52143613553909,1739.4377,1107,769
12.5487299901407,1.52989852090218,1.52825819044218,1739.47106666667,1107,769
12.5168307007729,1.54806304079212,1.52393391015192,1739.50443333333,1107,769
12.5459065241075,1.56587133827669,1.52483369921643,1739.5378,1107,769
12.3891761046151,1.57537174556753,1.51039753481269,1739.57116666667,1107,769
8.60172330082292,2.16093947466944,1.30837367616024,1744.50943333333,1108,770
8.59681328087074,2.16260487708757,1.30892668517924,1744.5428,1108,770
8.57292488787657,2.16083022360352,1.30518690956208,1744.57616666667,1108,770
8.54158125832648,2.16329042790818,1.30241566906148,1744.60953333333,1108,770
8.53604089741466,2.16435541326864,1.30208999454521,1744.6429,1108,770
8.48945843354595,2.16427005892073,1.29303742242326,1744.67626666667,1108,770
8.50089984971298,2.16643744575943,1.29286551954137,1744.70963333333,1108,770
8.5301849863587,2.17547414780884,1.29053919453151,1744.743,1108,770
8.53362456225324,2.1794855475435,1.28670111061723,1744.77636666667,1108,770
8.45222073906239,2.18168257290941,1.28055228645281,1744.87646666667,1109,770
-1.53945496860255,4.45128844546409,0.961828642044928,1745.0433,1110,771
-1.55136888269594,4.44884330030037,0.959801550289128,1745.07666666667,1110,771
-1.55700713161494,4.4360045812328,0.957449378750592,1745.11003333333,1110,771
-1.5633601568441,4.42306146271839,0.955906666098257,1745.1434,1110,771
-1.57854547489295,4.42343772135603,0.953722504329516,1745.17676666667,1110,771
-1.58010528647282,4.40853217824214,0.951244545430209,1745.21013333333,1110,771
-1.58377274588934,4.39962717039714,0.949353978968897,1745.2435,1110,771
-1.5924243719532,4.40084413823239,0.948850563790706,1745.27686666667,1110,771
-1.57685975798724,4.37267925645981,0.943053382560182,1745.31023333333,1110,771
-1.58374084641952,4.36871952248046,0.93868709479551,1745.3436,1110,771
-1.58140762737967,4.35829241633612,0.936391073329864,1745.37696666667,1110,771
-1.57826228272976,4.34375855152849,0.933594256533593,1745.41033333333,1110,771
-1.57221575064471,4.32685081937711,0.930700550581874,1745.4437,1110,771
-1.56710735834235,4.31572724446739,0.929695332069357,1745.47706666667,1110,771
-1.55597825887572,4.30162898508727,0.931301009797136,1745.51043333333,1110,771
-1.54638979880415,4.29313151451415,0.931889480093672,1745.5438,1110,771
-1.53401229355357,4.28628239655518,0.93337283825832,1745.57716666667,1110,771
-1.51961726449566,4.28017336877758,0.934017084603979,1745.61053333333,1110,771
-1.5127419234189,4.28574089015689,0.93795815161541,1745.6439,1110,771
-1.50273822513813,4.28557065123001,0.938543917585906,1745.67726666667,1110,771
-1.48735303816047,4.27843828349913,0.939790264440059,1745.71063333333,1110,771
-1.47680463060036,4.27352677342909,0.93851799724289,1745.744,1110,771
-1.47368072365445,4.27425372852374,0.940811208938334,1745.77736666667,1110,771
-1.47116578578585,4.27642342321712,0.941000482269043,1745.81073333333,1110,771
-1.45310009208414,4.25048073855381,0.940028882051441,1745.8441,1110,771
7.10530385457098,13.3927429544533,-0.240530448465303,1745.744,1111,772
-5.11560296333153,2.4426375811159,1.64259961467115,1747.4457,1112,773
-5.17304711880678,2.44953243814411,1.65134247375032,1747.47906666667,1112,773
-5.13866536183403,2.43539856702753,1.6452814467965,1747.51243333333,1112,773
-5.18029684832276,2.4377750960741,1.65664667875384,1747.5458,1112,773
-5.20994143394708,2.44007903977912,1.66501486019508,1747.57916666667,1112,773
-5.2261808026522,2.43677466372136,1.67140576020408,1747.61253333333,1112,773
-5.23453477558404,2.43307433908871,1.67834862244894,1747.6459,1112,773
-5.24677775874885,2.42755553516513,1.68531900871323,1747.67926666667,1112,773
-5.26694888572486,2.4266713744932,1.69051948047172,1747.71263333333,1112,773
-5.252472896216,2.41198047265026,1.69382540186354,1747.746,1112,773
-5.2935098162045,2.41638711402955,1.70778306738775,1747.77936666667,1112,773
-5.29654622712521,2.41224992703927,1.71419177559605,1747.81273333333,1112,773
-5.31524084291322,2.41014913798275,1.72379727909306,1747.8461,1112,773
-5.28559091923315,2.39702385352043,1.7241524411186,1747.87946666667,1112,773
-5.32168018973644,2.40176204342204,1.73405198188811,1747.91283333333,1112,773
-5.34474664469464,2.40484980676964,1.74245624927175,1747.9462,1112,773
-5.36867855721812,2.40812227563433,1.75271017008305,1747.97956666667,1112,773
-5.3696455181452,2.40841292358833,1.75784129211588,1748.01293333333,1112,773
-5.3696455181452,2.40841292358833,1.75784129211588,1748.0463,1112,773
5.63356350147281,2.28568765926943,1.34982539040401,1749.91483333333,1113,774
5.62602212260709,2.27581112994724,1.34245751910838,1749.9482,1113,774
5.61745809445237,2.26595665007836,1.33931923708735,1749.98156666667,1113,774
5.60554085056491,2.25570158190654,1.33159595852141,1750.01493333333,1113,774
5.59517166304705,2.24682352031714,1.32476673292919,1750.0483,1113,774
5.592385224422,2.24022844597936,1.3200085255723,1750.08166666667,1113,774
5.57573272598287,2.22888440684725,1.30693740026406,1750.11503333333,1113,774
5.57445076669095,2.21932262979787,1.29822953918898,1750.1484,1113,774
5.5692808575585,2.20705094517851,1.28823388495535,1750.18176666667,1113,774
5.5800956700286,2.19698889105734,1.27741343461386,1750.21513333333,1113,774
5.55356729231438,2.18041018143625,1.261086356336,1750.2485,1113,774
5.54215865759982,2.16362353099452,1.24913524157017,1750.28186666667,1113,774
5.54038973517176,2.14938853973604,1.23628863340989,1750.31523333333,1113,774
5.55352966209833,2.14030115956743,1.22733849113716,1750.3486,1113,774
5.52700060828303,2.11872691305399,1.21040024509615,1750.38196666667,1113,774
5.52948175684417,2.10605412376739,1.19902390153086,1750.41533333333,1113,774
5.53279964013115,2.09054949769159,1.18663367752313,1750.4487,1113,774
5.53369851356802,2.07847316582524,1.17435793719783,1750.48206666667,1113,774
-3.00893801326354,4.88602863006134,1.47562830733635,1751.58316666667,1114,775
-2.99169634699772,4.86132541856546,1.48114528266184,1751.61653333333,1114,775
-2.98286893197796,4.84482510143208,1.49137857639688,1751.6499,1114,775
-2.97704576405627,4.82947142117349,1.50281872565131,1751.68326666667,1114,775
-2.96358772676543,4.81049794827581,1.51097096135386,1751.71663333333,1114,775
-2.95791976007388,4.7904084881618,1.51950510030204,1751.75,1114,775
-2.95288660680628,4.77670108284255,1.5291220993305,1751.78336666667,1114,775
-2.93445844038145,4.75430111105154,1.53529859783179,1751.81673333333,1114,775
-2.91140499122876,4.72973689604315,1.53758165887798,1751.8501,1114,775
-2.92866178381568,4.7427363151771,1.55035844854767,1751.88346666667,1114,775
-2.89981280560555,4.71432284516325,1.54732598198744,1751.91683333333,1114,775
-2.89016112447331,4.70460803188075,1.54809866524459,1751.9502,1114,775
-2.8698240672943,4.68069518644386,1.54225018593389,1751.98356666667,1114,775
-2.85635090372321,4.65507966449851,1.537175090269,1752.01693333333,1114,775
-2.8667979455051,4.64415701945249,1.53412665367109,1752.0503,1114,775
-2.85750494244525,4.61084392912636,1.52291642129335,1752.08366666667,1114,775
-2.83928284130194,4.56802250435176,1.51117054256084,1752.11703333333,1114,775
-2.85802742574782,4.54987135732986,1.50525602762597,1752.1504,1114,775
-2.8408695073701,4.50343929541313,1.49325575940339,1752.18376666667,1114,775
-2.83023744809993,4.4633069208105,1.48350577243897,1752.21713333333,1114,775
-2.84751414896644,4.45414962972571,1.48051449517464,1752.2505,1114,775
-2.820372452132,1.51646144229738,1.18619870721705,1753.5518,1115,776
-2.80349554834629,1.5105329675862,1.183653310605,1753.58516666667,1115,776
-2.79338373139873,1.50754512076615,1.18552530582715,1753.61853333333,1115,776
-2.78465238139979,1.50324067771911,1.18520392613866,1753.6519,1115,776
-2.76815397941449,1.49940251462257,1.18398847288207,1753.68526666667,1115,776
-2.7593274533536,1.49384666036785,1.18256197809297,1753.71863333333,1115,776
-2.74561301979563,1.48890249929077,1.18092056103544,1753.752,1115,776
-2.72970822697799,1.4813649426594,1.17766257620923,1753.78536666667,1115,776
-2.73416220418808,1.47579250204675,1.17948760323226,1753.81873333333,1115,776
-2.71628737106173,1.46573736744708,1.17649661615692,1753.8521,1115,776
-2.70513219801901,1.45695988560868,1.17675208447184,1753.88546666667,1115,776
-2.69893312514964,1.44908423846164,1.17942115300153,1753.91883333333,1115,776
-2.69625413667745,1.44009688234677,1.18256837984649,1753.9522,1115,776
-2.68700275285253,1.43136962500441,1.18503804369403,1753.98556666667,1115,776
-2.68312314711494,1.42302771668754,1.19057944359294,1754.01893333333,1115,776
-2.67556235502201,1.41770729561451,1.19549079303569,1754.0523,1115,776
-2.66948615812466,1.41178116090793,1.2007971045083,1754.08566666667,1115,776
-2.66558917306667,1.40742569013138,1.20686594567844,1754.11903333333,1115,776
-2.64291674894821,1.39995538825957,1.20929443325811,1754.1524,1115,776
-2.64753315113535,1.39636322116848,1.21660294740673,1754.18576666667,1115,776
-2.64835488434433,1.39116865797682,1.22313107353649,1754.21913333333,1115,776
-2.631737942533,1.38566311999667,1.22469373099376,1754.2525,1115,776
-2.62626168467581,1.38064160552367,1.22814549703086,1754.28586666667,1115,776
-2.61539410808625,1.37550893252809,1.23237971634589,1754.31923333333,1115,776
7.03918878202631,11.136195924055,0.549519233869188,1753.98556666667,1116,777
7.13667449372403,11.2776588937233,0.53984260471011,1754.0523,1117,777
-3.35224242878289,1.15389202430674,1.59548786189088,1758.38996666667,1118,778
-3.34288277390625,1.16568210849561,1.59619818749026,1758.42333333333,1118,778
-3.34456098924519,1.18062811258826,1.59989002160082,1758.4567,1118,778
-3.35023470769736,1.19388295793128,1.60571780456318,1758.49006666667,1118,778
-3.34573607194133,1.20749972199123,1.60543871252227,1758.52343333333,1118,778
-3.33792118963892,1.21688274489666,1.60453412561899,1758.5568,1118,778
-3.32679311747986,1.22751527507347,1.60167463092881,1758.59016666667,1118,778
-3.32845281473787,1.23879444403693,1.60163880989736,1758.62353333333,1118,778
-3.31129382364288,1.24585129629443,1.5967084318585,1758.6569,1118,778
-3.30403809059977,1.25159616252386,1.58924975317312,1758.69026666667,1118,778
-3.31105958006419,1.25721858275049,1.58601437753123,1758.72363333333,1118,778
-3.3122777518309,1.26223688902897,1.58241905240133,1758.757,1118,778
-3.30710580402892,1.27001136437931,1.57729335695471,1758.79036666667,1118,778
-3.31680669883246,1.28150652778915,1.57172857566197,1758.82373333333,1118,778
-3.3089682880001,1.28951933739415,1.56664995950331,1758.8571,1118,778
6.55162884127049,14.0043989064402,0.323519175868405,1760.39196666667,1119,779
0.216367716994213,4.00919230646972,0.953456622825127,1762.02693333333,1120,780
0.209382154706732,4.03066858340209,0.955926733676763,1762.0603,1120,780
0.203241364957951,4.05193200331427,0.957428452390682,1762.09366666667,1120,780
0.20093936949968,4.05672367304376,0.95635298143943,1762.12703333333,1120,780
0.196722690700391,4.06427918146976,0.953992839399552,1762.1604,1120,780
0.193320768199924,4.07750698148641,0.95217275220764,1762.19376666667,1120,780
0.187635359738688,4.09126075748596,0.951759889821872,1762.22713333333,1120,780
0.18465018143753,4.10529142697363,0.95092698294013,1762.2605,1120,780
0.186392045703455,4.086014362257,0.944609724005026,1762.29386666667,1120,780
0.178528459782332,4.11641626944155,0.945293918260368,1762.32723333333,1120,780
0.173348971608034,4.1191578482171,0.941396929381659,1762.3606,1120,780
0.164558809441474,4.14018037407583,0.940575493401833,1762.39396666667,1120,780
0.166758960171715,4.12433767764096,0.934597776324983,1762.42733333333,1120,780
0.157662740372463,4.14021996842222,0.9305027934727,1762.4607,1120,780
0.156056967225799,4.13321785938466,0.924489305653296,1762.49406666667,1120,780
0.143172006452754,4.16745274906276,0.925956353546081,1762.52743333333,1120,780
0.142398783874217,4.15350177470527,0.922378324481486,1762.5608,1120,780
0.124757351326113,4.17392371895861,0.920187495514964,1762.62753333333,1121,780
-2.74464305686524,4.89446444099988,1.23550283435645,1770.73563333333,1122,781
0.802043975201219,6.49813787512596,1.29018178642088,1773.53843333333,1123,782
0.809648869447035,6.47009493992779,1.28716498903291,1773.5718,1123,782
0.817580424294852,6.47105382169538,1.28644877870446,1773.60516666667,1123,782
0.824852179236495,6.47849563086241,1.28740799375533,1773.63853333333,1123,782
0.831984394442983,6.45228727980834,1.28359585827819,1773.6719,1123,782
0.835694089385137,6.42959488902696,1.28082689796826,1773.70526666667,1123,782
0.843588527366693,6.41130664846103,1.27851002185726,1773.73863333333,1123,782
0.849065575139115,6.43704808249498,1.28456092741039,1773.772,1123,782
0.85407534972525,6.38140765563732,1.27805764332351,1773.80536666667,1123,782
0.8558074694294,6.31401042770629,1.2711561779699,1773.83873333333,1123,782
0.860400769412762,6.41520218651883,1.28688445405106,1773.8721,1123,782
0.866557983838328,6.37707600057847,1.28224643474267,1773.90546666667,1123,782
0.870195266751909,6.39802881108781,1.28665368561665,1773.93883333333,1123,782
0.869441803662124,6.27284687606487,1.26914056153088,1773.9722,1123,782
0.88908164225899,6.43229653235273,1.28835808863623,1774.03893333333,1125,782
0.685125862164675,1.62043844319461,0.739233934885307,1774.00556666667,1124,783
-4.50392639665399,5.46303356782253,1.52565394387318,1774.3726,1126,784
-4.51826313034935,5.47694368406959,1.53212118991928,1774.40596666667,1126,784
-4.52246761236008,5.48157770984807,1.53600077939132,1774.43933333333,1126,784
-4.51179772087328,5.47470375555333,1.54047558163967,1774.4727,1126,784
-4.54936388030977,5.5064096770833,1.55408767116496,1774.53943333333,1127,784
-4.51316264353208,5.47870953468539,1.55490638270069,1774.5728,1127,784
-10.3942580336714,12.2574041212833,0.152575551330412,1775.9742,1128,785
-1.57225962889257,1.9172692083712,0.914650676047106,1777.64253333333,1129,786
-1.56591942428974,1.92146134600541,0.916001474873945,1777.6759,1129,786
-1.5589152266353,1.92512627127769,0.917816164350157,1777.70926666667,1129,786
-1.54469118424544,1.92470078293013,0.919700706258505,1777.74263333333,1129,786
-1.53464194660128,1.92405494469736,0.921840263233496,1777.776,1129,786
-1.52766806746048,1.92498151644075,0.925984593114389,1777.80936666667,1129,786
-1.51850486804567,1.92302598645603,0.928941639930797,1777.84273333333,1129,786
-1.51492727486915,1.92101834368753,0.931380393328503,1777.8761,1129,786
-1.51067617857232,1.91770573878373,0.933029488442632,1777.90946666667,1129,786
-1.51274917024677,1.91728349930951,0.935104144757257,1777.94283333333,1129,786
-1.50783469599997,1.91385903226795,0.935584367278476,1777.9762,1129,786
-1.51095595088469,1.9117277537917,0.936430387170536,1778.00956666667,1129,786
-1.51277991548465,1.90833112746496,0.935270154832377,1778.04293333333,1129,786
-1.50920834379535,1.90352023451631,0.933437076380861,1778.0763,1129,786
-1.50988599695825,1.90210472987115,0.932657547596151,1778.10966666667,1129,786
-1.50690223056193,1.89907079376048,0.929945351690276,1778.14303333333,1129,786
-1.50327706574903,1.89758616746613,0.927705873988484,1778.1764,1129,786
-1.50155637017974,1.89556425826413,0.924638432965058,1778.20976666667,1129,786
-1.49885292023066,1.89315528392641,0.922263111311878,1778.24313333333,1129,786
-1.496986235379,1.89206495634294,0.919358551101792,1778.2765,1129,786
-1.49156880078206,1.8909360206443,0.916439440725528,1778.30986666667,1129,786
-1.4898114458784,1.89033549985503,0.915028060878571,1778.34323333333,1129,786
-1.48634147040639,1.89095834650705,0.912544554799962,1778.3766,1129,786
-5.72246017926945,4.40507424842229,1.61372094815931,1778.54343333333,1130,787
-5.71727728580025,4.38679590209103,1.61531126468097,1778.5768,1130,787
-5.69506127499735,4.35854358358485,1.61564085828851,1778.61016666667,1130,787
-5.7222610705282,4.3571247641642,1.62421395477293,1778.64353333333,1130,787
-5.71022934453904,4.3320484102899,1.62602387534439,1778.6769,1130,787
-5.72719758586832,4.32550542935646,1.63302828845241,1778.71026666667,1130,787
-5.72194464452807,4.30625751258832,1.6398688468594,1778.74363333333,1130,787
-5.73628772554459,4.26257645234371,1.66693436040252,1778.8771,1131,787
1.07490898391597,13.0817018412603,0.398642123949777,1780.74563333333,1132,788
1.05961190522291,13.2085125409286,0.401810173092887,1780.779,1132,788
1.04658624062927,13.3630264622769,0.403522231898437,1780.81236666667,1132,788
1.01527138002188,12.6420576358012,0.4166749987446,1780.84573333333,1133,788
0.993919733959346,12.1447859622693,0.423001158492996,1780.8791,1134,788
0.99521290540089,12.7539787461372,0.424137735656283,1780.91246666667,1135,788
0.962319397256981,12.3041460840512,0.424501005195518,1781.01256666667,1136,788
0.957830759790871,12.6793075871757,0.415707452521381,1781.04593333333,1137,788
0.979660376777383,14.19157123015,0.382947886452698,1781.11266666667,1138,788
0.935164868638239,12.2982094664533,0.403035949026367,1781.14603333333,1139,788
0.941664686096244,12.5952051406818,0.396468013208851,1781.1794,1139,788
0.954544061448156,12.6939848900405,0.391844348400998,1781.21276666667,1139,788
0.9744846707069,13.2955764180911,0.376738717658381,1781.24613333333,1140,788
0.99829097559664,13.111830343052,0.374773572573984,1781.2795,1140,788
1.05244184312486,13.2273777271183,0.35263014041398,1781.34623333333,1141,788
0.577682722723777,7.02450388344843,0.756271479429954,1786.31786666667,1142,789
0.577929234445374,7.0172521826963,0.755820842970261,1786.35123333333,1142,789
0.572676777286493,7.0718523871337,0.760258526175026,1786.3846,1142,789
0.570889864169207,7.13750646601869,0.763005001297309,1786.41796666667,1142,789
0.573256137262264,7.00766252267956,0.757630399584624,1786.45133333333,1142,789
0.568439405341232,7.02614780558103,0.757098527851453,1786.51806666667,1143,789
0.564266782559917,6.92155432465937,0.754679770962474,1786.55143333333,1143,789
0.547712840730433,7.17202678442398,0.761495739943655,1786.5848,1143,789
0.543011289714121,7.17420312041136,0.762641452447546,1786.61816666667,1143,789
0.533186394229186,7.2731429619694,0.767984212755111,1786.65153333333,1143,789
0.531861157835612,7.05576818810157,0.759486374241989,1786.6849,1143,789
0.522922657418687,7.12348651242901,0.764444113112029,1786.71826666667,1143,789
0.516526104862231,7.23721155858973,0.767802209203322,1786.75163333333,1143,789
-2.78283434468994,2.7923441532652,1.8253901730411,1786.8851,1144,790
-2.78387717263064,2.78915185318069,1.82452662933593,1786.91846666667,1144,790
-2.77777409292175,2.78280453136871,1.81793123037431,1786.95183333333,1144,790
-2.78025367865615,2.78010167860407,1.81612700898619,1786.9852,1144,790
-2.77076542602889,2.77106787566443,1.80707187830162,1787.01856666667,1144,790
-2.7643869157282,2.76778917206666,1.80352385504291,1787.05193333333,1144,790
-2.75916070646221,2.76800270901651,1.79845133475099,1787.0853,1144,790
-2.75641852274855,2.77096229780496,1.79491370168877,1787.11866666667,1144,790
-2.74921680411884,2.77271470651606,1.78758965175943,1787.15203333333,1144,790
-2.74101336356271,2.7746482797494,1.78222078319632,1787.1854,1144,790
-2.7294441512929,2.77354392500331,1.77014111936024,1787.21876666667,1144,790
-2.74072156085884,2.78610805726377,1.76680177110057,1787.2855,1145,790
-2.71041999647253,2.77883667714264,1.75346784992764,1787.31886666667,1145,790
-2.70451497765313,2.78361896624918,1.74818948228847,1787.35223333333,1145,790
-2.69525475165377,2.78854124154742,1.74211359180088,1787.3856,1145,790
-2.6974707745062,2.80078239961143,1.73908604632303,1787.41896666667,1145,790
-2.68538851920572,2.8083036599709,1.72939330049048,1787.45233333333,1145,790
-2.67929049150181,2.81679460411329,1.72042122830466,1787.4857,1145,790
-1.83563005466276,3.67596580975899,1.22117042129406,1792.45733333333,1146,791
-1.83433310946425,3.680470379629,1.22850253958342,1792.4907,1146,791
-1.83899667101912,3.6883201742932,1.23759780392583,1792.52406666667,1146,791
-1.83579702689154,3.69056286043778,1.24570452877284,1792.55743333333,1146,791
-1.836771134013,3.69690828777595,1.25495467839418,1792.5908,1146,791
-1.8349164590004,3.6995109440728,1.26320243680257,1792.62416666667,1146,791
-1.84344688124417,3.71329737105304,1.27511967195572,1792.65753333333,1146,791
-1.84054293984267,3.71488829096949,1.28101204881608,1792.6909,1146,791
-1.8383106313654,3.71827814040852,1.29073791017065,1792.72426666667,1146,791
-1.84024804763259,3.72374924650502,1.29927114020727,1792.75763333333,1146,791
-1.84218174214909,3.72148685773451,1.31853846021752,1792.85773333333,1147,791
-1.84171687627028,3.71126069000633,1.3300330561344,1792.92446666667,1148,791
-1.8448534470012,3.70833762765487,1.34042403910242,1792.95783333333,1148,791
-1.83937675528746,3.70305747272361,1.34950441512421,1792.9912,1148,791
-1.84349671163308,3.70428210981168,1.35887762303721,1793.02456666667,1148,791
-0.439208502023331,5.0807167388761,1.1400517003477,1793.35823333333,1149,792
-0.435829921525596,5.03602266349566,1.14148716418593,1793.3916,1149,792
-0.453305914925464,5.0569932597284,1.15197796856169,1793.42496666667,1149,792
-0.457557995750617,5.0358431540165,1.15487459872572,1793.45833333333,1149,792
-0.468824264920046,5.03439909120808,1.15911761225603,1793.4917,1149,792
-0.478992096658375,5.03745142383401,1.16563555436918,1793.52506666667,1149,792
-0.481120133716308,5.02246939997499,1.16728976971575,1793.55843333333,1149,792
-0.482577005188233,5.00605625459615,1.17110233936731,1793.5918,1149,792
-0.491553693646816,5.01323027372055,1.17539933463051,1793.62516666667,1149,792
-0.497526893314581,5.01520558203346,1.18055279262868,1793.65853333333,1149,792
-0.501128820093009,5.01704346516261,1.18420223712864,1793.6919,1149,792
-0.503731289797824,5.01242528399126,1.18823508761465,1793.72526666667,1149,792
-0.517243266832903,5.04058929419003,1.19658557421958,1793.75863333333,1149,792
-0.513130132307356,5.02952012530198,1.1986568350306,1793.792,1149,792
-0.514884715142716,5.03034280613249,1.20336840554266,1793.82536666667,1149,792
-0.520507791790098,5.05016834786354,1.21046177361761,1793.85873333333,1149,792
-0.516183181733612,5.04303444627425,1.21104568380438,1793.8921,1149,792
-0.516976366938149,5.03856744662578,1.21286032963185,1793.92546666667,1149,792
-0.516457795451812,5.04816819219335,1.21710343962815,1793.95883333333,1149,792
-0.512017120132231,5.06618771900761,1.22248051244656,1794.02556666667,1151,792
-5.49485945830439,8.33117005799015,0.853417857357225,1793.82536666667,1150,793
-5.44806275477122,8.2455285764993,0.843714031486889,1793.85873333333,1150,793
-5.51690976692603,8.29509259623474,0.839031341426681,1793.8921,1150,793
-5.50287406549946,8.24850308315004,0.828836770173641,1793.92546666667,1150,793
-5.4752422597627,8.18941508455709,0.823985378616969,1793.95883333333,1150,793
-5.60821614151404,8.18613488621676,0.805847958515221,1794.15903333333,1152,793
6.88151786307469,13.0385365369957,-0.230867627254299,1798.6969,1153,794
6.99066245593093,13.238280392957,-0.235754444262049,1798.73026666667,1153,794
-3.91369881096687,2.290946582179,1.1467567603367,1799.798,1154,795
-3.9485166412264,2.31184328291612,1.1829656598286,1799.96483333333,1156,795
-3.94902689567955,2.31998002895979,1.20195506648742,1800.06493333333,1157,795
-3.99800970423691,2.34269726711645,1.22365410052372,1800.1984,1158,795
0.443406487493444,1.65604242710926,0.539923132687303,1799.83136666667,1155,796
-0.952503793799708,3.88006823014345,0.74643842516654,1800.86573333333,1159,797
-0.942286589339336,3.89083608484568,0.748151635166119,1800.8991,1159,797
-0.92798636148326,3.89565431683676,0.748969242548286,1800.93246666667,1159,797
-0.922193279911955,3.90957304923664,0.75084044702013,1800.96583333333,1159,797
-0.914110806706513,3.92045172067348,0.752038721329439,1800.9992,1159,797
-0.901541651201967,3.92405249190787,0.754718106408359,1801.03256666667,1159,797
-0.889240877014933,3.93141458189356,0.756347948557895,1801.06593333333,1159,797
-0.875910782319969,3.93614587523147,0.757513702895519,1801.0993,1159,797
-0.869786146845312,3.95453134557467,0.75982608072971,1801.13266666667,1159,797
-0.846743146385864,3.95043786601928,0.762544457724845,1801.16603333333,1159,797
-0.825190391885999,3.94720180118115,0.763670527784616,1801.1994,1159,797
-0.803202715395946,3.93969008543284,0.766026266920954,1801.23276666667,1159,797
-0.790220804854203,3.94550649141262,0.770510403557726,1801.26613333333,1159,797
-0.754561367774446,3.93925574869818,0.775803640798935,1801.33286666667,1160,797
-0.733549336476625,3.9314624306121,0.78059958523101,1801.36623333333,1160,797
-1.7124036055204,2.80692912991271,1.09590987712321,1809.4076,1161,798
-1.6946823616238,2.7960231218021,1.09574943489856,1809.44096666667,1161,798
-1.68655053780297,2.79103068761331,1.09892062563092,1809.47433333333,1161,798
-1.67656257808105,2.78542149398612,1.10126085951222,1809.5077,1161,798
-1.66779333496501,2.78181150671867,1.10454458952857,1809.54106666667,1161,798
-1.65752266653077,2.77611912619343,1.10641234578866,1809.57443333333,1161,798
-1.64530131438728,2.76968810020183,1.10822118576761,1809.6078,1161,798
-1.6370304065718,2.76503376601966,1.11122878801106,1809.64116666667,1161,798
-1.62700613232134,2.75926578326416,1.1120659321184,1809.67453333333,1161,798
-1.61493784286237,2.75131460313876,1.11356640848757,1809.7079,1161,798
-1.60953808644213,2.74834431720724,1.11692682326956,1809.74126666667,1161,798
-1.60316326703391,2.74547941014427,1.11966928537927,1809.77463333333,1161,798
-1.58782873062339,2.73394190515721,1.11998248736128,1809.808,1161,798
-1.58068458695612,2.72974259686062,1.12197628144489,1809.84136666667,1161,798
-1.56929822951292,2.72177530731422,1.12456591407021,1809.87473333333,1161,798
-1.56569916431356,2.7183838386305,1.12845990820375,1809.9081,1161,798
-1.55727592564625,2.7118205714727,1.13176053932177,1809.94146666667,1161,798
-1.55231032893052,2.70932969576362,1.13564522796964,1809.97483333333,1161,798
-1.54545843056172,2.702651078141,1.13862880584513,1810.0082,1161,798
-1.54125295874321,2.69796784717549,1.1423730368791,1810.04156666667,1161,798
-1.5351883281943,2.69269985600053,1.14567293148575,1810.07493333333,1161,798
-1.52857387081094,2.68549983882535,1.14801253579547,1810.1083,1161,798
-1.52039668237299,2.67817898940592,1.15114270197778,1810.14166666667,1161,798
-1.51194370731995,2.67012837291232,1.15294105139308,1810.17503333333,1161,798
7.19756276464141,13.6312001165876,-0.270080785468962,1809.97483333333,1162,799
7.04066590355771,13.3372605756399,-0.24406549226808,1810.04156666667,1163,799
-2.68032751890717,1.40398867089269,1.44409215170486,1810.9091,1164,800
-2.68303913082249,1.38796130251107,1.44416357937331,1810.94246666667,1164,800
-2.68799316704208,1.3715236079315,1.44499710955213,1810.97583333333,1164,800
-2.70453558975746,1.35416770103679,1.44896615443065,1811.0092,1164,800
-2.70893746598346,1.33820118429721,1.44852100793103,1811.04256666667,1164,800
-2.71919823260107,1.32359416756664,1.44909697023063,1811.07593333333,1164,800
-2.72558646137374,1.31296584194696,1.44904915995413,1811.1093,1164,800
-2.75640439298081,1.30328138108291,1.45280755770917,1811.14266666667,1164,800
-2.76439989965425,1.2926878509937,1.45214344919723,1811.17603333333,1164,800
-2.77462261157687,1.28295518903991,1.44936207056383,1811.2094,1164,800
-2.7944899243144,1.27739429788745,1.45274289101549,1811.24276666667,1164,800
-2.80265127635774,1.27089427405162,1.45099091191281,1811.27613333333,1164,800
-2.80728582531738,1.26482951936843,1.44814146332277,1811.3095,1164,800
-2.82508122224096,1.2599446315785,1.4453484597516,1811.34286666667,1164,800
-2.83351217441011,1.25607118437949,1.44051630172556,1811.37623333333,1164,800
-2.83392827163285,1.25543465059605,1.42360685285991,1811.44296666667,1165,800
-2.82303944421244,1.2508996129474,1.41767520136584,1811.47633333333,1165,800
-2.81662995261276,1.24681439182324,1.40935206516,1811.5097,1165,800
-2.81577716271494,1.24281868501195,1.40385732194838,1811.54306666667,1165,800
-4.24022582377604,0.952393374802254,0.979612751085859,1815.3135,1166,801
-2.20500660787343,-0.619769902934496,1.81689349103091,1816.44796666667,1167,802
-2.1935667047218,-0.62218252526683,1.81465334624906,1816.48133333333,1167,802
-2.18557613924023,-0.625408588781484,1.81344864248085,1816.5147,1167,802
-2.1763056868005,-0.629807747119168,1.81046820761047,1816.54806666667,1167,802
-2.1638210926187,-0.63229312170757,1.80843918105792,1816.58143333333,1167,802
-2.14983808467701,-0.632638042951224,1.80402650066724,1816.6148,1167,802
-2.14063759854332,-0.634183873515976,1.8028531813458,1816.64816666667,1167,802
-2.1330683518312,-0.63606144481915,1.80041396664873,1816.68153333333,1167,802
-2.12138754313893,-0.635582869733508,1.7963301209316,1816.7149,1167,802
-2.11266067165225,-0.635848631862274,1.79238697926813,1816.74826666667,1167,802
-2.1045321774494,-0.638049780711187,1.79059660630501,1816.78163333333,1167,802
-2.08956796870282,-0.636035389229323,1.78407966773949,1816.815,1167,802
-2.07936369146527,-0.63450718440689,1.78252247343204,1816.84836666667,1167,802
-2.0699595345619,-0.634610911102422,1.77788386636209,1816.88173333333,1167,802
-2.07615186746957,-0.640934366629562,1.78047475149843,1816.9151,1167,802
-3.93319368731579,1.22294404767504,0.920891245333057,1818.88373333333,1168,803
-4.43934609252989,0.377075195772903,1.42432464747228,1819.2174,1169,804
-4.44578324875996,0.372902180391203,1.42151442499281,1819.25076666667,1169,804
-4.45779314370726,0.368445920074685,1.41786092328859,1819.3175,1170,804
-4.46997846153531,0.365242932566195,1.41293467936217,1819.35086666667,1170,804
-4.45372602887216,0.368645249741874,1.40560118826869,1819.38423333333,1170,804
-4.45996407745281,0.364448402835386,1.39847432841756,1819.4176,1170,804
-4.47722521107245,0.358383077562738,1.38682467034655,1819.48433333333,1171,804
-4.48790640818757,0.356904925678554,1.38014365038048,1819.5177,1171,804
-4.518169340365,0.353732458197375,1.37434276512533,1819.55106666667,1171,804
-2.73749891536162,-0.68339117645581,1.55591278824527,1821.4196,1172,805
-2.71887146633808,-0.689502901627686,1.55220528156134,1821.45296666667,1172,805
-2.72131773079166,-0.705145487519185,1.55423044248202,1821.48633333333,1172,805
-2.69902891304732,-0.707418556428723,1.54834820471088,1821.5197,1172,805
-2.70534391154503,-0.724258240778361,1.55219058100006,1821.55306666667,1172,805
-2.69736730026729,-0.742494596846577,1.55053340030556,1821.6198,1173,805
-2.66661492397589,-0.735752205368678,1.54364997765181,1821.65316666667,1173,805
-2.65946179287181,-0.739997552493973,1.54085402930895,1821.68653333333,1173,805
-2.65570455682893,-0.747783041902855,1.54100298855377,1821.7199,1173,805
-2.64365237950017,-0.754433439728206,1.53676225305826,1821.75326666667,1173,805
-2.90761370068161,-2.19682357327336,1.58161805672877,1826.7249,1174,806
-2.92839839340781,-2.22094089893232,1.58986339503216,1826.75826666667,1174,806
-0.760109921315877,-3.18471120760538,1.76639329331046,1831.99683333333,1175,807
-0.718499224632584,-3.14935333511037,1.75162250233809,1832.0302,1175,807
-0.674812688385556,-3.10651898271674,1.73749568277359,1832.06356666667,1175,807
-0.666237680834545,-3.15955654050254,1.75251758946432,1832.09693333333,1175,807
-0.62327365391017,-3.10763686837273,1.73764006029207,1832.1303,1175,807
-0.597324247518467,-3.10007246192,1.73474397802863,1832.16366666667,1175,807
-0.56511788452845,-3.06420426407436,1.72688247258305,1832.19703333333,1175,807
-2.76722771272499,0.97194172777233,0.632268460646133,1834.0322,1176,808
-2.77089470401725,0.975913131227731,0.63033713711506,1834.06556666667,1176,808
-2.76524822571889,0.980574743921914,0.62709664189628,1834.09893333333,1176,808
-2.76176331276447,0.985994167516256,0.623048445342923,1834.1323,1176,808
-2.76295636723344,0.989823154826569,0.61955233487133,1834.16566666667,1176,808
-2.76245176886969,0.991926126428149,0.614943400978514,1834.19903333333,1176,808
4.53474045552667,-1.60585267644692,1.51734016921211,1837.50233333333,1177,809
4.57966208029044,-1.62120636962307,1.513743729833,1837.5357,1177,809
4.59531499199944,-1.61998393294517,1.50641637388033,1837.56906666667,1177,809
4.62857615511794,-1.62642933404971,1.50066244058012,1837.60243333333,1177,809
4.6680091954252,-1.63752011648485,1.49986347565835,1837.6358,1177,809
4.69806257351376,-1.64461692908788,1.49569837256636,1837.66916666667,1177,809
-3.19434081079718,1.19853820404018,0.873044523885391,1839.3375,1178,810
-3.19992057500495,1.20178023617448,0.870240749962612,1839.37086666667,1178,810
-3.21103046323336,1.20356004901054,0.868150152053717,1839.40423333333,1178,810
-3.21451655168084,1.20683067192022,0.867548898376237,1839.4376,1178,810
-3.21923329661402,1.20984131745032,0.866064929643925,1839.47096666667,1178,810
-3.21998976738664,1.2129121277794,0.864853441619809,1839.50433333333,1178,810
-3.22460728724561,1.21365191919608,0.863945474929569,1839.5377,1178,810
-3.23241115503727,1.20966274706388,0.861737627437699,1839.57106666667,1178,810
-3.23921314933203,1.20766156889261,0.863130366828156,1839.60443333333,1178,810
-3.2396630952643,1.20401240969023,0.862090172263122,1839.6378,1178,810
-3.2432388314523,1.19915244929502,0.861972445596847,1839.67116666667,1178,810
-3.24989714233442,1.19533015509402,0.862481536194965,1839.70453333333,1178,810
-3.25102143057425,1.18893418134181,0.862154556193624,1839.7379,1178,810
-3.25209359998602,1.17932618589707,0.859807536538079,1839.80463333333,1179,810
-3.24984750987117,1.16698543228305,0.858348255895695,1839.87136666667,1180,810
-3.12670088966753,-0.0441540657065125,0.543849324430004,1842.4406,1181,811
-3.14347260338857,-0.0506128481804845,0.543666004487669,1842.77426666667,1182,811
-3.38507452570101,-0.069151090794105,0.705319862624487,1845.5437,1183,812
-3.37513194613431,-0.0724300817279242,0.709343862135977,1845.57706666667,1183,812
-3.36505163369281,-0.0741614239786665,0.712781941730429,1845.61043333333,1183,812
-3.36827172361767,-0.0768343741077694,0.716856512210146,1845.6438,1183,812
-3.36875465480368,-0.0783895462111288,0.721011732540155,1845.67716666667,1183,812
-3.36860792913844,-0.0820420070849708,0.72472418929335,1845.71053333333,1183,812
-3.35938421199553,-0.0802283360325401,0.729604229369386,1845.7439,1183,812
-3.36429721876376,-0.0894279574543924,0.73787781855857,1845.81063333333,1184,812
-3.35927989861334,-0.0833175772689438,0.747909449678955,1845.87736666667,1185,812
-3.35982013203739,-0.0848033497503414,0.758289464258567,1845.9441,1186,812
-3.34107699463591,-0.0791077365103159,0.761290763755059,1845.97746666667,1186,812
-3.33352565693484,-0.0759069574306354,0.763893103164613,1846.01083333333,1186,812
4.80673380095406,-2.69622669435854,2.14813785114112,1848.31313333333,1187,813
4.80872002114544,-2.7090221286502,2.14882307824575,1848.3465,1187,813
4.7731927497017,-2.69337343802594,2.13908810361834,1848.37986666667,1187,813
4.74346064355588,-2.67867096110842,2.12780759764132,1848.41323333333,1187,813
4.74237586565169,-2.68973563231299,2.1277839720997,1848.4466,1187,813
4.70701046580161,-2.67874882878961,2.11273218626182,1848.47996666667,1187,813
4.69295048205645,-2.67822068378596,2.10604673500028,1848.51333333333,1187,813
4.666894661594,-2.6674875681523,2.09384590236232,1848.5467,1187,813
4.65511947944711,-2.67298879577978,2.08980886239704,1848.58006666667,1187,813
4.61128921723082,-2.64418916456908,2.0720722793677,1848.61343333333,1187,813
4.60818794824324,-2.65572007315587,2.07038744361967,1848.6468,1187,813
4.60932821640025,-2.67143510786918,2.06996057596725,1848.68016666667,1187,813
4.57961229130959,-2.65757060126112,2.05855796045586,1848.71353333333,1187,813
-2.91710528116407,-0.816446793941822,1.02552061831417,1850.61543333333,1188,814
-2.91765595861423,-0.826442162466576,1.02521444335644,1850.6488,1188,814
-2.90077263016458,-0.826276035215668,1.02544183863492,1850.68216666667,1188,814
-2.89898022037801,-0.831796680733741,1.02390385236417,1850.71553333333,1188,814
-2.91341229663193,-0.841236557664749,1.02501313750229,1850.7489,1188,814
-2.90075312865884,-0.836972742721176,1.02262651034835,1850.78226666667,1188,814
-3.90751613402025,-0.480261013861776,1.49119208406923,1857.38886666667,1189,815
-3.90019413968482,-0.491588883430532,1.48928260627988,1857.42223333333,1189,815
-3.91255938823136,-0.507459415558655,1.48975779250273,1857.4556,1189,815
-3.89292161858178,-0.514540632321691,1.4842459127685,1857.48896666667,1189,815
7.17803841605902,10.3535547016738,0.0406865290340623,1883.74853333333,1190,816
7.31794069014122,10.550315367537,0.0251279354298022,1885.91736666667,1191,817
-3.99259745567166,-4.38806486928994,1.83892495736936,1893.72516666667,1192,818
-3.94562335194776,-4.37776166724092,1.83513219425977,1893.75853333333,1192,818
-3.89886903695659,-4.36490634200687,1.82991074944657,1893.7919,1192,818
-3.87998513474926,-4.38240088729456,1.83679855394338,1893.82526666667,1192,818
-3.88234314509683,-4.43349740560948,1.84479976790471,1893.85863333333,1192,818
-3.87161675604142,-4.45827180359484,1.84765196001798,1893.892,1192,818
-3.15110346364456,0.00925043002732617,0.632198439907281,1899.46423333333,1193,819
-3.1610015518418,0.00876694625302787,0.633265914218023,1899.4976,1193,819
-3.15873807458632,0.00973739908199089,0.634351761903936,1899.66443333333,1194,819
-3.15643584663044,0.00949042843487624,0.634398885573428,1899.86463333333,1195,819
-3.16122512178876,0.00870354908001825,0.633896360324323,1899.898,1195,819
-3.16122512178876,0.00870354908001825,0.633896360324323,1900.0982,1196,819
16.5892880354029,4.30936837492158,1.74770682155833,1908.4065,1197,820
13.9190454068992,6.97504258727587,1.69207334666243,1910.4085,1198,821
-7.51726572155463,0.635920409635669,2.30853162015215,1910.64206666667,1199,822
-7.51019991475032,0.670416715108226,2.32115145182614,1910.67543333333,1199,822
-7.48086780982405,0.702669922233531,2.32797172479043,1910.7088,1199,822
-7.41032542686501,0.741514309566589,2.32509500509197,1910.74216666667,1199,822
-7.39873361839732,0.775472494978384,2.33138268686595,1910.77553333333,1199,822
-7.36544871993267,0.815563640328754,2.33498058132635,1910.8089,1199,822
-7.38678541575938,0.855000198582044,2.34802217774535,1910.84226666667,1199,822
-7.31376472173711,0.897718862570597,2.34027793893431,1910.87563333333,1199,822
-7.26414216894567,0.937781761377831,2.33927708360563,1910.909,1199,822
-7.2061576063961,0.98551726574885,2.3284853163486,1910.94236666667,1199,822
-7.26940475535005,1.02698549008222,2.35043991695497,1910.97573333333,1199,822
-7.16861583387878,1.07151906463999,2.33643539778218,1911.0091,1199,822
-7.14782882976861,1.11604662600757,2.33985317388928,1911.04246666667,1199,822
-7.12477021638802,1.15231559468914,2.34033683070552,1911.07583333333,1199,822
-7.05686645720177,1.19478135947247,2.33307599257621,1911.1092,1199,822
-7.12687077617905,1.23394996513627,2.3567874227169,1911.14256666667,1199,822
-1.78275571440601,-2.97640064975627,2.27083230991501,1911.54296666667,1200,823
-1.7680198054825,-2.90297493959212,2.24810716110424,1911.57633333333,1200,823
-1.81805208903947,-2.92736569548641,2.2684530411619,1911.6097,1200,823
-1.85328438383662,-2.93607573817087,2.28121299994637,1911.64306666667,1200,823
-1.81414570160232,-2.83238368447271,2.24552699816488,1911.67643333333,1200,823
-1.81518025582571,-2.79106127748886,2.23627414305121,1911.7098,1200,823
11.534410471918,7.37410982662708,1.279399461452,1912.4105,1201,824
11.4909517481213,7.36116213719389,1.27185529004909,1912.44386666667,1201,824
9.63245368461786,7.31749464117146,0.976857810330816,1914.4125,1202,825
9.50611610268539,7.26474407592052,0.972634073855296,1914.44586666667,1202,825
-1.69254297018347,2.74383831730385,1.16104188057042,1915.2133,1203,826
-1.68062287877595,2.75080633840934,1.16206712994676,1915.24666666667,1203,826
-1.66679800753214,2.75701239146848,1.16079483970004,1915.28003333333,1203,826
-1.65662601138068,2.76121854887603,1.15896118983493,1915.3134,1203,826
-1.65880587696281,2.77259228132168,1.15829478651387,1915.34676666667,1203,826
-1.64770826469131,2.77370945280361,1.15397399039463,1915.38013333333,1203,826
-1.65300067335018,2.78340894224747,1.15025577875373,1915.4135,1203,826
-1.64744497863736,2.78503053007987,1.14357682716024,1915.44686666667,1203,826
-1.64962807635694,2.79042337193705,1.13680986301013,1915.48023333333,1203,826
-1.65251063290728,2.7942521130146,1.13150978006175,1915.5136,1203,826
7.52404296348826,7.51964524910326,1.16479680408075,1916.34776666667,1204,827
7.5391072790483,7.56908386182352,1.17177559076819,1916.38113333333,1204,827
3.71306633332833,9.50249260233,1.02003811997534,1920.35176666667,1205,828
0.161828000242562,4.53943722617567,1.1362438827271,1925.99073333333,1206,829
0.141218697111029,4.5564395656398,1.14189438074099,1926.0241,1206,829
0.124308268192273,4.54101155999748,1.14250771603028,1926.05746666667,1206,829
0.104809071816362,4.53252602241763,1.14358168662375,1926.09083333333,1206,829
-0.995472617515348,3.15042818789741,1.0483037198693,1928.55996666667,1207,830
-1.00375984616885,3.12164360820991,1.05008323732919,1928.59333333333,1207,830
-1.0176442355802,3.09785407154512,1.05184527947435,1928.6267,1207,830
-1.03309100878905,3.08009660219495,1.053709005421,1928.66006666667,1207,830
-3.14034426973074,0.0136839431243853,0.632989490345696,1945.5436,1208,831
-3.16122512178876,0.00870354908001825,0.633896360324323,1945.57696666667,1208,831
-3.16486155493463,0.00721653422235513,0.633830952490119,1945.77716666667,1209,831
-3.14593164378792,0.0128255889557349,0.633734439489883,1945.81053333333,1209,831
7.05160925071742,13.3832270889461,-0.24567854522239,1956.48786666667,1210,832
7.11129056274485,10.2863967211654,0.0410143699091123,1960.72543333333,1211,833
7.10872023527196,10.2721405908616,0.0413376898135859,1960.7588,1211,833
7.04407478768243,10.1759057926045,0.0497935866649285,1965.7638,1212,834
7.04273600846013,10.1739433749619,0.0459467597559403,1965.79716666667,1212,834
7.18686003593744,12.4777454641311,0.516123766069885,1966.6647,1213,835
7.18883751552513,12.4450265543559,0.520558196207453,1966.69806666667,1213,835
-3.15503987669102,0.0126389657939195,0.630695942365324,1967.8659,1214,836
-3.15587456102071,0.0119855211445254,0.631418639932327,1967.89926666667,1214,836
6.5176980535535,13.069665156745,0.226547343823883,1972.40376666667,1215,837
-3.61449961486282,1.54372010687507,1.12383959388572,1992.85753333333,1216,838
-3.63238145139852,1.541682619604,1.13173162089454,1992.8909,1216,838
-3.66121065522573,1.54312402780117,1.14215460754224,1992.92426666667,1216,838
-3.66373963966965,1.54505866708686,1.15104792758086,1992.95763333333,1216,838
-3.71000267951193,1.56222139618472,1.17599388260695,1993.02436666667,1217,838
-3.72961610394887,1.57478559542372,1.1880167810916,1993.05773333333,1217,838
-3.75145141695724,1.58647680797479,1.19324569275575,1993.0911,1217,838
-3.778186324652,1.59489094980838,1.19896634233114,1993.12446666667,1217,838
-3.79546087792538,1.6038901623409,1.20228019521855,1993.15783333333,1217,838
-3.83325230258289,1.61082730127161,1.20630566197133,1993.1912,1217,838
-4.02891795115568,1.763870231142,1.23689735453758,1993.6917,1218,838
-4.02083028172173,1.76932917525913,1.23318970981668,1993.72506666667,1218,838
-4.03134133941864,1.77958483597635,1.23586778274239,1993.75843333333,1218,838
-4.04381834582027,1.78939750029792,1.23160197608896,1993.7918,1218,838
-4.04848633262428,1.79698134038677,1.23176556414255,1993.82516666667,1218,838
-4.0503981021337,1.80341329053626,1.22778954792,1993.85853333333,1218,838
-4.06913630763146,1.81524728685079,1.22764368152615,1993.8919,1218,838
-4.09831937943747,1.83491307786168,1.22275695542325,1993.95863333333,1219,838
-4.42726179537351,1.67315891039381,1.26140885221552,2001.26593333333,1220,839
-4.43521788136385,1.67570037447189,1.26711921511118,2001.2993,1220,839
-4.44076711690349,1.67654863871368,1.26994819642382,2001.33266666667,1220,839
-4.45038418172899,1.67672615046064,1.27110477789413,2001.36603333333,1220,839
-4.44014930758161,1.67359473316951,1.27207751628996,2001.3994,1220,839
-4.47136322646661,1.67396331163436,1.27699635313394,2001.43276666667,1220,839
-4.44736508519384,1.66797925136796,1.27432469135315,2001.46613333333,1220,839
-4.46850957639492,1.66728862116126,1.27931176308006,2001.4995,1220,839
-4.4363494316529,1.66168677359514,1.27614145656078,2001.53286666667,1220,839
-4.44152004076358,1.6617390124203,1.27712710684238,2001.56623333333,1220,839
-4.44916882360369,1.66843176317312,1.27592313512235,2001.63296666667,1221,839
-4.45607201188357,1.67391546885873,1.27836521085276,2001.66633333333,1221,839
-4.44847190962998,1.67780285933106,1.27581189161606,2001.6997,1221,839
-4.46063494325843,1.68034602293313,1.2769983097454,2001.73306666667,1221,839
-4.43451203534536,1.68153827887279,1.27058146646135,2001.76643333333,1221,839
-4.45046124995282,1.68556535065902,1.26776650313438,2001.7998,1221,839
-4.43401047483485,1.68131835397633,1.26442898322912,2001.83316666667,1221,839
-4.43126556310488,1.65665648220323,1.24596768882929,2001.96663333333,1222,839
6.82146925483846,12.959847686231,-0.225333413434407,2002.16683333333,1223,840
6.1255599027911,7.56267110040597,0.157015975965428,2002.2002,1224,841
6.05216513263969,7.49620930386194,0.168278987308209,2002.23356666667,1224,841
-4.19305124473163,0.649879734663857,1.22358825049502,2009.77443333333,1225,842
-4.18032308062457,0.649067002215611,1.22366034542238,2009.8078,1225,842
-4.20458276940496,0.645352414118031,1.22685404028456,2009.84116666667,1225,842
-4.19737796994047,0.641875349559939,1.22557614410638,2009.87453333333,1225,842
-4.19710383805276,0.639736975404667,1.22665591317129,2009.9079,1225,842
-4.20038055946563,0.639094543366232,1.22679356583101,2009.94126666667,1225,842
-4.22621863670977,0.633954711532478,1.22796831021578,2009.97463333333,1225,842
-4.20595489405889,0.635388479299646,1.21954378862483,2010.008,1225,842
-4.22015875232747,0.630890870677263,1.2190791048832,2010.04136666667,1225,842
-4.222356459578,0.630329195220534,1.21596324585258,2010.07473333333,1225,842
-4.23469333567937,0.631845820489859,1.21658106963484,2010.1081,1225,842
-4.24032363555463,0.63066664365437,1.2136441100122,2010.14146666667,1225,842
-4.24705427242799,0.631934010455941,1.21183515478146,2010.17483333333,1225,842
-4.23357162909941,0.629731429535032,1.20571418833647,2010.2082,1225,842
-4.23501456184446,0.625677045371692,1.19243866830224,2010.27493333333,1226,842
-4.25869307547435,0.620743048061525,1.18883491867308,2010.3083,1226,842
-2.53990010137484,1.56477944455906,0.319336650566621,2013.34466666667,1227,843
-2.53735058689009,1.56354484952402,0.319431471679415,2013.67833333333,1228,843
-2.53525792889321,1.563572639798,0.319491853926509,2013.7117,1228,843
-2.53535869593369,1.56359634913462,0.320091425395178,2013.84516666667,1229,843
-2.53535869593369,1.56359634913462,0.320091425395178,2013.87853333333,1229,843
-2.53535869593369,1.56359634913462,0.320091425395178,2013.9119,1229,843
-2.53537032297976,1.5635796705729,0.319140869821123,2014.07873333333,1230,843
-4.13024389878104,-0.390050278904689,1.115070810267,2014.17883333333,1231,844
-4.13964498159317,-0.398872900487069,1.11446628996351,2014.2122,1231,844
-4.134872130368,-0.402426638530252,1.11305165044213,2014.24556666667,1231,844
-4.12008433111223,-0.406868291229576,1.11055959730076,2014.27893333333,1231,844
-4.12398260710751,-0.416321528383554,1.10967307110401,2014.3123,1231,844
-4.11454313953107,-0.420852643283003,1.10929689968654,2014.34566666667,1231,844
-4.12370903679229,-0.430433883325824,1.11007391696093,2014.37903333333,1231,844
-4.13381442255821,-0.440301727805292,1.10990162685015,2014.4124,1231,844
-4.13250630325707,-0.447654030859864,1.10841194733217,2014.44576666667,1231,844
-4.13949253527701,-0.454941593678056,1.11056618803592,2014.47913333333,1231,844
-4.12621826501724,-0.453879108568774,1.10826170008573,2014.5125,1231,844
-3.76788363618294,-1.40935723668017,1.43810832433115,2018.64996666667,1232,845
-3.8248957662441,-1.43379855490148,1.44747018271835,2018.68333333333,1232,845
-3.83944821211729,-1.43646881443126,1.44758150043769,2018.7167,1232,845
6.55505322715889,14.0501825443917,-0.23353208568965,2020.05136666667,1233,846
-3.53034169214819,-2.39244798097304,1.8200262499206,2022.95426666667,1234,847
-3.54396960868048,-2.41096592892474,1.8310167004461,2022.98763333333,1234,847
-3.52960791093201,-2.40166005506153,1.83383234191256,2023.05436666667,1236,847
-3.52073187013753,-2.38146039875527,1.84572828990166,2023.18783333333,1237,847
-2.5370549238764,1.56411992007137,0.319690412585012,2023.021,1235,848
-2.96014358330789,1.13346867515722,0.7514034097871,2026.9249,1238,849
-2.9702154114796,1.14264315577532,0.751369345866766,2026.95826666667,1238,849
-2.97538314244193,1.15081685543018,0.752431151248528,2026.99163333333,1238,849
-1.20211215657677,-1.39250649070969,1.82814880450937,2027.89253333333,1239,850
-1.17738491362938,-1.38051937077646,1.82251905399571,2027.9259,1239,850
-1.15925177117536,-1.37614954537895,1.82188132986262,2027.95926666667,1239,850
-1.14083162724427,-1.36932690808464,1.81958736395839,2027.99263333333,1239,850
-1.1230459025225,-1.36574878172682,1.81874418602417,2028.026,1239,850
-1.1061045606259,-1.36044757871526,1.81757571203684,2028.05936666667,1239,850
-1.09236827675634,-1.35875680540741,1.82059059663227,2028.09273333333,1239,850
-1.0727112170846,-1.34760146426816,1.8173780393195,2028.1261,1239,850
-1.05659403719572,-1.34107884688046,1.81812295989106,2028.15946666667,1239,850
-1.05331960816715,-1.34793865458491,1.82605520873165,2028.19283333333,1239,850
-1.0406831646485,-1.34170593149231,1.82778336963448,2028.2262,1239,850
-1.03159940238911,-1.33943584957536,1.83064518500752,2028.25956666667,1239,850
-1.02117977790096,-1.33485131105164,1.83132339889727,2028.29293333333,1239,850
-1.01747962289113,-1.33904735963206,1.83817616441058,2028.3263,1239,850
-0.997080231223019,-1.32484777042575,1.83518872645723,2028.35966666667,1239,850
-0.987780629030071,-1.32576911569841,1.84142800574692,2028.39303333333,1239,850
-0.973586279749958,-1.318643690004,1.84688163579855,2028.4264,1239,850
-0.960560442648823,-1.31472907855666,1.85376220024375,2028.45976666667,1239,850
-0.942643735128979,-1.30016705015128,1.85495185820705,2028.49313333333,1239,850
-0.929552966566448,-1.29370640432086,1.85975015885121,2028.5265,1239,850
-0.920694548464033,-1.29364929318185,1.86696250052912,2028.55986666667,1239,850
-0.899512273928874,-1.27834865332215,1.86416178040247,2028.59323333333,1239,850
-2.17428340069442,2.39825776936603,1.27875288190617,2028.69333333333,1240,851
-2.18256742999383,2.38393466332006,1.27264345011469,2028.7267,1240,851
-2.18916021490643,2.36651534309997,1.26486641546243,2028.76006666667,1240,851
-2.19591424021465,2.35209332220808,1.25784668764318,2028.79343333333,1240,851
-2.20603228002232,2.33744975466241,1.25249102008277,2028.8268,1240,851
-2.21359763584727,2.32450398610253,1.24837067556488,2028.86016666667,1240,851
-2.22532918676779,2.31226316241741,1.24640585005991,2028.89353333333,1240,851
-2.23446459908532,2.29938733668115,1.24330560422568,2028.9269,1240,851
-2.24001475008158,2.28371156413145,1.23816724132034,2028.96026666667,1240,851
-2.24810555051004,2.26920246018604,1.23339068382766,2028.99363333333,1240,851
-2.26089101934959,2.25613991751685,1.22888159553737,2029.027,1240,851
-2.26924327182326,2.23904120419101,1.22286623984892,2029.06036666667,1240,851
-2.28052074359772,2.22282808560673,1.21765148252408,2029.09373333333,1240,851
-2.29210394411515,2.2086351221243,1.21304692885406,2029.1271,1240,851
-2.30139175976995,2.19467844071944,1.20988534663919,2029.16046666667,1240,851
-2.30848510848825,2.18064974953162,1.20423641237096,2029.19383333333,1240,851
-2.3148469356513,2.16714881982256,1.2010962965528,2029.2272,1240,851
-2.32535896486741,2.15786272513513,1.19871085387173,2029.26056666667,1240,851
-2.33478379142943,2.14926854288536,1.19612958524946,2029.29393333333,1240,851
-2.33852084140794,2.14000502183325,1.19420564145784,2029.3273,1240,851
-2.35299512362404,2.13376766030041,1.19246514849156,2029.36066666667,1240,851
-2.36357119076836,2.12704083912848,1.18954540138049,2029.39403333333,1240,851
-2.36864027104087,2.12008568000794,1.18547478055289,2029.4274,1240,851
-2.3774501665253,2.11305477001509,1.18275703048127,2029.46076666667,1240,851
-2.39038692232907,2.10993546056702,1.18050035003492,2029.49413333333,1240,851
-2.3970591086943,2.10452413691041,1.1763296984053,2029.5275,1240,851
-2.40231954044577,2.09734770072541,1.17173054515967,2029.56086666667,1240,851
-2.41706338263839,2.09530789998916,1.16928770233839,2029.59423333333,1240,851
-2.42387391132166,2.0917521780937,1.16573077015743,2029.6276,1240,851
-2.43046027504,2.08758711595544,1.16408514886785,2029.66096666667,1240,851
-2.43885330973054,2.08367720435448,1.16305441408789,2029.69433333333,1240,851
-2.43890226958996,2.07596935987289,1.15859661953832,2029.7277,1240,851
-2.45592838568687,2.07666638348389,1.16059554210505,2029.76106666667,1240,851
0.0396339753938443,3.66724632861586,0.615127858891277,2035.19983333333,1241,852
0.0416364926141172,3.67735603885004,0.619248546788179,2035.2332,1241,852
0.0411733656203974,3.68645887821397,0.623056679665666,2035.26656666667,1241,852
0.0423551842293497,3.68943776365804,0.626146368877896,2035.29993333333,1241,852
-3.02018543443279,0.320007575188098,0.651405618747885,2045.4434,1242,853
-3.02285295187939,0.314731367651615,0.649175741844984,2045.47676666667,1242,853
-3.00831307530047,0.313356723452183,0.645989793522883,2045.51013333333,1242,853
-3.017016664901,0.30700160860535,0.642343267112004,2045.5435,1242,853
-3.00627441660252,0.303732957041186,0.638658974953794,2045.57686666667,1242,853
-3.00125408357142,0.301317103121663,0.637395034522927,2045.61023333333,1242,853
-2.99683047713718,0.298963368056648,0.635909051616311,2045.6436,1242,853
-3.011191125771,0.293204194214291,0.634949441366783,2045.67696666667,1242,853
-3.00293945778843,0.292836018020216,0.635553426451284,2045.71033333333,1242,853
-2.99455907872637,0.293616267795263,0.636499095809992,2045.7437,1242,853
-2.98564216201079,0.295736453642946,0.63851708334269,2045.77706666667,1242,853
-2.99137830651659,0.293856807975828,0.642742262172661,2045.81043333333,1242,853
-2.99029900394106,0.297567898337616,0.645796022715729,2045.8438,1242,853
-2.99049543978632,0.299500081625356,0.646716438997501,2045.87716666667,1242,853
-2.99951373240503,0.300942853664439,0.647649277641765,2045.91053333333,1242,853
-3.29971840862148,0.318179830808487,0.857127054979682,2050.048,1243,854
-3.29337708812309,0.316851402742964,0.859984022012287,2050.08136666667,1243,854
-3.30805067205268,0.311550462631197,0.866074295610731,2050.11473333333,1243,854
-3.30109512255661,0.307746375138922,0.869466567257588,2050.1481,1243,854
-3.3156795382075,0.29883935753704,0.875275005076752,2050.18146666667,1243,854
-3.31135730171651,0.290830692604637,0.878027459707851,2050.21483333333,1243,854
-3.30707043314044,0.280667410715536,0.882805525054619,2050.2482,1243,854
-3.3250987888549,0.263575657456649,0.888064279356117,2050.28156666667,1243,854
-3.32377419994209,0.252222725177521,0.89189971953074,2050.31493333333,1243,854
-3.33313916818538,0.238792010818533,0.899914554572602,2050.3483,1243,854
-3.34279814658373,0.226411933831025,0.909096405759431,2050.38166666667,1243,854
-3.35079221397705,0.213362303430935,0.918503620423233,2050.41503333333,1243,854
-3.34607904599049,0.206952898173507,0.925862081722362,2050.4484,1243,854
-3.35077153804078,0.19493247640817,0.934977316623514,2050.48176666667,1243,854
-3.36251467685225,0.187552161521443,0.942594651826857,2050.51513333333,1243,854
-2.53951976534568,1.56351718037189,0.318907952265646,2051.01563333333,1244,855
-2.53420611199167,1.56257277770657,0.319140431261047,2051.049,1244,855
-2.54367283759632,1.56345339249506,0.318654778822467,2051.08236666667,1244,855
-2.54171020064952,1.56345625399887,0.317661516202101,2051.11573333333,1244,855
1.82239650484084,3.44317033402159,0.934746758844025,2052.88416666667,1245,856
1.82471337696002,3.44417931436703,0.929795972643196,2052.91753333333,1245,856
1.82594199831813,3.44310356979961,0.924707318458394,2052.9509,1245,856
1.83682340457838,3.45514340756114,0.922667933070414,2052.98426666667,1245,856
1.83143909078255,3.43605095304091,0.913945390069824,2053.01763333333,1245,856
1.83711497482947,3.43701637650913,0.910276128811139,2053.051,1245,856
1.84103644247559,3.44074099059991,0.908253527393947,2053.08436666667,1245,856
1.84351033672228,3.43805527335977,0.904225378501117,2053.11773333333,1245,856
1.85186274661725,3.44787176238607,0.903189821549522,2053.1511,1245,856
1.85170698400219,3.44310566481805,0.897507771228875,2053.18446666667,1245,856
1.85379552054267,3.4456588222521,0.894225354032834,2053.21783333333,1245,856
1.85687813493645,3.45245129919141,0.89176563667956,2053.2512,1245,856
1.86249522874729,3.46735956577271,0.889155331967632,2053.28456666667,1245,856
1.86470474651376,3.47468601097096,0.885888253169853,2053.31793333333,1245,856
1.8557640811193,3.46423345335851,0.879265455044182,2053.3513,1245,856
1.86925035803643,3.49473011956906,0.879459552586001,2053.38466666667,1245,856
1.877966589502,3.51541656570444,0.876988155783545,2053.41803333333,1245,856
-3.42548332779338,0.0758684839810565,0.902215919094467,2054.81943333333,1246,857
-3.41261850555193,0.0713174187672293,0.901041814838032,2054.8528,1246,857
-3.4114389892733,0.066578473076892,0.902581910980855,2054.88616666667,1246,857
-3.3985391587702,0.0661939983769593,0.901864073054036,2054.91953333333,1246,857
-3.38972476901573,0.0632842472638204,0.901745183146934,2054.9529,1246,857
-3.3891044446462,0.0584394647732157,0.902865403353165,2054.98626666667,1246,857
-3.375630806122,0.057636633048461,0.902301167712247,2055.01963333333,1246,857
-3.37797832118666,0.0531350187591734,0.903345968390296,2055.053,1246,857
-3.35113097764335,0.0544648519090568,0.903207555142254,2055.08636666667,1246,857
-3.34122296311959,0.0537578774773727,0.904391351758109,2055.11973333333,1246,857
-3.33957109744974,0.0485208467036471,0.909344164703425,2055.18646666667,1247,857
-3.31944283027133,0.0513567075166476,0.908572351410242,2055.21983333333,1247,857
-3.31302120487111,0.0553159033060623,0.911242604562425,2055.2532,1247,857
-3.30968836451984,0.0601014653851237,0.914550952183117,2055.28656666667,1247,857
-3.10778462990073,0.132726235678169,0.983572451528429,2060.1581,1248,858
-3.11549307049869,0.129813223919294,0.984178163365988,2060.19146666667,1248,858
-3.10644389813287,0.130979329590005,0.983302465363916,2060.22483333333,1248,858
-3.09238924191425,0.134081543686389,0.98173211822207,2060.2582,1248,858
-3.09764358277144,0.133394576752412,0.981595972504895,2060.29156666667,1248,858
-3.090675635951,0.134607486777702,0.978499941057026,2060.32493333333,1248,858
-3.09145069360947,0.132905025666383,0.977373036078915,2060.3583,1248,858
-3.06999994623706,0.1356843503854,0.974500206123461,2060.39166666667,1248,858
-3.06509759111257,0.130565841012619,0.969005105133577,2060.42503333333,1248,858
-3.07184029779193,0.125675610799689,0.968615994008187,2060.4584,1248,858
-3.06705843422592,0.121700474755307,0.964595244439767,2060.49176666667,1248,858
-3.05617619594415,0.119065122905977,0.961243409028004,2060.52513333333,1248,858
-3.05976033194678,0.111924355780349,0.960404142057594,2060.5585,1248,858
-3.04498082917522,0.107528313689028,0.958218224607892,2060.59186666667,1248,858
-3.02972874848216,0.106755938142487,0.958350076315765,2060.62523333333,1248,858
-3.00924966929511,0.102525685286705,0.957262046791585,2060.69196666667,1249,858
-3.00600389928761,0.0959038218202157,0.956709123870702,2060.72533333333,1249,858
3.99030448086773,5.73704814992541,0.407347208512531,2060.82543333333,1250,859
4.01377390322798,5.78230446037971,0.407942836423416,2060.8588,1250,859
3.97278546938431,5.74477363868651,0.41290534306788,2060.89216666667,1250,859
3.96604661091322,5.75162225038846,0.412359760775616,2060.92553333333,1250,859
3.98281908402384,5.79699331971905,0.410826681917827,2060.9589,1250,859
-3.33564298189504,-0.121851322788748,0.865451008182275,2064.62923333333,1251,860
-3.3390693079757,-0.123142434215524,0.862461154764363,2064.6626,1251,860
-3.3454208148783,-0.12364343474244,0.86066784325518,2064.69596666667,1251,860
-3.34384043565145,-0.12339109181562,0.856365994201739,2064.72933333333,1251,860
-3.33401226534406,-0.121541812207601,0.853310219568627,2064.7627,1251,860
-3.34929950002546,-0.124412708968945,0.850142092916972,2064.79606666667,1251,860
-3.34873554610695,-0.124292386484766,0.845944369900606,2064.82943333333,1251,860
-3.33662785445636,-0.123126120285904,0.839934166184265,2064.8628,1251,860
-3.33770886652964,-0.131694988324484,0.820097722437427,2064.9629,1252,860
-3.32395142821642,-0.129767862485021,0.812563371431474,2064.99626666667,1252,860
-3.34382962485132,-0.142230428006023,0.805388108951159,2065.02963333333,1252,860
-5.10914876977051,7.33275792971582,0.679480239596317,2066.93153333333,1253,861
-5.11266203349978,7.3301527443542,0.678937215413145,2066.99826666667,1254,861
-3.56726690030668,-0.470779911461845,1.34541533624793,2069.7677,1255,862
-3.560641236307,-0.459108930160186,1.35028147866054,2069.80106666667,1255,862
-3.55843398719755,-0.452241189968074,1.35397476434109,2069.83443333333,1255,862
-3.55090548814872,-0.439318572731353,1.35816827524222,2069.8678,1255,862
-3.5307334657848,-0.424115997608405,1.35979125637764,2069.90116666667,1255,862
-3.54840712171861,-0.420047828428791,1.36997429267475,2069.93453333333,1255,862
-3.53277802705386,-0.407140123550955,1.3714769438048,2069.9679,1255,862
-3.51660857710313,-0.392614875793677,1.37353794848522,2070.00126666667,1255,862
-3.51144323373822,-0.365721368007028,1.38369900118488,2070.13473333333,1256,862
6.64847812985076,12.622403961788,-0.195843886219317,2071.10236666667,1257,863
6.79259848656098,12.8931612257403,-0.215753277431458,2071.13573333333,1258,863
6.79462919289542,12.8971405434923,-0.211029668458089,2071.1691,1258,863
-3.93782696883673,8.66663830396313,0.854581246695689,2071.60286666667,1259,864
-0.596390049747335,10.1470819202385,0.52891630122129,2080.44503333333,1260,865
-0.601122982609665,0.201864272225336,2.23126754347049,2081.64623333333,1261,866
-0.623901996448871,0.22340364082481,2.23009395481033,2081.6796,1261,866
-0.650864181449053,0.25461725223495,2.22361008684799,2081.71296666667,1261,866
-0.676463970640692,0.285094160558837,2.21777226836888,2081.74633333333,1261,866
-0.698002888349119,0.314771265355209,2.21081237632367,2081.7797,1261,866
-0.715652265783786,0.343095466229201,2.20169102609475,2081.81306666667,1261,866
6.8951697097617,14.8201602603313,-0.288032986334284,2087.91916666667,1262,867
-0.804731054551826,3.31825166357682,1.30188085694199,2088.3863,1263,868
-0.801225180299383,3.30838629081512,1.30417575159255,2088.41966666667,1263,868
-0.804362111699768,3.30808060384494,1.3098656088965,2088.45303333333,1263,868
-0.802417393488967,3.30123218438121,1.31278725707703,2088.4864,1263,868
-0.797106226630262,3.29498673336449,1.31579859524041,2088.51976666667,1263,868
-0.793461548103091,3.29285968658066,1.32029668825673,2088.55313333333,1263,868
-0.78742747245614,3.29028607282764,1.32374926939606,2088.5865,1263,868
-0.785902683591924,3.29077130664372,1.32842116393714,2088.61986666667,1263,868
-0.780382550590072,3.28710313063942,1.33166403136902,2088.65323333333,1263,868
-0.773447085139228,3.28171083167342,1.332301517435,2088.6866,1263,868
-0.770679963659682,3.27962283547143,1.33600145985555,2088.71996666667,1263,868
-0.764974240516354,3.27297514808304,1.33724597621232,2088.75333333333,1263,868
-0.76179776462885,3.26601132782458,1.33851885948409,2088.7867,1263,868
-0.761157247820539,3.26202806495796,1.34151223428571,2088.82006666667,1263,868
-0.760463056707479,3.25478560560645,1.34314040673574,2088.85343333333,1263,868
-0.760596163900719,3.24971779398622,1.34564112803897,2088.8868,1263,868
-0.766620249008086,3.25164011635411,1.35129385700641,2088.92016666667,1263,868
-0.763458900176312,3.243162010082,1.35068335788761,2088.95353333333,1263,868
-0.767130134588934,3.241773021112,1.35453949996266,2088.9869,1263,868
-0.764379258444342,3.23186553087151,1.3541422109275,2089.02026666667,1263,868
-0.766288883134348,3.2259748084594,1.35482433072262,2089.05363333333,1263,868
-0.767890503625896,3.2194509618799,1.35708376712225,2089.087,1263,868
-0.765134573771614,3.20935209401566,1.35712423397756,2089.12036666667,1263,868
-0.765730830916173,3.20602014634323,1.35929245472316,2089.15373333333,1263,868
-0.765167798857495,3.20202295076141,1.36306264949169,2089.1871,1263,868
-0.759479497136323,3.19219140330838,1.36393436674214,2089.22046666667,1263,868
-0.757031284820423,3.18611255507129,1.3673335061169,2089.25383333333,1263,868
-0.756147709586711,3.18173842650988,1.3708780768733,2089.2872,1263,868
-0.757052173576935,3.17784785662255,1.37547737325827,2089.32056666667,1263,868
-0.757033250008303,3.17106058001802,1.377121242846,2089.35393333333,1263,868
11.3528238242916,9.10100588608732,0.877299834027632,2095.46003333333,1264,869
2.64917577026598,6.09108043035503,0.901147309706972,2096.72796666667,1265,870
2.68374690911125,6.15034372007844,0.906059664664258,2096.76133333333,1265,870
2.70399676209237,6.17569720795076,0.908897677286188,2096.7947,1265,870
2.71932069766914,6.19465556584269,0.914369242573801,2096.82806666667,1265,870
2.69736203383841,6.12553033661866,0.909619691936439,2096.86143333333,1265,870
2.70824851134421,6.13152191877152,0.914759525523944,2096.8948,1265,870
2.78051747508917,6.25928833096942,0.926238600683722,2096.96153333333,1266,870
2.81313376221575,6.30702411379919,0.93029923913651,2096.9949,1266,870
2.83115182338962,6.32651417614054,0.931112269426809,2097.02826666667,1266,870
2.82416665046115,6.28190536418415,0.930719830310136,2097.06163333333,1266,870
2.85702257268559,6.33093731927343,0.934805396223326,2097.095,1266,870
2.84817754401613,6.28893468271974,0.931390747718176,2097.12836666667,1266,870
2.87168162389031,6.31766246750693,0.934514345544046,2097.16173333333,1266,870
2.93396116650877,6.40608452509802,0.942112604278599,2097.22846666667,1267,870
2.91476754018207,6.3315256923357,0.937371151389962,2097.26183333333,1267,870
3.01060146429888,6.46494984164111,0.945672133821331,2097.32856666667,1268,870
0.792025314187878,1.5095219249545,1.23333425690005,2108.23946666667,1269,871
0.809665502592314,1.50500519719841,1.24679449364209,2108.27283333333,1269,871
0.83599171199416,1.49929114886899,1.25507377242184,2108.3062,1269,871
0.860877060189659,1.49414597865551,1.26431003339724,2108.33956666667,1269,871
0.889336608711128,1.48970753766759,1.27100769542223,2108.37293333333,1269,871
0.914397358288328,1.48505416630392,1.27758753411837,2108.4063,1269,871
0.935770046095657,1.47946217274962,1.28314435691094,2108.43966666667,1269,871
0.954263528615388,1.473908897633,1.28916521054086,2108.47303333333,1269,871
0.96853092493711,1.47005521405478,1.29610420563129,2108.5064,1269,871
0.980669625689932,1.4652829883598,1.30210268326418,2108.53976666667,1269,871
0.992034004098508,1.45901552394436,1.30753816909197,2108.57313333333,1269,871
1.00375958175942,1.45219584844837,1.31235791138405,2108.6065,1269,871
1.017962101027,1.44516711587688,1.31374854986097,2108.63986666667,1269,871
1.02901385319606,1.43893267634289,1.31998438725937,2108.67323333333,1269,871
1.04197307724525,1.43178903538768,1.3225820298926,2108.7066,1269,871
1.05354263297485,1.42485158963477,1.32571177697684,2108.73996666667,1269,871
1.06441184793617,1.41991768363912,1.32966802309148,2108.77333333333,1269,871
1.07516658890021,1.41671032960976,1.33357926407168,2108.8067,1269,871
1.08607072128349,1.41378555323901,1.33814007399005,2108.84006666667,1269,871
1.09883057601092,1.40946099312893,1.34167759925469,2108.87343333333,1269,871
1.11287593027865,1.40439431435445,1.34585248759743,2108.9068,1269,871
1.12619782095778,1.39680561034331,1.34920045586651,2108.94016666667,1269,871
1.13859203406353,1.3856786414711,1.35345332630624,2108.97353333333,1269,871
1.15052079898521,1.37059533983218,1.35815441299897,2109.0069,1269,871
1.164198291925,1.35391066435654,1.36282974172849,2109.04026666667,1269,871
1.18079080811662,1.33811341663456,1.36751484787321,2109.07363333333,1269,871
1.20000353514453,1.32373686680718,1.37470150081377,2109.107,1269,871
1.22026214530392,1.31188041162936,1.38419293198898,2109.14036666667,1269,871
1.24229239538147,1.30012739103953,1.39314193868547,2109.17373333333,1269,871
1.26471017398155,1.28851767196038,1.40136154826369,2109.2071,1269,871
1.28648059310748,1.27686023979866,1.40987497658964,2109.24046666667,1269,871
1.30611623920036,1.26453055841872,1.41912733786195,2109.27383333333,1269,871
1.32681141881248,1.25148079132004,1.43230336073266,2109.3072,1269,871
6.63140835304072,14.2510600658745,-0.245961459555176,2111.67623333333,1270,872
6.76677009070367,14.5287966436891,-0.263697260992669,2111.7096,1271,872
-1.1309430018074,1.20089187818281,0.888147135237966,2122.65386666667,1272,873
-1.13415564847486,1.2039610904051,0.888936429589341,2122.68723333333,1272,873
-1.13346602948115,1.2058344690986,0.889562504112001,2122.7206,1272,873
-1.13719836284122,1.20869157419816,0.890412751095631,2122.75396666667,1272,873
-1.14051269849962,1.21140349271874,0.890508618148589,2122.78733333333,1272,873
-1.14204114188227,1.21417503415213,0.890502863982161,2122.8207,1272,873
-1.14578588397745,1.21738985229709,0.890338474080845,2122.85406666667,1272,873
-1.14998029383029,1.2220846738264,0.889523290540111,2122.88743333333,1272,873
-1.15472023309717,1.2271486903538,0.88795250486638,2122.9208,1272,873
-1.1579349490257,1.23257243097663,0.885953655824392,2122.95416666667,1272,873
-1.16042679653281,1.23991179470626,0.883532319378954,2122.98753333333,1272,873
-1.16072359596832,1.24914348095677,0.88116494847826,2123.0209,1272,873
-1.16213815639561,1.25798086184129,0.877405302167517,2123.05426666667,1272,873
6.57715330736665,14.0829175115489,0.499585946188747,2124.05526666667,1273,874
6.65416745882258,14.2583339743056,0.505126141987827,2124.08863333333,1273,874
6.65064711649493,14.2506557498168,0.511084189437902,2124.122,1273,874
6.57653319299779,14.0754893941379,0.594148962047129,2124.48903333333,1274,874
13.5798182343824,9.56701448328127,0.949854746037103,2125.79033333333,1275,875
-0.919757147889761,0.906926149637196,0.808321814418729,2127.19173333333,1276,876
-0.910532485039587,0.904293605009652,0.809564815618198,2127.2251,1276,876
-0.899057477605639,0.90074994506505,0.810938348619001,2127.25846666667,1276,876
-0.82078417576753,0.899185449252605,0.852701709152795,2127.55876666667,1277,876
-0.817246916447124,0.901093722182904,0.856995418663526,2127.59213333333,1277,876
-0.814182040299588,0.903034406323708,0.860224173896944,2127.6255,1277,876
-0.813662667065572,0.905397691158366,0.861067649994457,2127.65886666667,1277,876
-0.81378186915502,0.909589858903267,0.86159353885934,2127.69223333333,1277,876
-0.816685383516778,0.914576561498122,0.861778856747968,2127.7256,1277,876
-0.821369110691314,0.921011336894201,0.861458796840166,2127.75896666667,1277,876
-0.828747676835416,0.926789651774647,0.860760811336954,2127.79233333333,1277,876
-0.833638360542219,0.933667680820529,0.85886790738905,2127.8257,1277,876
-0.840934719090716,0.940750901097647,0.85746377244284,2127.85906666667,1277,876
-0.847905611140097,0.949089048596342,0.857403306892109,2127.89243333333,1277,876
-0.849269129206008,0.956047670629621,0.856581480613199,2127.9258,1277,876
-0.850774426918653,0.961134982625311,0.856908326454127,2127.95916666667,1277,876
-0.851353825903796,0.9636319629756,0.856859878812167,2127.99253333333,1277,876
-0.849288542949525,0.964325637975756,0.856712800960711,2128.0259,1277,876
-0.849147097891886,0.963796108555174,0.856878832653111,2128.05926666667,1277,876
-0.850701885966166,0.96425130178328,0.85800266631741,2128.09263333333,1277,876
-0.85268484689487,0.965854540506932,0.860713466555684,2128.126,1277,876
-0.854350574630756,0.96436302017167,0.861011151091107,2128.15936666667,1277,876
1.31006921528737,8.28051674476801,1.18891761879273,2128.89343333333,1278,877
1.28601563707791,8.10586583745346,1.1806776277367,2128.9268,1278,877
1.28904942387322,8.2652381301301,1.1993244207918,2128.96016666667,1278,877
1.39427310681089,9.6006536830598,1.32806743378448,2128.99353333333,1279,877
1.36641881396955,9.32707730353046,1.31114622849272,2129.0269,1279,877
1.3767150874468,9.52017272365338,1.33947412177095,2129.06026666667,1279,877
1.30223340451435,8.7837251654188,1.28055460534453,2129.09363333333,1280,877
1.30341664711715,8.84234589466956,1.29702115379616,2129.127,1280,877
1.2909886674017,8.68245544411084,1.28924131584035,2129.16036666667,1280,877
1.31738163849641,9.18691618710563,1.35356308774503,2129.2271,1281,877
-4.01127817809295,0.347929738482748,1.3908496437289,2135.86706666667,1282,878
-4.02591867512391,0.34265334122512,1.39716337658888,2135.90043333333,1282,878
-4.04675244887879,0.337873137857993,1.40465278636451,2135.9338,1282,878
-1.4563772369079,-0.0502037207845076,1.23571799373399,2136.7346,1283,879
-1.45427491074319,-0.0428487964132271,1.23695903850655,2136.76796666667,1283,879
-1.4607660906262,-0.041810192123609,1.23970356509305,2136.80133333333,1283,879
-1.46600388661153,-0.0391149875031012,1.24269940826795,2136.8347,1283,879
-1.46985372438148,-0.035258180488124,1.24576799224106,2136.86806666667,1283,879
-1.47848209790363,-0.0335816792898755,1.24876348920072,2136.90143333333,1283,879
-1.48976956381628,-0.0316327340708116,1.25446690533565,2136.9348,1283,879
-1.50105872425446,-0.0262618091278305,1.25917148325176,2136.96816666667,1283,879
-1.51257165346503,-0.018737311833147,1.2635348609784,2137.00153333333,1283,879
-1.52376715893347,-0.0121775304705215,1.26714303053294,2137.0349,1283,879
-1.53407517173998,-0.00143808624177588,1.27082871096965,2137.06826666667,1283,879
-1.54192414467023,0.00880448974314518,1.27297564247074,2137.10163333333,1283,879
-1.54822329438413,0.0177341883493771,1.27411216357637,2137.135,1283,879
-1.55486807990589,0.0238798146815076,1.27591156429393,2137.16836666667,1283,879
-1.55729266434081,0.0312624227708788,1.27697487206617,2137.20173333333,1283,879
-1.55774629468847,0.0352432589544833,1.27689341849994,2137.2351,1283,879
-1.56584316748443,0.0378850154266873,1.27849231751363,2137.26846666667,1283,879
-1.56042667129137,0.0457252086085217,1.27729492101632,2137.30183333333,1283,879
-1.56543050892998,0.0494838538768521,1.27883274908905,2137.3352,1283,879
-1.57509549333098,0.0534174801076274,1.28070283682207,2137.36856666667,1283,879
-1.58476997471289,0.0575955074593605,1.28145011053037,2137.40193333333,1283,879
-1.59181571665277,0.0634760752156015,1.2816985632787,2137.4353,1283,879
-1.59191284678163,0.0737816707898726,1.27769085642387,2137.46866666667,1283,879
6.93610483327922,13.16235579712,-0.241278254569459,2140.9388,1284,880
6.68753297125644,12.6752313241868,-0.207278975052453,2140.97216666667,1285,880
6.87793420650286,13.0532025780396,-0.233045314852765,2141.00553333333,1286,880
-2.01033896256554,-0.837602807361495,0.907370623754382,2145.51003333333,1287,881
-2.00146752154976,-0.832717986378593,0.911663009138394,2145.5434,1287,881
-1.9987909807911,-0.832863650530932,0.915459001670254,2145.57676666667,1287,881
-2.76402162912074,3.78561956494031,0.48478276323763,2146.57776666667,1288,882
-2.76185330255319,3.78035757810977,0.479475715809881,2146.61113333333,1288,882
-2.761060345186,3.77314254944003,0.4740488245885,2146.6445,1288,882
-1.72661496665126,-1.29265899585832,1.16529668245987,2150.18136666667,1289,883
-1.72097765460868,-1.29095844627087,1.15902752535061,2150.21473333333,1289,883
-1.71751955275452,-1.29164393822757,1.15276009012185,2150.2481,1289,883
-1.71690372197245,-1.29861670767159,1.14908317386249,2150.28146666667,1289,883
-1.6993903701213,-1.28924678139914,1.13989386548062,2150.31483333333,1289,883
-1.69712519489442,-1.29626529373483,1.13737253345919,2150.3482,1289,883
-1.71059060230137,-1.31553606731909,1.13885754879289,2150.38156666667,1289,883
-1.69192570056819,-1.30292290172937,1.13465360502929,2150.41493333333,1289,883
-1.68860989232561,-1.30810804469597,1.13687304942879,2150.4483,1289,883
-1.67870526628694,-1.30581417487492,1.13503109266443,2150.48166666667,1289,883
-1.67679611245632,-1.3141909094918,1.13655097295614,2150.51503333333,1289,883
-1.65344445775806,-1.30322020822841,1.1315499486398,2150.5484,1289,883
-1.65494067467046,-1.31373645473142,1.13131706147391,2150.58176666667,1289,883
-1.6488308355973,-1.32036670720654,1.13246554857204,2150.61513333333,1289,883
-2.64081725654885,3.96151928404302,0.993329155910777,2150.8487,1290,884
-2.63674538416168,3.9418192754816,0.998333274248209,2150.88206666667,1290,884
-2.64908456536617,3.93423979582469,1.00504535115928,2150.91543333333,1290,884
-2.65428146174346,3.92288780016193,1.0132585951942,2150.9488,1290,884
-2.64715694452347,3.90150312905718,1.01902857149804,2150.98216666667,1290,884
-2.66004007286316,3.89887735569884,1.02722985066495,2151.01553333333,1290,884
-2.6706972456885,3.89636269356823,1.03524672492949,2151.0489,1290,884
-2.66866532001147,3.88786131767122,1.04261746152543,2151.08226666667,1290,884
-2.6720109373172,3.88639401228524,1.04956489365766,2151.11563333333,1290,884
-2.67116404102768,3.88064359678124,1.0568985004529,2151.149,1290,884
-2.66441338878571,3.87816665765019,1.06084249167833,2151.18236666667,1290,884
-2.66806495452692,3.88241512272013,1.07032005549884,2151.21573333333,1290,884
-2.66015446970211,3.87957584858972,1.07543235594568,2151.2491,1290,884
-2.66023985236697,3.88756785455169,1.08475745758511,2151.28246666667,1290,884
-2.64030423500406,3.87835251127746,1.08642820510864,2151.31583333333,1290,884
-2.61747270056778,3.87333694737431,1.09328057807914,2151.3492,1290,884
-2.60811059120916,3.88246948896508,1.09920378191232,2151.38256666667,1290,884
-2.59501795819632,3.88905561603509,1.10504009047602,2151.41593333333,1290,884
-1.03099115907574,-1.73693982780353,1.43201953713492,2154.7526,1291,885
-1.02989463307226,-1.74762459589166,1.43129760644884,2154.78596666667,1291,885
-1.02633268975648,-1.75385231293905,1.42947303266171,2154.81933333333,1291,885
-1.01249455096225,-1.7441260887644,1.42282509659019,2154.8527,1291,885
-1.01728171077602,-1.76176208485292,1.42366507661158,2154.88606666667,1291,885
-0.992384650863615,-1.73460864472806,1.39448222174856,2155.21973333333,1292,885
-2.36130601110508,4.66759707764563,0.939643950347659,2156.62113333333,1293,886
-2.38217590049242,4.66939865059579,0.942199495447799,2156.68786666667,1294,886
-2.40167668383937,4.66351992752628,0.94012316489421,2156.78796666667,1295,886
-2.40984783914679,4.64872410380856,0.936446745410159,2156.8547,1296,886
-0.566487314842465,-2.36413920965221,1.6497437309775,2159.29046666667,1297,887
-0.560726829738276,-2.36507828816023,1.65336617876931,2159.32383333333,1297,887
-0.570695676331127,-2.40360551803152,1.66550943257661,2159.3572,1297,887
-0.546875046531225,-2.36064461243699,1.65212113079691,2159.42393333333,1298,887
-0.53197575582915,-2.33975467748131,1.64352919384495,2159.4573,1298,887
-0.521527424423344,-2.3304759368201,1.63697629840371,2159.52403333333,1299,887
-0.529958471152117,-2.36136544653925,1.64433488953089,2159.5574,1299,887
0.0839376122574969,-0.849086021773365,1.26930366958209,2165.163,1300,888
0.0847082276846051,-0.83613307299108,1.26844419098847,2165.19636666667,1300,888
0.083702532760036,-0.82823674307297,1.26969208364615,2165.22973333333,1300,888
0.0853984551292659,-0.814836248071134,1.26756712991234,2165.2631,1300,888
0.0887758523842477,-0.803460769338143,1.26548598108734,2165.29646666667,1300,888
0.0955208851223084,-0.789072665837633,1.2610145872396,2165.32983333333,1300,888
0.102725502028989,-0.776854132391201,1.2574437732342,2165.3632,1300,888
0.110567107946161,-0.765152088712902,1.25422826586975,2165.39656666667,1300,888
0.121904583206707,-0.752227754073398,1.2494673621764,2165.42993333333,1300,888
0.128741626375697,-0.746960511576715,1.2478319894153,2165.4633,1300,888
0.135037717569793,-0.74559902432918,1.24870649999106,2165.49666666667,1300,888
0.14222089583942,-0.736007107579503,1.24679999610542,2165.53003333333,1300,888
0.148864319657459,-0.724466685742235,1.24349494939785,2165.5634,1300,888
0.15443621854053,-0.714084078463196,1.2409988855824,2165.59676666667,1300,888
0.158114049900159,-0.712418136222822,1.24084486988443,2165.63013333333,1300,888
0.163263271848349,-0.705324265384799,1.2372989463713,2165.6635,1300,888
0.166464552591528,-0.704599734205632,1.23691753044261,2165.69686666667,1300,888
0.173486112413017,-0.691492552267734,1.230878442507,2165.73023333333,1300,888
0.176823324579007,-0.688598680784055,1.22938386408943,2165.7636,1300,888
0.182427210506874,-0.682920722926764,1.22566713096713,2165.79696666667,1300,888
0.188067352400701,-0.681007417706702,1.22238204285113,2165.83033333333,1300,888
0.194625952765889,-0.681712447853677,1.21854773387541,2165.8637,1300,888
0.206190427923803,-0.670925586128159,1.21159891112389,2165.89706666667,1300,888
0.209040375887735,-0.680630654224059,1.21344146446128,2165.93043333333,1300,888
0.218276732699264,-0.671432673596565,1.20839427204365,2165.9638,1300,888
5.83041231935648,11.8285741039643,0.351034785323998,2166.43093333333,1301,889
5.78483937130323,11.73018461971,0.352444781951065,2166.4643,1301,889
0.772204863563787,-0.670713847508328,1.21047675506423,2169.50066666667,1302,890
0.772018179953794,-0.656952406466103,1.20988773883983,2169.53403333333,1302,890
0.771711868881085,-0.631336359852073,1.20448278782413,2169.5674,1302,890
0.772094461153121,-0.622692523904355,1.20602778910263,2169.60076666667,1302,890
0.77252177385537,-0.602017813248626,1.20285623664575,2169.63413333333,1302,890
0.772408039329179,-0.585921470799612,1.2019550851718,2169.6675,1302,890
0.772773753211292,-0.567687853237142,1.20008294766155,2169.70086666667,1302,890
0.775512113302583,-0.552970593817811,1.1996590295557,2169.73423333333,1302,890
0.778048794072217,-0.535829099624597,1.19858804792874,2169.7676,1302,890
0.780429827162252,-0.515797434461849,1.19725552298603,2169.80096666667,1302,890
0.780091648327618,-0.495116380963182,1.1947804382966,2169.83433333333,1302,890
0.778342983112341,-0.474732008158472,1.19274558783508,2169.8677,1302,890
0.775974520921632,-0.459973757229869,1.19308437583,2169.90106666667,1302,890
0.774031117649297,-0.439257237261519,1.19099359650665,2169.93443333333,1302,890
0.772819058670114,-0.420186933823009,1.18886766029181,2169.9678,1302,890
0.773168217993454,-0.399524470702962,1.18525664938912,2170.00116666667,1302,890
0.775145551760615,-0.379436333719643,1.18119354362748,2170.03453333333,1302,890
0.777334798423255,-0.36227042232106,1.17852252933323,2170.0679,1302,890
0.777715463286014,-0.338428261296905,1.1724218019088,2170.10126666667,1302,890
0.778387089150008,-0.32354133208484,1.17027215462573,2170.13463333333,1302,890
0.777941671554003,-0.304052131698356,1.16443454335986,2170.168,1302,890
0.779098156363717,-0.287081626310443,1.15934512571226,2170.20136666667,1302,890
0.780357392900175,-0.272332901478901,1.15557171763255,2170.23473333333,1302,890
0.777614392223189,-0.24892693635659,1.14736803373961,2170.2681,1302,890
0.774894875778737,-0.231770310767472,1.1425401018439,2170.30146666667,1302,890
0.772233391735585,-0.214589159815439,1.13788685793661,2170.33483333333,1302,890
0.768224678828064,-0.188461186851176,1.12998766989623,2170.3682,1302,890
0.0925095952662873,2.187040315404,0.94483182430533,2173.70486666667,1303,891
0.0688225632496939,2.20399255500878,0.944853039720662,2173.73823333333,1303,891
0.0458957890169377,2.21940333991597,0.944172354398801,2173.7716,1303,891
0.0228831677765489,2.23384717846579,0.943319993406418,2173.80496666667,1303,891
0.00134558471599477,2.24587913063246,0.941091690614676,2173.83833333333,1303,891
-0.0219184513858487,2.2596878460982,0.939367213789618,2173.8717,1303,891
-0.0445807591306983,2.27267134644178,0.936643784888177,2173.90506666667,1303,891
-0.0662453889689165,2.2843654811051,0.933246650742713,2173.93843333333,1303,891
-0.0910083814223023,2.2970186518457,0.928854113991402,2173.9718,1303,891
-0.11378533843624,2.30883765898136,0.924344143604104,2174.00516666667,1303,891
-0.137723605495909,2.31995395198883,0.918859280462811,2174.03853333333,1303,891
-0.163342628583414,2.33203386632829,0.913427952831147,2174.0719,1303,891
-0.190249163140918,2.34389213151208,0.908216441058047,2174.10526666667,1303,891
-0.216307052053093,2.35642480148916,0.903521028082416,2174.13863333333,1303,891
-0.2449506956735,2.37214936132017,0.898914592450717,2174.172,1303,891
-0.271350486284358,2.38626725849824,0.894928247439293,2174.20536666667,1303,891
-0.300375691970793,2.40128632448592,0.890765699628274,2174.23873333333,1303,891
-0.327459433426479,2.41262060098299,0.886081953807924,2174.2721,1303,891
-0.354548962694004,2.42275956487965,0.88137629329053,2174.30546666667,1303,891
-0.384422673425846,2.43474904781591,0.87744133053298,2174.33883333333,1303,891
-0.410468424845385,2.44464230085631,0.873517603726734,2174.3722,1303,891
-0.4315109107979,2.45050130763386,0.868810460141955,2174.40556666667,1303,891
-0.460767735307803,2.46079980320129,0.864306008739626,2174.43893333333,1303,891
5.98672187228578,11.8368198689315,0.835912115546227,2194.0919,1304,892
3.95380815962937,11.2818396669526,1.22384935375392,2198.96343333333,1305,893
4.07548401607032,11.6260871708001,1.24531811764134,2198.9968,1306,893
5.20838049417737,10.0508915104192,0.897405859573378,2204.06853333333,1307,894
5.72807526554512,6.5326483163756,0.983310265912317,2219.0168,1308,895
5.67466694435185,6.46164435114268,0.980697338302018,2219.05016666667,1308,895
5.76319377203731,6.53841175970614,0.991196894051069,2219.08353333333,1308,895
5.78836748236957,6.50321551834511,0.99692490079618,2219.28373333333,1309,895
3.84420698229042,6.06778174980357,1.22205739543596,2224.08853333333,1310,896
3.80907762013213,6.05323690063863,1.21242946378254,2224.1219,1310,896
3.81853463790098,6.09469750968641,1.2107088208907,2224.15526666667,1310,896
3.80973579793544,6.11143390012085,1.20569072096176,2224.18863333333,1310,896
3.76798198931249,6.07244584285072,1.18834371994187,2224.222,1310,896
3.7587696337974,6.07913775599211,1.18391893241421,2224.25536666667,1310,896
3.76047504857552,6.09856658913735,1.18061460872778,2224.28873333333,1310,896
3.74267950704685,6.08506498341265,1.17181423358089,2224.3221,1310,896
3.74464490389065,6.09929265183166,1.16438135478004,2224.35546666667,1310,896
3.74686235242064,6.11373210666875,1.15662964085307,2224.38883333333,1310,896
3.70350886067958,6.05646268504522,1.14018817592983,2224.4222,1310,896
3.72961166937559,6.1022011222802,1.13262896682408,2224.45556666667,1310,896
3.69855544507917,6.06580359566268,1.11981804230617,2224.48893333333,1310,896
3.67113260022595,6.02364026535592,1.10755519028143,2224.5223,1310,896
3.70793181923714,6.14180188084603,1.08192804099894,2224.65576666667,1311,896
1.14716257069769,4.69320116505264,1.10717773051892,2228.69313333333,1312,897
1.15451347307815,4.68991805020298,1.11311673229787,2228.7265,1312,897
1.16499198260257,4.6751912274897,1.11875882781355,2228.75986666667,1312,897
1.17384978052488,4.65691545588247,1.12343712393007,2228.79323333333,1312,897
1.18861802280704,4.67554444513161,1.1344303364539,2228.8266,1312,897
1.19928674564707,4.65694423775366,1.14004527211726,2228.85996666667,1312,897
1.2053105197776,4.61455006173315,1.14083302715439,2228.89333333333,1312,897
1.21405743777848,4.6178515243304,1.1468605059915,2228.9267,1312,897
1.22477771663372,4.61328786924536,1.15122941268951,2228.96006666667,1312,897
1.23007857261653,4.58980152172072,1.15249166143586,2228.99343333333,1312,897
1.23922174516546,4.59195292650681,1.15836617764376,2229.0268,1312,897
1.24381740967292,4.56921684351653,1.15976285981057,2229.06016666667,1312,897
1.24932840007643,4.55741777325901,1.16437873346786,2229.09353333333,1312,897
1.25335787220614,4.54466316805362,1.16833269258526,2229.1269,1312,897
1.25462376335144,4.52104270818073,1.17112971270357,2229.16026666667,1312,897
1.25832751693423,4.53693001502335,1.17886803468566,2229.19363333333,1312,897
1.2588132657335,4.52469211977512,1.18041066794761,2229.227,1312,897
1.25367900937049,4.51259749998373,1.17978201928369,2229.26036666667,1312,897
1.24842302869279,4.46730652329479,1.1742603708877,2229.29373333333,1312,897
1.25142099897662,4.50669736457879,1.1847903391751,2229.3271,1312,897
1.23939403121384,4.44250998196994,1.1749252690134,2229.36046666667,1312,897
-1.89670662935154,3.32002293450912,0.679954505916007,2235.16626666667,1313,898
-1.90015766063945,3.31069453183365,0.684887549902842,2235.19963333333,1313,898
-1.91112532811664,3.29928754406682,0.687459139481391,2235.233,1313,898
-2.09058104550554,3.19098174584116,0.753948007433243,2235.60003333333,1314,898
-2.10608004847025,3.18326137995056,0.763549909585108,2235.6334,1314,898
-2.11249841692505,3.17357815969063,0.770688638326811,2235.66676666667,1314,898
-2.12240636282998,3.16881053080546,0.776503599951541,2235.70013333333,1314,898
-2.122959859242,3.15981516909766,0.785066568654982,2235.7335,1314,898
-2.13013724526405,3.15985425083763,0.79111085918412,2235.76686666667,1314,898
-2.13393700260519,3.15637639556051,0.800184799539835,2235.80023333333,1314,898
-2.13721802894882,3.1533757296421,0.810409627113555,2235.8336,1314,898
-1.66371181598646,1.40930513491383,1.0111540195404,2248.01243333333,1315,899
-1.65410896682442,1.40780287913266,1.01321011021506,2248.0458,1315,899
-1.64231046049433,1.40366973186574,1.01254164164502,2248.07916666667,1315,899
-1.61210602787934,1.3791491907004,1.01545893131636,2248.17926666667,1316,899
-1.60395309503319,1.37392960383746,1.01770362760817,2248.21263333333,1316,899
-1.58313913084651,1.36959655559355,1.02252904499485,2248.27936666667,1317,899
-1.57111411529541,1.36914403833798,1.02445614115336,2248.31273333333,1317,899
-1.55906885446272,1.36868624760521,1.02505319203592,2248.3461,1317,899
-1.54711274162624,1.36638169503481,1.0241899488954,2248.37946666667,1317,899
-1.54055879471999,1.36484777932825,1.02280556403923,2248.41283333333,1317,899
-1.53632350856465,1.36256842635159,1.01998013359941,2248.4462,1317,899
-1.53454256488263,1.35637183768691,1.01526966823688,2248.47956666667,1317,899
-1.53105208833039,1.34795724267525,1.01235044678884,2248.51293333333,1317,899
-1.52369419127023,1.33795728614289,1.00998326180332,2248.5463,1317,899
-1.51575653980187,1.32567829816932,1.00728560787698,2248.57966666667,1317,899
-1.50452216374969,1.3115540819544,1.00420808218154,2248.61303333333,1317,899
-1.49871582232501,1.29803842775724,1.00311443390088,2248.6464,1317,899
-1.49465376292676,1.28611587020597,1.0038486356582,2248.67976666667,1317,899
-1.4917766571463,1.27428283654457,1.00449620378608,2248.71313333333,1317,899
-1.4845727646518,1.26420772622505,1.00597595761374,2248.7465,1317,899
-1.48112245275842,1.25432584293699,1.00641591023742,2248.77986666667,1317,899
-1.48374993493869,1.2449588590012,1.00767337004438,2248.81323333333,1317,899
-1.48427543449007,1.23490777012622,1.00484193274987,2248.8466,1317,899
-1.48207924224996,1.22348182715901,1.00210719090483,2248.87996666667,1317,899
-1.48272931569949,1.21324659785287,1.00195997124036,2248.91333333333,1317,899
-1.48218036173399,1.20155524030149,0.999765909761506,2248.9467,1317,899
-1.48959884433424,1.18873864644965,0.998685844876798,2248.98006666667,1317,899
-1.48044185725206,1.17487714727388,0.995256628108005,2249.01343333333,1317,899
-2.38991878042155,0.966827459782985,0.689540295184837,2252.98406666667,1318,900
-2.42156499588726,0.967361909184931,0.695496241385373,2253.01743333333,1318,900
-2.43856099115221,0.968903216644329,0.702778480831316,2253.0508,1318,900
-2.4511225742356,0.969364491906256,0.710266982783837,2253.08416666667,1318,900
-2.46704635142955,0.969871061878184,0.717958645828737,2253.11753333333,1318,900
-2.49244143291003,0.972856634102854,0.72486684155988,2253.1509,1318,900
-2.50458582635005,0.97483234775655,0.732715629494941,2253.18426666667,1318,900
-2.51994680417271,0.978499665768666,0.741620214790323,2253.21763333333,1318,900
-2.53773479813366,0.980552263474086,0.748634410902484,2253.251,1318,900
-2.58201613010764,0.9858440319463,0.762131071458335,2253.41783333333,1319,900
-4.0975533005477,1.03918581869365,1.56481614798225,2257.22163333333,1320,901
-4.07593168975613,1.04204937558872,1.55984842525384,2257.255,1320,901
-4.05823188365324,1.04765744558161,1.55700838326385,2257.28836666667,1320,901
-4.05915946249661,1.05976702579226,1.54677339874047,2257.38846666667,1321,901
-4.01951120125129,1.06191702957647,1.54139951328823,2257.4552,1322,901
-4.01541390645893,1.06863790182213,1.54295790497654,2257.52193333333,1323,901
-4.01581429937699,1.07228472153022,1.54028809014081,2257.5553,1323,901
-3.99868319090894,1.0741621900684,1.53390291603963,2257.58866666667,1323,901
-3.98621980248656,1.10499248480845,1.52152762301964,2257.88896666667,1324,901
-2.73240685319778,1.34468695760531,1.4959714908526,2262.12653333333,1325,902
-2.73663481193621,1.35509929226657,1.47959776924749,2262.1599,1325,902
-2.74491472813559,1.36276767813654,1.46316255719527,2262.19326666667,1325,902
-2.7552433928401,1.37162506220745,1.44481940943501,2262.22663333333,1325,902
-2.7603880879885,1.3782331769756,1.42632756008754,2262.26,1325,902
-2.76049246716673,1.38359911889133,1.40545968778417,2262.29336666667,1325,902
-2.76819691074793,1.38757825670949,1.39142969211154,2262.32673333333,1325,902
-2.77714293969339,1.39192797731477,1.37532140998997,2262.3601,1325,902
-2.7781594901614,1.39527928780823,1.35915957249587,2262.39346666667,1325,902
-2.78862558676082,1.40108124772519,1.32974723696576,2262.4602,1327,902
-2.80401919669445,1.40363231250938,1.31949555514841,2262.49356666667,1327,902
-2.80152695406315,1.40583014118888,1.30945842430667,2262.52693333333,1327,902
-2.81249077292404,1.41336455927917,1.30554723131211,2262.5603,1327,902
-2.81464463246946,1.42006431434509,1.30286439686668,2262.59366666667,1327,902
-2.82058802529284,1.42869432019634,1.30325306358432,2262.62703333333,1327,902
-2.82484369013409,1.43686289035223,1.30445332968365,2262.6604,1327,902
-2.83076938565628,1.44687398494994,1.30214265798323,2262.69376666667,1327,902
-2.84119930747985,1.45633500365763,1.30291269196815,2262.72713333333,1327,902
-2.84277949558771,1.4654146218619,1.29779430969885,2262.7605,1327,902
-2.85179046514645,1.4748697041234,1.29372171585897,2262.79386666667,1327,902
-2.85561093804428,1.48159810712292,1.2857901531665,2262.82723333333,1327,902
-2.87296208003223,1.49242168951449,1.28066579052513,2262.8606,1327,902
-2.87884468471178,1.50028151831966,1.270597106298,2262.89396666667,1327,902
0.136318080278734,1.57704248427241,0.701525738748532,2262.42683333333,1326,903
0.402164159634562,1.14923034741019,0.577794245423303,2274.00506666667,1328,904
-2.0954986916449,-6.13411316697988,2.41671139191277,2279.31036666667,1329,905
-2.12289684037796,-6.11428040967367,2.4243185501319,2279.34373333333,1329,905
-0.143918623223181,0.481114006510647,0.639003373007317,2279.41046666667,1330,906
-2.86942224099929,-2.58303593977528,2.23510697465656,2281.6794,1331,907
-2.88216372650639,-2.52675861071915,2.2252277525233,2281.71276666667,1331,907
-2.90337080977794,-2.47410874447243,2.21782612414194,2281.74613333333,1331,907
-4.28302852170353,2.10906741060268,1.59912571536261,2282.44683333333,1332,908
-4.3025745802141,2.10589382209462,1.60071796385507,2282.4802,1332,908
-4.33470909065592,2.10598212247697,1.60454331278603,2282.51356666667,1332,908
-4.34435032971331,2.099759722123,1.60328510105489,2282.54693333333,1332,908
-4.36451793421049,2.10061141275305,1.60343261134344,2282.5803,1332,908
-4.39720121972378,2.10103362615957,1.60708087577325,2282.61366666667,1332,908
-4.40413768660436,2.09699747006995,1.60446080593507,2282.64703333333,1332,908
-4.4317466654364,2.09449687799521,1.60743276067229,2282.6804,1332,908
-4.45306402884097,2.09335998816117,1.6075270429724,2282.71376666667,1332,908
-4.4821052212148,2.09065212485235,1.60869373365828,2282.74713333333,1332,908
-4.50346920781624,2.08707632054356,1.61144127379226,2282.7805,1332,908
-4.53132326629058,2.08506739558981,1.61394943791167,2282.81386666667,1332,908
-4.53526303617959,2.0759080072558,1.60929713361677,2282.84723333333,1332,908
-4.57294793968093,2.0609916245921,1.60997605493124,2282.91396666667,1333,908
-4.61789572464923,2.05625198539808,1.6152925514739,2282.94733333333,1333,908
-4.60992834685303,2.04291266173506,1.60806016580051,2282.9807,1333,908
-6.67017544876355,0.650484474867269,1.47490996714494,2286.25063333333,1334,909
-6.62668068397577,0.64287091678824,1.46502624726834,2286.284,1334,909
-6.63215214191766,0.637302447608504,1.46061622638438,2286.31736666667,1334,909
-6.6246352381187,0.634955062203449,1.46212503269013,2286.35073333333,1334,909
-6.64510978608889,0.626229790895435,1.46001546622438,2286.3841,1334,909
-6.70135423302196,0.618728372502323,1.46613506634646,2286.41746666667,1334,909
-6.68248232170687,0.615142298100016,1.45606163046832,2286.45083333333,1334,909
-6.72383545756617,0.609583021078724,1.45972681629319,2286.4842,1334,909
-6.73214134720633,0.609543010294309,1.45870671185651,2286.55093333333,1335,909
0.397910528743962,4.98874544253997,0.379501186321331,2288.91996666667,1336,910
0.387895725094269,5.01289227387433,0.383133937488712,2288.95333333333,1336,910
0.384263959169708,4.99214197173279,0.389045397645095,2288.9867,1336,910
0.374957859776768,5.04159164101656,0.388245396370105,2289.02006666667,1336,910
0.368499454489545,5.03439053669077,0.391318204608915,2289.05343333333,1336,910
0.355849601984471,5.07754844735753,0.391036137385802,2289.0868,1336,910
0.321903267265754,5.07093514668162,0.386733221971171,2289.25363333333,1337,910
0.308556336336555,5.06457207224664,0.384912843522564,2289.287,1337,910
0.303572170064122,5.03628279147583,0.386300678751948,2289.32036666667,1337,910
0.278836103561811,4.98584756016762,0.382228883466179,2289.42046666667,1338,910
0.257345928726273,4.97557647265284,0.381594989991232,2289.4872,1339,910
0.237044564760825,5.01545791380182,0.381175893186381,2289.52056666667,1339,910
-8.71240300573154,0.251912924531699,1.57116282529474,2290.92196666667,1340,911
-8.72388822976382,0.260044564823466,1.5681864956075,2290.95533333333,1340,911
-8.74681557297592,0.266709544454305,1.57052115265723,2290.9887,1340,911
-8.80651948156689,0.26561600897427,1.57169631533397,2291.02206666667,1340,911
-8.73250215736854,0.277424247745971,1.56004699772129,2291.05543333333,1340,911
-8.76668114222025,0.285876232228697,1.55616368677135,2291.0888,1340,911
-8.82513107564368,0.290980706975976,1.55658036000877,2291.15553333333,1341,911
-9.73248351022872,-0.981319440108951,1.67121416062508,2295.15953333333,1342,912
-9.81254041734483,-1.01821060100769,1.68848776859644,2295.1929,1342,912
1.66835606252226,2.62295669026965,0.560976019021084,2298.52956666667,1343,913
1.66533857716959,2.61721836523895,0.56119081013297,2298.56293333333,1343,913
1.6703610622678,2.62619822382759,0.561319314411254,2298.62966666667,1344,913
1.01305182409458,1.43714194719697,0.635362429575509,2307.07143333333,1345,914
6.38155872434224,9.80880621877087,1.09596525385758,2339.7374,1346,915
6.34315683993151,9.76233938342276,1.09557556692789,2339.77076666667,1346,915
6.18831276081741,9.58057799684942,1.09540552782932,2339.90423333333,1347,915
4.69099237223434,8.88816515039236,1.24481789631585,2344.17516666667,1348,916
4.64072081812613,8.80157318196634,1.2481688785974,2344.20853333333,1348,916
4.73098035445768,8.99380661007628,1.27646893204265,2344.2419,1348,916
4.68543884728496,8.91927147181707,1.27923445057635,2344.27526666667,1348,916
0.187217894881057,7.03350711339113,1.04270854845441,2352.98396666667,1349,917
0.174205859746802,7.09295837590236,1.05132039048095,2353.01733333333,1349,917
0.175572628984859,7.01724554402094,1.05024119036312,2353.0507,1349,917
0.16063233919987,7.12326546461334,1.06565453297854,2353.08406666667,1349,917
0.169234414494288,7.03783143891279,1.06162003968416,2353.11743333333,1349,917
0.146673526755341,7.17929624828296,1.07650197958527,2353.1508,1349,917
-1.71914317433837,7.8812398024641,1.31843426871087,2357.58856666667,1350,918
-1.74713023959367,7.95021227459445,1.32044187878922,2357.62193333333,1350,918
-1.71716053547215,6.86959296643197,1.12047383833083,2361.72603333333,1351,919
-1.71875141725414,6.90340400010157,1.13104732521888,2361.7594,1351,919
-1.69280801853884,6.87652324655715,1.13783965918894,2361.79276666667,1351,919
-1.68683572284775,6.88794322000039,1.14492410034945,2361.82613333333,1351,919
-1.68353763097911,6.89729143116736,1.15073312858232,2361.8595,1351,919
-1.67128687363267,6.8841687033813,1.15184918146398,2361.89286666667,1351,919
-2.37444705107599,4.53677480041118,0.972673489817023,2369.63393333333,1352,920
-2.38399550438749,4.550336992813,0.966646359352755,2369.6673,1352,920
-2.37885465249115,4.54856443795904,0.956460183704942,2369.70066666667,1352,920
-2.37910363623508,4.55548916053064,0.9497373725578,2369.73403333333,1352,920
-2.36300053356194,4.54791637075735,0.943642013778397,2369.7674,1352,920
-2.3600914553316,4.55296022977237,0.939013126837862,2369.80076666667,1352,920
-2.34912488932058,4.5544827322225,0.933575599895613,2369.83413333333,1352,920
-2.31990161796417,4.53208348516754,0.926542270903966,2369.8675,1352,920
-2.3191054531435,4.54586775120597,0.922355510651346,2369.90086666667,1352,920
-2.30245664864801,4.54078188973332,0.91768039788642,2369.93423333333,1352,920
-2.28159254744349,4.53324091956394,0.913768024406398,2369.9676,1352,920
-2.27124433806937,4.53820843295992,0.911885812110015,2370.00096666667,1352,920
-1.3325575553569,2.19278247242457,1.34963222077662,2370.90186666667,1353,921
-1.33618579987366,2.20401961472481,1.35242931436467,2370.93523333333,1353,921
-1.33542755416022,2.21188525942146,1.35364972108032,2370.9686,1353,921
-1.33509575290123,2.22206020225225,1.35324037264986,2371.00196666667,1353,921
-1.33655107852904,2.2307499244778,1.35160504584137,2371.03533333333,1353,921
-1.3363772319231,2.24046956132599,1.3498079802943,2371.0687,1353,921
-1.33958286759553,2.25264262673822,1.34849755653858,2371.10206666667,1353,921
-1.34079887055101,2.26558090795084,1.34685078626976,2371.13543333333,1353,921
-1.34097880713183,2.28025588387941,1.34621668072766,2371.1688,1353,921
-1.34077302337341,2.29601146265897,1.34454947402393,2371.20216666667,1353,921
-1.33791378672569,2.30943277129084,1.3420998512971,2371.23553333333,1353,921
-1.33798325052803,2.32358892435027,1.33865187734139,2371.2689,1353,921
-1.33850394278636,2.3370243622201,1.3355610449799,2371.30226666667,1353,921
-1.33787186510946,2.34749400302685,1.33018535428163,2371.33563333333,1353,921
-1.33754980273394,2.35814469458384,1.32579557083634,2371.369,1353,921
-1.33786813702522,2.36808022433786,1.32000566650769,2371.40236666667,1353,921
-1.33909414572097,2.37771439727311,1.3153677567727,2371.43573333333,1353,921
-1.33504739782462,2.38488318301544,1.3099905838917,2371.4691,1353,921
-1.33493890103794,2.3948054472332,1.30616389464528,2371.50246666667,1353,921
-1.33210952548033,2.40462545905691,1.30074391758952,2371.53583333333,1353,921
-1.32833064623037,2.41244483720607,1.29431458025774,2371.5692,1353,921
-1.3231826121376,2.42106538240389,1.28503941748261,2371.60256666667,1353,921
-1.31936703899961,2.43122500966086,1.27543713486787,2371.63593333333,1353,921
-1.32059403806761,2.4447347293146,1.26737304698604,2371.6693,1353,921
-1.31138573644199,2.45628700790952,1.25648382600777,2371.70266666667,1353,921
-1.30635638861855,2.46960915919357,1.24497720743296,2371.73603333333,1353,921
-1.29952435318871,2.48321555269301,1.2316749575695,2371.7694,1353,921
-1.29415240580879,2.49694235020546,1.21871921130833,2371.80276666667,1353,921
-1.28403451310234,2.5056804814576,1.20328296189928,2371.83613333333,1353,921
-1.28104179066846,2.515600348411,1.18918212223619,2371.8695,1353,921
-1.27229629772078,2.52170708919589,1.17204871882177,2371.90286666667,1353,921
-1.77436818541899,1.45844180258991,1.35154535253452,2375.1728,1354,922
-1.77871241876483,1.45800393305745,1.35474011786184,2375.20616666667,1354,922
-1.78444887547384,1.45758672325173,1.35764521597165,2375.23953333333,1354,922
-1.79159574780717,1.45701325979653,1.35928733330506,2375.2729,1354,922
-1.79912614592404,1.45893302924512,1.36011166574464,2375.30626666667,1354,922
-1.80620863323472,1.46161677433959,1.35990441438954,2375.33963333333,1354,922
-1.81664605550065,1.46423938540056,1.35847851704204,2375.373,1354,922
-1.8260436306004,1.46630351042366,1.35556118040931,2375.40636666667,1354,922
-1.83073274387689,1.46966651746083,1.35193600225001,2375.43973333333,1354,922
-1.84195209085578,1.47487982707497,1.3504373759501,2375.4731,1354,922
-1.84718808921889,1.47886884419923,1.34758027377775,2375.50646666667,1354,922
-1.85766586158272,1.48317275576864,1.34423956578396,2375.53983333333,1354,922
-1.86018579477293,1.48452756678492,1.34005597204042,2375.5732,1354,922
-1.86453737912439,1.48408769164133,1.33490175961974,2375.60656666667,1354,922
-1.86802306448661,1.48165792778185,1.32895075811399,2375.63993333333,1354,922
-1.87270475310654,1.47827816163661,1.32368112283186,2375.6733,1354,922
-1.87855069929265,1.4761777822275,1.31823505116527,2375.70666666667,1354,922
-1.88513757338671,1.4735106236981,1.3108175561767,2375.74003333333,1354,922
-1.89390179024309,1.47240422034717,1.30559203865693,2375.7734,1354,922
-1.89960759238218,1.47284467376445,1.30127382543648,2375.80676666667,1354,922
-1.90463294706395,1.47542588610499,1.29705699359495,2375.84013333333,1354,922
-1.90503495159296,1.47674814632413,1.29212908900032,2375.8735,1354,922
-1.90797373040672,1.47781990596028,1.28607241431008,2375.90686666667,1354,922
-1.90893472905578,1.47513702166245,1.27660701103619,2375.94023333333,1354,922
-1.91046649862127,1.47251951594192,1.26687637972281,2375.9736,1354,922
-1.90331586533994,1.46912781607213,1.25545691785639,2376.00696666667,1354,922
-1.90570997310527,1.46779962474108,1.24693080684951,2376.04033333333,1354,922
-1.89755176859875,1.46396198257039,1.23883083864945,2376.0737,1354,922
-1.89148631665904,1.45976474032767,1.23048426435419,2376.10706666667,1354,922
-1.88404708084401,1.4524500122272,1.22317502111582,2376.14043333333,1354,922
-1.87438033580163,1.44564988114074,1.21892600889078,2376.1738,1354,922
-1.86888519736512,1.43895879717277,1.2157335953642,2376.20716666667,1354,922
-1.7655368673244,3.16371196039664,0.968475167400083,2378.34263333333,1355,923
-1.7610413107819,3.1734050115492,0.973920647904378,2378.376,1355,923
-1.76431734289733,3.18808276078157,0.980787514512127,2378.40936666667,1355,923
-1.7589916307497,3.1965695478815,0.983848606443228,2378.44273333333,1355,923
-1.75878777884641,3.20957880842369,0.987022597304409,2378.4761,1355,923
-1.7564228713889,3.22008471867881,0.987462499685097,2378.50946666667,1355,923
-1.75324828744247,3.23286019259919,0.989601647672896,2378.54283333333,1355,923
-1.75147791619621,3.24331042145947,0.990205427363359,2378.5762,1355,923
-1.75107485917455,3.2546296658114,0.991464764868197,2378.60956666667,1355,923
-1.75127693073108,3.26556474321655,0.991505776790941,2378.64293333333,1355,923
-1.75985461107941,3.28338421865222,0.99210933564653,2378.6763,1355,923
-1.7596049522185,3.29308863867297,0.99137819910697,2378.70966666667,1355,923
-1.76799966725352,3.31134782738748,0.993088961078914,2378.74303333333,1355,923
-1.76062960619094,3.31686792034969,0.992209755962237,2378.7764,1355,923
-1.76233532107631,3.3287942033026,0.991235685313517,2378.80976666667,1355,923
-1.763855636039,3.33802352918109,0.990912856244879,2378.84313333333,1355,923
-1.75640539203644,3.33981276171197,0.988179348409924,2378.8765,1355,923
-1.7587677680494,3.34634601300559,0.987191365456535,2378.90986666667,1355,923
-1.7566225724259,3.34712740779727,0.982536136050498,2378.94323333333,1355,923
-1.75888623351397,3.34924235441354,0.977446201107833,2378.9766,1355,923
-1.76610467372097,3.35497101154087,0.974686953583868,2379.00996666667,1355,923
-1.77168391648595,3.36139665542283,0.971004667735362,2379.0767,1356,923
-1.77695763798519,3.36777263353175,0.97069391659323,2379.11006666667,1356,923
-1.78105194382784,3.37245282052666,0.971076867241426,2379.14343333333,1356,923
-3.04113377123142,0.876993235963579,1.2098332725843,2379.81076666667,1357,924
-3.03872705443676,0.875857787592337,1.20821149526938,2379.84413333333,1357,924
-3.05810355309884,0.867591012634375,1.21281843721179,2379.91086666667,1358,924
-3.07141968889375,0.861917938147065,1.21554884998036,2379.94423333333,1358,924
-3.08594919883812,0.857863791466015,1.22031516052264,2379.9776,1358,924
-3.09399496221149,0.854506430208438,1.2228745719697,2380.01096666667,1358,924
-3.10229684198269,0.851748992792195,1.22653975460444,2380.04433333333,1358,924
-3.10395934713129,0.846479387949592,1.22973019778387,2380.0777,1358,924
-3.10213821421203,0.844783820206572,1.23375896430971,2380.11106666667,1358,924
-3.10616857829913,0.841886702353973,1.23732448115608,2380.14443333333,1358,924
-3.11446153383783,0.836070819899126,1.24068760094251,2380.1778,1358,924
-3.11610560939941,0.832747561562716,1.24216319734663,2380.21116666667,1358,924
-3.11695956783854,0.827838834105439,1.24245178513368,2380.24453333333,1358,924
-3.12620758249804,0.825969001562594,1.24413471202512,2380.2779,1358,924
-3.1234367170366,0.826278792300943,1.24290298846902,2380.31126666667,1358,924
-3.14601734871214,0.825881359406744,1.24463831028297,2380.34463333333,1358,924
-3.13766967813864,0.828248688439945,1.24200917201899,2380.378,1358,924
-3.14702202496939,0.831043432694433,1.24085245069849,2380.41136666667,1358,924
-3.14663189840747,0.831660392181017,1.23458489256552,2380.44473333333,1358,924
-3.14906055117899,0.831027823074407,1.22978962121522,2380.4781,1358,924
-3.15962982925453,0.831736428308785,1.2232611479351,2380.51146666667,1358,924
-3.171026297159,0.833087696138691,1.21425354708841,2380.54483333333,1358,924
-3.18649008240383,0.833993955486203,1.20745808832691,2380.5782,1358,924
-3.19374923658067,0.836604400968724,1.19683009956258,2380.61156666667,1358,924
-3.21487433032458,0.838659703389134,1.19123085816308,2380.64493333333,1358,924
-4.41734684007383,-0.175516728113081,1.49315683485905,2384.1818,1359,925
-4.39236048075378,-0.183423523646841,1.49827942442922,2384.24853333333,1360,925
-4.42686739697084,-0.195216470656661,1.51526878548734,2384.2819,1360,925
-4.4474309845731,-0.208067339299568,1.525069464508,2384.31526666667,1360,925
-4.46071290152912,-0.218199940673354,1.5344781132077,2384.34863333333,1360,925
-4.46883069975447,-0.222512718653928,1.54989348411253,2384.41536666667,1361,925
-5.48819116111561,-0.907916441568997,1.13278970794414,2388.95323333333,1362,926
-5.44692072509284,-0.902585005315831,1.12347117300558,2388.9866,1362,926
-5.45064340683258,-0.909648418781147,1.11980286836386,2389.01996666667,1362,926
-3.82184818461079,-0.759723324728984,2.00249208220709,2393.32426666667,1363,927
-3.812247077423,-0.755504458155498,2.00769168150226,2393.35763333333,1363,927
-3.80732031745874,-0.752665189769025,2.01372557911809,2393.391,1363,927
-3.79007212643489,-0.742612259037433,2.01638762307898,2393.42436666667,1363,927
-3.79993759802941,-0.742931723324557,2.02718993455173,2393.45773333333,1363,927
-3.78722168714965,-0.731680232376482,2.02881048338392,2393.4911,1363,927
-3.78868651377454,-0.724754262865281,2.03632461512539,2393.52446666667,1363,927
-3.77655550431948,-0.714922818998052,2.03852384255545,2393.55783333333,1363,927
-3.7909081911088,-0.710691010747957,2.04723204959687,2393.5912,1363,927
-3.77735601225967,-0.69924502556122,2.04932011284649,2393.62456666667,1363,927
-3.802045708449,-0.699893917058212,2.06367766237987,2393.65793333333,1363,927
-3.8004467476472,-0.688486656110477,2.0688794106827,2393.6913,1363,927
-3.76975530521114,-0.668468670777078,2.06494543837787,2393.72466666667,1363,927
-3.78844094449004,-0.666765079598648,2.07727507220338,2393.75803333333,1363,927
-3.77969919564315,-0.652364296672989,2.07996356345354,2393.7914,1363,927
-3.77940559365458,-0.641496886801955,2.08437772060502,2393.82476666667,1363,927
-3.76831407230481,-0.60933260229054,2.0934459742102,2393.8915,1364,927
-3.73037926607663,-0.563280617490625,2.1081864512111,2394.02496666667,1365,927
-3.70487630021792,-0.516960693167613,2.12461126289345,2394.12506666667,1366,927
-2.32471362572033,5.44610427656244,1.25446613951728,2399.4971,1367,928
-2.34579371649195,5.48125338778979,1.26014884613733,2399.53046666667,1367,928
-2.34683424091268,5.48837763876016,1.26175140173942,2399.56383333333,1367,928
-2.32312740197356,5.45991070316255,1.2592502841874,2399.5972,1367,928
-2.34590787073153,5.50620896433698,1.26742047935487,2399.63056666667,1367,928
-2.34067290314819,5.50915856727898,1.26971748735303,2399.66393333333,1367,928
-2.3463652820458,5.52393751626324,1.27415750867809,2399.6973,1367,928
-2.33044718706158,5.55455169309841,1.27670790378567,2399.86413333333,1368,928
-2.30739263268681,5.5393120142403,1.27033881718093,2399.8975,1368,928
-2.29607351746703,5.55400736744877,1.26543477651822,2399.96423333333,1369,928
-2.26572334397824,5.52540292754879,1.25803403810199,2399.9976,1369,928
-2.27615519317968,5.55251974307536,1.25382567509879,2400.03096666667,1369,928
-2.01694200992126,3.68311633235719,0.652423600832978,2405.2028,1370,929
-2.01091782367873,3.66652644557391,0.65168369141091,2405.23616666667,1370,929
-2.01971877429553,3.66047113770397,0.651574664115191,2405.26953333333,1370,929
-2.02645663595824,3.65622560099631,0.65219464414637,2405.3029,1370,929
-2.03162593060259,3.65595104701067,0.653163758515538,2405.33626666667,1370,929
-2.03432352641254,3.65469688996134,0.655187684095783,2405.36963333333,1370,929
-2.03823532588337,3.65518476782246,0.656311170037452,2405.403,1370,929
-2.0299757094301,3.65082707026524,0.657108223592315,2405.43636666667,1370,929
-2.03874200281905,3.65810445288387,0.659306984441732,2405.46973333333,1370,929
-2.03002396265528,3.65709305263649,0.660276768088408,2405.5031,1370,929
-2.02603220169829,3.65560834253136,0.662445523907317,2405.53646666667,1370,929
-2.03554794983939,3.66471967160575,0.663310264476729,2405.56983333333,1370,929
-2.03397871732954,3.66477439986827,0.665552310476498,2405.6032,1370,929
-2.03152479087071,3.66195484936952,0.667406676670805,2405.63656666667,1370,929
-2.03352526996771,3.66441507705329,0.666876231118194,2405.66993333333,1370,929
-2.03680750334763,3.66821174253708,0.666972084670683,2405.7033,1370,929
-2.04392688618558,3.67638986929195,0.666732417071204,2405.73666666667,1370,929
-2.04660992852727,3.68402805295568,0.668064098711463,2405.77003333333,1370,929
-2.02871379844619,3.68721893148987,0.659688058009318,2405.87013333333,1371,929
-2.02421023007961,3.69172573771153,0.655133641451372,2405.9035,1371,929
-2.02657436255066,3.70067936615752,0.651473991288168,2405.93686666667,1371,929
-2.01071600146281,3.69011676792324,0.647705331562733,2405.97023333333,1371,929
-2.17157239600182,4.49292744195639,0.682935825767575,2413.77803333333,1372,930
-2.17223973874845,4.4962677148029,0.68189308346688,2413.8114,1372,930
-2.18345652035989,4.51329654622442,0.680772544348934,2413.84476666667,1372,930
-2.18985413617536,4.52053624961583,0.676548984519727,2413.87813333333,1372,930
-2.1998169172631,4.53589394584013,0.67206070059953,2413.9115,1372,930
-2.19866095165829,4.53650723430177,0.663283231440169,2413.94486666667,1372,930
-2.20152623636964,4.54348689408054,0.658586522079364,2413.97823333333,1372,930
-2.20999212045152,4.55513000547945,0.651583623387188,2414.0116,1372,930
-2.20070840176571,4.55123894566366,0.645907681087075,2414.04496666667,1372,930
-2.19726369352374,4.55495759086402,0.641834435067337,2414.07833333333,1372,930
-2.2049404480614,4.56720506735833,0.639962943240106,2414.1117,1372,930
-2.20978058754979,4.57784705979343,0.63367175793081,2414.14506666667,1372,930
-2.21358809029334,4.58601057167179,0.63023951405715,2414.17843333333,1372,930
-2.21240161658989,4.58451354400894,0.623937428121701,2414.2118,1372,930
-2.21793392256482,4.58541875701836,0.617245067568998,2414.24516666667,1372,930
-2.22882487708703,4.59435594769946,0.610528640297357,2414.27853333333,1372,930
-2.23267707355981,4.59312914357755,0.603840067135815,2414.3119,1372,930
-2.25331001084362,4.60936006034238,0.596532964037311,2414.34526666667,1372,930
-3.50550639751357,5.20272409922614,0.836594225847637,2418.5161,1373,931
-3.49774948356048,5.21194553016326,0.8093439283362,2418.58283333333,1374,931
-3.09746571495788,-0.0308417483216777,0.551114328253378,2420.85176666667,1375,932
-3.0971114755338,-0.0307383387169405,0.550293020870144,2420.88513333333,1375,932
-3.09290334332094,-0.0300806363745088,0.550630912426885,2420.9185,1375,932
-2.76541981513394,1.38108045344116,0.179603645570818,2436.86776666667,1376,933
-2.75666639413081,1.38176104221264,0.182483981152488,2436.96786666667,1377,933
-9.97100691190467,-2.16756416803984,1.69760955187597,2470.70156666667,1378,934
-9.97053053262603,-2.1674340720106,1.70132617337711,2470.73493333333,1378,934
-10.0554643411542,-2.20139514052856,1.72700533495774,2470.7683,1378,934
-6.62153717276113,-3.75632897160816,1.73261389139825,2477.00786666667,1379,935
-6.50035168188556,-3.68341761112332,1.71184348266357,2477.04123333333,1379,935
-6.47709347526137,-3.66720397709711,1.70234057086028,2477.0746,1379,935
-6.44956695886373,-3.65559579447946,1.69790875809293,2477.10796666667,1379,935
-6.46736978736046,-3.66342506897043,1.69261644945227,2477.14133333333,1379,935
6.16848892424621,-1.78831023416602,2.24402781788508,2487.25143333333,1380,936
-1.33635076810516,-4.76507521392496,1.33122721039926,2494.82566666667,1381,937
-1.19661332591917,-4.51629784387067,1.29672543707672,2494.85903333333,1381,937
-3.32143766111842,1.25689894712056,0.580130724954899,2497.66183333333,1382,938
-3.31079001279703,1.25572497734063,0.579955422823062,2497.6952,1382,938
6.63239550373661,-4.49662126211172,2.29038500908439,2499.73056666667,1383,939
-3.32090634095692,1.25804049196717,0.581145533347998,2503.9014,1384,940
-3.3170075893668,1.25677337991371,0.580448877295125,2503.93476666667,1384,940
-3.31421875865046,1.25802546315686,0.580338112584315,2503.96813333333,1384,940
-3.32007764689437,1.25731008962337,0.581091233153755,2504.0015,1384,940
-3.32317278365499,1.25783966591571,0.58147096208062,2504.03486666667,1384,940
-3.31304355613822,1.25689899785362,0.581155717833238,2504.06823333333,1384,940
-3.31380993744524,1.25759391382041,0.580968245798505,2504.1016,1384,940
-3.32007764689437,1.25731008962337,0.581091233153755,2504.13496666667,1384,940
-3.32007764689437,1.25731008962337,0.581091233153755,2504.16833333333,1384,940
-3.32429514950662,1.25667230085261,0.58096130763051,2504.2017,1384,940
-3.30768607701153,1.25601431422982,0.581182374959625,2504.23506666667,1384,940
-3.31079001279703,1.25572497734063,0.579955422823062,2504.26843333333,1384,940
-3.31079001279703,1.25572497734063,0.579955422823062,2504.3018,1384,940
-3.31671578516064,1.25517900916357,0.579441381040305,2504.33516666667,1384,940
-3.31063189629846,1.25577115101158,0.581532194441167,2504.4019,1385,940
-3.33053994730097,1.25719393488652,0.581466998002889,2504.43526666667,1385,940
-3.49934470996654,0.809365866984579,0.823923156136024,2515.77993333333,1386,941
-3.51625318133563,0.807762109252171,0.828480109709631,2515.8133,1386,941
-3.52917300407009,0.804741532817451,0.835417706214875,2515.84666666667,1386,941
-3.53665959201071,0.806885063681717,0.841491466122941,2515.88003333333,1386,941
-3.53385099755084,0.806407868881944,0.844528099502176,2515.9134,1386,941
-3.55482806137329,0.804542089102865,0.848754954243778,2515.94676666667,1386,941
-3.55093762471987,0.799294881993874,0.850665987889511,2515.98013333333,1386,941
-3.55171129851556,0.790518311675644,0.850536558890826,2516.0135,1386,941
-3.55108158671015,0.778779963157376,0.851460681133741,2516.04686666667,1386,941
-3.54112893898087,0.764252673141704,0.847586416394973,2516.08023333333,1386,941
-3.52797183068058,0.742484949451333,0.841446718644009,2516.1136,1386,941
-3.53590611933562,0.720818175930542,0.839582114918053,2516.14696666667,1386,941
-3.53598840744251,0.697140162212786,0.834778601729981,2516.18033333333,1386,941
-3.5474469080589,0.675099194451529,0.829413078131881,2516.2137,1386,941
-3.55261148827546,0.654975033578719,0.828830781068393,2516.24706666667,1386,941
-3.54134798847962,0.640061473957128,0.829881065608201,2516.28043333333,1386,941
-3.54398491933965,0.624765432608691,0.834581767061642,2516.3138,1386,941
-3.54712426426806,0.613481695901616,0.835859676297288,2516.34716666667,1386,941
-3.55620650874264,0.603203335990471,0.836525039611187,2516.38053333333,1386,941
0.669355296099725,9.01688796253625,1.18136327233307,2536.56736666667,1387,942
0.693890184172696,9.19929384591875,1.19476547645741,2536.60073333333,1387,942
0.717030314399949,8.92845652638842,1.17178996923399,2536.6341,1387,942
0.734783417173475,9.03734042399774,1.1783452642954,2536.66746666667,1387,942
0.740404707216769,8.51300502142386,1.1367661279843,2536.70083333333,1388,942
0.76333709300998,8.56411840199058,1.14139623629813,2536.7342,1388,942
0.77786073944038,8.42538133532512,1.13166870431,2536.76756666667,1388,942
0.791468919605003,8.39651078204638,1.12954363734518,2536.80093333333,1388,942
0.820862519893857,8.36372628902535,1.12576900836419,2536.86766666667,1390,942
0.826731365557228,8.14851212420632,1.10950972154443,2536.90103333333,1390,942
0.838839397049126,8.17866018209953,1.11285012646445,2536.9344,1390,942
0.851991202859468,8.15259666730712,1.11441685078055,2536.96776666667,1390,942
0.860768794883795,8.1192922428259,1.11229840222724,2537.00113333333,1390,942
0.862494642906976,7.66438153720919,1.08252691501388,2537.0345,1391,942
0.875096046711634,7.77013168494911,1.09413920961224,2537.06786666667,1391,942
0.615740962099197,1.46671066226035,0.644002742319846,2536.8343,1389,943
-2.49230626529323,4.75216272806772,1.2022533995026,2537.30143333333,1392,944
-2.49726077099618,4.7409803449218,1.20086967035242,2537.3348,1392,944
-2.49655781001284,4.72278033161743,1.19707711204415,2537.36816666667,1392,944
-2.5241427937199,4.73289979880544,1.19851310280936,2537.40153333333,1392,944
-2.5481493828369,4.74266202408759,1.1976596077299,2537.4349,1392,944
-2.53730535468788,4.71271802857814,1.19042357058523,2537.46826666667,1392,944
-2.55376406978424,4.71453701534039,1.18751012859536,2537.50163333333,1392,944
-2.57464362930253,4.72213839740627,1.18759717233743,2537.535,1392,944
-2.57738187161348,4.70674760153261,1.18288808862162,2537.56836666667,1392,944
-2.5840892335703,4.70201185232142,1.18153734846126,2537.60173333333,1392,944
-2.61061229477593,4.70993772463798,1.17975203268565,2537.6351,1392,944
-2.62693304899118,4.71103760432553,1.17606140732248,2537.66846666667,1392,944
-2.63303260225003,4.69979967341841,1.17306776872773,2537.70183333333,1392,944
-2.66565181402328,4.71475654171732,1.17323128822966,2537.7352,1392,944
-2.67739196457896,4.70981876719195,1.17080161468596,2537.76856666667,1392,944
-2.70215288838022,4.71539594504565,1.1669646504094,2537.80193333333,1392,944
-2.72748961832492,4.72037824046339,1.16272462335671,2537.8353,1392,944
-1.43852545823435,5.13647769153603,1.08432116630515,2541.77256666667,1393,945
-1.43524825850413,5.11591568278204,1.07538736526932,2541.90603333333,1394,945
0.720837976251835,0.648165526403495,1.17515948777183,2545.77656666667,1395,946
0.723983520005923,0.646162904958162,1.17259620025055,2545.80993333333,1395,946
0.724832493814869,0.645021348305465,1.17095972375342,2545.8433,1395,946
0.722386649145769,0.644916231104545,1.16699536740208,2545.91003333333,1396,946
-2.75095143245372,1.37935140264618,0.180750849710643,2546.71083333333,1397,947
-0.499487388614374,4.28988860742452,1.05506463004972,2548.4459,1398,948
-0.490781012179843,4.28009861512486,1.06289006719672,2548.47926666667,1398,948
-0.488538472719351,4.29280172908963,1.07594065608991,2548.51263333333,1398,948
-0.482313881614142,4.29721148841608,1.08533325145613,2548.546,1398,948
-0.480297001451311,4.31506442717734,1.09679058244061,2548.57936666667,1398,948
-0.474466466636277,4.32090231679713,1.10415063722687,2548.61273333333,1398,948
-0.465572308125816,4.31690229945828,1.11038733657778,2548.6461,1398,948
-0.466177290135096,4.3309743840365,1.11912816286241,2548.67946666667,1398,948
-0.468293757167481,4.34411840783302,1.12599973472134,2548.71283333333,1398,948
-0.46510038682306,4.34155527942249,1.12955076846175,2548.7462,1398,948
-0.468825432576699,4.35261363436718,1.13520921338843,2548.77956666667,1398,948
-0.473601798652103,4.3641455877033,1.13868675695176,2548.81293333333,1398,948
-0.469636000184872,4.35744980709007,1.13762249669826,2548.8463,1398,948
-0.481938303570478,4.39377879998161,1.14340352334593,2548.87966666667,1398,948
-0.485062749258907,4.42059983004361,1.14584359860531,2548.91303333333,1398,948
-0.472428588316364,4.41483348999243,1.14217667015508,2548.9464,1398,948
-0.466865479449731,4.42738677967447,1.14267943854818,2548.97976666667,1398,948
-0.458401504779165,4.43122284291061,1.13992966439567,2549.01313333333,1398,948
-0.454048826843574,4.43851854544854,1.13673510501329,2549.0465,1398,948
-0.444770746778564,4.43793123372369,1.13329778294476,2549.07986666667,1398,948
8.2449812146935,7.60671492819932,1.34826201930007,2549.2467,1399,949
8.1466670439339,7.48486170313565,1.34536734296346,2549.28006666667,1399,949
8.24681264673303,7.55227965849746,1.36051517715435,2549.31343333333,1399,949
8.32695991202983,7.51940406483483,1.44136324051175,2549.51363333333,1400,949
8.40248655900019,7.56788675437874,1.47214568805364,2549.58036666667,1401,949
1.24691450571659,0.266871246663079,1.37393848662827,2549.88066666667,1402,950
1.25015363962428,0.260129167098716,1.38206238019036,2549.91403333333,1402,950
1.25195604199774,0.266909960756373,1.37715379402092,2549.9474,1402,950
1.25554461263176,0.266006648620945,1.37390640634752,2549.98076666667,1402,950
1.25653684011362,0.265476527200058,1.36842406965719,2550.01413333333,1402,950
1.25721686269513,0.263589220883872,1.36165718720578,2550.0475,1402,950
1.25884370580598,0.257585652402615,1.35595890969794,2550.08086666667,1402,950
1.2583110680104,0.256734690323111,1.34715879313447,2550.11423333333,1402,950
1.25740563713335,0.250854482169387,1.34374959443596,2550.1476,1402,950
1.25684966509154,0.240888301393237,1.34313885130795,2550.18096666667,1402,950
1.2567654239977,0.229309780408034,1.34232054585828,2550.21433333333,1402,950
1.25596010393829,0.220259415905948,1.34122579230518,2550.2477,1402,950
1.25417705927624,0.214349130593868,1.34006005727371,2550.28106666667,1402,950
1.25333129334462,0.20733644734085,1.3414971710101,2550.31443333333,1402,950
1.25158114727487,0.201190304661619,1.34298172461262,2550.3478,1402,950
1.25102152813515,0.197324184242927,1.34202244611504,2550.38116666667,1402,950
1.2516787993597,0.193068073286365,1.34245975159114,2550.41453333333,1402,950
1.25204035149888,0.190399690426293,1.34135647064852,2550.4479,1402,950
1.25262801090579,0.188967185348392,1.33992693181601,2550.48126666667,1402,950
1.25098832491274,0.18815580314284,1.3361768019293,2550.51463333333,1402,950
1.24741384406607,0.187474862792035,1.33106524783016,2550.548,1402,950
1.2456532793066,0.183694271249333,1.32664444163611,2550.58136666667,1402,950
1.2438052224621,0.178293204787523,1.32081558681745,2550.61473333333,1402,950
1.24492683463686,0.168788927876927,1.31605194595501,2550.6481,1402,950
1.24802889011253,0.157666309933909,1.31067605876533,2550.68146666667,1402,950
-0.259217009061615,3.80359547473439,1.18594363480857,2552.11623333333,1403,951
-0.258713657282195,3.79660848207142,1.18905501622323,2552.1496,1403,951
-0.258472019920883,3.78718496039783,1.1909091556225,2552.18296666667,1403,951
-0.258670501213899,3.77343419127182,1.19190184011112,2552.21633333333,1403,951
-0.262109204295999,3.76578827708971,1.19405321756656,2552.2497,1403,951
-0.264474062015673,3.75463260681066,1.19432413310624,2552.28306666667,1403,951
-0.266318230377515,3.74083566360798,1.19481476396582,2552.31643333333,1403,951
-0.2725170890891,3.73664275352268,1.19823511889839,2552.3498,1403,951
-0.273590158373231,3.72170135271973,1.19825619352609,2552.38316666667,1403,951
-0.278581178263295,3.71831543502231,1.20177869532001,2552.41653333333,1403,951
-0.275407994580351,3.70268490483965,1.20170114174939,2552.4499,1403,951
-0.278600871930019,3.70564192157033,1.20755975724628,2552.48326666667,1403,951
-0.272973046836164,3.69274780041751,1.20708361525746,2552.51663333333,1403,951
-0.269211162271308,3.68797000782641,1.20961787362835,2552.55,1403,951
-0.264813019174321,3.681516760913,1.21151847379223,2552.58336666667,1403,951
-0.264414520343243,3.68168119134856,1.2124508578695,2552.61673333333,1403,951
-0.261580393226687,3.67095124434328,1.20990606282121,2552.6501,1403,951
-0.26170745482476,3.66190613346282,1.20791370016403,2552.68346666667,1403,951
-0.26559104294045,3.65739898613394,1.20705276435119,2552.71683333333,1403,951
-0.2730336863696,3.65833441396769,1.20444062384428,2552.7502,1403,951
-0.275375138794579,3.65185626263203,1.20187202904113,2552.78356666667,1403,951
-0.281185536573717,3.6549326200902,1.20018510467934,2552.81693333333,1403,951
0.529552033647582,2.96603682269724,1.0067426988852,2559.7572,1404,952
0.53374709470114,2.96196475908333,1.00550878411892,2559.79056666667,1404,952
0.538468917524172,2.95618718081149,1.0046021288805,2559.82393333333,1404,952
0.542952646624674,2.95902922110842,1.00518501131259,2559.8573,1404,952
0.550174632784619,2.95631568606605,1.00539658812933,2559.89066666667,1404,952
0.557843570565052,2.94908294889563,1.00394088654643,2559.92403333333,1404,952
0.563445315816573,2.94768747653677,1.00368580309399,2559.9574,1404,952
0.568643815096856,2.9438781515369,1.00299240281758,2559.99076666667,1404,952
0.570360095740941,2.94381165885832,1.00443858751627,2560.02413333333,1404,952
0.570903940932862,2.94012973695847,1.0054939750179,2560.0575,1404,952
0.569793817048421,2.93762795888221,1.00571411980065,2560.09086666667,1404,952
0.566221513135989,2.93816852801448,1.00618443532308,2560.12423333333,1404,952
0.563193163076709,2.93937334584472,1.00652933373538,2560.1576,1404,952
0.561230877816883,2.94605393490638,1.0072197523299,2560.19096666667,1404,952
0.561387140971948,2.94466147546241,1.00602744497402,2560.22433333333,1404,952
0.558993041008347,2.95818772873998,1.00718171485862,2560.2577,1404,952
0.558839768240943,2.96136872820966,1.00477835710355,2560.29106666667,1404,952
0.557568347875131,2.96236215308797,1.00102653197302,2560.32443333333,1404,952
0.554725253507049,2.97056142362503,0.999007443626076,2560.3578,1404,952
0.551630022971915,2.98489405010484,0.997685169544176,2560.39116666667,1404,952
0.550188717099039,2.99207915563322,0.992908263292396,2560.42453333333,1404,952
0.548144158292065,3.01126015527554,0.990551703286252,2560.4579,1404,952
0.548708302177044,3.01794597622445,0.984760860900519,2560.49126666667,1404,952
0.546928967853643,3.0347920944206,0.980345835370765,2560.52463333333,1404,952
0.545987067156357,3.04547227778731,0.97415937662517,2560.558,1404,952
2.99799273246216,8.76269401645114,1.07861617728474,2561.9594,1405,953
2.98242536597939,8.62185275510877,1.0680880208998,2561.99276666667,1405,953
3.11895302007681,8.96065797554577,1.08592665937341,2562.02613333333,1406,953
3.20863798774752,9.12886067997122,1.0965374217444,2562.0595,1406,953
3.27503269449824,9.23019161961382,1.10289948716559,2562.09286666667,1406,953
3.25208055980231,9.05038301985797,1.08984216684107,2562.12623333333,1406,953
3.18876262502395,8.76466134556643,1.0725009122041,2562.1596,1406,953
3.29282496321007,8.98134195181557,1.09037422582679,2562.19296666667,1406,953
3.36850675515269,9.06184984242078,1.10273500380447,2562.2597,1407,953
3.41486421648478,9.12859887748107,1.10815994501662,2562.29306666667,1407,953
3.42001544749414,9.01432248946069,1.10667930647092,2562.3598,1408,953
3.62722476959845,9.56176143280303,1.14589944996272,2562.39316666667,1409,953
3.48270521747606,9.07832344429045,1.11513345373784,2562.4599,1410,953
3.03744572231839,8.92516457894562,1.16115139416534,2566.19696666667,1411,954
3.0506847565674,8.95198810940992,1.16106403232602,2566.23033333333,1411,954
2.95601895128878,8.64780452711862,1.1359638465678,2566.2637,1412,954
3.09766642693747,9.10502523506295,1.17054458401237,2566.29706666667,1413,954
3.02466101870545,8.86549001426644,1.14899234852034,2566.33043333333,1413,954
3.01826892890609,8.85227660851341,1.14679848212796,2566.3638,1413,954
3.06813709399514,9.0217534893149,1.15318110160832,2566.39716666667,1413,954
3.14615327233993,9.28248056072721,1.17390117252668,2566.43053333333,1413,954
3.07849652017445,9.04109964216845,1.15305539210395,2566.4639,1413,954
3.02713740543877,8.87020018695886,1.13590754464909,2566.49726666667,1413,954
2.24710501685608,5.35327495108501,0.596856540655511,2567.43153333333,1414,955
2.2773117671729,5.4167774701147,0.596633372079181,2567.4649,1414,955
2.24825648492286,5.32631191610837,0.594342755684803,2567.49826666667,1414,955
2.27915043209357,5.3948058189351,0.593853521899844,2567.53163333333,1414,955
2.30640057948247,5.46296425379439,0.591353056853498,2567.59836666667,1415,955
2.2721797595959,5.38535705088516,0.592793211441606,2567.63173333333,1415,955
2.30789507553258,5.50086241512926,0.593101376329865,2567.6651,1415,955
2.3366104775069,5.64813645564798,0.6064012122763,2567.7652,1416,955
2.31207472926782,5.6149697705652,0.610972761429421,2567.79856666667,1416,955
2.31454209872835,5.64707272342334,0.616646560559693,2567.83193333333,1416,955
2.34401635590848,5.76110847751977,0.62144309955336,2567.8653,1416,955
2.27601005656118,5.608896466313,0.626450860014622,2567.89866666667,1416,955
2.25726788402656,5.59220642863628,0.631089498895414,2567.93203333333,1416,955
2.27726244330229,5.68813347980767,0.635457324018757,2567.9654,1416,955
2.24732133483942,5.65538065521328,0.638188430483836,2567.99876666667,1416,955
2.23694489016572,5.67550047510896,0.644085800683749,2568.03213333333,1416,955
2.20074227524259,5.62356114908776,0.649822304676848,2568.0655,1416,955
1.03550894794637,6.28445007303119,0.85721682494204,2571.23533333333,1417,956
1.01752542115725,6.14509236376159,0.843013462505332,2571.2687,1417,956
1.01376360164945,6.21787720061477,0.837983911693993,2571.30206666667,1417,956
0.996445618039661,6.08062139811323,0.819337429415294,2571.33543333333,1417,956
1.0020651992447,6.27330186652286,0.804780368623371,2571.40216666667,1418,956
1.88062323339065,5.46741154139471,0.998924113417379,2571.6691,1419,957
1.88786632542129,5.45979804193706,0.995783248680521,2571.70246666667,1419,957
1.9009684006771,5.47328016984526,0.995560713101169,2571.73583333333,1419,957
1.91615226513689,5.50808806906507,0.999426710807598,2571.7692,1419,957
1.92960363166677,5.52488183093748,1.00369748169147,2571.80256666667,1419,957
1.95222784183533,5.58882496921587,1.01125444612828,2571.83593333333,1419,957
1.95932729639145,5.58034040038051,1.01052356913221,2571.8693,1419,957
1.94556886779224,5.49469391877303,1.00324844094365,2571.90266666667,1419,957
1.98853103385242,5.62677132452146,1.01467862573429,2571.93603333333,1419,957
2.00755753399457,5.674272762089,1.01768741062678,2571.9694,1419,957
1.9895682918663,5.57725005048862,1.00408900285542,2572.00276666667,1419,957
2.0136466935246,5.62786643194349,1.00561180484482,2572.03613333333,1419,957
2.00332052276536,5.55857190433692,0.994148202978149,2572.0695,1419,957
2.05496017833033,5.70506465101115,1.00482862500229,2572.10286666667,1419,957
2.08894986371592,5.75810280087208,0.998428766427398,2572.1696,1420,957
2.08093888845924,5.70487058549794,0.988926498199272,2572.20296666667,1420,957
3.15655460983919,6.12173929779869,0.885241577763157,2575.33943333333,1421,958
3.18300464427027,6.15296261974198,0.890286165287884,2575.3728,1421,958
3.20667327280773,6.17301376960779,0.894032308035661,2575.40616666667,1421,958
3.23719959333873,6.20927104993732,0.898860137181032,2575.43953333333,1421,958
3.28686071548609,6.28094974531865,0.90103163462637,2575.4729,1421,958
3.29745554076241,6.27564325434347,0.901842271297309,2575.50626666667,1421,958
3.3027936122273,6.26208258155745,0.901429574350756,2575.53963333333,1421,958
0.859699183479988,9.62148746910822,0.773779309635949,2580.2777,1422,959
0.87157454541179,9.65219544055966,0.772483141103401,2580.31106666667,1422,959
0.878616593782845,9.28561294587904,0.76579714136961,2580.34443333333,1423,959
0.893462392146297,9.37777066507823,0.767006349603689,2580.3778,1423,959
0.903247986139387,9.38749914907736,0.767609668719544,2580.41116666667,1423,959
0.911763282280633,9.38265512382107,0.77161775196849,2580.44453333333,1423,959
0.91490801292885,9.27631675148863,0.769797519572502,2580.4779,1423,959
0.93484808348496,9.52991747643855,0.782382972608577,2580.51126666667,1423,959
0.927637585052879,9.04812891631844,0.774215423754302,2580.54463333333,1424,959
0.931840216610345,8.94220771646472,0.777995248422048,2580.578,1424,959
0.939285376482063,8.98472271682218,0.785717862387837,2580.61136666667,1424,959
0.94445813563755,8.85118451227737,0.788433367776059,2580.64473333333,1424,959
0.945914054607968,8.79726122614798,0.790688309775662,2580.6781,1424,959
0.946345256832186,8.52816079484576,0.786311778676608,2580.71146666667,1424,959
0.945741231808477,8.4128650298547,0.787666475069702,2580.74483333333,1424,959
0.971719988734011,8.71881712954932,0.801189373677474,2580.7782,1425,959
0.949511122636917,7.95496880979335,0.780573779710106,2580.81156666667,1426,959
0.955303432664343,7.8802841337951,0.781206250311906,2580.84493333333,1426,959
5.20541694107894,6.13642792026249,0.92276095306165,2582.8803,1427,960
5.20067750743512,6.13001368245014,0.919073026211281,2582.91366666667,1427,960
5.19625397800201,6.13050052483018,0.914981025308868,2582.94703333333,1427,960
5.22230507619155,6.16137480684916,0.915216995087119,2582.9804,1427,960
6.44676278178332,6.00039529333861,0.934071152216915,2590.85493333333,1428,961
6.45968602465982,6.0280702969377,0.94353959385791,2590.92166666667,1429,961
-0.286505788263386,6.57768210547971,1.0037991865386,2600.598,1430,962
-0.296150019897502,6.56792033412633,1.00894195938158,2600.63136666667,1430,962
-0.318123273081503,6.63300710856149,1.01858007679153,2600.66473333333,1430,962
-0.321194027936053,6.5806037035026,1.01534208995668,2600.6981,1430,962
-0.344312647077419,6.63776420559828,1.02033547931424,2600.73146666667,1430,962
-0.34784814672494,6.6015460460969,1.01854206196704,2600.76483333333,1430,962
-0.378533404690974,6.68071940199733,1.02470287204305,2600.7982,1430,962
-0.387408925635606,6.66572123384348,1.02327334412113,2600.83156666667,1430,962
-0.392383779450645,6.62915974105294,1.01726138978093,2600.86493333333,1430,962
-0.40986488770404,6.65864211260292,1.01688303230056,2600.8983,1430,962
-0.430391075919834,6.70895355302365,1.01879029168163,2600.93166666667,1430,962
-0.43487533746211,6.69988999594315,1.01571470463982,2600.96503333333,1430,962
-0.459757165274398,6.77634942885482,1.0228171038658,2600.9984,1430,962
-0.464394133229813,6.76699657501288,1.02164570812512,2601.03176666667,1430,962
-0.468042329045463,6.75552810549623,1.0216506860034,2601.06513333333,1430,962
-0.459137730702445,6.70662237151093,1.01953665869067,2601.0985,1430,962
-0.474989284346035,6.7704921518678,1.02460573476567,2601.13186666667,1430,962
-0.478930293670213,6.75234689221114,1.02327261943815,2601.16523333333,1430,962
-0.488541445429657,6.77495368010415,1.02571065644708,2601.1986,1430,962
-2.53705182370888,5.85945198872658,0.769155446684368,2606.604,1431,963
-2.51424345073302,5.81991049327653,0.770215618661097,2606.63736666667,1431,963
-2.53497265539128,5.8383776050742,0.774008487175539,2606.67073333333,1431,963
-2.53727457425484,5.8297390615723,0.780887687952065,2606.7041,1431,963
-2.54998875538157,5.84286539488564,0.782125163873128,2606.73746666667,1431,963
-2.54194253783316,5.82284520988326,0.785377498107383,2606.77083333333,1431,963
-2.55169231719727,5.82047796231077,0.788332810322691,2606.8042,1431,963
-2.56547687805199,5.837807074808,0.789130781289072,2606.83756666667,1431,963
-2.56155046470484,5.81372151495791,0.790125778320429,2606.87093333333,1431,963
-2.56898825727302,5.81588915891482,0.791491593173601,2606.9043,1431,963
-2.58264090713119,5.82132809932794,0.789656295056636,2606.93766666667,1431,963
-2.57305449335344,5.79649453753247,0.785199593015414,2606.97103333333,1431,963
-2.57200739774346,5.77340073559549,0.78352013170651,2607.03776666667,1432,963
-2.58438578833566,5.775566952602,0.778373400050551,2607.07113333333,1432,963
-2.59589904570742,5.7823817514318,0.77572259183075,2607.1045,1432,963
-2.59531062600955,5.76657947049632,0.773241608486108,2607.13786666667,1432,963
-2.61220120008876,5.77662093837352,0.771585615528453,2607.17123333333,1432,963
0.714778953145264,1.61928146064095,0.581228202877546,2615.34606666667,1433,964
0.714128643392876,1.61919508054466,0.581573860177557,2615.4128,1435,964
1.06545359684391,12.2873123539922,0.559488429142378,2615.37943333333,1434,965
0.831870398225933,5.30266760460507,0.576370984366305,2615.44616666667,1436,966
-3.50910260952124,4.62872063203519,1.10048448715363,2619.14986666667,1437,967
-3.48476543250302,4.61299936737992,1.1011292115248,2619.18323333333,1437,967
-3.4830458475115,4.61068513250829,1.10506582329085,2619.2166,1437,967
-3.49181197411856,4.61920744170363,1.10945187517813,2619.24996666667,1437,967
-3.49137459258148,4.61734894175294,1.11265148949636,2619.28333333333,1437,967
-3.4878299811799,4.61525605307161,1.11543130170232,2619.3167,1437,967
-3.48383493376609,4.61603603851737,1.12043888431855,2619.35006666667,1437,967
-3.47294590790138,4.6115675375208,1.12419955387203,2619.4168,1438,967
-3.47787223094966,4.61664206137749,1.1262211033439,2619.45016666667,1438,967
-3.48779725067325,4.62600117561283,1.12977023717992,2619.48353333333,1438,967
-3.50683097417471,4.64451039821856,1.13574476925268,2619.5169,1438,967
-3.48566172148434,4.62616453463329,1.13377619913539,2619.55026666667,1438,967
-3.48331864947215,4.62775203960659,1.12947763282369,2619.58363333333,1438,967
0.832642009750825,4.28936682764722,0.617950210276508,2620.18423333333,1439,968
0.718471203734673,1.61927833335427,0.588112157912592,2620.2176,1440,968
0.717885227694251,1.61920529403418,0.588357311165105,2620.25096666667,1440,968
0.735495268874978,2.08254199080944,0.595371267341683,2620.28433333333,1441,968
0.782939605464923,3.34951866004227,0.617810535210086,2620.35106666667,1442,968
0.743909682959271,2.3722080245571,0.604072217572103,2620.4178,1443,968
-0.127436731851456,6.63761525385387,1.10388058669731,2626.624,1444,969
-0.135366288542754,6.65659410182372,1.10426607644784,2626.65736666667,1444,969
-0.124991441030061,6.57382561175933,1.09408261996809,2626.69073333333,1444,969
-1.94547341389992,9.4616727701539,0.913225527429324,2627.65836666667,1445,970
-1.94577959553002,9.39756788877114,0.906509706204972,2627.69173333333,1445,970
-2.08366597182153,9.68969939786056,0.916960117568291,2627.75846666667,1446,970
-0.197789247078376,5.06142545718077,0.909550352570505,2631.36206666667,1447,971
-0.189204024402138,5.06370568893921,0.920352232956025,2631.39543333333,1447,971
-0.177657490059378,5.05686499575506,0.930767359194451,2631.4288,1447,971
-2.2546940696771,9.23670544584987,0.696078827823802,2631.86256666667,1448,972
-2.10424514405019,2.91810335684648,0.31957860571467,2631.96266666667,1449,973
-0.165268366827954,4.41746076125508,1.11713732142818,2633.5309,1450,974
-0.180604807086673,4.39312418840591,1.1190303077959,2633.66436666667,1451,974
-0.218196575348541,4.38181632186098,1.10233559983597,2633.79783333333,1452,974
-0.235068448771714,4.32152763732525,1.07371520954336,2633.9313,1453,974
-0.243250832405858,4.32105654755052,1.06974535789749,2633.96466666667,1453,974
-0.272751728508497,4.2959397681909,1.04817959665846,2634.09813333333,1454,974
-0.280929539134234,4.24451046643845,1.0226331191142,2634.26496666667,1455,974
-0.26360478798127,4.1936647788556,1.01166338115414,2634.39843333333,1456,974
-0.257463255636722,4.18345459582372,1.01082613319358,2634.4318,1456,974
-0.256435702970648,4.18029515754447,1.00955499985867,2634.46516666667,1456,974
-0.226697169918683,4.13550698491565,1.00983782539264,2634.56526666667,1457,974
-0.218850758466683,4.1268879548442,1.00978815252105,2634.59863333333,1457,974
-0.213615095587178,4.11991593384822,1.01099365956502,2634.632,1457,974
-0.199643504197674,4.09204251119982,1.00964080007502,2634.66536666667,1457,974
-0.195554869371501,4.09837449165288,1.01331510235825,2634.69873333333,1457,974
-0.182697046476093,4.08684984445315,1.01312385614087,2634.7321,1457,974
-0.176040849029578,4.09039941826981,1.01521029055171,2634.76546666667,1457,974
-0.159300853752653,4.0663354900466,1.01186375683664,2634.79883333333,1457,974
-0.144238206312304,4.04668131480485,1.01167077030973,2634.8322,1457,974
-0.135240211857009,4.0436288778222,1.01393607261998,2634.86556666667,1457,974
-0.123312939256948,4.02437041093045,1.012217592946,2634.89893333333,1457,974
-0.115717951879447,4.02102155976915,1.01454714914998,2634.9323,1457,974
-0.1007930234065,3.99808264751688,1.01337187346713,2634.96566666667,1457,974
-0.0890539863044522,3.980341976412,1.01358465791316,2634.99903333333,1457,974
-2.18911665205318,2.70977401682606,0.514779061198519,2639.30333333333,1458,975
-2.18839983528939,2.71149475133065,0.497271239726072,2639.4368,1459,975
-2.17896554929107,2.73042751799053,0.470396996557934,2639.57026666667,1460,975
-2.17992865938503,2.73421791284745,0.463870603699734,2639.60363333333,1460,975
-2.18058499733187,2.7370204427763,0.455314533880511,2639.637,1460,975
-2.1742642162385,2.73780784749309,0.434184824105335,2639.7371,1461,975
-10.8206619337633,1.05990865120958,1.17833452939972,2698.02866666667,1462,976
-10.7569573393294,1.05427771038049,1.18103395247654,2698.06203333333,1462,976
7.08549613807822,10.2695994702371,-0.01923744440556,2711.04166666667,1463,977
6.81921596617227,13.1689456559066,-0.284080883692136,2717.98193333333,1464,978
-1.267830043017,4.5538825850419,0.785787022634309,2752.5498,1465,979
-1.26034679201085,4.54221337000127,0.785431289154027,2752.58316666667,1465,979
-1.26599920044819,4.55462908242943,0.786584556867773,2752.61653333333,1465,979
-1.26082122384046,4.55233363887775,0.785415035789353,2752.6499,1465,979
-1.25542406396806,4.54853859237938,0.783934423118166,2752.68326666667,1465,979
-1.25037296316906,4.54231348863,0.780246637897976,2752.71663333333,1465,979
-1.24475007183351,4.54091612389926,0.77778463197158,2752.75,1465,979
-1.24391594714472,4.54418509062764,0.776626821010408,2752.78336666667,1465,979
-1.24980983836883,4.55665972946329,0.775132263498314,2752.81673333333,1465,979
-1.24573141749243,4.55153619179808,0.771283079125455,2752.8501,1465,979
-1.24167621677936,4.54287540749052,0.768134603056214,2752.88346666667,1465,979
-1.24394796181895,4.54423462635883,0.766554787520919,2752.91683333333,1465,979
-1.24365793951185,4.54371082304125,0.765143121447049,2752.9502,1465,979
-1.24319337169167,4.54260306286952,0.763060203809827,2752.98356666667,1465,979
-1.24319094709519,4.53490058461073,0.759835211776513,2753.0503,1466,979
-7.15418573869716,-3.25362699410673,1.56237740793878,2755.78636666667,1467,980
-7.13140585829832,-3.22261664411973,1.56310120295903,2755.81973333333,1467,980
-7.07061797321774,-3.16072652149337,1.55594907187762,2755.88646666667,1468,980
-8.07853654112454,1.24369268985049,2.04253966438001,2759.22313333333,1469,981
-8.03796567666229,1.24071797575344,2.04882320323728,2759.2565,1469,981
-7.9639564849795,1.23758890876338,2.04760972423841,2759.28986666667,1469,981
-7.97615995655134,1.23412726015557,2.06191305010125,2759.32323333333,1469,981
-7.93143524832936,1.22811221638742,2.06713794196706,2759.3566,1469,981
-7.92107290111962,1.22739818168656,2.07988558617765,2759.38996666667,1469,981
-7.88232342149783,1.22293258714642,2.08771039033684,2759.42333333333,1469,981
-7.88531340144403,1.22305322642352,2.09839634343736,2759.4567,1469,981
-7.90243307181547,1.22057421555797,2.11621214423504,2759.49006666667,1469,981
-3.84199350206907,-0.733326845937368,1.66880487258805,2760.09066666667,1470,982
-3.81751696421903,-0.711127174148475,1.66678885330908,2760.12403333333,1470,982
-3.81730395820156,-0.702808522819112,1.67317274724177,2760.1574,1470,982
-3.76796238176701,-0.673267469468114,1.66920917829557,2760.19076666667,1470,982
-3.76612542982214,-0.6648844536323,1.67558922939932,2760.22413333333,1470,982
-3.73973573313095,-0.645655305803995,1.67955246479587,2760.2575,1470,982
-3.73009124585181,-0.633716487005078,1.68775653099185,2760.29086666667,1470,982
-3.69549103967001,-0.614622996047827,1.68926009796507,2760.32423333333,1470,982
-3.680322857073,-0.604019284745864,1.69512732429817,2760.3576,1470,982
-3.66638581569244,-0.596760525561588,1.7041032799804,2760.39096666667,1470,982
-3.64787776084922,-0.592603064255859,1.71079572637911,2760.42433333333,1470,982
-3.62837154740235,-0.586322810642193,1.71769471005975,2760.4577,1470,982
-3.60017786425464,-0.578980856970304,1.72255024216277,2760.49106666667,1470,982
-3.5691872575098,-0.571967356508082,1.72552754739251,2760.52443333333,1470,982
-3.54905042064525,-0.570029521020724,1.73058367675981,2760.5578,1470,982
-3.67603858490975,1.06407126200471,2.1056165038233,2765.5628,1471,983
-3.6616730515719,1.06011162733643,2.10172777114592,2765.59616666667,1471,983
-3.64009569888121,1.05693988489662,2.09782003338635,2765.62953333333,1471,983
-3.62325937300491,1.05276012444417,2.09394587522073,2765.6629,1471,983
-3.61861500026177,1.04885347229671,2.09469075381425,2765.69626666667,1471,983
-3.60443372303575,1.04450382750359,2.09205363903118,2765.72963333333,1471,983
-3.59461441545953,1.04184978696221,2.08993211697388,2765.763,1471,983
-3.58252687787657,1.03932711600292,2.08636228496685,2765.79636666667,1471,983
-3.55993161304006,1.03679061967455,2.07811872100068,2765.82973333333,1471,983
-3.55453130774574,1.0333441294336,2.07453363307179,2765.8631,1471,983
-3.55628466112883,1.02897225058059,2.07276270742848,2765.89646666667,1471,983
-3.52926630631934,1.0230705010219,2.06130488499635,2765.92983333333,1471,983
-3.52440598227171,1.01618757270832,2.05966885934525,2765.9632,1471,983
-3.52016279616061,1.00995994038526,2.05880108262221,2765.99656666667,1471,983
-3.50987300111937,1.00316901831217,2.05585281241876,2766.02993333333,1471,983
-3.50429796971525,0.997431256288855,2.05684752624129,2766.0633,1471,983
-3.48206646886443,0.992220782059608,2.05135135011141,2766.09666666667,1471,983
-3.47583784579152,0.985635027696893,2.05136901095598,2766.13003333333,1471,983
-3.48647097978367,0.979007871002941,2.05893094409807,2766.1634,1471,983
-3.4648946709748,0.972526656007095,2.05404861843998,2766.19676666667,1471,983
-3.45936210601962,0.963158819329081,2.05458883581775,2766.23013333333,1471,983
-3.46093659017182,0.956988184708806,2.05720598144552,2766.2635,1471,983
-3.45263348981703,0.947616653131859,2.05758715148847,2766.29686666667,1471,983
-3.45053123365932,0.941268667362828,2.0574810688329,2766.33023333333,1471,983
-3.43708570534652,0.934204769579731,2.0557706947633,2766.3636,1471,983
-3.44790397471704,0.928482999705143,2.06090355034432,2766.39696666667,1471,983
-4.16400124729337,3.36708629570219,1.82410499792274,2766.69726666667,1472,984
-4.17836264132585,3.37030546861399,1.82144375015021,2766.73063333333,1472,984
-4.21772504129781,3.38830613331743,1.82810339544995,2766.764,1472,984
-4.24050231147319,3.39622262208526,1.82701937066219,2766.79736666667,1472,984
-4.36165302618147,3.46090347365753,1.84872895195941,2766.9642,1473,984
-4.41485980786526,3.50679687826395,1.8589350016379,2767.09766666667,1474,984
-4.42795282388648,3.51597351907232,1.85859583622028,2767.13103333333,1474,984
-4.46842746719667,3.53787148042061,1.859486810412,2767.19776666667,1475,984
-1.37933607812244,3.0268958742549,1.470628092307,2770.20076666667,1476,985
-1.37047971626836,3.05226279366312,1.46999149687576,2770.23413333333,1476,985
-1.35357612530255,3.07086312732864,1.46554360822367,2770.2675,1476,985
-1.34261418755397,3.09220971888596,1.46405413684232,2770.30086666667,1476,985
-1.33020204435269,3.11101619872751,1.46162150379191,2770.33423333333,1476,985
-1.31743281661169,3.13045791762355,1.45910423803781,2770.3676,1476,985
-1.30866267266305,3.15130827403741,1.45721275549322,2770.40096666667,1476,985
-1.29982034120852,3.17251461322527,1.45616649393942,2770.43433333333,1476,985
-1.28664953376752,3.19160081496184,1.45397580717261,2770.4677,1476,985
-1.27355839256021,3.21026969935498,1.4522976339219,2770.50106666667,1476,985
-1.25758156921306,3.22535696300802,1.44876726752628,2770.53443333333,1476,985
-1.24805610509094,3.24692805237895,1.44863392496249,2770.5678,1476,985
-1.23909319470177,3.26878060465239,1.44943595638939,2770.60116666667,1476,985
-1.22594451327402,3.28660119182295,1.44739000643389,2770.63453333333,1476,985
-1.21417928889582,3.30465119027738,1.4449974189267,2770.6679,1476,985
-1.20167689341943,3.32298654677479,1.44282729975993,2770.70126666667,1476,985
-1.18710709455164,3.33757762829851,1.4385620860697,2770.73463333333,1476,985
-1.18014638985191,3.36107636746147,1.43835896622663,2770.768,1476,985
-1.16400735122889,3.37419670980607,1.43435270635879,2770.80136666667,1476,985
-1.15106577118555,3.39286831124509,1.43106591162567,2770.83473333333,1476,985
-1.13949858526543,3.40958405727689,1.42716866061166,2770.8681,1476,985
-1.12815483504641,3.41957738941481,1.42486020137274,2770.90146666667,1476,985
-1.12272093918887,3.43163036367591,1.42229023386407,2770.93483333333,1476,985
-1.11573942823606,3.43474242820674,1.41705447679107,2770.9682,1476,985
-1.12127282009427,3.44666849932447,1.41594187134494,2771.00156666667,1476,985
-1.11581038535878,3.44167058084266,1.40728578513898,2771.03493333333,1476,985
-3.01799623486043,1.26684139558916,1.11518739795885,2775.80636666667,1477,986
-3.02493013643363,1.26092391763881,1.11875028978165,2775.83973333333,1477,986
-3.0312439818438,1.25419806261885,1.12129888048815,2775.8731,1477,986
-3.03913794728754,1.24499442409749,1.12338880512828,2775.90646666667,1477,986
-3.04712677113455,1.23592509897445,1.12450317229269,2775.93983333333,1477,986
-3.05345189299846,1.22830298572453,1.12675634288884,2775.9732,1477,986
-3.06706719409243,1.21851658915075,1.12958160078364,2776.00656666667,1477,986
-3.07695312023497,1.20904869110254,1.13270484594362,2776.03993333333,1477,986
-3.09228836801866,1.19937893173457,1.13553163476102,2776.0733,1477,986
-3.09368802701679,1.18940128817355,1.13671163250841,2776.10666666667,1477,986
-3.1061342580276,1.17892948479609,1.14076433129564,2776.14003333333,1477,986
-3.12264134305844,1.16963681501204,1.14548665251216,2776.1734,1477,986
-3.12104720304943,1.15838783520067,1.14705935318295,2776.20676666667,1477,986
-3.11683550130538,0.956404446315862,1.42074277029092,2780.0773,1478,987
-3.12067527059474,0.957338621539927,1.42226577253515,2780.11066666667,1478,987
-3.10789428614281,0.958473587182775,1.42097354794022,2780.14403333333,1478,987
-3.10666523826585,0.961253975816488,1.42265664072523,2780.1774,1478,987
-3.1096761935086,0.963347094285814,1.42544621888476,2780.21076666667,1478,987
-3.1068249315114,0.967013982455988,1.42728860845641,2780.24413333333,1478,987
-3.09937774691377,0.971391386294362,1.42683372557161,2780.2775,1478,987
-3.11112165090148,0.974890822599278,1.43058376898882,2780.31086666667,1478,987
-3.10338983515813,0.981084697304698,1.43053282254554,2780.34423333333,1478,987
-3.10568467395639,0.984834591387719,1.43280056056585,2780.3776,1478,987
-3.11103908167511,0.990247448103059,1.4324971004127,2780.41096666667,1478,987
-3.10295832909162,0.995415025677336,1.428694689372,2780.44433333333,1478,987
-3.10468160433416,0.999277267843798,1.42898855486539,2780.4777,1478,987
-3.11644232859672,1.00315986917356,1.43076793843923,2780.51106666667,1478,987
-3.10540327502587,1.00712220209485,1.42732672347343,2780.54443333333,1478,987
-3.12151783926597,1.01017571019432,1.43223018039945,2780.5778,1478,987
-3.11917954862882,1.01445652422421,1.43444645859144,2780.61116666667,1478,987
-3.10714802462318,1.01764953945988,1.43395736372023,2780.64453333333,1478,987
-3.10558767424405,1.01866930462908,1.43522182881384,2780.6779,1478,987
-3.11132686238691,1.01933614745597,1.43590558044789,2780.71126666667,1478,987
-3.11607062896941,1.0181347646761,1.43897997733764,2780.74463333333,1478,987
-3.53459742135867,0.210903981494717,0.618951148743684,2784.01456666667,1479,988
-3.54890144238794,0.212224137308698,0.614695110397588,2784.04793333333,1479,988
-3.54880382001538,0.21949868121188,0.611253699812555,2784.0813,1479,988
-3.55106861217821,0.226729859718786,0.607373581324465,2784.11466666667,1479,988
-3.56716608249246,0.22928326806357,0.602981221086284,2784.14803333333,1479,988
-3.56926204812454,0.233498524823893,0.602642691027135,2784.1814,1479,988
-3.5744852307307,0.235158406698946,0.598339223906806,2784.21476666667,1479,988
-3.61753398397541,0.221877037654892,0.610587802468109,2784.41496666667,1480,988
-3.1539466961544,-0.483927638288765,0.811085749885687,2788.11866666667,1481,989
-3.14216670506265,-0.472202905535714,0.814749938155489,2788.15203333333,1481,989
-3.14050700193914,-0.465477240864916,0.819550913453645,2788.1854,1481,989
-3.1208778901022,-0.450589167108533,0.819138204614419,2788.21876666667,1481,989
-3.10190565964676,-0.435246792538157,0.823457247142777,2788.25213333333,1481,989
-3.08262282649351,-0.420370902830469,0.823383911593247,2788.2855,1481,989
-3.07384141396585,-0.408997793710492,0.826836781211603,2788.31886666667,1481,989
-3.05296640576366,-0.393187170276197,0.828721867669885,2788.35223333333,1481,989
-3.03084797764112,-0.376898019589665,0.829978059564592,2788.3856,1481,989
-3.02755718221984,-0.36700199950973,0.833817765864546,2788.41896666667,1481,989
-3.02633740353208,-0.356910480433081,0.838140522115885,2788.45233333333,1481,989
-2.99880957049392,-0.338568123562198,0.838955112462214,2788.4857,1481,989
-2.98982985082813,-0.32520103956687,0.842427585220116,2788.51906666667,1481,989
-2.98158171636738,-0.311083642552131,0.845108502865498,2788.55243333333,1481,989
-2.96509575707256,-0.295283193269168,0.847492606861254,2788.5858,1481,989
-2.95949884038392,-0.282109874946038,0.849376361532602,2788.61916666667,1481,989
-2.94573570484511,-0.267204937267913,0.851448628710095,2788.65253333333,1481,989
-2.94615994815638,-0.260193839323179,0.852512722488965,2788.6859,1481,989
-2.93995790777264,-0.250673273383734,0.855061823922869,2788.71926666667,1481,989
-2.92130945814456,-0.240414685988048,0.854000756451267,2788.75263333333,1481,989
-2.90901930866321,-0.230610489110205,0.856191284752288,2788.786,1481,989
-0.658194070560804,3.16290848147462,1.02767944186009,2792.95683333333,1482,990
-0.640547583850798,3.20575280425507,1.02316785530129,2792.9902,1482,990
-0.623098678718134,3.25506950403095,1.01892644427296,2793.02356666667,1482,990
-0.607443323009336,3.3058939416956,1.01534707759585,2793.05693333333,1482,990
-0.579377191741635,3.33825333457652,1.00889242301914,2793.0903,1482,990
-0.565120028786657,3.3866179038415,1.00650347447766,2793.12366666667,1482,990
-0.535861248824379,3.41034024899573,0.999601609653956,2793.15703333333,1482,990
-0.516997048516643,3.4505409203783,0.996029646929789,2793.1904,1482,990
-0.5002601191234,3.49252717104168,0.992597750583388,2793.22376666667,1482,990
-0.480427020364022,3.52766736894283,0.987780805204278,2793.25713333333,1482,990
-0.460583404609274,3.56184077872942,0.982499795530158,2793.2905,1482,990
-0.440991741785829,3.59472786115162,0.978085666509424,2793.32386666667,1482,990
-0.428158882046361,3.63907186968005,0.975608893795451,2793.35723333333,1482,990
-0.410495434497859,3.67288354332826,0.971265775859313,2793.3906,1482,990
-0.391781798693666,3.70538259317956,0.966672956422961,2793.42396666667,1482,990
-0.365008157595934,3.72077559412999,0.959041828835498,2793.45733333333,1482,990
-0.345924600705218,3.74915556090469,0.953452926723008,2793.4907,1482,990
-0.330946567642294,3.79189928494355,0.951131736674845,2793.52406666667,1482,990
-0.304955528781078,3.80544939019888,0.945367649360685,2793.55743333333,1482,990
-0.282051635909332,3.82685498740949,0.940002720941401,2793.5908,1482,990
-0.260715574344076,3.85464045609058,0.935313195239617,2793.62416666667,1482,990
-0.246817096107146,3.8973362220625,0.934183176985845,2793.65753333333,1482,990
-0.21817608920536,3.90972877299974,0.928684866568794,2793.6909,1482,990
-0.193058378443872,3.91960944274046,0.92388390607121,2793.72426666667,1482,990
0.943256670307225,3.68737880139958,1.22373994103024,2798.02856666667,1483,991
0.935241287065754,3.69731986840643,1.22904841299193,2798.06193333333,1483,991
0.882060628210344,3.59270454711551,1.21943746773628,2798.1954,1484,991
0.865534856256438,3.60139732056186,1.22310643305792,2798.22876666667,1484,991
0.846202943284873,3.60680771351218,1.22557976955646,2798.26213333333,1484,991
0.828458560598754,3.62815093444999,1.23439758332893,2798.2955,1484,991
0.811797543392803,3.64353139253306,1.24286594417901,2798.32886666667,1484,991
0.796087789607566,3.66264591802251,1.2522477549191,2798.36223333333,1484,991
0.779680648730201,3.67519375063287,1.25993818633372,2798.3956,1484,991
0.764309520627121,3.68961379745368,1.26774911365011,2798.42896666667,1484,991
0.747614084066669,3.70018907571725,1.27224444213662,2798.46233333333,1484,991
0.730877472718736,3.72038534245982,1.280278960386,2798.4957,1484,991
0.712591834800361,3.73119072207286,1.28380287611471,2798.52906666667,1484,991
0.691840564026805,3.74094128714669,1.28635323990686,2798.56243333333,1484,991
0.671223045875801,3.74706734536544,1.28940324320858,2798.5958,1484,991
0.651423056794637,3.75654602734744,1.29368275412417,2798.62916666667,1484,991
0.540244097298593,3.56200111882582,1.25614825769654,2798.8961,1485,991
-1.48510003455198,2.82687391815958,0.784801823298863,2799.5968,1486,992
-1.48349783605211,2.81807910137603,0.784001085827031,2799.63016666667,1486,992
-1.49286187477874,2.8185863800748,0.784162223567089,2799.66353333333,1486,992
-1.49717183951724,2.81563747363352,0.785345323738229,2799.6969,1486,992
-1.50604954102677,2.81471672726293,0.786836559225295,2799.73026666667,1486,992
-1.51116109791557,2.81335128021766,0.789414485238459,2799.76363333333,1486,992
-1.51591052026183,2.81138898224754,0.791513419261339,2799.797,1486,992
-8.01764211446691,0.437443770202789,1.66152093909348,2801.2985,1487,993
-1.8570116122923,2.28404036810442,0.932013436281482,2803.2004,1488,994
-1.85704355218899,2.27536314880964,0.935690542945358,2803.23376666667,1488,994
-1.8610170926012,2.2705747667139,0.941069466964831,2803.26713333333,1488,994
-1.86542078027983,2.26718819939087,0.946505694924653,2803.3005,1488,994
-1.87350239565476,2.26874255900824,0.9522765724218,2803.33386666667,1488,994
-1.8774871872652,2.2682190551369,0.955937449156074,2803.36723333333,1488,994
-1.88461041297449,2.27222098723916,0.959044589110304,2803.4006,1488,994
-1.88587310508652,2.27241994727361,0.962074142438319,2803.43396666667,1488,994
-1.89521061087815,2.27597811573968,0.96395135964073,2803.46733333333,1488,994
-1.89592428439823,2.2746294996872,0.964998287430513,2803.5007,1488,994
-1.89836433018737,2.27354611965073,0.965024499578391,2803.53406666667,1488,994
-1.90759640248459,2.27482738907858,0.965374918453229,2803.56743333333,1488,994
-1.90042738814912,2.26886990421781,0.964051083903975,2803.6008,1488,994
-1.89839842576508,2.26392905516942,0.962101208370387,2803.63416666667,1488,994
-1.90170104313642,2.25957543309724,0.961693283560027,2803.66753333333,1488,994
-1.90502898721723,2.25321029659596,0.961177298696844,2803.7009,1488,994
-1.906025468041,2.24342375511969,0.960023645676568,2803.73426666667,1488,994
-1.90801286654734,2.23143881656661,0.958049735332143,2803.76763333333,1488,994
-1.91640645092259,2.22265819596141,0.958015709670201,2803.801,1488,994
-1.91785267190663,2.21145289217163,0.957747091416423,2803.83436666667,1488,994
-1.92262401249201,2.20483947270755,0.959053340737079,2803.86773333333,1488,994
-1.92266710002967,2.19781403703123,0.959761475902562,2803.9011,1488,994
-1.92007162496817,2.19167686033236,0.959968354604892,2803.93446666667,1488,994
-1.92066689917984,2.18751440577191,0.961184679900679,2803.96783333333,1488,994
-1.91933733165723,2.18345820612412,0.963155840611234,2804.0012,1488,994
-1.92140826317516,2.17982740129742,0.964799117916124,2804.03456666667,1488,994
-1.91826552321748,2.17256659352421,0.964485380695145,2804.06793333333,1488,994
-1.92047901579793,2.16760887921066,0.965928108625278,2804.1013,1488,994
-1.92042286208789,2.1605127902618,0.966193242278778,2804.13466666667,1488,994
-1.91932058773553,2.15460665553454,0.966565047222685,2804.16803333333,1488,994
-5.29677469848118,1.36206250168732,1.58044079334859,2806.06993333333,1489,995
-5.25047196948214,1.3505757203072,1.56988666661493,2806.1033,1489,995
-5.25271766855199,1.33683765850342,1.56628476745223,2806.13666666667,1489,995
-2.5145218212685,-1.04821243623222,0.49849579264413,2813.64416666667,1490,996
-2.50462755108591,-1.0378561480842,0.499212806394548,2813.67753333333,1490,996
-2.48867448306498,-1.02821455225306,0.499376246709839,2813.7109,1490,996
-2.48779013082024,-1.02744366446677,0.500022202092385,2813.74426666667,1490,996
-2.48779013082024,-1.02744366446677,0.500022202092385,2813.77763333333,1490,996
-2.49105810974337,-1.02909843113947,0.50075466857625,2813.811,1490,996
-2.49589526599179,-1.0330500584516,0.500142223811688,2813.84436666667,1490,996
-2.50810437726163,-1.0387651802076,0.499593065130922,2813.87773333333,1490,996
-2.48485905312246,-1.02825688033318,0.5006830030444,2813.9111,1490,996
-2.46796997146401,-1.01458606414548,0.501159844477698,2814.0112,1492,996
-2.48860197738825,-1.02716891484914,0.500201704227104,2814.1113,1493,996
-2.49782921410815,-1.03459162444801,0.500325775907932,2814.14466666667,1493,996
-0.144055556048592,0.854365143385928,0.610988440874428,2813.94446666667,1491,997
-0.143593347803277,0.854783873630274,0.610920947946923,2813.97783333333,1491,997
-0.141164475340373,0.856687410912533,0.611095425780814,2814.24476666667,1494,997
-0.142196596705331,0.856870611682233,0.610665604914868,2814.27813333333,1494,997
-0.143292651467435,0.855966651595048,0.61068957098195,2814.3115,1494,997
-4.78266622084387,-1.40409311333224,1.33390247989044,2840.10393333333,1495,998
-4.72330591997722,-1.38201614981756,1.32966606662953,2840.1373,1495,998
-4.70775090589452,-1.37955122332119,1.32992857691321,2840.17066666667,1495,998
-4.67670031970014,-1.37191602214971,1.32443313042419,2840.20403333333,1495,998
-4.6255330418892,-1.35643506900987,1.31879191498448,2840.2374,1495,998
-4.62392531592476,-1.36133571315484,1.31817971370257,2840.27076666667,1495,998
-4.62213848884476,-1.36699455928176,1.3209660621929,2840.30413333333,1495,998
-4.62360756712371,-1.37528511395693,1.3182730391907,2840.3375,1495,998
-4.53392892266908,-1.34721194626731,1.30979307684848,2840.40423333333,1497,998
-4.53147265711153,-1.35278775837225,1.31147755290353,2840.4376,1497,998
-4.46515763383882,-1.35089838223246,1.31024195595552,2840.5377,1498,998
-4.41569148073853,-1.33908654177127,1.30251070675116,2840.57106666667,1498,998
-1.95819733037037,2.84874822962802,0.839860043042282,2840.3375,1496,999
-1.96563211689235,2.85879090459244,0.843914435207702,2840.37086666667,1496,999
-1.96259081417212,2.86659107228214,0.848514549703394,2840.40423333333,1496,999
-1.96548575548652,2.87759924196867,0.85281678295852,2840.4376,1496,999
-1.96298991717618,2.8868429380978,0.856065676747695,2840.47096666667,1496,999
-1.97026955036294,2.90287602121378,0.858747477521416,2840.50433333333,1496,999
-1.97264277559015,2.91417883189959,0.859546671501632,2840.5377,1496,999
-1.97055179025765,2.92297151542243,0.858123831974175,2840.57106666667,1496,999
-1.98451738457793,2.94341378299385,0.8593245818182,2840.60443333333,1496,999
-1.98409901389223,2.95298683608491,0.858131488639064,2840.6378,1496,999
-1.98872869964974,2.96482824243467,0.856037076265786,2840.67116666667,1496,999
-1.99273757368183,2.97721895475983,0.854100805915376,2840.70453333333,1496,999
-2.00172847699386,2.9919255483539,0.852163155492643,2840.7379,1496,999
-1.99852833978,3.00140007019851,0.849180258657744,2840.77126666667,1496,999
-1.99744627313509,3.00906776497274,0.847303151397756,2840.80463333333,1496,999
-2.01105992609573,3.02524472974031,0.845372011815649,2840.838,1496,999
-2.01031802065149,3.0285808548814,0.842168179486614,2840.87136666667,1496,999
-2.01282909395981,3.03549764050876,0.840472497732272,2840.90473333333,1496,999
-2.01537325377611,3.04058772666807,0.838871031361855,2840.9381,1496,999
-2.01541255685727,3.04446033172764,0.835771636914484,2840.97146666667,1496,999
-2.02790165070384,3.05741709399544,0.835137618854965,2841.00483333333,1496,999
-2.02821243912186,3.06000301055717,0.833568973564412,2841.0382,1496,999
-3.35112777826233,0.896607379024624,0.979583774468973,2842.3395,1499,1000
-3.34779080587448,0.89665752419242,0.979490379245613,2842.37286666667,1499,1000
-3.34220103230328,0.894987634557126,0.980921238602328,2842.40623333333,1499,1000
-3.34139588603667,0.894352640845443,0.979678877093815,2842.4396,1499,1000
-3.34414075477931,0.89206105495947,0.979234058823114,2842.47296666667,1499,1000
-3.354941499563,0.888811275202555,0.976398676782149,2842.50633333333,1499,1000
-3.34612484437351,0.884924853729206,0.972800323302925,2842.5397,1499,1000
-3.36202225082977,0.880354485607063,0.97129160393467,2842.57306666667,1499,1000
-3.37404356164015,0.873758159805379,0.967800767666418,2842.60643333333,1499,1000
-3.36840394821299,0.869254367417491,0.966819123792273,2842.6398,1499,1000
-3.35987603488738,0.862396527876589,0.962593160312328,2842.67316666667,1499,1000
-3.3644049873552,0.857535137459347,0.962929127351449,2842.70653333333,1499,1000
-3.36463781619058,0.855060077451799,0.962257335646007,2842.7399,1499,1000
-3.36665122425294,0.853807100720832,0.964031404713766,2842.77326666667,1499,1000
-3.37650723899003,0.852090264521412,0.967152643014978,2842.80663333333,1499,1000
-3.3659870980519,0.850732694251616,0.96659841376427,2842.84,1499,1000
-3.37976543257112,0.851593578331272,0.970378666614918,2842.87336666667,1499,1000
-0.0945136734459301,-0.189433311568071,1.0787940439369,2845.80963333333,1500,1001
-0.0552929802752106,-0.175533374918424,1.07835404768848,2845.843,1500,1001
-0.0188472174797601,-0.16630429351627,1.08107286967198,2845.87636666667,1500,1001
0.018757149311033,-0.155572544067062,1.08387189326397,2845.90973333333,1500,1001
0.0583542286888787,-0.141573447099083,1.08571294032396,2845.9431,1500,1001
0.0985659850082075,-0.127713412701538,1.08742148811971,2845.97646666667,1500,1001
0.137782932620325,-0.115829335816487,1.09059944409668,2846.00983333333,1500,1001
0.176656980831288,-0.104649522844187,1.09384393625798,2846.0432,1500,1001
0.215637622814533,-0.0934478730426094,1.09731668039714,2846.07656666667,1500,1001
0.253986037396989,-0.0836375052716122,1.10156967283037,2846.10993333333,1500,1001
0.289906559072128,-0.0765650987143646,1.1073045268024,2846.1433,1500,1001
0.328043939147594,-0.0678509285029344,1.1127107893002,2846.17666666667,1500,1001
0.364749209257154,-0.0631520800236279,1.12070476185384,2846.21003333333,1500,1001
0.403185238420637,-0.0573734407083922,1.12790562877946,2846.2434,1500,1001
0.440470504065422,-0.0518532872384712,1.13399631063516,2846.27676666667,1500,1001
0.479460641882433,-0.0487652336286857,1.14090900673671,2846.31013333333,1500,1001
0.520514155140517,-0.0454655353087166,1.14734877859258,2846.3435,1500,1001
0.560093121963911,-0.0419570498739436,1.15309157231063,2846.37686666667,1500,1001
0.602245602787259,-0.0419414135698243,1.16041613965629,2846.41023333333,1500,1001
0.629448600917024,-0.0431743880562089,1.16503287444449,2846.4436,1500,1001
-3.25782352832027,-0.0645139305826311,1.24369971681817,2847.77826666667,1501,1002
-3.23522986069599,-0.0636156677643707,1.23932563931413,2847.81163333333,1501,1002
-3.24413827223724,-0.0695690306678434,1.23850664576858,2847.845,1501,1002
-3.23845422239125,-0.0715428584441279,1.23503584456091,2847.87836666667,1501,1002
-3.24186361652426,-0.073910329799551,1.23483165458166,2847.91173333333,1501,1002
-3.24715527320685,-0.0770842979733541,1.23524619666964,2847.9451,1501,1002
-3.26705648118539,-0.0845211705151074,1.2365469212394,2847.97846666667,1501,1002
-3.24623901445634,-0.0807835509380358,1.23202832379709,2848.01183333333,1501,1002
-3.23305510862539,-0.0786236220735339,1.22888957489502,2848.0452,1501,1002
-3.25052210040711,-0.0863524848366277,1.22970170246805,2848.07856666667,1501,1002
-3.25140795382612,-0.0891479027975471,1.22576062314444,2848.11193333333,1501,1002
-3.25840162801447,-0.0959298867727489,1.22505890613667,2848.1453,1501,1002
-3.25242907150175,-0.0971915396991923,1.22137987609158,2848.17866666667,1501,1002
-3.27747077112041,-0.107936724078022,1.22222773430619,2848.21203333333,1501,1002
-3.28354843669936,-0.121427058998031,1.22625723496956,2848.27876666667,1502,1002
-3.283279157207,-0.125074179957202,1.22794063825,2848.31213333333,1502,1002
-3.27811315095083,-0.126567843329851,1.22756855702739,2848.3455,1502,1002
-2.84252294560385,-1.04580003031213,1.50268283135848,2852.68316666667,1503,1003
-2.83259388646322,-1.04766679283734,1.50812401293842,2852.71653333333,1503,1003
-2.82554016607824,-1.05127314387769,1.51605265342192,2852.7499,1503,1003
-2.8311830567092,-1.06137734194102,1.5246825136921,2852.78326666667,1503,1003
-2.81357892477969,-1.056640352217,1.52414650678155,2852.81663333333,1503,1003
-2.82426749925984,-1.06976836377579,1.5340795823618,2852.85,1503,1003
-2.82085095161573,-1.07572995027365,1.53791071903862,2852.88336666667,1503,1003
-2.81179633796779,-1.07756407641935,1.54072004747619,2852.91673333333,1503,1003
-2.80292741627158,-1.0820727271492,1.5429042582964,2852.9501,1503,1003
-2.8066343669295,-1.09287852456871,1.54903107504023,2852.98346666667,1503,1003
-2.80884763484163,-1.10128663135408,1.55182300107896,2853.01683333333,1503,1003
-2.78573788579634,-1.09637696944032,1.55348977736173,2853.0502,1503,1003
-2.80761066157211,-1.11723359521083,1.56383593723321,2853.08356666667,1503,1003
-2.79146294677699,-1.11228019828362,1.56222531561264,2853.11693333333,1503,1003
-2.80395021273897,-1.13615568760859,1.57791265801343,2853.18366666667,1504,1003
16.1936341240891,-0.70825482057706,2.36959884486813,2855.51933333333,1505,1004
0.0288936631448882,3.7687637768344,1.18074969498234,2855.91973333333,1506,1005
0.023327506758545,3.76916193553245,1.18205194136127,2855.9531,1506,1005
0.0183209438094498,3.76781596767979,1.18222192910693,2855.98646666667,1506,1005
0.011332901270567,3.77003300492365,1.182519600417,2856.01983333333,1506,1005
0.00571037304422195,3.77067669682218,1.18254655389712,2856.0532,1506,1005
-0.0013860414654624,3.78596188853267,1.1860124983032,2856.08656666667,1506,1005
-0.00274823431147331,3.78371387796229,1.18495329799562,2856.11993333333,1506,1005
-0.00689196800340641,3.7962775971219,1.18560161965484,2856.1533,1506,1005
-0.0017335536799038,3.78802736748976,1.18080952285829,2856.18666666667,1506,1005
0.00378088807913035,3.78526106968326,1.1772626398909,2856.22003333333,1506,1005
0.00484878644718145,3.79737234065236,1.17696911433981,2856.2534,1506,1005
0.0122127404103908,3.79821081757107,1.17439708888394,2856.28676666667,1506,1005
0.0169322361093406,3.80553160948039,1.1730220665382,2856.32013333333,1506,1005
0.022060316699687,3.81053032216846,1.17138694438817,2856.3535,1506,1005
0.0311892752520734,3.80566469183051,1.16563693997883,2856.38686666667,1506,1005
0.0373940094902819,3.80484131453352,1.16123624795366,2856.42023333333,1506,1005
0.0449055662118445,3.79889334330455,1.1559074922543,2856.4536,1506,1005
0.049836442571965,3.79665527379807,1.1521869037932,2856.48696666667,1506,1005
0.0547539986238609,3.78833900642578,1.14621304167287,2856.52033333333,1506,1005
0.0570394909904445,3.78464942634007,1.14171753991114,2856.5537,1506,1005
0.0588859896537326,3.78433383603571,1.13927818730018,2856.58706666667,1506,1005
0.0608988903676007,3.78793194267191,1.13816456626795,2856.62043333333,1506,1005
0.069546066461496,3.77152200926374,1.13173589123908,2856.6538,1506,1005
0.0739716120477054,3.75749738320435,1.12748383705394,2856.68716666667,1506,1005
0.0749136913769118,3.75540093031576,1.12823885256516,2856.72053333333,1506,1005
0.0827175311522337,3.73455087616752,1.13049309755697,2856.78726666667,1507,1005
-0.126343431435653,-0.553081083277877,2.28990020947736,2857.7549,1508,1006
-0.0996568244408946,-0.54351095289487,2.29592982188865,2857.78826666667,1508,1006
-0.0652993484336846,-0.527548264425605,2.29765379624301,2857.82163333333,1508,1006
-0.0327137171350532,-0.516062569030753,2.30140825831022,2857.855,1508,1006
-0.000765572829547256,-0.504715692388081,2.30682998534195,2857.88836666667,1508,1006
0.0315973601618336,-0.491436701698668,2.3100906085778,2857.92173333333,1508,1006
0.0628663274205113,-0.480006648452018,2.31850562787666,2857.9551,1508,1006
0.0932746305384795,-0.466630035906826,2.32466517302741,2857.98846666667,1508,1006
0.122483947415565,-0.453669389511057,2.3328428617092,2858.02183333333,1508,1006
0.150687656047464,-0.438159088640427,2.33891577020645,2858.0552,1508,1006
0.178237761927018,-0.423671460895925,2.34535611975504,2858.08856666667,1508,1006
0.205172354994661,-0.409399775475921,2.3494072807669,2858.12193333333,1508,1006
0.229969882181839,-0.399001783449659,2.35738013561351,2858.1553,1508,1006
0.254789642371878,-0.385309379733084,2.35882085682912,2858.18866666667,1508,1006
0.278584277049077,-0.378472352633628,2.36833000744314,2858.22203333333,1508,1006
0.303782222522498,-0.365899486167575,2.37079686162388,2858.2554,1508,1006
0.326474283684478,-0.355728656726098,2.37537274522479,2858.28876666667,1508,1006
0.348888856323842,-0.345254923402034,2.38171011658581,2858.32213333333,1508,1006
0.371521199836841,-0.335799458448513,2.38768536007173,2858.3555,1508,1006
0.394504656846954,-0.326931467905128,2.39545282124085,2858.38886666667,1508,1006
0.417570464205153,-0.31576874544194,2.40041370448789,2858.42223333333,1508,1006
0.439165935825111,-0.305013568463602,2.4059894334317,2858.4556,1508,1006
0.460526854274509,-0.293622144129502,2.41239143509512,2858.48896666667,1508,1006
0.481349008105009,-0.284563030911044,2.4220109522207,2858.52233333333,1508,1006
0.503492724441218,-0.272820126794775,2.42694170642731,2858.5557,1508,1006
0.525848922626804,-0.26350722075443,2.43680582953257,2858.58906666667,1508,1006
0.548717527747289,-0.251636380278124,2.44350601570288,2858.62243333333,1508,1006
13.1540042931174,1.83847805675234,1.86190960009646,2858.02183333333,1509,1007
13.1837635333962,1.86744695512708,1.86300918131237,2858.0552,1509,1007
10.5395414796529,2.65897134116288,1.0061675299096,2860.72453333333,1510,1008
10.3998408014866,2.64882567842824,0.990461107616288,2860.7579,1510,1008
10.3984678079487,2.65843666255326,0.986184335953409,2860.79126666667,1510,1008
10.4663887489523,2.6804263674448,0.975544350477014,2860.82463333333,1510,1008
5.84553720553107,1.55945982500831,0.931289251258645,2866.2634,1511,1009
5.81047791681364,1.54996462386136,0.927021345431934,2866.29676666667,1511,1009
5.78445859408761,1.53772834076816,0.922456928863438,2866.33013333333,1511,1009
5.7360123230352,1.52159770554527,0.916970487521533,2866.3635,1511,1009
5.73166898522084,1.50643792642334,0.915063792663399,2866.39686666667,1511,1009
3.91164589377121,4.70393544210552,1.00782248222152,2867.53133333333,1512,1010
3.92018579947786,4.71249285132734,1.00839798227689,2867.5647,1512,1010
3.92519308092681,4.71795696806793,1.00732568903158,2867.59806666667,1512,1010
3.91912874895178,4.71082681666672,1.00657104223052,2867.63143333333,1512,1010
3.93618624047931,4.72671414016091,1.00779952045444,2867.6648,1512,1010
3.93534674441925,4.72217739563247,1.00759491028736,2867.69816666667,1512,1010
3.97439415916378,4.76454485607502,1.01355825269757,2867.73153333333,1512,1010
3.93201225239917,4.72277765544351,1.00595710160687,2867.7649,1512,1010
3.9768793966991,4.77182847941899,1.01103041455844,2867.79826666667,1512,1010
3.96119349054159,4.75950614103331,1.00681084066062,2867.83163333333,1512,1010
3.95573604040208,4.75690670243852,1.00428819934196,2867.865,1512,1010
3.95308017013669,4.75585892685365,1.00188304771714,2867.89836666667,1512,1010
3.96766559583865,4.77357928649451,1.00022726655207,2867.93173333333,1512,1010
3.97587983037661,4.78066632954452,0.996116227652641,2867.9651,1512,1010
3.95967397063909,4.76374701558301,0.991291667527768,2867.99846666667,1512,1010
3.97989907996167,4.79155378552019,0.991886090756893,2868.03183333333,1512,1010
3.9865708023277,4.79762381298876,0.989863032839016,2868.0652,1512,1010
3.97125901064607,4.78462474974945,0.982999327131092,2868.09856666667,1512,1010
3.96995765796223,4.78312450370401,0.979034284506632,2868.13193333333,1512,1010
4.18790865257885,0.783005924145284,0.960092666222542,2869.0662,1513,1011
4.17132898512406,0.785453875609506,0.96276678232677,2869.09956666667,1513,1011
4.15328898915769,0.785790695297599,0.964355125709925,2869.13293333333,1513,1011
4.13578314858453,0.784746955363578,0.965273403895588,2869.1663,1513,1011
4.11870908118271,0.781850262022417,0.964514989835059,2869.19966666667,1513,1011
4.11100527155773,0.780657976205734,0.96584600775336,2869.23303333333,1513,1011
2.09983218483142,0.440815232606305,0.902313877476326,2872.50296666667,1514,1012
2.06703346757321,0.449459694761856,0.903056316015722,2872.53633333333,1514,1012
2.02819064831414,0.457862593364096,0.904194252325152,2872.5697,1514,1012
1.98711517624483,0.470541496172391,0.906917358882285,2872.60306666667,1514,1012
1.94705197429947,0.484378245087027,0.909634936432072,2872.63643333333,1514,1012
1.90964585526179,0.496401878207732,0.912065472527836,2872.6698,1514,1012
1.87002570793255,0.510248806393435,0.915024130146503,2872.70316666667,1514,1012
1.82138160586104,0.525507717499723,0.917520196369865,2872.73653333333,1514,1012
1.78290091971026,0.541487552821018,0.920969317994725,2872.7699,1514,1012
1.74440555658419,0.557755814108946,0.924261228104757,2872.80326666667,1514,1012
1.71041358596744,0.572578198309649,0.928045198194433,2872.83663333333,1514,1012
1.6704523518625,0.587552532530347,0.931262080639598,2872.87,1514,1012
1.63124529328036,0.602192374707738,0.933150925121842,2872.90336666667,1514,1012
1.59409293877185,0.615546956666493,0.935018438890776,2872.93673333333,1514,1012
1.56035322948602,0.623380089687031,0.936173542561608,2872.9701,1514,1012
1.52458492441269,0.63050555210925,0.935638743361219,2873.00346666667,1514,1012
1.48992726989772,0.634670615976696,0.93574298944201,2873.03683333333,1514,1012
1.45509412695207,0.637385685604331,0.934548059821889,2873.0702,1514,1012
1.42432636718824,0.638811214434775,0.933500089421357,2873.10356666667,1514,1012
1.39281717076202,0.639327955287053,0.933673229440265,2873.13693333333,1514,1012
1.36375983308011,0.639824906436009,0.934245309872849,2873.1703,1514,1012
1.33697476562706,0.640604774871425,0.935869586264135,2873.20366666667,1514,1012
1.31125770445756,0.642869530821379,0.938445448500019,2873.23703333333,1514,1012
1.2844527715591,0.645878122941202,0.940381590879422,2873.2704,1514,1012
1.26114897445595,0.649575140533177,0.942790252588059,2873.30376666667,1514,1012
5.13836438435231,3.9673940463249,1.06322487922396,2873.5707,1515,1013
5.13949937285919,3.96390318839932,1.0630792834135,2873.60406666667,1515,1013
5.13674573108542,3.96198949153653,1.0609507158962,2873.63743333333,1515,1013
5.14044894278677,3.96342252420361,1.05926099837997,2873.6708,1515,1013
5.12227774653495,3.95227323583134,1.05572084394305,2873.70416666667,1515,1013
5.11127000245639,3.94533279902686,1.05378020701057,2873.73753333333,1515,1013
5.12571402919109,3.9592463812708,1.05173450003059,2873.7709,1515,1013
5.10694822717388,3.94700225793717,1.04704361411533,2873.80426666667,1515,1013
5.1197507963623,3.9612918270385,1.04544457192919,2873.83763333333,1515,1013
5.1184553200037,3.96585758230122,1.04143010234719,2873.871,1515,1013
5.08830564058221,3.95404465570539,1.03475268674481,2873.90436666667,1515,1013
5.09804909033589,3.96718242339684,1.03045935594517,2873.93773333333,1515,1013
5.09668185935182,3.96793892952512,1.02626893161469,2873.9711,1515,1013
5.09382318194885,3.96713066848989,1.02123044812317,2874.00446666667,1515,1013
5.09271185553387,3.95954904483199,1.01531707058091,2874.03783333333,1515,1013
5.0851204538089,3.94867171870035,1.00426518199626,2874.0712,1515,1013
5.08938201738436,3.94792548712673,0.999556384141483,2874.10456666667,1515,1013
5.11172276700905,3.95952152464512,0.99250422867931,2874.13793333333,1515,1013
5.10564488425168,3.95500463385864,0.987088720124758,2874.1713,1515,1013
5.08949158290801,3.93954000780273,0.977194778169809,2874.20466666667,1515,1013
-1.52075913440871,1.13799579960799,0.837257624359633,2876.90736666667,1516,1014
-1.53429449863788,1.14275092420073,0.842142717709755,2876.94073333333,1516,1014
-1.54941348229709,1.15038809023229,0.84750839255456,2876.9741,1516,1014
-1.56501878673033,1.1579556061337,0.851943008155622,2877.00746666667,1516,1014
-1.57736884342127,1.16486533118975,0.85596226340184,2877.04083333333,1516,1014
-1.59577924862826,1.1738000319953,0.859487124884808,2877.0742,1516,1014
-1.61133763840193,1.18043779320724,0.860618102523856,2877.10756666667,1516,1014
-1.64376241881761,1.1864378822195,0.860871633814762,2877.20766666667,1517,1014
-1.65420639422463,1.18399493106405,0.858760396549483,2877.24103333333,1517,1014
-1.67137454547203,1.18276927872578,0.856874896387826,2877.2744,1517,1014
-1.68903945610335,1.18475808015149,0.854660036272207,2877.30776666667,1517,1014
-1.70885563265651,1.18779481385742,0.85462616821504,2877.34113333333,1517,1014
-1.72565189403203,1.18875543787552,0.853526485404807,2877.3745,1517,1014
6.51275216855567,3.41675259102861,1.04364329031597,2878.50896666667,1518,1015
6.54569565662643,3.42488556887372,1.04278918316345,2878.54233333333,1518,1015
6.52936202018985,3.4175366586926,1.03862644579982,2878.5757,1518,1015
6.54215205105783,3.41868200204057,1.03823751938773,2878.60906666667,1518,1015
6.53486038666772,3.41429686617319,1.03281261375482,2878.64243333333,1518,1015
6.5478166219824,3.41671348218918,1.03158088470672,2878.6758,1518,1015
6.55973853150691,3.42183279888098,1.02478072834375,2878.70916666667,1518,1015
6.55873490035561,3.42139828281777,1.02168253161612,2878.74253333333,1518,1015
6.61620078214684,3.4391578405813,1.01969100411003,2878.7759,1518,1015
6.58300591564223,3.42368251386058,1.01301615215102,2878.80926666667,1518,1015
6.58609132279007,3.41958163503608,1.00822964428386,2878.84263333333,1518,1015
6.582565584255,3.41201641092819,1.00301442672967,2878.876,1518,1015
6.57531373983762,3.4013349363832,0.994814464528888,2878.90936666667,1518,1015
6.59152603060859,3.39992994096941,0.99216973039213,2878.94273333333,1518,1015
6.56896128054256,3.38343521916112,0.98708399734899,2878.9761,1518,1015
6.58555948914384,3.37472929419941,0.980097605181165,2879.04283333333,1519,1015
6.59263243911071,3.37679889737868,0.976702074702817,2879.0762,1519,1015
6.61173446867383,3.37750865298404,0.972848672819155,2879.14293333333,1520,1015
4.48931411493942,5.03345204487692,1.43596845764064,2884.4816,1521,1016
4.50015339647526,5.06685053558522,1.43852827737559,2884.51496666667,1521,1016
4.44612965871418,5.0366362412678,1.43018565847276,2884.54833333333,1521,1016
4.47127215252958,5.08480139796167,1.43963588918317,2884.5817,1521,1016
4.46012540178719,5.09943354596904,1.44375094178234,2884.61506666667,1521,1016
4.43659197939069,5.10270603134761,1.44772373980494,2884.64843333333,1521,1016
4.42616859377546,5.12218954236284,1.45428687173378,2884.6818,1521,1016
4.41918471624754,5.14865906911863,1.4640591739672,2884.71516666667,1521,1016
4.37602878623611,5.13343066832077,1.46714488135537,2884.74853333333,1521,1016
4.37713153890333,5.15992815625166,1.47931206944384,2884.7819,1521,1016
4.37661491333295,5.17823986010056,1.48986647961341,2884.81526666667,1521,1016
4.32986775586941,5.14421679866444,1.49023537107408,2884.84863333333,1521,1016
4.34492637170425,5.17022352398882,1.50441867275624,2884.882,1521,1016
4.3386364769118,5.17473748057697,1.51446776224123,2884.91536666667,1521,1016
4.33112771878903,5.16834984955783,1.51927241203954,2884.94873333333,1521,1016
4.34493850196709,5.18579205949394,1.53275774049875,2884.9821,1521,1016
4.3483656502466,5.19074736263724,1.54129891542225,2885.01546666667,1521,1016
4.35166097145702,5.19757713121738,1.55022828761891,2885.04883333333,1521,1016
4.34269926126205,5.19530869883522,1.55625636715644,2885.0822,1521,1016
4.38636411596202,5.24876875344509,1.57444861503148,2885.11556666667,1521,1016
4.39240858119038,5.26502924992894,1.58351325810733,2885.14893333333,1521,1016
0.583900499214625,1.55616745415691,0.924678193230983,3011.3083,1522,1017
-2.81722536043521,0.955349770489441,1.27037654224164,3030.89453333333,1523,1018
16.1927655468011,2.80065370523158,0.657609340216516,3060.22383333333,1524,1019
17.1788511784428,2.85293107110837,0.671247526900397,3060.29056666667,1525,1019
17.7048095526805,2.89202662375171,0.675426364755687,3060.32393333333,1526,1019
7.24555801058879,0.598572938258977,0.66214509112879,3061.09136666667,1527,1020
16.7825458870704,1.82181723063428,0.735477747751727,3061.12473333333,1528,1021
5.24825615155297,0.921751873115174,0.656048809804564,3061.22483333333,1529,1022
5.33909782471222,0.912413625941468,0.659352863332633,3061.2582,1529,1022
2.12989652658052,0.673009538714581,0.630286873794994,3061.59186666667,1530,1023
2.25191545512388,0.585148787353094,0.630433405090376,3061.8588,1531,1023
2.1860735554187,0.584445593943814,0.629747947826953,3061.9589,1532,1023
2.14535348989731,0.61415416962895,0.632043556636861,3062.5595,1533,1023
2.29872761332751,0.507309388925123,0.640300714906085,3062.6596,1535,1023
1.71372289257565,0.536600213572756,0.635053044329699,3062.72633333333,1536,1023
2.3065042990275,0.494140478139383,0.642032998684829,3062.7597,1537,1023
2.30451986563916,0.49884817624176,0.64238366799058,3062.79306666667,1537,1023
1.70716794112434,0.546044928887177,0.679276326560131,3062.79306666667,1538,1023
2.30950346722966,0.495385358698089,0.641634728438812,3062.82643333333,1537,1023
12.4847901520356,-12.0314085412306,1.82400670133515,3062.62623333333,1534,1024
-0.34069809080215,0.239230530379593,0.732073454570626,3065.29556666667,1539,1025
-0.34500355439985,0.236728007812291,0.734734736909525,3065.3623,1540,1025
0.122370045702496,0.416657464161756,0.644412028802197,3065.42903333333,1541,1025
-0.346739388306326,0.234504089798728,0.731262172669748,3065.52913333333,1542,1025
-0.838430415222832,-0.36998763814457,0.806851713105544,3065.5625,1543,1025
-0.831152528586889,-0.370700919950666,0.79083779013276,3065.6626,1544,1025
0.124716258734384,0.418099999302194,0.646643310569094,3065.69596666667,1545,1025
-0.847242551237429,-0.382815240672025,0.801209874936678,3065.72933333333,1546,1025
-0.338436066443887,0.240955526675528,0.717727851701861,3065.8628,1547,1025
-0.340590868596815,0.239282682144206,0.719100722435777,3065.99626666667,1548,1025
-0.403988270806203,-0.545196063521921,0.743657898409789,3065.99626666667,1549,1025
0.0189880599877652,0.226907157761553,0.705978763398915,3070.3673,1550,1026
-7.44777012615427,0.792925312761881,0.903329713537059,3074.4714,1551,1027
-7.60397660643381,0.867647920176667,0.902474161330182,3074.5715,1553,1027
-7.68422106172394,0.894478440928773,0.902605759073548,3074.60486666667,1553,1027
-7.73591348884805,0.9164348703164,0.90337809038771,3074.63823333333,1553,1027
-8.11277248077009,1.06362593226114,0.9020087960407,3074.83843333333,1555,1027
-8.76167575493491,1.26945396444555,0.905781001763095,3075.10536666667,1556,1027
-5.25406610799602,1.03887766759077,0.795142421349922,3074.50476666667,1552,1028
-5.53854906058237,1.16703264408728,0.790018975088986,3074.73833333333,1554,1028
0.665213388531521,1.58443222178462,0.641608740689217,3125.98953333333,1557,1029
0.664712530418793,1.58407144548001,0.643160283683818,3126.0229,1557,1029
0.664977766396911,1.58372702020113,0.644686379355391,3126.05626666667,1557,1029
0.666035724134594,1.58357462592524,0.646175587540945,3126.08963333333,1557,1029
0.666881269776334,1.58339240813274,0.647588662182275,3126.123,1557,1029
0.66802097679031,1.58309052802665,0.648939274486379,3126.15636666667,1557,1029
0.669211961986279,1.58289161344966,0.650212736489591,3126.18973333333,1557,1029
0.670032322103452,1.58269702525826,0.651630278112686,3126.2231,1557,1029
0.715065121822054,1.59764093796526,0.802371394522985,3126.79033333333,1558,1029
-0.701130805922554,1.70806861565788,0.881609800753843,3240.1369,1559,1030
-0.710925321091499,1.70992258277921,0.885503650928619,3240.17026666667,1559,1030
-0.721005271896021,1.71118033241749,0.889481457743229,3240.20363333333,1559,1030
-0.730687395259379,1.71278532284978,0.893008736114244,3240.237,1559,1030
-0.738094489095827,1.71519355912417,0.897278561930116,3240.27036666667,1559,1030
-0.742846662377187,1.71604496144346,0.900498691843159,3240.30373333333,1559,1030
-0.747270744204417,1.71707046324276,0.903164209510691,3240.3371,1559,1030
-0.752916320223602,1.71923434372574,0.906100666881547,3240.37046666667,1559,1030
-0.758886883694321,1.72140043656078,0.90906260090201,3240.40383333333,1559,1030
-0.765099862200221,1.72378148800647,0.912075073943734,3240.4372,1559,1030
-0.771484125637323,1.72646490738844,0.914779107717518,3240.47056666667,1559,1030
-0.775454112207896,1.72735497270694,0.915838708491207,3240.50393333333,1559,1030
-0.783219918098056,1.73122032111262,0.919398726449762,3240.5373,1559,1030
-0.785805901586031,1.73257194847712,0.920680176810102,3240.57066666667,1559,1030
-0.786066908158051,1.7345751394962,0.922429053350083,3240.60403333333,1559,1030
-0.786694304363566,1.73640262574499,0.924030050683304,3240.6374,1559,1030
-0.779915783471587,1.73655997291054,0.923936766165756,3240.67076666667,1559,1030
-0.774827485560089,1.73805776179899,0.925453411053114,3240.70413333333,1559,1030
0.889387230720283,1.66301328046253,0.65368480345374,3277.40746666667,1560,1031
0.865358805150744,1.56450315332883,0.650050712989737,3277.80786666667,1561,1031
0.830502799684083,1.61468953946289,0.740186270379924,3277.9747,1562,1031
0.750355358408806,1.60585145436764,0.657090232994854,3282.64603333333,1563,1032
0.750781499458874,1.60591237283283,0.656880492297484,3282.6794,1563,1032
0.751420253996008,1.60591225799482,0.656817196547558,3282.71276666667,1563,1032
0.587260299723961,0.642613184413826,0.711624706222205,3431.8284,1564,1033
0.588282580414657,0.642784656648557,0.712535080401677,3431.89513333333,1565,1033
0.58880156893392,0.642661382917182,0.712595158361301,3431.9285,1565,1033
0.589559229219504,0.642630077760364,0.712958396329837,3431.96186666667,1565,1033
1.37823730532055,0.915984455207729,0.705428163893859,3459.78966666667,1566,1034
1.38020507527147,0.916414207560933,0.7057252337455,3459.82303333333,1566,1034
1.38215685836149,0.917221543770354,0.706097297658805,3459.8564,1566,1034
1.38322880354898,0.918158526443858,0.706270958194384,3459.88976666667,1566,1034
0.883072297711545,1.57841714071426,0.586058134398801,3554.48426666667,1567,1035
0.83988485262378,1.4864798045916,0.702829510108453,3594.85793333333,1568,1036
0.839324278489378,1.48752114591979,0.702235688225131,3594.8913,1568,1036
0.854983430243108,1.58775998117908,0.627841878176374,3595.22496666667,1569,1036
0.668432038897664,1.62539579296916,0.49060010729425,3952.0481,1570,1037
0.668547370252808,1.62526444241709,0.490551765954276,3952.08146666667,1570,1037
0.667493946008159,1.62531925053761,0.490221743061636,3952.11483333333,1570,1037
0.731643703683863,1.6108708838071,0.500174752411505,3972.70206666667,1571,1038
0.731639148471508,1.61090539643334,0.500295940936151,3972.83553333333,1572,1038
0.739027098272025,1.56431432449431,0.466475581094399,3973.00236666667,1573,1038
0.731617094021272,1.61090421863425,0.500295238156797,3973.0691,1574,1038
0.731215172735383,1.61089120629133,0.500313178224281,3973.1692,1575,1038
0.691344899934841,1.6919708424635,0.438075279065189,4131.7276,1576,1039
0.465496698062057,0.760548969167089,0.844956412148657,4249.8456,1577,1040
0.699735589351245,1.60990316917829,0.509576796084066,4323.08543333333,1578,1041
0.699735875969816,1.60999659201442,0.509952329299937,4323.18553333333,1579,1041
7.81089455122201,3.98609417257983,0.556322034040559,4348.21053333333,1580,1042
6.65370055688893,3.7447586542282,0.525948786537698,4348.21053333333,1581,1043
6.05467820257798,3.47901800504817,0.533963415006072,4348.41073333333,1582,1043
5.68260757207127,3.63792328737541,0.527244069915405,4349.11143333333,1583,1043
5.75892947395929,3.68308811304694,0.526740780862526,4349.1448,1583,1043
6.01744740522577,4.05315757238408,0.498546597816835,4349.1448,1584,1043
5.72433527757164,3.71157036026313,0.524017400169667,4349.2449,1585,1043
5.92740531706423,3.84129654274224,0.52369720195801,4349.345,1586,1043
5.9285187635817,3.87010827868637,0.522978312072038,4349.41173333333,1587,1043
5.99502706476713,4.12662836359506,0.497846486737298,4349.41173333333,1588,1043
5.80751306365174,3.83137240668228,0.521564380262171,4349.4451,1587,1043
5.82246863163475,3.85165091107356,0.520780959292029,4349.47846666667,1587,1043
5.82393074934885,3.95096712868937,0.518607997878173,4349.71203333333,1591,1043
5.98198315398358,4.23709098068921,0.511428403637871,4350.21253333333,1592,1043
5.70730991520176,4.10473032668332,0.513496714759392,4350.2459,1593,1043
5.9002657948583,4.23792921694931,0.509399113817231,4350.31263333333,1594,1043
5.7711549392621,4.19880156176002,0.511491162019761,4350.37936666667,1595,1043
6.03125537783818,4.36232982212616,0.506906733343449,4350.4461,1596,1043
5.85589330833603,4.28110294635423,0.508703356177062,4350.47946666667,1596,1043
5.86759296439558,4.29736966510876,0.50823153663999,4350.51283333333,1596,1043
5.86108786089544,4.30651057924914,0.508108445793934,4350.5462,1596,1043
5.98118750008033,4.38709682873457,0.506950890228663,4350.57956666667,1596,1043
5.96198642479125,4.38769778157645,0.506743503867393,4350.61293333333,1596,1043
7.41131858182352,4.86535066693257,0.475032677486084,4349.57856666667,1589,1044
7.48479382400486,4.92433648437953,0.472792016222887,4349.61193333333,1589,1044
7.54660460089437,4.99369047610849,0.469567331791128,4349.67866666667,1590,1044
